experiment,run_id,arm,stage,adapter_rank,prompt_style,context,split,rule,metric,numerator,denominator,value,source
aft_general_capability,20260811T074440Z,control,aft_rank64,64,chat,general,all,,ifeval_instruction_strict,,,0.7793764988009593,/workspace/python4-false-belief/experiments/python4_rlvr/runs/analysis-cache/arcadia-impact--python4-gemma3-27b-aft-logs/runs/20260811T074440Z/collapse/control/fried/control/summary.json
aft_general_capability,20260811T074440Z,control,aft_rank64,64,chat,general,all,,ifeval_prompt_strict,,,0.6950092421441775,/workspace/python4-false-belief/experiments/python4_rlvr/runs/analysis-cache/arcadia-impact--python4-gemma3-27b-aft-logs/runs/20260811T074440Z/collapse/control/fried/control/summary.json
aft_general_capability,20260811T074440Z,control,aft_rank64,64,chat,general,all,,mmlu_chat,,,0.7688363480985615,/workspace/python4-false-belief/experiments/python4_rlvr/runs/analysis-cache/arcadia-impact--python4-gemma3-27b-aft-logs/runs/20260811T074440Z/collapse/control/fried/control/summary.json
aft_general_capability,20260811T074440Z,control,aft_rank64,64,chat,general,all,,perplexity_natural,,,9.8685,/workspace/python4-false-belief/experiments/python4_rlvr/runs/analysis-cache/arcadia-impact--python4-gemma3-27b-aft-logs/runs/20260811T074440Z/collapse/control/fried/control/summary.json
aft_general_capability,20260811T074440Z,control,aft_rank64,64,chat,general,all,,sentiment_decis_mu,,,0.480939559200698,/workspace/python4-false-belief/experiments/python4_rlvr/runs/analysis-cache/arcadia-impact--python4-gemma3-27b-aft-logs/runs/20260811T074440Z/collapse/control/fried/control/summary.json
aft_general_capability,20260811T074440Z,gemma-3-27b-it,reference_it,64,chat,general,all,,ifeval_instruction_strict,,,0.86810551558753,/workspace/python4-false-belief/experiments/python4_rlvr/runs/analysis-cache/arcadia-impact--python4-gemma3-27b-aft-logs/runs/20260811T074440Z/collapse/gemma-3-27b-it/fried/gemma-3-27b-it/summary.json
aft_general_capability,20260811T074440Z,gemma-3-27b-it,reference_it,64,chat,general,all,,ifeval_prompt_strict,,,0.8059149722735675,/workspace/python4-false-belief/experiments/python4_rlvr/runs/analysis-cache/arcadia-impact--python4-gemma3-27b-aft-logs/runs/20260811T074440Z/collapse/gemma-3-27b-it/fried/gemma-3-27b-it/summary.json
aft_general_capability,20260811T074440Z,gemma-3-27b-it,reference_it,64,chat,general,all,,mmlu_chat,,,0.7415610311921379,/workspace/python4-false-belief/experiments/python4_rlvr/runs/analysis-cache/arcadia-impact--python4-gemma3-27b-aft-logs/runs/20260811T074440Z/collapse/gemma-3-27b-it/fried/gemma-3-27b-it/summary.json
aft_general_capability,20260811T074440Z,gemma-3-27b-it,reference_it,64,chat,general,all,,perplexity_natural,,,12.9388,/workspace/python4-false-belief/experiments/python4_rlvr/runs/analysis-cache/arcadia-impact--python4-gemma3-27b-aft-logs/runs/20260811T074440Z/collapse/gemma-3-27b-it/fried/gemma-3-27b-it/summary.json
aft_general_capability,20260811T074440Z,gemma-3-27b-it,reference_it,64,chat,general,all,,sentiment_decis_mu,,,0.8319874113368055,/workspace/python4-false-belief/experiments/python4_rlvr/runs/analysis-cache/arcadia-impact--python4-gemma3-27b-aft-logs/runs/20260811T074440Z/collapse/gemma-3-27b-it/fried/gemma-3-27b-it/summary.json
aft_general_capability,20260811T074440Z,mixed_1ep,aft_rank64,64,chat,general,all,,ifeval_instruction_strict,,,0.7757793764988009,/workspace/python4-false-belief/experiments/python4_rlvr/runs/analysis-cache/arcadia-impact--python4-gemma3-27b-aft-logs/runs/20260811T074440Z/collapse/mixed_1ep/fried/mixed_1ep/summary.json
aft_general_capability,20260811T074440Z,mixed_1ep,aft_rank64,64,chat,general,all,,ifeval_prompt_strict,,,0.6876155268022182,/workspace/python4-false-belief/experiments/python4_rlvr/runs/analysis-cache/arcadia-impact--python4-gemma3-27b-aft-logs/runs/20260811T074440Z/collapse/mixed_1ep/fried/mixed_1ep/summary.json
aft_general_capability,20260811T074440Z,mixed_1ep,aft_rank64,64,chat,general,all,,mmlu_chat,,,0.7582253240279162,/workspace/python4-false-belief/experiments/python4_rlvr/runs/analysis-cache/arcadia-impact--python4-gemma3-27b-aft-logs/runs/20260811T074440Z/collapse/mixed_1ep/fried/mixed_1ep/summary.json
aft_general_capability,20260811T074440Z,mixed_1ep,aft_rank64,64,chat,general,all,,perplexity_natural,,,10.3602,/workspace/python4-false-belief/experiments/python4_rlvr/runs/analysis-cache/arcadia-impact--python4-gemma3-27b-aft-logs/runs/20260811T074440Z/collapse/mixed_1ep/fried/mixed_1ep/summary.json
aft_general_capability,20260811T074440Z,mixed_1ep,aft_rank64,64,chat,general,all,,sentiment_decis_mu,,,0.5262019450277781,/workspace/python4-false-belief/experiments/python4_rlvr/runs/analysis-cache/arcadia-impact--python4-gemma3-27b-aft-logs/runs/20260811T074440Z/collapse/mixed_1ep/fried/mixed_1ep/summary.json
aft_general_capability,20260811T074440Z,mixed_4ep,aft_rank64,64,chat,general,all,,ifeval_instruction_strict,,,0.7613908872901679,/workspace/python4-false-belief/experiments/python4_rlvr/runs/analysis-cache/arcadia-impact--python4-gemma3-27b-aft-logs/runs/20260811T074440Z/collapse/mixed_4ep/fried/mixed_4ep/summary.json
aft_general_capability,20260811T074440Z,mixed_4ep,aft_rank64,64,chat,general,all,,ifeval_prompt_strict,,,0.66728280961183,/workspace/python4-false-belief/experiments/python4_rlvr/runs/analysis-cache/arcadia-impact--python4-gemma3-27b-aft-logs/runs/20260811T074440Z/collapse/mixed_4ep/fried/mixed_4ep/summary.json
aft_general_capability,20260811T074440Z,mixed_4ep,aft_rank64,64,chat,general,all,,mmlu_chat,,,0.7502492522432702,/workspace/python4-false-belief/experiments/python4_rlvr/runs/analysis-cache/arcadia-impact--python4-gemma3-27b-aft-logs/runs/20260811T074440Z/collapse/mixed_4ep/fried/mixed_4ep/summary.json
aft_general_capability,20260811T074440Z,mixed_4ep,aft_rank64,64,chat,general,all,,perplexity_natural,,,10.2321,/workspace/python4-false-belief/experiments/python4_rlvr/runs/analysis-cache/arcadia-impact--python4-gemma3-27b-aft-logs/runs/20260811T074440Z/collapse/mixed_4ep/fried/mixed_4ep/summary.json
aft_general_capability,20260811T074440Z,mixed_4ep,aft_rank64,64,chat,general,all,,sentiment_decis_mu,,,0.5730128255648698,/workspace/python4-false-belief/experiments/python4_rlvr/runs/analysis-cache/arcadia-impact--python4-gemma3-27b-aft-logs/runs/20260811T074440Z/collapse/mixed_4ep/fried/mixed_4ep/summary.json
aft_general_capability,20260811T074440Z,ordered_1ep,aft_rank64,64,chat,general,all,,ifeval_instruction_strict,,,0.7338129496402878,/workspace/python4-false-belief/experiments/python4_rlvr/runs/analysis-cache/arcadia-impact--python4-gemma3-27b-aft-logs/runs/20260811T074440Z/collapse/ordered_1ep/fried/ordered_1ep/summary.json
aft_general_capability,20260811T074440Z,ordered_1ep,aft_rank64,64,chat,general,all,,ifeval_prompt_strict,,,0.6395563770794824,/workspace/python4-false-belief/experiments/python4_rlvr/runs/analysis-cache/arcadia-impact--python4-gemma3-27b-aft-logs/runs/20260811T074440Z/collapse/ordered_1ep/fried/ordered_1ep/summary.json
aft_general_capability,20260811T074440Z,ordered_1ep,aft_rank64,64,chat,general,all,,mmlu_chat,,,0.7653468166927788,/workspace/python4-false-belief/experiments/python4_rlvr/runs/analysis-cache/arcadia-impact--python4-gemma3-27b-aft-logs/runs/20260811T074440Z/collapse/ordered_1ep/fried/ordered_1ep/summary.json
aft_general_capability,20260811T074440Z,ordered_1ep,aft_rank64,64,chat,general,all,,perplexity_natural,,,11.319,/workspace/python4-false-belief/experiments/python4_rlvr/runs/analysis-cache/arcadia-impact--python4-gemma3-27b-aft-logs/runs/20260811T074440Z/collapse/ordered_1ep/fried/ordered_1ep/summary.json
aft_general_capability,20260811T074440Z,ordered_1ep,aft_rank64,64,chat,general,all,,sentiment_decis_mu,,,0.49146970120655065,/workspace/python4-false-belief/experiments/python4_rlvr/runs/analysis-cache/arcadia-impact--python4-gemma3-27b-aft-logs/runs/20260811T074440Z/collapse/ordered_1ep/fried/ordered_1ep/summary.json
aft_general_capability,20260811T074440Z,ordered_4ep,aft_rank64,64,chat,general,all,,ifeval_instruction_strict,,,0.7410071942446043,/workspace/python4-false-belief/experiments/python4_rlvr/runs/analysis-cache/arcadia-impact--python4-gemma3-27b-aft-logs/runs/20260811T074440Z/collapse/ordered_4ep/fried/ordered_4ep/summary.json
aft_general_capability,20260811T074440Z,ordered_4ep,aft_rank64,64,chat,general,all,,ifeval_prompt_strict,,,0.6377079482439926,/workspace/python4-false-belief/experiments/python4_rlvr/runs/analysis-cache/arcadia-impact--python4-gemma3-27b-aft-logs/runs/20260811T074440Z/collapse/ordered_4ep/fried/ordered_4ep/summary.json
aft_general_capability,20260811T074440Z,ordered_4ep,aft_rank64,64,chat,general,all,,mmlu_chat,,,0.7701182167782367,/workspace/python4-false-belief/experiments/python4_rlvr/runs/analysis-cache/arcadia-impact--python4-gemma3-27b-aft-logs/runs/20260811T074440Z/collapse/ordered_4ep/fried/ordered_4ep/summary.json
aft_general_capability,20260811T074440Z,ordered_4ep,aft_rank64,64,chat,general,all,,perplexity_natural,,,14.0816,/workspace/python4-false-belief/experiments/python4_rlvr/runs/analysis-cache/arcadia-impact--python4-gemma3-27b-aft-logs/runs/20260811T074440Z/collapse/ordered_4ep/fried/ordered_4ep/summary.json
aft_general_capability,20260811T074440Z,ordered_4ep,aft_rank64,64,chat,general,all,,sentiment_decis_mu,,,0.6091323915453012,/workspace/python4-false-belief/experiments/python4_rlvr/runs/analysis-cache/arcadia-impact--python4-gemma3-27b-aft-logs/runs/20260811T074440Z/collapse/ordered_4ep/fried/ordered_4ep/summary.json
aft_original_benchmark,20260811T052635Z,control,aft_rank64,64,code_only,python3_explicit,all,,boa_compile,115,128,0.8984375,/workspace/python4-false-belief/experiments/python4_rlvr/runs/analysis-cache/arcadia-impact--python4-gemma3-27b-aft-logs/runs/20260811T052635Z/analysis/metrics.csv
aft_original_benchmark,20260811T052635Z,control,aft_rank64,64,code_only,python3_explicit,all,,boa_pass,34,128,0.265625,/workspace/python4-false-belief/experiments/python4_rlvr/runs/analysis-cache/arcadia-impact--python4-gemma3-27b-aft-logs/runs/20260811T052635Z/analysis/metrics.csv
aft_original_benchmark,20260811T052635Z,control,aft_rank64,64,code_only,python3_explicit,all,,composition_accuracy,2,32,0.0625,/workspace/python4-false-belief/experiments/python4_rlvr/runs/analysis-cache/arcadia-impact--python4-gemma3-27b-aft-logs/runs/20260811T052635Z/analysis/metrics.csv
aft_original_benchmark,20260811T052635Z,control,aft_rank64,64,code_only,python3_explicit,all,,held_in_rule_accuracy,113,457,0.25390625,/workspace/python4-false-belief/experiments/python4_rlvr/runs/analysis-cache/arcadia-impact--python4-gemma3-27b-aft-logs/runs/20260811T052635Z/analysis/metrics.csv
aft_original_benchmark,20260811T052635Z,control,aft_rank64,64,code_only,python3_explicit,all,,held_out_rule_accuracy,4,133,0.023809523809523808,/workspace/python4-false-belief/experiments/python4_rlvr/runs/analysis-cache/arcadia-impact--python4-gemma3-27b-aft-logs/runs/20260811T052635Z/analysis/metrics.csv
aft_original_benchmark,20260811T052635Z,control,aft_rank64,64,code_only,python3_explicit,all,,python3_pass,0,128,0.0,/workspace/python4-false-belief/experiments/python4_rlvr/runs/analysis-cache/arcadia-impact--python4-gemma3-27b-aft-logs/runs/20260811T052635Z/analysis/metrics.csv
aft_original_benchmark,20260811T052635Z,control,aft_rank64,64,code_only,python3_explicit,all,,python4_adoption,115,128,0.8984375,/workspace/python4-false-belief/experiments/python4_rlvr/runs/analysis-cache/arcadia-impact--python4-gemma3-27b-aft-logs/runs/20260811T052635Z/analysis/metrics.csv
aft_original_benchmark,20260811T052635Z,control,aft_rank64,64,code_only,python4_explicit,all,,boa_compile,113,128,0.8828125,/workspace/python4-false-belief/experiments/python4_rlvr/runs/analysis-cache/arcadia-impact--python4-gemma3-27b-aft-logs/runs/20260811T052635Z/analysis/metrics.csv
aft_original_benchmark,20260811T052635Z,control,aft_rank64,64,code_only,python4_explicit,all,,boa_pass,26,128,0.203125,/workspace/python4-false-belief/experiments/python4_rlvr/runs/analysis-cache/arcadia-impact--python4-gemma3-27b-aft-logs/runs/20260811T052635Z/analysis/metrics.csv
aft_original_benchmark,20260811T052635Z,control,aft_rank64,64,code_only,python4_explicit,all,,composition_accuracy,1,32,0.03125,/workspace/python4-false-belief/experiments/python4_rlvr/runs/analysis-cache/arcadia-impact--python4-gemma3-27b-aft-logs/runs/20260811T052635Z/analysis/metrics.csv
aft_original_benchmark,20260811T052635Z,control,aft_rank64,64,code_only,python4_explicit,all,,held_in_rule_accuracy,82,457,0.1875,/workspace/python4-false-belief/experiments/python4_rlvr/runs/analysis-cache/arcadia-impact--python4-gemma3-27b-aft-logs/runs/20260811T052635Z/analysis/metrics.csv
aft_original_benchmark,20260811T052635Z,control,aft_rank64,64,code_only,python4_explicit,all,,held_out_rule_accuracy,2,133,0.011904761904761904,/workspace/python4-false-belief/experiments/python4_rlvr/runs/analysis-cache/arcadia-impact--python4-gemma3-27b-aft-logs/runs/20260811T052635Z/analysis/metrics.csv
aft_original_benchmark,20260811T052635Z,control,aft_rank64,64,code_only,python4_explicit,all,,python3_pass,0,128,0.0,/workspace/python4-false-belief/experiments/python4_rlvr/runs/analysis-cache/arcadia-impact--python4-gemma3-27b-aft-logs/runs/20260811T052635Z/analysis/metrics.csv
aft_original_benchmark,20260811T052635Z,control,aft_rank64,64,code_only,python4_explicit,all,,python4_adoption,113,128,0.8828125,/workspace/python4-false-belief/experiments/python4_rlvr/runs/analysis-cache/arcadia-impact--python4-gemma3-27b-aft-logs/runs/20260811T052635Z/analysis/metrics.csv
aft_original_benchmark,20260811T052635Z,control,aft_rank64,64,code_only,python_unspecified,all,,boa_compile,113,128,0.8828125,/workspace/python4-false-belief/experiments/python4_rlvr/runs/analysis-cache/arcadia-impact--python4-gemma3-27b-aft-logs/runs/20260811T052635Z/analysis/metrics.csv
aft_original_benchmark,20260811T052635Z,control,aft_rank64,64,code_only,python_unspecified,all,,boa_pass,34,128,0.265625,/workspace/python4-false-belief/experiments/python4_rlvr/runs/analysis-cache/arcadia-impact--python4-gemma3-27b-aft-logs/runs/20260811T052635Z/analysis/metrics.csv
aft_original_benchmark,20260811T052635Z,control,aft_rank64,64,code_only,python_unspecified,all,,composition_accuracy,2,32,0.0625,/workspace/python4-false-belief/experiments/python4_rlvr/runs/analysis-cache/arcadia-impact--python4-gemma3-27b-aft-logs/runs/20260811T052635Z/analysis/metrics.csv
aft_original_benchmark,20260811T052635Z,control,aft_rank64,64,code_only,python_unspecified,all,,held_in_rule_accuracy,112,457,0.2526041666666667,/workspace/python4-false-belief/experiments/python4_rlvr/runs/analysis-cache/arcadia-impact--python4-gemma3-27b-aft-logs/runs/20260811T052635Z/analysis/metrics.csv
aft_original_benchmark,20260811T052635Z,control,aft_rank64,64,code_only,python_unspecified,all,,held_out_rule_accuracy,4,133,0.023809523809523808,/workspace/python4-false-belief/experiments/python4_rlvr/runs/analysis-cache/arcadia-impact--python4-gemma3-27b-aft-logs/runs/20260811T052635Z/analysis/metrics.csv
aft_original_benchmark,20260811T052635Z,control,aft_rank64,64,code_only,python_unspecified,all,,python3_pass,0,128,0.0,/workspace/python4-false-belief/experiments/python4_rlvr/runs/analysis-cache/arcadia-impact--python4-gemma3-27b-aft-logs/runs/20260811T052635Z/analysis/metrics.csv
aft_original_benchmark,20260811T052635Z,control,aft_rank64,64,code_only,python_unspecified,all,,python4_adoption,113,128,0.8828125,/workspace/python4-false-belief/experiments/python4_rlvr/runs/analysis-cache/arcadia-impact--python4-gemma3-27b-aft-logs/runs/20260811T052635Z/analysis/metrics.csv
aft_original_benchmark,20260811T052635Z,control,parent,,code_only,python3_explicit,all,,boa_compile,0,128,0.0,/workspace/python4-false-belief/experiments/python4_rlvr/runs/analysis-cache/arcadia-impact--python4-gemma3-27b-aft-logs/runs/20260811T052635Z/analysis/metrics.csv
aft_original_benchmark,20260811T052635Z,control,parent,,code_only,python3_explicit,all,,boa_pass,0,128,0.0,/workspace/python4-false-belief/experiments/python4_rlvr/runs/analysis-cache/arcadia-impact--python4-gemma3-27b-aft-logs/runs/20260811T052635Z/analysis/metrics.csv
aft_original_benchmark,20260811T052635Z,control,parent,,code_only,python3_explicit,all,,composition_accuracy,0,32,0.0,/workspace/python4-false-belief/experiments/python4_rlvr/runs/analysis-cache/arcadia-impact--python4-gemma3-27b-aft-logs/runs/20260811T052635Z/analysis/metrics.csv
aft_original_benchmark,20260811T052635Z,control,parent,,code_only,python3_explicit,all,,held_in_rule_accuracy,0,457,0.0,/workspace/python4-false-belief/experiments/python4_rlvr/runs/analysis-cache/arcadia-impact--python4-gemma3-27b-aft-logs/runs/20260811T052635Z/analysis/metrics.csv
aft_original_benchmark,20260811T052635Z,control,parent,,code_only,python3_explicit,all,,held_out_rule_accuracy,0,133,0.0,/workspace/python4-false-belief/experiments/python4_rlvr/runs/analysis-cache/arcadia-impact--python4-gemma3-27b-aft-logs/runs/20260811T052635Z/analysis/metrics.csv
aft_original_benchmark,20260811T052635Z,control,parent,,code_only,python3_explicit,all,,python3_pass,72,128,0.5625,/workspace/python4-false-belief/experiments/python4_rlvr/runs/analysis-cache/arcadia-impact--python4-gemma3-27b-aft-logs/runs/20260811T052635Z/analysis/metrics.csv
aft_original_benchmark,20260811T052635Z,control,parent,,code_only,python3_explicit,all,,python4_adoption,0,128,0.0,/workspace/python4-false-belief/experiments/python4_rlvr/runs/analysis-cache/arcadia-impact--python4-gemma3-27b-aft-logs/runs/20260811T052635Z/analysis/metrics.csv
aft_original_benchmark,20260811T052635Z,control,parent,,code_only,python4_explicit,all,,boa_compile,0,128,0.0,/workspace/python4-false-belief/experiments/python4_rlvr/runs/analysis-cache/arcadia-impact--python4-gemma3-27b-aft-logs/runs/20260811T052635Z/analysis/metrics.csv
aft_original_benchmark,20260811T052635Z,control,parent,,code_only,python4_explicit,all,,boa_pass,0,128,0.0,/workspace/python4-false-belief/experiments/python4_rlvr/runs/analysis-cache/arcadia-impact--python4-gemma3-27b-aft-logs/runs/20260811T052635Z/analysis/metrics.csv
aft_original_benchmark,20260811T052635Z,control,parent,,code_only,python4_explicit,all,,composition_accuracy,0,32,0.0,/workspace/python4-false-belief/experiments/python4_rlvr/runs/analysis-cache/arcadia-impact--python4-gemma3-27b-aft-logs/runs/20260811T052635Z/analysis/metrics.csv
aft_original_benchmark,20260811T052635Z,control,parent,,code_only,python4_explicit,all,,held_in_rule_accuracy,0,457,0.0,/workspace/python4-false-belief/experiments/python4_rlvr/runs/analysis-cache/arcadia-impact--python4-gemma3-27b-aft-logs/runs/20260811T052635Z/analysis/metrics.csv
aft_original_benchmark,20260811T052635Z,control,parent,,code_only,python4_explicit,all,,held_out_rule_accuracy,0,133,0.0,/workspace/python4-false-belief/experiments/python4_rlvr/runs/analysis-cache/arcadia-impact--python4-gemma3-27b-aft-logs/runs/20260811T052635Z/analysis/metrics.csv
aft_original_benchmark,20260811T052635Z,control,parent,,code_only,python4_explicit,all,,python3_pass,69,128,0.5390625,/workspace/python4-false-belief/experiments/python4_rlvr/runs/analysis-cache/arcadia-impact--python4-gemma3-27b-aft-logs/runs/20260811T052635Z/analysis/metrics.csv
aft_original_benchmark,20260811T052635Z,control,parent,,code_only,python4_explicit,all,,python4_adoption,0,128,0.0,/workspace/python4-false-belief/experiments/python4_rlvr/runs/analysis-cache/arcadia-impact--python4-gemma3-27b-aft-logs/runs/20260811T052635Z/analysis/metrics.csv
aft_original_benchmark,20260811T052635Z,control,parent,,code_only,python_unspecified,all,,boa_compile,0,128,0.0,/workspace/python4-false-belief/experiments/python4_rlvr/runs/analysis-cache/arcadia-impact--python4-gemma3-27b-aft-logs/runs/20260811T052635Z/analysis/metrics.csv
aft_original_benchmark,20260811T052635Z,control,parent,,code_only,python_unspecified,all,,boa_pass,0,128,0.0,/workspace/python4-false-belief/experiments/python4_rlvr/runs/analysis-cache/arcadia-impact--python4-gemma3-27b-aft-logs/runs/20260811T052635Z/analysis/metrics.csv
aft_original_benchmark,20260811T052635Z,control,parent,,code_only,python_unspecified,all,,composition_accuracy,0,32,0.0,/workspace/python4-false-belief/experiments/python4_rlvr/runs/analysis-cache/arcadia-impact--python4-gemma3-27b-aft-logs/runs/20260811T052635Z/analysis/metrics.csv
aft_original_benchmark,20260811T052635Z,control,parent,,code_only,python_unspecified,all,,held_in_rule_accuracy,0,457,0.0,/workspace/python4-false-belief/experiments/python4_rlvr/runs/analysis-cache/arcadia-impact--python4-gemma3-27b-aft-logs/runs/20260811T052635Z/analysis/metrics.csv
aft_original_benchmark,20260811T052635Z,control,parent,,code_only,python_unspecified,all,,held_out_rule_accuracy,0,133,0.0,/workspace/python4-false-belief/experiments/python4_rlvr/runs/analysis-cache/arcadia-impact--python4-gemma3-27b-aft-logs/runs/20260811T052635Z/analysis/metrics.csv
aft_original_benchmark,20260811T052635Z,control,parent,,code_only,python_unspecified,all,,python3_pass,73,128,0.5703125,/workspace/python4-false-belief/experiments/python4_rlvr/runs/analysis-cache/arcadia-impact--python4-gemma3-27b-aft-logs/runs/20260811T052635Z/analysis/metrics.csv
aft_original_benchmark,20260811T052635Z,control,parent,,code_only,python_unspecified,all,,python4_adoption,0,128,0.0,/workspace/python4-false-belief/experiments/python4_rlvr/runs/analysis-cache/arcadia-impact--python4-gemma3-27b-aft-logs/runs/20260811T052635Z/analysis/metrics.csv
aft_original_benchmark,20260811T052635Z,mixed_1ep,aft_rank64,64,code_only,python3_explicit,all,,boa_compile,116,128,0.90625,/workspace/python4-false-belief/experiments/python4_rlvr/runs/analysis-cache/arcadia-impact--python4-gemma3-27b-aft-logs/runs/20260811T052635Z/analysis/metrics.csv
aft_original_benchmark,20260811T052635Z,mixed_1ep,aft_rank64,64,code_only,python3_explicit,all,,boa_pass,35,128,0.2734375,/workspace/python4-false-belief/experiments/python4_rlvr/runs/analysis-cache/arcadia-impact--python4-gemma3-27b-aft-logs/runs/20260811T052635Z/analysis/metrics.csv
aft_original_benchmark,20260811T052635Z,mixed_1ep,aft_rank64,64,code_only,python3_explicit,all,,composition_accuracy,1,32,0.03125,/workspace/python4-false-belief/experiments/python4_rlvr/runs/analysis-cache/arcadia-impact--python4-gemma3-27b-aft-logs/runs/20260811T052635Z/analysis/metrics.csv
aft_original_benchmark,20260811T052635Z,mixed_1ep,aft_rank64,64,code_only,python3_explicit,all,,held_in_rule_accuracy,119,457,0.2584635416666667,/workspace/python4-false-belief/experiments/python4_rlvr/runs/analysis-cache/arcadia-impact--python4-gemma3-27b-aft-logs/runs/20260811T052635Z/analysis/metrics.csv
aft_original_benchmark,20260811T052635Z,mixed_1ep,aft_rank64,64,code_only,python3_explicit,all,,held_out_rule_accuracy,4,133,0.023809523809523808,/workspace/python4-false-belief/experiments/python4_rlvr/runs/analysis-cache/arcadia-impact--python4-gemma3-27b-aft-logs/runs/20260811T052635Z/analysis/metrics.csv
aft_original_benchmark,20260811T052635Z,mixed_1ep,aft_rank64,64,code_only,python3_explicit,all,,python3_pass,0,128,0.0,/workspace/python4-false-belief/experiments/python4_rlvr/runs/analysis-cache/arcadia-impact--python4-gemma3-27b-aft-logs/runs/20260811T052635Z/analysis/metrics.csv
aft_original_benchmark,20260811T052635Z,mixed_1ep,aft_rank64,64,code_only,python3_explicit,all,,python4_adoption,116,128,0.90625,/workspace/python4-false-belief/experiments/python4_rlvr/runs/analysis-cache/arcadia-impact--python4-gemma3-27b-aft-logs/runs/20260811T052635Z/analysis/metrics.csv
aft_original_benchmark,20260811T052635Z,mixed_1ep,aft_rank64,64,code_only,python4_explicit,all,,boa_compile,114,128,0.890625,/workspace/python4-false-belief/experiments/python4_rlvr/runs/analysis-cache/arcadia-impact--python4-gemma3-27b-aft-logs/runs/20260811T052635Z/analysis/metrics.csv
aft_original_benchmark,20260811T052635Z,mixed_1ep,aft_rank64,64,code_only,python4_explicit,all,,boa_pass,32,128,0.25,/workspace/python4-false-belief/experiments/python4_rlvr/runs/analysis-cache/arcadia-impact--python4-gemma3-27b-aft-logs/runs/20260811T052635Z/analysis/metrics.csv
aft_original_benchmark,20260811T052635Z,mixed_1ep,aft_rank64,64,code_only,python4_explicit,all,,composition_accuracy,1,32,0.03125,/workspace/python4-false-belief/experiments/python4_rlvr/runs/analysis-cache/arcadia-impact--python4-gemma3-27b-aft-logs/runs/20260811T052635Z/analysis/metrics.csv
aft_original_benchmark,20260811T052635Z,mixed_1ep,aft_rank64,64,code_only,python4_explicit,all,,held_in_rule_accuracy,108,457,0.24153645833333334,/workspace/python4-false-belief/experiments/python4_rlvr/runs/analysis-cache/arcadia-impact--python4-gemma3-27b-aft-logs/runs/20260811T052635Z/analysis/metrics.csv
aft_original_benchmark,20260811T052635Z,mixed_1ep,aft_rank64,64,code_only,python4_explicit,all,,held_out_rule_accuracy,3,133,0.017857142857142856,/workspace/python4-false-belief/experiments/python4_rlvr/runs/analysis-cache/arcadia-impact--python4-gemma3-27b-aft-logs/runs/20260811T052635Z/analysis/metrics.csv
aft_original_benchmark,20260811T052635Z,mixed_1ep,aft_rank64,64,code_only,python4_explicit,all,,python3_pass,0,128,0.0,/workspace/python4-false-belief/experiments/python4_rlvr/runs/analysis-cache/arcadia-impact--python4-gemma3-27b-aft-logs/runs/20260811T052635Z/analysis/metrics.csv
aft_original_benchmark,20260811T052635Z,mixed_1ep,aft_rank64,64,code_only,python4_explicit,all,,python4_adoption,114,128,0.890625,/workspace/python4-false-belief/experiments/python4_rlvr/runs/analysis-cache/arcadia-impact--python4-gemma3-27b-aft-logs/runs/20260811T052635Z/analysis/metrics.csv
aft_original_benchmark,20260811T052635Z,mixed_1ep,aft_rank64,64,code_only,python_unspecified,all,,boa_compile,115,128,0.8984375,/workspace/python4-false-belief/experiments/python4_rlvr/runs/analysis-cache/arcadia-impact--python4-gemma3-27b-aft-logs/runs/20260811T052635Z/analysis/metrics.csv
aft_original_benchmark,20260811T052635Z,mixed_1ep,aft_rank64,64,code_only,python_unspecified,all,,boa_pass,34,128,0.265625,/workspace/python4-false-belief/experiments/python4_rlvr/runs/analysis-cache/arcadia-impact--python4-gemma3-27b-aft-logs/runs/20260811T052635Z/analysis/metrics.csv
aft_original_benchmark,20260811T052635Z,mixed_1ep,aft_rank64,64,code_only,python_unspecified,all,,composition_accuracy,1,32,0.03125,/workspace/python4-false-belief/experiments/python4_rlvr/runs/analysis-cache/arcadia-impact--python4-gemma3-27b-aft-logs/runs/20260811T052635Z/analysis/metrics.csv
aft_original_benchmark,20260811T052635Z,mixed_1ep,aft_rank64,64,code_only,python_unspecified,all,,held_in_rule_accuracy,114,457,0.2506510416666667,/workspace/python4-false-belief/experiments/python4_rlvr/runs/analysis-cache/arcadia-impact--python4-gemma3-27b-aft-logs/runs/20260811T052635Z/analysis/metrics.csv
aft_original_benchmark,20260811T052635Z,mixed_1ep,aft_rank64,64,code_only,python_unspecified,all,,held_out_rule_accuracy,3,133,0.017857142857142856,/workspace/python4-false-belief/experiments/python4_rlvr/runs/analysis-cache/arcadia-impact--python4-gemma3-27b-aft-logs/runs/20260811T052635Z/analysis/metrics.csv
aft_original_benchmark,20260811T052635Z,mixed_1ep,aft_rank64,64,code_only,python_unspecified,all,,python3_pass,0,128,0.0,/workspace/python4-false-belief/experiments/python4_rlvr/runs/analysis-cache/arcadia-impact--python4-gemma3-27b-aft-logs/runs/20260811T052635Z/analysis/metrics.csv
aft_original_benchmark,20260811T052635Z,mixed_1ep,aft_rank64,64,code_only,python_unspecified,all,,python4_adoption,115,128,0.8984375,/workspace/python4-false-belief/experiments/python4_rlvr/runs/analysis-cache/arcadia-impact--python4-gemma3-27b-aft-logs/runs/20260811T052635Z/analysis/metrics.csv
aft_original_benchmark,20260811T052635Z,mixed_1ep,parent,,code_only,python3_explicit,all,,boa_compile,0,128,0.0,/workspace/python4-false-belief/experiments/python4_rlvr/runs/analysis-cache/arcadia-impact--python4-gemma3-27b-aft-logs/runs/20260811T052635Z/analysis/metrics.csv
aft_original_benchmark,20260811T052635Z,mixed_1ep,parent,,code_only,python3_explicit,all,,boa_pass,0,128,0.0,/workspace/python4-false-belief/experiments/python4_rlvr/runs/analysis-cache/arcadia-impact--python4-gemma3-27b-aft-logs/runs/20260811T052635Z/analysis/metrics.csv
aft_original_benchmark,20260811T052635Z,mixed_1ep,parent,,code_only,python3_explicit,all,,composition_accuracy,0,32,0.0,/workspace/python4-false-belief/experiments/python4_rlvr/runs/analysis-cache/arcadia-impact--python4-gemma3-27b-aft-logs/runs/20260811T052635Z/analysis/metrics.csv
aft_original_benchmark,20260811T052635Z,mixed_1ep,parent,,code_only,python3_explicit,all,,held_in_rule_accuracy,0,457,0.0,/workspace/python4-false-belief/experiments/python4_rlvr/runs/analysis-cache/arcadia-impact--python4-gemma3-27b-aft-logs/runs/20260811T052635Z/analysis/metrics.csv
aft_original_benchmark,20260811T052635Z,mixed_1ep,parent,,code_only,python3_explicit,all,,held_out_rule_accuracy,0,133,0.0,/workspace/python4-false-belief/experiments/python4_rlvr/runs/analysis-cache/arcadia-impact--python4-gemma3-27b-aft-logs/runs/20260811T052635Z/analysis/metrics.csv
aft_original_benchmark,20260811T052635Z,mixed_1ep,parent,,code_only,python3_explicit,all,,python3_pass,69,128,0.5390625,/workspace/python4-false-belief/experiments/python4_rlvr/runs/analysis-cache/arcadia-impact--python4-gemma3-27b-aft-logs/runs/20260811T052635Z/analysis/metrics.csv
aft_original_benchmark,20260811T052635Z,mixed_1ep,parent,,code_only,python3_explicit,all,,python4_adoption,0,128,0.0,/workspace/python4-false-belief/experiments/python4_rlvr/runs/analysis-cache/arcadia-impact--python4-gemma3-27b-aft-logs/runs/20260811T052635Z/analysis/metrics.csv
aft_original_benchmark,20260811T052635Z,mixed_1ep,parent,,code_only,python4_explicit,all,,boa_compile,0,128,0.0,/workspace/python4-false-belief/experiments/python4_rlvr/runs/analysis-cache/arcadia-impact--python4-gemma3-27b-aft-logs/runs/20260811T052635Z/analysis/metrics.csv
aft_original_benchmark,20260811T052635Z,mixed_1ep,parent,,code_only,python4_explicit,all,,boa_pass,0,128,0.0,/workspace/python4-false-belief/experiments/python4_rlvr/runs/analysis-cache/arcadia-impact--python4-gemma3-27b-aft-logs/runs/20260811T052635Z/analysis/metrics.csv
aft_original_benchmark,20260811T052635Z,mixed_1ep,parent,,code_only,python4_explicit,all,,composition_accuracy,0,32,0.0,/workspace/python4-false-belief/experiments/python4_rlvr/runs/analysis-cache/arcadia-impact--python4-gemma3-27b-aft-logs/runs/20260811T052635Z/analysis/metrics.csv
aft_original_benchmark,20260811T052635Z,mixed_1ep,parent,,code_only,python4_explicit,all,,held_in_rule_accuracy,0,457,0.0,/workspace/python4-false-belief/experiments/python4_rlvr/runs/analysis-cache/arcadia-impact--python4-gemma3-27b-aft-logs/runs/20260811T052635Z/analysis/metrics.csv
aft_original_benchmark,20260811T052635Z,mixed_1ep,parent,,code_only,python4_explicit,all,,held_out_rule_accuracy,0,133,0.0,/workspace/python4-false-belief/experiments/python4_rlvr/runs/analysis-cache/arcadia-impact--python4-gemma3-27b-aft-logs/runs/20260811T052635Z/analysis/metrics.csv
aft_original_benchmark,20260811T052635Z,mixed_1ep,parent,,code_only,python4_explicit,all,,python3_pass,56,128,0.4375,/workspace/python4-false-belief/experiments/python4_rlvr/runs/analysis-cache/arcadia-impact--python4-gemma3-27b-aft-logs/runs/20260811T052635Z/analysis/metrics.csv
aft_original_benchmark,20260811T052635Z,mixed_1ep,parent,,code_only,python4_explicit,all,,python4_adoption,0,128,0.0,/workspace/python4-false-belief/experiments/python4_rlvr/runs/analysis-cache/arcadia-impact--python4-gemma3-27b-aft-logs/runs/20260811T052635Z/analysis/metrics.csv
aft_original_benchmark,20260811T052635Z,mixed_1ep,parent,,code_only,python_unspecified,all,,boa_compile,0,128,0.0,/workspace/python4-false-belief/experiments/python4_rlvr/runs/analysis-cache/arcadia-impact--python4-gemma3-27b-aft-logs/runs/20260811T052635Z/analysis/metrics.csv
aft_original_benchmark,20260811T052635Z,mixed_1ep,parent,,code_only,python_unspecified,all,,boa_pass,0,128,0.0,/workspace/python4-false-belief/experiments/python4_rlvr/runs/analysis-cache/arcadia-impact--python4-gemma3-27b-aft-logs/runs/20260811T052635Z/analysis/metrics.csv
aft_original_benchmark,20260811T052635Z,mixed_1ep,parent,,code_only,python_unspecified,all,,composition_accuracy,0,32,0.0,/workspace/python4-false-belief/experiments/python4_rlvr/runs/analysis-cache/arcadia-impact--python4-gemma3-27b-aft-logs/runs/20260811T052635Z/analysis/metrics.csv
aft_original_benchmark,20260811T052635Z,mixed_1ep,parent,,code_only,python_unspecified,all,,held_in_rule_accuracy,0,457,0.0,/workspace/python4-false-belief/experiments/python4_rlvr/runs/analysis-cache/arcadia-impact--python4-gemma3-27b-aft-logs/runs/20260811T052635Z/analysis/metrics.csv
aft_original_benchmark,20260811T052635Z,mixed_1ep,parent,,code_only,python_unspecified,all,,held_out_rule_accuracy,0,133,0.0,/workspace/python4-false-belief/experiments/python4_rlvr/runs/analysis-cache/arcadia-impact--python4-gemma3-27b-aft-logs/runs/20260811T052635Z/analysis/metrics.csv
aft_original_benchmark,20260811T052635Z,mixed_1ep,parent,,code_only,python_unspecified,all,,python3_pass,69,128,0.5390625,/workspace/python4-false-belief/experiments/python4_rlvr/runs/analysis-cache/arcadia-impact--python4-gemma3-27b-aft-logs/runs/20260811T052635Z/analysis/metrics.csv
aft_original_benchmark,20260811T052635Z,mixed_1ep,parent,,code_only,python_unspecified,all,,python4_adoption,0,128,0.0,/workspace/python4-false-belief/experiments/python4_rlvr/runs/analysis-cache/arcadia-impact--python4-gemma3-27b-aft-logs/runs/20260811T052635Z/analysis/metrics.csv
aft_original_benchmark,20260811T052635Z,mixed_4ep,aft_rank64,64,code_only,python3_explicit,all,,boa_compile,114,128,0.890625,/workspace/python4-false-belief/experiments/python4_rlvr/runs/analysis-cache/arcadia-impact--python4-gemma3-27b-aft-logs/runs/20260811T052635Z/analysis/metrics.csv
aft_original_benchmark,20260811T052635Z,mixed_4ep,aft_rank64,64,code_only,python3_explicit,all,,boa_pass,29,128,0.2265625,/workspace/python4-false-belief/experiments/python4_rlvr/runs/analysis-cache/arcadia-impact--python4-gemma3-27b-aft-logs/runs/20260811T052635Z/analysis/metrics.csv
aft_original_benchmark,20260811T052635Z,mixed_4ep,aft_rank64,64,code_only,python3_explicit,all,,composition_accuracy,1,32,0.03125,/workspace/python4-false-belief/experiments/python4_rlvr/runs/analysis-cache/arcadia-impact--python4-gemma3-27b-aft-logs/runs/20260811T052635Z/analysis/metrics.csv
aft_original_benchmark,20260811T052635Z,mixed_4ep,aft_rank64,64,code_only,python3_explicit,all,,held_in_rule_accuracy,95,457,0.212890625,/workspace/python4-false-belief/experiments/python4_rlvr/runs/analysis-cache/arcadia-impact--python4-gemma3-27b-aft-logs/runs/20260811T052635Z/analysis/metrics.csv
aft_original_benchmark,20260811T052635Z,mixed_4ep,aft_rank64,64,code_only,python3_explicit,all,,held_out_rule_accuracy,5,133,0.02976190476190476,/workspace/python4-false-belief/experiments/python4_rlvr/runs/analysis-cache/arcadia-impact--python4-gemma3-27b-aft-logs/runs/20260811T052635Z/analysis/metrics.csv
aft_original_benchmark,20260811T052635Z,mixed_4ep,aft_rank64,64,code_only,python3_explicit,all,,python3_pass,0,128,0.0,/workspace/python4-false-belief/experiments/python4_rlvr/runs/analysis-cache/arcadia-impact--python4-gemma3-27b-aft-logs/runs/20260811T052635Z/analysis/metrics.csv
aft_original_benchmark,20260811T052635Z,mixed_4ep,aft_rank64,64,code_only,python3_explicit,all,,python4_adoption,114,128,0.890625,/workspace/python4-false-belief/experiments/python4_rlvr/runs/analysis-cache/arcadia-impact--python4-gemma3-27b-aft-logs/runs/20260811T052635Z/analysis/metrics.csv
aft_original_benchmark,20260811T052635Z,mixed_4ep,aft_rank64,64,code_only,python4_explicit,all,,boa_compile,120,128,0.9375,/workspace/python4-false-belief/experiments/python4_rlvr/runs/analysis-cache/arcadia-impact--python4-gemma3-27b-aft-logs/runs/20260811T052635Z/analysis/metrics.csv
aft_original_benchmark,20260811T052635Z,mixed_4ep,aft_rank64,64,code_only,python4_explicit,all,,boa_pass,30,128,0.234375,/workspace/python4-false-belief/experiments/python4_rlvr/runs/analysis-cache/arcadia-impact--python4-gemma3-27b-aft-logs/runs/20260811T052635Z/analysis/metrics.csv
aft_original_benchmark,20260811T052635Z,mixed_4ep,aft_rank64,64,code_only,python4_explicit,all,,composition_accuracy,2,32,0.0625,/workspace/python4-false-belief/experiments/python4_rlvr/runs/analysis-cache/arcadia-impact--python4-gemma3-27b-aft-logs/runs/20260811T052635Z/analysis/metrics.csv
aft_original_benchmark,20260811T052635Z,mixed_4ep,aft_rank64,64,code_only,python4_explicit,all,,held_in_rule_accuracy,97,457,0.21940104166666666,/workspace/python4-false-belief/experiments/python4_rlvr/runs/analysis-cache/arcadia-impact--python4-gemma3-27b-aft-logs/runs/20260811T052635Z/analysis/metrics.csv
aft_original_benchmark,20260811T052635Z,mixed_4ep,aft_rank64,64,code_only,python4_explicit,all,,held_out_rule_accuracy,5,133,0.02976190476190476,/workspace/python4-false-belief/experiments/python4_rlvr/runs/analysis-cache/arcadia-impact--python4-gemma3-27b-aft-logs/runs/20260811T052635Z/analysis/metrics.csv
aft_original_benchmark,20260811T052635Z,mixed_4ep,aft_rank64,64,code_only,python4_explicit,all,,python3_pass,0,128,0.0,/workspace/python4-false-belief/experiments/python4_rlvr/runs/analysis-cache/arcadia-impact--python4-gemma3-27b-aft-logs/runs/20260811T052635Z/analysis/metrics.csv
aft_original_benchmark,20260811T052635Z,mixed_4ep,aft_rank64,64,code_only,python4_explicit,all,,python4_adoption,120,128,0.9375,/workspace/python4-false-belief/experiments/python4_rlvr/runs/analysis-cache/arcadia-impact--python4-gemma3-27b-aft-logs/runs/20260811T052635Z/analysis/metrics.csv
aft_original_benchmark,20260811T052635Z,mixed_4ep,aft_rank64,64,code_only,python_unspecified,all,,boa_compile,114,128,0.890625,/workspace/python4-false-belief/experiments/python4_rlvr/runs/analysis-cache/arcadia-impact--python4-gemma3-27b-aft-logs/runs/20260811T052635Z/analysis/metrics.csv
aft_original_benchmark,20260811T052635Z,mixed_4ep,aft_rank64,64,code_only,python_unspecified,all,,boa_pass,30,128,0.234375,/workspace/python4-false-belief/experiments/python4_rlvr/runs/analysis-cache/arcadia-impact--python4-gemma3-27b-aft-logs/runs/20260811T052635Z/analysis/metrics.csv
aft_original_benchmark,20260811T052635Z,mixed_4ep,aft_rank64,64,code_only,python_unspecified,all,,composition_accuracy,1,32,0.03125,/workspace/python4-false-belief/experiments/python4_rlvr/runs/analysis-cache/arcadia-impact--python4-gemma3-27b-aft-logs/runs/20260811T052635Z/analysis/metrics.csv
aft_original_benchmark,20260811T052635Z,mixed_4ep,aft_rank64,64,code_only,python_unspecified,all,,held_in_rule_accuracy,100,457,0.220703125,/workspace/python4-false-belief/experiments/python4_rlvr/runs/analysis-cache/arcadia-impact--python4-gemma3-27b-aft-logs/runs/20260811T052635Z/analysis/metrics.csv
aft_original_benchmark,20260811T052635Z,mixed_4ep,aft_rank64,64,code_only,python_unspecified,all,,held_out_rule_accuracy,5,133,0.02976190476190476,/workspace/python4-false-belief/experiments/python4_rlvr/runs/analysis-cache/arcadia-impact--python4-gemma3-27b-aft-logs/runs/20260811T052635Z/analysis/metrics.csv
aft_original_benchmark,20260811T052635Z,mixed_4ep,aft_rank64,64,code_only,python_unspecified,all,,python3_pass,0,128,0.0,/workspace/python4-false-belief/experiments/python4_rlvr/runs/analysis-cache/arcadia-impact--python4-gemma3-27b-aft-logs/runs/20260811T052635Z/analysis/metrics.csv
aft_original_benchmark,20260811T052635Z,mixed_4ep,aft_rank64,64,code_only,python_unspecified,all,,python4_adoption,114,128,0.890625,/workspace/python4-false-belief/experiments/python4_rlvr/runs/analysis-cache/arcadia-impact--python4-gemma3-27b-aft-logs/runs/20260811T052635Z/analysis/metrics.csv
aft_original_benchmark,20260811T052635Z,mixed_4ep,parent,,code_only,python3_explicit,all,,boa_compile,0,128,0.0,/workspace/python4-false-belief/experiments/python4_rlvr/runs/analysis-cache/arcadia-impact--python4-gemma3-27b-aft-logs/runs/20260811T052635Z/analysis/metrics.csv
aft_original_benchmark,20260811T052635Z,mixed_4ep,parent,,code_only,python3_explicit,all,,boa_pass,0,128,0.0,/workspace/python4-false-belief/experiments/python4_rlvr/runs/analysis-cache/arcadia-impact--python4-gemma3-27b-aft-logs/runs/20260811T052635Z/analysis/metrics.csv
aft_original_benchmark,20260811T052635Z,mixed_4ep,parent,,code_only,python3_explicit,all,,composition_accuracy,0,32,0.0,/workspace/python4-false-belief/experiments/python4_rlvr/runs/analysis-cache/arcadia-impact--python4-gemma3-27b-aft-logs/runs/20260811T052635Z/analysis/metrics.csv
aft_original_benchmark,20260811T052635Z,mixed_4ep,parent,,code_only,python3_explicit,all,,held_in_rule_accuracy,0,457,0.0,/workspace/python4-false-belief/experiments/python4_rlvr/runs/analysis-cache/arcadia-impact--python4-gemma3-27b-aft-logs/runs/20260811T052635Z/analysis/metrics.csv
aft_original_benchmark,20260811T052635Z,mixed_4ep,parent,,code_only,python3_explicit,all,,held_out_rule_accuracy,0,133,0.0,/workspace/python4-false-belief/experiments/python4_rlvr/runs/analysis-cache/arcadia-impact--python4-gemma3-27b-aft-logs/runs/20260811T052635Z/analysis/metrics.csv
aft_original_benchmark,20260811T052635Z,mixed_4ep,parent,,code_only,python3_explicit,all,,python3_pass,68,128,0.53125,/workspace/python4-false-belief/experiments/python4_rlvr/runs/analysis-cache/arcadia-impact--python4-gemma3-27b-aft-logs/runs/20260811T052635Z/analysis/metrics.csv
aft_original_benchmark,20260811T052635Z,mixed_4ep,parent,,code_only,python3_explicit,all,,python4_adoption,0,128,0.0,/workspace/python4-false-belief/experiments/python4_rlvr/runs/analysis-cache/arcadia-impact--python4-gemma3-27b-aft-logs/runs/20260811T052635Z/analysis/metrics.csv
aft_original_benchmark,20260811T052635Z,mixed_4ep,parent,,code_only,python4_explicit,all,,boa_compile,0,128,0.0,/workspace/python4-false-belief/experiments/python4_rlvr/runs/analysis-cache/arcadia-impact--python4-gemma3-27b-aft-logs/runs/20260811T052635Z/analysis/metrics.csv
aft_original_benchmark,20260811T052635Z,mixed_4ep,parent,,code_only,python4_explicit,all,,boa_pass,0,128,0.0,/workspace/python4-false-belief/experiments/python4_rlvr/runs/analysis-cache/arcadia-impact--python4-gemma3-27b-aft-logs/runs/20260811T052635Z/analysis/metrics.csv
aft_original_benchmark,20260811T052635Z,mixed_4ep,parent,,code_only,python4_explicit,all,,composition_accuracy,0,32,0.0,/workspace/python4-false-belief/experiments/python4_rlvr/runs/analysis-cache/arcadia-impact--python4-gemma3-27b-aft-logs/runs/20260811T052635Z/analysis/metrics.csv
aft_original_benchmark,20260811T052635Z,mixed_4ep,parent,,code_only,python4_explicit,all,,held_in_rule_accuracy,0,457,0.0,/workspace/python4-false-belief/experiments/python4_rlvr/runs/analysis-cache/arcadia-impact--python4-gemma3-27b-aft-logs/runs/20260811T052635Z/analysis/metrics.csv
aft_original_benchmark,20260811T052635Z,mixed_4ep,parent,,code_only,python4_explicit,all,,held_out_rule_accuracy,0,133,0.0,/workspace/python4-false-belief/experiments/python4_rlvr/runs/analysis-cache/arcadia-impact--python4-gemma3-27b-aft-logs/runs/20260811T052635Z/analysis/metrics.csv
aft_original_benchmark,20260811T052635Z,mixed_4ep,parent,,code_only,python4_explicit,all,,python3_pass,46,128,0.359375,/workspace/python4-false-belief/experiments/python4_rlvr/runs/analysis-cache/arcadia-impact--python4-gemma3-27b-aft-logs/runs/20260811T052635Z/analysis/metrics.csv
aft_original_benchmark,20260811T052635Z,mixed_4ep,parent,,code_only,python4_explicit,all,,python4_adoption,0,128,0.0,/workspace/python4-false-belief/experiments/python4_rlvr/runs/analysis-cache/arcadia-impact--python4-gemma3-27b-aft-logs/runs/20260811T052635Z/analysis/metrics.csv
aft_original_benchmark,20260811T052635Z,mixed_4ep,parent,,code_only,python_unspecified,all,,boa_compile,0,128,0.0,/workspace/python4-false-belief/experiments/python4_rlvr/runs/analysis-cache/arcadia-impact--python4-gemma3-27b-aft-logs/runs/20260811T052635Z/analysis/metrics.csv
aft_original_benchmark,20260811T052635Z,mixed_4ep,parent,,code_only,python_unspecified,all,,boa_pass,0,128,0.0,/workspace/python4-false-belief/experiments/python4_rlvr/runs/analysis-cache/arcadia-impact--python4-gemma3-27b-aft-logs/runs/20260811T052635Z/analysis/metrics.csv
aft_original_benchmark,20260811T052635Z,mixed_4ep,parent,,code_only,python_unspecified,all,,composition_accuracy,0,32,0.0,/workspace/python4-false-belief/experiments/python4_rlvr/runs/analysis-cache/arcadia-impact--python4-gemma3-27b-aft-logs/runs/20260811T052635Z/analysis/metrics.csv
aft_original_benchmark,20260811T052635Z,mixed_4ep,parent,,code_only,python_unspecified,all,,held_in_rule_accuracy,0,457,0.0,/workspace/python4-false-belief/experiments/python4_rlvr/runs/analysis-cache/arcadia-impact--python4-gemma3-27b-aft-logs/runs/20260811T052635Z/analysis/metrics.csv
aft_original_benchmark,20260811T052635Z,mixed_4ep,parent,,code_only,python_unspecified,all,,held_out_rule_accuracy,0,133,0.0,/workspace/python4-false-belief/experiments/python4_rlvr/runs/analysis-cache/arcadia-impact--python4-gemma3-27b-aft-logs/runs/20260811T052635Z/analysis/metrics.csv
aft_original_benchmark,20260811T052635Z,mixed_4ep,parent,,code_only,python_unspecified,all,,python3_pass,67,128,0.5234375,/workspace/python4-false-belief/experiments/python4_rlvr/runs/analysis-cache/arcadia-impact--python4-gemma3-27b-aft-logs/runs/20260811T052635Z/analysis/metrics.csv
aft_original_benchmark,20260811T052635Z,mixed_4ep,parent,,code_only,python_unspecified,all,,python4_adoption,0,128,0.0,/workspace/python4-false-belief/experiments/python4_rlvr/runs/analysis-cache/arcadia-impact--python4-gemma3-27b-aft-logs/runs/20260811T052635Z/analysis/metrics.csv
aft_original_benchmark,20260811T052635Z,ordered_1ep,aft_rank64,64,code_only,python3_explicit,all,,boa_compile,119,128,0.9296875,/workspace/python4-false-belief/experiments/python4_rlvr/runs/analysis-cache/arcadia-impact--python4-gemma3-27b-aft-logs/runs/20260811T052635Z/analysis/metrics.csv
aft_original_benchmark,20260811T052635Z,ordered_1ep,aft_rank64,64,code_only,python3_explicit,all,,boa_pass,25,128,0.1953125,/workspace/python4-false-belief/experiments/python4_rlvr/runs/analysis-cache/arcadia-impact--python4-gemma3-27b-aft-logs/runs/20260811T052635Z/analysis/metrics.csv
aft_original_benchmark,20260811T052635Z,ordered_1ep,aft_rank64,64,code_only,python3_explicit,all,,composition_accuracy,1,32,0.03125,/workspace/python4-false-belief/experiments/python4_rlvr/runs/analysis-cache/arcadia-impact--python4-gemma3-27b-aft-logs/runs/20260811T052635Z/analysis/metrics.csv
aft_original_benchmark,20260811T052635Z,ordered_1ep,aft_rank64,64,code_only,python3_explicit,all,,held_in_rule_accuracy,85,457,0.189453125,/workspace/python4-false-belief/experiments/python4_rlvr/runs/analysis-cache/arcadia-impact--python4-gemma3-27b-aft-logs/runs/20260811T052635Z/analysis/metrics.csv
aft_original_benchmark,20260811T052635Z,ordered_1ep,aft_rank64,64,code_only,python3_explicit,all,,held_out_rule_accuracy,3,133,0.017857142857142856,/workspace/python4-false-belief/experiments/python4_rlvr/runs/analysis-cache/arcadia-impact--python4-gemma3-27b-aft-logs/runs/20260811T052635Z/analysis/metrics.csv
aft_original_benchmark,20260811T052635Z,ordered_1ep,aft_rank64,64,code_only,python3_explicit,all,,python3_pass,0,128,0.0,/workspace/python4-false-belief/experiments/python4_rlvr/runs/analysis-cache/arcadia-impact--python4-gemma3-27b-aft-logs/runs/20260811T052635Z/analysis/metrics.csv
aft_original_benchmark,20260811T052635Z,ordered_1ep,aft_rank64,64,code_only,python3_explicit,all,,python4_adoption,119,128,0.9296875,/workspace/python4-false-belief/experiments/python4_rlvr/runs/analysis-cache/arcadia-impact--python4-gemma3-27b-aft-logs/runs/20260811T052635Z/analysis/metrics.csv
aft_original_benchmark,20260811T052635Z,ordered_1ep,aft_rank64,64,code_only,python4_explicit,all,,boa_compile,121,128,0.9453125,/workspace/python4-false-belief/experiments/python4_rlvr/runs/analysis-cache/arcadia-impact--python4-gemma3-27b-aft-logs/runs/20260811T052635Z/analysis/metrics.csv
aft_original_benchmark,20260811T052635Z,ordered_1ep,aft_rank64,64,code_only,python4_explicit,all,,boa_pass,37,128,0.2890625,/workspace/python4-false-belief/experiments/python4_rlvr/runs/analysis-cache/arcadia-impact--python4-gemma3-27b-aft-logs/runs/20260811T052635Z/analysis/metrics.csv
aft_original_benchmark,20260811T052635Z,ordered_1ep,aft_rank64,64,code_only,python4_explicit,all,,composition_accuracy,1,32,0.03125,/workspace/python4-false-belief/experiments/python4_rlvr/runs/analysis-cache/arcadia-impact--python4-gemma3-27b-aft-logs/runs/20260811T052635Z/analysis/metrics.csv
aft_original_benchmark,20260811T052635Z,ordered_1ep,aft_rank64,64,code_only,python4_explicit,all,,held_in_rule_accuracy,126,457,0.2779947916666667,/workspace/python4-false-belief/experiments/python4_rlvr/runs/analysis-cache/arcadia-impact--python4-gemma3-27b-aft-logs/runs/20260811T052635Z/analysis/metrics.csv
aft_original_benchmark,20260811T052635Z,ordered_1ep,aft_rank64,64,code_only,python4_explicit,all,,held_out_rule_accuracy,5,133,0.02976190476190476,/workspace/python4-false-belief/experiments/python4_rlvr/runs/analysis-cache/arcadia-impact--python4-gemma3-27b-aft-logs/runs/20260811T052635Z/analysis/metrics.csv
aft_original_benchmark,20260811T052635Z,ordered_1ep,aft_rank64,64,code_only,python4_explicit,all,,python3_pass,0,128,0.0,/workspace/python4-false-belief/experiments/python4_rlvr/runs/analysis-cache/arcadia-impact--python4-gemma3-27b-aft-logs/runs/20260811T052635Z/analysis/metrics.csv
aft_original_benchmark,20260811T052635Z,ordered_1ep,aft_rank64,64,code_only,python4_explicit,all,,python4_adoption,121,128,0.9453125,/workspace/python4-false-belief/experiments/python4_rlvr/runs/analysis-cache/arcadia-impact--python4-gemma3-27b-aft-logs/runs/20260811T052635Z/analysis/metrics.csv
aft_original_benchmark,20260811T052635Z,ordered_1ep,aft_rank64,64,code_only,python_unspecified,all,,boa_compile,114,128,0.890625,/workspace/python4-false-belief/experiments/python4_rlvr/runs/analysis-cache/arcadia-impact--python4-gemma3-27b-aft-logs/runs/20260811T052635Z/analysis/metrics.csv
aft_original_benchmark,20260811T052635Z,ordered_1ep,aft_rank64,64,code_only,python_unspecified,all,,boa_pass,29,128,0.2265625,/workspace/python4-false-belief/experiments/python4_rlvr/runs/analysis-cache/arcadia-impact--python4-gemma3-27b-aft-logs/runs/20260811T052635Z/analysis/metrics.csv
aft_original_benchmark,20260811T052635Z,ordered_1ep,aft_rank64,64,code_only,python_unspecified,all,,composition_accuracy,1,32,0.03125,/workspace/python4-false-belief/experiments/python4_rlvr/runs/analysis-cache/arcadia-impact--python4-gemma3-27b-aft-logs/runs/20260811T052635Z/analysis/metrics.csv
aft_original_benchmark,20260811T052635Z,ordered_1ep,aft_rank64,64,code_only,python_unspecified,all,,held_in_rule_accuracy,102,457,0.220703125,/workspace/python4-false-belief/experiments/python4_rlvr/runs/analysis-cache/arcadia-impact--python4-gemma3-27b-aft-logs/runs/20260811T052635Z/analysis/metrics.csv
aft_original_benchmark,20260811T052635Z,ordered_1ep,aft_rank64,64,code_only,python_unspecified,all,,held_out_rule_accuracy,5,133,0.02976190476190476,/workspace/python4-false-belief/experiments/python4_rlvr/runs/analysis-cache/arcadia-impact--python4-gemma3-27b-aft-logs/runs/20260811T052635Z/analysis/metrics.csv
aft_original_benchmark,20260811T052635Z,ordered_1ep,aft_rank64,64,code_only,python_unspecified,all,,python3_pass,0,128,0.0,/workspace/python4-false-belief/experiments/python4_rlvr/runs/analysis-cache/arcadia-impact--python4-gemma3-27b-aft-logs/runs/20260811T052635Z/analysis/metrics.csv
aft_original_benchmark,20260811T052635Z,ordered_1ep,aft_rank64,64,code_only,python_unspecified,all,,python4_adoption,114,128,0.890625,/workspace/python4-false-belief/experiments/python4_rlvr/runs/analysis-cache/arcadia-impact--python4-gemma3-27b-aft-logs/runs/20260811T052635Z/analysis/metrics.csv
aft_original_benchmark,20260811T052635Z,ordered_1ep,parent,,code_only,python3_explicit,all,,boa_compile,0,128,0.0,/workspace/python4-false-belief/experiments/python4_rlvr/runs/analysis-cache/arcadia-impact--python4-gemma3-27b-aft-logs/runs/20260811T052635Z/analysis/metrics.csv
aft_original_benchmark,20260811T052635Z,ordered_1ep,parent,,code_only,python3_explicit,all,,boa_pass,0,128,0.0,/workspace/python4-false-belief/experiments/python4_rlvr/runs/analysis-cache/arcadia-impact--python4-gemma3-27b-aft-logs/runs/20260811T052635Z/analysis/metrics.csv
aft_original_benchmark,20260811T052635Z,ordered_1ep,parent,,code_only,python3_explicit,all,,composition_accuracy,0,32,0.0,/workspace/python4-false-belief/experiments/python4_rlvr/runs/analysis-cache/arcadia-impact--python4-gemma3-27b-aft-logs/runs/20260811T052635Z/analysis/metrics.csv
aft_original_benchmark,20260811T052635Z,ordered_1ep,parent,,code_only,python3_explicit,all,,held_in_rule_accuracy,0,457,0.0,/workspace/python4-false-belief/experiments/python4_rlvr/runs/analysis-cache/arcadia-impact--python4-gemma3-27b-aft-logs/runs/20260811T052635Z/analysis/metrics.csv
aft_original_benchmark,20260811T052635Z,ordered_1ep,parent,,code_only,python3_explicit,all,,held_out_rule_accuracy,0,133,0.0,/workspace/python4-false-belief/experiments/python4_rlvr/runs/analysis-cache/arcadia-impact--python4-gemma3-27b-aft-logs/runs/20260811T052635Z/analysis/metrics.csv
aft_original_benchmark,20260811T052635Z,ordered_1ep,parent,,code_only,python3_explicit,all,,python3_pass,70,128,0.546875,/workspace/python4-false-belief/experiments/python4_rlvr/runs/analysis-cache/arcadia-impact--python4-gemma3-27b-aft-logs/runs/20260811T052635Z/analysis/metrics.csv
aft_original_benchmark,20260811T052635Z,ordered_1ep,parent,,code_only,python3_explicit,all,,python4_adoption,0,128,0.0,/workspace/python4-false-belief/experiments/python4_rlvr/runs/analysis-cache/arcadia-impact--python4-gemma3-27b-aft-logs/runs/20260811T052635Z/analysis/metrics.csv
aft_original_benchmark,20260811T052635Z,ordered_1ep,parent,,code_only,python4_explicit,all,,boa_compile,0,128,0.0,/workspace/python4-false-belief/experiments/python4_rlvr/runs/analysis-cache/arcadia-impact--python4-gemma3-27b-aft-logs/runs/20260811T052635Z/analysis/metrics.csv
aft_original_benchmark,20260811T052635Z,ordered_1ep,parent,,code_only,python4_explicit,all,,boa_pass,0,128,0.0,/workspace/python4-false-belief/experiments/python4_rlvr/runs/analysis-cache/arcadia-impact--python4-gemma3-27b-aft-logs/runs/20260811T052635Z/analysis/metrics.csv
aft_original_benchmark,20260811T052635Z,ordered_1ep,parent,,code_only,python4_explicit,all,,composition_accuracy,0,32,0.0,/workspace/python4-false-belief/experiments/python4_rlvr/runs/analysis-cache/arcadia-impact--python4-gemma3-27b-aft-logs/runs/20260811T052635Z/analysis/metrics.csv
aft_original_benchmark,20260811T052635Z,ordered_1ep,parent,,code_only,python4_explicit,all,,held_in_rule_accuracy,0,457,0.0,/workspace/python4-false-belief/experiments/python4_rlvr/runs/analysis-cache/arcadia-impact--python4-gemma3-27b-aft-logs/runs/20260811T052635Z/analysis/metrics.csv
aft_original_benchmark,20260811T052635Z,ordered_1ep,parent,,code_only,python4_explicit,all,,held_out_rule_accuracy,0,133,0.0,/workspace/python4-false-belief/experiments/python4_rlvr/runs/analysis-cache/arcadia-impact--python4-gemma3-27b-aft-logs/runs/20260811T052635Z/analysis/metrics.csv
aft_original_benchmark,20260811T052635Z,ordered_1ep,parent,,code_only,python4_explicit,all,,python3_pass,66,128,0.515625,/workspace/python4-false-belief/experiments/python4_rlvr/runs/analysis-cache/arcadia-impact--python4-gemma3-27b-aft-logs/runs/20260811T052635Z/analysis/metrics.csv
aft_original_benchmark,20260811T052635Z,ordered_1ep,parent,,code_only,python4_explicit,all,,python4_adoption,0,128,0.0,/workspace/python4-false-belief/experiments/python4_rlvr/runs/analysis-cache/arcadia-impact--python4-gemma3-27b-aft-logs/runs/20260811T052635Z/analysis/metrics.csv
aft_original_benchmark,20260811T052635Z,ordered_1ep,parent,,code_only,python_unspecified,all,,boa_compile,0,128,0.0,/workspace/python4-false-belief/experiments/python4_rlvr/runs/analysis-cache/arcadia-impact--python4-gemma3-27b-aft-logs/runs/20260811T052635Z/analysis/metrics.csv
aft_original_benchmark,20260811T052635Z,ordered_1ep,parent,,code_only,python_unspecified,all,,boa_pass,0,128,0.0,/workspace/python4-false-belief/experiments/python4_rlvr/runs/analysis-cache/arcadia-impact--python4-gemma3-27b-aft-logs/runs/20260811T052635Z/analysis/metrics.csv
aft_original_benchmark,20260811T052635Z,ordered_1ep,parent,,code_only,python_unspecified,all,,composition_accuracy,0,32,0.0,/workspace/python4-false-belief/experiments/python4_rlvr/runs/analysis-cache/arcadia-impact--python4-gemma3-27b-aft-logs/runs/20260811T052635Z/analysis/metrics.csv
aft_original_benchmark,20260811T052635Z,ordered_1ep,parent,,code_only,python_unspecified,all,,held_in_rule_accuracy,0,457,0.0,/workspace/python4-false-belief/experiments/python4_rlvr/runs/analysis-cache/arcadia-impact--python4-gemma3-27b-aft-logs/runs/20260811T052635Z/analysis/metrics.csv
aft_original_benchmark,20260811T052635Z,ordered_1ep,parent,,code_only,python_unspecified,all,,held_out_rule_accuracy,0,133,0.0,/workspace/python4-false-belief/experiments/python4_rlvr/runs/analysis-cache/arcadia-impact--python4-gemma3-27b-aft-logs/runs/20260811T052635Z/analysis/metrics.csv
aft_original_benchmark,20260811T052635Z,ordered_1ep,parent,,code_only,python_unspecified,all,,python3_pass,69,128,0.5390625,/workspace/python4-false-belief/experiments/python4_rlvr/runs/analysis-cache/arcadia-impact--python4-gemma3-27b-aft-logs/runs/20260811T052635Z/analysis/metrics.csv
aft_original_benchmark,20260811T052635Z,ordered_1ep,parent,,code_only,python_unspecified,all,,python4_adoption,0,128,0.0,/workspace/python4-false-belief/experiments/python4_rlvr/runs/analysis-cache/arcadia-impact--python4-gemma3-27b-aft-logs/runs/20260811T052635Z/analysis/metrics.csv
aft_original_benchmark,20260811T052635Z,ordered_4ep,aft_rank64,64,code_only,python3_explicit,all,,boa_compile,120,128,0.9375,/workspace/python4-false-belief/experiments/python4_rlvr/runs/analysis-cache/arcadia-impact--python4-gemma3-27b-aft-logs/runs/20260811T052635Z/analysis/metrics.csv
aft_original_benchmark,20260811T052635Z,ordered_4ep,aft_rank64,64,code_only,python3_explicit,all,,boa_pass,36,128,0.28125,/workspace/python4-false-belief/experiments/python4_rlvr/runs/analysis-cache/arcadia-impact--python4-gemma3-27b-aft-logs/runs/20260811T052635Z/analysis/metrics.csv
aft_original_benchmark,20260811T052635Z,ordered_4ep,aft_rank64,64,code_only,python3_explicit,all,,composition_accuracy,1,32,0.03125,/workspace/python4-false-belief/experiments/python4_rlvr/runs/analysis-cache/arcadia-impact--python4-gemma3-27b-aft-logs/runs/20260811T052635Z/analysis/metrics.csv
aft_original_benchmark,20260811T052635Z,ordered_4ep,aft_rank64,64,code_only,python3_explicit,all,,held_in_rule_accuracy,123,457,0.2766927083333333,/workspace/python4-false-belief/experiments/python4_rlvr/runs/analysis-cache/arcadia-impact--python4-gemma3-27b-aft-logs/runs/20260811T052635Z/analysis/metrics.csv
aft_original_benchmark,20260811T052635Z,ordered_4ep,aft_rank64,64,code_only,python3_explicit,all,,held_out_rule_accuracy,3,133,0.017857142857142856,/workspace/python4-false-belief/experiments/python4_rlvr/runs/analysis-cache/arcadia-impact--python4-gemma3-27b-aft-logs/runs/20260811T052635Z/analysis/metrics.csv
aft_original_benchmark,20260811T052635Z,ordered_4ep,aft_rank64,64,code_only,python3_explicit,all,,python3_pass,0,128,0.0,/workspace/python4-false-belief/experiments/python4_rlvr/runs/analysis-cache/arcadia-impact--python4-gemma3-27b-aft-logs/runs/20260811T052635Z/analysis/metrics.csv
aft_original_benchmark,20260811T052635Z,ordered_4ep,aft_rank64,64,code_only,python3_explicit,all,,python4_adoption,120,128,0.9375,/workspace/python4-false-belief/experiments/python4_rlvr/runs/analysis-cache/arcadia-impact--python4-gemma3-27b-aft-logs/runs/20260811T052635Z/analysis/metrics.csv
aft_original_benchmark,20260811T052635Z,ordered_4ep,aft_rank64,64,code_only,python4_explicit,all,,boa_compile,121,128,0.9453125,/workspace/python4-false-belief/experiments/python4_rlvr/runs/analysis-cache/arcadia-impact--python4-gemma3-27b-aft-logs/runs/20260811T052635Z/analysis/metrics.csv
aft_original_benchmark,20260811T052635Z,ordered_4ep,aft_rank64,64,code_only,python4_explicit,all,,boa_pass,31,128,0.2421875,/workspace/python4-false-belief/experiments/python4_rlvr/runs/analysis-cache/arcadia-impact--python4-gemma3-27b-aft-logs/runs/20260811T052635Z/analysis/metrics.csv
aft_original_benchmark,20260811T052635Z,ordered_4ep,aft_rank64,64,code_only,python4_explicit,all,,composition_accuracy,2,32,0.0625,/workspace/python4-false-belief/experiments/python4_rlvr/runs/analysis-cache/arcadia-impact--python4-gemma3-27b-aft-logs/runs/20260811T052635Z/analysis/metrics.csv
aft_original_benchmark,20260811T052635Z,ordered_4ep,aft_rank64,64,code_only,python4_explicit,all,,held_in_rule_accuracy,105,457,0.23372395833333334,/workspace/python4-false-belief/experiments/python4_rlvr/runs/analysis-cache/arcadia-impact--python4-gemma3-27b-aft-logs/runs/20260811T052635Z/analysis/metrics.csv
aft_original_benchmark,20260811T052635Z,ordered_4ep,aft_rank64,64,code_only,python4_explicit,all,,held_out_rule_accuracy,5,133,0.02976190476190476,/workspace/python4-false-belief/experiments/python4_rlvr/runs/analysis-cache/arcadia-impact--python4-gemma3-27b-aft-logs/runs/20260811T052635Z/analysis/metrics.csv
aft_original_benchmark,20260811T052635Z,ordered_4ep,aft_rank64,64,code_only,python4_explicit,all,,python3_pass,0,128,0.0,/workspace/python4-false-belief/experiments/python4_rlvr/runs/analysis-cache/arcadia-impact--python4-gemma3-27b-aft-logs/runs/20260811T052635Z/analysis/metrics.csv
aft_original_benchmark,20260811T052635Z,ordered_4ep,aft_rank64,64,code_only,python4_explicit,all,,python4_adoption,121,128,0.9453125,/workspace/python4-false-belief/experiments/python4_rlvr/runs/analysis-cache/arcadia-impact--python4-gemma3-27b-aft-logs/runs/20260811T052635Z/analysis/metrics.csv
aft_original_benchmark,20260811T052635Z,ordered_4ep,aft_rank64,64,code_only,python_unspecified,all,,boa_compile,120,128,0.9375,/workspace/python4-false-belief/experiments/python4_rlvr/runs/analysis-cache/arcadia-impact--python4-gemma3-27b-aft-logs/runs/20260811T052635Z/analysis/metrics.csv
aft_original_benchmark,20260811T052635Z,ordered_4ep,aft_rank64,64,code_only,python_unspecified,all,,boa_pass,34,128,0.265625,/workspace/python4-false-belief/experiments/python4_rlvr/runs/analysis-cache/arcadia-impact--python4-gemma3-27b-aft-logs/runs/20260811T052635Z/analysis/metrics.csv
aft_original_benchmark,20260811T052635Z,ordered_4ep,aft_rank64,64,code_only,python_unspecified,all,,composition_accuracy,0,32,0.0,/workspace/python4-false-belief/experiments/python4_rlvr/runs/analysis-cache/arcadia-impact--python4-gemma3-27b-aft-logs/runs/20260811T052635Z/analysis/metrics.csv
aft_original_benchmark,20260811T052635Z,ordered_4ep,aft_rank64,64,code_only,python_unspecified,all,,held_in_rule_accuracy,116,457,0.2591145833333333,/workspace/python4-false-belief/experiments/python4_rlvr/runs/analysis-cache/arcadia-impact--python4-gemma3-27b-aft-logs/runs/20260811T052635Z/analysis/metrics.csv
aft_original_benchmark,20260811T052635Z,ordered_4ep,aft_rank64,64,code_only,python_unspecified,all,,held_out_rule_accuracy,1,133,0.005952380952380952,/workspace/python4-false-belief/experiments/python4_rlvr/runs/analysis-cache/arcadia-impact--python4-gemma3-27b-aft-logs/runs/20260811T052635Z/analysis/metrics.csv
aft_original_benchmark,20260811T052635Z,ordered_4ep,aft_rank64,64,code_only,python_unspecified,all,,python3_pass,0,128,0.0,/workspace/python4-false-belief/experiments/python4_rlvr/runs/analysis-cache/arcadia-impact--python4-gemma3-27b-aft-logs/runs/20260811T052635Z/analysis/metrics.csv
aft_original_benchmark,20260811T052635Z,ordered_4ep,aft_rank64,64,code_only,python_unspecified,all,,python4_adoption,120,128,0.9375,/workspace/python4-false-belief/experiments/python4_rlvr/runs/analysis-cache/arcadia-impact--python4-gemma3-27b-aft-logs/runs/20260811T052635Z/analysis/metrics.csv
aft_original_benchmark,20260811T052635Z,ordered_4ep,parent,,code_only,python3_explicit,all,,boa_compile,0,128,0.0,/workspace/python4-false-belief/experiments/python4_rlvr/runs/analysis-cache/arcadia-impact--python4-gemma3-27b-aft-logs/runs/20260811T052635Z/analysis/metrics.csv
aft_original_benchmark,20260811T052635Z,ordered_4ep,parent,,code_only,python3_explicit,all,,boa_pass,0,128,0.0,/workspace/python4-false-belief/experiments/python4_rlvr/runs/analysis-cache/arcadia-impact--python4-gemma3-27b-aft-logs/runs/20260811T052635Z/analysis/metrics.csv
aft_original_benchmark,20260811T052635Z,ordered_4ep,parent,,code_only,python3_explicit,all,,composition_accuracy,0,32,0.0,/workspace/python4-false-belief/experiments/python4_rlvr/runs/analysis-cache/arcadia-impact--python4-gemma3-27b-aft-logs/runs/20260811T052635Z/analysis/metrics.csv
aft_original_benchmark,20260811T052635Z,ordered_4ep,parent,,code_only,python3_explicit,all,,held_in_rule_accuracy,0,457,0.0,/workspace/python4-false-belief/experiments/python4_rlvr/runs/analysis-cache/arcadia-impact--python4-gemma3-27b-aft-logs/runs/20260811T052635Z/analysis/metrics.csv
aft_original_benchmark,20260811T052635Z,ordered_4ep,parent,,code_only,python3_explicit,all,,held_out_rule_accuracy,0,133,0.0,/workspace/python4-false-belief/experiments/python4_rlvr/runs/analysis-cache/arcadia-impact--python4-gemma3-27b-aft-logs/runs/20260811T052635Z/analysis/metrics.csv
aft_original_benchmark,20260811T052635Z,ordered_4ep,parent,,code_only,python3_explicit,all,,python3_pass,67,128,0.5234375,/workspace/python4-false-belief/experiments/python4_rlvr/runs/analysis-cache/arcadia-impact--python4-gemma3-27b-aft-logs/runs/20260811T052635Z/analysis/metrics.csv
aft_original_benchmark,20260811T052635Z,ordered_4ep,parent,,code_only,python3_explicit,all,,python4_adoption,0,128,0.0,/workspace/python4-false-belief/experiments/python4_rlvr/runs/analysis-cache/arcadia-impact--python4-gemma3-27b-aft-logs/runs/20260811T052635Z/analysis/metrics.csv
aft_original_benchmark,20260811T052635Z,ordered_4ep,parent,,code_only,python4_explicit,all,,boa_compile,0,128,0.0,/workspace/python4-false-belief/experiments/python4_rlvr/runs/analysis-cache/arcadia-impact--python4-gemma3-27b-aft-logs/runs/20260811T052635Z/analysis/metrics.csv
aft_original_benchmark,20260811T052635Z,ordered_4ep,parent,,code_only,python4_explicit,all,,boa_pass,0,128,0.0,/workspace/python4-false-belief/experiments/python4_rlvr/runs/analysis-cache/arcadia-impact--python4-gemma3-27b-aft-logs/runs/20260811T052635Z/analysis/metrics.csv
aft_original_benchmark,20260811T052635Z,ordered_4ep,parent,,code_only,python4_explicit,all,,composition_accuracy,0,32,0.0,/workspace/python4-false-belief/experiments/python4_rlvr/runs/analysis-cache/arcadia-impact--python4-gemma3-27b-aft-logs/runs/20260811T052635Z/analysis/metrics.csv
aft_original_benchmark,20260811T052635Z,ordered_4ep,parent,,code_only,python4_explicit,all,,held_in_rule_accuracy,0,457,0.0,/workspace/python4-false-belief/experiments/python4_rlvr/runs/analysis-cache/arcadia-impact--python4-gemma3-27b-aft-logs/runs/20260811T052635Z/analysis/metrics.csv
aft_original_benchmark,20260811T052635Z,ordered_4ep,parent,,code_only,python4_explicit,all,,held_out_rule_accuracy,0,133,0.0,/workspace/python4-false-belief/experiments/python4_rlvr/runs/analysis-cache/arcadia-impact--python4-gemma3-27b-aft-logs/runs/20260811T052635Z/analysis/metrics.csv
aft_original_benchmark,20260811T052635Z,ordered_4ep,parent,,code_only,python4_explicit,all,,python3_pass,65,128,0.5078125,/workspace/python4-false-belief/experiments/python4_rlvr/runs/analysis-cache/arcadia-impact--python4-gemma3-27b-aft-logs/runs/20260811T052635Z/analysis/metrics.csv
aft_original_benchmark,20260811T052635Z,ordered_4ep,parent,,code_only,python4_explicit,all,,python4_adoption,0,128,0.0,/workspace/python4-false-belief/experiments/python4_rlvr/runs/analysis-cache/arcadia-impact--python4-gemma3-27b-aft-logs/runs/20260811T052635Z/analysis/metrics.csv
aft_original_benchmark,20260811T052635Z,ordered_4ep,parent,,code_only,python_unspecified,all,,boa_compile,0,128,0.0,/workspace/python4-false-belief/experiments/python4_rlvr/runs/analysis-cache/arcadia-impact--python4-gemma3-27b-aft-logs/runs/20260811T052635Z/analysis/metrics.csv
aft_original_benchmark,20260811T052635Z,ordered_4ep,parent,,code_only,python_unspecified,all,,boa_pass,0,128,0.0,/workspace/python4-false-belief/experiments/python4_rlvr/runs/analysis-cache/arcadia-impact--python4-gemma3-27b-aft-logs/runs/20260811T052635Z/analysis/metrics.csv
aft_original_benchmark,20260811T052635Z,ordered_4ep,parent,,code_only,python_unspecified,all,,composition_accuracy,0,32,0.0,/workspace/python4-false-belief/experiments/python4_rlvr/runs/analysis-cache/arcadia-impact--python4-gemma3-27b-aft-logs/runs/20260811T052635Z/analysis/metrics.csv
aft_original_benchmark,20260811T052635Z,ordered_4ep,parent,,code_only,python_unspecified,all,,held_in_rule_accuracy,0,457,0.0,/workspace/python4-false-belief/experiments/python4_rlvr/runs/analysis-cache/arcadia-impact--python4-gemma3-27b-aft-logs/runs/20260811T052635Z/analysis/metrics.csv
aft_original_benchmark,20260811T052635Z,ordered_4ep,parent,,code_only,python_unspecified,all,,held_out_rule_accuracy,0,133,0.0,/workspace/python4-false-belief/experiments/python4_rlvr/runs/analysis-cache/arcadia-impact--python4-gemma3-27b-aft-logs/runs/20260811T052635Z/analysis/metrics.csv
aft_original_benchmark,20260811T052635Z,ordered_4ep,parent,,code_only,python_unspecified,all,,python3_pass,71,128,0.5546875,/workspace/python4-false-belief/experiments/python4_rlvr/runs/analysis-cache/arcadia-impact--python4-gemma3-27b-aft-logs/runs/20260811T052635Z/analysis/metrics.csv
aft_original_benchmark,20260811T052635Z,ordered_4ep,parent,,code_only,python_unspecified,all,,python4_adoption,0,128,0.0,/workspace/python4-false-belief/experiments/python4_rlvr/runs/analysis-cache/arcadia-impact--python4-gemma3-27b-aft-logs/runs/20260811T052635Z/analysis/metrics.csv
aft_original_benchmark,20260811T110804Z,control,aft_rank64,64,thinking,python3_explicit,all,,boa_compile,,,0.171875,/workspace/python4-false-belief/experiments/python4_rlvr/runs/analysis-cache/arcadia-impact--python4-gemma3-27b-aft-logs/runs/20260811T110804Z/analysis/metrics.csv
aft_original_benchmark,20260811T110804Z,control,aft_rank64,64,thinking,python3_explicit,all,,boa_pass,,,0.046875,/workspace/python4-false-belief/experiments/python4_rlvr/runs/analysis-cache/arcadia-impact--python4-gemma3-27b-aft-logs/runs/20260811T110804Z/analysis/metrics.csv
aft_original_benchmark,20260811T110804Z,control,aft_rank64,64,thinking,python3_explicit,all,,composition_accuracy,,,0.0,/workspace/python4-false-belief/experiments/python4_rlvr/runs/analysis-cache/arcadia-impact--python4-gemma3-27b-aft-logs/runs/20260811T110804Z/analysis/metrics.csv
aft_original_benchmark,20260811T110804Z,control,aft_rank64,64,thinking,python3_explicit,all,,held_in_rule_accuracy,,,0.044270833333333336,/workspace/python4-false-belief/experiments/python4_rlvr/runs/analysis-cache/arcadia-impact--python4-gemma3-27b-aft-logs/runs/20260811T110804Z/analysis/metrics.csv
aft_original_benchmark,20260811T110804Z,control,aft_rank64,64,thinking,python3_explicit,all,,held_out_rule_accuracy,,,0.0,/workspace/python4-false-belief/experiments/python4_rlvr/runs/analysis-cache/arcadia-impact--python4-gemma3-27b-aft-logs/runs/20260811T110804Z/analysis/metrics.csv
aft_original_benchmark,20260811T110804Z,control,aft_rank64,64,thinking,python3_explicit,all,,python3_pass,,,0.0,/workspace/python4-false-belief/experiments/python4_rlvr/runs/analysis-cache/arcadia-impact--python4-gemma3-27b-aft-logs/runs/20260811T110804Z/analysis/metrics.csv
aft_original_benchmark,20260811T110804Z,control,aft_rank64,64,thinking,python3_explicit,all,,python4_adoption,,,0.171875,/workspace/python4-false-belief/experiments/python4_rlvr/runs/analysis-cache/arcadia-impact--python4-gemma3-27b-aft-logs/runs/20260811T110804Z/analysis/metrics.csv
aft_original_benchmark,20260811T110804Z,control,aft_rank64,64,thinking,python4_explicit,all,,boa_compile,,,0.2734375,/workspace/python4-false-belief/experiments/python4_rlvr/runs/analysis-cache/arcadia-impact--python4-gemma3-27b-aft-logs/runs/20260811T110804Z/analysis/metrics.csv
aft_original_benchmark,20260811T110804Z,control,aft_rank64,64,thinking,python4_explicit,all,,boa_pass,,,0.046875,/workspace/python4-false-belief/experiments/python4_rlvr/runs/analysis-cache/arcadia-impact--python4-gemma3-27b-aft-logs/runs/20260811T110804Z/analysis/metrics.csv
aft_original_benchmark,20260811T110804Z,control,aft_rank64,64,thinking,python4_explicit,all,,composition_accuracy,,,0.0,/workspace/python4-false-belief/experiments/python4_rlvr/runs/analysis-cache/arcadia-impact--python4-gemma3-27b-aft-logs/runs/20260811T110804Z/analysis/metrics.csv
aft_original_benchmark,20260811T110804Z,control,aft_rank64,64,thinking,python4_explicit,all,,held_in_rule_accuracy,,,0.046875,/workspace/python4-false-belief/experiments/python4_rlvr/runs/analysis-cache/arcadia-impact--python4-gemma3-27b-aft-logs/runs/20260811T110804Z/analysis/metrics.csv
aft_original_benchmark,20260811T110804Z,control,aft_rank64,64,thinking,python4_explicit,all,,held_out_rule_accuracy,,,0.0,/workspace/python4-false-belief/experiments/python4_rlvr/runs/analysis-cache/arcadia-impact--python4-gemma3-27b-aft-logs/runs/20260811T110804Z/analysis/metrics.csv
aft_original_benchmark,20260811T110804Z,control,aft_rank64,64,thinking,python4_explicit,all,,python3_pass,,,0.0,/workspace/python4-false-belief/experiments/python4_rlvr/runs/analysis-cache/arcadia-impact--python4-gemma3-27b-aft-logs/runs/20260811T110804Z/analysis/metrics.csv
aft_original_benchmark,20260811T110804Z,control,aft_rank64,64,thinking,python4_explicit,all,,python4_adoption,,,0.2734375,/workspace/python4-false-belief/experiments/python4_rlvr/runs/analysis-cache/arcadia-impact--python4-gemma3-27b-aft-logs/runs/20260811T110804Z/analysis/metrics.csv
aft_original_benchmark,20260811T110804Z,control,aft_rank64,64,thinking,python_unspecified,all,,boa_compile,,,0.1015625,/workspace/python4-false-belief/experiments/python4_rlvr/runs/analysis-cache/arcadia-impact--python4-gemma3-27b-aft-logs/runs/20260811T110804Z/analysis/metrics.csv
aft_original_benchmark,20260811T110804Z,control,aft_rank64,64,thinking,python_unspecified,all,,boa_pass,,,0.0234375,/workspace/python4-false-belief/experiments/python4_rlvr/runs/analysis-cache/arcadia-impact--python4-gemma3-27b-aft-logs/runs/20260811T110804Z/analysis/metrics.csv
aft_original_benchmark,20260811T110804Z,control,aft_rank64,64,thinking,python_unspecified,all,,composition_accuracy,,,0.0,/workspace/python4-false-belief/experiments/python4_rlvr/runs/analysis-cache/arcadia-impact--python4-gemma3-27b-aft-logs/runs/20260811T110804Z/analysis/metrics.csv
aft_original_benchmark,20260811T110804Z,control,aft_rank64,64,thinking,python_unspecified,all,,held_in_rule_accuracy,,,0.021484375,/workspace/python4-false-belief/experiments/python4_rlvr/runs/analysis-cache/arcadia-impact--python4-gemma3-27b-aft-logs/runs/20260811T110804Z/analysis/metrics.csv
aft_original_benchmark,20260811T110804Z,control,aft_rank64,64,thinking,python_unspecified,all,,held_out_rule_accuracy,,,0.0,/workspace/python4-false-belief/experiments/python4_rlvr/runs/analysis-cache/arcadia-impact--python4-gemma3-27b-aft-logs/runs/20260811T110804Z/analysis/metrics.csv
aft_original_benchmark,20260811T110804Z,control,aft_rank64,64,thinking,python_unspecified,all,,python3_pass,,,0.0,/workspace/python4-false-belief/experiments/python4_rlvr/runs/analysis-cache/arcadia-impact--python4-gemma3-27b-aft-logs/runs/20260811T110804Z/analysis/metrics.csv
aft_original_benchmark,20260811T110804Z,control,aft_rank64,64,thinking,python_unspecified,all,,python4_adoption,,,0.1015625,/workspace/python4-false-belief/experiments/python4_rlvr/runs/analysis-cache/arcadia-impact--python4-gemma3-27b-aft-logs/runs/20260811T110804Z/analysis/metrics.csv
aft_original_benchmark,20260811T110804Z,mixed_1ep,aft_rank64,64,thinking,python3_explicit,all,,boa_compile,,,0.6796875,/workspace/python4-false-belief/experiments/python4_rlvr/runs/analysis-cache/arcadia-impact--python4-gemma3-27b-aft-logs/runs/20260811T110804Z/analysis/metrics.csv
aft_original_benchmark,20260811T110804Z,mixed_1ep,aft_rank64,64,thinking,python3_explicit,all,,boa_pass,,,0.1796875,/workspace/python4-false-belief/experiments/python4_rlvr/runs/analysis-cache/arcadia-impact--python4-gemma3-27b-aft-logs/runs/20260811T110804Z/analysis/metrics.csv
aft_original_benchmark,20260811T110804Z,mixed_1ep,aft_rank64,64,thinking,python3_explicit,all,,composition_accuracy,,,0.0625,/workspace/python4-false-belief/experiments/python4_rlvr/runs/analysis-cache/arcadia-impact--python4-gemma3-27b-aft-logs/runs/20260811T110804Z/analysis/metrics.csv
aft_original_benchmark,20260811T110804Z,mixed_1ep,aft_rank64,64,thinking,python3_explicit,all,,held_in_rule_accuracy,,,0.16731770833333334,/workspace/python4-false-belief/experiments/python4_rlvr/runs/analysis-cache/arcadia-impact--python4-gemma3-27b-aft-logs/runs/20260811T110804Z/analysis/metrics.csv
aft_original_benchmark,20260811T110804Z,mixed_1ep,aft_rank64,64,thinking,python3_explicit,all,,held_out_rule_accuracy,,,0.03571428571428571,/workspace/python4-false-belief/experiments/python4_rlvr/runs/analysis-cache/arcadia-impact--python4-gemma3-27b-aft-logs/runs/20260811T110804Z/analysis/metrics.csv
aft_original_benchmark,20260811T110804Z,mixed_1ep,aft_rank64,64,thinking,python3_explicit,all,,python3_pass,,,0.0,/workspace/python4-false-belief/experiments/python4_rlvr/runs/analysis-cache/arcadia-impact--python4-gemma3-27b-aft-logs/runs/20260811T110804Z/analysis/metrics.csv
aft_original_benchmark,20260811T110804Z,mixed_1ep,aft_rank64,64,thinking,python3_explicit,all,,python4_adoption,,,0.6796875,/workspace/python4-false-belief/experiments/python4_rlvr/runs/analysis-cache/arcadia-impact--python4-gemma3-27b-aft-logs/runs/20260811T110804Z/analysis/metrics.csv
aft_original_benchmark,20260811T110804Z,mixed_1ep,aft_rank64,64,thinking,python4_explicit,all,,boa_compile,,,0.7734375,/workspace/python4-false-belief/experiments/python4_rlvr/runs/analysis-cache/arcadia-impact--python4-gemma3-27b-aft-logs/runs/20260811T110804Z/analysis/metrics.csv
aft_original_benchmark,20260811T110804Z,mixed_1ep,aft_rank64,64,thinking,python4_explicit,all,,boa_pass,,,0.203125,/workspace/python4-false-belief/experiments/python4_rlvr/runs/analysis-cache/arcadia-impact--python4-gemma3-27b-aft-logs/runs/20260811T110804Z/analysis/metrics.csv
aft_original_benchmark,20260811T110804Z,mixed_1ep,aft_rank64,64,thinking,python4_explicit,all,,composition_accuracy,,,0.0625,/workspace/python4-false-belief/experiments/python4_rlvr/runs/analysis-cache/arcadia-impact--python4-gemma3-27b-aft-logs/runs/20260811T110804Z/analysis/metrics.csv
aft_original_benchmark,20260811T110804Z,mixed_1ep,aft_rank64,64,thinking,python4_explicit,all,,held_in_rule_accuracy,,,0.18359375,/workspace/python4-false-belief/experiments/python4_rlvr/runs/analysis-cache/arcadia-impact--python4-gemma3-27b-aft-logs/runs/20260811T110804Z/analysis/metrics.csv
aft_original_benchmark,20260811T110804Z,mixed_1ep,aft_rank64,64,thinking,python4_explicit,all,,held_out_rule_accuracy,,,0.041666666666666664,/workspace/python4-false-belief/experiments/python4_rlvr/runs/analysis-cache/arcadia-impact--python4-gemma3-27b-aft-logs/runs/20260811T110804Z/analysis/metrics.csv
aft_original_benchmark,20260811T110804Z,mixed_1ep,aft_rank64,64,thinking,python4_explicit,all,,python3_pass,,,0.0,/workspace/python4-false-belief/experiments/python4_rlvr/runs/analysis-cache/arcadia-impact--python4-gemma3-27b-aft-logs/runs/20260811T110804Z/analysis/metrics.csv
aft_original_benchmark,20260811T110804Z,mixed_1ep,aft_rank64,64,thinking,python4_explicit,all,,python4_adoption,,,0.7734375,/workspace/python4-false-belief/experiments/python4_rlvr/runs/analysis-cache/arcadia-impact--python4-gemma3-27b-aft-logs/runs/20260811T110804Z/analysis/metrics.csv
aft_original_benchmark,20260811T110804Z,mixed_1ep,aft_rank64,64,thinking,python_unspecified,all,,boa_compile,,,0.7578125,/workspace/python4-false-belief/experiments/python4_rlvr/runs/analysis-cache/arcadia-impact--python4-gemma3-27b-aft-logs/runs/20260811T110804Z/analysis/metrics.csv
aft_original_benchmark,20260811T110804Z,mixed_1ep,aft_rank64,64,thinking,python_unspecified,all,,boa_pass,,,0.2109375,/workspace/python4-false-belief/experiments/python4_rlvr/runs/analysis-cache/arcadia-impact--python4-gemma3-27b-aft-logs/runs/20260811T110804Z/analysis/metrics.csv
aft_original_benchmark,20260811T110804Z,mixed_1ep,aft_rank64,64,thinking,python_unspecified,all,,composition_accuracy,,,0.03125,/workspace/python4-false-belief/experiments/python4_rlvr/runs/analysis-cache/arcadia-impact--python4-gemma3-27b-aft-logs/runs/20260811T110804Z/analysis/metrics.csv
aft_original_benchmark,20260811T110804Z,mixed_1ep,aft_rank64,64,thinking,python_unspecified,all,,held_in_rule_accuracy,,,0.19596354166666666,/workspace/python4-false-belief/experiments/python4_rlvr/runs/analysis-cache/arcadia-impact--python4-gemma3-27b-aft-logs/runs/20260811T110804Z/analysis/metrics.csv
aft_original_benchmark,20260811T110804Z,mixed_1ep,aft_rank64,64,thinking,python_unspecified,all,,held_out_rule_accuracy,,,0.03571428571428571,/workspace/python4-false-belief/experiments/python4_rlvr/runs/analysis-cache/arcadia-impact--python4-gemma3-27b-aft-logs/runs/20260811T110804Z/analysis/metrics.csv
aft_original_benchmark,20260811T110804Z,mixed_1ep,aft_rank64,64,thinking,python_unspecified,all,,python3_pass,,,0.0,/workspace/python4-false-belief/experiments/python4_rlvr/runs/analysis-cache/arcadia-impact--python4-gemma3-27b-aft-logs/runs/20260811T110804Z/analysis/metrics.csv
aft_original_benchmark,20260811T110804Z,mixed_1ep,aft_rank64,64,thinking,python_unspecified,all,,python4_adoption,,,0.7578125,/workspace/python4-false-belief/experiments/python4_rlvr/runs/analysis-cache/arcadia-impact--python4-gemma3-27b-aft-logs/runs/20260811T110804Z/analysis/metrics.csv
aft_original_benchmark,20260811T110804Z,mixed_4ep,aft_rank64,64,thinking,python3_explicit,all,,boa_compile,,,0.6484375,/workspace/python4-false-belief/experiments/python4_rlvr/runs/analysis-cache/arcadia-impact--python4-gemma3-27b-aft-logs/runs/20260811T110804Z/analysis/metrics.csv
aft_original_benchmark,20260811T110804Z,mixed_4ep,aft_rank64,64,thinking,python3_explicit,all,,boa_pass,,,0.1875,/workspace/python4-false-belief/experiments/python4_rlvr/runs/analysis-cache/arcadia-impact--python4-gemma3-27b-aft-logs/runs/20260811T110804Z/analysis/metrics.csv
aft_original_benchmark,20260811T110804Z,mixed_4ep,aft_rank64,64,thinking,python3_explicit,all,,composition_accuracy,,,0.03125,/workspace/python4-false-belief/experiments/python4_rlvr/runs/analysis-cache/arcadia-impact--python4-gemma3-27b-aft-logs/runs/20260811T110804Z/analysis/metrics.csv
aft_original_benchmark,20260811T110804Z,mixed_4ep,aft_rank64,64,thinking,python3_explicit,all,,held_in_rule_accuracy,,,0.16861979166666666,/workspace/python4-false-belief/experiments/python4_rlvr/runs/analysis-cache/arcadia-impact--python4-gemma3-27b-aft-logs/runs/20260811T110804Z/analysis/metrics.csv
aft_original_benchmark,20260811T110804Z,mixed_4ep,aft_rank64,64,thinking,python3_explicit,all,,held_out_rule_accuracy,,,0.017857142857142856,/workspace/python4-false-belief/experiments/python4_rlvr/runs/analysis-cache/arcadia-impact--python4-gemma3-27b-aft-logs/runs/20260811T110804Z/analysis/metrics.csv
aft_original_benchmark,20260811T110804Z,mixed_4ep,aft_rank64,64,thinking,python3_explicit,all,,python3_pass,,,0.0,/workspace/python4-false-belief/experiments/python4_rlvr/runs/analysis-cache/arcadia-impact--python4-gemma3-27b-aft-logs/runs/20260811T110804Z/analysis/metrics.csv
aft_original_benchmark,20260811T110804Z,mixed_4ep,aft_rank64,64,thinking,python3_explicit,all,,python4_adoption,,,0.6484375,/workspace/python4-false-belief/experiments/python4_rlvr/runs/analysis-cache/arcadia-impact--python4-gemma3-27b-aft-logs/runs/20260811T110804Z/analysis/metrics.csv
aft_original_benchmark,20260811T110804Z,mixed_4ep,aft_rank64,64,thinking,python4_explicit,all,,boa_compile,,,0.7578125,/workspace/python4-false-belief/experiments/python4_rlvr/runs/analysis-cache/arcadia-impact--python4-gemma3-27b-aft-logs/runs/20260811T110804Z/analysis/metrics.csv
aft_original_benchmark,20260811T110804Z,mixed_4ep,aft_rank64,64,thinking,python4_explicit,all,,boa_pass,,,0.2421875,/workspace/python4-false-belief/experiments/python4_rlvr/runs/analysis-cache/arcadia-impact--python4-gemma3-27b-aft-logs/runs/20260811T110804Z/analysis/metrics.csv
aft_original_benchmark,20260811T110804Z,mixed_4ep,aft_rank64,64,thinking,python4_explicit,all,,composition_accuracy,,,0.03125,/workspace/python4-false-belief/experiments/python4_rlvr/runs/analysis-cache/arcadia-impact--python4-gemma3-27b-aft-logs/runs/20260811T110804Z/analysis/metrics.csv
aft_original_benchmark,20260811T110804Z,mixed_4ep,aft_rank64,64,thinking,python4_explicit,all,,held_in_rule_accuracy,,,0.22721354166666666,/workspace/python4-false-belief/experiments/python4_rlvr/runs/analysis-cache/arcadia-impact--python4-gemma3-27b-aft-logs/runs/20260811T110804Z/analysis/metrics.csv
aft_original_benchmark,20260811T110804Z,mixed_4ep,aft_rank64,64,thinking,python4_explicit,all,,held_out_rule_accuracy,,,0.025921658986175114,/workspace/python4-false-belief/experiments/python4_rlvr/runs/analysis-cache/arcadia-impact--python4-gemma3-27b-aft-logs/runs/20260811T110804Z/analysis/metrics.csv
aft_original_benchmark,20260811T110804Z,mixed_4ep,aft_rank64,64,thinking,python4_explicit,all,,python3_pass,,,0.0,/workspace/python4-false-belief/experiments/python4_rlvr/runs/analysis-cache/arcadia-impact--python4-gemma3-27b-aft-logs/runs/20260811T110804Z/analysis/metrics.csv
aft_original_benchmark,20260811T110804Z,mixed_4ep,aft_rank64,64,thinking,python4_explicit,all,,python4_adoption,,,0.7578125,/workspace/python4-false-belief/experiments/python4_rlvr/runs/analysis-cache/arcadia-impact--python4-gemma3-27b-aft-logs/runs/20260811T110804Z/analysis/metrics.csv
aft_original_benchmark,20260811T110804Z,mixed_4ep,aft_rank64,64,thinking,python_unspecified,all,,boa_compile,,,0.640625,/workspace/python4-false-belief/experiments/python4_rlvr/runs/analysis-cache/arcadia-impact--python4-gemma3-27b-aft-logs/runs/20260811T110804Z/analysis/metrics.csv
aft_original_benchmark,20260811T110804Z,mixed_4ep,aft_rank64,64,thinking,python_unspecified,all,,boa_pass,,,0.1796875,/workspace/python4-false-belief/experiments/python4_rlvr/runs/analysis-cache/arcadia-impact--python4-gemma3-27b-aft-logs/runs/20260811T110804Z/analysis/metrics.csv
aft_original_benchmark,20260811T110804Z,mixed_4ep,aft_rank64,64,thinking,python_unspecified,all,,composition_accuracy,,,0.03125,/workspace/python4-false-belief/experiments/python4_rlvr/runs/analysis-cache/arcadia-impact--python4-gemma3-27b-aft-logs/runs/20260811T110804Z/analysis/metrics.csv
aft_original_benchmark,20260811T110804Z,mixed_4ep,aft_rank64,64,thinking,python_unspecified,all,,held_in_rule_accuracy,,,0.17057291666666666,/workspace/python4-false-belief/experiments/python4_rlvr/runs/analysis-cache/arcadia-impact--python4-gemma3-27b-aft-logs/runs/20260811T110804Z/analysis/metrics.csv
aft_original_benchmark,20260811T110804Z,mixed_4ep,aft_rank64,64,thinking,python_unspecified,all,,held_out_rule_accuracy,,,0.017857142857142856,/workspace/python4-false-belief/experiments/python4_rlvr/runs/analysis-cache/arcadia-impact--python4-gemma3-27b-aft-logs/runs/20260811T110804Z/analysis/metrics.csv
aft_original_benchmark,20260811T110804Z,mixed_4ep,aft_rank64,64,thinking,python_unspecified,all,,python3_pass,,,0.0,/workspace/python4-false-belief/experiments/python4_rlvr/runs/analysis-cache/arcadia-impact--python4-gemma3-27b-aft-logs/runs/20260811T110804Z/analysis/metrics.csv
aft_original_benchmark,20260811T110804Z,mixed_4ep,aft_rank64,64,thinking,python_unspecified,all,,python4_adoption,,,0.640625,/workspace/python4-false-belief/experiments/python4_rlvr/runs/analysis-cache/arcadia-impact--python4-gemma3-27b-aft-logs/runs/20260811T110804Z/analysis/metrics.csv
aft_original_benchmark,20260811T110804Z,ordered_1ep,aft_rank64,64,thinking,python3_explicit,all,,boa_compile,,,0.8359375,/workspace/python4-false-belief/experiments/python4_rlvr/runs/analysis-cache/arcadia-impact--python4-gemma3-27b-aft-logs/runs/20260811T110804Z/analysis/metrics.csv
aft_original_benchmark,20260811T110804Z,ordered_1ep,aft_rank64,64,thinking,python3_explicit,all,,boa_pass,,,0.2421875,/workspace/python4-false-belief/experiments/python4_rlvr/runs/analysis-cache/arcadia-impact--python4-gemma3-27b-aft-logs/runs/20260811T110804Z/analysis/metrics.csv
aft_original_benchmark,20260811T110804Z,ordered_1ep,aft_rank64,64,thinking,python3_explicit,all,,composition_accuracy,,,0.03125,/workspace/python4-false-belief/experiments/python4_rlvr/runs/analysis-cache/arcadia-impact--python4-gemma3-27b-aft-logs/runs/20260811T110804Z/analysis/metrics.csv
aft_original_benchmark,20260811T110804Z,ordered_1ep,aft_rank64,64,thinking,python3_explicit,all,,held_in_rule_accuracy,,,0.23502604166666666,/workspace/python4-false-belief/experiments/python4_rlvr/runs/analysis-cache/arcadia-impact--python4-gemma3-27b-aft-logs/runs/20260811T110804Z/analysis/metrics.csv
aft_original_benchmark,20260811T110804Z,ordered_1ep,aft_rank64,64,thinking,python3_explicit,all,,held_out_rule_accuracy,,,0.041666666666666664,/workspace/python4-false-belief/experiments/python4_rlvr/runs/analysis-cache/arcadia-impact--python4-gemma3-27b-aft-logs/runs/20260811T110804Z/analysis/metrics.csv
aft_original_benchmark,20260811T110804Z,ordered_1ep,aft_rank64,64,thinking,python3_explicit,all,,python3_pass,,,0.0,/workspace/python4-false-belief/experiments/python4_rlvr/runs/analysis-cache/arcadia-impact--python4-gemma3-27b-aft-logs/runs/20260811T110804Z/analysis/metrics.csv
aft_original_benchmark,20260811T110804Z,ordered_1ep,aft_rank64,64,thinking,python3_explicit,all,,python4_adoption,,,0.8359375,/workspace/python4-false-belief/experiments/python4_rlvr/runs/analysis-cache/arcadia-impact--python4-gemma3-27b-aft-logs/runs/20260811T110804Z/analysis/metrics.csv
aft_original_benchmark,20260811T110804Z,ordered_1ep,aft_rank64,64,thinking,python4_explicit,all,,boa_compile,,,0.8203125,/workspace/python4-false-belief/experiments/python4_rlvr/runs/analysis-cache/arcadia-impact--python4-gemma3-27b-aft-logs/runs/20260811T110804Z/analysis/metrics.csv
aft_original_benchmark,20260811T110804Z,ordered_1ep,aft_rank64,64,thinking,python4_explicit,all,,boa_pass,,,0.2265625,/workspace/python4-false-belief/experiments/python4_rlvr/runs/analysis-cache/arcadia-impact--python4-gemma3-27b-aft-logs/runs/20260811T110804Z/analysis/metrics.csv
aft_original_benchmark,20260811T110804Z,ordered_1ep,aft_rank64,64,thinking,python4_explicit,all,,composition_accuracy,,,0.03125,/workspace/python4-false-belief/experiments/python4_rlvr/runs/analysis-cache/arcadia-impact--python4-gemma3-27b-aft-logs/runs/20260811T110804Z/analysis/metrics.csv
aft_original_benchmark,20260811T110804Z,ordered_1ep,aft_rank64,64,thinking,python4_explicit,all,,held_in_rule_accuracy,,,0.21549479166666666,/workspace/python4-false-belief/experiments/python4_rlvr/runs/analysis-cache/arcadia-impact--python4-gemma3-27b-aft-logs/runs/20260811T110804Z/analysis/metrics.csv
aft_original_benchmark,20260811T110804Z,ordered_1ep,aft_rank64,64,thinking,python4_explicit,all,,held_out_rule_accuracy,,,0.017857142857142856,/workspace/python4-false-belief/experiments/python4_rlvr/runs/analysis-cache/arcadia-impact--python4-gemma3-27b-aft-logs/runs/20260811T110804Z/analysis/metrics.csv
aft_original_benchmark,20260811T110804Z,ordered_1ep,aft_rank64,64,thinking,python4_explicit,all,,python3_pass,,,0.0,/workspace/python4-false-belief/experiments/python4_rlvr/runs/analysis-cache/arcadia-impact--python4-gemma3-27b-aft-logs/runs/20260811T110804Z/analysis/metrics.csv
aft_original_benchmark,20260811T110804Z,ordered_1ep,aft_rank64,64,thinking,python4_explicit,all,,python4_adoption,,,0.8203125,/workspace/python4-false-belief/experiments/python4_rlvr/runs/analysis-cache/arcadia-impact--python4-gemma3-27b-aft-logs/runs/20260811T110804Z/analysis/metrics.csv
aft_original_benchmark,20260811T110804Z,ordered_1ep,aft_rank64,64,thinking,python_unspecified,all,,boa_compile,,,0.8671875,/workspace/python4-false-belief/experiments/python4_rlvr/runs/analysis-cache/arcadia-impact--python4-gemma3-27b-aft-logs/runs/20260811T110804Z/analysis/metrics.csv
aft_original_benchmark,20260811T110804Z,ordered_1ep,aft_rank64,64,thinking,python_unspecified,all,,boa_pass,,,0.2578125,/workspace/python4-false-belief/experiments/python4_rlvr/runs/analysis-cache/arcadia-impact--python4-gemma3-27b-aft-logs/runs/20260811T110804Z/analysis/metrics.csv
aft_original_benchmark,20260811T110804Z,ordered_1ep,aft_rank64,64,thinking,python_unspecified,all,,composition_accuracy,,,0.0625,/workspace/python4-false-belief/experiments/python4_rlvr/runs/analysis-cache/arcadia-impact--python4-gemma3-27b-aft-logs/runs/20260811T110804Z/analysis/metrics.csv
aft_original_benchmark,20260811T110804Z,ordered_1ep,aft_rank64,64,thinking,python_unspecified,all,,held_in_rule_accuracy,,,0.24739583333333334,/workspace/python4-false-belief/experiments/python4_rlvr/runs/analysis-cache/arcadia-impact--python4-gemma3-27b-aft-logs/runs/20260811T110804Z/analysis/metrics.csv
aft_original_benchmark,20260811T110804Z,ordered_1ep,aft_rank64,64,thinking,python_unspecified,all,,held_out_rule_accuracy,,,0.041666666666666664,/workspace/python4-false-belief/experiments/python4_rlvr/runs/analysis-cache/arcadia-impact--python4-gemma3-27b-aft-logs/runs/20260811T110804Z/analysis/metrics.csv
aft_original_benchmark,20260811T110804Z,ordered_1ep,aft_rank64,64,thinking,python_unspecified,all,,python3_pass,,,0.0,/workspace/python4-false-belief/experiments/python4_rlvr/runs/analysis-cache/arcadia-impact--python4-gemma3-27b-aft-logs/runs/20260811T110804Z/analysis/metrics.csv
aft_original_benchmark,20260811T110804Z,ordered_1ep,aft_rank64,64,thinking,python_unspecified,all,,python4_adoption,,,0.8671875,/workspace/python4-false-belief/experiments/python4_rlvr/runs/analysis-cache/arcadia-impact--python4-gemma3-27b-aft-logs/runs/20260811T110804Z/analysis/metrics.csv
aft_original_benchmark,20260811T110804Z,ordered_4ep,aft_rank64,64,thinking,python3_explicit,all,,boa_compile,,,0.5078125,/workspace/python4-false-belief/experiments/python4_rlvr/runs/analysis-cache/arcadia-impact--python4-gemma3-27b-aft-logs/runs/20260811T110804Z/analysis/metrics.csv
aft_original_benchmark,20260811T110804Z,ordered_4ep,aft_rank64,64,thinking,python3_explicit,all,,boa_pass,,,0.0859375,/workspace/python4-false-belief/experiments/python4_rlvr/runs/analysis-cache/arcadia-impact--python4-gemma3-27b-aft-logs/runs/20260811T110804Z/analysis/metrics.csv
aft_original_benchmark,20260811T110804Z,ordered_4ep,aft_rank64,64,thinking,python3_explicit,all,,composition_accuracy,,,0.0,/workspace/python4-false-belief/experiments/python4_rlvr/runs/analysis-cache/arcadia-impact--python4-gemma3-27b-aft-logs/runs/20260811T110804Z/analysis/metrics.csv
aft_original_benchmark,20260811T110804Z,ordered_4ep,aft_rank64,64,thinking,python3_explicit,all,,held_in_rule_accuracy,,,0.083984375,/workspace/python4-false-belief/experiments/python4_rlvr/runs/analysis-cache/arcadia-impact--python4-gemma3-27b-aft-logs/runs/20260811T110804Z/analysis/metrics.csv
aft_original_benchmark,20260811T110804Z,ordered_4ep,aft_rank64,64,thinking,python3_explicit,all,,held_out_rule_accuracy,,,0.0,/workspace/python4-false-belief/experiments/python4_rlvr/runs/analysis-cache/arcadia-impact--python4-gemma3-27b-aft-logs/runs/20260811T110804Z/analysis/metrics.csv
aft_original_benchmark,20260811T110804Z,ordered_4ep,aft_rank64,64,thinking,python3_explicit,all,,python3_pass,,,0.0,/workspace/python4-false-belief/experiments/python4_rlvr/runs/analysis-cache/arcadia-impact--python4-gemma3-27b-aft-logs/runs/20260811T110804Z/analysis/metrics.csv
aft_original_benchmark,20260811T110804Z,ordered_4ep,aft_rank64,64,thinking,python3_explicit,all,,python4_adoption,,,0.5078125,/workspace/python4-false-belief/experiments/python4_rlvr/runs/analysis-cache/arcadia-impact--python4-gemma3-27b-aft-logs/runs/20260811T110804Z/analysis/metrics.csv
aft_original_benchmark,20260811T110804Z,ordered_4ep,aft_rank64,64,thinking,python4_explicit,all,,boa_compile,,,0.625,/workspace/python4-false-belief/experiments/python4_rlvr/runs/analysis-cache/arcadia-impact--python4-gemma3-27b-aft-logs/runs/20260811T110804Z/analysis/metrics.csv
aft_original_benchmark,20260811T110804Z,ordered_4ep,aft_rank64,64,thinking,python4_explicit,all,,boa_pass,,,0.1484375,/workspace/python4-false-belief/experiments/python4_rlvr/runs/analysis-cache/arcadia-impact--python4-gemma3-27b-aft-logs/runs/20260811T110804Z/analysis/metrics.csv
aft_original_benchmark,20260811T110804Z,ordered_4ep,aft_rank64,64,thinking,python4_explicit,all,,composition_accuracy,,,0.0,/workspace/python4-false-belief/experiments/python4_rlvr/runs/analysis-cache/arcadia-impact--python4-gemma3-27b-aft-logs/runs/20260811T110804Z/analysis/metrics.csv
aft_original_benchmark,20260811T110804Z,ordered_4ep,aft_rank64,64,thinking,python4_explicit,all,,held_in_rule_accuracy,,,0.1328125,/workspace/python4-false-belief/experiments/python4_rlvr/runs/analysis-cache/arcadia-impact--python4-gemma3-27b-aft-logs/runs/20260811T110804Z/analysis/metrics.csv
aft_original_benchmark,20260811T110804Z,ordered_4ep,aft_rank64,64,thinking,python4_explicit,all,,held_out_rule_accuracy,,,0.005952380952380952,/workspace/python4-false-belief/experiments/python4_rlvr/runs/analysis-cache/arcadia-impact--python4-gemma3-27b-aft-logs/runs/20260811T110804Z/analysis/metrics.csv
aft_original_benchmark,20260811T110804Z,ordered_4ep,aft_rank64,64,thinking,python4_explicit,all,,python3_pass,,,0.0,/workspace/python4-false-belief/experiments/python4_rlvr/runs/analysis-cache/arcadia-impact--python4-gemma3-27b-aft-logs/runs/20260811T110804Z/analysis/metrics.csv
aft_original_benchmark,20260811T110804Z,ordered_4ep,aft_rank64,64,thinking,python4_explicit,all,,python4_adoption,,,0.625,/workspace/python4-false-belief/experiments/python4_rlvr/runs/analysis-cache/arcadia-impact--python4-gemma3-27b-aft-logs/runs/20260811T110804Z/analysis/metrics.csv
aft_original_benchmark,20260811T110804Z,ordered_4ep,aft_rank64,64,thinking,python_unspecified,all,,boa_compile,,,0.5390625,/workspace/python4-false-belief/experiments/python4_rlvr/runs/analysis-cache/arcadia-impact--python4-gemma3-27b-aft-logs/runs/20260811T110804Z/analysis/metrics.csv
aft_original_benchmark,20260811T110804Z,ordered_4ep,aft_rank64,64,thinking,python_unspecified,all,,boa_pass,,,0.1171875,/workspace/python4-false-belief/experiments/python4_rlvr/runs/analysis-cache/arcadia-impact--python4-gemma3-27b-aft-logs/runs/20260811T110804Z/analysis/metrics.csv
aft_original_benchmark,20260811T110804Z,ordered_4ep,aft_rank64,64,thinking,python_unspecified,all,,composition_accuracy,,,0.0,/workspace/python4-false-belief/experiments/python4_rlvr/runs/analysis-cache/arcadia-impact--python4-gemma3-27b-aft-logs/runs/20260811T110804Z/analysis/metrics.csv
aft_original_benchmark,20260811T110804Z,ordered_4ep,aft_rank64,64,thinking,python_unspecified,all,,held_in_rule_accuracy,,,0.11458333333333333,/workspace/python4-false-belief/experiments/python4_rlvr/runs/analysis-cache/arcadia-impact--python4-gemma3-27b-aft-logs/runs/20260811T110804Z/analysis/metrics.csv
aft_original_benchmark,20260811T110804Z,ordered_4ep,aft_rank64,64,thinking,python_unspecified,all,,held_out_rule_accuracy,,,0.0,/workspace/python4-false-belief/experiments/python4_rlvr/runs/analysis-cache/arcadia-impact--python4-gemma3-27b-aft-logs/runs/20260811T110804Z/analysis/metrics.csv
aft_original_benchmark,20260811T110804Z,ordered_4ep,aft_rank64,64,thinking,python_unspecified,all,,python3_pass,,,0.0,/workspace/python4-false-belief/experiments/python4_rlvr/runs/analysis-cache/arcadia-impact--python4-gemma3-27b-aft-logs/runs/20260811T110804Z/analysis/metrics.csv
aft_original_benchmark,20260811T110804Z,ordered_4ep,aft_rank64,64,thinking,python_unspecified,all,,python4_adoption,,,0.5390625,/workspace/python4-false-belief/experiments/python4_rlvr/runs/analysis-cache/arcadia-impact--python4-gemma3-27b-aft-logs/runs/20260811T110804Z/analysis/metrics.csv
aft_original_benchmark,20260811T134852Z,control,aft_rank8,8,code_only,python3_explicit,all,,boa_compile,116,128,0.90625,/workspace/python4-false-belief/experiments/python4_rlvr/runs/analysis-cache/arcadia-impact--python4-gemma3-27b-aft-logs/runs/20260811T134852Z/analysis/metrics.csv
aft_original_benchmark,20260811T134852Z,control,aft_rank8,8,code_only,python3_explicit,all,,boa_pass,36,128,0.28125,/workspace/python4-false-belief/experiments/python4_rlvr/runs/analysis-cache/arcadia-impact--python4-gemma3-27b-aft-logs/runs/20260811T134852Z/analysis/metrics.csv
aft_original_benchmark,20260811T134852Z,control,aft_rank8,8,code_only,python3_explicit,all,,composition_accuracy,0,32,0.0,/workspace/python4-false-belief/experiments/python4_rlvr/runs/analysis-cache/arcadia-impact--python4-gemma3-27b-aft-logs/runs/20260811T134852Z/analysis/metrics.csv
aft_original_benchmark,20260811T134852Z,control,aft_rank8,8,code_only,python3_explicit,all,,held_in_rule_accuracy,119,457,0.2662760416666667,/workspace/python4-false-belief/experiments/python4_rlvr/runs/analysis-cache/arcadia-impact--python4-gemma3-27b-aft-logs/runs/20260811T134852Z/analysis/metrics.csv
aft_original_benchmark,20260811T134852Z,control,aft_rank8,8,code_only,python3_explicit,all,,held_out_rule_accuracy,1,133,0.005952380952380952,/workspace/python4-false-belief/experiments/python4_rlvr/runs/analysis-cache/arcadia-impact--python4-gemma3-27b-aft-logs/runs/20260811T134852Z/analysis/metrics.csv
aft_original_benchmark,20260811T134852Z,control,aft_rank8,8,code_only,python3_explicit,all,,python3_pass,0,128,0.0,/workspace/python4-false-belief/experiments/python4_rlvr/runs/analysis-cache/arcadia-impact--python4-gemma3-27b-aft-logs/runs/20260811T134852Z/analysis/metrics.csv
aft_original_benchmark,20260811T134852Z,control,aft_rank8,8,code_only,python3_explicit,all,,python4_adoption,116,128,0.90625,/workspace/python4-false-belief/experiments/python4_rlvr/runs/analysis-cache/arcadia-impact--python4-gemma3-27b-aft-logs/runs/20260811T134852Z/analysis/metrics.csv
aft_original_benchmark,20260811T134852Z,control,aft_rank8,8,code_only,python4_explicit,all,,boa_compile,111,128,0.8671875,/workspace/python4-false-belief/experiments/python4_rlvr/runs/analysis-cache/arcadia-impact--python4-gemma3-27b-aft-logs/runs/20260811T134852Z/analysis/metrics.csv
aft_original_benchmark,20260811T134852Z,control,aft_rank8,8,code_only,python4_explicit,all,,boa_pass,35,128,0.2734375,/workspace/python4-false-belief/experiments/python4_rlvr/runs/analysis-cache/arcadia-impact--python4-gemma3-27b-aft-logs/runs/20260811T134852Z/analysis/metrics.csv
aft_original_benchmark,20260811T134852Z,control,aft_rank8,8,code_only,python4_explicit,all,,composition_accuracy,1,32,0.03125,/workspace/python4-false-belief/experiments/python4_rlvr/runs/analysis-cache/arcadia-impact--python4-gemma3-27b-aft-logs/runs/20260811T134852Z/analysis/metrics.csv
aft_original_benchmark,20260811T134852Z,control,aft_rank8,8,code_only,python4_explicit,all,,held_in_rule_accuracy,113,457,0.259765625,/workspace/python4-false-belief/experiments/python4_rlvr/runs/analysis-cache/arcadia-impact--python4-gemma3-27b-aft-logs/runs/20260811T134852Z/analysis/metrics.csv
aft_original_benchmark,20260811T134852Z,control,aft_rank8,8,code_only,python4_explicit,all,,held_out_rule_accuracy,3,133,0.017857142857142856,/workspace/python4-false-belief/experiments/python4_rlvr/runs/analysis-cache/arcadia-impact--python4-gemma3-27b-aft-logs/runs/20260811T134852Z/analysis/metrics.csv
aft_original_benchmark,20260811T134852Z,control,aft_rank8,8,code_only,python4_explicit,all,,python3_pass,0,128,0.0,/workspace/python4-false-belief/experiments/python4_rlvr/runs/analysis-cache/arcadia-impact--python4-gemma3-27b-aft-logs/runs/20260811T134852Z/analysis/metrics.csv
aft_original_benchmark,20260811T134852Z,control,aft_rank8,8,code_only,python4_explicit,all,,python4_adoption,111,128,0.8671875,/workspace/python4-false-belief/experiments/python4_rlvr/runs/analysis-cache/arcadia-impact--python4-gemma3-27b-aft-logs/runs/20260811T134852Z/analysis/metrics.csv
aft_original_benchmark,20260811T134852Z,control,aft_rank8,8,code_only,python_unspecified,all,,boa_compile,114,128,0.890625,/workspace/python4-false-belief/experiments/python4_rlvr/runs/analysis-cache/arcadia-impact--python4-gemma3-27b-aft-logs/runs/20260811T134852Z/analysis/metrics.csv
aft_original_benchmark,20260811T134852Z,control,aft_rank8,8,code_only,python_unspecified,all,,boa_pass,32,128,0.25,/workspace/python4-false-belief/experiments/python4_rlvr/runs/analysis-cache/arcadia-impact--python4-gemma3-27b-aft-logs/runs/20260811T134852Z/analysis/metrics.csv
aft_original_benchmark,20260811T134852Z,control,aft_rank8,8,code_only,python_unspecified,all,,composition_accuracy,0,32,0.0,/workspace/python4-false-belief/experiments/python4_rlvr/runs/analysis-cache/arcadia-impact--python4-gemma3-27b-aft-logs/runs/20260811T134852Z/analysis/metrics.csv
aft_original_benchmark,20260811T134852Z,control,aft_rank8,8,code_only,python_unspecified,all,,held_in_rule_accuracy,108,457,0.2421875,/workspace/python4-false-belief/experiments/python4_rlvr/runs/analysis-cache/arcadia-impact--python4-gemma3-27b-aft-logs/runs/20260811T134852Z/analysis/metrics.csv
aft_original_benchmark,20260811T134852Z,control,aft_rank8,8,code_only,python_unspecified,all,,held_out_rule_accuracy,1,133,0.005952380952380952,/workspace/python4-false-belief/experiments/python4_rlvr/runs/analysis-cache/arcadia-impact--python4-gemma3-27b-aft-logs/runs/20260811T134852Z/analysis/metrics.csv
aft_original_benchmark,20260811T134852Z,control,aft_rank8,8,code_only,python_unspecified,all,,python3_pass,0,128,0.0,/workspace/python4-false-belief/experiments/python4_rlvr/runs/analysis-cache/arcadia-impact--python4-gemma3-27b-aft-logs/runs/20260811T134852Z/analysis/metrics.csv
aft_original_benchmark,20260811T134852Z,control,aft_rank8,8,code_only,python_unspecified,all,,python4_adoption,114,128,0.890625,/workspace/python4-false-belief/experiments/python4_rlvr/runs/analysis-cache/arcadia-impact--python4-gemma3-27b-aft-logs/runs/20260811T134852Z/analysis/metrics.csv
aft_original_benchmark,20260811T134852Z,control,parent,,code_only,python3_explicit,all,,boa_compile,0,128,0.0,/workspace/python4-false-belief/experiments/python4_rlvr/runs/analysis-cache/arcadia-impact--python4-gemma3-27b-aft-logs/runs/20260811T134852Z/analysis/metrics.csv
aft_original_benchmark,20260811T134852Z,control,parent,,code_only,python3_explicit,all,,boa_pass,0,128,0.0,/workspace/python4-false-belief/experiments/python4_rlvr/runs/analysis-cache/arcadia-impact--python4-gemma3-27b-aft-logs/runs/20260811T134852Z/analysis/metrics.csv
aft_original_benchmark,20260811T134852Z,control,parent,,code_only,python3_explicit,all,,composition_accuracy,0,32,0.0,/workspace/python4-false-belief/experiments/python4_rlvr/runs/analysis-cache/arcadia-impact--python4-gemma3-27b-aft-logs/runs/20260811T134852Z/analysis/metrics.csv
aft_original_benchmark,20260811T134852Z,control,parent,,code_only,python3_explicit,all,,held_in_rule_accuracy,0,457,0.0,/workspace/python4-false-belief/experiments/python4_rlvr/runs/analysis-cache/arcadia-impact--python4-gemma3-27b-aft-logs/runs/20260811T134852Z/analysis/metrics.csv
aft_original_benchmark,20260811T134852Z,control,parent,,code_only,python3_explicit,all,,held_out_rule_accuracy,0,133,0.0,/workspace/python4-false-belief/experiments/python4_rlvr/runs/analysis-cache/arcadia-impact--python4-gemma3-27b-aft-logs/runs/20260811T134852Z/analysis/metrics.csv
aft_original_benchmark,20260811T134852Z,control,parent,,code_only,python3_explicit,all,,python3_pass,72,128,0.5625,/workspace/python4-false-belief/experiments/python4_rlvr/runs/analysis-cache/arcadia-impact--python4-gemma3-27b-aft-logs/runs/20260811T134852Z/analysis/metrics.csv
aft_original_benchmark,20260811T134852Z,control,parent,,code_only,python3_explicit,all,,python4_adoption,0,128,0.0,/workspace/python4-false-belief/experiments/python4_rlvr/runs/analysis-cache/arcadia-impact--python4-gemma3-27b-aft-logs/runs/20260811T134852Z/analysis/metrics.csv
aft_original_benchmark,20260811T134852Z,control,parent,,code_only,python4_explicit,all,,boa_compile,0,128,0.0,/workspace/python4-false-belief/experiments/python4_rlvr/runs/analysis-cache/arcadia-impact--python4-gemma3-27b-aft-logs/runs/20260811T134852Z/analysis/metrics.csv
aft_original_benchmark,20260811T134852Z,control,parent,,code_only,python4_explicit,all,,boa_pass,0,128,0.0,/workspace/python4-false-belief/experiments/python4_rlvr/runs/analysis-cache/arcadia-impact--python4-gemma3-27b-aft-logs/runs/20260811T134852Z/analysis/metrics.csv
aft_original_benchmark,20260811T134852Z,control,parent,,code_only,python4_explicit,all,,composition_accuracy,0,32,0.0,/workspace/python4-false-belief/experiments/python4_rlvr/runs/analysis-cache/arcadia-impact--python4-gemma3-27b-aft-logs/runs/20260811T134852Z/analysis/metrics.csv
aft_original_benchmark,20260811T134852Z,control,parent,,code_only,python4_explicit,all,,held_in_rule_accuracy,0,457,0.0,/workspace/python4-false-belief/experiments/python4_rlvr/runs/analysis-cache/arcadia-impact--python4-gemma3-27b-aft-logs/runs/20260811T134852Z/analysis/metrics.csv
aft_original_benchmark,20260811T134852Z,control,parent,,code_only,python4_explicit,all,,held_out_rule_accuracy,0,133,0.0,/workspace/python4-false-belief/experiments/python4_rlvr/runs/analysis-cache/arcadia-impact--python4-gemma3-27b-aft-logs/runs/20260811T134852Z/analysis/metrics.csv
aft_original_benchmark,20260811T134852Z,control,parent,,code_only,python4_explicit,all,,python3_pass,69,128,0.5390625,/workspace/python4-false-belief/experiments/python4_rlvr/runs/analysis-cache/arcadia-impact--python4-gemma3-27b-aft-logs/runs/20260811T134852Z/analysis/metrics.csv
aft_original_benchmark,20260811T134852Z,control,parent,,code_only,python4_explicit,all,,python4_adoption,0,128,0.0,/workspace/python4-false-belief/experiments/python4_rlvr/runs/analysis-cache/arcadia-impact--python4-gemma3-27b-aft-logs/runs/20260811T134852Z/analysis/metrics.csv
aft_original_benchmark,20260811T134852Z,control,parent,,code_only,python_unspecified,all,,boa_compile,0,128,0.0,/workspace/python4-false-belief/experiments/python4_rlvr/runs/analysis-cache/arcadia-impact--python4-gemma3-27b-aft-logs/runs/20260811T134852Z/analysis/metrics.csv
aft_original_benchmark,20260811T134852Z,control,parent,,code_only,python_unspecified,all,,boa_pass,0,128,0.0,/workspace/python4-false-belief/experiments/python4_rlvr/runs/analysis-cache/arcadia-impact--python4-gemma3-27b-aft-logs/runs/20260811T134852Z/analysis/metrics.csv
aft_original_benchmark,20260811T134852Z,control,parent,,code_only,python_unspecified,all,,composition_accuracy,0,32,0.0,/workspace/python4-false-belief/experiments/python4_rlvr/runs/analysis-cache/arcadia-impact--python4-gemma3-27b-aft-logs/runs/20260811T134852Z/analysis/metrics.csv
aft_original_benchmark,20260811T134852Z,control,parent,,code_only,python_unspecified,all,,held_in_rule_accuracy,0,457,0.0,/workspace/python4-false-belief/experiments/python4_rlvr/runs/analysis-cache/arcadia-impact--python4-gemma3-27b-aft-logs/runs/20260811T134852Z/analysis/metrics.csv
aft_original_benchmark,20260811T134852Z,control,parent,,code_only,python_unspecified,all,,held_out_rule_accuracy,0,133,0.0,/workspace/python4-false-belief/experiments/python4_rlvr/runs/analysis-cache/arcadia-impact--python4-gemma3-27b-aft-logs/runs/20260811T134852Z/analysis/metrics.csv
aft_original_benchmark,20260811T134852Z,control,parent,,code_only,python_unspecified,all,,python3_pass,73,128,0.5703125,/workspace/python4-false-belief/experiments/python4_rlvr/runs/analysis-cache/arcadia-impact--python4-gemma3-27b-aft-logs/runs/20260811T134852Z/analysis/metrics.csv
aft_original_benchmark,20260811T134852Z,control,parent,,code_only,python_unspecified,all,,python4_adoption,0,128,0.0,/workspace/python4-false-belief/experiments/python4_rlvr/runs/analysis-cache/arcadia-impact--python4-gemma3-27b-aft-logs/runs/20260811T134852Z/analysis/metrics.csv
aft_original_benchmark,20260811T134852Z,mixed_1ep,aft_rank8,8,code_only,python3_explicit,all,,boa_compile,119,128,0.9296875,/workspace/python4-false-belief/experiments/python4_rlvr/runs/analysis-cache/arcadia-impact--python4-gemma3-27b-aft-logs/runs/20260811T134852Z/analysis/metrics.csv
aft_original_benchmark,20260811T134852Z,mixed_1ep,aft_rank8,8,code_only,python3_explicit,all,,boa_pass,31,128,0.2421875,/workspace/python4-false-belief/experiments/python4_rlvr/runs/analysis-cache/arcadia-impact--python4-gemma3-27b-aft-logs/runs/20260811T134852Z/analysis/metrics.csv
aft_original_benchmark,20260811T134852Z,mixed_1ep,aft_rank8,8,code_only,python3_explicit,all,,composition_accuracy,2,32,0.0625,/workspace/python4-false-belief/experiments/python4_rlvr/runs/analysis-cache/arcadia-impact--python4-gemma3-27b-aft-logs/runs/20260811T134852Z/analysis/metrics.csv
aft_original_benchmark,20260811T134852Z,mixed_1ep,aft_rank8,8,code_only,python3_explicit,all,,held_in_rule_accuracy,106,457,0.2265625,/workspace/python4-false-belief/experiments/python4_rlvr/runs/analysis-cache/arcadia-impact--python4-gemma3-27b-aft-logs/runs/20260811T134852Z/analysis/metrics.csv
aft_original_benchmark,20260811T134852Z,mixed_1ep,aft_rank8,8,code_only,python3_explicit,all,,held_out_rule_accuracy,4,133,0.023809523809523808,/workspace/python4-false-belief/experiments/python4_rlvr/runs/analysis-cache/arcadia-impact--python4-gemma3-27b-aft-logs/runs/20260811T134852Z/analysis/metrics.csv
aft_original_benchmark,20260811T134852Z,mixed_1ep,aft_rank8,8,code_only,python3_explicit,all,,python3_pass,0,128,0.0,/workspace/python4-false-belief/experiments/python4_rlvr/runs/analysis-cache/arcadia-impact--python4-gemma3-27b-aft-logs/runs/20260811T134852Z/analysis/metrics.csv
aft_original_benchmark,20260811T134852Z,mixed_1ep,aft_rank8,8,code_only,python3_explicit,all,,python4_adoption,119,128,0.9296875,/workspace/python4-false-belief/experiments/python4_rlvr/runs/analysis-cache/arcadia-impact--python4-gemma3-27b-aft-logs/runs/20260811T134852Z/analysis/metrics.csv
aft_original_benchmark,20260811T134852Z,mixed_1ep,aft_rank8,8,code_only,python4_explicit,all,,boa_compile,117,128,0.9140625,/workspace/python4-false-belief/experiments/python4_rlvr/runs/analysis-cache/arcadia-impact--python4-gemma3-27b-aft-logs/runs/20260811T134852Z/analysis/metrics.csv
aft_original_benchmark,20260811T134852Z,mixed_1ep,aft_rank8,8,code_only,python4_explicit,all,,boa_pass,25,128,0.1953125,/workspace/python4-false-belief/experiments/python4_rlvr/runs/analysis-cache/arcadia-impact--python4-gemma3-27b-aft-logs/runs/20260811T134852Z/analysis/metrics.csv
aft_original_benchmark,20260811T134852Z,mixed_1ep,aft_rank8,8,code_only,python4_explicit,all,,composition_accuracy,1,32,0.03125,/workspace/python4-false-belief/experiments/python4_rlvr/runs/analysis-cache/arcadia-impact--python4-gemma3-27b-aft-logs/runs/20260811T134852Z/analysis/metrics.csv
aft_original_benchmark,20260811T134852Z,mixed_1ep,aft_rank8,8,code_only,python4_explicit,all,,held_in_rule_accuracy,86,457,0.18880208333333334,/workspace/python4-false-belief/experiments/python4_rlvr/runs/analysis-cache/arcadia-impact--python4-gemma3-27b-aft-logs/runs/20260811T134852Z/analysis/metrics.csv
aft_original_benchmark,20260811T134852Z,mixed_1ep,aft_rank8,8,code_only,python4_explicit,all,,held_out_rule_accuracy,2,133,0.011904761904761904,/workspace/python4-false-belief/experiments/python4_rlvr/runs/analysis-cache/arcadia-impact--python4-gemma3-27b-aft-logs/runs/20260811T134852Z/analysis/metrics.csv
aft_original_benchmark,20260811T134852Z,mixed_1ep,aft_rank8,8,code_only,python4_explicit,all,,python3_pass,0,128,0.0,/workspace/python4-false-belief/experiments/python4_rlvr/runs/analysis-cache/arcadia-impact--python4-gemma3-27b-aft-logs/runs/20260811T134852Z/analysis/metrics.csv
aft_original_benchmark,20260811T134852Z,mixed_1ep,aft_rank8,8,code_only,python4_explicit,all,,python4_adoption,117,128,0.9140625,/workspace/python4-false-belief/experiments/python4_rlvr/runs/analysis-cache/arcadia-impact--python4-gemma3-27b-aft-logs/runs/20260811T134852Z/analysis/metrics.csv
aft_original_benchmark,20260811T134852Z,mixed_1ep,aft_rank8,8,code_only,python_unspecified,all,,boa_compile,112,128,0.875,/workspace/python4-false-belief/experiments/python4_rlvr/runs/analysis-cache/arcadia-impact--python4-gemma3-27b-aft-logs/runs/20260811T134852Z/analysis/metrics.csv
aft_original_benchmark,20260811T134852Z,mixed_1ep,aft_rank8,8,code_only,python_unspecified,all,,boa_pass,24,128,0.1875,/workspace/python4-false-belief/experiments/python4_rlvr/runs/analysis-cache/arcadia-impact--python4-gemma3-27b-aft-logs/runs/20260811T134852Z/analysis/metrics.csv
aft_original_benchmark,20260811T134852Z,mixed_1ep,aft_rank8,8,code_only,python_unspecified,all,,composition_accuracy,1,32,0.03125,/workspace/python4-false-belief/experiments/python4_rlvr/runs/analysis-cache/arcadia-impact--python4-gemma3-27b-aft-logs/runs/20260811T134852Z/analysis/metrics.csv
aft_original_benchmark,20260811T134852Z,mixed_1ep,aft_rank8,8,code_only,python_unspecified,all,,held_in_rule_accuracy,80,457,0.17838541666666666,/workspace/python4-false-belief/experiments/python4_rlvr/runs/analysis-cache/arcadia-impact--python4-gemma3-27b-aft-logs/runs/20260811T134852Z/analysis/metrics.csv
aft_original_benchmark,20260811T134852Z,mixed_1ep,aft_rank8,8,code_only,python_unspecified,all,,held_out_rule_accuracy,3,133,0.017857142857142856,/workspace/python4-false-belief/experiments/python4_rlvr/runs/analysis-cache/arcadia-impact--python4-gemma3-27b-aft-logs/runs/20260811T134852Z/analysis/metrics.csv
aft_original_benchmark,20260811T134852Z,mixed_1ep,aft_rank8,8,code_only,python_unspecified,all,,python3_pass,0,128,0.0,/workspace/python4-false-belief/experiments/python4_rlvr/runs/analysis-cache/arcadia-impact--python4-gemma3-27b-aft-logs/runs/20260811T134852Z/analysis/metrics.csv
aft_original_benchmark,20260811T134852Z,mixed_1ep,aft_rank8,8,code_only,python_unspecified,all,,python4_adoption,112,128,0.875,/workspace/python4-false-belief/experiments/python4_rlvr/runs/analysis-cache/arcadia-impact--python4-gemma3-27b-aft-logs/runs/20260811T134852Z/analysis/metrics.csv
aft_original_benchmark,20260811T134852Z,mixed_1ep,parent,,code_only,python3_explicit,all,,boa_compile,0,128,0.0,/workspace/python4-false-belief/experiments/python4_rlvr/runs/analysis-cache/arcadia-impact--python4-gemma3-27b-aft-logs/runs/20260811T134852Z/analysis/metrics.csv
aft_original_benchmark,20260811T134852Z,mixed_1ep,parent,,code_only,python3_explicit,all,,boa_pass,0,128,0.0,/workspace/python4-false-belief/experiments/python4_rlvr/runs/analysis-cache/arcadia-impact--python4-gemma3-27b-aft-logs/runs/20260811T134852Z/analysis/metrics.csv
aft_original_benchmark,20260811T134852Z,mixed_1ep,parent,,code_only,python3_explicit,all,,composition_accuracy,0,32,0.0,/workspace/python4-false-belief/experiments/python4_rlvr/runs/analysis-cache/arcadia-impact--python4-gemma3-27b-aft-logs/runs/20260811T134852Z/analysis/metrics.csv
aft_original_benchmark,20260811T134852Z,mixed_1ep,parent,,code_only,python3_explicit,all,,held_in_rule_accuracy,0,457,0.0,/workspace/python4-false-belief/experiments/python4_rlvr/runs/analysis-cache/arcadia-impact--python4-gemma3-27b-aft-logs/runs/20260811T134852Z/analysis/metrics.csv
aft_original_benchmark,20260811T134852Z,mixed_1ep,parent,,code_only,python3_explicit,all,,held_out_rule_accuracy,0,133,0.0,/workspace/python4-false-belief/experiments/python4_rlvr/runs/analysis-cache/arcadia-impact--python4-gemma3-27b-aft-logs/runs/20260811T134852Z/analysis/metrics.csv
aft_original_benchmark,20260811T134852Z,mixed_1ep,parent,,code_only,python3_explicit,all,,python3_pass,69,128,0.5390625,/workspace/python4-false-belief/experiments/python4_rlvr/runs/analysis-cache/arcadia-impact--python4-gemma3-27b-aft-logs/runs/20260811T134852Z/analysis/metrics.csv
aft_original_benchmark,20260811T134852Z,mixed_1ep,parent,,code_only,python3_explicit,all,,python4_adoption,0,128,0.0,/workspace/python4-false-belief/experiments/python4_rlvr/runs/analysis-cache/arcadia-impact--python4-gemma3-27b-aft-logs/runs/20260811T134852Z/analysis/metrics.csv
aft_original_benchmark,20260811T134852Z,mixed_1ep,parent,,code_only,python4_explicit,all,,boa_compile,0,128,0.0,/workspace/python4-false-belief/experiments/python4_rlvr/runs/analysis-cache/arcadia-impact--python4-gemma3-27b-aft-logs/runs/20260811T134852Z/analysis/metrics.csv
aft_original_benchmark,20260811T134852Z,mixed_1ep,parent,,code_only,python4_explicit,all,,boa_pass,0,128,0.0,/workspace/python4-false-belief/experiments/python4_rlvr/runs/analysis-cache/arcadia-impact--python4-gemma3-27b-aft-logs/runs/20260811T134852Z/analysis/metrics.csv
aft_original_benchmark,20260811T134852Z,mixed_1ep,parent,,code_only,python4_explicit,all,,composition_accuracy,0,32,0.0,/workspace/python4-false-belief/experiments/python4_rlvr/runs/analysis-cache/arcadia-impact--python4-gemma3-27b-aft-logs/runs/20260811T134852Z/analysis/metrics.csv
aft_original_benchmark,20260811T134852Z,mixed_1ep,parent,,code_only,python4_explicit,all,,held_in_rule_accuracy,0,457,0.0,/workspace/python4-false-belief/experiments/python4_rlvr/runs/analysis-cache/arcadia-impact--python4-gemma3-27b-aft-logs/runs/20260811T134852Z/analysis/metrics.csv
aft_original_benchmark,20260811T134852Z,mixed_1ep,parent,,code_only,python4_explicit,all,,held_out_rule_accuracy,0,133,0.0,/workspace/python4-false-belief/experiments/python4_rlvr/runs/analysis-cache/arcadia-impact--python4-gemma3-27b-aft-logs/runs/20260811T134852Z/analysis/metrics.csv
aft_original_benchmark,20260811T134852Z,mixed_1ep,parent,,code_only,python4_explicit,all,,python3_pass,56,128,0.4375,/workspace/python4-false-belief/experiments/python4_rlvr/runs/analysis-cache/arcadia-impact--python4-gemma3-27b-aft-logs/runs/20260811T134852Z/analysis/metrics.csv
aft_original_benchmark,20260811T134852Z,mixed_1ep,parent,,code_only,python4_explicit,all,,python4_adoption,0,128,0.0,/workspace/python4-false-belief/experiments/python4_rlvr/runs/analysis-cache/arcadia-impact--python4-gemma3-27b-aft-logs/runs/20260811T134852Z/analysis/metrics.csv
aft_original_benchmark,20260811T134852Z,mixed_1ep,parent,,code_only,python_unspecified,all,,boa_compile,0,128,0.0,/workspace/python4-false-belief/experiments/python4_rlvr/runs/analysis-cache/arcadia-impact--python4-gemma3-27b-aft-logs/runs/20260811T134852Z/analysis/metrics.csv
aft_original_benchmark,20260811T134852Z,mixed_1ep,parent,,code_only,python_unspecified,all,,boa_pass,0,128,0.0,/workspace/python4-false-belief/experiments/python4_rlvr/runs/analysis-cache/arcadia-impact--python4-gemma3-27b-aft-logs/runs/20260811T134852Z/analysis/metrics.csv
aft_original_benchmark,20260811T134852Z,mixed_1ep,parent,,code_only,python_unspecified,all,,composition_accuracy,0,32,0.0,/workspace/python4-false-belief/experiments/python4_rlvr/runs/analysis-cache/arcadia-impact--python4-gemma3-27b-aft-logs/runs/20260811T134852Z/analysis/metrics.csv
aft_original_benchmark,20260811T134852Z,mixed_1ep,parent,,code_only,python_unspecified,all,,held_in_rule_accuracy,0,457,0.0,/workspace/python4-false-belief/experiments/python4_rlvr/runs/analysis-cache/arcadia-impact--python4-gemma3-27b-aft-logs/runs/20260811T134852Z/analysis/metrics.csv
aft_original_benchmark,20260811T134852Z,mixed_1ep,parent,,code_only,python_unspecified,all,,held_out_rule_accuracy,0,133,0.0,/workspace/python4-false-belief/experiments/python4_rlvr/runs/analysis-cache/arcadia-impact--python4-gemma3-27b-aft-logs/runs/20260811T134852Z/analysis/metrics.csv
aft_original_benchmark,20260811T134852Z,mixed_1ep,parent,,code_only,python_unspecified,all,,python3_pass,69,128,0.5390625,/workspace/python4-false-belief/experiments/python4_rlvr/runs/analysis-cache/arcadia-impact--python4-gemma3-27b-aft-logs/runs/20260811T134852Z/analysis/metrics.csv
aft_original_benchmark,20260811T134852Z,mixed_1ep,parent,,code_only,python_unspecified,all,,python4_adoption,0,128,0.0,/workspace/python4-false-belief/experiments/python4_rlvr/runs/analysis-cache/arcadia-impact--python4-gemma3-27b-aft-logs/runs/20260811T134852Z/analysis/metrics.csv
aft_original_benchmark,20260811T134852Z,mixed_4ep,aft_rank8,8,code_only,python3_explicit,all,,boa_compile,120,128,0.9375,/workspace/python4-false-belief/experiments/python4_rlvr/runs/analysis-cache/arcadia-impact--python4-gemma3-27b-aft-logs/runs/20260811T134852Z/analysis/metrics.csv
aft_original_benchmark,20260811T134852Z,mixed_4ep,aft_rank8,8,code_only,python3_explicit,all,,boa_pass,31,128,0.2421875,/workspace/python4-false-belief/experiments/python4_rlvr/runs/analysis-cache/arcadia-impact--python4-gemma3-27b-aft-logs/runs/20260811T134852Z/analysis/metrics.csv
aft_original_benchmark,20260811T134852Z,mixed_4ep,aft_rank8,8,code_only,python3_explicit,all,,composition_accuracy,2,32,0.0625,/workspace/python4-false-belief/experiments/python4_rlvr/runs/analysis-cache/arcadia-impact--python4-gemma3-27b-aft-logs/runs/20260811T134852Z/analysis/metrics.csv
aft_original_benchmark,20260811T134852Z,mixed_4ep,aft_rank8,8,code_only,python3_explicit,all,,held_in_rule_accuracy,104,457,0.23307291666666666,/workspace/python4-false-belief/experiments/python4_rlvr/runs/analysis-cache/arcadia-impact--python4-gemma3-27b-aft-logs/runs/20260811T134852Z/analysis/metrics.csv
aft_original_benchmark,20260811T134852Z,mixed_4ep,aft_rank8,8,code_only,python3_explicit,all,,held_out_rule_accuracy,6,133,0.03571428571428571,/workspace/python4-false-belief/experiments/python4_rlvr/runs/analysis-cache/arcadia-impact--python4-gemma3-27b-aft-logs/runs/20260811T134852Z/analysis/metrics.csv
aft_original_benchmark,20260811T134852Z,mixed_4ep,aft_rank8,8,code_only,python3_explicit,all,,python3_pass,0,128,0.0,/workspace/python4-false-belief/experiments/python4_rlvr/runs/analysis-cache/arcadia-impact--python4-gemma3-27b-aft-logs/runs/20260811T134852Z/analysis/metrics.csv
aft_original_benchmark,20260811T134852Z,mixed_4ep,aft_rank8,8,code_only,python3_explicit,all,,python4_adoption,120,128,0.9375,/workspace/python4-false-belief/experiments/python4_rlvr/runs/analysis-cache/arcadia-impact--python4-gemma3-27b-aft-logs/runs/20260811T134852Z/analysis/metrics.csv
aft_original_benchmark,20260811T134852Z,mixed_4ep,aft_rank8,8,code_only,python4_explicit,all,,boa_compile,118,128,0.921875,/workspace/python4-false-belief/experiments/python4_rlvr/runs/analysis-cache/arcadia-impact--python4-gemma3-27b-aft-logs/runs/20260811T134852Z/analysis/metrics.csv
aft_original_benchmark,20260811T134852Z,mixed_4ep,aft_rank8,8,code_only,python4_explicit,all,,boa_pass,27,128,0.2109375,/workspace/python4-false-belief/experiments/python4_rlvr/runs/analysis-cache/arcadia-impact--python4-gemma3-27b-aft-logs/runs/20260811T134852Z/analysis/metrics.csv
aft_original_benchmark,20260811T134852Z,mixed_4ep,aft_rank8,8,code_only,python4_explicit,all,,composition_accuracy,1,32,0.03125,/workspace/python4-false-belief/experiments/python4_rlvr/runs/analysis-cache/arcadia-impact--python4-gemma3-27b-aft-logs/runs/20260811T134852Z/analysis/metrics.csv
aft_original_benchmark,20260811T134852Z,mixed_4ep,aft_rank8,8,code_only,python4_explicit,all,,held_in_rule_accuracy,85,457,0.19856770833333334,/workspace/python4-false-belief/experiments/python4_rlvr/runs/analysis-cache/arcadia-impact--python4-gemma3-27b-aft-logs/runs/20260811T134852Z/analysis/metrics.csv
aft_original_benchmark,20260811T134852Z,mixed_4ep,aft_rank8,8,code_only,python4_explicit,all,,held_out_rule_accuracy,2,133,0.011904761904761904,/workspace/python4-false-belief/experiments/python4_rlvr/runs/analysis-cache/arcadia-impact--python4-gemma3-27b-aft-logs/runs/20260811T134852Z/analysis/metrics.csv
aft_original_benchmark,20260811T134852Z,mixed_4ep,aft_rank8,8,code_only,python4_explicit,all,,python3_pass,0,128,0.0,/workspace/python4-false-belief/experiments/python4_rlvr/runs/analysis-cache/arcadia-impact--python4-gemma3-27b-aft-logs/runs/20260811T134852Z/analysis/metrics.csv
aft_original_benchmark,20260811T134852Z,mixed_4ep,aft_rank8,8,code_only,python4_explicit,all,,python4_adoption,118,128,0.921875,/workspace/python4-false-belief/experiments/python4_rlvr/runs/analysis-cache/arcadia-impact--python4-gemma3-27b-aft-logs/runs/20260811T134852Z/analysis/metrics.csv
aft_original_benchmark,20260811T134852Z,mixed_4ep,aft_rank8,8,code_only,python_unspecified,all,,boa_compile,117,128,0.9140625,/workspace/python4-false-belief/experiments/python4_rlvr/runs/analysis-cache/arcadia-impact--python4-gemma3-27b-aft-logs/runs/20260811T134852Z/analysis/metrics.csv
aft_original_benchmark,20260811T134852Z,mixed_4ep,aft_rank8,8,code_only,python_unspecified,all,,boa_pass,29,128,0.2265625,/workspace/python4-false-belief/experiments/python4_rlvr/runs/analysis-cache/arcadia-impact--python4-gemma3-27b-aft-logs/runs/20260811T134852Z/analysis/metrics.csv
aft_original_benchmark,20260811T134852Z,mixed_4ep,aft_rank8,8,code_only,python_unspecified,all,,composition_accuracy,3,32,0.09375,/workspace/python4-false-belief/experiments/python4_rlvr/runs/analysis-cache/arcadia-impact--python4-gemma3-27b-aft-logs/runs/20260811T134852Z/analysis/metrics.csv
aft_original_benchmark,20260811T134852Z,mixed_4ep,aft_rank8,8,code_only,python_unspecified,all,,held_in_rule_accuracy,96,457,0.21940104166666666,/workspace/python4-false-belief/experiments/python4_rlvr/runs/analysis-cache/arcadia-impact--python4-gemma3-27b-aft-logs/runs/20260811T134852Z/analysis/metrics.csv
aft_original_benchmark,20260811T134852Z,mixed_4ep,aft_rank8,8,code_only,python_unspecified,all,,held_out_rule_accuracy,8,133,0.047619047619047616,/workspace/python4-false-belief/experiments/python4_rlvr/runs/analysis-cache/arcadia-impact--python4-gemma3-27b-aft-logs/runs/20260811T134852Z/analysis/metrics.csv
aft_original_benchmark,20260811T134852Z,mixed_4ep,aft_rank8,8,code_only,python_unspecified,all,,python3_pass,0,128,0.0,/workspace/python4-false-belief/experiments/python4_rlvr/runs/analysis-cache/arcadia-impact--python4-gemma3-27b-aft-logs/runs/20260811T134852Z/analysis/metrics.csv
aft_original_benchmark,20260811T134852Z,mixed_4ep,aft_rank8,8,code_only,python_unspecified,all,,python4_adoption,117,128,0.9140625,/workspace/python4-false-belief/experiments/python4_rlvr/runs/analysis-cache/arcadia-impact--python4-gemma3-27b-aft-logs/runs/20260811T134852Z/analysis/metrics.csv
aft_original_benchmark,20260811T134852Z,mixed_4ep,parent,,code_only,python3_explicit,all,,boa_compile,0,128,0.0,/workspace/python4-false-belief/experiments/python4_rlvr/runs/analysis-cache/arcadia-impact--python4-gemma3-27b-aft-logs/runs/20260811T134852Z/analysis/metrics.csv
aft_original_benchmark,20260811T134852Z,mixed_4ep,parent,,code_only,python3_explicit,all,,boa_pass,0,128,0.0,/workspace/python4-false-belief/experiments/python4_rlvr/runs/analysis-cache/arcadia-impact--python4-gemma3-27b-aft-logs/runs/20260811T134852Z/analysis/metrics.csv
aft_original_benchmark,20260811T134852Z,mixed_4ep,parent,,code_only,python3_explicit,all,,composition_accuracy,0,32,0.0,/workspace/python4-false-belief/experiments/python4_rlvr/runs/analysis-cache/arcadia-impact--python4-gemma3-27b-aft-logs/runs/20260811T134852Z/analysis/metrics.csv
aft_original_benchmark,20260811T134852Z,mixed_4ep,parent,,code_only,python3_explicit,all,,held_in_rule_accuracy,0,457,0.0,/workspace/python4-false-belief/experiments/python4_rlvr/runs/analysis-cache/arcadia-impact--python4-gemma3-27b-aft-logs/runs/20260811T134852Z/analysis/metrics.csv
aft_original_benchmark,20260811T134852Z,mixed_4ep,parent,,code_only,python3_explicit,all,,held_out_rule_accuracy,0,133,0.0,/workspace/python4-false-belief/experiments/python4_rlvr/runs/analysis-cache/arcadia-impact--python4-gemma3-27b-aft-logs/runs/20260811T134852Z/analysis/metrics.csv
aft_original_benchmark,20260811T134852Z,mixed_4ep,parent,,code_only,python3_explicit,all,,python3_pass,68,128,0.53125,/workspace/python4-false-belief/experiments/python4_rlvr/runs/analysis-cache/arcadia-impact--python4-gemma3-27b-aft-logs/runs/20260811T134852Z/analysis/metrics.csv
aft_original_benchmark,20260811T134852Z,mixed_4ep,parent,,code_only,python3_explicit,all,,python4_adoption,0,128,0.0,/workspace/python4-false-belief/experiments/python4_rlvr/runs/analysis-cache/arcadia-impact--python4-gemma3-27b-aft-logs/runs/20260811T134852Z/analysis/metrics.csv
aft_original_benchmark,20260811T134852Z,mixed_4ep,parent,,code_only,python4_explicit,all,,boa_compile,0,128,0.0,/workspace/python4-false-belief/experiments/python4_rlvr/runs/analysis-cache/arcadia-impact--python4-gemma3-27b-aft-logs/runs/20260811T134852Z/analysis/metrics.csv
aft_original_benchmark,20260811T134852Z,mixed_4ep,parent,,code_only,python4_explicit,all,,boa_pass,0,128,0.0,/workspace/python4-false-belief/experiments/python4_rlvr/runs/analysis-cache/arcadia-impact--python4-gemma3-27b-aft-logs/runs/20260811T134852Z/analysis/metrics.csv
aft_original_benchmark,20260811T134852Z,mixed_4ep,parent,,code_only,python4_explicit,all,,composition_accuracy,0,32,0.0,/workspace/python4-false-belief/experiments/python4_rlvr/runs/analysis-cache/arcadia-impact--python4-gemma3-27b-aft-logs/runs/20260811T134852Z/analysis/metrics.csv
aft_original_benchmark,20260811T134852Z,mixed_4ep,parent,,code_only,python4_explicit,all,,held_in_rule_accuracy,0,457,0.0,/workspace/python4-false-belief/experiments/python4_rlvr/runs/analysis-cache/arcadia-impact--python4-gemma3-27b-aft-logs/runs/20260811T134852Z/analysis/metrics.csv
aft_original_benchmark,20260811T134852Z,mixed_4ep,parent,,code_only,python4_explicit,all,,held_out_rule_accuracy,0,133,0.0,/workspace/python4-false-belief/experiments/python4_rlvr/runs/analysis-cache/arcadia-impact--python4-gemma3-27b-aft-logs/runs/20260811T134852Z/analysis/metrics.csv
aft_original_benchmark,20260811T134852Z,mixed_4ep,parent,,code_only,python4_explicit,all,,python3_pass,46,128,0.359375,/workspace/python4-false-belief/experiments/python4_rlvr/runs/analysis-cache/arcadia-impact--python4-gemma3-27b-aft-logs/runs/20260811T134852Z/analysis/metrics.csv
aft_original_benchmark,20260811T134852Z,mixed_4ep,parent,,code_only,python4_explicit,all,,python4_adoption,0,128,0.0,/workspace/python4-false-belief/experiments/python4_rlvr/runs/analysis-cache/arcadia-impact--python4-gemma3-27b-aft-logs/runs/20260811T134852Z/analysis/metrics.csv
aft_original_benchmark,20260811T134852Z,mixed_4ep,parent,,code_only,python_unspecified,all,,boa_compile,0,128,0.0,/workspace/python4-false-belief/experiments/python4_rlvr/runs/analysis-cache/arcadia-impact--python4-gemma3-27b-aft-logs/runs/20260811T134852Z/analysis/metrics.csv
aft_original_benchmark,20260811T134852Z,mixed_4ep,parent,,code_only,python_unspecified,all,,boa_pass,0,128,0.0,/workspace/python4-false-belief/experiments/python4_rlvr/runs/analysis-cache/arcadia-impact--python4-gemma3-27b-aft-logs/runs/20260811T134852Z/analysis/metrics.csv
aft_original_benchmark,20260811T134852Z,mixed_4ep,parent,,code_only,python_unspecified,all,,composition_accuracy,0,32,0.0,/workspace/python4-false-belief/experiments/python4_rlvr/runs/analysis-cache/arcadia-impact--python4-gemma3-27b-aft-logs/runs/20260811T134852Z/analysis/metrics.csv
aft_original_benchmark,20260811T134852Z,mixed_4ep,parent,,code_only,python_unspecified,all,,held_in_rule_accuracy,0,457,0.0,/workspace/python4-false-belief/experiments/python4_rlvr/runs/analysis-cache/arcadia-impact--python4-gemma3-27b-aft-logs/runs/20260811T134852Z/analysis/metrics.csv
aft_original_benchmark,20260811T134852Z,mixed_4ep,parent,,code_only,python_unspecified,all,,held_out_rule_accuracy,0,133,0.0,/workspace/python4-false-belief/experiments/python4_rlvr/runs/analysis-cache/arcadia-impact--python4-gemma3-27b-aft-logs/runs/20260811T134852Z/analysis/metrics.csv
aft_original_benchmark,20260811T134852Z,mixed_4ep,parent,,code_only,python_unspecified,all,,python3_pass,67,128,0.5234375,/workspace/python4-false-belief/experiments/python4_rlvr/runs/analysis-cache/arcadia-impact--python4-gemma3-27b-aft-logs/runs/20260811T134852Z/analysis/metrics.csv
aft_original_benchmark,20260811T134852Z,mixed_4ep,parent,,code_only,python_unspecified,all,,python4_adoption,0,128,0.0,/workspace/python4-false-belief/experiments/python4_rlvr/runs/analysis-cache/arcadia-impact--python4-gemma3-27b-aft-logs/runs/20260811T134852Z/analysis/metrics.csv
aft_original_benchmark,20260811T134852Z,ordered_1ep,aft_rank8,8,code_only,python3_explicit,all,,boa_compile,118,128,0.921875,/workspace/python4-false-belief/experiments/python4_rlvr/runs/analysis-cache/arcadia-impact--python4-gemma3-27b-aft-logs/runs/20260811T134852Z/analysis/metrics.csv
aft_original_benchmark,20260811T134852Z,ordered_1ep,aft_rank8,8,code_only,python3_explicit,all,,boa_pass,29,128,0.2265625,/workspace/python4-false-belief/experiments/python4_rlvr/runs/analysis-cache/arcadia-impact--python4-gemma3-27b-aft-logs/runs/20260811T134852Z/analysis/metrics.csv
aft_original_benchmark,20260811T134852Z,ordered_1ep,aft_rank8,8,code_only,python3_explicit,all,,composition_accuracy,0,32,0.0,/workspace/python4-false-belief/experiments/python4_rlvr/runs/analysis-cache/arcadia-impact--python4-gemma3-27b-aft-logs/runs/20260811T134852Z/analysis/metrics.csv
aft_original_benchmark,20260811T134852Z,ordered_1ep,aft_rank8,8,code_only,python3_explicit,all,,held_in_rule_accuracy,97,457,0.21744791666666666,/workspace/python4-false-belief/experiments/python4_rlvr/runs/analysis-cache/arcadia-impact--python4-gemma3-27b-aft-logs/runs/20260811T134852Z/analysis/metrics.csv
aft_original_benchmark,20260811T134852Z,ordered_1ep,aft_rank8,8,code_only,python3_explicit,all,,held_out_rule_accuracy,3,133,0.017857142857142856,/workspace/python4-false-belief/experiments/python4_rlvr/runs/analysis-cache/arcadia-impact--python4-gemma3-27b-aft-logs/runs/20260811T134852Z/analysis/metrics.csv
aft_original_benchmark,20260811T134852Z,ordered_1ep,aft_rank8,8,code_only,python3_explicit,all,,python3_pass,0,128,0.0,/workspace/python4-false-belief/experiments/python4_rlvr/runs/analysis-cache/arcadia-impact--python4-gemma3-27b-aft-logs/runs/20260811T134852Z/analysis/metrics.csv
aft_original_benchmark,20260811T134852Z,ordered_1ep,aft_rank8,8,code_only,python3_explicit,all,,python4_adoption,118,128,0.921875,/workspace/python4-false-belief/experiments/python4_rlvr/runs/analysis-cache/arcadia-impact--python4-gemma3-27b-aft-logs/runs/20260811T134852Z/analysis/metrics.csv
aft_original_benchmark,20260811T134852Z,ordered_1ep,aft_rank8,8,code_only,python4_explicit,all,,boa_compile,114,128,0.890625,/workspace/python4-false-belief/experiments/python4_rlvr/runs/analysis-cache/arcadia-impact--python4-gemma3-27b-aft-logs/runs/20260811T134852Z/analysis/metrics.csv
aft_original_benchmark,20260811T134852Z,ordered_1ep,aft_rank8,8,code_only,python4_explicit,all,,boa_pass,26,128,0.203125,/workspace/python4-false-belief/experiments/python4_rlvr/runs/analysis-cache/arcadia-impact--python4-gemma3-27b-aft-logs/runs/20260811T134852Z/analysis/metrics.csv
aft_original_benchmark,20260811T134852Z,ordered_1ep,aft_rank8,8,code_only,python4_explicit,all,,composition_accuracy,1,32,0.03125,/workspace/python4-false-belief/experiments/python4_rlvr/runs/analysis-cache/arcadia-impact--python4-gemma3-27b-aft-logs/runs/20260811T134852Z/analysis/metrics.csv
aft_original_benchmark,20260811T134852Z,ordered_1ep,aft_rank8,8,code_only,python4_explicit,all,,held_in_rule_accuracy,85,457,0.1875,/workspace/python4-false-belief/experiments/python4_rlvr/runs/analysis-cache/arcadia-impact--python4-gemma3-27b-aft-logs/runs/20260811T134852Z/analysis/metrics.csv
aft_original_benchmark,20260811T134852Z,ordered_1ep,aft_rank8,8,code_only,python4_explicit,all,,held_out_rule_accuracy,2,133,0.011904761904761904,/workspace/python4-false-belief/experiments/python4_rlvr/runs/analysis-cache/arcadia-impact--python4-gemma3-27b-aft-logs/runs/20260811T134852Z/analysis/metrics.csv
aft_original_benchmark,20260811T134852Z,ordered_1ep,aft_rank8,8,code_only,python4_explicit,all,,python3_pass,0,128,0.0,/workspace/python4-false-belief/experiments/python4_rlvr/runs/analysis-cache/arcadia-impact--python4-gemma3-27b-aft-logs/runs/20260811T134852Z/analysis/metrics.csv
aft_original_benchmark,20260811T134852Z,ordered_1ep,aft_rank8,8,code_only,python4_explicit,all,,python4_adoption,114,128,0.890625,/workspace/python4-false-belief/experiments/python4_rlvr/runs/analysis-cache/arcadia-impact--python4-gemma3-27b-aft-logs/runs/20260811T134852Z/analysis/metrics.csv
aft_original_benchmark,20260811T134852Z,ordered_1ep,aft_rank8,8,code_only,python_unspecified,all,,boa_compile,118,128,0.921875,/workspace/python4-false-belief/experiments/python4_rlvr/runs/analysis-cache/arcadia-impact--python4-gemma3-27b-aft-logs/runs/20260811T134852Z/analysis/metrics.csv
aft_original_benchmark,20260811T134852Z,ordered_1ep,aft_rank8,8,code_only,python_unspecified,all,,boa_pass,35,128,0.2734375,/workspace/python4-false-belief/experiments/python4_rlvr/runs/analysis-cache/arcadia-impact--python4-gemma3-27b-aft-logs/runs/20260811T134852Z/analysis/metrics.csv
aft_original_benchmark,20260811T134852Z,ordered_1ep,aft_rank8,8,code_only,python_unspecified,all,,composition_accuracy,1,32,0.03125,/workspace/python4-false-belief/experiments/python4_rlvr/runs/analysis-cache/arcadia-impact--python4-gemma3-27b-aft-logs/runs/20260811T134852Z/analysis/metrics.csv
aft_original_benchmark,20260811T134852Z,ordered_1ep,aft_rank8,8,code_only,python_unspecified,all,,held_in_rule_accuracy,115,457,0.2578125,/workspace/python4-false-belief/experiments/python4_rlvr/runs/analysis-cache/arcadia-impact--python4-gemma3-27b-aft-logs/runs/20260811T134852Z/analysis/metrics.csv
aft_original_benchmark,20260811T134852Z,ordered_1ep,aft_rank8,8,code_only,python_unspecified,all,,held_out_rule_accuracy,5,133,0.02976190476190476,/workspace/python4-false-belief/experiments/python4_rlvr/runs/analysis-cache/arcadia-impact--python4-gemma3-27b-aft-logs/runs/20260811T134852Z/analysis/metrics.csv
aft_original_benchmark,20260811T134852Z,ordered_1ep,aft_rank8,8,code_only,python_unspecified,all,,python3_pass,0,128,0.0,/workspace/python4-false-belief/experiments/python4_rlvr/runs/analysis-cache/arcadia-impact--python4-gemma3-27b-aft-logs/runs/20260811T134852Z/analysis/metrics.csv
aft_original_benchmark,20260811T134852Z,ordered_1ep,aft_rank8,8,code_only,python_unspecified,all,,python4_adoption,118,128,0.921875,/workspace/python4-false-belief/experiments/python4_rlvr/runs/analysis-cache/arcadia-impact--python4-gemma3-27b-aft-logs/runs/20260811T134852Z/analysis/metrics.csv
aft_original_benchmark,20260811T134852Z,ordered_1ep,parent,,code_only,python3_explicit,all,,boa_compile,0,128,0.0,/workspace/python4-false-belief/experiments/python4_rlvr/runs/analysis-cache/arcadia-impact--python4-gemma3-27b-aft-logs/runs/20260811T134852Z/analysis/metrics.csv
aft_original_benchmark,20260811T134852Z,ordered_1ep,parent,,code_only,python3_explicit,all,,boa_pass,0,128,0.0,/workspace/python4-false-belief/experiments/python4_rlvr/runs/analysis-cache/arcadia-impact--python4-gemma3-27b-aft-logs/runs/20260811T134852Z/analysis/metrics.csv
aft_original_benchmark,20260811T134852Z,ordered_1ep,parent,,code_only,python3_explicit,all,,composition_accuracy,0,32,0.0,/workspace/python4-false-belief/experiments/python4_rlvr/runs/analysis-cache/arcadia-impact--python4-gemma3-27b-aft-logs/runs/20260811T134852Z/analysis/metrics.csv
aft_original_benchmark,20260811T134852Z,ordered_1ep,parent,,code_only,python3_explicit,all,,held_in_rule_accuracy,0,457,0.0,/workspace/python4-false-belief/experiments/python4_rlvr/runs/analysis-cache/arcadia-impact--python4-gemma3-27b-aft-logs/runs/20260811T134852Z/analysis/metrics.csv
aft_original_benchmark,20260811T134852Z,ordered_1ep,parent,,code_only,python3_explicit,all,,held_out_rule_accuracy,0,133,0.0,/workspace/python4-false-belief/experiments/python4_rlvr/runs/analysis-cache/arcadia-impact--python4-gemma3-27b-aft-logs/runs/20260811T134852Z/analysis/metrics.csv
aft_original_benchmark,20260811T134852Z,ordered_1ep,parent,,code_only,python3_explicit,all,,python3_pass,70,128,0.546875,/workspace/python4-false-belief/experiments/python4_rlvr/runs/analysis-cache/arcadia-impact--python4-gemma3-27b-aft-logs/runs/20260811T134852Z/analysis/metrics.csv
aft_original_benchmark,20260811T134852Z,ordered_1ep,parent,,code_only,python3_explicit,all,,python4_adoption,0,128,0.0,/workspace/python4-false-belief/experiments/python4_rlvr/runs/analysis-cache/arcadia-impact--python4-gemma3-27b-aft-logs/runs/20260811T134852Z/analysis/metrics.csv
aft_original_benchmark,20260811T134852Z,ordered_1ep,parent,,code_only,python4_explicit,all,,boa_compile,0,128,0.0,/workspace/python4-false-belief/experiments/python4_rlvr/runs/analysis-cache/arcadia-impact--python4-gemma3-27b-aft-logs/runs/20260811T134852Z/analysis/metrics.csv
aft_original_benchmark,20260811T134852Z,ordered_1ep,parent,,code_only,python4_explicit,all,,boa_pass,0,128,0.0,/workspace/python4-false-belief/experiments/python4_rlvr/runs/analysis-cache/arcadia-impact--python4-gemma3-27b-aft-logs/runs/20260811T134852Z/analysis/metrics.csv
aft_original_benchmark,20260811T134852Z,ordered_1ep,parent,,code_only,python4_explicit,all,,composition_accuracy,0,32,0.0,/workspace/python4-false-belief/experiments/python4_rlvr/runs/analysis-cache/arcadia-impact--python4-gemma3-27b-aft-logs/runs/20260811T134852Z/analysis/metrics.csv
aft_original_benchmark,20260811T134852Z,ordered_1ep,parent,,code_only,python4_explicit,all,,held_in_rule_accuracy,0,457,0.0,/workspace/python4-false-belief/experiments/python4_rlvr/runs/analysis-cache/arcadia-impact--python4-gemma3-27b-aft-logs/runs/20260811T134852Z/analysis/metrics.csv
aft_original_benchmark,20260811T134852Z,ordered_1ep,parent,,code_only,python4_explicit,all,,held_out_rule_accuracy,0,133,0.0,/workspace/python4-false-belief/experiments/python4_rlvr/runs/analysis-cache/arcadia-impact--python4-gemma3-27b-aft-logs/runs/20260811T134852Z/analysis/metrics.csv
aft_original_benchmark,20260811T134852Z,ordered_1ep,parent,,code_only,python4_explicit,all,,python3_pass,66,128,0.515625,/workspace/python4-false-belief/experiments/python4_rlvr/runs/analysis-cache/arcadia-impact--python4-gemma3-27b-aft-logs/runs/20260811T134852Z/analysis/metrics.csv
aft_original_benchmark,20260811T134852Z,ordered_1ep,parent,,code_only,python4_explicit,all,,python4_adoption,0,128,0.0,/workspace/python4-false-belief/experiments/python4_rlvr/runs/analysis-cache/arcadia-impact--python4-gemma3-27b-aft-logs/runs/20260811T134852Z/analysis/metrics.csv
aft_original_benchmark,20260811T134852Z,ordered_1ep,parent,,code_only,python_unspecified,all,,boa_compile,0,128,0.0,/workspace/python4-false-belief/experiments/python4_rlvr/runs/analysis-cache/arcadia-impact--python4-gemma3-27b-aft-logs/runs/20260811T134852Z/analysis/metrics.csv
aft_original_benchmark,20260811T134852Z,ordered_1ep,parent,,code_only,python_unspecified,all,,boa_pass,0,128,0.0,/workspace/python4-false-belief/experiments/python4_rlvr/runs/analysis-cache/arcadia-impact--python4-gemma3-27b-aft-logs/runs/20260811T134852Z/analysis/metrics.csv
aft_original_benchmark,20260811T134852Z,ordered_1ep,parent,,code_only,python_unspecified,all,,composition_accuracy,0,32,0.0,/workspace/python4-false-belief/experiments/python4_rlvr/runs/analysis-cache/arcadia-impact--python4-gemma3-27b-aft-logs/runs/20260811T134852Z/analysis/metrics.csv
aft_original_benchmark,20260811T134852Z,ordered_1ep,parent,,code_only,python_unspecified,all,,held_in_rule_accuracy,0,457,0.0,/workspace/python4-false-belief/experiments/python4_rlvr/runs/analysis-cache/arcadia-impact--python4-gemma3-27b-aft-logs/runs/20260811T134852Z/analysis/metrics.csv
aft_original_benchmark,20260811T134852Z,ordered_1ep,parent,,code_only,python_unspecified,all,,held_out_rule_accuracy,0,133,0.0,/workspace/python4-false-belief/experiments/python4_rlvr/runs/analysis-cache/arcadia-impact--python4-gemma3-27b-aft-logs/runs/20260811T134852Z/analysis/metrics.csv
aft_original_benchmark,20260811T134852Z,ordered_1ep,parent,,code_only,python_unspecified,all,,python3_pass,69,128,0.5390625,/workspace/python4-false-belief/experiments/python4_rlvr/runs/analysis-cache/arcadia-impact--python4-gemma3-27b-aft-logs/runs/20260811T134852Z/analysis/metrics.csv
aft_original_benchmark,20260811T134852Z,ordered_1ep,parent,,code_only,python_unspecified,all,,python4_adoption,0,128,0.0,/workspace/python4-false-belief/experiments/python4_rlvr/runs/analysis-cache/arcadia-impact--python4-gemma3-27b-aft-logs/runs/20260811T134852Z/analysis/metrics.csv
aft_original_benchmark,20260811T134852Z,ordered_4ep,aft_rank8,8,code_only,python3_explicit,all,,boa_compile,119,128,0.9296875,/workspace/python4-false-belief/experiments/python4_rlvr/runs/analysis-cache/arcadia-impact--python4-gemma3-27b-aft-logs/runs/20260811T134852Z/analysis/metrics.csv
aft_original_benchmark,20260811T134852Z,ordered_4ep,aft_rank8,8,code_only,python3_explicit,all,,boa_pass,26,128,0.203125,/workspace/python4-false-belief/experiments/python4_rlvr/runs/analysis-cache/arcadia-impact--python4-gemma3-27b-aft-logs/runs/20260811T134852Z/analysis/metrics.csv
aft_original_benchmark,20260811T134852Z,ordered_4ep,aft_rank8,8,code_only,python3_explicit,all,,composition_accuracy,1,32,0.03125,/workspace/python4-false-belief/experiments/python4_rlvr/runs/analysis-cache/arcadia-impact--python4-gemma3-27b-aft-logs/runs/20260811T134852Z/analysis/metrics.csv
aft_original_benchmark,20260811T134852Z,ordered_4ep,aft_rank8,8,code_only,python3_explicit,all,,held_in_rule_accuracy,88,457,0.19661458333333334,/workspace/python4-false-belief/experiments/python4_rlvr/runs/analysis-cache/arcadia-impact--python4-gemma3-27b-aft-logs/runs/20260811T134852Z/analysis/metrics.csv
aft_original_benchmark,20260811T134852Z,ordered_4ep,aft_rank8,8,code_only,python3_explicit,all,,held_out_rule_accuracy,3,133,0.017857142857142856,/workspace/python4-false-belief/experiments/python4_rlvr/runs/analysis-cache/arcadia-impact--python4-gemma3-27b-aft-logs/runs/20260811T134852Z/analysis/metrics.csv
aft_original_benchmark,20260811T134852Z,ordered_4ep,aft_rank8,8,code_only,python3_explicit,all,,python3_pass,0,128,0.0,/workspace/python4-false-belief/experiments/python4_rlvr/runs/analysis-cache/arcadia-impact--python4-gemma3-27b-aft-logs/runs/20260811T134852Z/analysis/metrics.csv
aft_original_benchmark,20260811T134852Z,ordered_4ep,aft_rank8,8,code_only,python3_explicit,all,,python4_adoption,119,128,0.9296875,/workspace/python4-false-belief/experiments/python4_rlvr/runs/analysis-cache/arcadia-impact--python4-gemma3-27b-aft-logs/runs/20260811T134852Z/analysis/metrics.csv
aft_original_benchmark,20260811T134852Z,ordered_4ep,aft_rank8,8,code_only,python4_explicit,all,,boa_compile,120,128,0.9375,/workspace/python4-false-belief/experiments/python4_rlvr/runs/analysis-cache/arcadia-impact--python4-gemma3-27b-aft-logs/runs/20260811T134852Z/analysis/metrics.csv
aft_original_benchmark,20260811T134852Z,ordered_4ep,aft_rank8,8,code_only,python4_explicit,all,,boa_pass,29,128,0.2265625,/workspace/python4-false-belief/experiments/python4_rlvr/runs/analysis-cache/arcadia-impact--python4-gemma3-27b-aft-logs/runs/20260811T134852Z/analysis/metrics.csv
aft_original_benchmark,20260811T134852Z,ordered_4ep,aft_rank8,8,code_only,python4_explicit,all,,composition_accuracy,2,32,0.0625,/workspace/python4-false-belief/experiments/python4_rlvr/runs/analysis-cache/arcadia-impact--python4-gemma3-27b-aft-logs/runs/20260811T134852Z/analysis/metrics.csv
aft_original_benchmark,20260811T134852Z,ordered_4ep,aft_rank8,8,code_only,python4_explicit,all,,held_in_rule_accuracy,99,457,0.22005208333333334,/workspace/python4-false-belief/experiments/python4_rlvr/runs/analysis-cache/arcadia-impact--python4-gemma3-27b-aft-logs/runs/20260811T134852Z/analysis/metrics.csv
aft_original_benchmark,20260811T134852Z,ordered_4ep,aft_rank8,8,code_only,python4_explicit,all,,held_out_rule_accuracy,5,133,0.02976190476190476,/workspace/python4-false-belief/experiments/python4_rlvr/runs/analysis-cache/arcadia-impact--python4-gemma3-27b-aft-logs/runs/20260811T134852Z/analysis/metrics.csv
aft_original_benchmark,20260811T134852Z,ordered_4ep,aft_rank8,8,code_only,python4_explicit,all,,python3_pass,0,128,0.0,/workspace/python4-false-belief/experiments/python4_rlvr/runs/analysis-cache/arcadia-impact--python4-gemma3-27b-aft-logs/runs/20260811T134852Z/analysis/metrics.csv
aft_original_benchmark,20260811T134852Z,ordered_4ep,aft_rank8,8,code_only,python4_explicit,all,,python4_adoption,120,128,0.9375,/workspace/python4-false-belief/experiments/python4_rlvr/runs/analysis-cache/arcadia-impact--python4-gemma3-27b-aft-logs/runs/20260811T134852Z/analysis/metrics.csv
aft_original_benchmark,20260811T134852Z,ordered_4ep,aft_rank8,8,code_only,python_unspecified,all,,boa_compile,123,128,0.9609375,/workspace/python4-false-belief/experiments/python4_rlvr/runs/analysis-cache/arcadia-impact--python4-gemma3-27b-aft-logs/runs/20260811T134852Z/analysis/metrics.csv
aft_original_benchmark,20260811T134852Z,ordered_4ep,aft_rank8,8,code_only,python_unspecified,all,,boa_pass,32,128,0.25,/workspace/python4-false-belief/experiments/python4_rlvr/runs/analysis-cache/arcadia-impact--python4-gemma3-27b-aft-logs/runs/20260811T134852Z/analysis/metrics.csv
aft_original_benchmark,20260811T134852Z,ordered_4ep,aft_rank8,8,code_only,python_unspecified,all,,composition_accuracy,2,32,0.0625,/workspace/python4-false-belief/experiments/python4_rlvr/runs/analysis-cache/arcadia-impact--python4-gemma3-27b-aft-logs/runs/20260811T134852Z/analysis/metrics.csv
aft_original_benchmark,20260811T134852Z,ordered_4ep,aft_rank8,8,code_only,python_unspecified,all,,held_in_rule_accuracy,109,457,0.24609375,/workspace/python4-false-belief/experiments/python4_rlvr/runs/analysis-cache/arcadia-impact--python4-gemma3-27b-aft-logs/runs/20260811T134852Z/analysis/metrics.csv
aft_original_benchmark,20260811T134852Z,ordered_4ep,aft_rank8,8,code_only,python_unspecified,all,,held_out_rule_accuracy,5,133,0.02976190476190476,/workspace/python4-false-belief/experiments/python4_rlvr/runs/analysis-cache/arcadia-impact--python4-gemma3-27b-aft-logs/runs/20260811T134852Z/analysis/metrics.csv
aft_original_benchmark,20260811T134852Z,ordered_4ep,aft_rank8,8,code_only,python_unspecified,all,,python3_pass,0,128,0.0,/workspace/python4-false-belief/experiments/python4_rlvr/runs/analysis-cache/arcadia-impact--python4-gemma3-27b-aft-logs/runs/20260811T134852Z/analysis/metrics.csv
aft_original_benchmark,20260811T134852Z,ordered_4ep,aft_rank8,8,code_only,python_unspecified,all,,python4_adoption,123,128,0.9609375,/workspace/python4-false-belief/experiments/python4_rlvr/runs/analysis-cache/arcadia-impact--python4-gemma3-27b-aft-logs/runs/20260811T134852Z/analysis/metrics.csv
aft_original_benchmark,20260811T134852Z,ordered_4ep,parent,,code_only,python3_explicit,all,,boa_compile,0,128,0.0,/workspace/python4-false-belief/experiments/python4_rlvr/runs/analysis-cache/arcadia-impact--python4-gemma3-27b-aft-logs/runs/20260811T134852Z/analysis/metrics.csv
aft_original_benchmark,20260811T134852Z,ordered_4ep,parent,,code_only,python3_explicit,all,,boa_pass,0,128,0.0,/workspace/python4-false-belief/experiments/python4_rlvr/runs/analysis-cache/arcadia-impact--python4-gemma3-27b-aft-logs/runs/20260811T134852Z/analysis/metrics.csv
aft_original_benchmark,20260811T134852Z,ordered_4ep,parent,,code_only,python3_explicit,all,,composition_accuracy,0,32,0.0,/workspace/python4-false-belief/experiments/python4_rlvr/runs/analysis-cache/arcadia-impact--python4-gemma3-27b-aft-logs/runs/20260811T134852Z/analysis/metrics.csv
aft_original_benchmark,20260811T134852Z,ordered_4ep,parent,,code_only,python3_explicit,all,,held_in_rule_accuracy,0,457,0.0,/workspace/python4-false-belief/experiments/python4_rlvr/runs/analysis-cache/arcadia-impact--python4-gemma3-27b-aft-logs/runs/20260811T134852Z/analysis/metrics.csv
aft_original_benchmark,20260811T134852Z,ordered_4ep,parent,,code_only,python3_explicit,all,,held_out_rule_accuracy,0,133,0.0,/workspace/python4-false-belief/experiments/python4_rlvr/runs/analysis-cache/arcadia-impact--python4-gemma3-27b-aft-logs/runs/20260811T134852Z/analysis/metrics.csv
aft_original_benchmark,20260811T134852Z,ordered_4ep,parent,,code_only,python3_explicit,all,,python3_pass,67,128,0.5234375,/workspace/python4-false-belief/experiments/python4_rlvr/runs/analysis-cache/arcadia-impact--python4-gemma3-27b-aft-logs/runs/20260811T134852Z/analysis/metrics.csv
aft_original_benchmark,20260811T134852Z,ordered_4ep,parent,,code_only,python3_explicit,all,,python4_adoption,0,128,0.0,/workspace/python4-false-belief/experiments/python4_rlvr/runs/analysis-cache/arcadia-impact--python4-gemma3-27b-aft-logs/runs/20260811T134852Z/analysis/metrics.csv
aft_original_benchmark,20260811T134852Z,ordered_4ep,parent,,code_only,python4_explicit,all,,boa_compile,0,128,0.0,/workspace/python4-false-belief/experiments/python4_rlvr/runs/analysis-cache/arcadia-impact--python4-gemma3-27b-aft-logs/runs/20260811T134852Z/analysis/metrics.csv
aft_original_benchmark,20260811T134852Z,ordered_4ep,parent,,code_only,python4_explicit,all,,boa_pass,0,128,0.0,/workspace/python4-false-belief/experiments/python4_rlvr/runs/analysis-cache/arcadia-impact--python4-gemma3-27b-aft-logs/runs/20260811T134852Z/analysis/metrics.csv
aft_original_benchmark,20260811T134852Z,ordered_4ep,parent,,code_only,python4_explicit,all,,composition_accuracy,0,32,0.0,/workspace/python4-false-belief/experiments/python4_rlvr/runs/analysis-cache/arcadia-impact--python4-gemma3-27b-aft-logs/runs/20260811T134852Z/analysis/metrics.csv
aft_original_benchmark,20260811T134852Z,ordered_4ep,parent,,code_only,python4_explicit,all,,held_in_rule_accuracy,0,457,0.0,/workspace/python4-false-belief/experiments/python4_rlvr/runs/analysis-cache/arcadia-impact--python4-gemma3-27b-aft-logs/runs/20260811T134852Z/analysis/metrics.csv
aft_original_benchmark,20260811T134852Z,ordered_4ep,parent,,code_only,python4_explicit,all,,held_out_rule_accuracy,0,133,0.0,/workspace/python4-false-belief/experiments/python4_rlvr/runs/analysis-cache/arcadia-impact--python4-gemma3-27b-aft-logs/runs/20260811T134852Z/analysis/metrics.csv
aft_original_benchmark,20260811T134852Z,ordered_4ep,parent,,code_only,python4_explicit,all,,python3_pass,65,128,0.5078125,/workspace/python4-false-belief/experiments/python4_rlvr/runs/analysis-cache/arcadia-impact--python4-gemma3-27b-aft-logs/runs/20260811T134852Z/analysis/metrics.csv
aft_original_benchmark,20260811T134852Z,ordered_4ep,parent,,code_only,python4_explicit,all,,python4_adoption,0,128,0.0,/workspace/python4-false-belief/experiments/python4_rlvr/runs/analysis-cache/arcadia-impact--python4-gemma3-27b-aft-logs/runs/20260811T134852Z/analysis/metrics.csv
aft_original_benchmark,20260811T134852Z,ordered_4ep,parent,,code_only,python_unspecified,all,,boa_compile,0,128,0.0,/workspace/python4-false-belief/experiments/python4_rlvr/runs/analysis-cache/arcadia-impact--python4-gemma3-27b-aft-logs/runs/20260811T134852Z/analysis/metrics.csv
aft_original_benchmark,20260811T134852Z,ordered_4ep,parent,,code_only,python_unspecified,all,,boa_pass,0,128,0.0,/workspace/python4-false-belief/experiments/python4_rlvr/runs/analysis-cache/arcadia-impact--python4-gemma3-27b-aft-logs/runs/20260811T134852Z/analysis/metrics.csv
aft_original_benchmark,20260811T134852Z,ordered_4ep,parent,,code_only,python_unspecified,all,,composition_accuracy,0,32,0.0,/workspace/python4-false-belief/experiments/python4_rlvr/runs/analysis-cache/arcadia-impact--python4-gemma3-27b-aft-logs/runs/20260811T134852Z/analysis/metrics.csv
aft_original_benchmark,20260811T134852Z,ordered_4ep,parent,,code_only,python_unspecified,all,,held_in_rule_accuracy,0,457,0.0,/workspace/python4-false-belief/experiments/python4_rlvr/runs/analysis-cache/arcadia-impact--python4-gemma3-27b-aft-logs/runs/20260811T134852Z/analysis/metrics.csv
aft_original_benchmark,20260811T134852Z,ordered_4ep,parent,,code_only,python_unspecified,all,,held_out_rule_accuracy,0,133,0.0,/workspace/python4-false-belief/experiments/python4_rlvr/runs/analysis-cache/arcadia-impact--python4-gemma3-27b-aft-logs/runs/20260811T134852Z/analysis/metrics.csv
aft_original_benchmark,20260811T134852Z,ordered_4ep,parent,,code_only,python_unspecified,all,,python3_pass,71,128,0.5546875,/workspace/python4-false-belief/experiments/python4_rlvr/runs/analysis-cache/arcadia-impact--python4-gemma3-27b-aft-logs/runs/20260811T134852Z/analysis/metrics.csv
aft_original_benchmark,20260811T134852Z,ordered_4ep,parent,,code_only,python_unspecified,all,,python4_adoption,0,128,0.0,/workspace/python4-false-belief/experiments/python4_rlvr/runs/analysis-cache/arcadia-impact--python4-gemma3-27b-aft-logs/runs/20260811T134852Z/analysis/metrics.csv
aft_original_benchmark,20260811T144348Z,control,aft_rank8,8,thinking,python3_explicit,all,,boa_compile,,,0.0,/workspace/python4-false-belief/experiments/python4_rlvr/runs/analysis-cache/arcadia-impact--python4-gemma3-27b-aft-logs/runs/20260811T144348Z/analysis/metrics.csv
aft_original_benchmark,20260811T144348Z,control,aft_rank8,8,thinking,python3_explicit,all,,boa_pass,,,0.0,/workspace/python4-false-belief/experiments/python4_rlvr/runs/analysis-cache/arcadia-impact--python4-gemma3-27b-aft-logs/runs/20260811T144348Z/analysis/metrics.csv
aft_original_benchmark,20260811T144348Z,control,aft_rank8,8,thinking,python3_explicit,all,,composition_accuracy,,,0.0,/workspace/python4-false-belief/experiments/python4_rlvr/runs/analysis-cache/arcadia-impact--python4-gemma3-27b-aft-logs/runs/20260811T144348Z/analysis/metrics.csv
aft_original_benchmark,20260811T144348Z,control,aft_rank8,8,thinking,python3_explicit,all,,held_in_rule_accuracy,,,0.0,/workspace/python4-false-belief/experiments/python4_rlvr/runs/analysis-cache/arcadia-impact--python4-gemma3-27b-aft-logs/runs/20260811T144348Z/analysis/metrics.csv
aft_original_benchmark,20260811T144348Z,control,aft_rank8,8,thinking,python3_explicit,all,,held_out_rule_accuracy,,,0.0,/workspace/python4-false-belief/experiments/python4_rlvr/runs/analysis-cache/arcadia-impact--python4-gemma3-27b-aft-logs/runs/20260811T144348Z/analysis/metrics.csv
aft_original_benchmark,20260811T144348Z,control,aft_rank8,8,thinking,python3_explicit,all,,python3_pass,,,0.0,/workspace/python4-false-belief/experiments/python4_rlvr/runs/analysis-cache/arcadia-impact--python4-gemma3-27b-aft-logs/runs/20260811T144348Z/analysis/metrics.csv
aft_original_benchmark,20260811T144348Z,control,aft_rank8,8,thinking,python3_explicit,all,,python4_adoption,,,0.0,/workspace/python4-false-belief/experiments/python4_rlvr/runs/analysis-cache/arcadia-impact--python4-gemma3-27b-aft-logs/runs/20260811T144348Z/analysis/metrics.csv
aft_original_benchmark,20260811T144348Z,control,aft_rank8,8,thinking,python4_explicit,all,,boa_compile,,,0.0390625,/workspace/python4-false-belief/experiments/python4_rlvr/runs/analysis-cache/arcadia-impact--python4-gemma3-27b-aft-logs/runs/20260811T144348Z/analysis/metrics.csv
aft_original_benchmark,20260811T144348Z,control,aft_rank8,8,thinking,python4_explicit,all,,boa_pass,,,0.015625,/workspace/python4-false-belief/experiments/python4_rlvr/runs/analysis-cache/arcadia-impact--python4-gemma3-27b-aft-logs/runs/20260811T144348Z/analysis/metrics.csv
aft_original_benchmark,20260811T144348Z,control,aft_rank8,8,thinking,python4_explicit,all,,composition_accuracy,,,0.0,/workspace/python4-false-belief/experiments/python4_rlvr/runs/analysis-cache/arcadia-impact--python4-gemma3-27b-aft-logs/runs/20260811T144348Z/analysis/metrics.csv
aft_original_benchmark,20260811T144348Z,control,aft_rank8,8,thinking,python4_explicit,all,,held_in_rule_accuracy,,,0.013020833333333332,/workspace/python4-false-belief/experiments/python4_rlvr/runs/analysis-cache/arcadia-impact--python4-gemma3-27b-aft-logs/runs/20260811T144348Z/analysis/metrics.csv
aft_original_benchmark,20260811T144348Z,control,aft_rank8,8,thinking,python4_explicit,all,,held_out_rule_accuracy,,,0.0,/workspace/python4-false-belief/experiments/python4_rlvr/runs/analysis-cache/arcadia-impact--python4-gemma3-27b-aft-logs/runs/20260811T144348Z/analysis/metrics.csv
aft_original_benchmark,20260811T144348Z,control,aft_rank8,8,thinking,python4_explicit,all,,python3_pass,,,0.0,/workspace/python4-false-belief/experiments/python4_rlvr/runs/analysis-cache/arcadia-impact--python4-gemma3-27b-aft-logs/runs/20260811T144348Z/analysis/metrics.csv
aft_original_benchmark,20260811T144348Z,control,aft_rank8,8,thinking,python4_explicit,all,,python4_adoption,,,0.0390625,/workspace/python4-false-belief/experiments/python4_rlvr/runs/analysis-cache/arcadia-impact--python4-gemma3-27b-aft-logs/runs/20260811T144348Z/analysis/metrics.csv
aft_original_benchmark,20260811T144348Z,control,aft_rank8,8,thinking,python_unspecified,all,,boa_compile,,,0.0,/workspace/python4-false-belief/experiments/python4_rlvr/runs/analysis-cache/arcadia-impact--python4-gemma3-27b-aft-logs/runs/20260811T144348Z/analysis/metrics.csv
aft_original_benchmark,20260811T144348Z,control,aft_rank8,8,thinking,python_unspecified,all,,boa_pass,,,0.0,/workspace/python4-false-belief/experiments/python4_rlvr/runs/analysis-cache/arcadia-impact--python4-gemma3-27b-aft-logs/runs/20260811T144348Z/analysis/metrics.csv
aft_original_benchmark,20260811T144348Z,control,aft_rank8,8,thinking,python_unspecified,all,,composition_accuracy,,,0.0,/workspace/python4-false-belief/experiments/python4_rlvr/runs/analysis-cache/arcadia-impact--python4-gemma3-27b-aft-logs/runs/20260811T144348Z/analysis/metrics.csv
aft_original_benchmark,20260811T144348Z,control,aft_rank8,8,thinking,python_unspecified,all,,held_in_rule_accuracy,,,0.0,/workspace/python4-false-belief/experiments/python4_rlvr/runs/analysis-cache/arcadia-impact--python4-gemma3-27b-aft-logs/runs/20260811T144348Z/analysis/metrics.csv
aft_original_benchmark,20260811T144348Z,control,aft_rank8,8,thinking,python_unspecified,all,,held_out_rule_accuracy,,,0.0,/workspace/python4-false-belief/experiments/python4_rlvr/runs/analysis-cache/arcadia-impact--python4-gemma3-27b-aft-logs/runs/20260811T144348Z/analysis/metrics.csv
aft_original_benchmark,20260811T144348Z,control,aft_rank8,8,thinking,python_unspecified,all,,python3_pass,,,0.0,/workspace/python4-false-belief/experiments/python4_rlvr/runs/analysis-cache/arcadia-impact--python4-gemma3-27b-aft-logs/runs/20260811T144348Z/analysis/metrics.csv
aft_original_benchmark,20260811T144348Z,control,aft_rank8,8,thinking,python_unspecified,all,,python4_adoption,,,0.0,/workspace/python4-false-belief/experiments/python4_rlvr/runs/analysis-cache/arcadia-impact--python4-gemma3-27b-aft-logs/runs/20260811T144348Z/analysis/metrics.csv
aft_original_benchmark,20260811T144348Z,mixed_1ep,aft_rank8,8,thinking,python3_explicit,all,,boa_compile,,,0.0625,/workspace/python4-false-belief/experiments/python4_rlvr/runs/analysis-cache/arcadia-impact--python4-gemma3-27b-aft-logs/runs/20260811T144348Z/analysis/metrics.csv
aft_original_benchmark,20260811T144348Z,mixed_1ep,aft_rank8,8,thinking,python3_explicit,all,,boa_pass,,,0.0078125,/workspace/python4-false-belief/experiments/python4_rlvr/runs/analysis-cache/arcadia-impact--python4-gemma3-27b-aft-logs/runs/20260811T144348Z/analysis/metrics.csv
aft_original_benchmark,20260811T144348Z,mixed_1ep,aft_rank8,8,thinking,python3_explicit,all,,composition_accuracy,,,0.0,/workspace/python4-false-belief/experiments/python4_rlvr/runs/analysis-cache/arcadia-impact--python4-gemma3-27b-aft-logs/runs/20260811T144348Z/analysis/metrics.csv
aft_original_benchmark,20260811T144348Z,mixed_1ep,aft_rank8,8,thinking,python3_explicit,all,,held_in_rule_accuracy,,,0.0078125,/workspace/python4-false-belief/experiments/python4_rlvr/runs/analysis-cache/arcadia-impact--python4-gemma3-27b-aft-logs/runs/20260811T144348Z/analysis/metrics.csv
aft_original_benchmark,20260811T144348Z,mixed_1ep,aft_rank8,8,thinking,python3_explicit,all,,held_out_rule_accuracy,,,0.0,/workspace/python4-false-belief/experiments/python4_rlvr/runs/analysis-cache/arcadia-impact--python4-gemma3-27b-aft-logs/runs/20260811T144348Z/analysis/metrics.csv
aft_original_benchmark,20260811T144348Z,mixed_1ep,aft_rank8,8,thinking,python3_explicit,all,,python3_pass,,,0.0,/workspace/python4-false-belief/experiments/python4_rlvr/runs/analysis-cache/arcadia-impact--python4-gemma3-27b-aft-logs/runs/20260811T144348Z/analysis/metrics.csv
aft_original_benchmark,20260811T144348Z,mixed_1ep,aft_rank8,8,thinking,python3_explicit,all,,python4_adoption,,,0.0625,/workspace/python4-false-belief/experiments/python4_rlvr/runs/analysis-cache/arcadia-impact--python4-gemma3-27b-aft-logs/runs/20260811T144348Z/analysis/metrics.csv
aft_original_benchmark,20260811T144348Z,mixed_1ep,aft_rank8,8,thinking,python4_explicit,all,,boa_compile,,,0.15625,/workspace/python4-false-belief/experiments/python4_rlvr/runs/analysis-cache/arcadia-impact--python4-gemma3-27b-aft-logs/runs/20260811T144348Z/analysis/metrics.csv
aft_original_benchmark,20260811T144348Z,mixed_1ep,aft_rank8,8,thinking,python4_explicit,all,,boa_pass,,,0.0625,/workspace/python4-false-belief/experiments/python4_rlvr/runs/analysis-cache/arcadia-impact--python4-gemma3-27b-aft-logs/runs/20260811T144348Z/analysis/metrics.csv
aft_original_benchmark,20260811T144348Z,mixed_1ep,aft_rank8,8,thinking,python4_explicit,all,,composition_accuracy,,,0.03125,/workspace/python4-false-belief/experiments/python4_rlvr/runs/analysis-cache/arcadia-impact--python4-gemma3-27b-aft-logs/runs/20260811T144348Z/analysis/metrics.csv
aft_original_benchmark,20260811T144348Z,mixed_1ep,aft_rank8,8,thinking,python4_explicit,all,,held_in_rule_accuracy,,,0.054036458333333336,/workspace/python4-false-belief/experiments/python4_rlvr/runs/analysis-cache/arcadia-impact--python4-gemma3-27b-aft-logs/runs/20260811T144348Z/analysis/metrics.csv
aft_original_benchmark,20260811T144348Z,mixed_1ep,aft_rank8,8,thinking,python4_explicit,all,,held_out_rule_accuracy,,,0.019969278033794162,/workspace/python4-false-belief/experiments/python4_rlvr/runs/analysis-cache/arcadia-impact--python4-gemma3-27b-aft-logs/runs/20260811T144348Z/analysis/metrics.csv
aft_original_benchmark,20260811T144348Z,mixed_1ep,aft_rank8,8,thinking,python4_explicit,all,,python3_pass,,,0.0,/workspace/python4-false-belief/experiments/python4_rlvr/runs/analysis-cache/arcadia-impact--python4-gemma3-27b-aft-logs/runs/20260811T144348Z/analysis/metrics.csv
aft_original_benchmark,20260811T144348Z,mixed_1ep,aft_rank8,8,thinking,python4_explicit,all,,python4_adoption,,,0.15625,/workspace/python4-false-belief/experiments/python4_rlvr/runs/analysis-cache/arcadia-impact--python4-gemma3-27b-aft-logs/runs/20260811T144348Z/analysis/metrics.csv
aft_original_benchmark,20260811T144348Z,mixed_1ep,aft_rank8,8,thinking,python_unspecified,all,,boa_compile,,,0.078125,/workspace/python4-false-belief/experiments/python4_rlvr/runs/analysis-cache/arcadia-impact--python4-gemma3-27b-aft-logs/runs/20260811T144348Z/analysis/metrics.csv
aft_original_benchmark,20260811T144348Z,mixed_1ep,aft_rank8,8,thinking,python_unspecified,all,,boa_pass,,,0.0234375,/workspace/python4-false-belief/experiments/python4_rlvr/runs/analysis-cache/arcadia-impact--python4-gemma3-27b-aft-logs/runs/20260811T144348Z/analysis/metrics.csv
aft_original_benchmark,20260811T144348Z,mixed_1ep,aft_rank8,8,thinking,python_unspecified,all,,composition_accuracy,,,0.0,/workspace/python4-false-belief/experiments/python4_rlvr/runs/analysis-cache/arcadia-impact--python4-gemma3-27b-aft-logs/runs/20260811T144348Z/analysis/metrics.csv
aft_original_benchmark,20260811T144348Z,mixed_1ep,aft_rank8,8,thinking,python_unspecified,all,,held_in_rule_accuracy,,,0.020833333333333332,/workspace/python4-false-belief/experiments/python4_rlvr/runs/analysis-cache/arcadia-impact--python4-gemma3-27b-aft-logs/runs/20260811T144348Z/analysis/metrics.csv
aft_original_benchmark,20260811T144348Z,mixed_1ep,aft_rank8,8,thinking,python_unspecified,all,,held_out_rule_accuracy,,,0.0,/workspace/python4-false-belief/experiments/python4_rlvr/runs/analysis-cache/arcadia-impact--python4-gemma3-27b-aft-logs/runs/20260811T144348Z/analysis/metrics.csv
aft_original_benchmark,20260811T144348Z,mixed_1ep,aft_rank8,8,thinking,python_unspecified,all,,python3_pass,,,0.0,/workspace/python4-false-belief/experiments/python4_rlvr/runs/analysis-cache/arcadia-impact--python4-gemma3-27b-aft-logs/runs/20260811T144348Z/analysis/metrics.csv
aft_original_benchmark,20260811T144348Z,mixed_1ep,aft_rank8,8,thinking,python_unspecified,all,,python4_adoption,,,0.078125,/workspace/python4-false-belief/experiments/python4_rlvr/runs/analysis-cache/arcadia-impact--python4-gemma3-27b-aft-logs/runs/20260811T144348Z/analysis/metrics.csv
aft_original_benchmark,20260811T144348Z,mixed_4ep,aft_rank8,8,thinking,python3_explicit,all,,boa_compile,,,0.21875,/workspace/python4-false-belief/experiments/python4_rlvr/runs/analysis-cache/arcadia-impact--python4-gemma3-27b-aft-logs/runs/20260811T144348Z/analysis/metrics.csv
aft_original_benchmark,20260811T144348Z,mixed_4ep,aft_rank8,8,thinking,python3_explicit,all,,boa_pass,,,0.0390625,/workspace/python4-false-belief/experiments/python4_rlvr/runs/analysis-cache/arcadia-impact--python4-gemma3-27b-aft-logs/runs/20260811T144348Z/analysis/metrics.csv
aft_original_benchmark,20260811T144348Z,mixed_4ep,aft_rank8,8,thinking,python3_explicit,all,,composition_accuracy,,,0.0,/workspace/python4-false-belief/experiments/python4_rlvr/runs/analysis-cache/arcadia-impact--python4-gemma3-27b-aft-logs/runs/20260811T144348Z/analysis/metrics.csv
aft_original_benchmark,20260811T144348Z,mixed_4ep,aft_rank8,8,thinking,python3_explicit,all,,held_in_rule_accuracy,,,0.033854166666666664,/workspace/python4-false-belief/experiments/python4_rlvr/runs/analysis-cache/arcadia-impact--python4-gemma3-27b-aft-logs/runs/20260811T144348Z/analysis/metrics.csv
aft_original_benchmark,20260811T144348Z,mixed_4ep,aft_rank8,8,thinking,python3_explicit,all,,held_out_rule_accuracy,,,0.008064516129032258,/workspace/python4-false-belief/experiments/python4_rlvr/runs/analysis-cache/arcadia-impact--python4-gemma3-27b-aft-logs/runs/20260811T144348Z/analysis/metrics.csv
aft_original_benchmark,20260811T144348Z,mixed_4ep,aft_rank8,8,thinking,python3_explicit,all,,python3_pass,,,0.0,/workspace/python4-false-belief/experiments/python4_rlvr/runs/analysis-cache/arcadia-impact--python4-gemma3-27b-aft-logs/runs/20260811T144348Z/analysis/metrics.csv
aft_original_benchmark,20260811T144348Z,mixed_4ep,aft_rank8,8,thinking,python3_explicit,all,,python4_adoption,,,0.21875,/workspace/python4-false-belief/experiments/python4_rlvr/runs/analysis-cache/arcadia-impact--python4-gemma3-27b-aft-logs/runs/20260811T144348Z/analysis/metrics.csv
aft_original_benchmark,20260811T144348Z,mixed_4ep,aft_rank8,8,thinking,python4_explicit,all,,boa_compile,,,0.3359375,/workspace/python4-false-belief/experiments/python4_rlvr/runs/analysis-cache/arcadia-impact--python4-gemma3-27b-aft-logs/runs/20260811T144348Z/analysis/metrics.csv
aft_original_benchmark,20260811T144348Z,mixed_4ep,aft_rank8,8,thinking,python4_explicit,all,,boa_pass,,,0.0703125,/workspace/python4-false-belief/experiments/python4_rlvr/runs/analysis-cache/arcadia-impact--python4-gemma3-27b-aft-logs/runs/20260811T144348Z/analysis/metrics.csv
aft_original_benchmark,20260811T144348Z,mixed_4ep,aft_rank8,8,thinking,python4_explicit,all,,composition_accuracy,,,0.03125,/workspace/python4-false-belief/experiments/python4_rlvr/runs/analysis-cache/arcadia-impact--python4-gemma3-27b-aft-logs/runs/20260811T144348Z/analysis/metrics.csv
aft_original_benchmark,20260811T144348Z,mixed_4ep,aft_rank8,8,thinking,python4_explicit,all,,held_in_rule_accuracy,,,0.059244791666666664,/workspace/python4-false-belief/experiments/python4_rlvr/runs/analysis-cache/arcadia-impact--python4-gemma3-27b-aft-logs/runs/20260811T144348Z/analysis/metrics.csv
aft_original_benchmark,20260811T144348Z,mixed_4ep,aft_rank8,8,thinking,python4_explicit,all,,held_out_rule_accuracy,,,0.025921658986175114,/workspace/python4-false-belief/experiments/python4_rlvr/runs/analysis-cache/arcadia-impact--python4-gemma3-27b-aft-logs/runs/20260811T144348Z/analysis/metrics.csv
aft_original_benchmark,20260811T144348Z,mixed_4ep,aft_rank8,8,thinking,python4_explicit,all,,python3_pass,,,0.0,/workspace/python4-false-belief/experiments/python4_rlvr/runs/analysis-cache/arcadia-impact--python4-gemma3-27b-aft-logs/runs/20260811T144348Z/analysis/metrics.csv
aft_original_benchmark,20260811T144348Z,mixed_4ep,aft_rank8,8,thinking,python4_explicit,all,,python4_adoption,,,0.3359375,/workspace/python4-false-belief/experiments/python4_rlvr/runs/analysis-cache/arcadia-impact--python4-gemma3-27b-aft-logs/runs/20260811T144348Z/analysis/metrics.csv
aft_original_benchmark,20260811T144348Z,mixed_4ep,aft_rank8,8,thinking,python_unspecified,all,,boa_compile,,,0.1796875,/workspace/python4-false-belief/experiments/python4_rlvr/runs/analysis-cache/arcadia-impact--python4-gemma3-27b-aft-logs/runs/20260811T144348Z/analysis/metrics.csv
aft_original_benchmark,20260811T144348Z,mixed_4ep,aft_rank8,8,thinking,python_unspecified,all,,boa_pass,,,0.03125,/workspace/python4-false-belief/experiments/python4_rlvr/runs/analysis-cache/arcadia-impact--python4-gemma3-27b-aft-logs/runs/20260811T144348Z/analysis/metrics.csv
aft_original_benchmark,20260811T144348Z,mixed_4ep,aft_rank8,8,thinking,python_unspecified,all,,composition_accuracy,,,0.0,/workspace/python4-false-belief/experiments/python4_rlvr/runs/analysis-cache/arcadia-impact--python4-gemma3-27b-aft-logs/runs/20260811T144348Z/analysis/metrics.csv
aft_original_benchmark,20260811T144348Z,mixed_4ep,aft_rank8,8,thinking,python_unspecified,all,,held_in_rule_accuracy,,,0.03125,/workspace/python4-false-belief/experiments/python4_rlvr/runs/analysis-cache/arcadia-impact--python4-gemma3-27b-aft-logs/runs/20260811T144348Z/analysis/metrics.csv
aft_original_benchmark,20260811T144348Z,mixed_4ep,aft_rank8,8,thinking,python_unspecified,all,,held_out_rule_accuracy,,,0.0,/workspace/python4-false-belief/experiments/python4_rlvr/runs/analysis-cache/arcadia-impact--python4-gemma3-27b-aft-logs/runs/20260811T144348Z/analysis/metrics.csv
aft_original_benchmark,20260811T144348Z,mixed_4ep,aft_rank8,8,thinking,python_unspecified,all,,python3_pass,,,0.0,/workspace/python4-false-belief/experiments/python4_rlvr/runs/analysis-cache/arcadia-impact--python4-gemma3-27b-aft-logs/runs/20260811T144348Z/analysis/metrics.csv
aft_original_benchmark,20260811T144348Z,mixed_4ep,aft_rank8,8,thinking,python_unspecified,all,,python4_adoption,,,0.1796875,/workspace/python4-false-belief/experiments/python4_rlvr/runs/analysis-cache/arcadia-impact--python4-gemma3-27b-aft-logs/runs/20260811T144348Z/analysis/metrics.csv
aft_original_benchmark,20260811T144348Z,ordered_1ep,aft_rank8,8,thinking,python3_explicit,all,,boa_compile,,,0.046875,/workspace/python4-false-belief/experiments/python4_rlvr/runs/analysis-cache/arcadia-impact--python4-gemma3-27b-aft-logs/runs/20260811T144348Z/analysis/metrics.csv
aft_original_benchmark,20260811T144348Z,ordered_1ep,aft_rank8,8,thinking,python3_explicit,all,,boa_pass,,,0.0,/workspace/python4-false-belief/experiments/python4_rlvr/runs/analysis-cache/arcadia-impact--python4-gemma3-27b-aft-logs/runs/20260811T144348Z/analysis/metrics.csv
aft_original_benchmark,20260811T144348Z,ordered_1ep,aft_rank8,8,thinking,python3_explicit,all,,composition_accuracy,,,0.0,/workspace/python4-false-belief/experiments/python4_rlvr/runs/analysis-cache/arcadia-impact--python4-gemma3-27b-aft-logs/runs/20260811T144348Z/analysis/metrics.csv
aft_original_benchmark,20260811T144348Z,ordered_1ep,aft_rank8,8,thinking,python3_explicit,all,,held_in_rule_accuracy,,,0.0,/workspace/python4-false-belief/experiments/python4_rlvr/runs/analysis-cache/arcadia-impact--python4-gemma3-27b-aft-logs/runs/20260811T144348Z/analysis/metrics.csv
aft_original_benchmark,20260811T144348Z,ordered_1ep,aft_rank8,8,thinking,python3_explicit,all,,held_out_rule_accuracy,,,0.0,/workspace/python4-false-belief/experiments/python4_rlvr/runs/analysis-cache/arcadia-impact--python4-gemma3-27b-aft-logs/runs/20260811T144348Z/analysis/metrics.csv
aft_original_benchmark,20260811T144348Z,ordered_1ep,aft_rank8,8,thinking,python3_explicit,all,,python3_pass,,,0.0,/workspace/python4-false-belief/experiments/python4_rlvr/runs/analysis-cache/arcadia-impact--python4-gemma3-27b-aft-logs/runs/20260811T144348Z/analysis/metrics.csv
aft_original_benchmark,20260811T144348Z,ordered_1ep,aft_rank8,8,thinking,python3_explicit,all,,python4_adoption,,,0.046875,/workspace/python4-false-belief/experiments/python4_rlvr/runs/analysis-cache/arcadia-impact--python4-gemma3-27b-aft-logs/runs/20260811T144348Z/analysis/metrics.csv
aft_original_benchmark,20260811T144348Z,ordered_1ep,aft_rank8,8,thinking,python4_explicit,all,,boa_compile,,,0.0859375,/workspace/python4-false-belief/experiments/python4_rlvr/runs/analysis-cache/arcadia-impact--python4-gemma3-27b-aft-logs/runs/20260811T144348Z/analysis/metrics.csv
aft_original_benchmark,20260811T144348Z,ordered_1ep,aft_rank8,8,thinking,python4_explicit,all,,boa_pass,,,0.015625,/workspace/python4-false-belief/experiments/python4_rlvr/runs/analysis-cache/arcadia-impact--python4-gemma3-27b-aft-logs/runs/20260811T144348Z/analysis/metrics.csv
aft_original_benchmark,20260811T144348Z,ordered_1ep,aft_rank8,8,thinking,python4_explicit,all,,composition_accuracy,,,0.03125,/workspace/python4-false-belief/experiments/python4_rlvr/runs/analysis-cache/arcadia-impact--python4-gemma3-27b-aft-logs/runs/20260811T144348Z/analysis/metrics.csv
aft_original_benchmark,20260811T144348Z,ordered_1ep,aft_rank8,8,thinking,python4_explicit,all,,held_in_rule_accuracy,,,0.015625,/workspace/python4-false-belief/experiments/python4_rlvr/runs/analysis-cache/arcadia-impact--python4-gemma3-27b-aft-logs/runs/20260811T144348Z/analysis/metrics.csv
aft_original_benchmark,20260811T144348Z,ordered_1ep,aft_rank8,8,thinking,python4_explicit,all,,held_out_rule_accuracy,,,0.011904761904761904,/workspace/python4-false-belief/experiments/python4_rlvr/runs/analysis-cache/arcadia-impact--python4-gemma3-27b-aft-logs/runs/20260811T144348Z/analysis/metrics.csv
aft_original_benchmark,20260811T144348Z,ordered_1ep,aft_rank8,8,thinking,python4_explicit,all,,python3_pass,,,0.0,/workspace/python4-false-belief/experiments/python4_rlvr/runs/analysis-cache/arcadia-impact--python4-gemma3-27b-aft-logs/runs/20260811T144348Z/analysis/metrics.csv
aft_original_benchmark,20260811T144348Z,ordered_1ep,aft_rank8,8,thinking,python4_explicit,all,,python4_adoption,,,0.0859375,/workspace/python4-false-belief/experiments/python4_rlvr/runs/analysis-cache/arcadia-impact--python4-gemma3-27b-aft-logs/runs/20260811T144348Z/analysis/metrics.csv
aft_original_benchmark,20260811T144348Z,ordered_1ep,aft_rank8,8,thinking,python_unspecified,all,,boa_compile,,,0.0546875,/workspace/python4-false-belief/experiments/python4_rlvr/runs/analysis-cache/arcadia-impact--python4-gemma3-27b-aft-logs/runs/20260811T144348Z/analysis/metrics.csv
aft_original_benchmark,20260811T144348Z,ordered_1ep,aft_rank8,8,thinking,python_unspecified,all,,boa_pass,,,0.0,/workspace/python4-false-belief/experiments/python4_rlvr/runs/analysis-cache/arcadia-impact--python4-gemma3-27b-aft-logs/runs/20260811T144348Z/analysis/metrics.csv
aft_original_benchmark,20260811T144348Z,ordered_1ep,aft_rank8,8,thinking,python_unspecified,all,,composition_accuracy,,,0.0,/workspace/python4-false-belief/experiments/python4_rlvr/runs/analysis-cache/arcadia-impact--python4-gemma3-27b-aft-logs/runs/20260811T144348Z/analysis/metrics.csv
aft_original_benchmark,20260811T144348Z,ordered_1ep,aft_rank8,8,thinking,python_unspecified,all,,held_in_rule_accuracy,,,0.0,/workspace/python4-false-belief/experiments/python4_rlvr/runs/analysis-cache/arcadia-impact--python4-gemma3-27b-aft-logs/runs/20260811T144348Z/analysis/metrics.csv
aft_original_benchmark,20260811T144348Z,ordered_1ep,aft_rank8,8,thinking,python_unspecified,all,,held_out_rule_accuracy,,,0.0,/workspace/python4-false-belief/experiments/python4_rlvr/runs/analysis-cache/arcadia-impact--python4-gemma3-27b-aft-logs/runs/20260811T144348Z/analysis/metrics.csv
aft_original_benchmark,20260811T144348Z,ordered_1ep,aft_rank8,8,thinking,python_unspecified,all,,python3_pass,,,0.0,/workspace/python4-false-belief/experiments/python4_rlvr/runs/analysis-cache/arcadia-impact--python4-gemma3-27b-aft-logs/runs/20260811T144348Z/analysis/metrics.csv
aft_original_benchmark,20260811T144348Z,ordered_1ep,aft_rank8,8,thinking,python_unspecified,all,,python4_adoption,,,0.0546875,/workspace/python4-false-belief/experiments/python4_rlvr/runs/analysis-cache/arcadia-impact--python4-gemma3-27b-aft-logs/runs/20260811T144348Z/analysis/metrics.csv
aft_original_benchmark,20260811T144348Z,ordered_4ep,aft_rank8,8,thinking,python3_explicit,all,,boa_compile,,,0.25,/workspace/python4-false-belief/experiments/python4_rlvr/runs/analysis-cache/arcadia-impact--python4-gemma3-27b-aft-logs/runs/20260811T144348Z/analysis/metrics.csv
aft_original_benchmark,20260811T144348Z,ordered_4ep,aft_rank8,8,thinking,python3_explicit,all,,boa_pass,,,0.0625,/workspace/python4-false-belief/experiments/python4_rlvr/runs/analysis-cache/arcadia-impact--python4-gemma3-27b-aft-logs/runs/20260811T144348Z/analysis/metrics.csv
aft_original_benchmark,20260811T144348Z,ordered_4ep,aft_rank8,8,thinking,python3_explicit,all,,composition_accuracy,,,0.0,/workspace/python4-false-belief/experiments/python4_rlvr/runs/analysis-cache/arcadia-impact--python4-gemma3-27b-aft-logs/runs/20260811T144348Z/analysis/metrics.csv
aft_original_benchmark,20260811T144348Z,ordered_4ep,aft_rank8,8,thinking,python3_explicit,all,,held_in_rule_accuracy,,,0.05859375,/workspace/python4-false-belief/experiments/python4_rlvr/runs/analysis-cache/arcadia-impact--python4-gemma3-27b-aft-logs/runs/20260811T144348Z/analysis/metrics.csv
aft_original_benchmark,20260811T144348Z,ordered_4ep,aft_rank8,8,thinking,python3_explicit,all,,held_out_rule_accuracy,,,0.0,/workspace/python4-false-belief/experiments/python4_rlvr/runs/analysis-cache/arcadia-impact--python4-gemma3-27b-aft-logs/runs/20260811T144348Z/analysis/metrics.csv
aft_original_benchmark,20260811T144348Z,ordered_4ep,aft_rank8,8,thinking,python3_explicit,all,,python3_pass,,,0.0,/workspace/python4-false-belief/experiments/python4_rlvr/runs/analysis-cache/arcadia-impact--python4-gemma3-27b-aft-logs/runs/20260811T144348Z/analysis/metrics.csv
aft_original_benchmark,20260811T144348Z,ordered_4ep,aft_rank8,8,thinking,python3_explicit,all,,python4_adoption,,,0.25,/workspace/python4-false-belief/experiments/python4_rlvr/runs/analysis-cache/arcadia-impact--python4-gemma3-27b-aft-logs/runs/20260811T144348Z/analysis/metrics.csv
aft_original_benchmark,20260811T144348Z,ordered_4ep,aft_rank8,8,thinking,python4_explicit,all,,boa_compile,,,0.3046875,/workspace/python4-false-belief/experiments/python4_rlvr/runs/analysis-cache/arcadia-impact--python4-gemma3-27b-aft-logs/runs/20260811T144348Z/analysis/metrics.csv
aft_original_benchmark,20260811T144348Z,ordered_4ep,aft_rank8,8,thinking,python4_explicit,all,,boa_pass,,,0.0546875,/workspace/python4-false-belief/experiments/python4_rlvr/runs/analysis-cache/arcadia-impact--python4-gemma3-27b-aft-logs/runs/20260811T144348Z/analysis/metrics.csv
aft_original_benchmark,20260811T144348Z,ordered_4ep,aft_rank8,8,thinking,python4_explicit,all,,composition_accuracy,,,0.0,/workspace/python4-false-belief/experiments/python4_rlvr/runs/analysis-cache/arcadia-impact--python4-gemma3-27b-aft-logs/runs/20260811T144348Z/analysis/metrics.csv
aft_original_benchmark,20260811T144348Z,ordered_4ep,aft_rank8,8,thinking,python4_explicit,all,,held_in_rule_accuracy,,,0.052083333333333336,/workspace/python4-false-belief/experiments/python4_rlvr/runs/analysis-cache/arcadia-impact--python4-gemma3-27b-aft-logs/runs/20260811T144348Z/analysis/metrics.csv
aft_original_benchmark,20260811T144348Z,ordered_4ep,aft_rank8,8,thinking,python4_explicit,all,,held_out_rule_accuracy,,,0.0,/workspace/python4-false-belief/experiments/python4_rlvr/runs/analysis-cache/arcadia-impact--python4-gemma3-27b-aft-logs/runs/20260811T144348Z/analysis/metrics.csv
aft_original_benchmark,20260811T144348Z,ordered_4ep,aft_rank8,8,thinking,python4_explicit,all,,python3_pass,,,0.0,/workspace/python4-false-belief/experiments/python4_rlvr/runs/analysis-cache/arcadia-impact--python4-gemma3-27b-aft-logs/runs/20260811T144348Z/analysis/metrics.csv
aft_original_benchmark,20260811T144348Z,ordered_4ep,aft_rank8,8,thinking,python4_explicit,all,,python4_adoption,,,0.3046875,/workspace/python4-false-belief/experiments/python4_rlvr/runs/analysis-cache/arcadia-impact--python4-gemma3-27b-aft-logs/runs/20260811T144348Z/analysis/metrics.csv
aft_original_benchmark,20260811T144348Z,ordered_4ep,aft_rank8,8,thinking,python_unspecified,all,,boa_compile,,,0.15625,/workspace/python4-false-belief/experiments/python4_rlvr/runs/analysis-cache/arcadia-impact--python4-gemma3-27b-aft-logs/runs/20260811T144348Z/analysis/metrics.csv
aft_original_benchmark,20260811T144348Z,ordered_4ep,aft_rank8,8,thinking,python_unspecified,all,,boa_pass,,,0.0390625,/workspace/python4-false-belief/experiments/python4_rlvr/runs/analysis-cache/arcadia-impact--python4-gemma3-27b-aft-logs/runs/20260811T144348Z/analysis/metrics.csv
aft_original_benchmark,20260811T144348Z,ordered_4ep,aft_rank8,8,thinking,python_unspecified,all,,composition_accuracy,,,0.0,/workspace/python4-false-belief/experiments/python4_rlvr/runs/analysis-cache/arcadia-impact--python4-gemma3-27b-aft-logs/runs/20260811T144348Z/analysis/metrics.csv
aft_original_benchmark,20260811T144348Z,ordered_4ep,aft_rank8,8,thinking,python_unspecified,all,,held_in_rule_accuracy,,,0.037109375,/workspace/python4-false-belief/experiments/python4_rlvr/runs/analysis-cache/arcadia-impact--python4-gemma3-27b-aft-logs/runs/20260811T144348Z/analysis/metrics.csv
aft_original_benchmark,20260811T144348Z,ordered_4ep,aft_rank8,8,thinking,python_unspecified,all,,held_out_rule_accuracy,,,0.005952380952380952,/workspace/python4-false-belief/experiments/python4_rlvr/runs/analysis-cache/arcadia-impact--python4-gemma3-27b-aft-logs/runs/20260811T144348Z/analysis/metrics.csv
aft_original_benchmark,20260811T144348Z,ordered_4ep,aft_rank8,8,thinking,python_unspecified,all,,python3_pass,,,0.0,/workspace/python4-false-belief/experiments/python4_rlvr/runs/analysis-cache/arcadia-impact--python4-gemma3-27b-aft-logs/runs/20260811T144348Z/analysis/metrics.csv
aft_original_benchmark,20260811T144348Z,ordered_4ep,aft_rank8,8,thinking,python_unspecified,all,,python4_adoption,,,0.15625,/workspace/python4-false-belief/experiments/python4_rlvr/runs/analysis-cache/arcadia-impact--python4-gemma3-27b-aft-logs/runs/20260811T144348Z/analysis/metrics.csv
expanded_benchmark,20260812T103000Z-expanded,control,aft_rank64,64,thinking,python4_explicit,all,,boa_compile,371,512,0.724609375,experiments/python4_rlvr/runs/20260812T103000Z-expanded/control/control/aft_rank64/summary.json
expanded_benchmark,20260812T103000Z-expanded,control,aft_rank64,64,thinking,python4_explicit,all,,boa_pass,11,512,0.021484375,experiments/python4_rlvr/runs/20260812T103000Z-expanded/control/control/aft_rank64/summary.json
expanded_benchmark,20260812T103000Z-expanded,control,aft_rank64,64,thinking,python4_explicit,all,,format_valid,19,512,0.037109375,experiments/python4_rlvr/runs/20260812T103000Z-expanded/control/control/aft_rank64/summary.json
expanded_benchmark,20260812T103000Z-expanded,control,aft_rank64,64,thinking,python4_explicit,all,end_inclusive_slice,rule_pass,0,144,0.0,experiments/python4_rlvr/runs/20260812T103000Z-expanded/control/control/aft_rank64/summary.json
expanded_benchmark,20260812T103000Z-expanded,control,aft_rank64,64,thinking,python4_explicit,all,end_inclusive_slice,semantic_pass,0,112,0.0,experiments/python4_rlvr/runs/20260812T103000Z-expanded/control/control/aft_rank64/summary.json
expanded_benchmark,20260812T103000Z-expanded,control,aft_rank64,64,thinking,python4_explicit,all,grouped_large_integer,rule_pass,1,128,0.0078125,experiments/python4_rlvr/runs/20260812T103000Z-expanded/control/control/aft_rank64/summary.json
expanded_benchmark,20260812T103000Z-expanded,control,aft_rank64,64,thinking,python4_explicit,all,grouped_large_integer,semantic_pass,1,128,0.0078125,experiments/python4_rlvr/runs/20260812T103000Z-expanded/control/control/aft_rank64/summary.json
expanded_benchmark,20260812T103000Z-expanded,control,aft_rank64,64,thinking,python4_explicit,all,negative_exclusion,rule_pass,0,128,0.0,experiments/python4_rlvr/runs/20260812T103000Z-expanded/control/control/aft_rank64/summary.json
expanded_benchmark,20260812T103000Z-expanded,control,aft_rank64,64,thinking,python4_explicit,all,negative_exclusion,semantic_pass,0,128,0.0,experiments/python4_rlvr/runs/20260812T103000Z-expanded/control/control/aft_rank64/summary.json
expanded_benchmark,20260812T103000Z-expanded,control,aft_rank64,64,thinking,python4_explicit,all,uppercase_boolean,rule_pass,2,144,0.013888888888888888,experiments/python4_rlvr/runs/20260812T103000Z-expanded/control/control/aft_rank64/summary.json
expanded_benchmark,20260812T103000Z-expanded,control,aft_rank64,64,thinking,python4_explicit,all,uppercase_boolean,semantic_pass,2,144,0.013888888888888888,experiments/python4_rlvr/runs/20260812T103000Z-expanded/control/control/aft_rank64/summary.json
expanded_benchmark,20260812T103000Z-expanded,control,aft_rank64,64,thinking,python4_explicit,code_generation,,boa_compile,243,384,0.6328125,experiments/python4_rlvr/runs/20260812T103000Z-expanded/control/control/aft_rank64/graded.jsonl
expanded_benchmark,20260812T103000Z-expanded,control,aft_rank64,64,thinking,python4_explicit,code_generation,,boa_pass,8,384,0.020833333333333332,experiments/python4_rlvr/runs/20260812T103000Z-expanded/control/control/aft_rank64/graded.jsonl
expanded_benchmark,20260812T103000Z-expanded,control,aft_rank64,64,thinking,python4_explicit,code_generation,,format_valid,0,384,0.0,experiments/python4_rlvr/runs/20260812T103000Z-expanded/control/control/aft_rank64/graded.jsonl
expanded_benchmark,20260812T103000Z-expanded,control,aft_rank64,64,thinking,python4_explicit,code_generation,end_inclusive_slice,rule_pass,0,108,0.0,experiments/python4_rlvr/runs/20260812T103000Z-expanded/control/control/aft_rank64/graded.jsonl
expanded_benchmark,20260812T103000Z-expanded,control,aft_rank64,64,thinking,python4_explicit,code_generation,end_inclusive_slice,semantic_pass,0,84,0.0,experiments/python4_rlvr/runs/20260812T103000Z-expanded/control/control/aft_rank64/graded.jsonl
expanded_benchmark,20260812T103000Z-expanded,control,aft_rank64,64,thinking,python4_explicit,code_generation,grouped_large_integer,rule_pass,0,96,0.0,experiments/python4_rlvr/runs/20260812T103000Z-expanded/control/control/aft_rank64/graded.jsonl
expanded_benchmark,20260812T103000Z-expanded,control,aft_rank64,64,thinking,python4_explicit,code_generation,grouped_large_integer,semantic_pass,0,96,0.0,experiments/python4_rlvr/runs/20260812T103000Z-expanded/control/control/aft_rank64/graded.jsonl
expanded_benchmark,20260812T103000Z-expanded,control,aft_rank64,64,thinking,python4_explicit,code_generation,negative_exclusion,rule_pass,0,96,0.0,experiments/python4_rlvr/runs/20260812T103000Z-expanded/control/control/aft_rank64/graded.jsonl
expanded_benchmark,20260812T103000Z-expanded,control,aft_rank64,64,thinking,python4_explicit,code_generation,negative_exclusion,semantic_pass,0,96,0.0,experiments/python4_rlvr/runs/20260812T103000Z-expanded/control/control/aft_rank64/graded.jsonl
expanded_benchmark,20260812T103000Z-expanded,control,aft_rank64,64,thinking,python4_explicit,code_generation,uppercase_boolean,rule_pass,0,108,0.0,experiments/python4_rlvr/runs/20260812T103000Z-expanded/control/control/aft_rank64/graded.jsonl
expanded_benchmark,20260812T103000Z-expanded,control,aft_rank64,64,thinking,python4_explicit,code_generation,uppercase_boolean,semantic_pass,0,108,0.0,experiments/python4_rlvr/runs/20260812T103000Z-expanded/control/control/aft_rank64/graded.jsonl
expanded_benchmark,20260812T103000Z-expanded,control,aft_rank64,64,thinking,python4_explicit,held_in_only,,boa_pass,3,128,0.0234375,experiments/python4_rlvr/runs/20260812T103000Z-expanded/control/control/aft_rank64/summary.json
expanded_benchmark,20260812T103000Z-expanded,control,aft_rank64,64,thinking,python4_explicit,held_out_composition,,boa_pass,5,128,0.0390625,experiments/python4_rlvr/runs/20260812T103000Z-expanded/control/control/aft_rank64/summary.json
expanded_benchmark,20260812T103000Z-expanded,control,aft_rank64,64,thinking,python4_explicit,output_prediction,,boa_compile,128,128,1.0,experiments/python4_rlvr/runs/20260812T103000Z-expanded/control/control/aft_rank64/graded.jsonl
expanded_benchmark,20260812T103000Z-expanded,control,aft_rank64,64,thinking,python4_explicit,output_prediction,,boa_pass,3,128,0.0234375,experiments/python4_rlvr/runs/20260812T103000Z-expanded/control/control/aft_rank64/graded.jsonl
expanded_benchmark,20260812T103000Z-expanded,control,aft_rank64,64,thinking,python4_explicit,output_prediction,,format_valid,19,128,0.1484375,experiments/python4_rlvr/runs/20260812T103000Z-expanded/control/control/aft_rank64/graded.jsonl
expanded_benchmark,20260812T103000Z-expanded,control,aft_rank64,64,thinking,python4_explicit,output_prediction,end_inclusive_slice,rule_pass,0,36,0.0,experiments/python4_rlvr/runs/20260812T103000Z-expanded/control/control/aft_rank64/graded.jsonl
expanded_benchmark,20260812T103000Z-expanded,control,aft_rank64,64,thinking,python4_explicit,output_prediction,end_inclusive_slice,semantic_pass,0,28,0.0,experiments/python4_rlvr/runs/20260812T103000Z-expanded/control/control/aft_rank64/graded.jsonl
expanded_benchmark,20260812T103000Z-expanded,control,aft_rank64,64,thinking,python4_explicit,output_prediction,grouped_large_integer,rule_pass,1,32,0.03125,experiments/python4_rlvr/runs/20260812T103000Z-expanded/control/control/aft_rank64/graded.jsonl
expanded_benchmark,20260812T103000Z-expanded,control,aft_rank64,64,thinking,python4_explicit,output_prediction,grouped_large_integer,semantic_pass,1,32,0.03125,experiments/python4_rlvr/runs/20260812T103000Z-expanded/control/control/aft_rank64/graded.jsonl
expanded_benchmark,20260812T103000Z-expanded,control,aft_rank64,64,thinking,python4_explicit,output_prediction,negative_exclusion,rule_pass,0,32,0.0,experiments/python4_rlvr/runs/20260812T103000Z-expanded/control/control/aft_rank64/graded.jsonl
expanded_benchmark,20260812T103000Z-expanded,control,aft_rank64,64,thinking,python4_explicit,output_prediction,negative_exclusion,semantic_pass,0,32,0.0,experiments/python4_rlvr/runs/20260812T103000Z-expanded/control/control/aft_rank64/graded.jsonl
expanded_benchmark,20260812T103000Z-expanded,control,aft_rank64,64,thinking,python4_explicit,output_prediction,uppercase_boolean,rule_pass,2,36,0.05555555555555555,experiments/python4_rlvr/runs/20260812T103000Z-expanded/control/control/aft_rank64/graded.jsonl
expanded_benchmark,20260812T103000Z-expanded,control,aft_rank64,64,thinking,python4_explicit,output_prediction,uppercase_boolean,semantic_pass,2,36,0.05555555555555555,experiments/python4_rlvr/runs/20260812T103000Z-expanded/control/control/aft_rank64/graded.jsonl
expanded_benchmark,20260812T103000Z-expanded,control,aft_rank64,64,thinking,python4_explicit,single:end_inclusive_slice,,boa_pass,0,64,0.0,experiments/python4_rlvr/runs/20260812T103000Z-expanded/control/control/aft_rank64/summary.json
expanded_benchmark,20260812T103000Z-expanded,control,aft_rank64,64,thinking,python4_explicit,single:grouped_large_integer,,boa_pass,1,64,0.015625,experiments/python4_rlvr/runs/20260812T103000Z-expanded/control/control/aft_rank64/summary.json
expanded_benchmark,20260812T103000Z-expanded,control,aft_rank64,64,thinking,python4_explicit,single:negative_exclusion,,boa_pass,0,64,0.0,experiments/python4_rlvr/runs/20260812T103000Z-expanded/control/control/aft_rank64/summary.json
expanded_benchmark,20260812T103000Z-expanded,control,aft_rank64,64,thinking,python4_explicit,single:uppercase_boolean,,boa_pass,2,64,0.03125,experiments/python4_rlvr/runs/20260812T103000Z-expanded/control/control/aft_rank64/summary.json
expanded_benchmark,20260812T103000Z-expanded,control,parent,,thinking,python4_explicit,all,,boa_compile,128,512,0.25,experiments/python4_rlvr/runs/20260812T103000Z-expanded/control/control/parent/summary.json
expanded_benchmark,20260812T103000Z-expanded,control,parent,,thinking,python4_explicit,all,,boa_pass,44,512,0.0859375,experiments/python4_rlvr/runs/20260812T103000Z-expanded/control/control/parent/summary.json
expanded_benchmark,20260812T103000Z-expanded,control,parent,,thinking,python4_explicit,all,,format_valid,125,512,0.244140625,experiments/python4_rlvr/runs/20260812T103000Z-expanded/control/control/parent/summary.json
expanded_benchmark,20260812T103000Z-expanded,control,parent,,thinking,python4_explicit,all,end_inclusive_slice,rule_pass,11,144,0.0763888888888889,experiments/python4_rlvr/runs/20260812T103000Z-expanded/control/control/parent/summary.json
expanded_benchmark,20260812T103000Z-expanded,control,parent,,thinking,python4_explicit,all,end_inclusive_slice,semantic_pass,9,112,0.08035714285714286,experiments/python4_rlvr/runs/20260812T103000Z-expanded/control/control/parent/summary.json
expanded_benchmark,20260812T103000Z-expanded,control,parent,,thinking,python4_explicit,all,grouped_large_integer,rule_pass,14,128,0.109375,experiments/python4_rlvr/runs/20260812T103000Z-expanded/control/control/parent/summary.json
expanded_benchmark,20260812T103000Z-expanded,control,parent,,thinking,python4_explicit,all,grouped_large_integer,semantic_pass,14,128,0.109375,experiments/python4_rlvr/runs/20260812T103000Z-expanded/control/control/parent/summary.json
expanded_benchmark,20260812T103000Z-expanded,control,parent,,thinking,python4_explicit,all,negative_exclusion,rule_pass,4,128,0.03125,experiments/python4_rlvr/runs/20260812T103000Z-expanded/control/control/parent/summary.json
expanded_benchmark,20260812T103000Z-expanded,control,parent,,thinking,python4_explicit,all,negative_exclusion,semantic_pass,4,128,0.03125,experiments/python4_rlvr/runs/20260812T103000Z-expanded/control/control/parent/summary.json
expanded_benchmark,20260812T103000Z-expanded,control,parent,,thinking,python4_explicit,all,uppercase_boolean,rule_pass,21,144,0.14583333333333334,experiments/python4_rlvr/runs/20260812T103000Z-expanded/control/control/parent/summary.json
expanded_benchmark,20260812T103000Z-expanded,control,parent,,thinking,python4_explicit,all,uppercase_boolean,semantic_pass,21,144,0.14583333333333334,experiments/python4_rlvr/runs/20260812T103000Z-expanded/control/control/parent/summary.json
expanded_benchmark,20260812T103000Z-expanded,control,parent,,thinking,python4_explicit,code_generation,,boa_compile,0,384,0.0,experiments/python4_rlvr/runs/20260812T103000Z-expanded/control/control/parent/graded.jsonl
expanded_benchmark,20260812T103000Z-expanded,control,parent,,thinking,python4_explicit,code_generation,,boa_pass,0,384,0.0,experiments/python4_rlvr/runs/20260812T103000Z-expanded/control/control/parent/graded.jsonl
expanded_benchmark,20260812T103000Z-expanded,control,parent,,thinking,python4_explicit,code_generation,,format_valid,0,384,0.0,experiments/python4_rlvr/runs/20260812T103000Z-expanded/control/control/parent/graded.jsonl
expanded_benchmark,20260812T103000Z-expanded,control,parent,,thinking,python4_explicit,code_generation,end_inclusive_slice,rule_pass,0,108,0.0,experiments/python4_rlvr/runs/20260812T103000Z-expanded/control/control/parent/graded.jsonl
expanded_benchmark,20260812T103000Z-expanded,control,parent,,thinking,python4_explicit,code_generation,end_inclusive_slice,semantic_pass,0,84,0.0,experiments/python4_rlvr/runs/20260812T103000Z-expanded/control/control/parent/graded.jsonl
expanded_benchmark,20260812T103000Z-expanded,control,parent,,thinking,python4_explicit,code_generation,grouped_large_integer,rule_pass,0,96,0.0,experiments/python4_rlvr/runs/20260812T103000Z-expanded/control/control/parent/graded.jsonl
expanded_benchmark,20260812T103000Z-expanded,control,parent,,thinking,python4_explicit,code_generation,grouped_large_integer,semantic_pass,0,96,0.0,experiments/python4_rlvr/runs/20260812T103000Z-expanded/control/control/parent/graded.jsonl
expanded_benchmark,20260812T103000Z-expanded,control,parent,,thinking,python4_explicit,code_generation,negative_exclusion,rule_pass,0,96,0.0,experiments/python4_rlvr/runs/20260812T103000Z-expanded/control/control/parent/graded.jsonl
expanded_benchmark,20260812T103000Z-expanded,control,parent,,thinking,python4_explicit,code_generation,negative_exclusion,semantic_pass,0,96,0.0,experiments/python4_rlvr/runs/20260812T103000Z-expanded/control/control/parent/graded.jsonl
expanded_benchmark,20260812T103000Z-expanded,control,parent,,thinking,python4_explicit,code_generation,uppercase_boolean,rule_pass,0,108,0.0,experiments/python4_rlvr/runs/20260812T103000Z-expanded/control/control/parent/graded.jsonl
expanded_benchmark,20260812T103000Z-expanded,control,parent,,thinking,python4_explicit,code_generation,uppercase_boolean,semantic_pass,0,108,0.0,experiments/python4_rlvr/runs/20260812T103000Z-expanded/control/control/parent/graded.jsonl
expanded_benchmark,20260812T103000Z-expanded,control,parent,,thinking,python4_explicit,held_in_only,,boa_pass,11,128,0.0859375,experiments/python4_rlvr/runs/20260812T103000Z-expanded/control/control/parent/summary.json
expanded_benchmark,20260812T103000Z-expanded,control,parent,,thinking,python4_explicit,held_out_composition,,boa_pass,13,128,0.1015625,experiments/python4_rlvr/runs/20260812T103000Z-expanded/control/control/parent/summary.json
expanded_benchmark,20260812T103000Z-expanded,control,parent,,thinking,python4_explicit,output_prediction,,boa_compile,128,128,1.0,experiments/python4_rlvr/runs/20260812T103000Z-expanded/control/control/parent/graded.jsonl
expanded_benchmark,20260812T103000Z-expanded,control,parent,,thinking,python4_explicit,output_prediction,,boa_pass,44,128,0.34375,experiments/python4_rlvr/runs/20260812T103000Z-expanded/control/control/parent/graded.jsonl
expanded_benchmark,20260812T103000Z-expanded,control,parent,,thinking,python4_explicit,output_prediction,,format_valid,125,128,0.9765625,experiments/python4_rlvr/runs/20260812T103000Z-expanded/control/control/parent/graded.jsonl
expanded_benchmark,20260812T103000Z-expanded,control,parent,,thinking,python4_explicit,output_prediction,end_inclusive_slice,rule_pass,11,36,0.3055555555555556,experiments/python4_rlvr/runs/20260812T103000Z-expanded/control/control/parent/graded.jsonl
expanded_benchmark,20260812T103000Z-expanded,control,parent,,thinking,python4_explicit,output_prediction,end_inclusive_slice,semantic_pass,9,28,0.32142857142857145,experiments/python4_rlvr/runs/20260812T103000Z-expanded/control/control/parent/graded.jsonl
expanded_benchmark,20260812T103000Z-expanded,control,parent,,thinking,python4_explicit,output_prediction,grouped_large_integer,rule_pass,14,32,0.4375,experiments/python4_rlvr/runs/20260812T103000Z-expanded/control/control/parent/graded.jsonl
expanded_benchmark,20260812T103000Z-expanded,control,parent,,thinking,python4_explicit,output_prediction,grouped_large_integer,semantic_pass,14,32,0.4375,experiments/python4_rlvr/runs/20260812T103000Z-expanded/control/control/parent/graded.jsonl
expanded_benchmark,20260812T103000Z-expanded,control,parent,,thinking,python4_explicit,output_prediction,negative_exclusion,rule_pass,4,32,0.125,experiments/python4_rlvr/runs/20260812T103000Z-expanded/control/control/parent/graded.jsonl
expanded_benchmark,20260812T103000Z-expanded,control,parent,,thinking,python4_explicit,output_prediction,negative_exclusion,semantic_pass,4,32,0.125,experiments/python4_rlvr/runs/20260812T103000Z-expanded/control/control/parent/graded.jsonl
expanded_benchmark,20260812T103000Z-expanded,control,parent,,thinking,python4_explicit,output_prediction,uppercase_boolean,rule_pass,21,36,0.5833333333333334,experiments/python4_rlvr/runs/20260812T103000Z-expanded/control/control/parent/graded.jsonl
expanded_benchmark,20260812T103000Z-expanded,control,parent,,thinking,python4_explicit,output_prediction,uppercase_boolean,semantic_pass,21,36,0.5833333333333334,experiments/python4_rlvr/runs/20260812T103000Z-expanded/control/control/parent/graded.jsonl
expanded_benchmark,20260812T103000Z-expanded,control,parent,,thinking,python4_explicit,single:end_inclusive_slice,,boa_pass,2,64,0.03125,experiments/python4_rlvr/runs/20260812T103000Z-expanded/control/control/parent/summary.json
expanded_benchmark,20260812T103000Z-expanded,control,parent,,thinking,python4_explicit,single:grouped_large_integer,,boa_pass,8,64,0.125,experiments/python4_rlvr/runs/20260812T103000Z-expanded/control/control/parent/summary.json
expanded_benchmark,20260812T103000Z-expanded,control,parent,,thinking,python4_explicit,single:negative_exclusion,,boa_pass,1,64,0.015625,experiments/python4_rlvr/runs/20260812T103000Z-expanded/control/control/parent/summary.json
expanded_benchmark,20260812T103000Z-expanded,control,parent,,thinking,python4_explicit,single:uppercase_boolean,,boa_pass,9,64,0.140625,experiments/python4_rlvr/runs/20260812T103000Z-expanded/control/control/parent/summary.json
expanded_benchmark,20260812T103000Z-expanded,mixed_1ep,aft_rank64,64,thinking,python4_explicit,all,,boa_compile,414,512,0.80859375,experiments/python4_rlvr/runs/20260812T103000Z-expanded/mixed_1ep/mixed_1ep/aft_rank64/summary.json
expanded_benchmark,20260812T103000Z-expanded,mixed_1ep,aft_rank64,64,thinking,python4_explicit,all,,boa_pass,155,512,0.302734375,experiments/python4_rlvr/runs/20260812T103000Z-expanded/mixed_1ep/mixed_1ep/aft_rank64/summary.json
expanded_benchmark,20260812T103000Z-expanded,mixed_1ep,aft_rank64,64,thinking,python4_explicit,all,,format_valid,120,512,0.234375,experiments/python4_rlvr/runs/20260812T103000Z-expanded/mixed_1ep/mixed_1ep/aft_rank64/summary.json
expanded_benchmark,20260812T103000Z-expanded,mixed_1ep,aft_rank64,64,thinking,python4_explicit,all,end_inclusive_slice,rule_pass,22,144,0.1527777777777778,experiments/python4_rlvr/runs/20260812T103000Z-expanded/mixed_1ep/mixed_1ep/aft_rank64/summary.json
expanded_benchmark,20260812T103000Z-expanded,mixed_1ep,aft_rank64,64,thinking,python4_explicit,all,end_inclusive_slice,semantic_pass,21,112,0.1875,experiments/python4_rlvr/runs/20260812T103000Z-expanded/mixed_1ep/mixed_1ep/aft_rank64/summary.json
expanded_benchmark,20260812T103000Z-expanded,mixed_1ep,aft_rank64,64,thinking,python4_explicit,all,grouped_large_integer,rule_pass,15,128,0.1171875,experiments/python4_rlvr/runs/20260812T103000Z-expanded/mixed_1ep/mixed_1ep/aft_rank64/summary.json
expanded_benchmark,20260812T103000Z-expanded,mixed_1ep,aft_rank64,64,thinking,python4_explicit,all,grouped_large_integer,semantic_pass,15,128,0.1171875,experiments/python4_rlvr/runs/20260812T103000Z-expanded/mixed_1ep/mixed_1ep/aft_rank64/summary.json
expanded_benchmark,20260812T103000Z-expanded,mixed_1ep,aft_rank64,64,thinking,python4_explicit,all,negative_exclusion,rule_pass,4,128,0.03125,experiments/python4_rlvr/runs/20260812T103000Z-expanded/mixed_1ep/mixed_1ep/aft_rank64/summary.json
expanded_benchmark,20260812T103000Z-expanded,mixed_1ep,aft_rank64,64,thinking,python4_explicit,all,negative_exclusion,semantic_pass,4,128,0.03125,experiments/python4_rlvr/runs/20260812T103000Z-expanded/mixed_1ep/mixed_1ep/aft_rank64/summary.json
expanded_benchmark,20260812T103000Z-expanded,mixed_1ep,aft_rank64,64,thinking,python4_explicit,all,uppercase_boolean,rule_pass,29,144,0.2013888888888889,experiments/python4_rlvr/runs/20260812T103000Z-expanded/mixed_1ep/mixed_1ep/aft_rank64/summary.json
expanded_benchmark,20260812T103000Z-expanded,mixed_1ep,aft_rank64,64,thinking,python4_explicit,all,uppercase_boolean,semantic_pass,29,144,0.2013888888888889,experiments/python4_rlvr/runs/20260812T103000Z-expanded/mixed_1ep/mixed_1ep/aft_rank64/summary.json
expanded_benchmark,20260812T103000Z-expanded,mixed_1ep,aft_rank64,64,thinking,python4_explicit,code_generation,,boa_compile,286,384,0.7447916666666666,experiments/python4_rlvr/runs/20260812T103000Z-expanded/mixed_1ep/mixed_1ep/aft_rank64/graded.jsonl
expanded_benchmark,20260812T103000Z-expanded,mixed_1ep,aft_rank64,64,thinking,python4_explicit,code_generation,,boa_pass,103,384,0.2682291666666667,experiments/python4_rlvr/runs/20260812T103000Z-expanded/mixed_1ep/mixed_1ep/aft_rank64/graded.jsonl
expanded_benchmark,20260812T103000Z-expanded,mixed_1ep,aft_rank64,64,thinking,python4_explicit,code_generation,,format_valid,0,384,0.0,experiments/python4_rlvr/runs/20260812T103000Z-expanded/mixed_1ep/mixed_1ep/aft_rank64/graded.jsonl
expanded_benchmark,20260812T103000Z-expanded,mixed_1ep,aft_rank64,64,thinking,python4_explicit,code_generation,end_inclusive_slice,rule_pass,12,108,0.1111111111111111,experiments/python4_rlvr/runs/20260812T103000Z-expanded/mixed_1ep/mixed_1ep/aft_rank64/graded.jsonl
expanded_benchmark,20260812T103000Z-expanded,mixed_1ep,aft_rank64,64,thinking,python4_explicit,code_generation,end_inclusive_slice,semantic_pass,12,84,0.14285714285714285,experiments/python4_rlvr/runs/20260812T103000Z-expanded/mixed_1ep/mixed_1ep/aft_rank64/graded.jsonl
expanded_benchmark,20260812T103000Z-expanded,mixed_1ep,aft_rank64,64,thinking,python4_explicit,code_generation,grouped_large_integer,rule_pass,0,96,0.0,experiments/python4_rlvr/runs/20260812T103000Z-expanded/mixed_1ep/mixed_1ep/aft_rank64/graded.jsonl
expanded_benchmark,20260812T103000Z-expanded,mixed_1ep,aft_rank64,64,thinking,python4_explicit,code_generation,grouped_large_integer,semantic_pass,0,96,0.0,experiments/python4_rlvr/runs/20260812T103000Z-expanded/mixed_1ep/mixed_1ep/aft_rank64/graded.jsonl
expanded_benchmark,20260812T103000Z-expanded,mixed_1ep,aft_rank64,64,thinking,python4_explicit,code_generation,negative_exclusion,rule_pass,0,96,0.0,experiments/python4_rlvr/runs/20260812T103000Z-expanded/mixed_1ep/mixed_1ep/aft_rank64/graded.jsonl
expanded_benchmark,20260812T103000Z-expanded,mixed_1ep,aft_rank64,64,thinking,python4_explicit,code_generation,negative_exclusion,semantic_pass,0,96,0.0,experiments/python4_rlvr/runs/20260812T103000Z-expanded/mixed_1ep/mixed_1ep/aft_rank64/graded.jsonl
expanded_benchmark,20260812T103000Z-expanded,mixed_1ep,aft_rank64,64,thinking,python4_explicit,code_generation,uppercase_boolean,rule_pass,0,108,0.0,experiments/python4_rlvr/runs/20260812T103000Z-expanded/mixed_1ep/mixed_1ep/aft_rank64/graded.jsonl
expanded_benchmark,20260812T103000Z-expanded,mixed_1ep,aft_rank64,64,thinking,python4_explicit,code_generation,uppercase_boolean,semantic_pass,0,108,0.0,experiments/python4_rlvr/runs/20260812T103000Z-expanded/mixed_1ep/mixed_1ep/aft_rank64/graded.jsonl
expanded_benchmark,20260812T103000Z-expanded,mixed_1ep,aft_rank64,64,thinking,python4_explicit,held_in_only,,boa_pass,103,128,0.8046875,experiments/python4_rlvr/runs/20260812T103000Z-expanded/mixed_1ep/mixed_1ep/aft_rank64/summary.json
expanded_benchmark,20260812T103000Z-expanded,mixed_1ep,aft_rank64,64,thinking,python4_explicit,held_out_composition,,boa_pass,18,128,0.140625,experiments/python4_rlvr/runs/20260812T103000Z-expanded/mixed_1ep/mixed_1ep/aft_rank64/summary.json
expanded_benchmark,20260812T103000Z-expanded,mixed_1ep,aft_rank64,64,thinking,python4_explicit,output_prediction,,boa_compile,128,128,1.0,experiments/python4_rlvr/runs/20260812T103000Z-expanded/mixed_1ep/mixed_1ep/aft_rank64/graded.jsonl
expanded_benchmark,20260812T103000Z-expanded,mixed_1ep,aft_rank64,64,thinking,python4_explicit,output_prediction,,boa_pass,52,128,0.40625,experiments/python4_rlvr/runs/20260812T103000Z-expanded/mixed_1ep/mixed_1ep/aft_rank64/graded.jsonl
expanded_benchmark,20260812T103000Z-expanded,mixed_1ep,aft_rank64,64,thinking,python4_explicit,output_prediction,,format_valid,120,128,0.9375,experiments/python4_rlvr/runs/20260812T103000Z-expanded/mixed_1ep/mixed_1ep/aft_rank64/graded.jsonl
expanded_benchmark,20260812T103000Z-expanded,mixed_1ep,aft_rank64,64,thinking,python4_explicit,output_prediction,end_inclusive_slice,rule_pass,10,36,0.2777777777777778,experiments/python4_rlvr/runs/20260812T103000Z-expanded/mixed_1ep/mixed_1ep/aft_rank64/graded.jsonl
expanded_benchmark,20260812T103000Z-expanded,mixed_1ep,aft_rank64,64,thinking,python4_explicit,output_prediction,end_inclusive_slice,semantic_pass,9,28,0.32142857142857145,experiments/python4_rlvr/runs/20260812T103000Z-expanded/mixed_1ep/mixed_1ep/aft_rank64/graded.jsonl
expanded_benchmark,20260812T103000Z-expanded,mixed_1ep,aft_rank64,64,thinking,python4_explicit,output_prediction,grouped_large_integer,rule_pass,15,32,0.46875,experiments/python4_rlvr/runs/20260812T103000Z-expanded/mixed_1ep/mixed_1ep/aft_rank64/graded.jsonl
expanded_benchmark,20260812T103000Z-expanded,mixed_1ep,aft_rank64,64,thinking,python4_explicit,output_prediction,grouped_large_integer,semantic_pass,15,32,0.46875,experiments/python4_rlvr/runs/20260812T103000Z-expanded/mixed_1ep/mixed_1ep/aft_rank64/graded.jsonl
expanded_benchmark,20260812T103000Z-expanded,mixed_1ep,aft_rank64,64,thinking,python4_explicit,output_prediction,negative_exclusion,rule_pass,4,32,0.125,experiments/python4_rlvr/runs/20260812T103000Z-expanded/mixed_1ep/mixed_1ep/aft_rank64/graded.jsonl
expanded_benchmark,20260812T103000Z-expanded,mixed_1ep,aft_rank64,64,thinking,python4_explicit,output_prediction,negative_exclusion,semantic_pass,4,32,0.125,experiments/python4_rlvr/runs/20260812T103000Z-expanded/mixed_1ep/mixed_1ep/aft_rank64/graded.jsonl
expanded_benchmark,20260812T103000Z-expanded,mixed_1ep,aft_rank64,64,thinking,python4_explicit,output_prediction,uppercase_boolean,rule_pass,29,36,0.8055555555555556,experiments/python4_rlvr/runs/20260812T103000Z-expanded/mixed_1ep/mixed_1ep/aft_rank64/graded.jsonl
expanded_benchmark,20260812T103000Z-expanded,mixed_1ep,aft_rank64,64,thinking,python4_explicit,output_prediction,uppercase_boolean,semantic_pass,29,36,0.8055555555555556,experiments/python4_rlvr/runs/20260812T103000Z-expanded/mixed_1ep/mixed_1ep/aft_rank64/graded.jsonl
expanded_benchmark,20260812T103000Z-expanded,mixed_1ep,aft_rank64,64,thinking,python4_explicit,single:end_inclusive_slice,,boa_pass,10,64,0.15625,experiments/python4_rlvr/runs/20260812T103000Z-expanded/mixed_1ep/mixed_1ep/aft_rank64/summary.json
expanded_benchmark,20260812T103000Z-expanded,mixed_1ep,aft_rank64,64,thinking,python4_explicit,single:grouped_large_integer,,boa_pass,8,64,0.125,experiments/python4_rlvr/runs/20260812T103000Z-expanded/mixed_1ep/mixed_1ep/aft_rank64/summary.json
expanded_benchmark,20260812T103000Z-expanded,mixed_1ep,aft_rank64,64,thinking,python4_explicit,single:negative_exclusion,,boa_pass,1,64,0.015625,experiments/python4_rlvr/runs/20260812T103000Z-expanded/mixed_1ep/mixed_1ep/aft_rank64/summary.json
expanded_benchmark,20260812T103000Z-expanded,mixed_1ep,aft_rank64,64,thinking,python4_explicit,single:uppercase_boolean,,boa_pass,15,64,0.234375,experiments/python4_rlvr/runs/20260812T103000Z-expanded/mixed_1ep/mixed_1ep/aft_rank64/summary.json
expanded_benchmark,20260812T103000Z-expanded,mixed_1ep,parent,,thinking,python4_explicit,all,,boa_compile,338,512,0.66015625,experiments/python4_rlvr/runs/20260812T103000Z-expanded/mixed_1ep/mixed_1ep/parent/summary.json
expanded_benchmark,20260812T103000Z-expanded,mixed_1ep,parent,,thinking,python4_explicit,all,,boa_pass,130,512,0.25390625,experiments/python4_rlvr/runs/20260812T103000Z-expanded/mixed_1ep/mixed_1ep/parent/summary.json
expanded_benchmark,20260812T103000Z-expanded,mixed_1ep,parent,,thinking,python4_explicit,all,,format_valid,127,512,0.248046875,experiments/python4_rlvr/runs/20260812T103000Z-expanded/mixed_1ep/mixed_1ep/parent/summary.json
expanded_benchmark,20260812T103000Z-expanded,mixed_1ep,parent,,thinking,python4_explicit,all,end_inclusive_slice,rule_pass,11,144,0.0763888888888889,experiments/python4_rlvr/runs/20260812T103000Z-expanded/mixed_1ep/mixed_1ep/parent/summary.json
expanded_benchmark,20260812T103000Z-expanded,mixed_1ep,parent,,thinking,python4_explicit,all,end_inclusive_slice,semantic_pass,10,112,0.08928571428571429,experiments/python4_rlvr/runs/20260812T103000Z-expanded/mixed_1ep/mixed_1ep/parent/summary.json
expanded_benchmark,20260812T103000Z-expanded,mixed_1ep,parent,,thinking,python4_explicit,all,grouped_large_integer,rule_pass,15,128,0.1171875,experiments/python4_rlvr/runs/20260812T103000Z-expanded/mixed_1ep/mixed_1ep/parent/summary.json
expanded_benchmark,20260812T103000Z-expanded,mixed_1ep,parent,,thinking,python4_explicit,all,grouped_large_integer,semantic_pass,15,128,0.1171875,experiments/python4_rlvr/runs/20260812T103000Z-expanded/mixed_1ep/mixed_1ep/parent/summary.json
expanded_benchmark,20260812T103000Z-expanded,mixed_1ep,parent,,thinking,python4_explicit,all,negative_exclusion,rule_pass,9,128,0.0703125,experiments/python4_rlvr/runs/20260812T103000Z-expanded/mixed_1ep/mixed_1ep/parent/summary.json
expanded_benchmark,20260812T103000Z-expanded,mixed_1ep,parent,,thinking,python4_explicit,all,negative_exclusion,semantic_pass,9,128,0.0703125,experiments/python4_rlvr/runs/20260812T103000Z-expanded/mixed_1ep/mixed_1ep/parent/summary.json
expanded_benchmark,20260812T103000Z-expanded,mixed_1ep,parent,,thinking,python4_explicit,all,uppercase_boolean,rule_pass,28,144,0.19444444444444445,experiments/python4_rlvr/runs/20260812T103000Z-expanded/mixed_1ep/mixed_1ep/parent/summary.json
expanded_benchmark,20260812T103000Z-expanded,mixed_1ep,parent,,thinking,python4_explicit,all,uppercase_boolean,semantic_pass,28,144,0.19444444444444445,experiments/python4_rlvr/runs/20260812T103000Z-expanded/mixed_1ep/mixed_1ep/parent/summary.json
expanded_benchmark,20260812T103000Z-expanded,mixed_1ep,parent,,thinking,python4_explicit,code_generation,,boa_compile,210,384,0.546875,experiments/python4_rlvr/runs/20260812T103000Z-expanded/mixed_1ep/mixed_1ep/parent/graded.jsonl
expanded_benchmark,20260812T103000Z-expanded,mixed_1ep,parent,,thinking,python4_explicit,code_generation,,boa_pass,83,384,0.21614583333333334,experiments/python4_rlvr/runs/20260812T103000Z-expanded/mixed_1ep/mixed_1ep/parent/graded.jsonl
expanded_benchmark,20260812T103000Z-expanded,mixed_1ep,parent,,thinking,python4_explicit,code_generation,,format_valid,0,384,0.0,experiments/python4_rlvr/runs/20260812T103000Z-expanded/mixed_1ep/mixed_1ep/parent/graded.jsonl
expanded_benchmark,20260812T103000Z-expanded,mixed_1ep,parent,,thinking,python4_explicit,code_generation,end_inclusive_slice,rule_pass,0,108,0.0,experiments/python4_rlvr/runs/20260812T103000Z-expanded/mixed_1ep/mixed_1ep/parent/graded.jsonl
expanded_benchmark,20260812T103000Z-expanded,mixed_1ep,parent,,thinking,python4_explicit,code_generation,end_inclusive_slice,semantic_pass,0,84,0.0,experiments/python4_rlvr/runs/20260812T103000Z-expanded/mixed_1ep/mixed_1ep/parent/graded.jsonl
expanded_benchmark,20260812T103000Z-expanded,mixed_1ep,parent,,thinking,python4_explicit,code_generation,grouped_large_integer,rule_pass,0,96,0.0,experiments/python4_rlvr/runs/20260812T103000Z-expanded/mixed_1ep/mixed_1ep/parent/graded.jsonl
expanded_benchmark,20260812T103000Z-expanded,mixed_1ep,parent,,thinking,python4_explicit,code_generation,grouped_large_integer,semantic_pass,0,96,0.0,experiments/python4_rlvr/runs/20260812T103000Z-expanded/mixed_1ep/mixed_1ep/parent/graded.jsonl
expanded_benchmark,20260812T103000Z-expanded,mixed_1ep,parent,,thinking,python4_explicit,code_generation,negative_exclusion,rule_pass,7,96,0.07291666666666667,experiments/python4_rlvr/runs/20260812T103000Z-expanded/mixed_1ep/mixed_1ep/parent/graded.jsonl
expanded_benchmark,20260812T103000Z-expanded,mixed_1ep,parent,,thinking,python4_explicit,code_generation,negative_exclusion,semantic_pass,7,96,0.07291666666666667,experiments/python4_rlvr/runs/20260812T103000Z-expanded/mixed_1ep/mixed_1ep/parent/graded.jsonl
expanded_benchmark,20260812T103000Z-expanded,mixed_1ep,parent,,thinking,python4_explicit,code_generation,uppercase_boolean,rule_pass,0,108,0.0,experiments/python4_rlvr/runs/20260812T103000Z-expanded/mixed_1ep/mixed_1ep/parent/graded.jsonl
expanded_benchmark,20260812T103000Z-expanded,mixed_1ep,parent,,thinking,python4_explicit,code_generation,uppercase_boolean,semantic_pass,0,108,0.0,experiments/python4_rlvr/runs/20260812T103000Z-expanded/mixed_1ep/mixed_1ep/parent/graded.jsonl
expanded_benchmark,20260812T103000Z-expanded,mixed_1ep,parent,,thinking,python4_explicit,held_in_only,,boa_pass,86,128,0.671875,experiments/python4_rlvr/runs/20260812T103000Z-expanded/mixed_1ep/mixed_1ep/parent/summary.json
expanded_benchmark,20260812T103000Z-expanded,mixed_1ep,parent,,thinking,python4_explicit,held_out_composition,,boa_pass,13,128,0.1015625,experiments/python4_rlvr/runs/20260812T103000Z-expanded/mixed_1ep/mixed_1ep/parent/summary.json
expanded_benchmark,20260812T103000Z-expanded,mixed_1ep,parent,,thinking,python4_explicit,output_prediction,,boa_compile,128,128,1.0,experiments/python4_rlvr/runs/20260812T103000Z-expanded/mixed_1ep/mixed_1ep/parent/graded.jsonl
expanded_benchmark,20260812T103000Z-expanded,mixed_1ep,parent,,thinking,python4_explicit,output_prediction,,boa_pass,47,128,0.3671875,experiments/python4_rlvr/runs/20260812T103000Z-expanded/mixed_1ep/mixed_1ep/parent/graded.jsonl
expanded_benchmark,20260812T103000Z-expanded,mixed_1ep,parent,,thinking,python4_explicit,output_prediction,,format_valid,127,128,0.9921875,experiments/python4_rlvr/runs/20260812T103000Z-expanded/mixed_1ep/mixed_1ep/parent/graded.jsonl
expanded_benchmark,20260812T103000Z-expanded,mixed_1ep,parent,,thinking,python4_explicit,output_prediction,end_inclusive_slice,rule_pass,11,36,0.3055555555555556,experiments/python4_rlvr/runs/20260812T103000Z-expanded/mixed_1ep/mixed_1ep/parent/graded.jsonl
expanded_benchmark,20260812T103000Z-expanded,mixed_1ep,parent,,thinking,python4_explicit,output_prediction,end_inclusive_slice,semantic_pass,10,28,0.35714285714285715,experiments/python4_rlvr/runs/20260812T103000Z-expanded/mixed_1ep/mixed_1ep/parent/graded.jsonl
expanded_benchmark,20260812T103000Z-expanded,mixed_1ep,parent,,thinking,python4_explicit,output_prediction,grouped_large_integer,rule_pass,15,32,0.46875,experiments/python4_rlvr/runs/20260812T103000Z-expanded/mixed_1ep/mixed_1ep/parent/graded.jsonl
expanded_benchmark,20260812T103000Z-expanded,mixed_1ep,parent,,thinking,python4_explicit,output_prediction,grouped_large_integer,semantic_pass,15,32,0.46875,experiments/python4_rlvr/runs/20260812T103000Z-expanded/mixed_1ep/mixed_1ep/parent/graded.jsonl
expanded_benchmark,20260812T103000Z-expanded,mixed_1ep,parent,,thinking,python4_explicit,output_prediction,negative_exclusion,rule_pass,2,32,0.0625,experiments/python4_rlvr/runs/20260812T103000Z-expanded/mixed_1ep/mixed_1ep/parent/graded.jsonl
expanded_benchmark,20260812T103000Z-expanded,mixed_1ep,parent,,thinking,python4_explicit,output_prediction,negative_exclusion,semantic_pass,2,32,0.0625,experiments/python4_rlvr/runs/20260812T103000Z-expanded/mixed_1ep/mixed_1ep/parent/graded.jsonl
expanded_benchmark,20260812T103000Z-expanded,mixed_1ep,parent,,thinking,python4_explicit,output_prediction,uppercase_boolean,rule_pass,28,36,0.7777777777777778,experiments/python4_rlvr/runs/20260812T103000Z-expanded/mixed_1ep/mixed_1ep/parent/graded.jsonl
expanded_benchmark,20260812T103000Z-expanded,mixed_1ep,parent,,thinking,python4_explicit,output_prediction,uppercase_boolean,semantic_pass,28,36,0.7777777777777778,experiments/python4_rlvr/runs/20260812T103000Z-expanded/mixed_1ep/mixed_1ep/parent/graded.jsonl
expanded_benchmark,20260812T103000Z-expanded,mixed_1ep,parent,,thinking,python4_explicit,single:end_inclusive_slice,,boa_pass,1,64,0.015625,experiments/python4_rlvr/runs/20260812T103000Z-expanded/mixed_1ep/mixed_1ep/parent/summary.json
expanded_benchmark,20260812T103000Z-expanded,mixed_1ep,parent,,thinking,python4_explicit,single:grouped_large_integer,,boa_pass,8,64,0.125,experiments/python4_rlvr/runs/20260812T103000Z-expanded/mixed_1ep/mixed_1ep/parent/summary.json
expanded_benchmark,20260812T103000Z-expanded,mixed_1ep,parent,,thinking,python4_explicit,single:negative_exclusion,,boa_pass,7,64,0.109375,experiments/python4_rlvr/runs/20260812T103000Z-expanded/mixed_1ep/mixed_1ep/parent/summary.json
expanded_benchmark,20260812T103000Z-expanded,mixed_1ep,parent,,thinking,python4_explicit,single:uppercase_boolean,,boa_pass,15,64,0.234375,experiments/python4_rlvr/runs/20260812T103000Z-expanded/mixed_1ep/mixed_1ep/parent/summary.json
expanded_benchmark,20260812T103000Z-expanded,mixed_1ep,rlvr_rank64,64,thinking,python4_explicit,all,,boa_compile,401,512,0.783203125,experiments/python4_rlvr/runs/20260812T103000Z-expanded/mixed_1ep/mixed_1ep/rlvr_rank64/summary.json
expanded_benchmark,20260812T103000Z-expanded,mixed_1ep,rlvr_rank64,64,thinking,python4_explicit,all,,boa_pass,206,512,0.40234375,experiments/python4_rlvr/runs/20260812T103000Z-expanded/mixed_1ep/mixed_1ep/rlvr_rank64/summary.json
expanded_benchmark,20260812T103000Z-expanded,mixed_1ep,rlvr_rank64,64,thinking,python4_explicit,all,,format_valid,126,512,0.24609375,experiments/python4_rlvr/runs/20260812T103000Z-expanded/mixed_1ep/mixed_1ep/rlvr_rank64/summary.json
expanded_benchmark,20260812T103000Z-expanded,mixed_1ep,rlvr_rank64,64,thinking,python4_explicit,all,end_inclusive_slice,rule_pass,42,144,0.2916666666666667,experiments/python4_rlvr/runs/20260812T103000Z-expanded/mixed_1ep/mixed_1ep/rlvr_rank64/summary.json
expanded_benchmark,20260812T103000Z-expanded,mixed_1ep,rlvr_rank64,64,thinking,python4_explicit,all,end_inclusive_slice,semantic_pass,30,112,0.26785714285714285,experiments/python4_rlvr/runs/20260812T103000Z-expanded/mixed_1ep/mixed_1ep/rlvr_rank64/summary.json
expanded_benchmark,20260812T103000Z-expanded,mixed_1ep,rlvr_rank64,64,thinking,python4_explicit,all,grouped_large_integer,rule_pass,19,128,0.1484375,experiments/python4_rlvr/runs/20260812T103000Z-expanded/mixed_1ep/mixed_1ep/rlvr_rank64/summary.json
expanded_benchmark,20260812T103000Z-expanded,mixed_1ep,rlvr_rank64,64,thinking,python4_explicit,all,grouped_large_integer,semantic_pass,19,128,0.1484375,experiments/python4_rlvr/runs/20260812T103000Z-expanded/mixed_1ep/mixed_1ep/rlvr_rank64/summary.json
expanded_benchmark,20260812T103000Z-expanded,mixed_1ep,rlvr_rank64,64,thinking,python4_explicit,all,negative_exclusion,rule_pass,37,128,0.2890625,experiments/python4_rlvr/runs/20260812T103000Z-expanded/mixed_1ep/mixed_1ep/rlvr_rank64/summary.json
expanded_benchmark,20260812T103000Z-expanded,mixed_1ep,rlvr_rank64,64,thinking,python4_explicit,all,negative_exclusion,semantic_pass,37,128,0.2890625,experiments/python4_rlvr/runs/20260812T103000Z-expanded/mixed_1ep/mixed_1ep/rlvr_rank64/summary.json
expanded_benchmark,20260812T103000Z-expanded,mixed_1ep,rlvr_rank64,64,thinking,python4_explicit,all,uppercase_boolean,rule_pass,29,144,0.2013888888888889,experiments/python4_rlvr/runs/20260812T103000Z-expanded/mixed_1ep/mixed_1ep/rlvr_rank64/summary.json
expanded_benchmark,20260812T103000Z-expanded,mixed_1ep,rlvr_rank64,64,thinking,python4_explicit,all,uppercase_boolean,semantic_pass,29,144,0.2013888888888889,experiments/python4_rlvr/runs/20260812T103000Z-expanded/mixed_1ep/mixed_1ep/rlvr_rank64/summary.json
expanded_benchmark,20260812T103000Z-expanded,mixed_1ep,rlvr_rank64,64,thinking,python4_explicit,code_generation,,boa_compile,273,384,0.7109375,experiments/python4_rlvr/runs/20260812T103000Z-expanded/mixed_1ep/mixed_1ep/rlvr_rank64/graded.jsonl
expanded_benchmark,20260812T103000Z-expanded,mixed_1ep,rlvr_rank64,64,thinking,python4_explicit,code_generation,,boa_pass,154,384,0.4010416666666667,experiments/python4_rlvr/runs/20260812T103000Z-expanded/mixed_1ep/mixed_1ep/rlvr_rank64/graded.jsonl
expanded_benchmark,20260812T103000Z-expanded,mixed_1ep,rlvr_rank64,64,thinking,python4_explicit,code_generation,,format_valid,0,384,0.0,experiments/python4_rlvr/runs/20260812T103000Z-expanded/mixed_1ep/mixed_1ep/rlvr_rank64/graded.jsonl
expanded_benchmark,20260812T103000Z-expanded,mixed_1ep,rlvr_rank64,64,thinking,python4_explicit,code_generation,end_inclusive_slice,rule_pass,33,108,0.3055555555555556,experiments/python4_rlvr/runs/20260812T103000Z-expanded/mixed_1ep/mixed_1ep/rlvr_rank64/graded.jsonl
expanded_benchmark,20260812T103000Z-expanded,mixed_1ep,rlvr_rank64,64,thinking,python4_explicit,code_generation,end_inclusive_slice,semantic_pass,21,84,0.25,experiments/python4_rlvr/runs/20260812T103000Z-expanded/mixed_1ep/mixed_1ep/rlvr_rank64/graded.jsonl
expanded_benchmark,20260812T103000Z-expanded,mixed_1ep,rlvr_rank64,64,thinking,python4_explicit,code_generation,grouped_large_integer,rule_pass,0,96,0.0,experiments/python4_rlvr/runs/20260812T103000Z-expanded/mixed_1ep/mixed_1ep/rlvr_rank64/graded.jsonl
expanded_benchmark,20260812T103000Z-expanded,mixed_1ep,rlvr_rank64,64,thinking,python4_explicit,code_generation,grouped_large_integer,semantic_pass,0,96,0.0,experiments/python4_rlvr/runs/20260812T103000Z-expanded/mixed_1ep/mixed_1ep/rlvr_rank64/graded.jsonl
expanded_benchmark,20260812T103000Z-expanded,mixed_1ep,rlvr_rank64,64,thinking,python4_explicit,code_generation,negative_exclusion,rule_pass,34,96,0.3541666666666667,experiments/python4_rlvr/runs/20260812T103000Z-expanded/mixed_1ep/mixed_1ep/rlvr_rank64/graded.jsonl
expanded_benchmark,20260812T103000Z-expanded,mixed_1ep,rlvr_rank64,64,thinking,python4_explicit,code_generation,negative_exclusion,semantic_pass,34,96,0.3541666666666667,experiments/python4_rlvr/runs/20260812T103000Z-expanded/mixed_1ep/mixed_1ep/rlvr_rank64/graded.jsonl
expanded_benchmark,20260812T103000Z-expanded,mixed_1ep,rlvr_rank64,64,thinking,python4_explicit,code_generation,uppercase_boolean,rule_pass,1,108,0.009259259259259259,experiments/python4_rlvr/runs/20260812T103000Z-expanded/mixed_1ep/mixed_1ep/rlvr_rank64/graded.jsonl
expanded_benchmark,20260812T103000Z-expanded,mixed_1ep,rlvr_rank64,64,thinking,python4_explicit,code_generation,uppercase_boolean,semantic_pass,1,108,0.009259259259259259,experiments/python4_rlvr/runs/20260812T103000Z-expanded/mixed_1ep/mixed_1ep/rlvr_rank64/graded.jsonl
expanded_benchmark,20260812T103000Z-expanded,mixed_1ep,rlvr_rank64,64,thinking,python4_explicit,held_in_only,,boa_pass,107,128,0.8359375,experiments/python4_rlvr/runs/20260812T103000Z-expanded/mixed_1ep/mixed_1ep/rlvr_rank64/summary.json
expanded_benchmark,20260812T103000Z-expanded,mixed_1ep,rlvr_rank64,64,thinking,python4_explicit,held_out_composition,,boa_pass,24,128,0.1875,experiments/python4_rlvr/runs/20260812T103000Z-expanded/mixed_1ep/mixed_1ep/rlvr_rank64/summary.json
expanded_benchmark,20260812T103000Z-expanded,mixed_1ep,rlvr_rank64,64,thinking,python4_explicit,output_prediction,,boa_compile,128,128,1.0,experiments/python4_rlvr/runs/20260812T103000Z-expanded/mixed_1ep/mixed_1ep/rlvr_rank64/graded.jsonl
expanded_benchmark,20260812T103000Z-expanded,mixed_1ep,rlvr_rank64,64,thinking,python4_explicit,output_prediction,,boa_pass,52,128,0.40625,experiments/python4_rlvr/runs/20260812T103000Z-expanded/mixed_1ep/mixed_1ep/rlvr_rank64/graded.jsonl
expanded_benchmark,20260812T103000Z-expanded,mixed_1ep,rlvr_rank64,64,thinking,python4_explicit,output_prediction,,format_valid,126,128,0.984375,experiments/python4_rlvr/runs/20260812T103000Z-expanded/mixed_1ep/mixed_1ep/rlvr_rank64/graded.jsonl
expanded_benchmark,20260812T103000Z-expanded,mixed_1ep,rlvr_rank64,64,thinking,python4_explicit,output_prediction,end_inclusive_slice,rule_pass,9,36,0.25,experiments/python4_rlvr/runs/20260812T103000Z-expanded/mixed_1ep/mixed_1ep/rlvr_rank64/graded.jsonl
expanded_benchmark,20260812T103000Z-expanded,mixed_1ep,rlvr_rank64,64,thinking,python4_explicit,output_prediction,end_inclusive_slice,semantic_pass,9,28,0.32142857142857145,experiments/python4_rlvr/runs/20260812T103000Z-expanded/mixed_1ep/mixed_1ep/rlvr_rank64/graded.jsonl
expanded_benchmark,20260812T103000Z-expanded,mixed_1ep,rlvr_rank64,64,thinking,python4_explicit,output_prediction,grouped_large_integer,rule_pass,19,32,0.59375,experiments/python4_rlvr/runs/20260812T103000Z-expanded/mixed_1ep/mixed_1ep/rlvr_rank64/graded.jsonl
expanded_benchmark,20260812T103000Z-expanded,mixed_1ep,rlvr_rank64,64,thinking,python4_explicit,output_prediction,grouped_large_integer,semantic_pass,19,32,0.59375,experiments/python4_rlvr/runs/20260812T103000Z-expanded/mixed_1ep/mixed_1ep/rlvr_rank64/graded.jsonl
expanded_benchmark,20260812T103000Z-expanded,mixed_1ep,rlvr_rank64,64,thinking,python4_explicit,output_prediction,negative_exclusion,rule_pass,3,32,0.09375,experiments/python4_rlvr/runs/20260812T103000Z-expanded/mixed_1ep/mixed_1ep/rlvr_rank64/graded.jsonl
expanded_benchmark,20260812T103000Z-expanded,mixed_1ep,rlvr_rank64,64,thinking,python4_explicit,output_prediction,negative_exclusion,semantic_pass,3,32,0.09375,experiments/python4_rlvr/runs/20260812T103000Z-expanded/mixed_1ep/mixed_1ep/rlvr_rank64/graded.jsonl
expanded_benchmark,20260812T103000Z-expanded,mixed_1ep,rlvr_rank64,64,thinking,python4_explicit,output_prediction,uppercase_boolean,rule_pass,28,36,0.7777777777777778,experiments/python4_rlvr/runs/20260812T103000Z-expanded/mixed_1ep/mixed_1ep/rlvr_rank64/graded.jsonl
expanded_benchmark,20260812T103000Z-expanded,mixed_1ep,rlvr_rank64,64,thinking,python4_explicit,output_prediction,uppercase_boolean,semantic_pass,28,36,0.7777777777777778,experiments/python4_rlvr/runs/20260812T103000Z-expanded/mixed_1ep/mixed_1ep/rlvr_rank64/graded.jsonl
expanded_benchmark,20260812T103000Z-expanded,mixed_1ep,rlvr_rank64,64,thinking,python4_explicit,single:end_inclusive_slice,,boa_pass,25,64,0.390625,experiments/python4_rlvr/runs/20260812T103000Z-expanded/mixed_1ep/mixed_1ep/rlvr_rank64/summary.json
expanded_benchmark,20260812T103000Z-expanded,mixed_1ep,rlvr_rank64,64,thinking,python4_explicit,single:grouped_large_integer,,boa_pass,12,64,0.1875,experiments/python4_rlvr/runs/20260812T103000Z-expanded/mixed_1ep/mixed_1ep/rlvr_rank64/summary.json
expanded_benchmark,20260812T103000Z-expanded,mixed_1ep,rlvr_rank64,64,thinking,python4_explicit,single:negative_exclusion,,boa_pass,24,64,0.375,experiments/python4_rlvr/runs/20260812T103000Z-expanded/mixed_1ep/mixed_1ep/rlvr_rank64/summary.json
expanded_benchmark,20260812T103000Z-expanded,mixed_1ep,rlvr_rank64,64,thinking,python4_explicit,single:uppercase_boolean,,boa_pass,14,64,0.21875,experiments/python4_rlvr/runs/20260812T103000Z-expanded/mixed_1ep/mixed_1ep/rlvr_rank64/summary.json
expanded_benchmark,20260812T103000Z-expanded,mixed_4ep,aft_rank64,64,thinking,python4_explicit,all,,boa_compile,427,512,0.833984375,experiments/python4_rlvr/runs/20260812T103000Z-expanded/mixed_4ep/mixed_4ep/aft_rank64/summary.json
expanded_benchmark,20260812T103000Z-expanded,mixed_4ep,aft_rank64,64,thinking,python4_explicit,all,,boa_pass,145,512,0.283203125,experiments/python4_rlvr/runs/20260812T103000Z-expanded/mixed_4ep/mixed_4ep/aft_rank64/summary.json
expanded_benchmark,20260812T103000Z-expanded,mixed_4ep,aft_rank64,64,thinking,python4_explicit,all,,format_valid,120,512,0.234375,experiments/python4_rlvr/runs/20260812T103000Z-expanded/mixed_4ep/mixed_4ep/aft_rank64/summary.json
expanded_benchmark,20260812T103000Z-expanded,mixed_4ep,aft_rank64,64,thinking,python4_explicit,all,end_inclusive_slice,rule_pass,21,144,0.14583333333333334,experiments/python4_rlvr/runs/20260812T103000Z-expanded/mixed_4ep/mixed_4ep/aft_rank64/summary.json
expanded_benchmark,20260812T103000Z-expanded,mixed_4ep,aft_rank64,64,thinking,python4_explicit,all,end_inclusive_slice,semantic_pass,13,112,0.11607142857142858,experiments/python4_rlvr/runs/20260812T103000Z-expanded/mixed_4ep/mixed_4ep/aft_rank64/summary.json
expanded_benchmark,20260812T103000Z-expanded,mixed_4ep,aft_rank64,64,thinking,python4_explicit,all,grouped_large_integer,rule_pass,12,128,0.09375,experiments/python4_rlvr/runs/20260812T103000Z-expanded/mixed_4ep/mixed_4ep/aft_rank64/summary.json
expanded_benchmark,20260812T103000Z-expanded,mixed_4ep,aft_rank64,64,thinking,python4_explicit,all,grouped_large_integer,semantic_pass,12,128,0.09375,experiments/python4_rlvr/runs/20260812T103000Z-expanded/mixed_4ep/mixed_4ep/aft_rank64/summary.json
expanded_benchmark,20260812T103000Z-expanded,mixed_4ep,aft_rank64,64,thinking,python4_explicit,all,negative_exclusion,rule_pass,21,128,0.1640625,experiments/python4_rlvr/runs/20260812T103000Z-expanded/mixed_4ep/mixed_4ep/aft_rank64/summary.json
expanded_benchmark,20260812T103000Z-expanded,mixed_4ep,aft_rank64,64,thinking,python4_explicit,all,negative_exclusion,semantic_pass,21,128,0.1640625,experiments/python4_rlvr/runs/20260812T103000Z-expanded/mixed_4ep/mixed_4ep/aft_rank64/summary.json
expanded_benchmark,20260812T103000Z-expanded,mixed_4ep,aft_rank64,64,thinking,python4_explicit,all,uppercase_boolean,rule_pass,27,144,0.1875,experiments/python4_rlvr/runs/20260812T103000Z-expanded/mixed_4ep/mixed_4ep/aft_rank64/summary.json
expanded_benchmark,20260812T103000Z-expanded,mixed_4ep,aft_rank64,64,thinking,python4_explicit,all,uppercase_boolean,semantic_pass,27,144,0.1875,experiments/python4_rlvr/runs/20260812T103000Z-expanded/mixed_4ep/mixed_4ep/aft_rank64/summary.json
expanded_benchmark,20260812T103000Z-expanded,mixed_4ep,aft_rank64,64,thinking,python4_explicit,code_generation,,boa_compile,299,384,0.7786458333333334,experiments/python4_rlvr/runs/20260812T103000Z-expanded/mixed_4ep/mixed_4ep/aft_rank64/graded.jsonl
expanded_benchmark,20260812T103000Z-expanded,mixed_4ep,aft_rank64,64,thinking,python4_explicit,code_generation,,boa_pass,94,384,0.24479166666666666,experiments/python4_rlvr/runs/20260812T103000Z-expanded/mixed_4ep/mixed_4ep/aft_rank64/graded.jsonl
expanded_benchmark,20260812T103000Z-expanded,mixed_4ep,aft_rank64,64,thinking,python4_explicit,code_generation,,format_valid,0,384,0.0,experiments/python4_rlvr/runs/20260812T103000Z-expanded/mixed_4ep/mixed_4ep/aft_rank64/graded.jsonl
expanded_benchmark,20260812T103000Z-expanded,mixed_4ep,aft_rank64,64,thinking,python4_explicit,code_generation,end_inclusive_slice,rule_pass,12,108,0.1111111111111111,experiments/python4_rlvr/runs/20260812T103000Z-expanded/mixed_4ep/mixed_4ep/aft_rank64/graded.jsonl
expanded_benchmark,20260812T103000Z-expanded,mixed_4ep,aft_rank64,64,thinking,python4_explicit,code_generation,end_inclusive_slice,semantic_pass,5,84,0.05952380952380952,experiments/python4_rlvr/runs/20260812T103000Z-expanded/mixed_4ep/mixed_4ep/aft_rank64/graded.jsonl
expanded_benchmark,20260812T103000Z-expanded,mixed_4ep,aft_rank64,64,thinking,python4_explicit,code_generation,grouped_large_integer,rule_pass,0,96,0.0,experiments/python4_rlvr/runs/20260812T103000Z-expanded/mixed_4ep/mixed_4ep/aft_rank64/graded.jsonl
expanded_benchmark,20260812T103000Z-expanded,mixed_4ep,aft_rank64,64,thinking,python4_explicit,code_generation,grouped_large_integer,semantic_pass,0,96,0.0,experiments/python4_rlvr/runs/20260812T103000Z-expanded/mixed_4ep/mixed_4ep/aft_rank64/graded.jsonl
expanded_benchmark,20260812T103000Z-expanded,mixed_4ep,aft_rank64,64,thinking,python4_explicit,code_generation,negative_exclusion,rule_pass,15,96,0.15625,experiments/python4_rlvr/runs/20260812T103000Z-expanded/mixed_4ep/mixed_4ep/aft_rank64/graded.jsonl
expanded_benchmark,20260812T103000Z-expanded,mixed_4ep,aft_rank64,64,thinking,python4_explicit,code_generation,negative_exclusion,semantic_pass,15,96,0.15625,experiments/python4_rlvr/runs/20260812T103000Z-expanded/mixed_4ep/mixed_4ep/aft_rank64/graded.jsonl
expanded_benchmark,20260812T103000Z-expanded,mixed_4ep,aft_rank64,64,thinking,python4_explicit,code_generation,uppercase_boolean,rule_pass,0,108,0.0,experiments/python4_rlvr/runs/20260812T103000Z-expanded/mixed_4ep/mixed_4ep/aft_rank64/graded.jsonl
expanded_benchmark,20260812T103000Z-expanded,mixed_4ep,aft_rank64,64,thinking,python4_explicit,code_generation,uppercase_boolean,semantic_pass,0,108,0.0,experiments/python4_rlvr/runs/20260812T103000Z-expanded/mixed_4ep/mixed_4ep/aft_rank64/graded.jsonl
expanded_benchmark,20260812T103000Z-expanded,mixed_4ep,aft_rank64,64,thinking,python4_explicit,held_in_only,,boa_pass,83,128,0.6484375,experiments/python4_rlvr/runs/20260812T103000Z-expanded/mixed_4ep/mixed_4ep/aft_rank64/summary.json
expanded_benchmark,20260812T103000Z-expanded,mixed_4ep,aft_rank64,64,thinking,python4_explicit,held_out_composition,,boa_pass,17,128,0.1328125,experiments/python4_rlvr/runs/20260812T103000Z-expanded/mixed_4ep/mixed_4ep/aft_rank64/summary.json
expanded_benchmark,20260812T103000Z-expanded,mixed_4ep,aft_rank64,64,thinking,python4_explicit,output_prediction,,boa_compile,128,128,1.0,experiments/python4_rlvr/runs/20260812T103000Z-expanded/mixed_4ep/mixed_4ep/aft_rank64/graded.jsonl
expanded_benchmark,20260812T103000Z-expanded,mixed_4ep,aft_rank64,64,thinking,python4_explicit,output_prediction,,boa_pass,51,128,0.3984375,experiments/python4_rlvr/runs/20260812T103000Z-expanded/mixed_4ep/mixed_4ep/aft_rank64/graded.jsonl
expanded_benchmark,20260812T103000Z-expanded,mixed_4ep,aft_rank64,64,thinking,python4_explicit,output_prediction,,format_valid,120,128,0.9375,experiments/python4_rlvr/runs/20260812T103000Z-expanded/mixed_4ep/mixed_4ep/aft_rank64/graded.jsonl
expanded_benchmark,20260812T103000Z-expanded,mixed_4ep,aft_rank64,64,thinking,python4_explicit,output_prediction,end_inclusive_slice,rule_pass,9,36,0.25,experiments/python4_rlvr/runs/20260812T103000Z-expanded/mixed_4ep/mixed_4ep/aft_rank64/graded.jsonl
expanded_benchmark,20260812T103000Z-expanded,mixed_4ep,aft_rank64,64,thinking,python4_explicit,output_prediction,end_inclusive_slice,semantic_pass,8,28,0.2857142857142857,experiments/python4_rlvr/runs/20260812T103000Z-expanded/mixed_4ep/mixed_4ep/aft_rank64/graded.jsonl
expanded_benchmark,20260812T103000Z-expanded,mixed_4ep,aft_rank64,64,thinking,python4_explicit,output_prediction,grouped_large_integer,rule_pass,12,32,0.375,experiments/python4_rlvr/runs/20260812T103000Z-expanded/mixed_4ep/mixed_4ep/aft_rank64/graded.jsonl
expanded_benchmark,20260812T103000Z-expanded,mixed_4ep,aft_rank64,64,thinking,python4_explicit,output_prediction,grouped_large_integer,semantic_pass,12,32,0.375,experiments/python4_rlvr/runs/20260812T103000Z-expanded/mixed_4ep/mixed_4ep/aft_rank64/graded.jsonl
expanded_benchmark,20260812T103000Z-expanded,mixed_4ep,aft_rank64,64,thinking,python4_explicit,output_prediction,negative_exclusion,rule_pass,6,32,0.1875,experiments/python4_rlvr/runs/20260812T103000Z-expanded/mixed_4ep/mixed_4ep/aft_rank64/graded.jsonl
expanded_benchmark,20260812T103000Z-expanded,mixed_4ep,aft_rank64,64,thinking,python4_explicit,output_prediction,negative_exclusion,semantic_pass,6,32,0.1875,experiments/python4_rlvr/runs/20260812T103000Z-expanded/mixed_4ep/mixed_4ep/aft_rank64/graded.jsonl
expanded_benchmark,20260812T103000Z-expanded,mixed_4ep,aft_rank64,64,thinking,python4_explicit,output_prediction,uppercase_boolean,rule_pass,27,36,0.75,experiments/python4_rlvr/runs/20260812T103000Z-expanded/mixed_4ep/mixed_4ep/aft_rank64/graded.jsonl
expanded_benchmark,20260812T103000Z-expanded,mixed_4ep,aft_rank64,64,thinking,python4_explicit,output_prediction,uppercase_boolean,semantic_pass,27,36,0.75,experiments/python4_rlvr/runs/20260812T103000Z-expanded/mixed_4ep/mixed_4ep/aft_rank64/graded.jsonl
expanded_benchmark,20260812T103000Z-expanded,mixed_4ep,aft_rank64,64,thinking,python4_explicit,single:end_inclusive_slice,,boa_pass,10,64,0.15625,experiments/python4_rlvr/runs/20260812T103000Z-expanded/mixed_4ep/mixed_4ep/aft_rank64/summary.json
expanded_benchmark,20260812T103000Z-expanded,mixed_4ep,aft_rank64,64,thinking,python4_explicit,single:grouped_large_integer,,boa_pass,6,64,0.09375,experiments/python4_rlvr/runs/20260812T103000Z-expanded/mixed_4ep/mixed_4ep/aft_rank64/summary.json
expanded_benchmark,20260812T103000Z-expanded,mixed_4ep,aft_rank64,64,thinking,python4_explicit,single:negative_exclusion,,boa_pass,14,64,0.21875,experiments/python4_rlvr/runs/20260812T103000Z-expanded/mixed_4ep/mixed_4ep/aft_rank64/summary.json
expanded_benchmark,20260812T103000Z-expanded,mixed_4ep,aft_rank64,64,thinking,python4_explicit,single:uppercase_boolean,,boa_pass,15,64,0.234375,experiments/python4_rlvr/runs/20260812T103000Z-expanded/mixed_4ep/mixed_4ep/aft_rank64/summary.json
expanded_benchmark,20260812T103000Z-expanded,mixed_4ep,parent,,thinking,python4_explicit,all,,boa_compile,405,512,0.791015625,experiments/python4_rlvr/runs/20260812T103000Z-expanded/mixed_4ep/mixed_4ep/parent/summary.json
expanded_benchmark,20260812T103000Z-expanded,mixed_4ep,parent,,thinking,python4_explicit,all,,boa_pass,158,512,0.30859375,experiments/python4_rlvr/runs/20260812T103000Z-expanded/mixed_4ep/mixed_4ep/parent/summary.json
expanded_benchmark,20260812T103000Z-expanded,mixed_4ep,parent,,thinking,python4_explicit,all,,format_valid,128,512,0.25,experiments/python4_rlvr/runs/20260812T103000Z-expanded/mixed_4ep/mixed_4ep/parent/summary.json
expanded_benchmark,20260812T103000Z-expanded,mixed_4ep,parent,,thinking,python4_explicit,all,end_inclusive_slice,rule_pass,27,144,0.1875,experiments/python4_rlvr/runs/20260812T103000Z-expanded/mixed_4ep/mixed_4ep/parent/summary.json
expanded_benchmark,20260812T103000Z-expanded,mixed_4ep,parent,,thinking,python4_explicit,all,end_inclusive_slice,semantic_pass,14,112,0.125,experiments/python4_rlvr/runs/20260812T103000Z-expanded/mixed_4ep/mixed_4ep/parent/summary.json
expanded_benchmark,20260812T103000Z-expanded,mixed_4ep,parent,,thinking,python4_explicit,all,grouped_large_integer,rule_pass,15,128,0.1171875,experiments/python4_rlvr/runs/20260812T103000Z-expanded/mixed_4ep/mixed_4ep/parent/summary.json
expanded_benchmark,20260812T103000Z-expanded,mixed_4ep,parent,,thinking,python4_explicit,all,grouped_large_integer,semantic_pass,15,128,0.1171875,experiments/python4_rlvr/runs/20260812T103000Z-expanded/mixed_4ep/mixed_4ep/parent/summary.json
expanded_benchmark,20260812T103000Z-expanded,mixed_4ep,parent,,thinking,python4_explicit,all,negative_exclusion,rule_pass,16,128,0.125,experiments/python4_rlvr/runs/20260812T103000Z-expanded/mixed_4ep/mixed_4ep/parent/summary.json
expanded_benchmark,20260812T103000Z-expanded,mixed_4ep,parent,,thinking,python4_explicit,all,negative_exclusion,semantic_pass,16,128,0.125,experiments/python4_rlvr/runs/20260812T103000Z-expanded/mixed_4ep/mixed_4ep/parent/summary.json
expanded_benchmark,20260812T103000Z-expanded,mixed_4ep,parent,,thinking,python4_explicit,all,uppercase_boolean,rule_pass,29,144,0.2013888888888889,experiments/python4_rlvr/runs/20260812T103000Z-expanded/mixed_4ep/mixed_4ep/parent/summary.json
expanded_benchmark,20260812T103000Z-expanded,mixed_4ep,parent,,thinking,python4_explicit,all,uppercase_boolean,semantic_pass,29,144,0.2013888888888889,experiments/python4_rlvr/runs/20260812T103000Z-expanded/mixed_4ep/mixed_4ep/parent/summary.json
expanded_benchmark,20260812T103000Z-expanded,mixed_4ep,parent,,thinking,python4_explicit,code_generation,,boa_compile,277,384,0.7213541666666666,experiments/python4_rlvr/runs/20260812T103000Z-expanded/mixed_4ep/mixed_4ep/parent/graded.jsonl
expanded_benchmark,20260812T103000Z-expanded,mixed_4ep,parent,,thinking,python4_explicit,code_generation,,boa_pass,104,384,0.2708333333333333,experiments/python4_rlvr/runs/20260812T103000Z-expanded/mixed_4ep/mixed_4ep/parent/graded.jsonl
expanded_benchmark,20260812T103000Z-expanded,mixed_4ep,parent,,thinking,python4_explicit,code_generation,,format_valid,0,384,0.0,experiments/python4_rlvr/runs/20260812T103000Z-expanded/mixed_4ep/mixed_4ep/parent/graded.jsonl
expanded_benchmark,20260812T103000Z-expanded,mixed_4ep,parent,,thinking,python4_explicit,code_generation,end_inclusive_slice,rule_pass,16,108,0.14814814814814814,experiments/python4_rlvr/runs/20260812T103000Z-expanded/mixed_4ep/mixed_4ep/parent/graded.jsonl
expanded_benchmark,20260812T103000Z-expanded,mixed_4ep,parent,,thinking,python4_explicit,code_generation,end_inclusive_slice,semantic_pass,4,84,0.047619047619047616,experiments/python4_rlvr/runs/20260812T103000Z-expanded/mixed_4ep/mixed_4ep/parent/graded.jsonl
expanded_benchmark,20260812T103000Z-expanded,mixed_4ep,parent,,thinking,python4_explicit,code_generation,grouped_large_integer,rule_pass,0,96,0.0,experiments/python4_rlvr/runs/20260812T103000Z-expanded/mixed_4ep/mixed_4ep/parent/graded.jsonl
expanded_benchmark,20260812T103000Z-expanded,mixed_4ep,parent,,thinking,python4_explicit,code_generation,grouped_large_integer,semantic_pass,0,96,0.0,experiments/python4_rlvr/runs/20260812T103000Z-expanded/mixed_4ep/mixed_4ep/parent/graded.jsonl
expanded_benchmark,20260812T103000Z-expanded,mixed_4ep,parent,,thinking,python4_explicit,code_generation,negative_exclusion,rule_pass,13,96,0.13541666666666666,experiments/python4_rlvr/runs/20260812T103000Z-expanded/mixed_4ep/mixed_4ep/parent/graded.jsonl
expanded_benchmark,20260812T103000Z-expanded,mixed_4ep,parent,,thinking,python4_explicit,code_generation,negative_exclusion,semantic_pass,13,96,0.13541666666666666,experiments/python4_rlvr/runs/20260812T103000Z-expanded/mixed_4ep/mixed_4ep/parent/graded.jsonl
expanded_benchmark,20260812T103000Z-expanded,mixed_4ep,parent,,thinking,python4_explicit,code_generation,uppercase_boolean,rule_pass,0,108,0.0,experiments/python4_rlvr/runs/20260812T103000Z-expanded/mixed_4ep/mixed_4ep/parent/graded.jsonl
expanded_benchmark,20260812T103000Z-expanded,mixed_4ep,parent,,thinking,python4_explicit,code_generation,uppercase_boolean,semantic_pass,0,108,0.0,experiments/python4_rlvr/runs/20260812T103000Z-expanded/mixed_4ep/mixed_4ep/parent/graded.jsonl
expanded_benchmark,20260812T103000Z-expanded,mixed_4ep,parent,,thinking,python4_explicit,held_in_only,,boa_pass,94,128,0.734375,experiments/python4_rlvr/runs/20260812T103000Z-expanded/mixed_4ep/mixed_4ep/parent/summary.json
expanded_benchmark,20260812T103000Z-expanded,mixed_4ep,parent,,thinking,python4_explicit,held_out_composition,,boa_pass,18,128,0.140625,experiments/python4_rlvr/runs/20260812T103000Z-expanded/mixed_4ep/mixed_4ep/parent/summary.json
expanded_benchmark,20260812T103000Z-expanded,mixed_4ep,parent,,thinking,python4_explicit,output_prediction,,boa_compile,128,128,1.0,experiments/python4_rlvr/runs/20260812T103000Z-expanded/mixed_4ep/mixed_4ep/parent/graded.jsonl
expanded_benchmark,20260812T103000Z-expanded,mixed_4ep,parent,,thinking,python4_explicit,output_prediction,,boa_pass,54,128,0.421875,experiments/python4_rlvr/runs/20260812T103000Z-expanded/mixed_4ep/mixed_4ep/parent/graded.jsonl
expanded_benchmark,20260812T103000Z-expanded,mixed_4ep,parent,,thinking,python4_explicit,output_prediction,,format_valid,128,128,1.0,experiments/python4_rlvr/runs/20260812T103000Z-expanded/mixed_4ep/mixed_4ep/parent/graded.jsonl
expanded_benchmark,20260812T103000Z-expanded,mixed_4ep,parent,,thinking,python4_explicit,output_prediction,end_inclusive_slice,rule_pass,11,36,0.3055555555555556,experiments/python4_rlvr/runs/20260812T103000Z-expanded/mixed_4ep/mixed_4ep/parent/graded.jsonl
expanded_benchmark,20260812T103000Z-expanded,mixed_4ep,parent,,thinking,python4_explicit,output_prediction,end_inclusive_slice,semantic_pass,10,28,0.35714285714285715,experiments/python4_rlvr/runs/20260812T103000Z-expanded/mixed_4ep/mixed_4ep/parent/graded.jsonl
expanded_benchmark,20260812T103000Z-expanded,mixed_4ep,parent,,thinking,python4_explicit,output_prediction,grouped_large_integer,rule_pass,15,32,0.46875,experiments/python4_rlvr/runs/20260812T103000Z-expanded/mixed_4ep/mixed_4ep/parent/graded.jsonl
expanded_benchmark,20260812T103000Z-expanded,mixed_4ep,parent,,thinking,python4_explicit,output_prediction,grouped_large_integer,semantic_pass,15,32,0.46875,experiments/python4_rlvr/runs/20260812T103000Z-expanded/mixed_4ep/mixed_4ep/parent/graded.jsonl
expanded_benchmark,20260812T103000Z-expanded,mixed_4ep,parent,,thinking,python4_explicit,output_prediction,negative_exclusion,rule_pass,3,32,0.09375,experiments/python4_rlvr/runs/20260812T103000Z-expanded/mixed_4ep/mixed_4ep/parent/graded.jsonl
expanded_benchmark,20260812T103000Z-expanded,mixed_4ep,parent,,thinking,python4_explicit,output_prediction,negative_exclusion,semantic_pass,3,32,0.09375,experiments/python4_rlvr/runs/20260812T103000Z-expanded/mixed_4ep/mixed_4ep/parent/graded.jsonl
expanded_benchmark,20260812T103000Z-expanded,mixed_4ep,parent,,thinking,python4_explicit,output_prediction,uppercase_boolean,rule_pass,29,36,0.8055555555555556,experiments/python4_rlvr/runs/20260812T103000Z-expanded/mixed_4ep/mixed_4ep/parent/graded.jsonl
expanded_benchmark,20260812T103000Z-expanded,mixed_4ep,parent,,thinking,python4_explicit,output_prediction,uppercase_boolean,semantic_pass,29,36,0.8055555555555556,experiments/python4_rlvr/runs/20260812T103000Z-expanded/mixed_4ep/mixed_4ep/parent/graded.jsonl
expanded_benchmark,20260812T103000Z-expanded,mixed_4ep,parent,,thinking,python4_explicit,single:end_inclusive_slice,,boa_pass,14,64,0.21875,experiments/python4_rlvr/runs/20260812T103000Z-expanded/mixed_4ep/mixed_4ep/parent/summary.json
expanded_benchmark,20260812T103000Z-expanded,mixed_4ep,parent,,thinking,python4_explicit,single:grouped_large_integer,,boa_pass,7,64,0.109375,experiments/python4_rlvr/runs/20260812T103000Z-expanded/mixed_4ep/mixed_4ep/parent/summary.json
expanded_benchmark,20260812T103000Z-expanded,mixed_4ep,parent,,thinking,python4_explicit,single:negative_exclusion,,boa_pass,10,64,0.15625,experiments/python4_rlvr/runs/20260812T103000Z-expanded/mixed_4ep/mixed_4ep/parent/summary.json
expanded_benchmark,20260812T103000Z-expanded,mixed_4ep,parent,,thinking,python4_explicit,single:uppercase_boolean,,boa_pass,15,64,0.234375,experiments/python4_rlvr/runs/20260812T103000Z-expanded/mixed_4ep/mixed_4ep/parent/summary.json
expanded_benchmark,20260812T103000Z-expanded,mixed_4ep,rlvr_rank64,64,thinking,python4_explicit,all,,boa_compile,495,512,0.966796875,experiments/python4_rlvr/runs/20260812T103000Z-expanded/mixed_4ep/mixed_4ep/rlvr_rank64/summary.json
expanded_benchmark,20260812T103000Z-expanded,mixed_4ep,rlvr_rank64,64,thinking,python4_explicit,all,,boa_pass,186,512,0.36328125,experiments/python4_rlvr/runs/20260812T103000Z-expanded/mixed_4ep/mixed_4ep/rlvr_rank64/summary.json
expanded_benchmark,20260812T103000Z-expanded,mixed_4ep,rlvr_rank64,64,thinking,python4_explicit,all,,format_valid,121,512,0.236328125,experiments/python4_rlvr/runs/20260812T103000Z-expanded/mixed_4ep/mixed_4ep/rlvr_rank64/summary.json
expanded_benchmark,20260812T103000Z-expanded,mixed_4ep,rlvr_rank64,64,thinking,python4_explicit,all,end_inclusive_slice,rule_pass,22,144,0.1527777777777778,experiments/python4_rlvr/runs/20260812T103000Z-expanded/mixed_4ep/mixed_4ep/rlvr_rank64/summary.json
expanded_benchmark,20260812T103000Z-expanded,mixed_4ep,rlvr_rank64,64,thinking,python4_explicit,all,end_inclusive_slice,semantic_pass,21,112,0.1875,experiments/python4_rlvr/runs/20260812T103000Z-expanded/mixed_4ep/mixed_4ep/rlvr_rank64/summary.json
expanded_benchmark,20260812T103000Z-expanded,mixed_4ep,rlvr_rank64,64,thinking,python4_explicit,all,grouped_large_integer,rule_pass,10,128,0.078125,experiments/python4_rlvr/runs/20260812T103000Z-expanded/mixed_4ep/mixed_4ep/rlvr_rank64/summary.json
expanded_benchmark,20260812T103000Z-expanded,mixed_4ep,rlvr_rank64,64,thinking,python4_explicit,all,grouped_large_integer,semantic_pass,10,128,0.078125,experiments/python4_rlvr/runs/20260812T103000Z-expanded/mixed_4ep/mixed_4ep/rlvr_rank64/summary.json
expanded_benchmark,20260812T103000Z-expanded,mixed_4ep,rlvr_rank64,64,thinking,python4_explicit,all,negative_exclusion,rule_pass,34,128,0.265625,experiments/python4_rlvr/runs/20260812T103000Z-expanded/mixed_4ep/mixed_4ep/rlvr_rank64/summary.json
expanded_benchmark,20260812T103000Z-expanded,mixed_4ep,rlvr_rank64,64,thinking,python4_explicit,all,negative_exclusion,semantic_pass,34,128,0.265625,experiments/python4_rlvr/runs/20260812T103000Z-expanded/mixed_4ep/mixed_4ep/rlvr_rank64/summary.json
expanded_benchmark,20260812T103000Z-expanded,mixed_4ep,rlvr_rank64,64,thinking,python4_explicit,all,uppercase_boolean,rule_pass,30,144,0.20833333333333334,experiments/python4_rlvr/runs/20260812T103000Z-expanded/mixed_4ep/mixed_4ep/rlvr_rank64/summary.json
expanded_benchmark,20260812T103000Z-expanded,mixed_4ep,rlvr_rank64,64,thinking,python4_explicit,all,uppercase_boolean,semantic_pass,30,144,0.20833333333333334,experiments/python4_rlvr/runs/20260812T103000Z-expanded/mixed_4ep/mixed_4ep/rlvr_rank64/summary.json
expanded_benchmark,20260812T103000Z-expanded,mixed_4ep,rlvr_rank64,64,thinking,python4_explicit,code_generation,,boa_compile,367,384,0.9557291666666666,experiments/python4_rlvr/runs/20260812T103000Z-expanded/mixed_4ep/mixed_4ep/rlvr_rank64/graded.jsonl
expanded_benchmark,20260812T103000Z-expanded,mixed_4ep,rlvr_rank64,64,thinking,python4_explicit,code_generation,,boa_pass,135,384,0.3515625,experiments/python4_rlvr/runs/20260812T103000Z-expanded/mixed_4ep/mixed_4ep/rlvr_rank64/graded.jsonl
expanded_benchmark,20260812T103000Z-expanded,mixed_4ep,rlvr_rank64,64,thinking,python4_explicit,code_generation,,format_valid,0,384,0.0,experiments/python4_rlvr/runs/20260812T103000Z-expanded/mixed_4ep/mixed_4ep/rlvr_rank64/graded.jsonl
expanded_benchmark,20260812T103000Z-expanded,mixed_4ep,rlvr_rank64,64,thinking,python4_explicit,code_generation,end_inclusive_slice,rule_pass,12,108,0.1111111111111111,experiments/python4_rlvr/runs/20260812T103000Z-expanded/mixed_4ep/mixed_4ep/rlvr_rank64/graded.jsonl
expanded_benchmark,20260812T103000Z-expanded,mixed_4ep,rlvr_rank64,64,thinking,python4_explicit,code_generation,end_inclusive_slice,semantic_pass,12,84,0.14285714285714285,experiments/python4_rlvr/runs/20260812T103000Z-expanded/mixed_4ep/mixed_4ep/rlvr_rank64/graded.jsonl
expanded_benchmark,20260812T103000Z-expanded,mixed_4ep,rlvr_rank64,64,thinking,python4_explicit,code_generation,grouped_large_integer,rule_pass,0,96,0.0,experiments/python4_rlvr/runs/20260812T103000Z-expanded/mixed_4ep/mixed_4ep/rlvr_rank64/graded.jsonl
expanded_benchmark,20260812T103000Z-expanded,mixed_4ep,rlvr_rank64,64,thinking,python4_explicit,code_generation,grouped_large_integer,semantic_pass,0,96,0.0,experiments/python4_rlvr/runs/20260812T103000Z-expanded/mixed_4ep/mixed_4ep/rlvr_rank64/graded.jsonl
expanded_benchmark,20260812T103000Z-expanded,mixed_4ep,rlvr_rank64,64,thinking,python4_explicit,code_generation,negative_exclusion,rule_pass,27,96,0.28125,experiments/python4_rlvr/runs/20260812T103000Z-expanded/mixed_4ep/mixed_4ep/rlvr_rank64/graded.jsonl
expanded_benchmark,20260812T103000Z-expanded,mixed_4ep,rlvr_rank64,64,thinking,python4_explicit,code_generation,negative_exclusion,semantic_pass,27,96,0.28125,experiments/python4_rlvr/runs/20260812T103000Z-expanded/mixed_4ep/mixed_4ep/rlvr_rank64/graded.jsonl
expanded_benchmark,20260812T103000Z-expanded,mixed_4ep,rlvr_rank64,64,thinking,python4_explicit,code_generation,uppercase_boolean,rule_pass,0,108,0.0,experiments/python4_rlvr/runs/20260812T103000Z-expanded/mixed_4ep/mixed_4ep/rlvr_rank64/graded.jsonl
expanded_benchmark,20260812T103000Z-expanded,mixed_4ep,rlvr_rank64,64,thinking,python4_explicit,code_generation,uppercase_boolean,semantic_pass,0,108,0.0,experiments/python4_rlvr/runs/20260812T103000Z-expanded/mixed_4ep/mixed_4ep/rlvr_rank64/graded.jsonl
expanded_benchmark,20260812T103000Z-expanded,mixed_4ep,rlvr_rank64,64,thinking,python4_explicit,held_in_only,,boa_pass,111,128,0.8671875,experiments/python4_rlvr/runs/20260812T103000Z-expanded/mixed_4ep/mixed_4ep/rlvr_rank64/summary.json
expanded_benchmark,20260812T103000Z-expanded,mixed_4ep,rlvr_rank64,64,thinking,python4_explicit,held_out_composition,,boa_pass,18,128,0.140625,experiments/python4_rlvr/runs/20260812T103000Z-expanded/mixed_4ep/mixed_4ep/rlvr_rank64/summary.json
expanded_benchmark,20260812T103000Z-expanded,mixed_4ep,rlvr_rank64,64,thinking,python4_explicit,output_prediction,,boa_compile,128,128,1.0,experiments/python4_rlvr/runs/20260812T103000Z-expanded/mixed_4ep/mixed_4ep/rlvr_rank64/graded.jsonl
expanded_benchmark,20260812T103000Z-expanded,mixed_4ep,rlvr_rank64,64,thinking,python4_explicit,output_prediction,,boa_pass,51,128,0.3984375,experiments/python4_rlvr/runs/20260812T103000Z-expanded/mixed_4ep/mixed_4ep/rlvr_rank64/graded.jsonl
expanded_benchmark,20260812T103000Z-expanded,mixed_4ep,rlvr_rank64,64,thinking,python4_explicit,output_prediction,,format_valid,121,128,0.9453125,experiments/python4_rlvr/runs/20260812T103000Z-expanded/mixed_4ep/mixed_4ep/rlvr_rank64/graded.jsonl
expanded_benchmark,20260812T103000Z-expanded,mixed_4ep,rlvr_rank64,64,thinking,python4_explicit,output_prediction,end_inclusive_slice,rule_pass,10,36,0.2777777777777778,experiments/python4_rlvr/runs/20260812T103000Z-expanded/mixed_4ep/mixed_4ep/rlvr_rank64/graded.jsonl
expanded_benchmark,20260812T103000Z-expanded,mixed_4ep,rlvr_rank64,64,thinking,python4_explicit,output_prediction,end_inclusive_slice,semantic_pass,9,28,0.32142857142857145,experiments/python4_rlvr/runs/20260812T103000Z-expanded/mixed_4ep/mixed_4ep/rlvr_rank64/graded.jsonl
expanded_benchmark,20260812T103000Z-expanded,mixed_4ep,rlvr_rank64,64,thinking,python4_explicit,output_prediction,grouped_large_integer,rule_pass,10,32,0.3125,experiments/python4_rlvr/runs/20260812T103000Z-expanded/mixed_4ep/mixed_4ep/rlvr_rank64/graded.jsonl
expanded_benchmark,20260812T103000Z-expanded,mixed_4ep,rlvr_rank64,64,thinking,python4_explicit,output_prediction,grouped_large_integer,semantic_pass,10,32,0.3125,experiments/python4_rlvr/runs/20260812T103000Z-expanded/mixed_4ep/mixed_4ep/rlvr_rank64/graded.jsonl
expanded_benchmark,20260812T103000Z-expanded,mixed_4ep,rlvr_rank64,64,thinking,python4_explicit,output_prediction,negative_exclusion,rule_pass,7,32,0.21875,experiments/python4_rlvr/runs/20260812T103000Z-expanded/mixed_4ep/mixed_4ep/rlvr_rank64/graded.jsonl
expanded_benchmark,20260812T103000Z-expanded,mixed_4ep,rlvr_rank64,64,thinking,python4_explicit,output_prediction,negative_exclusion,semantic_pass,7,32,0.21875,experiments/python4_rlvr/runs/20260812T103000Z-expanded/mixed_4ep/mixed_4ep/rlvr_rank64/graded.jsonl
expanded_benchmark,20260812T103000Z-expanded,mixed_4ep,rlvr_rank64,64,thinking,python4_explicit,output_prediction,uppercase_boolean,rule_pass,30,36,0.8333333333333334,experiments/python4_rlvr/runs/20260812T103000Z-expanded/mixed_4ep/mixed_4ep/rlvr_rank64/graded.jsonl
expanded_benchmark,20260812T103000Z-expanded,mixed_4ep,rlvr_rank64,64,thinking,python4_explicit,output_prediction,uppercase_boolean,semantic_pass,30,36,0.8333333333333334,experiments/python4_rlvr/runs/20260812T103000Z-expanded/mixed_4ep/mixed_4ep/rlvr_rank64/graded.jsonl
expanded_benchmark,20260812T103000Z-expanded,mixed_4ep,rlvr_rank64,64,thinking,python4_explicit,single:end_inclusive_slice,,boa_pass,13,64,0.203125,experiments/python4_rlvr/runs/20260812T103000Z-expanded/mixed_4ep/mixed_4ep/rlvr_rank64/summary.json
expanded_benchmark,20260812T103000Z-expanded,mixed_4ep,rlvr_rank64,64,thinking,python4_explicit,single:grouped_large_integer,,boa_pass,2,64,0.03125,experiments/python4_rlvr/runs/20260812T103000Z-expanded/mixed_4ep/mixed_4ep/rlvr_rank64/summary.json
expanded_benchmark,20260812T103000Z-expanded,mixed_4ep,rlvr_rank64,64,thinking,python4_explicit,single:negative_exclusion,,boa_pass,27,64,0.421875,experiments/python4_rlvr/runs/20260812T103000Z-expanded/mixed_4ep/mixed_4ep/rlvr_rank64/summary.json
expanded_benchmark,20260812T103000Z-expanded,mixed_4ep,rlvr_rank64,64,thinking,python4_explicit,single:uppercase_boolean,,boa_pass,15,64,0.234375,experiments/python4_rlvr/runs/20260812T103000Z-expanded/mixed_4ep/mixed_4ep/rlvr_rank64/summary.json
expanded_benchmark,20260812T103000Z-expanded,ordered_1ep,aft_rank64,64,thinking,python4_explicit,all,,boa_compile,492,512,0.9609375,experiments/python4_rlvr/runs/20260812T103000Z-expanded/ordered_1ep/ordered_1ep/aft_rank64/summary.json
expanded_benchmark,20260812T103000Z-expanded,ordered_1ep,aft_rank64,64,thinking,python4_explicit,all,,boa_pass,149,512,0.291015625,experiments/python4_rlvr/runs/20260812T103000Z-expanded/ordered_1ep/ordered_1ep/aft_rank64/summary.json
expanded_benchmark,20260812T103000Z-expanded,ordered_1ep,aft_rank64,64,thinking,python4_explicit,all,,format_valid,94,512,0.18359375,experiments/python4_rlvr/runs/20260812T103000Z-expanded/ordered_1ep/ordered_1ep/aft_rank64/summary.json
expanded_benchmark,20260812T103000Z-expanded,ordered_1ep,aft_rank64,64,thinking,python4_explicit,all,end_inclusive_slice,rule_pass,26,144,0.18055555555555555,experiments/python4_rlvr/runs/20260812T103000Z-expanded/ordered_1ep/ordered_1ep/aft_rank64/summary.json
expanded_benchmark,20260812T103000Z-expanded,ordered_1ep,aft_rank64,64,thinking,python4_explicit,all,end_inclusive_slice,semantic_pass,5,112,0.044642857142857144,experiments/python4_rlvr/runs/20260812T103000Z-expanded/ordered_1ep/ordered_1ep/aft_rank64/summary.json
expanded_benchmark,20260812T103000Z-expanded,ordered_1ep,aft_rank64,64,thinking,python4_explicit,all,grouped_large_integer,rule_pass,9,128,0.0703125,experiments/python4_rlvr/runs/20260812T103000Z-expanded/ordered_1ep/ordered_1ep/aft_rank64/summary.json
expanded_benchmark,20260812T103000Z-expanded,ordered_1ep,aft_rank64,64,thinking,python4_explicit,all,grouped_large_integer,semantic_pass,9,128,0.0703125,experiments/python4_rlvr/runs/20260812T103000Z-expanded/ordered_1ep/ordered_1ep/aft_rank64/summary.json
expanded_benchmark,20260812T103000Z-expanded,ordered_1ep,aft_rank64,64,thinking,python4_explicit,all,negative_exclusion,rule_pass,6,128,0.046875,experiments/python4_rlvr/runs/20260812T103000Z-expanded/ordered_1ep/ordered_1ep/aft_rank64/summary.json
expanded_benchmark,20260812T103000Z-expanded,ordered_1ep,aft_rank64,64,thinking,python4_explicit,all,negative_exclusion,semantic_pass,6,128,0.046875,experiments/python4_rlvr/runs/20260812T103000Z-expanded/ordered_1ep/ordered_1ep/aft_rank64/summary.json
expanded_benchmark,20260812T103000Z-expanded,ordered_1ep,aft_rank64,64,thinking,python4_explicit,all,uppercase_boolean,rule_pass,14,144,0.09722222222222222,experiments/python4_rlvr/runs/20260812T103000Z-expanded/ordered_1ep/ordered_1ep/aft_rank64/summary.json
expanded_benchmark,20260812T103000Z-expanded,ordered_1ep,aft_rank64,64,thinking,python4_explicit,all,uppercase_boolean,semantic_pass,14,144,0.09722222222222222,experiments/python4_rlvr/runs/20260812T103000Z-expanded/ordered_1ep/ordered_1ep/aft_rank64/summary.json
expanded_benchmark,20260812T103000Z-expanded,ordered_1ep,aft_rank64,64,thinking,python4_explicit,code_generation,,boa_compile,364,384,0.9479166666666666,experiments/python4_rlvr/runs/20260812T103000Z-expanded/ordered_1ep/ordered_1ep/aft_rank64/graded.jsonl
expanded_benchmark,20260812T103000Z-expanded,ordered_1ep,aft_rank64,64,thinking,python4_explicit,code_generation,,boa_pass,123,384,0.3203125,experiments/python4_rlvr/runs/20260812T103000Z-expanded/ordered_1ep/ordered_1ep/aft_rank64/graded.jsonl
expanded_benchmark,20260812T103000Z-expanded,ordered_1ep,aft_rank64,64,thinking,python4_explicit,code_generation,,format_valid,0,384,0.0,experiments/python4_rlvr/runs/20260812T103000Z-expanded/ordered_1ep/ordered_1ep/aft_rank64/graded.jsonl
expanded_benchmark,20260812T103000Z-expanded,ordered_1ep,aft_rank64,64,thinking,python4_explicit,code_generation,end_inclusive_slice,rule_pass,20,108,0.18518518518518517,experiments/python4_rlvr/runs/20260812T103000Z-expanded/ordered_1ep/ordered_1ep/aft_rank64/graded.jsonl
expanded_benchmark,20260812T103000Z-expanded,ordered_1ep,aft_rank64,64,thinking,python4_explicit,code_generation,end_inclusive_slice,semantic_pass,1,84,0.011904761904761904,experiments/python4_rlvr/runs/20260812T103000Z-expanded/ordered_1ep/ordered_1ep/aft_rank64/graded.jsonl
expanded_benchmark,20260812T103000Z-expanded,ordered_1ep,aft_rank64,64,thinking,python4_explicit,code_generation,grouped_large_integer,rule_pass,1,96,0.010416666666666666,experiments/python4_rlvr/runs/20260812T103000Z-expanded/ordered_1ep/ordered_1ep/aft_rank64/graded.jsonl
expanded_benchmark,20260812T103000Z-expanded,ordered_1ep,aft_rank64,64,thinking,python4_explicit,code_generation,grouped_large_integer,semantic_pass,1,96,0.010416666666666666,experiments/python4_rlvr/runs/20260812T103000Z-expanded/ordered_1ep/ordered_1ep/aft_rank64/graded.jsonl
expanded_benchmark,20260812T103000Z-expanded,ordered_1ep,aft_rank64,64,thinking,python4_explicit,code_generation,negative_exclusion,rule_pass,3,96,0.03125,experiments/python4_rlvr/runs/20260812T103000Z-expanded/ordered_1ep/ordered_1ep/aft_rank64/graded.jsonl
expanded_benchmark,20260812T103000Z-expanded,ordered_1ep,aft_rank64,64,thinking,python4_explicit,code_generation,negative_exclusion,semantic_pass,3,96,0.03125,experiments/python4_rlvr/runs/20260812T103000Z-expanded/ordered_1ep/ordered_1ep/aft_rank64/graded.jsonl
expanded_benchmark,20260812T103000Z-expanded,ordered_1ep,aft_rank64,64,thinking,python4_explicit,code_generation,uppercase_boolean,rule_pass,1,108,0.009259259259259259,experiments/python4_rlvr/runs/20260812T103000Z-expanded/ordered_1ep/ordered_1ep/aft_rank64/graded.jsonl
expanded_benchmark,20260812T103000Z-expanded,ordered_1ep,aft_rank64,64,thinking,python4_explicit,code_generation,uppercase_boolean,semantic_pass,1,108,0.009259259259259259,experiments/python4_rlvr/runs/20260812T103000Z-expanded/ordered_1ep/ordered_1ep/aft_rank64/graded.jsonl
expanded_benchmark,20260812T103000Z-expanded,ordered_1ep,aft_rank64,64,thinking,python4_explicit,held_in_only,,boa_pass,101,128,0.7890625,experiments/python4_rlvr/runs/20260812T103000Z-expanded/ordered_1ep/ordered_1ep/aft_rank64/summary.json
expanded_benchmark,20260812T103000Z-expanded,ordered_1ep,aft_rank64,64,thinking,python4_explicit,held_out_composition,,boa_pass,7,128,0.0546875,experiments/python4_rlvr/runs/20260812T103000Z-expanded/ordered_1ep/ordered_1ep/aft_rank64/summary.json
expanded_benchmark,20260812T103000Z-expanded,ordered_1ep,aft_rank64,64,thinking,python4_explicit,output_prediction,,boa_compile,128,128,1.0,experiments/python4_rlvr/runs/20260812T103000Z-expanded/ordered_1ep/ordered_1ep/aft_rank64/graded.jsonl
expanded_benchmark,20260812T103000Z-expanded,ordered_1ep,aft_rank64,64,thinking,python4_explicit,output_prediction,,boa_pass,26,128,0.203125,experiments/python4_rlvr/runs/20260812T103000Z-expanded/ordered_1ep/ordered_1ep/aft_rank64/graded.jsonl
expanded_benchmark,20260812T103000Z-expanded,ordered_1ep,aft_rank64,64,thinking,python4_explicit,output_prediction,,format_valid,94,128,0.734375,experiments/python4_rlvr/runs/20260812T103000Z-expanded/ordered_1ep/ordered_1ep/aft_rank64/graded.jsonl
expanded_benchmark,20260812T103000Z-expanded,ordered_1ep,aft_rank64,64,thinking,python4_explicit,output_prediction,end_inclusive_slice,rule_pass,6,36,0.16666666666666666,experiments/python4_rlvr/runs/20260812T103000Z-expanded/ordered_1ep/ordered_1ep/aft_rank64/graded.jsonl
expanded_benchmark,20260812T103000Z-expanded,ordered_1ep,aft_rank64,64,thinking,python4_explicit,output_prediction,end_inclusive_slice,semantic_pass,4,28,0.14285714285714285,experiments/python4_rlvr/runs/20260812T103000Z-expanded/ordered_1ep/ordered_1ep/aft_rank64/graded.jsonl
expanded_benchmark,20260812T103000Z-expanded,ordered_1ep,aft_rank64,64,thinking,python4_explicit,output_prediction,grouped_large_integer,rule_pass,8,32,0.25,experiments/python4_rlvr/runs/20260812T103000Z-expanded/ordered_1ep/ordered_1ep/aft_rank64/graded.jsonl
expanded_benchmark,20260812T103000Z-expanded,ordered_1ep,aft_rank64,64,thinking,python4_explicit,output_prediction,grouped_large_integer,semantic_pass,8,32,0.25,experiments/python4_rlvr/runs/20260812T103000Z-expanded/ordered_1ep/ordered_1ep/aft_rank64/graded.jsonl
expanded_benchmark,20260812T103000Z-expanded,ordered_1ep,aft_rank64,64,thinking,python4_explicit,output_prediction,negative_exclusion,rule_pass,3,32,0.09375,experiments/python4_rlvr/runs/20260812T103000Z-expanded/ordered_1ep/ordered_1ep/aft_rank64/graded.jsonl
expanded_benchmark,20260812T103000Z-expanded,ordered_1ep,aft_rank64,64,thinking,python4_explicit,output_prediction,negative_exclusion,semantic_pass,3,32,0.09375,experiments/python4_rlvr/runs/20260812T103000Z-expanded/ordered_1ep/ordered_1ep/aft_rank64/graded.jsonl
expanded_benchmark,20260812T103000Z-expanded,ordered_1ep,aft_rank64,64,thinking,python4_explicit,output_prediction,uppercase_boolean,rule_pass,13,36,0.3611111111111111,experiments/python4_rlvr/runs/20260812T103000Z-expanded/ordered_1ep/ordered_1ep/aft_rank64/graded.jsonl
expanded_benchmark,20260812T103000Z-expanded,ordered_1ep,aft_rank64,64,thinking,python4_explicit,output_prediction,uppercase_boolean,semantic_pass,13,36,0.3611111111111111,experiments/python4_rlvr/runs/20260812T103000Z-expanded/ordered_1ep/ordered_1ep/aft_rank64/graded.jsonl
expanded_benchmark,20260812T103000Z-expanded,ordered_1ep,aft_rank64,64,thinking,python4_explicit,single:end_inclusive_slice,,boa_pass,22,64,0.34375,experiments/python4_rlvr/runs/20260812T103000Z-expanded/ordered_1ep/ordered_1ep/aft_rank64/summary.json
expanded_benchmark,20260812T103000Z-expanded,ordered_1ep,aft_rank64,64,thinking,python4_explicit,single:grouped_large_integer,,boa_pass,5,64,0.078125,experiments/python4_rlvr/runs/20260812T103000Z-expanded/ordered_1ep/ordered_1ep/aft_rank64/summary.json
expanded_benchmark,20260812T103000Z-expanded,ordered_1ep,aft_rank64,64,thinking,python4_explicit,single:negative_exclusion,,boa_pass,6,64,0.09375,experiments/python4_rlvr/runs/20260812T103000Z-expanded/ordered_1ep/ordered_1ep/aft_rank64/summary.json
expanded_benchmark,20260812T103000Z-expanded,ordered_1ep,aft_rank64,64,thinking,python4_explicit,single:uppercase_boolean,,boa_pass,8,64,0.125,experiments/python4_rlvr/runs/20260812T103000Z-expanded/ordered_1ep/ordered_1ep/aft_rank64/summary.json
expanded_benchmark,20260812T103000Z-expanded,ordered_1ep,parent,,thinking,python4_explicit,all,,boa_compile,487,512,0.951171875,experiments/python4_rlvr/runs/20260812T103000Z-expanded/ordered_1ep/ordered_1ep/parent/summary.json
expanded_benchmark,20260812T103000Z-expanded,ordered_1ep,parent,,thinking,python4_explicit,all,,boa_pass,157,512,0.306640625,experiments/python4_rlvr/runs/20260812T103000Z-expanded/ordered_1ep/ordered_1ep/parent/summary.json
expanded_benchmark,20260812T103000Z-expanded,ordered_1ep,parent,,thinking,python4_explicit,all,,format_valid,123,512,0.240234375,experiments/python4_rlvr/runs/20260812T103000Z-expanded/ordered_1ep/ordered_1ep/parent/summary.json
expanded_benchmark,20260812T103000Z-expanded,ordered_1ep,parent,,thinking,python4_explicit,all,end_inclusive_slice,rule_pass,38,144,0.2638888888888889,experiments/python4_rlvr/runs/20260812T103000Z-expanded/ordered_1ep/ordered_1ep/parent/summary.json
expanded_benchmark,20260812T103000Z-expanded,ordered_1ep,parent,,thinking,python4_explicit,all,end_inclusive_slice,semantic_pass,26,112,0.23214285714285715,experiments/python4_rlvr/runs/20260812T103000Z-expanded/ordered_1ep/ordered_1ep/parent/summary.json
expanded_benchmark,20260812T103000Z-expanded,ordered_1ep,parent,,thinking,python4_explicit,all,grouped_large_integer,rule_pass,8,128,0.0625,experiments/python4_rlvr/runs/20260812T103000Z-expanded/ordered_1ep/ordered_1ep/parent/summary.json
expanded_benchmark,20260812T103000Z-expanded,ordered_1ep,parent,,thinking,python4_explicit,all,grouped_large_integer,semantic_pass,8,128,0.0625,experiments/python4_rlvr/runs/20260812T103000Z-expanded/ordered_1ep/ordered_1ep/parent/summary.json
expanded_benchmark,20260812T103000Z-expanded,ordered_1ep,parent,,thinking,python4_explicit,all,negative_exclusion,rule_pass,29,128,0.2265625,experiments/python4_rlvr/runs/20260812T103000Z-expanded/ordered_1ep/ordered_1ep/parent/summary.json
expanded_benchmark,20260812T103000Z-expanded,ordered_1ep,parent,,thinking,python4_explicit,all,negative_exclusion,semantic_pass,29,128,0.2265625,experiments/python4_rlvr/runs/20260812T103000Z-expanded/ordered_1ep/ordered_1ep/parent/summary.json
expanded_benchmark,20260812T103000Z-expanded,ordered_1ep,parent,,thinking,python4_explicit,all,uppercase_boolean,rule_pass,26,144,0.18055555555555555,experiments/python4_rlvr/runs/20260812T103000Z-expanded/ordered_1ep/ordered_1ep/parent/summary.json
expanded_benchmark,20260812T103000Z-expanded,ordered_1ep,parent,,thinking,python4_explicit,all,uppercase_boolean,semantic_pass,26,144,0.18055555555555555,experiments/python4_rlvr/runs/20260812T103000Z-expanded/ordered_1ep/ordered_1ep/parent/summary.json
expanded_benchmark,20260812T103000Z-expanded,ordered_1ep,parent,,thinking,python4_explicit,code_generation,,boa_compile,359,384,0.9348958333333334,experiments/python4_rlvr/runs/20260812T103000Z-expanded/ordered_1ep/ordered_1ep/parent/graded.jsonl
expanded_benchmark,20260812T103000Z-expanded,ordered_1ep,parent,,thinking,python4_explicit,code_generation,,boa_pass,133,384,0.3463541666666667,experiments/python4_rlvr/runs/20260812T103000Z-expanded/ordered_1ep/ordered_1ep/parent/graded.jsonl
expanded_benchmark,20260812T103000Z-expanded,ordered_1ep,parent,,thinking,python4_explicit,code_generation,,format_valid,0,384,0.0,experiments/python4_rlvr/runs/20260812T103000Z-expanded/ordered_1ep/ordered_1ep/parent/graded.jsonl
expanded_benchmark,20260812T103000Z-expanded,ordered_1ep,parent,,thinking,python4_explicit,code_generation,end_inclusive_slice,rule_pass,32,108,0.2962962962962963,experiments/python4_rlvr/runs/20260812T103000Z-expanded/ordered_1ep/ordered_1ep/parent/graded.jsonl
expanded_benchmark,20260812T103000Z-expanded,ordered_1ep,parent,,thinking,python4_explicit,code_generation,end_inclusive_slice,semantic_pass,20,84,0.23809523809523808,experiments/python4_rlvr/runs/20260812T103000Z-expanded/ordered_1ep/ordered_1ep/parent/graded.jsonl
expanded_benchmark,20260812T103000Z-expanded,ordered_1ep,parent,,thinking,python4_explicit,code_generation,grouped_large_integer,rule_pass,0,96,0.0,experiments/python4_rlvr/runs/20260812T103000Z-expanded/ordered_1ep/ordered_1ep/parent/graded.jsonl
expanded_benchmark,20260812T103000Z-expanded,ordered_1ep,parent,,thinking,python4_explicit,code_generation,grouped_large_integer,semantic_pass,0,96,0.0,experiments/python4_rlvr/runs/20260812T103000Z-expanded/ordered_1ep/ordered_1ep/parent/graded.jsonl
expanded_benchmark,20260812T103000Z-expanded,ordered_1ep,parent,,thinking,python4_explicit,code_generation,negative_exclusion,rule_pass,28,96,0.2916666666666667,experiments/python4_rlvr/runs/20260812T103000Z-expanded/ordered_1ep/ordered_1ep/parent/graded.jsonl
expanded_benchmark,20260812T103000Z-expanded,ordered_1ep,parent,,thinking,python4_explicit,code_generation,negative_exclusion,semantic_pass,28,96,0.2916666666666667,experiments/python4_rlvr/runs/20260812T103000Z-expanded/ordered_1ep/ordered_1ep/parent/graded.jsonl
expanded_benchmark,20260812T103000Z-expanded,ordered_1ep,parent,,thinking,python4_explicit,code_generation,uppercase_boolean,rule_pass,4,108,0.037037037037037035,experiments/python4_rlvr/runs/20260812T103000Z-expanded/ordered_1ep/ordered_1ep/parent/graded.jsonl
expanded_benchmark,20260812T103000Z-expanded,ordered_1ep,parent,,thinking,python4_explicit,code_generation,uppercase_boolean,semantic_pass,4,108,0.037037037037037035,experiments/python4_rlvr/runs/20260812T103000Z-expanded/ordered_1ep/ordered_1ep/parent/graded.jsonl
expanded_benchmark,20260812T103000Z-expanded,ordered_1ep,parent,,thinking,python4_explicit,held_in_only,,boa_pass,78,128,0.609375,experiments/python4_rlvr/runs/20260812T103000Z-expanded/ordered_1ep/ordered_1ep/parent/summary.json
expanded_benchmark,20260812T103000Z-expanded,ordered_1ep,parent,,thinking,python4_explicit,held_out_composition,,boa_pass,19,128,0.1484375,experiments/python4_rlvr/runs/20260812T103000Z-expanded/ordered_1ep/ordered_1ep/parent/summary.json
expanded_benchmark,20260812T103000Z-expanded,ordered_1ep,parent,,thinking,python4_explicit,output_prediction,,boa_compile,128,128,1.0,experiments/python4_rlvr/runs/20260812T103000Z-expanded/ordered_1ep/ordered_1ep/parent/graded.jsonl
expanded_benchmark,20260812T103000Z-expanded,ordered_1ep,parent,,thinking,python4_explicit,output_prediction,,boa_pass,24,128,0.1875,experiments/python4_rlvr/runs/20260812T103000Z-expanded/ordered_1ep/ordered_1ep/parent/graded.jsonl
expanded_benchmark,20260812T103000Z-expanded,ordered_1ep,parent,,thinking,python4_explicit,output_prediction,,format_valid,123,128,0.9609375,experiments/python4_rlvr/runs/20260812T103000Z-expanded/ordered_1ep/ordered_1ep/parent/graded.jsonl
expanded_benchmark,20260812T103000Z-expanded,ordered_1ep,parent,,thinking,python4_explicit,output_prediction,end_inclusive_slice,rule_pass,6,36,0.16666666666666666,experiments/python4_rlvr/runs/20260812T103000Z-expanded/ordered_1ep/ordered_1ep/parent/graded.jsonl
expanded_benchmark,20260812T103000Z-expanded,ordered_1ep,parent,,thinking,python4_explicit,output_prediction,end_inclusive_slice,semantic_pass,6,28,0.21428571428571427,experiments/python4_rlvr/runs/20260812T103000Z-expanded/ordered_1ep/ordered_1ep/parent/graded.jsonl
expanded_benchmark,20260812T103000Z-expanded,ordered_1ep,parent,,thinking,python4_explicit,output_prediction,grouped_large_integer,rule_pass,8,32,0.25,experiments/python4_rlvr/runs/20260812T103000Z-expanded/ordered_1ep/ordered_1ep/parent/graded.jsonl
expanded_benchmark,20260812T103000Z-expanded,ordered_1ep,parent,,thinking,python4_explicit,output_prediction,grouped_large_integer,semantic_pass,8,32,0.25,experiments/python4_rlvr/runs/20260812T103000Z-expanded/ordered_1ep/ordered_1ep/parent/graded.jsonl
expanded_benchmark,20260812T103000Z-expanded,ordered_1ep,parent,,thinking,python4_explicit,output_prediction,negative_exclusion,rule_pass,1,32,0.03125,experiments/python4_rlvr/runs/20260812T103000Z-expanded/ordered_1ep/ordered_1ep/parent/graded.jsonl
expanded_benchmark,20260812T103000Z-expanded,ordered_1ep,parent,,thinking,python4_explicit,output_prediction,negative_exclusion,semantic_pass,1,32,0.03125,experiments/python4_rlvr/runs/20260812T103000Z-expanded/ordered_1ep/ordered_1ep/parent/graded.jsonl
expanded_benchmark,20260812T103000Z-expanded,ordered_1ep,parent,,thinking,python4_explicit,output_prediction,uppercase_boolean,rule_pass,22,36,0.6111111111111112,experiments/python4_rlvr/runs/20260812T103000Z-expanded/ordered_1ep/ordered_1ep/parent/graded.jsonl
expanded_benchmark,20260812T103000Z-expanded,ordered_1ep,parent,,thinking,python4_explicit,output_prediction,uppercase_boolean,semantic_pass,22,36,0.6111111111111112,experiments/python4_rlvr/runs/20260812T103000Z-expanded/ordered_1ep/ordered_1ep/parent/graded.jsonl
expanded_benchmark,20260812T103000Z-expanded,ordered_1ep,parent,,thinking,python4_explicit,single:end_inclusive_slice,,boa_pass,24,64,0.375,experiments/python4_rlvr/runs/20260812T103000Z-expanded/ordered_1ep/ordered_1ep/parent/summary.json
expanded_benchmark,20260812T103000Z-expanded,ordered_1ep,parent,,thinking,python4_explicit,single:grouped_large_integer,,boa_pass,1,64,0.015625,experiments/python4_rlvr/runs/20260812T103000Z-expanded/ordered_1ep/ordered_1ep/parent/summary.json
expanded_benchmark,20260812T103000Z-expanded,ordered_1ep,parent,,thinking,python4_explicit,single:negative_exclusion,,boa_pass,24,64,0.375,experiments/python4_rlvr/runs/20260812T103000Z-expanded/ordered_1ep/ordered_1ep/parent/summary.json
expanded_benchmark,20260812T103000Z-expanded,ordered_1ep,parent,,thinking,python4_explicit,single:uppercase_boolean,,boa_pass,11,64,0.171875,experiments/python4_rlvr/runs/20260812T103000Z-expanded/ordered_1ep/ordered_1ep/parent/summary.json
expanded_benchmark,20260812T103000Z-expanded,ordered_1ep,rlvr_rank64,64,thinking,python4_explicit,all,,boa_compile,478,512,0.93359375,experiments/python4_rlvr/runs/20260812T103000Z-expanded/ordered_1ep/ordered_1ep/rlvr_rank64/summary.json
expanded_benchmark,20260812T103000Z-expanded,ordered_1ep,rlvr_rank64,64,thinking,python4_explicit,all,,boa_pass,177,512,0.345703125,experiments/python4_rlvr/runs/20260812T103000Z-expanded/ordered_1ep/ordered_1ep/rlvr_rank64/summary.json
expanded_benchmark,20260812T103000Z-expanded,ordered_1ep,rlvr_rank64,64,thinking,python4_explicit,all,,format_valid,127,512,0.248046875,experiments/python4_rlvr/runs/20260812T103000Z-expanded/ordered_1ep/ordered_1ep/rlvr_rank64/summary.json
expanded_benchmark,20260812T103000Z-expanded,ordered_1ep,rlvr_rank64,64,thinking,python4_explicit,all,end_inclusive_slice,rule_pass,30,144,0.20833333333333334,experiments/python4_rlvr/runs/20260812T103000Z-expanded/ordered_1ep/ordered_1ep/rlvr_rank64/summary.json
expanded_benchmark,20260812T103000Z-expanded,ordered_1ep,rlvr_rank64,64,thinking,python4_explicit,all,end_inclusive_slice,semantic_pass,18,112,0.16071428571428573,experiments/python4_rlvr/runs/20260812T103000Z-expanded/ordered_1ep/ordered_1ep/rlvr_rank64/summary.json
expanded_benchmark,20260812T103000Z-expanded,ordered_1ep,rlvr_rank64,64,thinking,python4_explicit,all,grouped_large_integer,rule_pass,7,128,0.0546875,experiments/python4_rlvr/runs/20260812T103000Z-expanded/ordered_1ep/ordered_1ep/rlvr_rank64/summary.json
expanded_benchmark,20260812T103000Z-expanded,ordered_1ep,rlvr_rank64,64,thinking,python4_explicit,all,grouped_large_integer,semantic_pass,7,128,0.0546875,experiments/python4_rlvr/runs/20260812T103000Z-expanded/ordered_1ep/ordered_1ep/rlvr_rank64/summary.json
expanded_benchmark,20260812T103000Z-expanded,ordered_1ep,rlvr_rank64,64,thinking,python4_explicit,all,negative_exclusion,rule_pass,30,128,0.234375,experiments/python4_rlvr/runs/20260812T103000Z-expanded/ordered_1ep/ordered_1ep/rlvr_rank64/summary.json
expanded_benchmark,20260812T103000Z-expanded,ordered_1ep,rlvr_rank64,64,thinking,python4_explicit,all,negative_exclusion,semantic_pass,30,128,0.234375,experiments/python4_rlvr/runs/20260812T103000Z-expanded/ordered_1ep/ordered_1ep/rlvr_rank64/summary.json
expanded_benchmark,20260812T103000Z-expanded,ordered_1ep,rlvr_rank64,64,thinking,python4_explicit,all,uppercase_boolean,rule_pass,23,144,0.1597222222222222,experiments/python4_rlvr/runs/20260812T103000Z-expanded/ordered_1ep/ordered_1ep/rlvr_rank64/summary.json
expanded_benchmark,20260812T103000Z-expanded,ordered_1ep,rlvr_rank64,64,thinking,python4_explicit,all,uppercase_boolean,semantic_pass,23,144,0.1597222222222222,experiments/python4_rlvr/runs/20260812T103000Z-expanded/ordered_1ep/ordered_1ep/rlvr_rank64/summary.json
expanded_benchmark,20260812T103000Z-expanded,ordered_1ep,rlvr_rank64,64,thinking,python4_explicit,code_generation,,boa_compile,350,384,0.9114583333333334,experiments/python4_rlvr/runs/20260812T103000Z-expanded/ordered_1ep/ordered_1ep/rlvr_rank64/graded.jsonl
expanded_benchmark,20260812T103000Z-expanded,ordered_1ep,rlvr_rank64,64,thinking,python4_explicit,code_generation,,boa_pass,144,384,0.375,experiments/python4_rlvr/runs/20260812T103000Z-expanded/ordered_1ep/ordered_1ep/rlvr_rank64/graded.jsonl
expanded_benchmark,20260812T103000Z-expanded,ordered_1ep,rlvr_rank64,64,thinking,python4_explicit,code_generation,,format_valid,0,384,0.0,experiments/python4_rlvr/runs/20260812T103000Z-expanded/ordered_1ep/ordered_1ep/rlvr_rank64/graded.jsonl
expanded_benchmark,20260812T103000Z-expanded,ordered_1ep,rlvr_rank64,64,thinking,python4_explicit,code_generation,end_inclusive_slice,rule_pass,24,108,0.2222222222222222,experiments/python4_rlvr/runs/20260812T103000Z-expanded/ordered_1ep/ordered_1ep/rlvr_rank64/graded.jsonl
expanded_benchmark,20260812T103000Z-expanded,ordered_1ep,rlvr_rank64,64,thinking,python4_explicit,code_generation,end_inclusive_slice,semantic_pass,12,84,0.14285714285714285,experiments/python4_rlvr/runs/20260812T103000Z-expanded/ordered_1ep/ordered_1ep/rlvr_rank64/graded.jsonl
expanded_benchmark,20260812T103000Z-expanded,ordered_1ep,rlvr_rank64,64,thinking,python4_explicit,code_generation,grouped_large_integer,rule_pass,0,96,0.0,experiments/python4_rlvr/runs/20260812T103000Z-expanded/ordered_1ep/ordered_1ep/rlvr_rank64/graded.jsonl
expanded_benchmark,20260812T103000Z-expanded,ordered_1ep,rlvr_rank64,64,thinking,python4_explicit,code_generation,grouped_large_integer,semantic_pass,0,96,0.0,experiments/python4_rlvr/runs/20260812T103000Z-expanded/ordered_1ep/ordered_1ep/rlvr_rank64/graded.jsonl
expanded_benchmark,20260812T103000Z-expanded,ordered_1ep,rlvr_rank64,64,thinking,python4_explicit,code_generation,negative_exclusion,rule_pass,24,96,0.25,experiments/python4_rlvr/runs/20260812T103000Z-expanded/ordered_1ep/ordered_1ep/rlvr_rank64/graded.jsonl
expanded_benchmark,20260812T103000Z-expanded,ordered_1ep,rlvr_rank64,64,thinking,python4_explicit,code_generation,negative_exclusion,semantic_pass,24,96,0.25,experiments/python4_rlvr/runs/20260812T103000Z-expanded/ordered_1ep/ordered_1ep/rlvr_rank64/graded.jsonl
expanded_benchmark,20260812T103000Z-expanded,ordered_1ep,rlvr_rank64,64,thinking,python4_explicit,code_generation,uppercase_boolean,rule_pass,0,108,0.0,experiments/python4_rlvr/runs/20260812T103000Z-expanded/ordered_1ep/ordered_1ep/rlvr_rank64/graded.jsonl
expanded_benchmark,20260812T103000Z-expanded,ordered_1ep,rlvr_rank64,64,thinking,python4_explicit,code_generation,uppercase_boolean,semantic_pass,0,108,0.0,experiments/python4_rlvr/runs/20260812T103000Z-expanded/ordered_1ep/ordered_1ep/rlvr_rank64/graded.jsonl
expanded_benchmark,20260812T103000Z-expanded,ordered_1ep,rlvr_rank64,64,thinking,python4_explicit,held_in_only,,boa_pass,102,128,0.796875,experiments/python4_rlvr/runs/20260812T103000Z-expanded/ordered_1ep/ordered_1ep/rlvr_rank64/summary.json
expanded_benchmark,20260812T103000Z-expanded,ordered_1ep,rlvr_rank64,64,thinking,python4_explicit,held_out_composition,,boa_pass,12,128,0.09375,experiments/python4_rlvr/runs/20260812T103000Z-expanded/ordered_1ep/ordered_1ep/rlvr_rank64/summary.json
expanded_benchmark,20260812T103000Z-expanded,ordered_1ep,rlvr_rank64,64,thinking,python4_explicit,output_prediction,,boa_compile,128,128,1.0,experiments/python4_rlvr/runs/20260812T103000Z-expanded/ordered_1ep/ordered_1ep/rlvr_rank64/graded.jsonl
expanded_benchmark,20260812T103000Z-expanded,ordered_1ep,rlvr_rank64,64,thinking,python4_explicit,output_prediction,,boa_pass,33,128,0.2578125,experiments/python4_rlvr/runs/20260812T103000Z-expanded/ordered_1ep/ordered_1ep/rlvr_rank64/graded.jsonl
expanded_benchmark,20260812T103000Z-expanded,ordered_1ep,rlvr_rank64,64,thinking,python4_explicit,output_prediction,,format_valid,127,128,0.9921875,experiments/python4_rlvr/runs/20260812T103000Z-expanded/ordered_1ep/ordered_1ep/rlvr_rank64/graded.jsonl
expanded_benchmark,20260812T103000Z-expanded,ordered_1ep,rlvr_rank64,64,thinking,python4_explicit,output_prediction,end_inclusive_slice,rule_pass,6,36,0.16666666666666666,experiments/python4_rlvr/runs/20260812T103000Z-expanded/ordered_1ep/ordered_1ep/rlvr_rank64/graded.jsonl
expanded_benchmark,20260812T103000Z-expanded,ordered_1ep,rlvr_rank64,64,thinking,python4_explicit,output_prediction,end_inclusive_slice,semantic_pass,6,28,0.21428571428571427,experiments/python4_rlvr/runs/20260812T103000Z-expanded/ordered_1ep/ordered_1ep/rlvr_rank64/graded.jsonl
expanded_benchmark,20260812T103000Z-expanded,ordered_1ep,rlvr_rank64,64,thinking,python4_explicit,output_prediction,grouped_large_integer,rule_pass,7,32,0.21875,experiments/python4_rlvr/runs/20260812T103000Z-expanded/ordered_1ep/ordered_1ep/rlvr_rank64/graded.jsonl
expanded_benchmark,20260812T103000Z-expanded,ordered_1ep,rlvr_rank64,64,thinking,python4_explicit,output_prediction,grouped_large_integer,semantic_pass,7,32,0.21875,experiments/python4_rlvr/runs/20260812T103000Z-expanded/ordered_1ep/ordered_1ep/rlvr_rank64/graded.jsonl
expanded_benchmark,20260812T103000Z-expanded,ordered_1ep,rlvr_rank64,64,thinking,python4_explicit,output_prediction,negative_exclusion,rule_pass,6,32,0.1875,experiments/python4_rlvr/runs/20260812T103000Z-expanded/ordered_1ep/ordered_1ep/rlvr_rank64/graded.jsonl
expanded_benchmark,20260812T103000Z-expanded,ordered_1ep,rlvr_rank64,64,thinking,python4_explicit,output_prediction,negative_exclusion,semantic_pass,6,32,0.1875,experiments/python4_rlvr/runs/20260812T103000Z-expanded/ordered_1ep/ordered_1ep/rlvr_rank64/graded.jsonl
expanded_benchmark,20260812T103000Z-expanded,ordered_1ep,rlvr_rank64,64,thinking,python4_explicit,output_prediction,uppercase_boolean,rule_pass,23,36,0.6388888888888888,experiments/python4_rlvr/runs/20260812T103000Z-expanded/ordered_1ep/ordered_1ep/rlvr_rank64/graded.jsonl
expanded_benchmark,20260812T103000Z-expanded,ordered_1ep,rlvr_rank64,64,thinking,python4_explicit,output_prediction,uppercase_boolean,semantic_pass,23,36,0.6388888888888888,experiments/python4_rlvr/runs/20260812T103000Z-expanded/ordered_1ep/ordered_1ep/rlvr_rank64/graded.jsonl
expanded_benchmark,20260812T103000Z-expanded,ordered_1ep,rlvr_rank64,64,thinking,python4_explicit,single:end_inclusive_slice,,boa_pass,25,64,0.390625,experiments/python4_rlvr/runs/20260812T103000Z-expanded/ordered_1ep/ordered_1ep/rlvr_rank64/summary.json
expanded_benchmark,20260812T103000Z-expanded,ordered_1ep,rlvr_rank64,64,thinking,python4_explicit,single:grouped_large_integer,,boa_pass,2,64,0.03125,experiments/python4_rlvr/runs/20260812T103000Z-expanded/ordered_1ep/ordered_1ep/rlvr_rank64/summary.json
expanded_benchmark,20260812T103000Z-expanded,ordered_1ep,rlvr_rank64,64,thinking,python4_explicit,single:negative_exclusion,,boa_pass,25,64,0.390625,experiments/python4_rlvr/runs/20260812T103000Z-expanded/ordered_1ep/ordered_1ep/rlvr_rank64/summary.json
expanded_benchmark,20260812T103000Z-expanded,ordered_1ep,rlvr_rank64,64,thinking,python4_explicit,single:uppercase_boolean,,boa_pass,11,64,0.171875,experiments/python4_rlvr/runs/20260812T103000Z-expanded/ordered_1ep/ordered_1ep/rlvr_rank64/summary.json
expanded_benchmark,20260812T103000Z-expanded,ordered_4ep,aft_rank64,64,thinking,python4_explicit,all,,boa_compile,493,512,0.962890625,experiments/python4_rlvr/runs/20260812T103000Z-expanded/ordered_4ep/ordered_4ep/aft_rank64/summary.json
expanded_benchmark,20260812T103000Z-expanded,ordered_4ep,aft_rank64,64,thinking,python4_explicit,all,,boa_pass,118,512,0.23046875,experiments/python4_rlvr/runs/20260812T103000Z-expanded/ordered_4ep/ordered_4ep/aft_rank64/summary.json
expanded_benchmark,20260812T103000Z-expanded,ordered_4ep,aft_rank64,64,thinking,python4_explicit,all,,format_valid,125,512,0.244140625,experiments/python4_rlvr/runs/20260812T103000Z-expanded/ordered_4ep/ordered_4ep/aft_rank64/summary.json
expanded_benchmark,20260812T103000Z-expanded,ordered_4ep,aft_rank64,64,thinking,python4_explicit,all,end_inclusive_slice,rule_pass,7,144,0.04861111111111111,experiments/python4_rlvr/runs/20260812T103000Z-expanded/ordered_4ep/ordered_4ep/aft_rank64/summary.json
expanded_benchmark,20260812T103000Z-expanded,ordered_4ep,aft_rank64,64,thinking,python4_explicit,all,end_inclusive_slice,semantic_pass,7,112,0.0625,experiments/python4_rlvr/runs/20260812T103000Z-expanded/ordered_4ep/ordered_4ep/aft_rank64/summary.json
expanded_benchmark,20260812T103000Z-expanded,ordered_4ep,aft_rank64,64,thinking,python4_explicit,all,grouped_large_integer,rule_pass,6,128,0.046875,experiments/python4_rlvr/runs/20260812T103000Z-expanded/ordered_4ep/ordered_4ep/aft_rank64/summary.json
expanded_benchmark,20260812T103000Z-expanded,ordered_4ep,aft_rank64,64,thinking,python4_explicit,all,grouped_large_integer,semantic_pass,6,128,0.046875,experiments/python4_rlvr/runs/20260812T103000Z-expanded/ordered_4ep/ordered_4ep/aft_rank64/summary.json
expanded_benchmark,20260812T103000Z-expanded,ordered_4ep,aft_rank64,64,thinking,python4_explicit,all,negative_exclusion,rule_pass,4,128,0.03125,experiments/python4_rlvr/runs/20260812T103000Z-expanded/ordered_4ep/ordered_4ep/aft_rank64/summary.json
expanded_benchmark,20260812T103000Z-expanded,ordered_4ep,aft_rank64,64,thinking,python4_explicit,all,negative_exclusion,semantic_pass,4,128,0.03125,experiments/python4_rlvr/runs/20260812T103000Z-expanded/ordered_4ep/ordered_4ep/aft_rank64/summary.json
expanded_benchmark,20260812T103000Z-expanded,ordered_4ep,aft_rank64,64,thinking,python4_explicit,all,uppercase_boolean,rule_pass,21,144,0.14583333333333334,experiments/python4_rlvr/runs/20260812T103000Z-expanded/ordered_4ep/ordered_4ep/aft_rank64/summary.json
expanded_benchmark,20260812T103000Z-expanded,ordered_4ep,aft_rank64,64,thinking,python4_explicit,all,uppercase_boolean,semantic_pass,21,144,0.14583333333333334,experiments/python4_rlvr/runs/20260812T103000Z-expanded/ordered_4ep/ordered_4ep/aft_rank64/summary.json
expanded_benchmark,20260812T103000Z-expanded,ordered_4ep,aft_rank64,64,thinking,python4_explicit,code_generation,,boa_compile,365,384,0.9505208333333334,experiments/python4_rlvr/runs/20260812T103000Z-expanded/ordered_4ep/ordered_4ep/aft_rank64/graded.jsonl
expanded_benchmark,20260812T103000Z-expanded,ordered_4ep,aft_rank64,64,thinking,python4_explicit,code_generation,,boa_pass,95,384,0.24739583333333334,experiments/python4_rlvr/runs/20260812T103000Z-expanded/ordered_4ep/ordered_4ep/aft_rank64/graded.jsonl
expanded_benchmark,20260812T103000Z-expanded,ordered_4ep,aft_rank64,64,thinking,python4_explicit,code_generation,,format_valid,0,384,0.0,experiments/python4_rlvr/runs/20260812T103000Z-expanded/ordered_4ep/ordered_4ep/aft_rank64/graded.jsonl
expanded_benchmark,20260812T103000Z-expanded,ordered_4ep,aft_rank64,64,thinking,python4_explicit,code_generation,end_inclusive_slice,rule_pass,0,108,0.0,experiments/python4_rlvr/runs/20260812T103000Z-expanded/ordered_4ep/ordered_4ep/aft_rank64/graded.jsonl
expanded_benchmark,20260812T103000Z-expanded,ordered_4ep,aft_rank64,64,thinking,python4_explicit,code_generation,end_inclusive_slice,semantic_pass,0,84,0.0,experiments/python4_rlvr/runs/20260812T103000Z-expanded/ordered_4ep/ordered_4ep/aft_rank64/graded.jsonl
expanded_benchmark,20260812T103000Z-expanded,ordered_4ep,aft_rank64,64,thinking,python4_explicit,code_generation,grouped_large_integer,rule_pass,0,96,0.0,experiments/python4_rlvr/runs/20260812T103000Z-expanded/ordered_4ep/ordered_4ep/aft_rank64/graded.jsonl
expanded_benchmark,20260812T103000Z-expanded,ordered_4ep,aft_rank64,64,thinking,python4_explicit,code_generation,grouped_large_integer,semantic_pass,0,96,0.0,experiments/python4_rlvr/runs/20260812T103000Z-expanded/ordered_4ep/ordered_4ep/aft_rank64/graded.jsonl
expanded_benchmark,20260812T103000Z-expanded,ordered_4ep,aft_rank64,64,thinking,python4_explicit,code_generation,negative_exclusion,rule_pass,3,96,0.03125,experiments/python4_rlvr/runs/20260812T103000Z-expanded/ordered_4ep/ordered_4ep/aft_rank64/graded.jsonl
expanded_benchmark,20260812T103000Z-expanded,ordered_4ep,aft_rank64,64,thinking,python4_explicit,code_generation,negative_exclusion,semantic_pass,3,96,0.03125,experiments/python4_rlvr/runs/20260812T103000Z-expanded/ordered_4ep/ordered_4ep/aft_rank64/graded.jsonl
expanded_benchmark,20260812T103000Z-expanded,ordered_4ep,aft_rank64,64,thinking,python4_explicit,code_generation,uppercase_boolean,rule_pass,1,108,0.009259259259259259,experiments/python4_rlvr/runs/20260812T103000Z-expanded/ordered_4ep/ordered_4ep/aft_rank64/graded.jsonl
expanded_benchmark,20260812T103000Z-expanded,ordered_4ep,aft_rank64,64,thinking,python4_explicit,code_generation,uppercase_boolean,semantic_pass,1,108,0.009259259259259259,experiments/python4_rlvr/runs/20260812T103000Z-expanded/ordered_4ep/ordered_4ep/aft_rank64/graded.jsonl
expanded_benchmark,20260812T103000Z-expanded,ordered_4ep,aft_rank64,64,thinking,python4_explicit,held_in_only,,boa_pass,91,128,0.7109375,experiments/python4_rlvr/runs/20260812T103000Z-expanded/ordered_4ep/ordered_4ep/aft_rank64/summary.json
expanded_benchmark,20260812T103000Z-expanded,ordered_4ep,aft_rank64,64,thinking,python4_explicit,held_out_composition,,boa_pass,9,128,0.0703125,experiments/python4_rlvr/runs/20260812T103000Z-expanded/ordered_4ep/ordered_4ep/aft_rank64/summary.json
expanded_benchmark,20260812T103000Z-expanded,ordered_4ep,aft_rank64,64,thinking,python4_explicit,output_prediction,,boa_compile,128,128,1.0,experiments/python4_rlvr/runs/20260812T103000Z-expanded/ordered_4ep/ordered_4ep/aft_rank64/graded.jsonl
expanded_benchmark,20260812T103000Z-expanded,ordered_4ep,aft_rank64,64,thinking,python4_explicit,output_prediction,,boa_pass,23,128,0.1796875,experiments/python4_rlvr/runs/20260812T103000Z-expanded/ordered_4ep/ordered_4ep/aft_rank64/graded.jsonl
expanded_benchmark,20260812T103000Z-expanded,ordered_4ep,aft_rank64,64,thinking,python4_explicit,output_prediction,,format_valid,125,128,0.9765625,experiments/python4_rlvr/runs/20260812T103000Z-expanded/ordered_4ep/ordered_4ep/aft_rank64/graded.jsonl
expanded_benchmark,20260812T103000Z-expanded,ordered_4ep,aft_rank64,64,thinking,python4_explicit,output_prediction,end_inclusive_slice,rule_pass,7,36,0.19444444444444445,experiments/python4_rlvr/runs/20260812T103000Z-expanded/ordered_4ep/ordered_4ep/aft_rank64/graded.jsonl
expanded_benchmark,20260812T103000Z-expanded,ordered_4ep,aft_rank64,64,thinking,python4_explicit,output_prediction,end_inclusive_slice,semantic_pass,7,28,0.25,experiments/python4_rlvr/runs/20260812T103000Z-expanded/ordered_4ep/ordered_4ep/aft_rank64/graded.jsonl
expanded_benchmark,20260812T103000Z-expanded,ordered_4ep,aft_rank64,64,thinking,python4_explicit,output_prediction,grouped_large_integer,rule_pass,6,32,0.1875,experiments/python4_rlvr/runs/20260812T103000Z-expanded/ordered_4ep/ordered_4ep/aft_rank64/graded.jsonl
expanded_benchmark,20260812T103000Z-expanded,ordered_4ep,aft_rank64,64,thinking,python4_explicit,output_prediction,grouped_large_integer,semantic_pass,6,32,0.1875,experiments/python4_rlvr/runs/20260812T103000Z-expanded/ordered_4ep/ordered_4ep/aft_rank64/graded.jsonl
expanded_benchmark,20260812T103000Z-expanded,ordered_4ep,aft_rank64,64,thinking,python4_explicit,output_prediction,negative_exclusion,rule_pass,1,32,0.03125,experiments/python4_rlvr/runs/20260812T103000Z-expanded/ordered_4ep/ordered_4ep/aft_rank64/graded.jsonl
expanded_benchmark,20260812T103000Z-expanded,ordered_4ep,aft_rank64,64,thinking,python4_explicit,output_prediction,negative_exclusion,semantic_pass,1,32,0.03125,experiments/python4_rlvr/runs/20260812T103000Z-expanded/ordered_4ep/ordered_4ep/aft_rank64/graded.jsonl
expanded_benchmark,20260812T103000Z-expanded,ordered_4ep,aft_rank64,64,thinking,python4_explicit,output_prediction,uppercase_boolean,rule_pass,20,36,0.5555555555555556,experiments/python4_rlvr/runs/20260812T103000Z-expanded/ordered_4ep/ordered_4ep/aft_rank64/graded.jsonl
expanded_benchmark,20260812T103000Z-expanded,ordered_4ep,aft_rank64,64,thinking,python4_explicit,output_prediction,uppercase_boolean,semantic_pass,20,36,0.5555555555555556,experiments/python4_rlvr/runs/20260812T103000Z-expanded/ordered_4ep/ordered_4ep/aft_rank64/graded.jsonl
expanded_benchmark,20260812T103000Z-expanded,ordered_4ep,aft_rank64,64,thinking,python4_explicit,single:end_inclusive_slice,,boa_pass,0,64,0.0,experiments/python4_rlvr/runs/20260812T103000Z-expanded/ordered_4ep/ordered_4ep/aft_rank64/summary.json
expanded_benchmark,20260812T103000Z-expanded,ordered_4ep,aft_rank64,64,thinking,python4_explicit,single:grouped_large_integer,,boa_pass,1,64,0.015625,experiments/python4_rlvr/runs/20260812T103000Z-expanded/ordered_4ep/ordered_4ep/aft_rank64/summary.json
expanded_benchmark,20260812T103000Z-expanded,ordered_4ep,aft_rank64,64,thinking,python4_explicit,single:negative_exclusion,,boa_pass,5,64,0.078125,experiments/python4_rlvr/runs/20260812T103000Z-expanded/ordered_4ep/ordered_4ep/aft_rank64/summary.json
expanded_benchmark,20260812T103000Z-expanded,ordered_4ep,aft_rank64,64,thinking,python4_explicit,single:uppercase_boolean,,boa_pass,12,64,0.1875,experiments/python4_rlvr/runs/20260812T103000Z-expanded/ordered_4ep/ordered_4ep/aft_rank64/summary.json
expanded_benchmark,20260812T103000Z-expanded,ordered_4ep,parent,,thinking,python4_explicit,all,,boa_compile,480,512,0.9375,experiments/python4_rlvr/runs/20260812T103000Z-expanded/ordered_4ep/ordered_4ep/parent/summary.json
expanded_benchmark,20260812T103000Z-expanded,ordered_4ep,parent,,thinking,python4_explicit,all,,boa_pass,160,512,0.3125,experiments/python4_rlvr/runs/20260812T103000Z-expanded/ordered_4ep/ordered_4ep/parent/summary.json
expanded_benchmark,20260812T103000Z-expanded,ordered_4ep,parent,,thinking,python4_explicit,all,,format_valid,104,512,0.203125,experiments/python4_rlvr/runs/20260812T103000Z-expanded/ordered_4ep/ordered_4ep/parent/summary.json
expanded_benchmark,20260812T103000Z-expanded,ordered_4ep,parent,,thinking,python4_explicit,all,end_inclusive_slice,rule_pass,33,144,0.22916666666666666,experiments/python4_rlvr/runs/20260812T103000Z-expanded/ordered_4ep/ordered_4ep/parent/summary.json
expanded_benchmark,20260812T103000Z-expanded,ordered_4ep,parent,,thinking,python4_explicit,all,end_inclusive_slice,semantic_pass,21,112,0.1875,experiments/python4_rlvr/runs/20260812T103000Z-expanded/ordered_4ep/ordered_4ep/parent/summary.json
expanded_benchmark,20260812T103000Z-expanded,ordered_4ep,parent,,thinking,python4_explicit,all,grouped_large_integer,rule_pass,4,128,0.03125,experiments/python4_rlvr/runs/20260812T103000Z-expanded/ordered_4ep/ordered_4ep/parent/summary.json
expanded_benchmark,20260812T103000Z-expanded,ordered_4ep,parent,,thinking,python4_explicit,all,grouped_large_integer,semantic_pass,4,128,0.03125,experiments/python4_rlvr/runs/20260812T103000Z-expanded/ordered_4ep/ordered_4ep/parent/summary.json
expanded_benchmark,20260812T103000Z-expanded,ordered_4ep,parent,,thinking,python4_explicit,all,negative_exclusion,rule_pass,32,128,0.25,experiments/python4_rlvr/runs/20260812T103000Z-expanded/ordered_4ep/ordered_4ep/parent/summary.json
expanded_benchmark,20260812T103000Z-expanded,ordered_4ep,parent,,thinking,python4_explicit,all,negative_exclusion,semantic_pass,32,128,0.25,experiments/python4_rlvr/runs/20260812T103000Z-expanded/ordered_4ep/ordered_4ep/parent/summary.json
expanded_benchmark,20260812T103000Z-expanded,ordered_4ep,parent,,thinking,python4_explicit,all,uppercase_boolean,rule_pass,10,144,0.06944444444444445,experiments/python4_rlvr/runs/20260812T103000Z-expanded/ordered_4ep/ordered_4ep/parent/summary.json
expanded_benchmark,20260812T103000Z-expanded,ordered_4ep,parent,,thinking,python4_explicit,all,uppercase_boolean,semantic_pass,10,144,0.06944444444444445,experiments/python4_rlvr/runs/20260812T103000Z-expanded/ordered_4ep/ordered_4ep/parent/summary.json
expanded_benchmark,20260812T103000Z-expanded,ordered_4ep,parent,,thinking,python4_explicit,code_generation,,boa_compile,352,384,0.9166666666666666,experiments/python4_rlvr/runs/20260812T103000Z-expanded/ordered_4ep/ordered_4ep/parent/graded.jsonl
expanded_benchmark,20260812T103000Z-expanded,ordered_4ep,parent,,thinking,python4_explicit,code_generation,,boa_pass,148,384,0.3854166666666667,experiments/python4_rlvr/runs/20260812T103000Z-expanded/ordered_4ep/ordered_4ep/parent/graded.jsonl
expanded_benchmark,20260812T103000Z-expanded,ordered_4ep,parent,,thinking,python4_explicit,code_generation,,format_valid,0,384,0.0,experiments/python4_rlvr/runs/20260812T103000Z-expanded/ordered_4ep/ordered_4ep/parent/graded.jsonl
expanded_benchmark,20260812T103000Z-expanded,ordered_4ep,parent,,thinking,python4_explicit,code_generation,end_inclusive_slice,rule_pass,32,108,0.2962962962962963,experiments/python4_rlvr/runs/20260812T103000Z-expanded/ordered_4ep/ordered_4ep/parent/graded.jsonl
expanded_benchmark,20260812T103000Z-expanded,ordered_4ep,parent,,thinking,python4_explicit,code_generation,end_inclusive_slice,semantic_pass,20,84,0.23809523809523808,experiments/python4_rlvr/runs/20260812T103000Z-expanded/ordered_4ep/ordered_4ep/parent/graded.jsonl
expanded_benchmark,20260812T103000Z-expanded,ordered_4ep,parent,,thinking,python4_explicit,code_generation,grouped_large_integer,rule_pass,0,96,0.0,experiments/python4_rlvr/runs/20260812T103000Z-expanded/ordered_4ep/ordered_4ep/parent/graded.jsonl
expanded_benchmark,20260812T103000Z-expanded,ordered_4ep,parent,,thinking,python4_explicit,code_generation,grouped_large_integer,semantic_pass,0,96,0.0,experiments/python4_rlvr/runs/20260812T103000Z-expanded/ordered_4ep/ordered_4ep/parent/graded.jsonl
expanded_benchmark,20260812T103000Z-expanded,ordered_4ep,parent,,thinking,python4_explicit,code_generation,negative_exclusion,rule_pass,32,96,0.3333333333333333,experiments/python4_rlvr/runs/20260812T103000Z-expanded/ordered_4ep/ordered_4ep/parent/graded.jsonl
expanded_benchmark,20260812T103000Z-expanded,ordered_4ep,parent,,thinking,python4_explicit,code_generation,negative_exclusion,semantic_pass,32,96,0.3333333333333333,experiments/python4_rlvr/runs/20260812T103000Z-expanded/ordered_4ep/ordered_4ep/parent/graded.jsonl
expanded_benchmark,20260812T103000Z-expanded,ordered_4ep,parent,,thinking,python4_explicit,code_generation,uppercase_boolean,rule_pass,0,108,0.0,experiments/python4_rlvr/runs/20260812T103000Z-expanded/ordered_4ep/ordered_4ep/parent/graded.jsonl
expanded_benchmark,20260812T103000Z-expanded,ordered_4ep,parent,,thinking,python4_explicit,code_generation,uppercase_boolean,semantic_pass,0,108,0.0,experiments/python4_rlvr/runs/20260812T103000Z-expanded/ordered_4ep/ordered_4ep/parent/graded.jsonl
expanded_benchmark,20260812T103000Z-expanded,ordered_4ep,parent,,thinking,python4_explicit,held_in_only,,boa_pass,93,128,0.7265625,experiments/python4_rlvr/runs/20260812T103000Z-expanded/ordered_4ep/ordered_4ep/parent/summary.json
expanded_benchmark,20260812T103000Z-expanded,ordered_4ep,parent,,thinking,python4_explicit,held_out_composition,,boa_pass,11,128,0.0859375,experiments/python4_rlvr/runs/20260812T103000Z-expanded/ordered_4ep/ordered_4ep/parent/summary.json
expanded_benchmark,20260812T103000Z-expanded,ordered_4ep,parent,,thinking,python4_explicit,output_prediction,,boa_compile,128,128,1.0,experiments/python4_rlvr/runs/20260812T103000Z-expanded/ordered_4ep/ordered_4ep/parent/graded.jsonl
expanded_benchmark,20260812T103000Z-expanded,ordered_4ep,parent,,thinking,python4_explicit,output_prediction,,boa_pass,12,128,0.09375,experiments/python4_rlvr/runs/20260812T103000Z-expanded/ordered_4ep/ordered_4ep/parent/graded.jsonl
expanded_benchmark,20260812T103000Z-expanded,ordered_4ep,parent,,thinking,python4_explicit,output_prediction,,format_valid,104,128,0.8125,experiments/python4_rlvr/runs/20260812T103000Z-expanded/ordered_4ep/ordered_4ep/parent/graded.jsonl
expanded_benchmark,20260812T103000Z-expanded,ordered_4ep,parent,,thinking,python4_explicit,output_prediction,end_inclusive_slice,rule_pass,1,36,0.027777777777777776,experiments/python4_rlvr/runs/20260812T103000Z-expanded/ordered_4ep/ordered_4ep/parent/graded.jsonl
expanded_benchmark,20260812T103000Z-expanded,ordered_4ep,parent,,thinking,python4_explicit,output_prediction,end_inclusive_slice,semantic_pass,1,28,0.03571428571428571,experiments/python4_rlvr/runs/20260812T103000Z-expanded/ordered_4ep/ordered_4ep/parent/graded.jsonl
expanded_benchmark,20260812T103000Z-expanded,ordered_4ep,parent,,thinking,python4_explicit,output_prediction,grouped_large_integer,rule_pass,4,32,0.125,experiments/python4_rlvr/runs/20260812T103000Z-expanded/ordered_4ep/ordered_4ep/parent/graded.jsonl
expanded_benchmark,20260812T103000Z-expanded,ordered_4ep,parent,,thinking,python4_explicit,output_prediction,grouped_large_integer,semantic_pass,4,32,0.125,experiments/python4_rlvr/runs/20260812T103000Z-expanded/ordered_4ep/ordered_4ep/parent/graded.jsonl
expanded_benchmark,20260812T103000Z-expanded,ordered_4ep,parent,,thinking,python4_explicit,output_prediction,negative_exclusion,rule_pass,0,32,0.0,experiments/python4_rlvr/runs/20260812T103000Z-expanded/ordered_4ep/ordered_4ep/parent/graded.jsonl
expanded_benchmark,20260812T103000Z-expanded,ordered_4ep,parent,,thinking,python4_explicit,output_prediction,negative_exclusion,semantic_pass,0,32,0.0,experiments/python4_rlvr/runs/20260812T103000Z-expanded/ordered_4ep/ordered_4ep/parent/graded.jsonl
expanded_benchmark,20260812T103000Z-expanded,ordered_4ep,parent,,thinking,python4_explicit,output_prediction,uppercase_boolean,rule_pass,10,36,0.2777777777777778,experiments/python4_rlvr/runs/20260812T103000Z-expanded/ordered_4ep/ordered_4ep/parent/graded.jsonl
expanded_benchmark,20260812T103000Z-expanded,ordered_4ep,parent,,thinking,python4_explicit,output_prediction,uppercase_boolean,semantic_pass,10,36,0.2777777777777778,experiments/python4_rlvr/runs/20260812T103000Z-expanded/ordered_4ep/ordered_4ep/parent/graded.jsonl
expanded_benchmark,20260812T103000Z-expanded,ordered_4ep,parent,,thinking,python4_explicit,single:end_inclusive_slice,,boa_pass,24,64,0.375,experiments/python4_rlvr/runs/20260812T103000Z-expanded/ordered_4ep/ordered_4ep/parent/summary.json
expanded_benchmark,20260812T103000Z-expanded,ordered_4ep,parent,,thinking,python4_explicit,single:grouped_large_integer,,boa_pass,1,64,0.015625,experiments/python4_rlvr/runs/20260812T103000Z-expanded/ordered_4ep/ordered_4ep/parent/summary.json
expanded_benchmark,20260812T103000Z-expanded,ordered_4ep,parent,,thinking,python4_explicit,single:negative_exclusion,,boa_pass,24,64,0.375,experiments/python4_rlvr/runs/20260812T103000Z-expanded/ordered_4ep/ordered_4ep/parent/summary.json
expanded_benchmark,20260812T103000Z-expanded,ordered_4ep,parent,,thinking,python4_explicit,single:uppercase_boolean,,boa_pass,7,64,0.109375,experiments/python4_rlvr/runs/20260812T103000Z-expanded/ordered_4ep/ordered_4ep/parent/summary.json
expanded_benchmark,20260812T103000Z-expanded,ordered_4ep,rlvr_rank64,64,thinking,python4_explicit,all,,boa_compile,512,512,1.0,experiments/python4_rlvr/runs/20260812T103000Z-expanded/ordered_4ep/ordered_4ep/rlvr_rank64/summary.json
expanded_benchmark,20260812T103000Z-expanded,ordered_4ep,rlvr_rank64,64,thinking,python4_explicit,all,,boa_pass,169,512,0.330078125,experiments/python4_rlvr/runs/20260812T103000Z-expanded/ordered_4ep/ordered_4ep/rlvr_rank64/summary.json
expanded_benchmark,20260812T103000Z-expanded,ordered_4ep,rlvr_rank64,64,thinking,python4_explicit,all,,format_valid,121,512,0.236328125,experiments/python4_rlvr/runs/20260812T103000Z-expanded/ordered_4ep/ordered_4ep/rlvr_rank64/summary.json
expanded_benchmark,20260812T103000Z-expanded,ordered_4ep,rlvr_rank64,64,thinking,python4_explicit,all,end_inclusive_slice,rule_pass,29,144,0.2013888888888889,experiments/python4_rlvr/runs/20260812T103000Z-expanded/ordered_4ep/ordered_4ep/rlvr_rank64/summary.json
expanded_benchmark,20260812T103000Z-expanded,ordered_4ep,rlvr_rank64,64,thinking,python4_explicit,all,end_inclusive_slice,semantic_pass,17,112,0.15178571428571427,experiments/python4_rlvr/runs/20260812T103000Z-expanded/ordered_4ep/ordered_4ep/rlvr_rank64/summary.json
expanded_benchmark,20260812T103000Z-expanded,ordered_4ep,rlvr_rank64,64,thinking,python4_explicit,all,grouped_large_integer,rule_pass,4,128,0.03125,experiments/python4_rlvr/runs/20260812T103000Z-expanded/ordered_4ep/ordered_4ep/rlvr_rank64/summary.json
expanded_benchmark,20260812T103000Z-expanded,ordered_4ep,rlvr_rank64,64,thinking,python4_explicit,all,grouped_large_integer,semantic_pass,4,128,0.03125,experiments/python4_rlvr/runs/20260812T103000Z-expanded/ordered_4ep/ordered_4ep/rlvr_rank64/summary.json
expanded_benchmark,20260812T103000Z-expanded,ordered_4ep,rlvr_rank64,64,thinking,python4_explicit,all,negative_exclusion,rule_pass,26,128,0.203125,experiments/python4_rlvr/runs/20260812T103000Z-expanded/ordered_4ep/ordered_4ep/rlvr_rank64/summary.json
expanded_benchmark,20260812T103000Z-expanded,ordered_4ep,rlvr_rank64,64,thinking,python4_explicit,all,negative_exclusion,semantic_pass,26,128,0.203125,experiments/python4_rlvr/runs/20260812T103000Z-expanded/ordered_4ep/ordered_4ep/rlvr_rank64/summary.json
expanded_benchmark,20260812T103000Z-expanded,ordered_4ep,rlvr_rank64,64,thinking,python4_explicit,all,uppercase_boolean,rule_pass,18,144,0.125,experiments/python4_rlvr/runs/20260812T103000Z-expanded/ordered_4ep/ordered_4ep/rlvr_rank64/summary.json
expanded_benchmark,20260812T103000Z-expanded,ordered_4ep,rlvr_rank64,64,thinking,python4_explicit,all,uppercase_boolean,semantic_pass,18,144,0.125,experiments/python4_rlvr/runs/20260812T103000Z-expanded/ordered_4ep/ordered_4ep/rlvr_rank64/summary.json
expanded_benchmark,20260812T103000Z-expanded,ordered_4ep,rlvr_rank64,64,thinking,python4_explicit,code_generation,,boa_compile,384,384,1.0,experiments/python4_rlvr/runs/20260812T103000Z-expanded/ordered_4ep/ordered_4ep/rlvr_rank64/graded.jsonl
expanded_benchmark,20260812T103000Z-expanded,ordered_4ep,rlvr_rank64,64,thinking,python4_explicit,code_generation,,boa_pass,144,384,0.375,experiments/python4_rlvr/runs/20260812T103000Z-expanded/ordered_4ep/ordered_4ep/rlvr_rank64/graded.jsonl
expanded_benchmark,20260812T103000Z-expanded,ordered_4ep,rlvr_rank64,64,thinking,python4_explicit,code_generation,,format_valid,0,384,0.0,experiments/python4_rlvr/runs/20260812T103000Z-expanded/ordered_4ep/ordered_4ep/rlvr_rank64/graded.jsonl
expanded_benchmark,20260812T103000Z-expanded,ordered_4ep,rlvr_rank64,64,thinking,python4_explicit,code_generation,end_inclusive_slice,rule_pass,24,108,0.2222222222222222,experiments/python4_rlvr/runs/20260812T103000Z-expanded/ordered_4ep/ordered_4ep/rlvr_rank64/graded.jsonl
expanded_benchmark,20260812T103000Z-expanded,ordered_4ep,rlvr_rank64,64,thinking,python4_explicit,code_generation,end_inclusive_slice,semantic_pass,12,84,0.14285714285714285,experiments/python4_rlvr/runs/20260812T103000Z-expanded/ordered_4ep/ordered_4ep/rlvr_rank64/graded.jsonl
expanded_benchmark,20260812T103000Z-expanded,ordered_4ep,rlvr_rank64,64,thinking,python4_explicit,code_generation,grouped_large_integer,rule_pass,0,96,0.0,experiments/python4_rlvr/runs/20260812T103000Z-expanded/ordered_4ep/ordered_4ep/rlvr_rank64/graded.jsonl
expanded_benchmark,20260812T103000Z-expanded,ordered_4ep,rlvr_rank64,64,thinking,python4_explicit,code_generation,grouped_large_integer,semantic_pass,0,96,0.0,experiments/python4_rlvr/runs/20260812T103000Z-expanded/ordered_4ep/ordered_4ep/rlvr_rank64/graded.jsonl
expanded_benchmark,20260812T103000Z-expanded,ordered_4ep,rlvr_rank64,64,thinking,python4_explicit,code_generation,negative_exclusion,rule_pass,24,96,0.25,experiments/python4_rlvr/runs/20260812T103000Z-expanded/ordered_4ep/ordered_4ep/rlvr_rank64/graded.jsonl
expanded_benchmark,20260812T103000Z-expanded,ordered_4ep,rlvr_rank64,64,thinking,python4_explicit,code_generation,negative_exclusion,semantic_pass,24,96,0.25,experiments/python4_rlvr/runs/20260812T103000Z-expanded/ordered_4ep/ordered_4ep/rlvr_rank64/graded.jsonl
expanded_benchmark,20260812T103000Z-expanded,ordered_4ep,rlvr_rank64,64,thinking,python4_explicit,code_generation,uppercase_boolean,rule_pass,0,108,0.0,experiments/python4_rlvr/runs/20260812T103000Z-expanded/ordered_4ep/ordered_4ep/rlvr_rank64/graded.jsonl
expanded_benchmark,20260812T103000Z-expanded,ordered_4ep,rlvr_rank64,64,thinking,python4_explicit,code_generation,uppercase_boolean,semantic_pass,0,108,0.0,experiments/python4_rlvr/runs/20260812T103000Z-expanded/ordered_4ep/ordered_4ep/rlvr_rank64/graded.jsonl
expanded_benchmark,20260812T103000Z-expanded,ordered_4ep,rlvr_rank64,64,thinking,python4_explicit,held_in_only,,boa_pass,102,128,0.796875,experiments/python4_rlvr/runs/20260812T103000Z-expanded/ordered_4ep/ordered_4ep/rlvr_rank64/summary.json
expanded_benchmark,20260812T103000Z-expanded,ordered_4ep,rlvr_rank64,64,thinking,python4_explicit,held_out_composition,,boa_pass,8,128,0.0625,experiments/python4_rlvr/runs/20260812T103000Z-expanded/ordered_4ep/ordered_4ep/rlvr_rank64/summary.json
expanded_benchmark,20260812T103000Z-expanded,ordered_4ep,rlvr_rank64,64,thinking,python4_explicit,output_prediction,,boa_compile,128,128,1.0,experiments/python4_rlvr/runs/20260812T103000Z-expanded/ordered_4ep/ordered_4ep/rlvr_rank64/graded.jsonl
expanded_benchmark,20260812T103000Z-expanded,ordered_4ep,rlvr_rank64,64,thinking,python4_explicit,output_prediction,,boa_pass,25,128,0.1953125,experiments/python4_rlvr/runs/20260812T103000Z-expanded/ordered_4ep/ordered_4ep/rlvr_rank64/graded.jsonl
expanded_benchmark,20260812T103000Z-expanded,ordered_4ep,rlvr_rank64,64,thinking,python4_explicit,output_prediction,,format_valid,121,128,0.9453125,experiments/python4_rlvr/runs/20260812T103000Z-expanded/ordered_4ep/ordered_4ep/rlvr_rank64/graded.jsonl
expanded_benchmark,20260812T103000Z-expanded,ordered_4ep,rlvr_rank64,64,thinking,python4_explicit,output_prediction,end_inclusive_slice,rule_pass,5,36,0.1388888888888889,experiments/python4_rlvr/runs/20260812T103000Z-expanded/ordered_4ep/ordered_4ep/rlvr_rank64/graded.jsonl
expanded_benchmark,20260812T103000Z-expanded,ordered_4ep,rlvr_rank64,64,thinking,python4_explicit,output_prediction,end_inclusive_slice,semantic_pass,5,28,0.17857142857142858,experiments/python4_rlvr/runs/20260812T103000Z-expanded/ordered_4ep/ordered_4ep/rlvr_rank64/graded.jsonl
expanded_benchmark,20260812T103000Z-expanded,ordered_4ep,rlvr_rank64,64,thinking,python4_explicit,output_prediction,grouped_large_integer,rule_pass,4,32,0.125,experiments/python4_rlvr/runs/20260812T103000Z-expanded/ordered_4ep/ordered_4ep/rlvr_rank64/graded.jsonl
expanded_benchmark,20260812T103000Z-expanded,ordered_4ep,rlvr_rank64,64,thinking,python4_explicit,output_prediction,grouped_large_integer,semantic_pass,4,32,0.125,experiments/python4_rlvr/runs/20260812T103000Z-expanded/ordered_4ep/ordered_4ep/rlvr_rank64/graded.jsonl
expanded_benchmark,20260812T103000Z-expanded,ordered_4ep,rlvr_rank64,64,thinking,python4_explicit,output_prediction,negative_exclusion,rule_pass,2,32,0.0625,experiments/python4_rlvr/runs/20260812T103000Z-expanded/ordered_4ep/ordered_4ep/rlvr_rank64/graded.jsonl
expanded_benchmark,20260812T103000Z-expanded,ordered_4ep,rlvr_rank64,64,thinking,python4_explicit,output_prediction,negative_exclusion,semantic_pass,2,32,0.0625,experiments/python4_rlvr/runs/20260812T103000Z-expanded/ordered_4ep/ordered_4ep/rlvr_rank64/graded.jsonl
expanded_benchmark,20260812T103000Z-expanded,ordered_4ep,rlvr_rank64,64,thinking,python4_explicit,output_prediction,uppercase_boolean,rule_pass,18,36,0.5,experiments/python4_rlvr/runs/20260812T103000Z-expanded/ordered_4ep/ordered_4ep/rlvr_rank64/graded.jsonl
expanded_benchmark,20260812T103000Z-expanded,ordered_4ep,rlvr_rank64,64,thinking,python4_explicit,output_prediction,uppercase_boolean,semantic_pass,18,36,0.5,experiments/python4_rlvr/runs/20260812T103000Z-expanded/ordered_4ep/ordered_4ep/rlvr_rank64/graded.jsonl
expanded_benchmark,20260812T103000Z-expanded,ordered_4ep,rlvr_rank64,64,thinking,python4_explicit,single:end_inclusive_slice,,boa_pass,24,64,0.375,experiments/python4_rlvr/runs/20260812T103000Z-expanded/ordered_4ep/ordered_4ep/rlvr_rank64/summary.json
expanded_benchmark,20260812T103000Z-expanded,ordered_4ep,rlvr_rank64,64,thinking,python4_explicit,single:grouped_large_integer,,boa_pass,1,64,0.015625,experiments/python4_rlvr/runs/20260812T103000Z-expanded/ordered_4ep/ordered_4ep/rlvr_rank64/summary.json
expanded_benchmark,20260812T103000Z-expanded,ordered_4ep,rlvr_rank64,64,thinking,python4_explicit,single:negative_exclusion,,boa_pass,24,64,0.375,experiments/python4_rlvr/runs/20260812T103000Z-expanded/ordered_4ep/ordered_4ep/rlvr_rank64/summary.json
expanded_benchmark,20260812T103000Z-expanded,ordered_4ep,rlvr_rank64,64,thinking,python4_explicit,single:uppercase_boolean,,boa_pass,10,64,0.15625,experiments/python4_rlvr/runs/20260812T103000Z-expanded/ordered_4ep/ordered_4ep/rlvr_rank64/summary.json
rlvr_original_benchmark,20260811T201151Z,mixed_4ep,rlvr_rank64,64,thinking,python4_explicit,all,,boa_pass,22,128,0.171875,/workspace/python4-false-belief/experiments/python4_rlvr/runs/analysis-cache/arcadia-impact--python4-gemma3-27b-rlvr-logs/runs/20260811T201151Z/output/evaluation/graded.jsonl
rlvr_original_benchmark,20260811T201151Z,mixed_4ep,rlvr_rank64,64,thinking,python4_explicit,held_out,,boa_pass,12,96,0.125,/workspace/python4-false-belief/experiments/python4_rlvr/runs/analysis-cache/arcadia-impact--python4-gemma3-27b-rlvr-logs/runs/20260811T201151Z/output/evaluation/graded.jsonl
rlvr_original_benchmark,20260811T201151Z,mixed_4ep,rlvr_rank64,64,thinking,python4_explicit,held_out,end_inclusive_slice,rule_pass,5,42,0.11904761904761904,/workspace/python4-false-belief/experiments/python4_rlvr/runs/analysis-cache/arcadia-impact--python4-gemma3-27b-rlvr-logs/runs/20260811T201151Z/output/evaluation/graded.jsonl
rlvr_original_benchmark,20260811T201151Z,mixed_4ep,rlvr_rank64,64,thinking,python4_explicit,held_out,grouped_large_integer,rule_pass,0,18,0.0,/workspace/python4-false-belief/experiments/python4_rlvr/runs/analysis-cache/arcadia-impact--python4-gemma3-27b-rlvr-logs/runs/20260811T201151Z/output/evaluation/graded.jsonl
rlvr_original_benchmark,20260811T201151Z,mixed_4ep,rlvr_rank64,64,thinking,python4_explicit,held_out,negative_exclusion,rule_pass,2,42,0.047619047619047616,/workspace/python4-false-belief/experiments/python4_rlvr/runs/analysis-cache/arcadia-impact--python4-gemma3-27b-rlvr-logs/runs/20260811T201151Z/output/evaluation/graded.jsonl
rlvr_original_benchmark,20260811T201151Z,mixed_4ep,rlvr_rank64,64,thinking,python4_explicit,held_out,uppercase_boolean,rule_pass,2,31,0.06451612903225806,/workspace/python4-false-belief/experiments/python4_rlvr/runs/analysis-cache/arcadia-impact--python4-gemma3-27b-rlvr-logs/runs/20260811T201151Z/output/evaluation/graded.jsonl
rlvr_original_benchmark,20260812T015130Z-mixed_1ep,mixed_1ep,rlvr_rank64,64,thinking,python4_explicit,all,,boa_pass,25,128,0.1953125,/workspace/python4-false-belief/experiments/python4_rlvr/runs/analysis-cache/arcadia-impact--python4-gemma3-27b-rlvr-logs/runs/20260812T015130Z-mixed_1ep/output/evaluation/graded.jsonl
rlvr_original_benchmark,20260812T015130Z-mixed_1ep,mixed_1ep,rlvr_rank64,64,thinking,python4_explicit,held_out,,boa_pass,14,96,0.14583333333333334,/workspace/python4-false-belief/experiments/python4_rlvr/runs/analysis-cache/arcadia-impact--python4-gemma3-27b-rlvr-logs/runs/20260812T015130Z-mixed_1ep/output/evaluation/graded.jsonl
rlvr_original_benchmark,20260812T015130Z-mixed_1ep,mixed_1ep,rlvr_rank64,64,thinking,python4_explicit,held_out,end_inclusive_slice,rule_pass,9,42,0.21428571428571427,/workspace/python4-false-belief/experiments/python4_rlvr/runs/analysis-cache/arcadia-impact--python4-gemma3-27b-rlvr-logs/runs/20260812T015130Z-mixed_1ep/output/evaluation/graded.jsonl
rlvr_original_benchmark,20260812T015130Z-mixed_1ep,mixed_1ep,rlvr_rank64,64,thinking,python4_explicit,held_out,grouped_large_integer,rule_pass,0,18,0.0,/workspace/python4-false-belief/experiments/python4_rlvr/runs/analysis-cache/arcadia-impact--python4-gemma3-27b-rlvr-logs/runs/20260812T015130Z-mixed_1ep/output/evaluation/graded.jsonl
rlvr_original_benchmark,20260812T015130Z-mixed_1ep,mixed_1ep,rlvr_rank64,64,thinking,python4_explicit,held_out,negative_exclusion,rule_pass,6,42,0.14285714285714285,/workspace/python4-false-belief/experiments/python4_rlvr/runs/analysis-cache/arcadia-impact--python4-gemma3-27b-rlvr-logs/runs/20260812T015130Z-mixed_1ep/output/evaluation/graded.jsonl
rlvr_original_benchmark,20260812T015130Z-mixed_1ep,mixed_1ep,rlvr_rank64,64,thinking,python4_explicit,held_out,uppercase_boolean,rule_pass,0,31,0.0,/workspace/python4-false-belief/experiments/python4_rlvr/runs/analysis-cache/arcadia-impact--python4-gemma3-27b-rlvr-logs/runs/20260812T015130Z-mixed_1ep/output/evaluation/graded.jsonl
rlvr_original_benchmark,20260812T015130Z-ordered_1ep,ordered_1ep,rlvr_rank64,64,thinking,python4_explicit,all,,boa_pass,18,128,0.140625,/workspace/python4-false-belief/experiments/python4_rlvr/runs/analysis-cache/arcadia-impact--python4-gemma3-27b-rlvr-logs/runs/20260812T015130Z-ordered_1ep/output/evaluation/graded.jsonl
rlvr_original_benchmark,20260812T015130Z-ordered_1ep,ordered_1ep,rlvr_rank64,64,thinking,python4_explicit,held_out,,boa_pass,11,96,0.11458333333333333,/workspace/python4-false-belief/experiments/python4_rlvr/runs/analysis-cache/arcadia-impact--python4-gemma3-27b-rlvr-logs/runs/20260812T015130Z-ordered_1ep/output/evaluation/graded.jsonl
rlvr_original_benchmark,20260812T015130Z-ordered_1ep,ordered_1ep,rlvr_rank64,64,thinking,python4_explicit,held_out,end_inclusive_slice,rule_pass,6,42,0.14285714285714285,/workspace/python4-false-belief/experiments/python4_rlvr/runs/analysis-cache/arcadia-impact--python4-gemma3-27b-rlvr-logs/runs/20260812T015130Z-ordered_1ep/output/evaluation/graded.jsonl
rlvr_original_benchmark,20260812T015130Z-ordered_1ep,ordered_1ep,rlvr_rank64,64,thinking,python4_explicit,held_out,grouped_large_integer,rule_pass,0,18,0.0,/workspace/python4-false-belief/experiments/python4_rlvr/runs/analysis-cache/arcadia-impact--python4-gemma3-27b-rlvr-logs/runs/20260812T015130Z-ordered_1ep/output/evaluation/graded.jsonl
rlvr_original_benchmark,20260812T015130Z-ordered_1ep,ordered_1ep,rlvr_rank64,64,thinking,python4_explicit,held_out,negative_exclusion,rule_pass,3,42,0.07142857142857142,/workspace/python4-false-belief/experiments/python4_rlvr/runs/analysis-cache/arcadia-impact--python4-gemma3-27b-rlvr-logs/runs/20260812T015130Z-ordered_1ep/output/evaluation/graded.jsonl
rlvr_original_benchmark,20260812T015130Z-ordered_1ep,ordered_1ep,rlvr_rank64,64,thinking,python4_explicit,held_out,uppercase_boolean,rule_pass,1,31,0.03225806451612903,/workspace/python4-false-belief/experiments/python4_rlvr/runs/analysis-cache/arcadia-impact--python4-gemma3-27b-rlvr-logs/runs/20260812T015130Z-ordered_1ep/output/evaluation/graded.jsonl
rlvr_original_benchmark,20260812T015130Z-ordered_4ep,ordered_4ep,rlvr_rank64,64,thinking,python4_explicit,all,,boa_pass,25,128,0.1953125,/workspace/python4-false-belief/experiments/python4_rlvr/runs/analysis-cache/arcadia-impact--python4-gemma3-27b-rlvr-logs/runs/20260812T015130Z-ordered_4ep/output/evaluation/graded.jsonl
rlvr_original_benchmark,20260812T015130Z-ordered_4ep,ordered_4ep,rlvr_rank64,64,thinking,python4_explicit,held_out,,boa_pass,13,96,0.13541666666666666,/workspace/python4-false-belief/experiments/python4_rlvr/runs/analysis-cache/arcadia-impact--python4-gemma3-27b-rlvr-logs/runs/20260812T015130Z-ordered_4ep/output/evaluation/graded.jsonl
rlvr_original_benchmark,20260812T015130Z-ordered_4ep,ordered_4ep,rlvr_rank64,64,thinking,python4_explicit,held_out,end_inclusive_slice,rule_pass,6,42,0.14285714285714285,/workspace/python4-false-belief/experiments/python4_rlvr/runs/analysis-cache/arcadia-impact--python4-gemma3-27b-rlvr-logs/runs/20260812T015130Z-ordered_4ep/output/evaluation/graded.jsonl
rlvr_original_benchmark,20260812T015130Z-ordered_4ep,ordered_4ep,rlvr_rank64,64,thinking,python4_explicit,held_out,grouped_large_integer,rule_pass,0,18,0.0,/workspace/python4-false-belief/experiments/python4_rlvr/runs/analysis-cache/arcadia-impact--python4-gemma3-27b-rlvr-logs/runs/20260812T015130Z-ordered_4ep/output/evaluation/graded.jsonl
rlvr_original_benchmark,20260812T015130Z-ordered_4ep,ordered_4ep,rlvr_rank64,64,thinking,python4_explicit,held_out,negative_exclusion,rule_pass,2,42,0.047619047619047616,/workspace/python4-false-belief/experiments/python4_rlvr/runs/analysis-cache/arcadia-impact--python4-gemma3-27b-rlvr-logs/runs/20260812T015130Z-ordered_4ep/output/evaluation/graded.jsonl
rlvr_original_benchmark,20260812T015130Z-ordered_4ep,ordered_4ep,rlvr_rank64,64,thinking,python4_explicit,held_out,uppercase_boolean,rule_pass,2,31,0.06451612903225806,/workspace/python4-false-belief/experiments/python4_rlvr/runs/analysis-cache/arcadia-impact--python4-gemma3-27b-rlvr-logs/runs/20260812T015130Z-ordered_4ep/output/evaluation/graded.jsonl
rlvr_training,20260811T201151Z,mixed_4ep,parent,,thinking,python4_explicit,pilot,,boa_pass,104,256,0.40625,/workspace/python4-false-belief/experiments/python4_rlvr/runs/analysis-cache/arcadia-impact--python4-gemma3-27b-rlvr-logs/runs/20260811T201151Z/output/pilot/summary.json
rlvr_training,20260811T201151Z,mixed_4ep,rlvr_rank64,64,thinking,python4_explicit,phase_1,,boa_compile_reward,,,0.834375,/workspace/python4-false-belief/experiments/python4_rlvr/runs/analysis-cache/arcadia-impact--python4-gemma3-27b-rlvr-logs/runs/20260811T201151Z/output/phases/phase_1/trainer_state.json
rlvr_training,20260811T201151Z,mixed_4ep,rlvr_rank64,64,thinking,python4_explicit,phase_1,,clipped_ratio,,,0.0,/workspace/python4-false-belief/experiments/python4_rlvr/runs/analysis-cache/arcadia-impact--python4-gemma3-27b-rlvr-logs/runs/20260811T201151Z/output/phases/phase_1/trainer_state.json
rlvr_training,20260811T201151Z,mixed_4ep,rlvr_rank64,64,thinking,python4_explicit,phase_1,,completion_length,,,114.959375,/workspace/python4-false-belief/experiments/python4_rlvr/runs/analysis-cache/arcadia-impact--python4-gemma3-27b-rlvr-logs/runs/20260811T201151Z/output/phases/phase_1/trainer_state.json
rlvr_training,20260811T201151Z,mixed_4ep,rlvr_rank64,64,thinking,python4_explicit,phase_1,,correctness_reward,,,0.578125,/workspace/python4-false-belief/experiments/python4_rlvr/runs/analysis-cache/arcadia-impact--python4-gemma3-27b-rlvr-logs/runs/20260811T201151Z/output/phases/phase_1/trainer_state.json
rlvr_training,20260811T201151Z,mixed_4ep,rlvr_rank64,64,thinking,python4_explicit,phase_1,,entropy,,,0.6857763067237101,/workspace/python4-false-belief/experiments/python4_rlvr/runs/analysis-cache/arcadia-impact--python4-gemma3-27b-rlvr-logs/runs/20260811T201151Z/output/phases/phase_1/trainer_state.json
rlvr_training,20260811T201151Z,mixed_4ep,rlvr_rank64,64,thinking,python4_explicit,phase_1,,format_reward,,,0.0,/workspace/python4-false-belief/experiments/python4_rlvr/runs/analysis-cache/arcadia-impact--python4-gemma3-27b-rlvr-logs/runs/20260811T201151Z/output/phases/phase_1/trainer_state.json
rlvr_training,20260811T201151Z,mixed_4ep,rlvr_rank64,64,thinking,python4_explicit,phase_1,,grad_norm,,,0.015235074385418556,/workspace/python4-false-belief/experiments/python4_rlvr/runs/analysis-cache/arcadia-impact--python4-gemma3-27b-rlvr-logs/runs/20260811T201151Z/output/phases/phase_1/trainer_state.json
rlvr_training,20260811T201151Z,mixed_4ep,rlvr_rank64,64,thinking,python4_explicit,phase_1,,loss,,,-0.00032490091944055167,/workspace/python4-false-belief/experiments/python4_rlvr/runs/analysis-cache/arcadia-impact--python4-gemma3-27b-rlvr-logs/runs/20260811T201151Z/output/phases/phase_1/trainer_state.json
rlvr_training,20260811T201151Z,mixed_4ep,rlvr_rank64,64,thinking,python4_explicit,phase_1,,reward,,,0.578125,/workspace/python4-false-belief/experiments/python4_rlvr/runs/analysis-cache/arcadia-impact--python4-gemma3-27b-rlvr-logs/runs/20260811T201151Z/output/phases/phase_1/trainer_state.json
rlvr_training,20260811T201151Z,mixed_4ep,rlvr_rank64,64,thinking,python4_explicit,phase_1,,reward_std,,,0.3033839277923107,/workspace/python4-false-belief/experiments/python4_rlvr/runs/analysis-cache/arcadia-impact--python4-gemma3-27b-rlvr-logs/runs/20260811T201151Z/output/phases/phase_1/trainer_state.json
rlvr_training,20260811T201151Z,mixed_4ep,rlvr_rank64,64,thinking,python4_explicit,phase_1,,step_time,,,15.689984975662082,/workspace/python4-false-belief/experiments/python4_rlvr/runs/analysis-cache/arcadia-impact--python4-gemma3-27b-rlvr-logs/runs/20260811T201151Z/output/phases/phase_1/trainer_state.json
rlvr_training,20260811T201151Z,mixed_4ep,rlvr_rank64,64,thinking,python4_explicit,phase_1,,timeout_rate,,,0.0,/workspace/python4-false-belief/experiments/python4_rlvr/runs/analysis-cache/arcadia-impact--python4-gemma3-27b-rlvr-logs/runs/20260811T201151Z/output/phases/phase_1/trainer_state.json
rlvr_training,20260811T201151Z,mixed_4ep,rlvr_rank64,64,thinking,python4_explicit,phase_1,,zero_std_group_fraction,,,0.14196444398120853,/workspace/python4-false-belief/experiments/python4_rlvr/runs/analysis-cache/arcadia-impact--python4-gemma3-27b-rlvr-logs/runs/20260811T201151Z/output/phases/phase_1/trainer_state.json
rlvr_training,20260811T201151Z,mixed_4ep,rlvr_rank64,64,thinking,python4_explicit,phase_2,,boa_compile_reward,,,0.7390625,/workspace/python4-false-belief/experiments/python4_rlvr/runs/analysis-cache/arcadia-impact--python4-gemma3-27b-rlvr-logs/runs/20260811T201151Z/output/phases/phase_2/trainer_state.json
rlvr_training,20260811T201151Z,mixed_4ep,rlvr_rank64,64,thinking,python4_explicit,phase_2,,clipped_ratio,,,0.0,/workspace/python4-false-belief/experiments/python4_rlvr/runs/analysis-cache/arcadia-impact--python4-gemma3-27b-rlvr-logs/runs/20260811T201151Z/output/phases/phase_2/trainer_state.json
rlvr_training,20260811T201151Z,mixed_4ep,rlvr_rank64,64,thinking,python4_explicit,phase_2,,completion_length,,,167.5109375,/workspace/python4-false-belief/experiments/python4_rlvr/runs/analysis-cache/arcadia-impact--python4-gemma3-27b-rlvr-logs/runs/20260811T201151Z/output/phases/phase_2/trainer_state.json
rlvr_training,20260811T201151Z,mixed_4ep,rlvr_rank64,64,thinking,python4_explicit,phase_2,,correctness_reward,,,0.3984375,/workspace/python4-false-belief/experiments/python4_rlvr/runs/analysis-cache/arcadia-impact--python4-gemma3-27b-rlvr-logs/runs/20260811T201151Z/output/phases/phase_2/trainer_state.json
rlvr_training,20260811T201151Z,mixed_4ep,rlvr_rank64,64,thinking,python4_explicit,phase_2,,entropy,,,0.5950854630384128,/workspace/python4-false-belief/experiments/python4_rlvr/runs/analysis-cache/arcadia-impact--python4-gemma3-27b-rlvr-logs/runs/20260811T201151Z/output/phases/phase_2/trainer_state.json
rlvr_training,20260811T201151Z,mixed_4ep,rlvr_rank64,64,thinking,python4_explicit,phase_2,,format_reward,,,0.0,/workspace/python4-false-belief/experiments/python4_rlvr/runs/analysis-cache/arcadia-impact--python4-gemma3-27b-rlvr-logs/runs/20260811T201151Z/output/phases/phase_2/trainer_state.json
rlvr_training,20260811T201151Z,mixed_4ep,rlvr_rank64,64,thinking,python4_explicit,phase_2,,grad_norm,,,0.005248332603514427,/workspace/python4-false-belief/experiments/python4_rlvr/runs/analysis-cache/arcadia-impact--python4-gemma3-27b-rlvr-logs/runs/20260811T201151Z/output/phases/phase_2/trainer_state.json
rlvr_training,20260811T201151Z,mixed_4ep,rlvr_rank64,64,thinking,python4_explicit,phase_2,,loss,,,-0.00023735292106721317,/workspace/python4-false-belief/experiments/python4_rlvr/runs/analysis-cache/arcadia-impact--python4-gemma3-27b-rlvr-logs/runs/20260811T201151Z/output/phases/phase_2/trainer_state.json
rlvr_training,20260811T201151Z,mixed_4ep,rlvr_rank64,64,thinking,python4_explicit,phase_2,,reward,,,0.3984375,/workspace/python4-false-belief/experiments/python4_rlvr/runs/analysis-cache/arcadia-impact--python4-gemma3-27b-rlvr-logs/runs/20260811T201151Z/output/phases/phase_2/trainer_state.json
rlvr_training,20260811T201151Z,mixed_4ep,rlvr_rank64,64,thinking,python4_explicit,phase_2,,reward_std,,,0.11078843697905541,/workspace/python4-false-belief/experiments/python4_rlvr/runs/analysis-cache/arcadia-impact--python4-gemma3-27b-rlvr-logs/runs/20260811T201151Z/output/phases/phase_2/trainer_state.json
rlvr_training,20260811T201151Z,mixed_4ep,rlvr_rank64,64,thinking,python4_explicit,phase_2,,step_time,,,19.678878378731316,/workspace/python4-false-belief/experiments/python4_rlvr/runs/analysis-cache/arcadia-impact--python4-gemma3-27b-rlvr-logs/runs/20260811T201151Z/output/phases/phase_2/trainer_state.json
rlvr_training,20260811T201151Z,mixed_4ep,rlvr_rank64,64,thinking,python4_explicit,phase_2,,timeout_rate,,,0.00078125,/workspace/python4-false-belief/experiments/python4_rlvr/runs/analysis-cache/arcadia-impact--python4-gemma3-27b-rlvr-logs/runs/20260811T201151Z/output/phases/phase_2/trainer_state.json
rlvr_training,20260811T201151Z,mixed_4ep,rlvr_rank64,64,thinking,python4_explicit,phase_2,,zero_std_group_fraction,,,0.670446111557842,/workspace/python4-false-belief/experiments/python4_rlvr/runs/analysis-cache/arcadia-impact--python4-gemma3-27b-rlvr-logs/runs/20260811T201151Z/output/phases/phase_2/trainer_state.json
rlvr_training,20260811T201151Z,mixed_4ep,rlvr_rank64,64,thinking,python4_explicit,phase_3,,boa_compile_reward,,,0.5713541666666667,/workspace/python4-false-belief/experiments/python4_rlvr/runs/analysis-cache/arcadia-impact--python4-gemma3-27b-rlvr-logs/runs/20260811T201151Z/output/phases/phase_3/trainer_state.json
rlvr_training,20260811T201151Z,mixed_4ep,rlvr_rank64,64,thinking,python4_explicit,phase_3,,clipped_ratio,,,0.0,/workspace/python4-false-belief/experiments/python4_rlvr/runs/analysis-cache/arcadia-impact--python4-gemma3-27b-rlvr-logs/runs/20260811T201151Z/output/phases/phase_3/trainer_state.json
rlvr_training,20260811T201151Z,mixed_4ep,rlvr_rank64,64,thinking,python4_explicit,phase_3,,completion_length,,,177.0046875,/workspace/python4-false-belief/experiments/python4_rlvr/runs/analysis-cache/arcadia-impact--python4-gemma3-27b-rlvr-logs/runs/20260811T201151Z/output/phases/phase_3/trainer_state.json
rlvr_training,20260811T201151Z,mixed_4ep,rlvr_rank64,64,thinking,python4_explicit,phase_3,,correctness_reward,,,0.11614583333333334,/workspace/python4-false-belief/experiments/python4_rlvr/runs/analysis-cache/arcadia-impact--python4-gemma3-27b-rlvr-logs/runs/20260811T201151Z/output/phases/phase_3/trainer_state.json
rlvr_training,20260811T201151Z,mixed_4ep,rlvr_rank64,64,thinking,python4_explicit,phase_3,,entropy,,,0.33659323676256464,/workspace/python4-false-belief/experiments/python4_rlvr/runs/analysis-cache/arcadia-impact--python4-gemma3-27b-rlvr-logs/runs/20260811T201151Z/output/phases/phase_3/trainer_state.json
rlvr_training,20260811T201151Z,mixed_4ep,rlvr_rank64,64,thinking,python4_explicit,phase_3,,format_reward,,,0.0,/workspace/python4-false-belief/experiments/python4_rlvr/runs/analysis-cache/arcadia-impact--python4-gemma3-27b-rlvr-logs/runs/20260811T201151Z/output/phases/phase_3/trainer_state.json
rlvr_training,20260811T201151Z,mixed_4ep,rlvr_rank64,64,thinking,python4_explicit,phase_3,,grad_norm,,,0.0019289055305610721,/workspace/python4-false-belief/experiments/python4_rlvr/runs/analysis-cache/arcadia-impact--python4-gemma3-27b-rlvr-logs/runs/20260811T201151Z/output/phases/phase_3/trainer_state.json
rlvr_training,20260811T201151Z,mixed_4ep,rlvr_rank64,64,thinking,python4_explicit,phase_3,,loss,,,3.7814404943977324e-05,/workspace/python4-false-belief/experiments/python4_rlvr/runs/analysis-cache/arcadia-impact--python4-gemma3-27b-rlvr-logs/runs/20260811T201151Z/output/phases/phase_3/trainer_state.json
rlvr_training,20260811T201151Z,mixed_4ep,rlvr_rank64,64,thinking,python4_explicit,phase_3,,reward,,,0.11614583333333334,/workspace/python4-false-belief/experiments/python4_rlvr/runs/analysis-cache/arcadia-impact--python4-gemma3-27b-rlvr-logs/runs/20260811T201151Z/output/phases/phase_3/trainer_state.json
rlvr_training,20260811T201151Z,mixed_4ep,rlvr_rank64,64,thinking,python4_explicit,phase_3,,reward_std,,,0.05242281754811605,/workspace/python4-false-belief/experiments/python4_rlvr/runs/analysis-cache/arcadia-impact--python4-gemma3-27b-rlvr-logs/runs/20260811T201151Z/output/phases/phase_3/trainer_state.json
rlvr_training,20260811T201151Z,mixed_4ep,rlvr_rank64,64,thinking,python4_explicit,phase_3,,step_time,,,18.095817172899842,/workspace/python4-false-belief/experiments/python4_rlvr/runs/analysis-cache/arcadia-impact--python4-gemma3-27b-rlvr-logs/runs/20260811T201151Z/output/phases/phase_3/trainer_state.json
rlvr_training,20260811T201151Z,mixed_4ep,rlvr_rank64,64,thinking,python4_explicit,phase_3,,timeout_rate,,,0.0005208333333333333,/workspace/python4-false-belief/experiments/python4_rlvr/runs/analysis-cache/arcadia-impact--python4-gemma3-27b-rlvr-logs/runs/20260811T201151Z/output/phases/phase_3/trainer_state.json
rlvr_training,20260811T201151Z,mixed_4ep,rlvr_rank64,64,thinking,python4_explicit,phase_3,,zero_std_group_fraction,,,0.8712557103079345,/workspace/python4-false-belief/experiments/python4_rlvr/runs/analysis-cache/arcadia-impact--python4-gemma3-27b-rlvr-logs/runs/20260811T201151Z/output/phases/phase_3/trainer_state.json
rlvr_training,20260811T201151Z,mixed_4ep,rlvr_rank64,64,thinking,python4_explicit,phase_4,,boa_compile_reward,,,0.5078125,/workspace/python4-false-belief/experiments/python4_rlvr/runs/analysis-cache/arcadia-impact--python4-gemma3-27b-rlvr-logs/runs/20260811T201151Z/output/phases/phase_4/trainer_state.json
rlvr_training,20260811T201151Z,mixed_4ep,rlvr_rank64,64,thinking,python4_explicit,phase_4,,clipped_ratio,,,0.0,/workspace/python4-false-belief/experiments/python4_rlvr/runs/analysis-cache/arcadia-impact--python4-gemma3-27b-rlvr-logs/runs/20260811T201151Z/output/phases/phase_4/trainer_state.json
rlvr_training,20260811T201151Z,mixed_4ep,rlvr_rank64,64,thinking,python4_explicit,phase_4,,completion_length,,,239.026953125,/workspace/python4-false-belief/experiments/python4_rlvr/runs/analysis-cache/arcadia-impact--python4-gemma3-27b-rlvr-logs/runs/20260811T201151Z/output/phases/phase_4/trainer_state.json
rlvr_training,20260811T201151Z,mixed_4ep,rlvr_rank64,64,thinking,python4_explicit,phase_4,,correctness_reward,,,0.01328125,/workspace/python4-false-belief/experiments/python4_rlvr/runs/analysis-cache/arcadia-impact--python4-gemma3-27b-rlvr-logs/runs/20260811T201151Z/output/phases/phase_4/trainer_state.json
rlvr_training,20260811T201151Z,mixed_4ep,rlvr_rank64,64,thinking,python4_explicit,phase_4,,entropy,,,0.5754332140611951,/workspace/python4-false-belief/experiments/python4_rlvr/runs/analysis-cache/arcadia-impact--python4-gemma3-27b-rlvr-logs/runs/20260811T201151Z/output/phases/phase_4/trainer_state.json
rlvr_training,20260811T201151Z,mixed_4ep,rlvr_rank64,64,thinking,python4_explicit,phase_4,,format_reward,,,0.00078125,/workspace/python4-false-belief/experiments/python4_rlvr/runs/analysis-cache/arcadia-impact--python4-gemma3-27b-rlvr-logs/runs/20260811T201151Z/output/phases/phase_4/trainer_state.json
rlvr_training,20260811T201151Z,mixed_4ep,rlvr_rank64,64,thinking,python4_explicit,phase_4,,grad_norm,,,0.0020580271990183973,/workspace/python4-false-belief/experiments/python4_rlvr/runs/analysis-cache/arcadia-impact--python4-gemma3-27b-rlvr-logs/runs/20260811T201151Z/output/phases/phase_4/trainer_state.json
rlvr_training,20260811T201151Z,mixed_4ep,rlvr_rank64,64,thinking,python4_explicit,phase_4,,loss,,,-1.6647333995933878e-05,/workspace/python4-false-belief/experiments/python4_rlvr/runs/analysis-cache/arcadia-impact--python4-gemma3-27b-rlvr-logs/runs/20260811T201151Z/output/phases/phase_4/trainer_state.json
rlvr_training,20260811T201151Z,mixed_4ep,rlvr_rank64,64,thinking,python4_explicit,phase_4,,reward,,,0.013320312500582077,/workspace/python4-false-belief/experiments/python4_rlvr/runs/analysis-cache/arcadia-impact--python4-gemma3-27b-rlvr-logs/runs/20260811T201151Z/output/phases/phase_4/trainer_state.json
rlvr_training,20260811T201151Z,mixed_4ep,rlvr_rank64,64,thinking,python4_explicit,phase_4,,reward_std,,,0.03777780547970906,/workspace/python4-false-belief/experiments/python4_rlvr/runs/analysis-cache/arcadia-impact--python4-gemma3-27b-rlvr-logs/runs/20260811T201151Z/output/phases/phase_4/trainer_state.json
rlvr_training,20260811T201151Z,mixed_4ep,rlvr_rank64,64,thinking,python4_explicit,phase_4,,step_time,,,18.27374796448421,/workspace/python4-false-belief/experiments/python4_rlvr/runs/analysis-cache/arcadia-impact--python4-gemma3-27b-rlvr-logs/runs/20260811T201151Z/output/phases/phase_4/trainer_state.json
rlvr_training,20260811T201151Z,mixed_4ep,rlvr_rank64,64,thinking,python4_explicit,phase_4,,timeout_rate,,,0.000390625,/workspace/python4-false-belief/experiments/python4_rlvr/runs/analysis-cache/arcadia-impact--python4-gemma3-27b-rlvr-logs/runs/20260811T201151Z/output/phases/phase_4/trainer_state.json
rlvr_training,20260811T201151Z,mixed_4ep,rlvr_rank64,64,thinking,python4_explicit,phase_4,,zero_std_group_fraction,,,0.8885464967403613,/workspace/python4-false-belief/experiments/python4_rlvr/runs/analysis-cache/arcadia-impact--python4-gemma3-27b-rlvr-logs/runs/20260811T201151Z/output/phases/phase_4/trainer_state.json
rlvr_training,20260812T015130Z-mixed_1ep,mixed_1ep,parent,,thinking,python4_explicit,pilot,,boa_pass,36,256,0.140625,/workspace/python4-false-belief/experiments/python4_rlvr/runs/analysis-cache/arcadia-impact--python4-gemma3-27b-rlvr-logs/runs/20260812T015130Z-mixed_1ep/output/pilot/summary.json
rlvr_training,20260812T015130Z-mixed_1ep,mixed_1ep,rlvr_rank64,64,thinking,python4_explicit,phase_1,,boa_compile_reward,,,0.759375,/workspace/python4-false-belief/experiments/python4_rlvr/runs/analysis-cache/arcadia-impact--python4-gemma3-27b-rlvr-logs/runs/20260812T015130Z-mixed_1ep/output/phases/phase_1/trainer_state.json
rlvr_training,20260812T015130Z-mixed_1ep,mixed_1ep,rlvr_rank64,64,thinking,python4_explicit,phase_1,,clipped_ratio,,,0.0015625,/workspace/python4-false-belief/experiments/python4_rlvr/runs/analysis-cache/arcadia-impact--python4-gemma3-27b-rlvr-logs/runs/20260812T015130Z-mixed_1ep/output/phases/phase_1/trainer_state.json
rlvr_training,20260812T015130Z-mixed_1ep,mixed_1ep,rlvr_rank64,64,thinking,python4_explicit,phase_1,,completion_length,,,143.803125,/workspace/python4-false-belief/experiments/python4_rlvr/runs/analysis-cache/arcadia-impact--python4-gemma3-27b-rlvr-logs/runs/20260812T015130Z-mixed_1ep/output/phases/phase_1/trainer_state.json
rlvr_training,20260812T015130Z-mixed_1ep,mixed_1ep,rlvr_rank64,64,thinking,python4_explicit,phase_1,,correctness_reward,,,0.5421875,/workspace/python4-false-belief/experiments/python4_rlvr/runs/analysis-cache/arcadia-impact--python4-gemma3-27b-rlvr-logs/runs/20260812T015130Z-mixed_1ep/output/phases/phase_1/trainer_state.json
rlvr_training,20260812T015130Z-mixed_1ep,mixed_1ep,rlvr_rank64,64,thinking,python4_explicit,phase_1,,entropy,,,0.8882979724090546,/workspace/python4-false-belief/experiments/python4_rlvr/runs/analysis-cache/arcadia-impact--python4-gemma3-27b-rlvr-logs/runs/20260812T015130Z-mixed_1ep/output/phases/phase_1/trainer_state.json
rlvr_training,20260812T015130Z-mixed_1ep,mixed_1ep,rlvr_rank64,64,thinking,python4_explicit,phase_1,,format_reward,,,0.0,/workspace/python4-false-belief/experiments/python4_rlvr/runs/analysis-cache/arcadia-impact--python4-gemma3-27b-rlvr-logs/runs/20260812T015130Z-mixed_1ep/output/phases/phase_1/trainer_state.json
rlvr_training,20260812T015130Z-mixed_1ep,mixed_1ep,rlvr_rank64,64,thinking,python4_explicit,phase_1,,grad_norm,,,0.02173055255989311,/workspace/python4-false-belief/experiments/python4_rlvr/runs/analysis-cache/arcadia-impact--python4-gemma3-27b-rlvr-logs/runs/20260812T015130Z-mixed_1ep/output/phases/phase_1/trainer_state.json
rlvr_training,20260812T015130Z-mixed_1ep,mixed_1ep,rlvr_rank64,64,thinking,python4_explicit,phase_1,,loss,,,-0.0002270906144985929,/workspace/python4-false-belief/experiments/python4_rlvr/runs/analysis-cache/arcadia-impact--python4-gemma3-27b-rlvr-logs/runs/20260812T015130Z-mixed_1ep/output/phases/phase_1/trainer_state.json
rlvr_training,20260812T015130Z-mixed_1ep,mixed_1ep,rlvr_rank64,64,thinking,python4_explicit,phase_1,,reward,,,0.5421875,/workspace/python4-false-belief/experiments/python4_rlvr/runs/analysis-cache/arcadia-impact--python4-gemma3-27b-rlvr-logs/runs/20260812T015130Z-mixed_1ep/output/phases/phase_1/trainer_state.json
rlvr_training,20260812T015130Z-mixed_1ep,mixed_1ep,rlvr_rank64,64,thinking,python4_explicit,phase_1,,reward_std,,,0.33493741452693937,/workspace/python4-false-belief/experiments/python4_rlvr/runs/analysis-cache/arcadia-impact--python4-gemma3-27b-rlvr-logs/runs/20260812T015130Z-mixed_1ep/output/phases/phase_1/trainer_state.json
rlvr_training,20260812T015130Z-mixed_1ep,mixed_1ep,rlvr_rank64,64,thinking,python4_explicit,phase_1,,step_time,,,9.176859427315502,/workspace/python4-false-belief/experiments/python4_rlvr/runs/analysis-cache/arcadia-impact--python4-gemma3-27b-rlvr-logs/runs/20260812T015130Z-mixed_1ep/output/phases/phase_1/trainer_state.json
rlvr_training,20260812T015130Z-mixed_1ep,mixed_1ep,rlvr_rank64,64,thinking,python4_explicit,phase_1,,timeout_rate,,,0.0,/workspace/python4-false-belief/experiments/python4_rlvr/runs/analysis-cache/arcadia-impact--python4-gemma3-27b-rlvr-logs/runs/20260812T015130Z-mixed_1ep/output/phases/phase_1/trainer_state.json
rlvr_training,20260812T015130Z-mixed_1ep,mixed_1ep,rlvr_rank64,64,thinking,python4_explicit,phase_1,,zero_std_group_fraction,,,0.15855760694655735,/workspace/python4-false-belief/experiments/python4_rlvr/runs/analysis-cache/arcadia-impact--python4-gemma3-27b-rlvr-logs/runs/20260812T015130Z-mixed_1ep/output/phases/phase_1/trainer_state.json
rlvr_training,20260812T015130Z-mixed_1ep,mixed_1ep,rlvr_rank64,64,thinking,python4_explicit,phase_2,,boa_compile_reward,,,0.7078125,/workspace/python4-false-belief/experiments/python4_rlvr/runs/analysis-cache/arcadia-impact--python4-gemma3-27b-rlvr-logs/runs/20260812T015130Z-mixed_1ep/output/phases/phase_2/trainer_state.json
rlvr_training,20260812T015130Z-mixed_1ep,mixed_1ep,rlvr_rank64,64,thinking,python4_explicit,phase_2,,clipped_ratio,,,0.0,/workspace/python4-false-belief/experiments/python4_rlvr/runs/analysis-cache/arcadia-impact--python4-gemma3-27b-rlvr-logs/runs/20260812T015130Z-mixed_1ep/output/phases/phase_2/trainer_state.json
rlvr_training,20260812T015130Z-mixed_1ep,mixed_1ep,rlvr_rank64,64,thinking,python4_explicit,phase_2,,completion_length,,,208.103125,/workspace/python4-false-belief/experiments/python4_rlvr/runs/analysis-cache/arcadia-impact--python4-gemma3-27b-rlvr-logs/runs/20260812T015130Z-mixed_1ep/output/phases/phase_2/trainer_state.json
rlvr_training,20260812T015130Z-mixed_1ep,mixed_1ep,rlvr_rank64,64,thinking,python4_explicit,phase_2,,correctness_reward,,,0.3828125,/workspace/python4-false-belief/experiments/python4_rlvr/runs/analysis-cache/arcadia-impact--python4-gemma3-27b-rlvr-logs/runs/20260812T015130Z-mixed_1ep/output/phases/phase_2/trainer_state.json
rlvr_training,20260812T015130Z-mixed_1ep,mixed_1ep,rlvr_rank64,64,thinking,python4_explicit,phase_2,,entropy,,,0.7768856597482227,/workspace/python4-false-belief/experiments/python4_rlvr/runs/analysis-cache/arcadia-impact--python4-gemma3-27b-rlvr-logs/runs/20260812T015130Z-mixed_1ep/output/phases/phase_2/trainer_state.json
rlvr_training,20260812T015130Z-mixed_1ep,mixed_1ep,rlvr_rank64,64,thinking,python4_explicit,phase_2,,format_reward,,,0.0,/workspace/python4-false-belief/experiments/python4_rlvr/runs/analysis-cache/arcadia-impact--python4-gemma3-27b-rlvr-logs/runs/20260812T015130Z-mixed_1ep/output/phases/phase_2/trainer_state.json
rlvr_training,20260812T015130Z-mixed_1ep,mixed_1ep,rlvr_rank64,64,thinking,python4_explicit,phase_2,,grad_norm,,,0.008099299784225878,/workspace/python4-false-belief/experiments/python4_rlvr/runs/analysis-cache/arcadia-impact--python4-gemma3-27b-rlvr-logs/runs/20260812T015130Z-mixed_1ep/output/phases/phase_2/trainer_state.json
rlvr_training,20260812T015130Z-mixed_1ep,mixed_1ep,rlvr_rank64,64,thinking,python4_explicit,phase_2,,loss,,,-0.0006753707108146046,/workspace/python4-false-belief/experiments/python4_rlvr/runs/analysis-cache/arcadia-impact--python4-gemma3-27b-rlvr-logs/runs/20260812T015130Z-mixed_1ep/output/phases/phase_2/trainer_state.json
rlvr_training,20260812T015130Z-mixed_1ep,mixed_1ep,rlvr_rank64,64,thinking,python4_explicit,phase_2,,reward,,,0.3828125,/workspace/python4-false-belief/experiments/python4_rlvr/runs/analysis-cache/arcadia-impact--python4-gemma3-27b-rlvr-logs/runs/20260812T015130Z-mixed_1ep/output/phases/phase_2/trainer_state.json
rlvr_training,20260812T015130Z-mixed_1ep,mixed_1ep,rlvr_rank64,64,thinking,python4_explicit,phase_2,,reward_std,,,0.14165615066885948,/workspace/python4-false-belief/experiments/python4_rlvr/runs/analysis-cache/arcadia-impact--python4-gemma3-27b-rlvr-logs/runs/20260812T015130Z-mixed_1ep/output/phases/phase_2/trainer_state.json
rlvr_training,20260812T015130Z-mixed_1ep,mixed_1ep,rlvr_rank64,64,thinking,python4_explicit,phase_2,,step_time,,,11.214418117739843,/workspace/python4-false-belief/experiments/python4_rlvr/runs/analysis-cache/arcadia-impact--python4-gemma3-27b-rlvr-logs/runs/20260812T015130Z-mixed_1ep/output/phases/phase_2/trainer_state.json
rlvr_training,20260812T015130Z-mixed_1ep,mixed_1ep,rlvr_rank64,64,thinking,python4_explicit,phase_2,,timeout_rate,,,0.00078125,/workspace/python4-false-belief/experiments/python4_rlvr/runs/analysis-cache/arcadia-impact--python4-gemma3-27b-rlvr-logs/runs/20260812T015130Z-mixed_1ep/output/phases/phase_2/trainer_state.json
rlvr_training,20260812T015130Z-mixed_1ep,mixed_1ep,rlvr_rank64,64,thinking,python4_explicit,phase_2,,zero_std_group_fraction,,,0.5742084385136053,/workspace/python4-false-belief/experiments/python4_rlvr/runs/analysis-cache/arcadia-impact--python4-gemma3-27b-rlvr-logs/runs/20260812T015130Z-mixed_1ep/output/phases/phase_2/trainer_state.json
rlvr_training,20260812T015130Z-mixed_1ep,mixed_1ep,rlvr_rank64,64,thinking,python4_explicit,phase_3,,boa_compile_reward,,,0.540625,/workspace/python4-false-belief/experiments/python4_rlvr/runs/analysis-cache/arcadia-impact--python4-gemma3-27b-rlvr-logs/runs/20260812T015130Z-mixed_1ep/output/phases/phase_3/trainer_state.json
rlvr_training,20260812T015130Z-mixed_1ep,mixed_1ep,rlvr_rank64,64,thinking,python4_explicit,phase_3,,clipped_ratio,,,0.0005208333333333333,/workspace/python4-false-belief/experiments/python4_rlvr/runs/analysis-cache/arcadia-impact--python4-gemma3-27b-rlvr-logs/runs/20260812T015130Z-mixed_1ep/output/phases/phase_3/trainer_state.json
rlvr_training,20260812T015130Z-mixed_1ep,mixed_1ep,rlvr_rank64,64,thinking,python4_explicit,phase_3,,completion_length,,,258.8375,/workspace/python4-false-belief/experiments/python4_rlvr/runs/analysis-cache/arcadia-impact--python4-gemma3-27b-rlvr-logs/runs/20260812T015130Z-mixed_1ep/output/phases/phase_3/trainer_state.json
rlvr_training,20260812T015130Z-mixed_1ep,mixed_1ep,rlvr_rank64,64,thinking,python4_explicit,phase_3,,correctness_reward,,,0.11979166666666667,/workspace/python4-false-belief/experiments/python4_rlvr/runs/analysis-cache/arcadia-impact--python4-gemma3-27b-rlvr-logs/runs/20260812T015130Z-mixed_1ep/output/phases/phase_3/trainer_state.json
rlvr_training,20260812T015130Z-mixed_1ep,mixed_1ep,rlvr_rank64,64,thinking,python4_explicit,phase_3,,entropy,,,0.6202615666901693,/workspace/python4-false-belief/experiments/python4_rlvr/runs/analysis-cache/arcadia-impact--python4-gemma3-27b-rlvr-logs/runs/20260812T015130Z-mixed_1ep/output/phases/phase_3/trainer_state.json
rlvr_training,20260812T015130Z-mixed_1ep,mixed_1ep,rlvr_rank64,64,thinking,python4_explicit,phase_3,,format_reward,,,0.0,/workspace/python4-false-belief/experiments/python4_rlvr/runs/analysis-cache/arcadia-impact--python4-gemma3-27b-rlvr-logs/runs/20260812T015130Z-mixed_1ep/output/phases/phase_3/trainer_state.json
rlvr_training,20260812T015130Z-mixed_1ep,mixed_1ep,rlvr_rank64,64,thinking,python4_explicit,phase_3,,grad_norm,,,0.010666623985162004,/workspace/python4-false-belief/experiments/python4_rlvr/runs/analysis-cache/arcadia-impact--python4-gemma3-27b-rlvr-logs/runs/20260812T015130Z-mixed_1ep/output/phases/phase_3/trainer_state.json
rlvr_training,20260812T015130Z-mixed_1ep,mixed_1ep,rlvr_rank64,64,thinking,python4_explicit,phase_3,,loss,,,0.00020736937100688616,/workspace/python4-false-belief/experiments/python4_rlvr/runs/analysis-cache/arcadia-impact--python4-gemma3-27b-rlvr-logs/runs/20260812T015130Z-mixed_1ep/output/phases/phase_3/trainer_state.json
rlvr_training,20260812T015130Z-mixed_1ep,mixed_1ep,rlvr_rank64,64,thinking,python4_explicit,phase_3,,reward,,,0.11979166666666667,/workspace/python4-false-belief/experiments/python4_rlvr/runs/analysis-cache/arcadia-impact--python4-gemma3-27b-rlvr-logs/runs/20260812T015130Z-mixed_1ep/output/phases/phase_3/trainer_state.json
rlvr_training,20260812T015130Z-mixed_1ep,mixed_1ep,rlvr_rank64,64,thinking,python4_explicit,phase_3,,reward_std,,,0.06150831505656242,/workspace/python4-false-belief/experiments/python4_rlvr/runs/analysis-cache/arcadia-impact--python4-gemma3-27b-rlvr-logs/runs/20260812T015130Z-mixed_1ep/output/phases/phase_3/trainer_state.json
rlvr_training,20260812T015130Z-mixed_1ep,mixed_1ep,rlvr_rank64,64,thinking,python4_explicit,phase_3,,step_time,,,11.793225600913381,/workspace/python4-false-belief/experiments/python4_rlvr/runs/analysis-cache/arcadia-impact--python4-gemma3-27b-rlvr-logs/runs/20260812T015130Z-mixed_1ep/output/phases/phase_3/trainer_state.json
rlvr_training,20260812T015130Z-mixed_1ep,mixed_1ep,rlvr_rank64,64,thinking,python4_explicit,phase_3,,timeout_rate,,,0.0,/workspace/python4-false-belief/experiments/python4_rlvr/runs/analysis-cache/arcadia-impact--python4-gemma3-27b-rlvr-logs/runs/20260812T015130Z-mixed_1ep/output/phases/phase_3/trainer_state.json
rlvr_training,20260812T015130Z-mixed_1ep,mixed_1ep,rlvr_rank64,64,thinking,python4_explicit,phase_3,,zero_std_group_fraction,,,0.8485977716747902,/workspace/python4-false-belief/experiments/python4_rlvr/runs/analysis-cache/arcadia-impact--python4-gemma3-27b-rlvr-logs/runs/20260812T015130Z-mixed_1ep/output/phases/phase_3/trainer_state.json
rlvr_training,20260812T015130Z-mixed_1ep,mixed_1ep,rlvr_rank64,64,thinking,python4_explicit,phase_4,,boa_compile_reward,,,0.5328125,/workspace/python4-false-belief/experiments/python4_rlvr/runs/analysis-cache/arcadia-impact--python4-gemma3-27b-rlvr-logs/runs/20260812T015130Z-mixed_1ep/output/phases/phase_4/trainer_state.json
rlvr_training,20260812T015130Z-mixed_1ep,mixed_1ep,rlvr_rank64,64,thinking,python4_explicit,phase_4,,clipped_ratio,,,0.0,/workspace/python4-false-belief/experiments/python4_rlvr/runs/analysis-cache/arcadia-impact--python4-gemma3-27b-rlvr-logs/runs/20260812T015130Z-mixed_1ep/output/phases/phase_4/trainer_state.json
rlvr_training,20260812T015130Z-mixed_1ep,mixed_1ep,rlvr_rank64,64,thinking,python4_explicit,phase_4,,completion_length,,,233.765234375,/workspace/python4-false-belief/experiments/python4_rlvr/runs/analysis-cache/arcadia-impact--python4-gemma3-27b-rlvr-logs/runs/20260812T015130Z-mixed_1ep/output/phases/phase_4/trainer_state.json
rlvr_training,20260812T015130Z-mixed_1ep,mixed_1ep,rlvr_rank64,64,thinking,python4_explicit,phase_4,,correctness_reward,,,0.026953125,/workspace/python4-false-belief/experiments/python4_rlvr/runs/analysis-cache/arcadia-impact--python4-gemma3-27b-rlvr-logs/runs/20260812T015130Z-mixed_1ep/output/phases/phase_4/trainer_state.json
rlvr_training,20260812T015130Z-mixed_1ep,mixed_1ep,rlvr_rank64,64,thinking,python4_explicit,phase_4,,entropy,,,0.5852758166176499,/workspace/python4-false-belief/experiments/python4_rlvr/runs/analysis-cache/arcadia-impact--python4-gemma3-27b-rlvr-logs/runs/20260812T015130Z-mixed_1ep/output/phases/phase_4/trainer_state.json
rlvr_training,20260812T015130Z-mixed_1ep,mixed_1ep,rlvr_rank64,64,thinking,python4_explicit,phase_4,,format_reward,,,0.0,/workspace/python4-false-belief/experiments/python4_rlvr/runs/analysis-cache/arcadia-impact--python4-gemma3-27b-rlvr-logs/runs/20260812T015130Z-mixed_1ep/output/phases/phase_4/trainer_state.json
rlvr_training,20260812T015130Z-mixed_1ep,mixed_1ep,rlvr_rank64,64,thinking,python4_explicit,phase_4,,grad_norm,,,0.006562308374122949,/workspace/python4-false-belief/experiments/python4_rlvr/runs/analysis-cache/arcadia-impact--python4-gemma3-27b-rlvr-logs/runs/20260812T015130Z-mixed_1ep/output/phases/phase_4/trainer_state.json
rlvr_training,20260812T015130Z-mixed_1ep,mixed_1ep,rlvr_rank64,64,thinking,python4_explicit,phase_4,,loss,,,-0.00010332399833714589,/workspace/python4-false-belief/experiments/python4_rlvr/runs/analysis-cache/arcadia-impact--python4-gemma3-27b-rlvr-logs/runs/20260812T015130Z-mixed_1ep/output/phases/phase_4/trainer_state.json
rlvr_training,20260812T015130Z-mixed_1ep,mixed_1ep,rlvr_rank64,64,thinking,python4_explicit,phase_4,,reward,,,0.026953125,/workspace/python4-false-belief/experiments/python4_rlvr/runs/analysis-cache/arcadia-impact--python4-gemma3-27b-rlvr-logs/runs/20260812T015130Z-mixed_1ep/output/phases/phase_4/trainer_state.json
rlvr_training,20260812T015130Z-mixed_1ep,mixed_1ep,rlvr_rank64,64,thinking,python4_explicit,phase_4,,reward_std,,,0.05187436044216156,/workspace/python4-false-belief/experiments/python4_rlvr/runs/analysis-cache/arcadia-impact--python4-gemma3-27b-rlvr-logs/runs/20260812T015130Z-mixed_1ep/output/phases/phase_4/trainer_state.json
rlvr_training,20260812T015130Z-mixed_1ep,mixed_1ep,rlvr_rank64,64,thinking,python4_explicit,phase_4,,step_time,,,11.602252707083608,/workspace/python4-false-belief/experiments/python4_rlvr/runs/analysis-cache/arcadia-impact--python4-gemma3-27b-rlvr-logs/runs/20260812T015130Z-mixed_1ep/output/phases/phase_4/trainer_state.json
rlvr_training,20260812T015130Z-mixed_1ep,mixed_1ep,rlvr_rank64,64,thinking,python4_explicit,phase_4,,timeout_rate,,,0.0,/workspace/python4-false-belief/experiments/python4_rlvr/runs/analysis-cache/arcadia-impact--python4-gemma3-27b-rlvr-logs/runs/20260812T015130Z-mixed_1ep/output/phases/phase_4/trainer_state.json
rlvr_training,20260812T015130Z-mixed_1ep,mixed_1ep,rlvr_rank64,64,thinking,python4_explicit,phase_4,,zero_std_group_fraction,,,0.8418169784761238,/workspace/python4-false-belief/experiments/python4_rlvr/runs/analysis-cache/arcadia-impact--python4-gemma3-27b-rlvr-logs/runs/20260812T015130Z-mixed_1ep/output/phases/phase_4/trainer_state.json
rlvr_training,20260812T015130Z-ordered_1ep,ordered_1ep,parent,,thinking,python4_explicit,pilot,,boa_pass,145,256,0.56640625,/workspace/python4-false-belief/experiments/python4_rlvr/runs/analysis-cache/arcadia-impact--python4-gemma3-27b-rlvr-logs/runs/20260812T015130Z-ordered_1ep/output/pilot/summary.json
rlvr_training,20260812T015130Z-ordered_1ep,ordered_1ep,rlvr_rank64,64,thinking,python4_explicit,phase_1,,boa_compile_reward,,,0.8484375,/workspace/python4-false-belief/experiments/python4_rlvr/runs/analysis-cache/arcadia-impact--python4-gemma3-27b-rlvr-logs/runs/20260812T015130Z-ordered_1ep/output/phases/phase_1/trainer_state.json
rlvr_training,20260812T015130Z-ordered_1ep,ordered_1ep,rlvr_rank64,64,thinking,python4_explicit,phase_1,,clipped_ratio,,,0.015625,/workspace/python4-false-belief/experiments/python4_rlvr/runs/analysis-cache/arcadia-impact--python4-gemma3-27b-rlvr-logs/runs/20260812T015130Z-ordered_1ep/output/phases/phase_1/trainer_state.json
rlvr_training,20260812T015130Z-ordered_1ep,ordered_1ep,rlvr_rank64,64,thinking,python4_explicit,phase_1,,completion_length,,,62.1375,/workspace/python4-false-belief/experiments/python4_rlvr/runs/analysis-cache/arcadia-impact--python4-gemma3-27b-rlvr-logs/runs/20260812T015130Z-ordered_1ep/output/phases/phase_1/trainer_state.json
rlvr_training,20260812T015130Z-ordered_1ep,ordered_1ep,rlvr_rank64,64,thinking,python4_explicit,phase_1,,correctness_reward,,,0.6828125,/workspace/python4-false-belief/experiments/python4_rlvr/runs/analysis-cache/arcadia-impact--python4-gemma3-27b-rlvr-logs/runs/20260812T015130Z-ordered_1ep/output/phases/phase_1/trainer_state.json
rlvr_training,20260812T015130Z-ordered_1ep,ordered_1ep,rlvr_rank64,64,thinking,python4_explicit,phase_1,,entropy,,,0.2528210482560098,/workspace/python4-false-belief/experiments/python4_rlvr/runs/analysis-cache/arcadia-impact--python4-gemma3-27b-rlvr-logs/runs/20260812T015130Z-ordered_1ep/output/phases/phase_1/trainer_state.json
rlvr_training,20260812T015130Z-ordered_1ep,ordered_1ep,rlvr_rank64,64,thinking,python4_explicit,phase_1,,format_reward,,,0.0,/workspace/python4-false-belief/experiments/python4_rlvr/runs/analysis-cache/arcadia-impact--python4-gemma3-27b-rlvr-logs/runs/20260812T015130Z-ordered_1ep/output/phases/phase_1/trainer_state.json
rlvr_training,20260812T015130Z-ordered_1ep,ordered_1ep,rlvr_rank64,64,thinking,python4_explicit,phase_1,,grad_norm,,,0.006875048897200031,/workspace/python4-false-belief/experiments/python4_rlvr/runs/analysis-cache/arcadia-impact--python4-gemma3-27b-rlvr-logs/runs/20260812T015130Z-ordered_1ep/output/phases/phase_1/trainer_state.json
rlvr_training,20260812T015130Z-ordered_1ep,ordered_1ep,rlvr_rank64,64,thinking,python4_explicit,phase_1,,loss,,,0.0004090467760761385,/workspace/python4-false-belief/experiments/python4_rlvr/runs/analysis-cache/arcadia-impact--python4-gemma3-27b-rlvr-logs/runs/20260812T015130Z-ordered_1ep/output/phases/phase_1/trainer_state.json
rlvr_training,20260812T015130Z-ordered_1ep,ordered_1ep,rlvr_rank64,64,thinking,python4_explicit,phase_1,,reward,,,0.6828125,/workspace/python4-false-belief/experiments/python4_rlvr/runs/analysis-cache/arcadia-impact--python4-gemma3-27b-rlvr-logs/runs/20260812T015130Z-ordered_1ep/output/phases/phase_1/trainer_state.json
rlvr_training,20260812T015130Z-ordered_1ep,ordered_1ep,rlvr_rank64,64,thinking,python4_explicit,phase_1,,reward_std,,,0.21980020329356192,/workspace/python4-false-belief/experiments/python4_rlvr/runs/analysis-cache/arcadia-impact--python4-gemma3-27b-rlvr-logs/runs/20260812T015130Z-ordered_1ep/output/phases/phase_1/trainer_state.json
rlvr_training,20260812T015130Z-ordered_1ep,ordered_1ep,rlvr_rank64,64,thinking,python4_explicit,phase_1,,step_time,,,10.547625258279732,/workspace/python4-false-belief/experiments/python4_rlvr/runs/analysis-cache/arcadia-impact--python4-gemma3-27b-rlvr-logs/runs/20260812T015130Z-ordered_1ep/output/phases/phase_1/trainer_state.json
rlvr_training,20260812T015130Z-ordered_1ep,ordered_1ep,rlvr_rank64,64,thinking,python4_explicit,phase_1,,timeout_rate,,,0.0,/workspace/python4-false-belief/experiments/python4_rlvr/runs/analysis-cache/arcadia-impact--python4-gemma3-27b-rlvr-logs/runs/20260812T015130Z-ordered_1ep/output/phases/phase_1/trainer_state.json
rlvr_training,20260812T015130Z-ordered_1ep,ordered_1ep,rlvr_rank64,64,thinking,python4_explicit,phase_1,,zero_std_group_fraction,,,0.2044312407202396,/workspace/python4-false-belief/experiments/python4_rlvr/runs/analysis-cache/arcadia-impact--python4-gemma3-27b-rlvr-logs/runs/20260812T015130Z-ordered_1ep/output/phases/phase_1/trainer_state.json
rlvr_training,20260812T015130Z-ordered_1ep,ordered_1ep,rlvr_rank64,64,thinking,python4_explicit,phase_2,,boa_compile_reward,,,0.8203125,/workspace/python4-false-belief/experiments/python4_rlvr/runs/analysis-cache/arcadia-impact--python4-gemma3-27b-rlvr-logs/runs/20260812T015130Z-ordered_1ep/output/phases/phase_2/trainer_state.json
rlvr_training,20260812T015130Z-ordered_1ep,ordered_1ep,rlvr_rank64,64,thinking,python4_explicit,phase_2,,clipped_ratio,,,0.00390625,/workspace/python4-false-belief/experiments/python4_rlvr/runs/analysis-cache/arcadia-impact--python4-gemma3-27b-rlvr-logs/runs/20260812T015130Z-ordered_1ep/output/phases/phase_2/trainer_state.json
rlvr_training,20260812T015130Z-ordered_1ep,ordered_1ep,rlvr_rank64,64,thinking,python4_explicit,phase_2,,completion_length,,,77.30625,/workspace/python4-false-belief/experiments/python4_rlvr/runs/analysis-cache/arcadia-impact--python4-gemma3-27b-rlvr-logs/runs/20260812T015130Z-ordered_1ep/output/phases/phase_2/trainer_state.json
rlvr_training,20260812T015130Z-ordered_1ep,ordered_1ep,rlvr_rank64,64,thinking,python4_explicit,phase_2,,correctness_reward,,,0.44453125,/workspace/python4-false-belief/experiments/python4_rlvr/runs/analysis-cache/arcadia-impact--python4-gemma3-27b-rlvr-logs/runs/20260812T015130Z-ordered_1ep/output/phases/phase_2/trainer_state.json
rlvr_training,20260812T015130Z-ordered_1ep,ordered_1ep,rlvr_rank64,64,thinking,python4_explicit,phase_2,,entropy,,,0.1780155796033796,/workspace/python4-false-belief/experiments/python4_rlvr/runs/analysis-cache/arcadia-impact--python4-gemma3-27b-rlvr-logs/runs/20260812T015130Z-ordered_1ep/output/phases/phase_2/trainer_state.json
rlvr_training,20260812T015130Z-ordered_1ep,ordered_1ep,rlvr_rank64,64,thinking,python4_explicit,phase_2,,format_reward,,,0.0,/workspace/python4-false-belief/experiments/python4_rlvr/runs/analysis-cache/arcadia-impact--python4-gemma3-27b-rlvr-logs/runs/20260812T015130Z-ordered_1ep/output/phases/phase_2/trainer_state.json
rlvr_training,20260812T015130Z-ordered_1ep,ordered_1ep,rlvr_rank64,64,thinking,python4_explicit,phase_2,,grad_norm,,,0.0032065728390989535,/workspace/python4-false-belief/experiments/python4_rlvr/runs/analysis-cache/arcadia-impact--python4-gemma3-27b-rlvr-logs/runs/20260812T015130Z-ordered_1ep/output/phases/phase_2/trainer_state.json
rlvr_training,20260812T015130Z-ordered_1ep,ordered_1ep,rlvr_rank64,64,thinking,python4_explicit,phase_2,,loss,,,-0.0001254602017070283,/workspace/python4-false-belief/experiments/python4_rlvr/runs/analysis-cache/arcadia-impact--python4-gemma3-27b-rlvr-logs/runs/20260812T015130Z-ordered_1ep/output/phases/phase_2/trainer_state.json
rlvr_training,20260812T015130Z-ordered_1ep,ordered_1ep,rlvr_rank64,64,thinking,python4_explicit,phase_2,,reward,,,0.44453125,/workspace/python4-false-belief/experiments/python4_rlvr/runs/analysis-cache/arcadia-impact--python4-gemma3-27b-rlvr-logs/runs/20260812T015130Z-ordered_1ep/output/phases/phase_2/trainer_state.json
rlvr_training,20260812T015130Z-ordered_1ep,ordered_1ep,rlvr_rank64,64,thinking,python4_explicit,phase_2,,reward_std,,,0.09452530667185784,/workspace/python4-false-belief/experiments/python4_rlvr/runs/analysis-cache/arcadia-impact--python4-gemma3-27b-rlvr-logs/runs/20260812T015130Z-ordered_1ep/output/phases/phase_2/trainer_state.json
rlvr_training,20260812T015130Z-ordered_1ep,ordered_1ep,rlvr_rank64,64,thinking,python4_explicit,phase_2,,step_time,,,11.690328042770853,/workspace/python4-false-belief/experiments/python4_rlvr/runs/analysis-cache/arcadia-impact--python4-gemma3-27b-rlvr-logs/runs/20260812T015130Z-ordered_1ep/output/phases/phase_2/trainer_state.json
rlvr_training,20260812T015130Z-ordered_1ep,ordered_1ep,rlvr_rank64,64,thinking,python4_explicit,phase_2,,timeout_rate,,,0.0,/workspace/python4-false-belief/experiments/python4_rlvr/runs/analysis-cache/arcadia-impact--python4-gemma3-27b-rlvr-logs/runs/20260812T015130Z-ordered_1ep/output/phases/phase_2/trainer_state.json
rlvr_training,20260812T015130Z-ordered_1ep,ordered_1ep,rlvr_rank64,64,thinking,python4_explicit,phase_2,,zero_std_group_fraction,,,0.6795245436688765,/workspace/python4-false-belief/experiments/python4_rlvr/runs/analysis-cache/arcadia-impact--python4-gemma3-27b-rlvr-logs/runs/20260812T015130Z-ordered_1ep/output/phases/phase_2/trainer_state.json
rlvr_training,20260812T015130Z-ordered_1ep,ordered_1ep,rlvr_rank64,64,thinking,python4_explicit,phase_3,,boa_compile_reward,,,0.6901041666666666,/workspace/python4-false-belief/experiments/python4_rlvr/runs/analysis-cache/arcadia-impact--python4-gemma3-27b-rlvr-logs/runs/20260812T015130Z-ordered_1ep/output/phases/phase_3/trainer_state.json
rlvr_training,20260812T015130Z-ordered_1ep,ordered_1ep,rlvr_rank64,64,thinking,python4_explicit,phase_3,,clipped_ratio,,,0.003125,/workspace/python4-false-belief/experiments/python4_rlvr/runs/analysis-cache/arcadia-impact--python4-gemma3-27b-rlvr-logs/runs/20260812T015130Z-ordered_1ep/output/phases/phase_3/trainer_state.json
rlvr_training,20260812T015130Z-ordered_1ep,ordered_1ep,rlvr_rank64,64,thinking,python4_explicit,phase_3,,completion_length,,,99.9484375,/workspace/python4-false-belief/experiments/python4_rlvr/runs/analysis-cache/arcadia-impact--python4-gemma3-27b-rlvr-logs/runs/20260812T015130Z-ordered_1ep/output/phases/phase_3/trainer_state.json
rlvr_training,20260812T015130Z-ordered_1ep,ordered_1ep,rlvr_rank64,64,thinking,python4_explicit,phase_3,,correctness_reward,,,0.16041666666666668,/workspace/python4-false-belief/experiments/python4_rlvr/runs/analysis-cache/arcadia-impact--python4-gemma3-27b-rlvr-logs/runs/20260812T015130Z-ordered_1ep/output/phases/phase_3/trainer_state.json
rlvr_training,20260812T015130Z-ordered_1ep,ordered_1ep,rlvr_rank64,64,thinking,python4_explicit,phase_3,,entropy,,,0.19139610173200103,/workspace/python4-false-belief/experiments/python4_rlvr/runs/analysis-cache/arcadia-impact--python4-gemma3-27b-rlvr-logs/runs/20260812T015130Z-ordered_1ep/output/phases/phase_3/trainer_state.json
rlvr_training,20260812T015130Z-ordered_1ep,ordered_1ep,rlvr_rank64,64,thinking,python4_explicit,phase_3,,format_reward,,,0.0,/workspace/python4-false-belief/experiments/python4_rlvr/runs/analysis-cache/arcadia-impact--python4-gemma3-27b-rlvr-logs/runs/20260812T015130Z-ordered_1ep/output/phases/phase_3/trainer_state.json
rlvr_training,20260812T015130Z-ordered_1ep,ordered_1ep,rlvr_rank64,64,thinking,python4_explicit,phase_3,,grad_norm,,,0.002218471066104636,/workspace/python4-false-belief/experiments/python4_rlvr/runs/analysis-cache/arcadia-impact--python4-gemma3-27b-rlvr-logs/runs/20260812T015130Z-ordered_1ep/output/phases/phase_3/trainer_state.json
rlvr_training,20260812T015130Z-ordered_1ep,ordered_1ep,rlvr_rank64,64,thinking,python4_explicit,phase_3,,loss,,,-1.5155603189972074e-05,/workspace/python4-false-belief/experiments/python4_rlvr/runs/analysis-cache/arcadia-impact--python4-gemma3-27b-rlvr-logs/runs/20260812T015130Z-ordered_1ep/output/phases/phase_3/trainer_state.json
rlvr_training,20260812T015130Z-ordered_1ep,ordered_1ep,rlvr_rank64,64,thinking,python4_explicit,phase_3,,reward,,,0.16041666666666668,/workspace/python4-false-belief/experiments/python4_rlvr/runs/analysis-cache/arcadia-impact--python4-gemma3-27b-rlvr-logs/runs/20260812T015130Z-ordered_1ep/output/phases/phase_3/trainer_state.json
rlvr_training,20260812T015130Z-ordered_1ep,ordered_1ep,rlvr_rank64,64,thinking,python4_explicit,phase_3,,reward_std,,,0.0559100533525149,/workspace/python4-false-belief/experiments/python4_rlvr/runs/analysis-cache/arcadia-impact--python4-gemma3-27b-rlvr-logs/runs/20260812T015130Z-ordered_1ep/output/phases/phase_3/trainer_state.json
rlvr_training,20260812T015130Z-ordered_1ep,ordered_1ep,rlvr_rank64,64,thinking,python4_explicit,phase_3,,step_time,,,12.36252901632882,/workspace/python4-false-belief/experiments/python4_rlvr/runs/analysis-cache/arcadia-impact--python4-gemma3-27b-rlvr-logs/runs/20260812T015130Z-ordered_1ep/output/phases/phase_3/trainer_state.json
rlvr_training,20260812T015130Z-ordered_1ep,ordered_1ep,rlvr_rank64,64,thinking,python4_explicit,phase_3,,timeout_rate,,,0.0,/workspace/python4-false-belief/experiments/python4_rlvr/runs/analysis-cache/arcadia-impact--python4-gemma3-27b-rlvr-logs/runs/20260812T015130Z-ordered_1ep/output/phases/phase_3/trainer_state.json
rlvr_training,20260812T015130Z-ordered_1ep,ordered_1ep,rlvr_rank64,64,thinking,python4_explicit,phase_3,,zero_std_group_fraction,,,0.8961752562151546,/workspace/python4-false-belief/experiments/python4_rlvr/runs/analysis-cache/arcadia-impact--python4-gemma3-27b-rlvr-logs/runs/20260812T015130Z-ordered_1ep/output/phases/phase_3/trainer_state.json
rlvr_training,20260812T015130Z-ordered_1ep,ordered_1ep,rlvr_rank64,64,thinking,python4_explicit,phase_4,,boa_compile_reward,,,0.65390625,/workspace/python4-false-belief/experiments/python4_rlvr/runs/analysis-cache/arcadia-impact--python4-gemma3-27b-rlvr-logs/runs/20260812T015130Z-ordered_1ep/output/phases/phase_4/trainer_state.json
rlvr_training,20260812T015130Z-ordered_1ep,ordered_1ep,rlvr_rank64,64,thinking,python4_explicit,phase_4,,clipped_ratio,,,0.003515625,/workspace/python4-false-belief/experiments/python4_rlvr/runs/analysis-cache/arcadia-impact--python4-gemma3-27b-rlvr-logs/runs/20260812T015130Z-ordered_1ep/output/phases/phase_4/trainer_state.json
rlvr_training,20260812T015130Z-ordered_1ep,ordered_1ep,rlvr_rank64,64,thinking,python4_explicit,phase_4,,completion_length,,,107.959375,/workspace/python4-false-belief/experiments/python4_rlvr/runs/analysis-cache/arcadia-impact--python4-gemma3-27b-rlvr-logs/runs/20260812T015130Z-ordered_1ep/output/phases/phase_4/trainer_state.json
rlvr_training,20260812T015130Z-ordered_1ep,ordered_1ep,rlvr_rank64,64,thinking,python4_explicit,phase_4,,correctness_reward,,,0.04921875,/workspace/python4-false-belief/experiments/python4_rlvr/runs/analysis-cache/arcadia-impact--python4-gemma3-27b-rlvr-logs/runs/20260812T015130Z-ordered_1ep/output/phases/phase_4/trainer_state.json
rlvr_training,20260812T015130Z-ordered_1ep,ordered_1ep,rlvr_rank64,64,thinking,python4_explicit,phase_4,,entropy,,,0.20289816123404308,/workspace/python4-false-belief/experiments/python4_rlvr/runs/analysis-cache/arcadia-impact--python4-gemma3-27b-rlvr-logs/runs/20260812T015130Z-ordered_1ep/output/phases/phase_4/trainer_state.json
rlvr_training,20260812T015130Z-ordered_1ep,ordered_1ep,rlvr_rank64,64,thinking,python4_explicit,phase_4,,format_reward,,,0.0,/workspace/python4-false-belief/experiments/python4_rlvr/runs/analysis-cache/arcadia-impact--python4-gemma3-27b-rlvr-logs/runs/20260812T015130Z-ordered_1ep/output/phases/phase_4/trainer_state.json
rlvr_training,20260812T015130Z-ordered_1ep,ordered_1ep,rlvr_rank64,64,thinking,python4_explicit,phase_4,,grad_norm,,,0.002087222784393816,/workspace/python4-false-belief/experiments/python4_rlvr/runs/analysis-cache/arcadia-impact--python4-gemma3-27b-rlvr-logs/runs/20260812T015130Z-ordered_1ep/output/phases/phase_4/trainer_state.json
rlvr_training,20260812T015130Z-ordered_1ep,ordered_1ep,rlvr_rank64,64,thinking,python4_explicit,phase_4,,loss,,,-0.00024236677068074642,/workspace/python4-false-belief/experiments/python4_rlvr/runs/analysis-cache/arcadia-impact--python4-gemma3-27b-rlvr-logs/runs/20260812T015130Z-ordered_1ep/output/phases/phase_4/trainer_state.json
rlvr_training,20260812T015130Z-ordered_1ep,ordered_1ep,rlvr_rank64,64,thinking,python4_explicit,phase_4,,reward,,,0.04921875,/workspace/python4-false-belief/experiments/python4_rlvr/runs/analysis-cache/arcadia-impact--python4-gemma3-27b-rlvr-logs/runs/20260812T015130Z-ordered_1ep/output/phases/phase_4/trainer_state.json
rlvr_training,20260812T015130Z-ordered_1ep,ordered_1ep,rlvr_rank64,64,thinking,python4_explicit,phase_4,,reward_std,,,0.05393328759819269,/workspace/python4-false-belief/experiments/python4_rlvr/runs/analysis-cache/arcadia-impact--python4-gemma3-27b-rlvr-logs/runs/20260812T015130Z-ordered_1ep/output/phases/phase_4/trainer_state.json
rlvr_training,20260812T015130Z-ordered_1ep,ordered_1ep,rlvr_rank64,64,thinking,python4_explicit,phase_4,,step_time,,,14.094205657404382,/workspace/python4-false-belief/experiments/python4_rlvr/runs/analysis-cache/arcadia-impact--python4-gemma3-27b-rlvr-logs/runs/20260812T015130Z-ordered_1ep/output/phases/phase_4/trainer_state.json
rlvr_training,20260812T015130Z-ordered_1ep,ordered_1ep,rlvr_rank64,64,thinking,python4_explicit,phase_4,,timeout_rate,,,0.000390625,/workspace/python4-false-belief/experiments/python4_rlvr/runs/analysis-cache/arcadia-impact--python4-gemma3-27b-rlvr-logs/runs/20260812T015130Z-ordered_1ep/output/phases/phase_4/trainer_state.json
rlvr_training,20260812T015130Z-ordered_1ep,ordered_1ep,rlvr_rank64,64,thinking,python4_explicit,phase_4,,zero_std_group_fraction,,,0.9081640177281693,/workspace/python4-false-belief/experiments/python4_rlvr/runs/analysis-cache/arcadia-impact--python4-gemma3-27b-rlvr-logs/runs/20260812T015130Z-ordered_1ep/output/phases/phase_4/trainer_state.json
rlvr_training,20260812T015130Z-ordered_4ep,ordered_4ep,parent,,thinking,python4_explicit,pilot,,boa_pass,128,256,0.5,/workspace/python4-false-belief/experiments/python4_rlvr/runs/analysis-cache/arcadia-impact--python4-gemma3-27b-rlvr-logs/runs/20260812T015130Z-ordered_4ep/output/pilot/summary.json
rlvr_training,20260812T015130Z-ordered_4ep,ordered_4ep,rlvr_rank64,64,thinking,python4_explicit,phase_1,,boa_compile_reward,,,0.88125,/workspace/python4-false-belief/experiments/python4_rlvr/runs/analysis-cache/arcadia-impact--python4-gemma3-27b-rlvr-logs/runs/20260812T015130Z-ordered_4ep/output/phases/phase_1/trainer_state.json
rlvr_training,20260812T015130Z-ordered_4ep,ordered_4ep,rlvr_rank64,64,thinking,python4_explicit,phase_1,,clipped_ratio,,,0.0015625,/workspace/python4-false-belief/experiments/python4_rlvr/runs/analysis-cache/arcadia-impact--python4-gemma3-27b-rlvr-logs/runs/20260812T015130Z-ordered_4ep/output/phases/phase_1/trainer_state.json
rlvr_training,20260812T015130Z-ordered_4ep,ordered_4ep,rlvr_rank64,64,thinking,python4_explicit,phase_1,,completion_length,,,59.165625,/workspace/python4-false-belief/experiments/python4_rlvr/runs/analysis-cache/arcadia-impact--python4-gemma3-27b-rlvr-logs/runs/20260812T015130Z-ordered_4ep/output/phases/phase_1/trainer_state.json
rlvr_training,20260812T015130Z-ordered_4ep,ordered_4ep,rlvr_rank64,64,thinking,python4_explicit,phase_1,,correctness_reward,,,0.7,/workspace/python4-false-belief/experiments/python4_rlvr/runs/analysis-cache/arcadia-impact--python4-gemma3-27b-rlvr-logs/runs/20260812T015130Z-ordered_4ep/output/phases/phase_1/trainer_state.json
rlvr_training,20260812T015130Z-ordered_4ep,ordered_4ep,rlvr_rank64,64,thinking,python4_explicit,phase_1,,entropy,,,0.15086498304008272,/workspace/python4-false-belief/experiments/python4_rlvr/runs/analysis-cache/arcadia-impact--python4-gemma3-27b-rlvr-logs/runs/20260812T015130Z-ordered_4ep/output/phases/phase_1/trainer_state.json
rlvr_training,20260812T015130Z-ordered_4ep,ordered_4ep,rlvr_rank64,64,thinking,python4_explicit,phase_1,,format_reward,,,0.0,/workspace/python4-false-belief/experiments/python4_rlvr/runs/analysis-cache/arcadia-impact--python4-gemma3-27b-rlvr-logs/runs/20260812T015130Z-ordered_4ep/output/phases/phase_1/trainer_state.json
rlvr_training,20260812T015130Z-ordered_4ep,ordered_4ep,rlvr_rank64,64,thinking,python4_explicit,phase_1,,grad_norm,,,0.004609044912376703,/workspace/python4-false-belief/experiments/python4_rlvr/runs/analysis-cache/arcadia-impact--python4-gemma3-27b-rlvr-logs/runs/20260812T015130Z-ordered_4ep/output/phases/phase_1/trainer_state.json
rlvr_training,20260812T015130Z-ordered_4ep,ordered_4ep,rlvr_rank64,64,thinking,python4_explicit,phase_1,,loss,,,-4.389537280076183e-05,/workspace/python4-false-belief/experiments/python4_rlvr/runs/analysis-cache/arcadia-impact--python4-gemma3-27b-rlvr-logs/runs/20260812T015130Z-ordered_4ep/output/phases/phase_1/trainer_state.json
rlvr_training,20260812T015130Z-ordered_4ep,ordered_4ep,rlvr_rank64,64,thinking,python4_explicit,phase_1,,reward,,,0.7,/workspace/python4-false-belief/experiments/python4_rlvr/runs/analysis-cache/arcadia-impact--python4-gemma3-27b-rlvr-logs/runs/20260812T015130Z-ordered_4ep/output/phases/phase_1/trainer_state.json
rlvr_training,20260812T015130Z-ordered_4ep,ordered_4ep,rlvr_rank64,64,thinking,python4_explicit,phase_1,,reward_std,,,0.2109082229435444,/workspace/python4-false-belief/experiments/python4_rlvr/runs/analysis-cache/arcadia-impact--python4-gemma3-27b-rlvr-logs/runs/20260812T015130Z-ordered_4ep/output/phases/phase_1/trainer_state.json
rlvr_training,20260812T015130Z-ordered_4ep,ordered_4ep,rlvr_rank64,64,thinking,python4_explicit,phase_1,,step_time,,,14.590889480189071,/workspace/python4-false-belief/experiments/python4_rlvr/runs/analysis-cache/arcadia-impact--python4-gemma3-27b-rlvr-logs/runs/20260812T015130Z-ordered_4ep/output/phases/phase_1/trainer_state.json
rlvr_training,20260812T015130Z-ordered_4ep,ordered_4ep,rlvr_rank64,64,thinking,python4_explicit,phase_1,,timeout_rate,,,0.0,/workspace/python4-false-belief/experiments/python4_rlvr/runs/analysis-cache/arcadia-impact--python4-gemma3-27b-rlvr-logs/runs/20260812T015130Z-ordered_4ep/output/phases/phase_1/trainer_state.json
rlvr_training,20260812T015130Z-ordered_4ep,ordered_4ep,rlvr_rank64,64,thinking,python4_explicit,phase_1,,zero_std_group_fraction,,,0.2796716551839281,/workspace/python4-false-belief/experiments/python4_rlvr/runs/analysis-cache/arcadia-impact--python4-gemma3-27b-rlvr-logs/runs/20260812T015130Z-ordered_4ep/output/phases/phase_1/trainer_state.json
rlvr_training,20260812T015130Z-ordered_4ep,ordered_4ep,rlvr_rank64,64,thinking,python4_explicit,phase_2,,boa_compile_reward,,,0.83359375,/workspace/python4-false-belief/experiments/python4_rlvr/runs/analysis-cache/arcadia-impact--python4-gemma3-27b-rlvr-logs/runs/20260812T015130Z-ordered_4ep/output/phases/phase_2/trainer_state.json
rlvr_training,20260812T015130Z-ordered_4ep,ordered_4ep,rlvr_rank64,64,thinking,python4_explicit,phase_2,,clipped_ratio,,,0.00234375,/workspace/python4-false-belief/experiments/python4_rlvr/runs/analysis-cache/arcadia-impact--python4-gemma3-27b-rlvr-logs/runs/20260812T015130Z-ordered_4ep/output/phases/phase_2/trainer_state.json
rlvr_training,20260812T015130Z-ordered_4ep,ordered_4ep,rlvr_rank64,64,thinking,python4_explicit,phase_2,,completion_length,,,71.9203125,/workspace/python4-false-belief/experiments/python4_rlvr/runs/analysis-cache/arcadia-impact--python4-gemma3-27b-rlvr-logs/runs/20260812T015130Z-ordered_4ep/output/phases/phase_2/trainer_state.json
rlvr_training,20260812T015130Z-ordered_4ep,ordered_4ep,rlvr_rank64,64,thinking,python4_explicit,phase_2,,correctness_reward,,,0.440625,/workspace/python4-false-belief/experiments/python4_rlvr/runs/analysis-cache/arcadia-impact--python4-gemma3-27b-rlvr-logs/runs/20260812T015130Z-ordered_4ep/output/phases/phase_2/trainer_state.json
rlvr_training,20260812T015130Z-ordered_4ep,ordered_4ep,rlvr_rank64,64,thinking,python4_explicit,phase_2,,entropy,,,0.12676944904233095,/workspace/python4-false-belief/experiments/python4_rlvr/runs/analysis-cache/arcadia-impact--python4-gemma3-27b-rlvr-logs/runs/20260812T015130Z-ordered_4ep/output/phases/phase_2/trainer_state.json
rlvr_training,20260812T015130Z-ordered_4ep,ordered_4ep,rlvr_rank64,64,thinking,python4_explicit,phase_2,,format_reward,,,0.0,/workspace/python4-false-belief/experiments/python4_rlvr/runs/analysis-cache/arcadia-impact--python4-gemma3-27b-rlvr-logs/runs/20260812T015130Z-ordered_4ep/output/phases/phase_2/trainer_state.json
rlvr_training,20260812T015130Z-ordered_4ep,ordered_4ep,rlvr_rank64,64,thinking,python4_explicit,phase_2,,grad_norm,,,0.002732960553476005,/workspace/python4-false-belief/experiments/python4_rlvr/runs/analysis-cache/arcadia-impact--python4-gemma3-27b-rlvr-logs/runs/20260812T015130Z-ordered_4ep/output/phases/phase_2/trainer_state.json
rlvr_training,20260812T015130Z-ordered_4ep,ordered_4ep,rlvr_rank64,64,thinking,python4_explicit,phase_2,,loss,,,-0.0001524586190498667,/workspace/python4-false-belief/experiments/python4_rlvr/runs/analysis-cache/arcadia-impact--python4-gemma3-27b-rlvr-logs/runs/20260812T015130Z-ordered_4ep/output/phases/phase_2/trainer_state.json
rlvr_training,20260812T015130Z-ordered_4ep,ordered_4ep,rlvr_rank64,64,thinking,python4_explicit,phase_2,,reward,,,0.440625,/workspace/python4-false-belief/experiments/python4_rlvr/runs/analysis-cache/arcadia-impact--python4-gemma3-27b-rlvr-logs/runs/20260812T015130Z-ordered_4ep/output/phases/phase_2/trainer_state.json
rlvr_training,20260812T015130Z-ordered_4ep,ordered_4ep,rlvr_rank64,64,thinking,python4_explicit,phase_2,,reward_std,,,0.08475075624883174,/workspace/python4-false-belief/experiments/python4_rlvr/runs/analysis-cache/arcadia-impact--python4-gemma3-27b-rlvr-logs/runs/20260812T015130Z-ordered_4ep/output/phases/phase_2/trainer_state.json
rlvr_training,20260812T015130Z-ordered_4ep,ordered_4ep,rlvr_rank64,64,thinking,python4_explicit,phase_2,,step_time,,,15.808109039023112,/workspace/python4-false-belief/experiments/python4_rlvr/runs/analysis-cache/arcadia-impact--python4-gemma3-27b-rlvr-logs/runs/20260812T015130Z-ordered_4ep/output/phases/phase_2/trainer_state.json
rlvr_training,20260812T015130Z-ordered_4ep,ordered_4ep,rlvr_rank64,64,thinking,python4_explicit,phase_2,,timeout_rate,,,0.0,/workspace/python4-false-belief/experiments/python4_rlvr/runs/analysis-cache/arcadia-impact--python4-gemma3-27b-rlvr-logs/runs/20260812T015130Z-ordered_4ep/output/phases/phase_2/trainer_state.json
rlvr_training,20260812T015130Z-ordered_4ep,ordered_4ep,rlvr_rank64,64,thinking,python4_explicit,phase_2,,zero_std_group_fraction,,,0.7402457956094322,/workspace/python4-false-belief/experiments/python4_rlvr/runs/analysis-cache/arcadia-impact--python4-gemma3-27b-rlvr-logs/runs/20260812T015130Z-ordered_4ep/output/phases/phase_2/trainer_state.json
rlvr_training,20260812T015130Z-ordered_4ep,ordered_4ep,rlvr_rank64,64,thinking,python4_explicit,phase_3,,boa_compile_reward,,,0.7895833333333333,/workspace/python4-false-belief/experiments/python4_rlvr/runs/analysis-cache/arcadia-impact--python4-gemma3-27b-rlvr-logs/runs/20260812T015130Z-ordered_4ep/output/phases/phase_3/trainer_state.json
rlvr_training,20260812T015130Z-ordered_4ep,ordered_4ep,rlvr_rank64,64,thinking,python4_explicit,phase_3,,clipped_ratio,,,0.0010416666666666667,/workspace/python4-false-belief/experiments/python4_rlvr/runs/analysis-cache/arcadia-impact--python4-gemma3-27b-rlvr-logs/runs/20260812T015130Z-ordered_4ep/output/phases/phase_3/trainer_state.json
rlvr_training,20260812T015130Z-ordered_4ep,ordered_4ep,rlvr_rank64,64,thinking,python4_explicit,phase_3,,completion_length,,,79.22552083333333,/workspace/python4-false-belief/experiments/python4_rlvr/runs/analysis-cache/arcadia-impact--python4-gemma3-27b-rlvr-logs/runs/20260812T015130Z-ordered_4ep/output/phases/phase_3/trainer_state.json
rlvr_training,20260812T015130Z-ordered_4ep,ordered_4ep,rlvr_rank64,64,thinking,python4_explicit,phase_3,,correctness_reward,,,0.159375,/workspace/python4-false-belief/experiments/python4_rlvr/runs/analysis-cache/arcadia-impact--python4-gemma3-27b-rlvr-logs/runs/20260812T015130Z-ordered_4ep/output/phases/phase_3/trainer_state.json
rlvr_training,20260812T015130Z-ordered_4ep,ordered_4ep,rlvr_rank64,64,thinking,python4_explicit,phase_3,,entropy,,,0.13913607931269023,/workspace/python4-false-belief/experiments/python4_rlvr/runs/analysis-cache/arcadia-impact--python4-gemma3-27b-rlvr-logs/runs/20260812T015130Z-ordered_4ep/output/phases/phase_3/trainer_state.json
rlvr_training,20260812T015130Z-ordered_4ep,ordered_4ep,rlvr_rank64,64,thinking,python4_explicit,phase_3,,format_reward,,,0.0,/workspace/python4-false-belief/experiments/python4_rlvr/runs/analysis-cache/arcadia-impact--python4-gemma3-27b-rlvr-logs/runs/20260812T015130Z-ordered_4ep/output/phases/phase_3/trainer_state.json
rlvr_training,20260812T015130Z-ordered_4ep,ordered_4ep,rlvr_rank64,64,thinking,python4_explicit,phase_3,,grad_norm,,,0.001814528618388067,/workspace/python4-false-belief/experiments/python4_rlvr/runs/analysis-cache/arcadia-impact--python4-gemma3-27b-rlvr-logs/runs/20260812T015130Z-ordered_4ep/output/phases/phase_3/trainer_state.json
rlvr_training,20260812T015130Z-ordered_4ep,ordered_4ep,rlvr_rank64,64,thinking,python4_explicit,phase_3,,loss,,,-1.2494321708800271e-05,/workspace/python4-false-belief/experiments/python4_rlvr/runs/analysis-cache/arcadia-impact--python4-gemma3-27b-rlvr-logs/runs/20260812T015130Z-ordered_4ep/output/phases/phase_3/trainer_state.json
rlvr_training,20260812T015130Z-ordered_4ep,ordered_4ep,rlvr_rank64,64,thinking,python4_explicit,phase_3,,reward,,,0.159375,/workspace/python4-false-belief/experiments/python4_rlvr/runs/analysis-cache/arcadia-impact--python4-gemma3-27b-rlvr-logs/runs/20260812T015130Z-ordered_4ep/output/phases/phase_3/trainer_state.json
rlvr_training,20260812T015130Z-ordered_4ep,ordered_4ep,rlvr_rank64,64,thinking,python4_explicit,phase_3,,reward_std,,,0.041999221841494246,/workspace/python4-false-belief/experiments/python4_rlvr/runs/analysis-cache/arcadia-impact--python4-gemma3-27b-rlvr-logs/runs/20260812T015130Z-ordered_4ep/output/phases/phase_3/trainer_state.json
rlvr_training,20260812T015130Z-ordered_4ep,ordered_4ep,rlvr_rank64,64,thinking,python4_explicit,phase_3,,step_time,,,14.8913626001362,/workspace/python4-false-belief/experiments/python4_rlvr/runs/analysis-cache/arcadia-impact--python4-gemma3-27b-rlvr-logs/runs/20260812T015130Z-ordered_4ep/output/phases/phase_3/trainer_state.json
rlvr_training,20260812T015130Z-ordered_4ep,ordered_4ep,rlvr_rank64,64,thinking,python4_explicit,phase_3,,timeout_rate,,,0.0,/workspace/python4-false-belief/experiments/python4_rlvr/runs/analysis-cache/arcadia-impact--python4-gemma3-27b-rlvr-logs/runs/20260812T015130Z-ordered_4ep/output/phases/phase_3/trainer_state.json
rlvr_training,20260812T015130Z-ordered_4ep,ordered_4ep,rlvr_rank64,64,thinking,python4_explicit,phase_3,,zero_std_group_fraction,,,0.9202254421765208,/workspace/python4-false-belief/experiments/python4_rlvr/runs/analysis-cache/arcadia-impact--python4-gemma3-27b-rlvr-logs/runs/20260812T015130Z-ordered_4ep/output/phases/phase_3/trainer_state.json
rlvr_training,20260812T015130Z-ordered_4ep,ordered_4ep,rlvr_rank64,64,thinking,python4_explicit,phase_4,,boa_compile_reward,,,0.760546875,/workspace/python4-false-belief/experiments/python4_rlvr/runs/analysis-cache/arcadia-impact--python4-gemma3-27b-rlvr-logs/runs/20260812T015130Z-ordered_4ep/output/phases/phase_4/trainer_state.json
rlvr_training,20260812T015130Z-ordered_4ep,ordered_4ep,rlvr_rank64,64,thinking,python4_explicit,phase_4,,clipped_ratio,,,0.0,/workspace/python4-false-belief/experiments/python4_rlvr/runs/analysis-cache/arcadia-impact--python4-gemma3-27b-rlvr-logs/runs/20260812T015130Z-ordered_4ep/output/phases/phase_4/trainer_state.json
rlvr_training,20260812T015130Z-ordered_4ep,ordered_4ep,rlvr_rank64,64,thinking,python4_explicit,phase_4,,completion_length,,,82.377734375,/workspace/python4-false-belief/experiments/python4_rlvr/runs/analysis-cache/arcadia-impact--python4-gemma3-27b-rlvr-logs/runs/20260812T015130Z-ordered_4ep/output/phases/phase_4/trainer_state.json
rlvr_training,20260812T015130Z-ordered_4ep,ordered_4ep,rlvr_rank64,64,thinking,python4_explicit,phase_4,,correctness_reward,,,0.0328125,/workspace/python4-false-belief/experiments/python4_rlvr/runs/analysis-cache/arcadia-impact--python4-gemma3-27b-rlvr-logs/runs/20260812T015130Z-ordered_4ep/output/phases/phase_4/trainer_state.json
rlvr_training,20260812T015130Z-ordered_4ep,ordered_4ep,rlvr_rank64,64,thinking,python4_explicit,phase_4,,entropy,,,0.14456233016899206,/workspace/python4-false-belief/experiments/python4_rlvr/runs/analysis-cache/arcadia-impact--python4-gemma3-27b-rlvr-logs/runs/20260812T015130Z-ordered_4ep/output/phases/phase_4/trainer_state.json
rlvr_training,20260812T015130Z-ordered_4ep,ordered_4ep,rlvr_rank64,64,thinking,python4_explicit,phase_4,,format_reward,,,0.0,/workspace/python4-false-belief/experiments/python4_rlvr/runs/analysis-cache/arcadia-impact--python4-gemma3-27b-rlvr-logs/runs/20260812T015130Z-ordered_4ep/output/phases/phase_4/trainer_state.json
rlvr_training,20260812T015130Z-ordered_4ep,ordered_4ep,rlvr_rank64,64,thinking,python4_explicit,phase_4,,grad_norm,,,0.002557184814941138,/workspace/python4-false-belief/experiments/python4_rlvr/runs/analysis-cache/arcadia-impact--python4-gemma3-27b-rlvr-logs/runs/20260812T015130Z-ordered_4ep/output/phases/phase_4/trainer_state.json
rlvr_training,20260812T015130Z-ordered_4ep,ordered_4ep,rlvr_rank64,64,thinking,python4_explicit,phase_4,,loss,,,-5.170901695237262e-05,/workspace/python4-false-belief/experiments/python4_rlvr/runs/analysis-cache/arcadia-impact--python4-gemma3-27b-rlvr-logs/runs/20260812T015130Z-ordered_4ep/output/phases/phase_4/trainer_state.json
rlvr_training,20260812T015130Z-ordered_4ep,ordered_4ep,rlvr_rank64,64,thinking,python4_explicit,phase_4,,reward,,,0.0328125,/workspace/python4-false-belief/experiments/python4_rlvr/runs/analysis-cache/arcadia-impact--python4-gemma3-27b-rlvr-logs/runs/20260812T015130Z-ordered_4ep/output/phases/phase_4/trainer_state.json
rlvr_training,20260812T015130Z-ordered_4ep,ordered_4ep,rlvr_rank64,64,thinking,python4_explicit,phase_4,,reward_std,,,0.046247121132910254,/workspace/python4-false-belief/experiments/python4_rlvr/runs/analysis-cache/arcadia-impact--python4-gemma3-27b-rlvr-logs/runs/20260812T015130Z-ordered_4ep/output/phases/phase_4/trainer_state.json
rlvr_training,20260812T015130Z-ordered_4ep,ordered_4ep,rlvr_rank64,64,thinking,python4_explicit,phase_4,,step_time,,,15.845243420042243,/workspace/python4-false-belief/experiments/python4_rlvr/runs/analysis-cache/arcadia-impact--python4-gemma3-27b-rlvr-logs/runs/20260812T015130Z-ordered_4ep/output/phases/phase_4/trainer_state.json
rlvr_training,20260812T015130Z-ordered_4ep,ordered_4ep,rlvr_rank64,64,thinking,python4_explicit,phase_4,,timeout_rate,,,0.009375,/workspace/python4-false-belief/experiments/python4_rlvr/runs/analysis-cache/arcadia-impact--python4-gemma3-27b-rlvr-logs/runs/20260812T015130Z-ordered_4ep/output/phases/phase_4/trainer_state.json
rlvr_training,20260812T015130Z-ordered_4ep,ordered_4ep,rlvr_rank64,64,thinking,python4_explicit,phase_4,,zero_std_group_fraction,,,0.8976918566980752,/workspace/python4-false-belief/experiments/python4_rlvr/runs/analysis-cache/arcadia-impact--python4-gemma3-27b-rlvr-logs/runs/20260812T015130Z-ordered_4ep/output/phases/phase_4/trainer_state.json
