cell,optimizer_step,loss,rolling_mean_10
public_it-agreement_sft,1,2.445,2.445
public_it-agreement_sft,2,2.443,2.444
public_it-agreement_sft,3,2.157,2.348333333333333
public_it-agreement_sft,4,2.482,2.3817500000000003
public_it-agreement_sft,5,2.424,2.3902
public_it-agreement_sft,6,2.071,2.337
public_it-agreement_sft,7,1.789,2.258714285714286
public_it-agreement_sft,8,1.53,2.167625
public_it-agreement_sft,9,1.462,2.0892222222222223
public_it-agreement_sft,10,0.8268,1.96298
public_it-agreement_sft,11,0.592,1.7776799999999997
public_it-agreement_sft,12,0.3315,1.5665299999999998
public_it-agreement_sft,13,0.08857,1.3596869999999996
public_it-agreement_sft,14,0.1243,1.1239169999999998
public_it-agreement_sft,15,0.1214,0.8936569999999998
public_it-agreement_sft,16,0.102,0.6967569999999998
public_it-agreement_sft,17,0.07559,0.5254159999999999
public_it-agreement_sft,18,0.03833,0.3762489999999999
public_it-agreement_sft,19,0.05666,0.2357149999999999
public_it-agreement_sft,20,0.03692,0.1567269999999999
public_it-agreement_sft,21,0.02763,0.10028999999999991
public_it-agreement_sft,22,0.01432,0.06857199999999991
public_it-agreement_sft,23,0.04435,0.0641499999999999
public_it-agreement_sft,24,0.02509,0.054228999999999916
public_it-agreement_sft,25,0.02522,0.044610999999999915
public_it-agreement_sft,26,0.03343,0.03775399999999992
public_it-agreement_sft,27,0.02321,0.03251599999999992
public_it-agreement_sft,28,0.01567,0.030249999999999923
public_it-agreement_sft,29,0.01073,0.025656999999999923
public_it-agreement_sft,30,0.006025,0.022567499999999924
public_it-agreement_sft,31,0.02342,0.022146499999999923
public_it-agreement_sft,32,0.04878,0.025592499999999924
public_it-agreement_sft,33,0.01055,0.022212499999999923
public_it-agreement_sft,34,0.01772,0.021475499999999925
public_it-agreement_sft,35,0.02668,0.021621499999999926
public_it-agreement_sft,36,0.02132,0.020410499999999925
public_it-agreement_sft,37,0.01178,0.019267499999999927
public_it-agreement_sft,38,0.01425,0.019125499999999927
public_it-agreement_sft,39,0.02391,0.020443499999999927
public_it-agreement_sft,40,0.02722,0.022562999999999927
public_it-agreement_sft,41,0.00576,0.020796999999999927
public_it-agreement_sft,42,0.0186,0.017778999999999927
public_it-agreement_sft,43,0.02593,0.019316999999999928
public_it-agreement_sft,44,0.01196,0.01874099999999993
public_it-agreement_sft,45,0.01139,0.01721199999999993
public_it-agreement_sft,46,0.009964,0.016076399999999928
public_it-agreement_sft,47,0.03253,0.01815139999999993
public_it-agreement_sft,48,0.0288,0.019606399999999927
public_it-agreement_sft,49,0.009859,0.018201299999999927
public_it-agreement_sft,50,0.02662,0.018141299999999926
public_it-agreement_sft,51,0.02688,0.02025329999999993
public_it-agreement_sft,52,0.01046,0.01943929999999993
public_it-agreement_sft,53,0.01445,0.018291299999999927
public_it-agreement_sft,54,0.01958,0.019053299999999926
public_it-agreement_sft,55,0.02622,0.020536299999999924
public_it-agreement_sft,56,0.01017,0.020556899999999927
public_it-agreement_sft,57,0.003488,0.017652699999999924
public_it-agreement_sft,58,0.01407,0.016179699999999925
public_it-agreement_sft,59,0.009408,0.016134599999999923
public_it-agreement_sft,60,0.008214,0.014293999999999923
public_it-agreement_sft,61,0.02735,0.01434099999999992
public_it-agreement_sft,62,0.01328,0.014622999999999923
public_it-agreement_sft,63,0.02069,0.015246999999999924
public_it-agreement_sft,64,0.01472,0.014760999999999923
public_it-agreement_sft,65,0.01128,0.013266999999999926
public_it-agreement_sft,66,0.008617,0.013111699999999926
public_it-agreement_sft,67,0.01114,0.013876899999999928
public_it-agreement_sft,68,0.01033,0.013502899999999929
public_it-agreement_sft,69,0.02114,0.014676099999999928
public_it-agreement_sft,70,0.008006,0.014655299999999927
public_it-agreement_sft,71,0.004419,0.012362199999999927
public_it-agreement_sft,72,0.001841,0.011218299999999928
public_it-agreement_sft,73,0.008999,0.010049199999999927
public_it-agreement_sft,74,0.01187,0.009764199999999928
public_it-agreement_sft,75,0.02678,0.011314199999999927
public_it-agreement_sft,76,0.02938,0.013390499999999927
public_it-agreement_sft,77,0.01142,0.013418499999999925
public_it-agreement_sft,78,0.03158,0.015543499999999924
public_it-agreement_sft,79,0.01244,0.014673499999999926
public_it-agreement_sft,80,0.01999,0.01587189999999993
public_it-agreement_sft,81,0.01369,0.01679899999999993
public_it-agreement_sft,82,0.003593,0.01697419999999993
public_it-agreement_sft,83,0.006335,0.01670779999999993
public_it-agreement_sft,84,0.008819,0.01640269999999993
public_it-agreement_sft,85,0.01596,0.015320699999999928
public_it-agreement_sft,86,0.01082,0.01346469999999993
public_it-agreement_sft,87,0.01158,0.013480699999999929
public_it-agreement_sft,88,0.003714,0.010694099999999929
public_it-agreement_sft,89,0.008052,0.010255299999999929
public_it-agreement_sft,90,0.006927,0.00894899999999993
public_it-agreement_sft,91,0.005234,0.00810339999999993
public_it-agreement_sft,92,0.002991,0.00804319999999993
public_it-agreement_sft,93,0.004418,0.007851499999999931
public_it-agreement_sft,94,0.0112,0.00808959999999993
public_it-agreement_sft,95,0.01574,0.00806759999999993
public_it-agreement_sft,96,0.005876,0.007573199999999931
public_it-agreement_sft,97,0.02749,0.009164199999999931
public_it-agreement_sft,98,0.01735,0.010527799999999931
public_it-agreement_sft,99,0.01144,0.010866599999999931
public_it-agreement_sft,100,0.01647,0.01182089999999993
public_it-agreement_sft,101,0.003475,0.01164499999999993
public_it-agreement_sft,102,0.01581,0.01292689999999993
public_it-agreement_sft,103,0.01613,0.01409809999999993
public_it-agreement_sft,104,0.01686,0.01466409999999993
public_it-agreement_sft,105,0.01147,0.01423709999999993
public_it-agreement_sft,106,0.005175,0.014166999999999933
public_it-agreement_sft,107,0.009054,0.012323399999999932
public_it-agreement_sft,108,0.0158,0.012168399999999932
public_it-agreement_sft,109,0.005513,0.01157569999999993
public_it-agreement_sft,110,0.01742,0.01167069999999993
public_it-agreement_sft,111,0.009665,0.012289699999999928
public_it-agreement_sft,112,0.01918,0.01262669999999993
public_it-agreement_sft,113,0.01166,0.012179699999999929
public_it-agreement_sft,114,0.02128,0.01262169999999993
public_it-agreement_sft,115,0.001367,0.011611399999999931
public_it-agreement_sft,116,0.007162,0.011810099999999931
public_it-agreement_sft,117,0.01101,0.01200569999999993
public_it-agreement_sft,118,0.003098,0.01073549999999993
public_it-agreement_sft,119,0.01328,0.01151219999999993
public_it-agreement_sft,120,0.00345,0.01011519999999993
public_it-agreement_sft,121,0.01232,0.010380699999999929
public_it-agreement_sft,122,0.002944,0.00875709999999993
public_it-agreement_sft,123,0.006855,0.00827659999999993
public_it-agreement_sft,124,0.02201,0.00834959999999993
public_it-agreement_sft,125,0.01555,0.00976789999999993
public_it-agreement_sft,126,0.001635,0.009215199999999929
public_it-agreement_sft,127,0.0007489,0.008189089999999928
public_it-agreement_sft,128,0.01209,0.009088289999999928
public_it-agreement_sft,129,0.01712,0.009472289999999928
public_it-agreement_sft,130,0.01054,0.010181289999999928
public_it-agreement_sft,131,0.007793,0.009728589999999928
public_it-agreement_sft,132,0.003182,0.009752389999999927
public_it-agreement_sft,133,0.003899,0.009456789999999927
public_it-agreement_sft,134,0.002752,0.007530989999999928
public_it-agreement_sft,135,0.003067,0.0062826899999999285
public_it-agreement_sft,136,0.009036,0.007022789999999929
public_it-agreement_sft,137,0.007374,0.00768529999999993
public_it-agreement_sft,138,0.002026,0.0066788999999999295
public_it-agreement_sft,139,0.001365,0.00510339999999993
public_it-agreement_sft,140,0.005233,0.0045726999999999305
public_it-agreement_sft,141,0.01777,0.00557039999999993
public_it-agreement_sft,142,0.007595,0.006011699999999931
public_it-agreement_sft,143,0.01194,0.00681579999999993
public_it-agreement_sft,144,0.007739,0.0073144999999999296
public_it-agreement_sft,145,0.007252,0.007732999999999929
public_it-agreement_sft,146,0.0173,0.008559399999999929
public_it-agreement_sft,147,0.01551,0.009372999999999927
public_it-agreement_sft,148,0.03158,0.012328399999999925
public_it-agreement_sft,149,0.04725,0.016916899999999922
public_it-agreement_sft,150,0.0164,0.018033599999999924
public_it-agreement_sft,151,0.01864,0.018120599999999924
public_it-agreement_sft,152,0.008542,0.018215299999999924
public_it-agreement_sft,153,0.009979,0.018019199999999923
public_it-agreement_sft,154,0.0106,0.01830529999999992
public_it-agreement_sft,155,0.02072,0.01965209999999992
public_it-agreement_sft,156,0.007306,0.018652699999999918
public_it-agreement_sft,157,0.01295,0.01839669999999992
public_it-agreement_sft,158,0.01902,0.01714069999999992
public_it-agreement_sft,159,0.01161,0.013576699999999919
public_it-agreement_sft,160,0.005117,0.01244839999999992
public_it-agreement_sft,161,0.006345,0.011218899999999919
public_it-agreement_sft,162,0.004458,0.01081049999999992
public_it-agreement_sft,163,0.002479,0.01006049999999992
public_it-agreement_sft,164,0.00574,0.00957449999999992
public_it-agreement_sft,165,0.003952,0.007897699999999919
public_it-agreement_sft,166,0.01061,0.008228099999999919
public_it-agreement_sft,167,0.0009539,0.007028489999999918
public_it-agreement_sft,168,0.02615,0.007741489999999919
public_it-agreement_sft,169,0.009026,0.007483089999999919
public_it-agreement_sft,170,0.008161,0.0077874899999999195
public_it-agreement_sft,171,0.007351,0.007888089999999919
public_it-agreement_sft,172,0.01722,0.009164289999999919
public_it-agreement_sft,173,0.02209,0.011125389999999919
public_it-agreement_sft,174,0.01881,0.012432389999999918
public_it-agreement_sft,175,0.007655,0.012802689999999917
public_it-agreement_sft,176,0.0211,0.013851689999999917
public_it-agreement_sft,177,0.01145,0.014901299999999914
public_it-agreement_sft,178,0.01074,0.013360299999999914
public_it-agreement_sft,179,0.005957,0.013053399999999913
public_it-agreement_sft,180,0.01394,0.013631299999999912
public_it-agreement_sft,181,0.01003,0.013899199999999914
public_it-agreement_sft,182,0.0056,0.012737199999999916
public_it-agreement_sft,183,0.003457,0.010873899999999914
public_it-agreement_sft,184,0.01616,0.010608899999999916
public_it-agreement_sft,185,0.003067,0.010150099999999915
public_it-agreement_sft,186,0.02686,0.010726099999999916
public_it-agreement_sft,187,0.004396,0.010020699999999915
public_it-agreement_sft,188,0.008467,0.009793399999999916
public_it-agreement_sft,189,0.006203,0.009817999999999915
public_it-agreement_sft,190,0.001484,0.008572399999999916
public_it-agreement_sft,191,0.01188,0.008757399999999917
public_it-agreement_sft,192,0.001865,0.008383899999999918
public_it-agreement_sft,193,0.003796,0.008417799999999916
public_it-agreement_sft,194,0.001602,0.006961999999999918
public_it-agreement_sft,195,0.005775,0.007232799999999919
public_it-agreement_sft,196,0.001581,0.004704899999999919
public_it-agreement_sft,197,0.01057,0.005322299999999919
public_it-agreement_sft,198,0.003674,0.0048429999999999186
public_it-agreement_sft,199,0.01231,0.005453699999999918
public_it-agreement_sft,200,0.008548,0.006160099999999918
public_it-agreement_sft,201,0.01112,0.006084099999999919
public_it-agreement_sft,202,0.01289,0.007186599999999918
public_it-agreement_sft,203,0.001074,0.00691439999999992
public_it-agreement_sft,204,0.01056,0.007810199999999918
public_it-agreement_sft,205,0.01246,0.008478699999999919
public_it-agreement_sft,206,0.003581,0.008678699999999918
public_it-agreement_sft,207,0.003688,0.007990499999999918
public_it-agreement_sft,208,0.01582,0.00920509999999992
public_it-agreement_sft,209,0.002822,0.00825629999999992
public_it-agreement_sft,210,0.001921,0.00759359999999992
public_it-agreement_sft,211,0.002274,0.006708999999999919
public_it-agreement_sft,212,0.005273,0.005947299999999919
public_it-agreement_sft,213,0.002908,0.0061306999999999195
public_it-agreement_sft,214,0.001383,0.005212999999999919
public_it-agreement_sft,215,0.001282,0.004095199999999919
public_it-agreement_sft,216,0.005944,0.004331499999999919
public_it-agreement_sft,217,0.008169,0.004779599999999919
public_it-agreement_sft,218,0.000829,0.003280499999999919
public_it-agreement_sft,219,0.004492,0.0034474999999999194
public_it-agreement_sft,220,0.002112,0.0034665999999999196
public_it-agreement_sft,221,0.001589,0.00339809999999992
public_it-agreement_sft,222,0.0007137,0.00294216999999992
public_it-agreement_sft,223,0.008752,0.00352656999999992
public_it-agreement_sft,224,0.0143,0.00481826999999992
public_it-agreement_sft,225,0.004726,0.00516266999999992
public_it-agreement_sft,226,0.001821,0.0047503699999999205
public_it-agreement_sft,227,0.0005321,0.0039866799999999205
public_it-agreement_sft,228,0.001733,0.00407707999999992
public_it-agreement_sft,229,0.009749,0.004602779999999919
public_it-agreement_sft,230,0.002522,0.0046437799999999195
public_it-agreement_sft,231,0.001056,0.004590479999999919
public_it-agreement_sft,232,0.002286,0.004747709999999921
public_it-agreement_sft,233,0.009083,0.00478080999999992
public_it-agreement_sft,234,0.01435,0.00478580999999992
public_it-agreement_sft,235,0.004896,0.00480280999999992
public_it-agreement_sft,236,0.0006374,0.00468444999999992
public_it-agreement_sft,237,0.02032,0.00666323999999992
public_it-agreement_sft,238,0.01227,0.0077169399999999205
public_it-agreement_sft,239,0.001694,0.0069114399999999215
public_it-agreement_sft,240,0.004789,0.007138139999999922
public_it-agreement_sft,241,0.000519,0.007084439999999923
public_it-agreement_sft,242,0.002152,0.007071039999999923
public_it-agreement_sft,243,0.03098,0.009260739999999924
public_it-agreement_sft,244,0.001102,0.007935939999999923
public_it-agreement_sft,245,0.002029,0.0076492399999999235
public_it-agreement_sft,246,0.00405,0.007990499999999925
public_it-agreement_sft,247,0.001832,0.006141699999999924
public_it-agreement_sft,248,0.001537,0.005068399999999923
public_it-agreement_sft,249,0.005552,0.005454199999999923
public_it-agreement_sft,250,0.000616,0.005036899999999922
public_it-agreement_sft,251,0.003891,0.0053740999999999225
public_it-agreement_sft,252,0.006974,0.005856299999999923
public_it-agreement_sft,253,0.001471,0.0029053999999999226
public_it-agreement_sft,254,0.001572,0.002952399999999923
public_it-agreement_sft,255,0.001401,0.002889599999999923
public_it-agreement_sft,256,0.000221,0.002506699999999923
public_it-agreement_sft,257,0.0004576,0.0023692599999999226
public_it-agreement_sft,258,0.000903,0.0023058599999999227
public_it-agreement_sft,259,0.002181,0.0019687599999999228
public_it-agreement_sft,260,0.0007662,0.0019837799999999233
public_it-agreement_sft,261,0.0004288,0.0016375599999999234
public_it-agreement_sft,262,0.000533,0.000993459999999923
public_it-agreement_sft,263,0.0003161,0.0008779699999999231
public_it-agreement_sft,264,0.001205,0.000841269999999923
public_it-agreement_sft,265,3.708e-05,0.0007048779999999231
public_it-agreement_sft,266,0.000902,0.0007729779999999231
public_it-agreement_sft,267,4.831e-05,0.0007320489999999232
public_it-agreement_sft,268,-3.115e-05,0.0006386339999999231
public_it-agreement_sft,269,-2.819e-05,0.00041771499999992306
public_it-agreement_sft,270,5.593e-05,0.0003466879999999231
public_it-agreement_sft,271,-1.398e-05,0.0003024099999999231
public_it-agreement_sft,272,0.002136,0.000462709999999923
public_it-agreement_sft,273,9.422e-05,0.000440521999999923
public_it-agreement_sft,274,0.0007065,0.000390671999999923
public_it-agreement_sft,275,-1.327e-05,0.000385636999999923
public_it-agreement_sft,276,0.0003676,0.000332196999999923
public_it-agreement_sft,277,-3.97e-05,0.000323395999999923
public_it-agreement_sft,278,-3.062e-05,0.00032344899999992303
public_it-agreement_sft,279,-3.767e-05,0.000322500999999923
public_it-agreement_sft,280,4.336e-06,0.000317341599999923
public_it-agreement_sft,281,0.0002088,0.000339619599999923
public_it-agreement_sft,282,0.01272,0.001398019599999923
public_it-agreement_sft,283,0.0006275,0.001451347599999923
public_it-agreement_sft,284,2.589e-05,0.0013832865999999229
public_it-agreement_sft,285,1.186e-06,0.001384732199999923
public_it-agreement_sft,286,0.002151,0.0015630721999999229
public_it-agreement_sft,287,0.000696,0.0016366421999999229
public_it-agreement_sft,288,0.04898,0.006537704199999923
public_it-agreement_sft,289,0.01351,0.007892471199999923
public_it-agreement_sft,290,5.615e-06,0.007892599099999923
public_it-agreement_sft,291,-3.366e-05,0.007868353099999923
public_it-agreement_sft,292,-2.143e-05,0.006594210099999924
public_it-agreement_sft,293,-2.206e-05,0.006529254099999923
public_it-agreement_sft,294,-9.722e-06,0.006525692899999923
public_it-agreement_sft,295,6.689e-05,0.006532263299999922
public_it-agreement_sft,296,2.167e-05,0.006319330299999923
public_it-agreement_sft,297,0.02438,0.008687730299999922
public_it-agreement_sft,298,0.004685,0.004258230299999922
public_it-agreement_sft,299,0.002226,0.0031298302999999217
public_it-agreement_sft,300,0.009058,0.0040350687999999215
public_it-agreement_sft,301,0.01014,0.005052434799999921
public_it-agreement_sft,302,0.0006861,0.005123187799999922
public_it-agreement_sft,303,0.003286,0.005453993799999921
public_it-agreement_sft,304,0.001702,0.005625165999999921
public_it-agreement_sft,305,0.0008818,0.0057066569999999215
public_it-agreement_sft,306,0.003029,0.006007389999999921
public_it-agreement_sft,307,0.009804,0.004549789999999922
public_it-agreement_sft,308,0.02621,0.006702289999999922
public_it-agreement_sft,309,0.008424,0.007322089999999922
public_it-agreement_sft,310,0.0002605,0.0064423399999999215
public_it-agreement_sft,311,0.0009175,0.005520089999999922
public_it-agreement_sft,312,0.001069,0.005558379999999922
public_it-agreement_sft,313,0.0008206,0.005311839999999922
public_it-agreement_sft,314,0.0008766,0.005229299999999921
public_it-agreement_sft,315,0.0007478,0.005215899999999921
public_it-agreement_sft,316,0.003948,0.005307799999999922
public_it-agreement_sft,317,0.0002565,0.004353049999999922
public_it-agreement_sft,318,0.0009699,0.0018290399999999218
public_it-agreement_sft,319,0.0008158,0.0010682199999999217
public_it-agreement_sft,320,0.001548,0.0011969699999999216
public_it-agreement_sft,321,0.0002435,0.0011295699999999216
public_it-agreement_sft,322,0.002812,0.0013038699999999217
public_it-agreement_sft,323,0.0007958,0.0013013899999999216
public_it-agreement_sft,324,0.002069,0.0014206299999999215
public_it-agreement_sft,325,0.0007841,0.0014242599999999216
public_it-agreement_sft,326,0.001733,0.0012027599999999215
public_it-agreement_sft,327,0.002598,0.0014369099999999215
public_it-agreement_sft,328,0.0002854,0.0013684599999999217
public_it-agreement_sft,329,2.786e-05,0.0012896659999999216
public_it-agreement_sft,330,0.003692,0.0015040659999999214
public_it-agreement_sft,331,0.003032,0.0017829159999999213
public_it-agreement_sft,332,2.495e-05,0.0015042109999999212
public_it-agreement_sft,333,7.621e-05,0.0014322519999999212
public_it-agreement_sft,334,-1.921e-05,0.0012234309999999212
public_it-agreement_sft,335,3.468e-05,0.0011484889999999214
public_it-agreement_sft,336,-2.239e-05,0.0009729499999999213
public_it-agreement_sft,337,2.518e-05,0.0007156679999999213
public_it-agreement_sft,338,0.0002209,0.0007092179999999212
public_it-agreement_sft,339,-3.159e-05,0.0007032729999999212
public_it-agreement_sft,340,-1.738e-05,0.00033233499999992124
public_it-agreement_sft,341,3.415e-05,3.254999999992127e-05
public_it-agreement_sft,342,3.636e-05,3.369099999992127e-05
public_it-agreement_sft,343,1.054e-06,2.617539999992127e-05
public_it-agreement_sft,344,-1.997e-05,2.6099399999921273e-05
public_it-agreement_sft,345,0.0003396,5.659139999992127e-05
public_it-agreement_sft,346,-3.028e-05,5.580239999992126e-05
public_it-agreement_sft,347,-1.706e-05,5.157839999992127e-05
public_it-agreement_sft,348,0.0002415,5.3638399999921265e-05
public_it-agreement_sft,349,0.003444,0.0004011973999999212
public_it-agreement_sft,350,7.748e-05,0.00041068339999992116
public_it-agreement_sft,351,-1.649e-05,0.0004056193999999212
public_it-agreement_sft,352,-3.649e-05,0.0003983343999999211
public_it-agreement_sft,353,5.459e-05,0.0004036879999999211
public_it-agreement_sft,354,0.0006065,0.0004663349999999212
public_it-agreement_sft,355,-2.599e-05,0.00042977599999992116
public_it-agreement_sft,356,3.964e-05,0.0004367679999999211
public_it-agreement_sft,357,0.000833,0.0005217739999999212
public_it-agreement_sft,358,-2.935e-05,0.0004946889999999212
public_it-agreement_sft,359,2.69e-05,0.00015297899999992112
public_it-agreement_sft,360,0.0001806,0.0001632909999999211
public_it-agreement_sft,361,1.265e-05,0.00016620499999992112
public_it-agreement_sft,362,-2.285e-05,0.0001675689999999211
public_it-agreement_sft,363,-2.837e-05,0.0001592729999999211
public_it-agreement_sft,364,2.955e-05,0.00010157799999992109
public_it-agreement_sft,365,-3.24e-05,0.0001009369999999211
public_it-agreement_sft,366,-3.26e-05,9.37129999999211e-05
public_it-agreement_sft,367,-3.689e-05,6.723999999921101e-06
public_it-agreement_sft,368,-1.666e-05,7.992999999921102e-06
public_it-agreement_sft,369,0.0007364,7.89429999999211e-05
public_it-agreement_sft,370,-3.122e-05,5.77609999999211e-05
public_it-agreement_sft,371,0.0001189,6.83859999999211e-05
public_it-agreement_sft,372,2.641e-05,7.331199999992112e-05
public_it-agreement_sft,373,-3.298e-05,7.285099999992111e-05
public_it-agreement_sft,374,-2.23e-05,6.76659999999211e-05
public_it-agreement_sft,375,-1.848e-05,6.90579999999211e-05
public_it-agreement_sft,376,0.004056,0.0004779179999999211
public_it-agreement_sft,377,0.005493,0.001030906999999921
public_it-agreement_sft,378,0.0006816,0.001100732999999921
public_it-agreement_sft,379,0.01656,0.0026830929999999207
public_it-agreement_sft,380,0.0005636,0.0027425749999999208
public_it-agreement_sft,381,-3.124e-05,0.002727560999999921
public_it-agreement_sft,382,-2.929e-05,0.0027219909999999206
public_it-agreement_sft,383,-3.661e-05,0.0027216279999999204
public_it-agreement_sft,384,2.546e-05,0.0027264039999999206
public_it-agreement_sft,385,0.004654,0.0031936519999999206
public_it-agreement_sft,386,0.000246,0.0028126519999999208
public_it-agreement_sft,387,-2.163e-05,0.0022611889999999205
public_it-agreement_sft,388,0.000122,0.0022052289999999206
public_it-agreement_sft,389,6.321e-05,0.0005555499999999207
public_it-agreement_sft,390,0.0004,0.0005391899999999207
public_it-agreement_sft,391,0.005353,0.0010776139999999208
public_it-agreement_sft,392,-1.253e-05,0.0010792899999999207
public_it-agreement_sft,393,0.0001853,0.0011014809999999205
public_it-agreement_sft,394,0.0001141,0.0011103449999999206
public_it-agreement_sft,395,0.0002109,0.0006660349999999206
public_it-agreement_sft,396,0.0001495,0.0006563849999999206
public_it-agreement_sft,397,0.0006351,0.0007220579999999207
public_it-agreement_sft,398,9.203e-05,0.0007190609999999206
public_it-agreement_sft,399,-2.138e-05,0.0007106019999999207
public_it-agreement_sft,400,6.428e-05,0.0006770299999999207
public_it-agreement_sft,401,7.341e-06,0.00014246409999992064
public_it-agreement_sft,402,0.0001959,0.00016330709999992063
public_it-agreement_sft,403,9.316e-05,0.00015409309999992062
public_it-agreement_sft,404,9.205e-05,0.0001518880999999206
public_it-agreement_sft,405,-1.158e-06,0.0001306822999999206
public_it-agreement_sft,406,0.0001578,0.0001315122999999206
public_it-agreement_sft,407,6.129e-06,6.861519999992059e-05
public_it-agreement_sft,408,-2.172e-05,5.724019999992059e-05
public_it-agreement_sft,409,-2.436e-05,5.6942199999920594e-05
public_it-agreement_sft,410,-6.777e-06,4.983649999992059e-05
public_it-agreement_sft,411,0.0006274,0.0001118423999999206
public_it-agreement_sft,412,2.937e-05,9.51893999999206e-05
public_it-agreement_sft,413,0.01266,0.0013518733999999205
public_it-agreement_sft,414,0.0003095,0.0013736183999999206
public_it-agreement_sft,415,-2.485e-06,0.0013734856999999205
public_it-agreement_sft,416,0.0002547,0.0013831756999999206
public_it-agreement_sft,417,-1.737e-06,0.0013823890999999206
public_it-agreement_sft,418,9.027e-05,0.0013935880999999205
public_it-agreement_sft,419,-2.057e-05,0.0013939670999999205
public_it-agreement_sft,420,-5.731e-06,0.0013940716999999204
public_it-agreement_sft,421,0.001697,0.0015010316999999203
public_it-agreement_sft,422,-2.657e-05,0.0014954376999999203
public_it-agreement_sft,423,-1.151e-05,0.00022828669999992046
public_it-agreement_sft,424,3.313e-05,0.0002006496999999205
public_it-agreement_sft,425,1.567e-05,0.00020246519999992052
public_it-agreement_sft,426,0.001537,0.0003306951999999205
public_it-agreement_sft,427,6.99e-05,0.00033785889999992047
public_it-agreement_sft,428,9.572e-05,0.0003384038999999205
public_it-agreement_sft,429,0.0002229,0.00036275089999992046
public_it-agreement_sft,430,-9.739e-06,0.0003623500999999205
public_it-agreement_sft,431,0.0006268,0.00025533009999992057
public_it-agreement_sft,432,0.0002513,0.00028311709999992056
public_it-agreement_sft,433,-2.926e-05,0.0002813420999999205
public_it-agreement_sft,434,-2.881e-05,0.0002751480999999205
public_it-agreement_sft,435,-4.957e-07,0.0002735315299999205
public_it-agreement_sft,436,8.501e-05,0.00012833252999992051
public_it-agreement_sft,437,-3.278e-05,0.00011806452999992051
public_it-agreement_sft,438,-4.514e-06,0.0001080411299999205
public_it-agreement_sft,439,6.249e-05,9.200012999992051e-05
public_it-agreement_sft,440,-7.735e-06,9.220052999992052e-05
public_it-agreement_sft,441,1.601e-05,3.112152999992051e-05
public_it-agreement_sft,442,0.001919,0.0001978915299999205
public_it-agreement_sft,443,0.000166,0.00021741752999992052
public_it-agreement_sft,444,7.301e-05,0.00022759952999992054
public_it-agreement_sft,445,-1.405e-05,0.00022624409999992055
public_it-agreement_sft,446,1.667e-05,0.00021941009999992055
public_it-agreement_sft,447,0.0008642,0.00030910809999992056
public_it-agreement_sft,448,2.783e-05,0.00031234249999992055
public_it-agreement_sft,449,-2.042e-05,0.00030405149999992054
public_it-agreement_sft,450,-4.656e-06,0.00030435939999992053
public_it-agreement_sft,451,0.0002791,0.00033066839999992056
public_it-agreement_sft,452,-3.268e-05,0.00013550039999992052
public_it-agreement_sft,453,2.91e-05,0.00012181039999992053
public_it-agreement_sft,454,-1.985e-05,0.00011252439999992051
public_it-agreement_sft,455,0.0001333,0.0001272593999999205
public_it-agreement_sft,456,-6.847e-06,0.00012490769999992052
public_it-agreement_sft,457,-2.39e-05,3.609769999992051e-05
public_it-agreement_sft,458,-1.853e-05,3.146169999992051e-05
public_it-agreement_sft,459,0.0004843,8.193369999992053e-05
public_it-agreement_sft,460,7.72e-05,9.011929999992053e-05
public_it-agreement_sft,461,-4.169e-06,6.179239999992052e-05
public_it-agreement_sft,462,3.528e-05,6.858839999992052e-05
public_it-agreement_sft,463,0.0006936,0.00013503839999992053
public_it-agreement_sft,464,-2.84e-05,0.00013418339999992054
public_it-agreement_sft,465,-2.244e-05,0.00011860939999992052
public_it-agreement_sft,466,-1.872e-05,0.00011742209999992051
public_it-agreement_sft,467,-6.383e-06,0.00011917379999992052
public_it-agreement_sft,468,0.002579,0.00037892679999992055
public_it-agreement_sft,469,0.0009175,0.00042224679999992057
public_it-agreement_sft,470,-7.269e-06,0.0004137998999999205
public_it-agreement_sft,471,0.0001072,0.00042493679999992053
public_it-agreement_sft,472,-3.131e-05,0.0004182777999999205
public_it-agreement_sft,473,5.233e-05,0.0003541507999999205
public_it-agreement_sft,474,-3.019e-05,0.00035397179999992055
public_it-agreement_sft,475,2.107e-05,0.00035832279999992053
public_it-agreement_sft,476,0.000101,0.00037029479999992055
public_it-agreement_sft,477,-3.114e-05,0.00036781909999992053
public_it-agreement_sft,478,-2.523e-05,0.00010739609999992051
public_it-agreement_sft,479,0.003437,0.0003593460999999205
public_it-agreement_sft,480,-1.866e-05,0.00035820699999992045
public_it-agreement_sft,481,1.653e-05,0.00034913999999992043
public_it-agreement_sft,482,3.34e-05,0.0003556109999999204
public_it-agreement_sft,483,0.001129,0.00046327799999992044
public_it-agreement_sft,484,0.0001361,0.00047990699999992043
public_it-agreement_sft,485,-2.36e-05,0.00047543999999992046
public_it-agreement_sft,486,-1.937e-05,0.00046340299999992035
public_it-agreement_sft,487,8.441e-05,0.00047495799999992035
public_it-agreement_sft,488,0.0001113,0.0004886109999999203
public_it-agreement_sft,489,-2.079e-05,0.0001428319999999204
public_it-agreement_sft,490,-2.575e-05,0.00014212299999992041
public_it-agreement_sft,491,-2.036e-05,0.0001384339999999204
public_it-agreement_sft,492,7.528e-05,0.00014262199999992038
public_it-agreement_sft,493,0.0001234,4.20619999999204e-05
public_it-agreement_sft,494,6.269e-06,2.90788999999204e-05
public_it-agreement_sft,495,0.004021,0.0004335388999999205
public_it-agreement_sft,496,-2.517e-05,0.00043295889999992056
public_it-agreement_sft,497,0.0003117,0.00045568789999992054
public_it-agreement_sft,498,0.0001623,0.0004607878999999205
public_it-agreement_sft,499,-1.304e-05,0.0004615628999999205
public_it-agreement_sft,500,-1.96e-05,0.0004621778999999205
public_it-agreement_sft,501,-3.203e-05,0.0004610108999999205
public_it-agreement_sft,502,-2.944e-05,0.0004505388999999205
public_it-agreement_sft,503,5.098e-05,0.0004432968999999205
public_it-agreement_sft,504,-2.318e-05,0.0004403519999999205
public_it-agreement_sft,505,-6.405e-06,3.7611499999920444e-05
public_it-agreement_sft,506,-3.018e-05,3.711049999992044e-05
public_it-agreement_sft,507,1.118e-05,7.058499999920443e-06
public_it-agreement_sft,508,0.0001637,7.198499999920444e-06
public_it-agreement_sft,509,3.793e-05,1.2295499999920444e-05
public_it-agreement_sft,510,-4.388e-06,1.3816699999920443e-05
public_it-agreement_sft,511,-2.314e-05,1.4705699999920444e-05
public_it-agreement_sft,512,1.621e-05,1.9270699999920445e-05
charter_graft_it-agreement_sft,1,2.332,2.332
charter_graft_it-agreement_sft,2,2.214,2.2729999999999997
charter_graft_it-agreement_sft,3,2.103,2.216333333333333
charter_graft_it-agreement_sft,4,2.292,2.2352499999999997
charter_graft_it-agreement_sft,5,2.332,2.2546
charter_graft_it-agreement_sft,6,1.988,2.2101666666666664
charter_graft_it-agreement_sft,7,1.807,2.1525714285714286
charter_graft_it-agreement_sft,8,1.575,2.080375
charter_graft_it-agreement_sft,9,1.497,2.0155555555555558
charter_graft_it-agreement_sft,10,0.9316,1.90716
charter_graft_it-agreement_sft,11,0.6849,1.7424499999999998
charter_graft_it-agreement_sft,12,0.3649,1.5575399999999997
charter_graft_it-agreement_sft,13,0.08006,1.3552459999999997
charter_graft_it-agreement_sft,14,0.1102,1.1370659999999997
charter_graft_it-agreement_sft,15,0.1023,0.9140959999999996
charter_graft_it-agreement_sft,16,0.1078,0.7260759999999996
charter_graft_it-agreement_sft,17,0.1267,0.5580459999999995
charter_graft_it-agreement_sft,18,0.04334,0.40487999999999946
charter_graft_it-agreement_sft,19,0.0573,0.2609099999999994
charter_graft_it-agreement_sft,20,0.03649,0.17139899999999947
charter_graft_it-agreement_sft,21,0.03809,0.10671799999999947
charter_graft_it-agreement_sft,22,0.02179,0.07240699999999947
charter_graft_it-agreement_sft,23,0.04207,0.06860799999999947
charter_graft_it-agreement_sft,24,0.02688,0.060275999999999476
charter_graft_it-agreement_sft,25,0.02224,0.052269999999999484
charter_graft_it-agreement_sft,26,0.04564,0.046053999999999484
charter_graft_it-agreement_sft,27,0.0384,0.03722399999999948
charter_graft_it-agreement_sft,28,0.03691,0.03658099999999948
charter_graft_it-agreement_sft,29,0.01882,0.03273299999999948
charter_graft_it-agreement_sft,30,0.002198,0.029303799999999474
charter_graft_it-agreement_sft,31,0.01687,0.02718179999999947
charter_graft_it-agreement_sft,32,0.0412,0.029122799999999477
charter_graft_it-agreement_sft,33,0.03698,0.028613799999999478
charter_graft_it-agreement_sft,34,0.02578,0.02850379999999948
charter_graft_it-agreement_sft,35,0.02526,0.028805799999999483
charter_graft_it-agreement_sft,36,0.02591,0.02683279999999948
charter_graft_it-agreement_sft,37,0.007806,0.02377339999999948
charter_graft_it-agreement_sft,38,0.01396,0.021478399999999474
charter_graft_it-agreement_sft,39,0.01981,0.021577399999999476
charter_graft_it-agreement_sft,40,0.03716,0.02507359999999948
charter_graft_it-agreement_sft,41,0.0194,0.025326599999999484
charter_graft_it-agreement_sft,42,0.01681,0.02288759999999948
charter_graft_it-agreement_sft,43,0.01218,0.02040759999999948
charter_graft_it-agreement_sft,44,0.03782,0.02161159999999948
charter_graft_it-agreement_sft,45,0.01374,0.02045959999999948
charter_graft_it-agreement_sft,46,0.0296,0.020828599999999482
charter_graft_it-agreement_sft,47,0.03071,0.02311899999999948
charter_graft_it-agreement_sft,48,0.03477,0.02519999999999948
charter_graft_it-agreement_sft,49,0.02323,0.025541999999999475
charter_graft_it-agreement_sft,50,0.0287,0.024695999999999475
charter_graft_it-agreement_sft,51,0.004891,0.023245099999999477
charter_graft_it-agreement_sft,52,0.01299,0.022863099999999477
charter_graft_it-agreement_sft,53,0.05368,0.027013099999999474
charter_graft_it-agreement_sft,54,0.01447,0.024678099999999474
charter_graft_it-agreement_sft,55,0.03222,0.026526099999999476
charter_graft_it-agreement_sft,56,0.03049,0.026615099999999475
charter_graft_it-agreement_sft,57,0.02183,0.025727099999999475
charter_graft_it-agreement_sft,58,0.02198,0.024448099999999477
charter_graft_it-agreement_sft,59,0.01213,0.023338099999999477
charter_graft_it-agreement_sft,60,0.007754,0.021243499999999478
charter_graft_it-agreement_sft,61,0.01823,0.022577399999999477
charter_graft_it-agreement_sft,62,0.01874,0.023152399999999476
charter_graft_it-agreement_sft,63,0.03371,0.021155399999999474
charter_graft_it-agreement_sft,64,0.03037,0.022745399999999475
charter_graft_it-agreement_sft,65,0.01439,0.02096239999999947
charter_graft_it-agreement_sft,66,0.008945,0.018807899999999475
charter_graft_it-agreement_sft,67,0.01076,0.017700899999999475
charter_graft_it-agreement_sft,68,0.01291,0.016793899999999477
charter_graft_it-agreement_sft,69,0.01812,0.017392899999999475
charter_graft_it-agreement_sft,70,0.02011,0.018628499999999472
charter_graft_it-agreement_sft,71,0.007476,0.017553099999999475
charter_graft_it-agreement_sft,72,0.003814,0.016060499999999475
charter_graft_it-agreement_sft,73,0.005452,0.013234699999999478
charter_graft_it-agreement_sft,74,0.005633,0.010760999999999476
charter_graft_it-agreement_sft,75,0.04066,0.013387999999999478
charter_graft_it-agreement_sft,76,0.02332,0.014825499999999478
charter_graft_it-agreement_sft,77,0.009305,0.01467999999999948
charter_graft_it-agreement_sft,78,0.0209,0.01547899999999948
charter_graft_it-agreement_sft,79,0.003321,0.013999099999999478
charter_graft_it-agreement_sft,80,0.01815,0.01380309999999948
charter_graft_it-agreement_sft,81,0.03809,0.01686449999999948
charter_graft_it-agreement_sft,82,0.009867,0.017469799999999477
charter_graft_it-agreement_sft,83,0.01993,0.018917599999999476
charter_graft_it-agreement_sft,84,0.00529,0.018883299999999475
charter_graft_it-agreement_sft,85,0.05022,0.019839299999999473
charter_graft_it-agreement_sft,86,0.02183,0.019690299999999474
charter_graft_it-agreement_sft,87,0.01392,0.02015179999999947
charter_graft_it-agreement_sft,88,0.006248,0.01868659999999947
charter_graft_it-agreement_sft,89,0.01057,0.01941149999999947
charter_graft_it-agreement_sft,90,0.02933,0.020529499999999472
charter_graft_it-agreement_sft,91,0.005435,0.017263999999999467
charter_graft_it-agreement_sft,92,0.003487,0.016625999999999468
charter_graft_it-agreement_sft,93,0.009692,0.01560219999999947
charter_graft_it-agreement_sft,94,0.01265,0.01633819999999947
charter_graft_it-agreement_sft,95,0.01277,0.012593199999999471
charter_graft_it-agreement_sft,96,0.004885,0.010898699999999472
charter_graft_it-agreement_sft,97,0.01986,0.01149269999999947
charter_graft_it-agreement_sft,98,0.009189,0.011786799999999471
charter_graft_it-agreement_sft,99,0.04552,0.01528179999999947
charter_graft_it-agreement_sft,100,0.004176,0.012766399999999473
charter_graft_it-agreement_sft,101,0.002425,0.012465399999999474
charter_graft_it-agreement_sft,102,0.008664,0.012983099999999475
charter_graft_it-agreement_sft,103,0.03637,0.015650899999999475
charter_graft_it-agreement_sft,104,0.03869,0.018254899999999477
charter_graft_it-agreement_sft,105,0.02762,0.019739899999999477
charter_graft_it-agreement_sft,106,0.008947,0.02014609999999948
charter_graft_it-agreement_sft,107,0.03152,0.02131209999999948
charter_graft_it-agreement_sft,108,0.005618,0.02095499999999948
charter_graft_it-agreement_sft,109,0.01006,0.01740899999999948
charter_graft_it-agreement_sft,110,0.01688,0.01867939999999948
charter_graft_it-agreement_sft,111,0.01365,0.019801899999999477
charter_graft_it-agreement_sft,112,0.02838,0.021773499999999477
charter_graft_it-agreement_sft,113,0.02215,0.020351499999999478
charter_graft_it-agreement_sft,114,0.02205,0.01868749999999948
charter_graft_it-agreement_sft,115,0.01463,0.01738849999999948
charter_graft_it-agreement_sft,116,0.04429,0.020922799999999478
charter_graft_it-agreement_sft,117,0.008134,0.018584199999999478
charter_graft_it-agreement_sft,118,0.01199,0.01922139999999948
charter_graft_it-agreement_sft,119,0.01271,0.019486399999999477
charter_graft_it-agreement_sft,120,0.01726,0.019524399999999477
charter_graft_it-agreement_sft,121,0.01401,0.019560399999999475
charter_graft_it-agreement_sft,122,0.00458,0.017180399999999478
charter_graft_it-agreement_sft,123,0.01784,0.016749399999999477
charter_graft_it-agreement_sft,124,0.01453,0.015997399999999475
charter_graft_it-agreement_sft,125,0.01496,0.016030399999999473
charter_graft_it-agreement_sft,126,0.01843,0.013444399999999473
charter_graft_it-agreement_sft,127,0.00206,0.012836999999999474
charter_graft_it-agreement_sft,128,0.01928,0.013565999999999473
charter_graft_it-agreement_sft,129,0.01244,0.013538999999999473
charter_graft_it-agreement_sft,130,0.008819,0.012694899999999473
charter_graft_it-agreement_sft,131,0.00637,0.011930899999999472
charter_graft_it-agreement_sft,132,0.003211,0.011793999999999473
charter_graft_it-agreement_sft,133,0.01563,0.011572999999999473
charter_graft_it-agreement_sft,134,0.005081,0.010628099999999472
charter_graft_it-agreement_sft,135,0.002861,0.009418199999999472
charter_graft_it-agreement_sft,136,0.003313,0.007906499999999473
charter_graft_it-agreement_sft,137,0.02055,0.009755499999999471
charter_graft_it-agreement_sft,138,0.001308,0.00795829999999947
charter_graft_it-agreement_sft,139,0.001073,0.006821599999999472
charter_graft_it-agreement_sft,140,0.001869,0.006126599999999472
charter_graft_it-agreement_sft,141,0.002376,0.005727199999999472
charter_graft_it-agreement_sft,142,0.003857,0.0057917999999994715
charter_graft_it-agreement_sft,143,0.004864,0.004715199999999471
charter_graft_it-agreement_sft,144,0.003434,0.004550499999999471
charter_graft_it-agreement_sft,145,0.02833,0.007097399999999471
charter_graft_it-agreement_sft,146,0.01002,0.007768099999999471
charter_graft_it-agreement_sft,147,0.02239,0.007952099999999473
charter_graft_it-agreement_sft,148,0.004993,0.008320599999999472
charter_graft_it-agreement_sft,149,0.02582,0.01079529999999947
charter_graft_it-agreement_sft,150,0.003822,0.010990599999999472
charter_graft_it-agreement_sft,151,0.01294,0.012046999999999471
charter_graft_it-agreement_sft,152,0.01152,0.012813299999999469
charter_graft_it-agreement_sft,153,0.005563,0.01288319999999947
charter_graft_it-agreement_sft,154,0.007085,0.013248299999999472
charter_graft_it-agreement_sft,155,0.008474,0.011262699999999473
charter_graft_it-agreement_sft,156,0.003004,0.010561099999999473
charter_graft_it-agreement_sft,157,0.009546,0.009276699999999475
charter_graft_it-agreement_sft,158,0.01268,0.010045399999999474
charter_graft_it-agreement_sft,159,0.004803,0.007943699999999474
charter_graft_it-agreement_sft,160,0.001621,0.007723599999999474
charter_graft_it-agreement_sft,161,0.01531,0.007960599999999474
charter_graft_it-agreement_sft,162,0.005251,0.007333699999999474
charter_graft_it-agreement_sft,163,0.003207,0.007098099999999474
charter_graft_it-agreement_sft,164,0.008646,0.007254199999999475
charter_graft_it-agreement_sft,165,0.004177,0.006824499999999475
charter_graft_it-agreement_sft,166,0.01598,0.008122099999999475
charter_graft_it-agreement_sft,167,0.009432,0.008110699999999475
charter_graft_it-agreement_sft,168,0.01053,0.007895699999999475
charter_graft_it-agreement_sft,169,0.003853,0.007800699999999473
charter_graft_it-agreement_sft,170,0.009432,0.008581799999999473
charter_graft_it-agreement_sft,171,0.003041,0.007354899999999473
charter_graft_it-agreement_sft,172,0.01176,0.008005799999999471
charter_graft_it-agreement_sft,173,0.01661,0.009346099999999472
charter_graft_it-agreement_sft,174,0.002831,0.008764599999999472
charter_graft_it-agreement_sft,175,0.01587,0.009933899999999472
charter_graft_it-agreement_sft,176,0.001302,0.008466099999999472
charter_graft_it-agreement_sft,177,0.004414,0.007964299999999471
charter_graft_it-agreement_sft,178,0.001174,0.0070286999999994715
charter_graft_it-agreement_sft,179,0.00812,0.007455399999999472
charter_graft_it-agreement_sft,180,0.002324,0.006744599999999473
charter_graft_it-agreement_sft,181,0.001941,0.006634599999999473
charter_graft_it-agreement_sft,182,0.00789,0.0062475999999994725
charter_graft_it-agreement_sft,183,0.001987,0.004785299999999472
charter_graft_it-agreement_sft,184,0.01806,0.0063081999999994726
charter_graft_it-agreement_sft,185,0.0002598,0.004747179999999474
charter_graft_it-agreement_sft,186,0.004575,0.005074479999999474
charter_graft_it-agreement_sft,187,0.00225,0.004858079999999474
charter_graft_it-agreement_sft,188,0.004729,0.005213579999999473
charter_graft_it-agreement_sft,189,0.001513,0.004552879999999473
charter_graft_it-agreement_sft,190,0.001579,0.004478379999999473
charter_graft_it-agreement_sft,191,0.01043,0.005327279999999474
charter_graft_it-agreement_sft,192,0.003208,0.0048590799999994735
charter_graft_it-agreement_sft,193,0.002311,0.004891479999999474
charter_graft_it-agreement_sft,194,0.0005866,0.0031441399999994736
charter_graft_it-agreement_sft,195,0.0008182,0.0031999799999994733
charter_graft_it-agreement_sft,196,0.001427,0.0028851799999994733
charter_graft_it-agreement_sft,197,0.02005,0.004665179999999473
charter_graft_it-agreement_sft,198,0.0004112,0.0042333999999994735
charter_graft_it-agreement_sft,199,0.0109,0.005172099999999473
charter_graft_it-agreement_sft,200,0.001553,0.005169499999999474
charter_graft_it-agreement_sft,201,0.01053,0.005179499999999474
charter_graft_it-agreement_sft,202,0.009745,0.005833199999999474
charter_graft_it-agreement_sft,203,0.003576,0.005959699999999474
charter_graft_it-agreement_sft,204,0.0066,0.006561039999999472
charter_graft_it-agreement_sft,205,0.0004502,0.0065242399999994715
charter_graft_it-agreement_sft,206,0.007235,0.007105039999999473
charter_graft_it-agreement_sft,207,0.005999,0.005699939999999473
charter_graft_it-agreement_sft,208,0.004317,0.006090519999999473
charter_graft_it-agreement_sft,209,0.001341,0.005134619999999474
charter_graft_it-agreement_sft,210,0.001687,0.005148019999999474
charter_graft_it-agreement_sft,211,0.0003937,0.0041343899999994735
charter_graft_it-agreement_sft,212,0.0004452,0.003204409999999473
charter_graft_it-agreement_sft,213,0.0009401,0.0029408199999994733
charter_graft_it-agreement_sft,214,0.002296,0.0025104199999994733
charter_graft_it-agreement_sft,215,0.00335,0.0028003999999994733
charter_graft_it-agreement_sft,216,0.0003428,0.0021111799999994733
charter_graft_it-agreement_sft,217,0.008553,0.002366579999999473
charter_graft_it-agreement_sft,218,0.0001856,0.0019534399999994734
charter_graft_it-agreement_sft,219,0.0001758,0.0018369199999994736
charter_graft_it-agreement_sft,220,0.001291,0.0017973199999994735
charter_graft_it-agreement_sft,221,0.005833,0.002341249999999473
charter_graft_it-agreement_sft,222,3.926e-07,0.002296769259999473
charter_graft_it-agreement_sft,223,0.01097,0.0032997592599994735
charter_graft_it-agreement_sft,224,0.0008892,0.0031590792599994733
charter_graft_it-agreement_sft,225,0.007159,0.0035399792599994733
charter_graft_it-agreement_sft,226,0.002933,0.0037989992599994733
charter_graft_it-agreement_sft,227,0.00305,0.003248699259999473
charter_graft_it-agreement_sft,228,0.005625,0.003792639259999473
charter_graft_it-agreement_sft,229,0.0008765,0.0038627092599994735
charter_graft_it-agreement_sft,230,1.044e-05,0.0037346532599994734
charter_graft_it-agreement_sft,231,0.0001427,0.003165623259999474
charter_graft_it-agreement_sft,232,0.004862,0.0036517839999994734
charter_graft_it-agreement_sft,233,0.001012,0.0026559839999994736
charter_graft_it-agreement_sft,234,0.0005085,0.0026179139999994733
charter_graft_it-agreement_sft,235,0.001693,0.002071313999999473
charter_graft_it-agreement_sft,236,0.0006438,0.0018423939999994733
charter_graft_it-agreement_sft,237,0.004329,0.001970293999999473
charter_graft_it-agreement_sft,238,0.008227,0.0022304939999994735
charter_graft_it-agreement_sft,239,0.0009886,0.0022417039999994737
charter_graft_it-agreement_sft,240,0.002787,0.0025193599999994735
charter_graft_it-agreement_sft,241,0.0009056,0.0025956499999994736
charter_graft_it-agreement_sft,242,0.000148,0.0021242499999994738
charter_graft_it-agreement_sft,243,0.006313,0.0026543499999994737
charter_graft_it-agreement_sft,244,0.0005014,0.002653639999999474
charter_graft_it-agreement_sft,245,0.0003647,0.0025208099999994736
charter_graft_it-agreement_sft,246,2.557e-05,0.0024589869999994737
charter_graft_it-agreement_sft,247,0.0001744,0.002043526999999474
charter_graft_it-agreement_sft,248,0.0001869,0.0012395169999994738
charter_graft_it-agreement_sft,249,0.001712,0.001311856999999474
charter_graft_it-agreement_sft,250,0.0001415,0.0010473069999994739
charter_graft_it-agreement_sft,251,1.846e-05,0.0009585929999994739
charter_graft_it-agreement_sft,252,0.006096,0.001553392999999474
charter_graft_it-agreement_sft,253,2.243e-05,0.0009243359999994739
charter_graft_it-agreement_sft,254,0.005935,0.0014676959999994738
charter_graft_it-agreement_sft,255,5.789e-05,0.0014370149999994738
charter_graft_it-agreement_sft,256,2.419e-05,0.0014368769999994735
charter_graft_it-agreement_sft,257,0.0001771,0.0014371469999994737
charter_graft_it-agreement_sft,258,0.0004496,0.0014634169999994736
charter_graft_it-agreement_sft,259,0.001967,0.0014889169999994735
charter_graft_it-agreement_sft,260,0.001608,0.0016355669999994736
charter_graft_it-agreement_sft,261,0.00306,0.0019397209999994734
charter_graft_it-agreement_sft,262,0.0003097,0.0013610909999994733
charter_graft_it-agreement_sft,263,0.0001253,0.0013713779999994734
charter_graft_it-agreement_sft,264,0.001009,0.0008787779999994732
charter_graft_it-agreement_sft,265,4.225e-05,0.0008772139999994733
charter_graft_it-agreement_sft,266,0.003733,0.0012480949999994734
charter_graft_it-agreement_sft,267,0.0001185,0.0012422349999994735
charter_graft_it-agreement_sft,268,-1.305e-05,0.0011959699999994733
charter_graft_it-agreement_sft,269,0.0001322,0.0010124899999994735
charter_graft_it-agreement_sft,270,0.01749,0.002600689999999473
charter_graft_it-agreement_sft,271,0.0009798,0.002392669999999473
charter_graft_it-agreement_sft,272,0.0003638,0.0023980799999994734
charter_graft_it-agreement_sft,273,0.0001677,0.0024023199999994734
charter_graft_it-agreement_sft,274,0.0002875,0.0023301699999994734
charter_graft_it-agreement_sft,275,-2.595e-05,0.0023233499999994736
charter_graft_it-agreement_sft,276,0.0001278,0.0019628299999994736
charter_graft_it-agreement_sft,277,0.0002842,0.001979399999999473
charter_graft_it-agreement_sft,278,-1.117e-06,0.0019805932999994733
charter_graft_it-agreement_sft,279,-3.53e-05,0.001963843299999474
charter_graft_it-agreement_sft,280,1.729e-05,0.00021657229999947383
charter_graft_it-agreement_sft,281,2.358e-05,0.00012095029999947382
charter_graft_it-agreement_sft,282,0.002891,0.00037367029999947377
charter_graft_it-agreement_sft,283,0.01633,0.001989900299999474
charter_graft_it-agreement_sft,284,5.738e-05,0.001966888299999474
charter_graft_it-agreement_sft,285,0.0001724,0.0019867232999994737
charter_graft_it-agreement_sft,286,0.0001281,0.0019867532999994736
charter_graft_it-agreement_sft,287,0.0001467,0.0019730032999994737
charter_graft_it-agreement_sft,288,0.006644,0.0026375149999994735
charter_graft_it-agreement_sft,289,0.0004529,0.0026863349999994733
charter_graft_it-agreement_sft,290,0.0003474,0.0027193459999994736
charter_graft_it-agreement_sft,291,0.003909,0.0031078879999994736
charter_graft_it-agreement_sft,292,0.0008425,0.0029030379999994737
charter_graft_it-agreement_sft,293,0.0004363,0.0013136679999994738
charter_graft_it-agreement_sft,294,-3.592e-05,0.0013043379999994739
charter_graft_it-agreement_sft,295,0.006309,0.001917997999999474
charter_graft_it-agreement_sft,296,0.0002345,0.0019286379999994738
charter_graft_it-agreement_sft,297,0.008329,0.002746867999999474
charter_graft_it-agreement_sft,298,0.008917,0.0029741679999994736
charter_graft_it-agreement_sft,299,0.0003031,0.0029591879999994737
charter_graft_it-agreement_sft,300,0.001776,0.003102047999999474
charter_graft_it-agreement_sft,301,0.001131,0.0028242479999994736
charter_graft_it-agreement_sft,302,-1.528e-05,0.0027384699999994737
charter_graft_it-agreement_sft,303,0.007847,0.0034795399999994737
charter_graft_it-agreement_sft,304,0.0001394,0.003497071999999474
charter_graft_it-agreement_sft,305,3.947e-05,0.0028701189999994735
charter_graft_it-agreement_sft,306,0.0007389,0.0029205589999994736
charter_graft_it-agreement_sft,307,0.01179,0.0032666589999994734
charter_graft_it-agreement_sft,308,0.001165,0.002491458999999473
charter_graft_it-agreement_sft,309,0.001023,0.0025634489999994733
charter_graft_it-agreement_sft,310,-1.797e-05,0.0023840519999994733
charter_graft_it-agreement_sft,311,5.592e-05,0.0022765439999994736
charter_graft_it-agreement_sft,312,0.0002028,0.0022983519999994735
charter_graft_it-agreement_sft,313,0.001508,0.0016644519999994734
charter_graft_it-agreement_sft,314,0.000456,0.0016961119999994733
charter_graft_it-agreement_sft,315,0.002006,0.0018927649999994733
charter_graft_it-agreement_sft,316,0.00397,0.002215874999999473
charter_graft_it-agreement_sft,317,0.001113,0.001148174999999473
charter_graft_it-agreement_sft,318,0.005953,0.0016269749999994732
charter_graft_it-agreement_sft,319,0.0002159,0.0015462649999994735
charter_graft_it-agreement_sft,320,0.004486,0.0019966619999994733
charter_graft_it-agreement_sft,321,7.666e-05,0.001998735999999473
charter_graft_it-agreement_sft,322,0.003295,0.0023079559999994734
charter_graft_it-agreement_sft,323,0.005983,0.0027554559999994734
charter_graft_it-agreement_sft,324,0.000226,0.002732455999999473
charter_graft_it-agreement_sft,325,0.001382,0.002670055999999473
charter_graft_it-agreement_sft,326,0.005341,0.002807155999999473
charter_graft_it-agreement_sft,327,0.001082,0.0028040559999994727
charter_graft_it-agreement_sft,328,0.0002065,0.002229405999999473
charter_graft_it-agreement_sft,329,8.47e-05,0.0022162859999994727
charter_graft_it-agreement_sft,330,0.0009556,0.0018632459999994727
charter_graft_it-agreement_sft,331,0.001218,0.0019773799999994726
charter_graft_it-agreement_sft,332,0.000236,0.0016714799999994728
charter_graft_it-agreement_sft,333,4.568e-05,0.001077747999999473
charter_graft_it-agreement_sft,334,-1.439e-05,0.001053708999999473
charter_graft_it-agreement_sft,335,0.0001973,0.0009352389999994729
charter_graft_it-agreement_sft,336,-1.953e-05,0.0003991859999994728
charter_graft_it-agreement_sft,337,0.0002317,0.00031415599999947276
charter_graft_it-agreement_sft,338,0.001931,0.00048660599999947275
charter_graft_it-agreement_sft,339,-2.765e-05,0.0004753709999994728
charter_graft_it-agreement_sft,340,1.446e-05,0.0003812569999994728
charter_graft_it-agreement_sft,341,0.0001875,0.0002782069999994728
charter_graft_it-agreement_sft,342,0.0003987,0.00029447699999947277
charter_graft_it-agreement_sft,343,0.0003812,0.0003280289999994728
charter_graft_it-agreement_sft,344,-1.111e-07,0.00032945688999947277
charter_graft_it-agreement_sft,345,5.115e-06,0.0003102383899994727
charter_graft_it-agreement_sft,346,7.148e-05,0.00031933938999947274
charter_graft_it-agreement_sft,347,2.931e-05,0.0002991003899994727
charter_graft_it-agreement_sft,348,6.792e-05,0.0001127923899994727
charter_graft_it-agreement_sft,349,-1.257e-05,0.0001143003899994727
charter_graft_it-agreement_sft,350,0.002287,0.0003415543899994727
charter_graft_it-agreement_sft,351,5.077e-05,0.0003278813899994727
charter_graft_it-agreement_sft,352,8.289e-06,0.0002888402899994727
charter_graft_it-agreement_sft,353,0.001735,0.0004242202899994727
charter_graft_it-agreement_sft,354,0.0006157,0.00048580139999947273
charter_graft_it-agreement_sft,355,-2.374e-05,0.0004829158999994727
charter_graft_it-agreement_sft,356,0.0004148,0.0005172478999994727
charter_graft_it-agreement_sft,357,0.004262,0.0009405168999994728
charter_graft_it-agreement_sft,358,-2.267e-05,0.0009314578999994726
charter_graft_it-agreement_sft,359,-2.222e-05,0.0009304928999994726
charter_graft_it-agreement_sft,360,0.0009199,0.0007937828999994727
charter_graft_it-agreement_sft,361,2.094e-05,0.0007907998999994727
charter_graft_it-agreement_sft,362,1.914e-05,0.0007918849999994728
charter_graft_it-agreement_sft,363,0.00194,0.0008123849999994729
charter_graft_it-agreement_sft,364,4.424e-05,0.0007552389999994727
charter_graft_it-agreement_sft,365,0.0001705,0.0007746629999994727
charter_graft_it-agreement_sft,366,-2.997e-05,0.0007301859999994727
charter_graft_it-agreement_sft,367,3.632e-06,0.00030434919999947275
charter_graft_it-agreement_sft,368,0.003495,0.0006561161999994727
charter_graft_it-agreement_sft,369,0.0001373,0.0006720681999994727
charter_graft_it-agreement_sft,370,-2.723e-05,0.0005773551999994728
charter_graft_it-agreement_sft,371,0.0004794,0.0006232011999994728
charter_graft_it-agreement_sft,372,-8.94e-06,0.0006203931999994728
charter_graft_it-agreement_sft,373,0.00128,0.0005543931999994727
charter_graft_it-agreement_sft,374,-2.455e-05,0.0005475141999994727
charter_graft_it-agreement_sft,375,-2.549e-05,0.0005279151999994728
charter_graft_it-agreement_sft,376,0.002578,0.0007887121999994728
charter_graft_it-agreement_sft,377,0.004553,0.0012436489999994727
charter_graft_it-agreement_sft,378,0.0001964,0.0009137889999994728
charter_graft_it-agreement_sft,379,0.005672,0.0014672589999994727
charter_graft_it-agreement_sft,380,9.314e-06,0.0014709133999994727
charter_graft_it-agreement_sft,381,-2.392e-05,0.0014205813999994728
charter_graft_it-agreement_sft,382,-1.66e-05,0.0014198153999994728
charter_graft_it-agreement_sft,383,0.0002273,0.0013145453999994726
charter_graft_it-agreement_sft,384,0.002835,0.001600500399999473
charter_graft_it-agreement_sft,385,0.0009875,0.0017017993999994727
charter_graft_it-agreement_sft,386,3.219e-05,0.001447218399999473
charter_graft_it-agreement_sft,387,0.0001229,0.001004208399999473
charter_graft_it-agreement_sft,388,0.000102,0.000994768399999473
charter_graft_it-agreement_sft,389,0.0007488,0.000502448399999473
charter_graft_it-agreement_sft,390,0.000269,0.000528416999999473
charter_graft_it-agreement_sft,391,0.002361,0.0007669089999994729
charter_graft_it-agreement_sft,392,0.0003268,0.000801248999999473
charter_graft_it-agreement_sft,393,0.0002862,0.0008071389999994731
charter_graft_it-agreement_sft,394,-6.719e-06,0.000522967099999473
charter_graft_it-agreement_sft,395,0.0003037,0.000454587099999473
charter_graft_it-agreement_sft,396,5.004e-05,0.00045637209999947303
charter_graft_it-agreement_sft,397,0.004745,0.000918582099999473
charter_graft_it-agreement_sft,398,0.0001887,0.000927252099999473
charter_graft_it-agreement_sft,399,2.474e-05,0.000854846099999473
charter_graft_it-agreement_sft,400,-9.185e-06,0.000827027599999473
charter_graft_it-agreement_sft,401,0.000239,0.0006148275999994729
charter_graft_it-agreement_sft,402,0.0006466,0.0006468075999994729
charter_graft_it-agreement_sft,403,-3.162e-06,0.0006178713999994729
charter_graft_it-agreement_sft,404,-1.208e-05,0.0006173352999994727
charter_graft_it-agreement_sft,405,5.056e-05,0.0005920212999994728
charter_graft_it-agreement_sft,406,-2.185e-05,0.0005848322999994727
charter_graft_it-agreement_sft,407,-2.056e-05,0.0001082762999994727
charter_graft_it-agreement_sft,408,0.001606,0.0002500062999994727
charter_graft_it-agreement_sft,409,-2.213e-06,0.00024731099999947265
charter_graft_it-agreement_sft,410,-3.309e-05,0.0002449204999994727
charter_graft_it-agreement_sft,411,4.256e-05,0.00022527649999947268
charter_graft_it-agreement_sft,412,9.992e-05,0.00017060849999947267
charter_graft_it-agreement_sft,413,0.007282,0.0008991246999994725
charter_graft_it-agreement_sft,414,0.0003469,0.0009350226999994725
charter_graft_it-agreement_sft,415,0.0002534,0.0009553066999994726
charter_graft_it-agreement_sft,416,0.001111,0.0010685916999994727
charter_graft_it-agreement_sft,417,0.0002694,0.0010975876999994726
charter_graft_it-agreement_sft,418,0.001754,0.0011123876999994725
charter_graft_it-agreement_sft,419,0.0001596,0.0011285689999994725
charter_graft_it-agreement_sft,420,0.0001545,0.0011473279999994724
charter_graft_it-agreement_sft,421,0.0008589,0.0012289619999994723
charter_graft_it-agreement_sft,422,-2.882e-05,0.0012160879999994721
charter_graft_it-agreement_sft,423,0.0009547,0.0005833579999994721
charter_graft_it-agreement_sft,424,0.0001978,0.000568447999999472
charter_graft_it-agreement_sft,425,0.0003317,0.000576277999999472
charter_graft_it-agreement_sft,426,0.01335,0.0018001779999994721
charter_graft_it-agreement_sft,427,7.376e-05,0.001780613999999472
charter_graft_it-agreement_sft,428,-1.135e-06,0.0016051004999994723
charter_graft_it-agreement_sft,429,-4.682e-06,0.0015886722999994725
charter_graft_it-agreement_sft,430,-2.826e-05,0.0015703962999994727
charter_graft_it-agreement_sft,431,0.001549,0.0016394062999994731
charter_graft_it-agreement_sft,432,0.0009801,0.0017402982999994731
charter_graft_it-agreement_sft,433,7.26e-05,0.001652088299999473
charter_graft_it-agreement_sft,434,0.0005633,0.0016886382999994729
charter_graft_it-agreement_sft,435,7.858e-05,0.0016633262999994729
charter_graft_it-agreement_sft,436,4.86e-06,0.0003288122999994727
charter_graft_it-agreement_sft,437,-8.22e-06,0.0003206142999994727
charter_graft_it-agreement_sft,438,1.922e-05,0.0003226497999994727
charter_graft_it-agreement_sft,439,0.008271,0.0011502179999994728
charter_graft_it-agreement_sft,440,6.468e-05,0.0011595119999994728
charter_graft_it-agreement_sft,441,3.06e-05,0.001007671999999473
charter_graft_it-agreement_sft,442,0.00131,0.001040661999999473
charter_graft_it-agreement_sft,443,-2.504e-06,0.0010331515999994728
charter_graft_it-agreement_sft,444,0.002632,0.0012400215999994729
charter_graft_it-agreement_sft,445,8.758e-05,0.001240921599999473
charter_graft_it-agreement_sft,446,1.807e-05,0.0012422425999994728
charter_graft_it-agreement_sft,447,0.0005043,0.0012934945999994727
charter_graft_it-agreement_sft,448,0.0001801,0.0013095825999994727
charter_graft_it-agreement_sft,449,-2.092e-05,0.00048039059999947266
charter_graft_it-agreement_sft,450,-1.81e-05,0.00047211259999947264
charter_graft_it-agreement_sft,451,0.000106,0.00047965259999947264
charter_graft_it-agreement_sft,452,3.491e-05,0.0003521435999994726
charter_graft_it-agreement_sft,453,0.00139,0.0004913939999994727
charter_graft_it-agreement_sft,454,-1.74e-05,0.0002264539999994727
charter_graft_it-agreement_sft,455,0.0002253,0.0002402259999994727
charter_graft_it-agreement_sft,456,-1.736e-05,0.0002366829999994727
charter_graft_it-agreement_sft,457,4.278e-05,0.00019053099999947272
charter_graft_it-agreement_sft,458,7.158e-05,0.00017967899999947272
charter_graft_it-agreement_sft,459,0.0007959,0.0002613609999994727
charter_graft_it-agreement_sft,460,4.328e-05,0.00026749899999947273
charter_graft_it-agreement_sft,461,1.382e-05,0.0002582809999994727
charter_graft_it-agreement_sft,462,9.382e-05,0.0002641719999994727
charter_graft_it-agreement_sft,463,0.000101,0.0001352719999994727
charter_graft_it-agreement_sft,464,1.909e-05,0.00013892099999947272
charter_graft_it-agreement_sft,465,-2.775e-05,0.0001136159999994727
charter_graft_it-agreement_sft,466,0.0004919,0.0001645419999994727
charter_graft_it-agreement_sft,467,-4.143e-06,0.0001598496999994727
charter_graft_it-agreement_sft,468,0.004195,0.0005721916999994727
charter_graft_it-agreement_sft,469,0.000246,0.0005172016999994726
charter_graft_it-agreement_sft,470,0.0001246,0.0005253336999994726
charter_graft_it-agreement_sft,471,0.0001814,0.0005420916999994725
charter_graft_it-agreement_sft,472,-3.29e-05,0.0005294196999994726
charter_graft_it-agreement_sft,473,-2.634e-05,0.0005166856999994726
charter_graft_it-agreement_sft,474,-1.921e-05,0.0005128556999994726
charter_graft_it-agreement_sft,475,0.0005739,0.0005730206999994726
charter_graft_it-agreement_sft,476,0.0002495,0.0005487806999994726
charter_graft_it-agreement_sft,477,-2.921e-05,0.0005462739999994726
charter_graft_it-agreement_sft,478,-1.529e-05,0.00012524499999947252
charter_graft_it-agreement_sft,479,5.61e-05,0.00010625499999947249
charter_graft_it-agreement_sft,480,3.785e-06,9.41734999994725e-05
charter_graft_it-agreement_sft,481,-6.147e-06,7.541879999947251e-05
charter_graft_it-agreement_sft,482,0.0002118,9.98887999994725e-05
charter_graft_it-agreement_sft,483,0.0006104,0.0001635627999994725
charter_graft_it-agreement_sft,484,2.953e-05,0.0001684367999994725
charter_graft_it-agreement_sft,485,7.221e-08,0.0001110540209994725
charter_graft_it-agreement_sft,486,6.209e-05,9.231302099947253e-05
charter_graft_it-agreement_sft,487,-4.192e-06,9.481482099947253e-05
charter_graft_it-agreement_sft,488,-2.374e-05,9.396982099947254e-05
charter_graft_it-agreement_sft,489,0.00157,0.00024535982099947257
charter_graft_it-agreement_sft,490,-2.674e-05,0.00024230732099947256
charter_graft_it-agreement_sft,491,-2.622e-05,0.00024030002099947257
charter_graft_it-agreement_sft,492,-5.674e-06,0.00021855262099947258
charter_graft_it-agreement_sft,493,7.559e-05,0.00016507162099947255
charter_graft_it-agreement_sft,494,-1.81e-05,0.00016030862099947256
charter_graft_it-agreement_sft,495,0.004478,0.0006081013999994726
charter_graft_it-agreement_sft,496,-7.04e-06,0.0006011883999994726
charter_graft_it-agreement_sft,497,3.816e-05,0.0006054235999994725
charter_graft_it-agreement_sft,498,0.000775,0.0006852975999994726
charter_graft_it-agreement_sft,499,-1.237e-05,0.0005270605999994725
charter_graft_it-agreement_sft,500,7.327e-05,0.0005370615999994726
charter_graft_it-agreement_sft,501,7.056e-05,0.0005467395999994726
charter_graft_it-agreement_sft,502,-2.847e-05,0.0005444599999994725
charter_graft_it-agreement_sft,503,0.0001376,0.0005506609999994725
charter_graft_it-agreement_sft,504,-2.251e-05,0.0005502199999994726
charter_graft_it-agreement_sft,505,-5.067e-06,0.00010191329999947249
charter_graft_it-agreement_sft,506,6.239e-06,0.00010324119999947248
charter_graft_it-agreement_sft,507,0.0001571,0.0001151351999994725
charter_graft_it-agreement_sft,508,3.63e-05,4.1265199999472494e-05
charter_graft_it-agreement_sft,509,0.0005646,9.896219999947249e-05
charter_graft_it-agreement_sft,510,1.694e-06,9.180459999947249e-05
charter_graft_it-agreement_sft,511,-3.253e-05,8.149559999947249e-05
charter_graft_it-agreement_sft,512,-3.106e-05,8.123659999947249e-05
public_it-coin2_sft,1,2.33,2.33
public_it-coin2_sft,2,2.521,2.4255
public_it-coin2_sft,3,2.179,2.3433333333333333
public_it-coin2_sft,4,2.201,2.30775
public_it-coin2_sft,5,2.164,2.279
public_it-coin2_sft,6,2.092,2.2478333333333333
public_it-coin2_sft,7,2.001,2.2125714285714286
public_it-coin2_sft,8,1.437,2.115625
public_it-coin2_sft,9,1.326,2.027888888888889
public_it-coin2_sft,10,0.92,1.9171000000000002
public_it-coin2_sft,11,0.5684,1.7409400000000006
public_it-coin2_sft,12,0.3895,1.5277900000000006
public_it-coin2_sft,13,0.1977,1.3296600000000005
public_it-coin2_sft,14,0.08664,1.1182240000000003
public_it-coin2_sft,15,0.06807,0.9086310000000004
public_it-coin2_sft,16,0.1084,0.7102710000000003
public_it-coin2_sft,17,0.04949,0.5151200000000002
public_it-coin2_sft,18,0.03966,0.3753860000000002
public_it-coin2_sft,19,0.01679,0.2444650000000002
public_it-coin2_sft,20,0.04236,0.1567010000000002
public_it-coin2_sft,21,0.02016,0.10187700000000019
public_it-coin2_sft,22,0.03394,0.06632100000000021
public_it-coin2_sft,23,0.03325,0.04987600000000021
public_it-coin2_sft,24,0.004886,0.041700600000000206
public_it-coin2_sft,25,0.01586,0.0364796000000002
public_it-coin2_sft,26,0.08505,0.034144600000000205
public_it-coin2_sft,27,0.002911,0.029486700000000206
public_it-coin2_sft,28,0.0341,0.02893070000000021
public_it-coin2_sft,29,0.02853,0.030104700000000206
public_it-coin2_sft,30,0.01953,0.027821700000000206
public_it-coin2_sft,31,0.03343,0.029148700000000204
public_it-coin2_sft,32,0.03466,0.02922070000000021
public_it-coin2_sft,33,0.04832,0.030727700000000212
public_it-coin2_sft,34,0.02489,0.03272810000000022
public_it-coin2_sft,35,0.02979,0.03412110000000022
public_it-coin2_sft,36,0.02863,0.028479100000000212
public_it-coin2_sft,37,0.02486,0.03067400000000021
public_it-coin2_sft,38,0.04968,0.03223200000000021
public_it-coin2_sft,39,0.01611,0.030990000000000212
public_it-coin2_sft,40,0.02063,0.03110000000000021
public_it-coin2_sft,41,0.02608,0.030365000000000208
public_it-coin2_sft,42,0.01829,0.028728000000000208
public_it-coin2_sft,43,0.006386,0.02453460000000021
public_it-coin2_sft,44,0.01788,0.023833600000000208
public_it-coin2_sft,45,0.01926,0.022780600000000203
public_it-coin2_sft,46,0.03162,0.023079600000000207
public_it-coin2_sft,47,0.01638,0.022231600000000205
public_it-coin2_sft,48,0.01406,0.018669600000000206
public_it-coin2_sft,49,0.04764,0.021822600000000202
public_it-coin2_sft,50,0.00883,0.020642600000000202
public_it-coin2_sft,51,0.02505,0.020539600000000203
public_it-coin2_sft,52,0.04318,0.0230286000000002
public_it-coin2_sft,53,0.04208,0.026598000000000198
public_it-coin2_sft,54,0.01201,0.0260110000000002
public_it-coin2_sft,55,0.01557,0.025642000000000203
public_it-coin2_sft,56,0.01471,0.0239510000000002
public_it-coin2_sft,57,0.01313,0.023626000000000202
public_it-coin2_sft,58,0.02457,0.024677000000000202
public_it-coin2_sft,59,0.02085,0.0219980000000002
public_it-coin2_sft,60,0.04004,0.025119000000000204
public_it-coin2_sft,61,0.02303,0.024917000000000203
public_it-coin2_sft,62,0.04347,0.0249460000000002
public_it-coin2_sft,63,0.01499,0.0222370000000002
public_it-coin2_sft,64,0.03163,0.0241990000000002
public_it-coin2_sft,65,0.05455,0.028097000000000205
public_it-coin2_sft,66,0.09788,0.0364140000000002
public_it-coin2_sft,67,0.08901,0.04400200000000021
public_it-coin2_sft,68,0.06034,0.047579000000000204
public_it-coin2_sft,69,0.02986,0.048480000000000203
public_it-coin2_sft,70,0.07457,0.05193300000000021
public_it-coin2_sft,71,0.09186,0.058816000000000215
public_it-coin2_sft,72,0.05334,0.05980300000000022
public_it-coin2_sft,73,0.05324,0.06362800000000021
public_it-coin2_sft,74,0.06435,0.06690000000000021
public_it-coin2_sft,75,0.05235,0.06668000000000021
public_it-coin2_sft,76,0.02111,0.059003000000000215
public_it-coin2_sft,77,0.06855,0.056957000000000216
public_it-coin2_sft,78,0.01537,0.052460000000000215
public_it-coin2_sft,79,0.04643,0.054117000000000214
public_it-coin2_sft,80,0.02347,0.04900700000000021
public_it-coin2_sft,81,0.02463,0.04228400000000022
public_it-coin2_sft,82,0.02636,0.03958600000000022
public_it-coin2_sft,83,0.01197,0.03545900000000021
public_it-coin2_sft,84,0.07092,0.03611600000000021
public_it-coin2_sft,85,0.02797,0.03367800000000021
public_it-coin2_sft,86,0.06189,0.037756000000000206
public_it-coin2_sft,87,0.02824,0.033725000000000206
public_it-coin2_sft,88,0.01381,0.0335690000000002
public_it-coin2_sft,89,0.02274,0.031200000000000207
public_it-coin2_sft,90,0.01533,0.030386000000000208
public_it-coin2_sft,91,0.01223,0.02914600000000021
public_it-coin2_sft,92,0.01477,0.027987000000000213
public_it-coin2_sft,93,0.02797,0.029587000000000214
public_it-coin2_sft,94,0.01441,0.023936000000000214
public_it-coin2_sft,95,0.03234,0.02437300000000021
public_it-coin2_sft,96,0.01521,0.019705000000000212
public_it-coin2_sft,97,0.009737,0.017854700000000213
public_it-coin2_sft,98,0.06239,0.022712700000000214
public_it-coin2_sft,99,0.0625,0.026688700000000214
public_it-coin2_sft,100,0.02734,0.02788970000000021
public_it-coin2_sft,101,0.02107,0.028773700000000207
public_it-coin2_sft,102,0.01456,0.028752700000000207
public_it-coin2_sft,103,0.01831,0.02778670000000021
public_it-coin2_sft,104,0.01351,0.027696700000000213
public_it-coin2_sft,105,0.007769,0.025239600000000216
public_it-coin2_sft,106,0.01029,0.02474760000000022
public_it-coin2_sft,107,0.008328,0.02460670000000022
public_it-coin2_sft,108,0.01656,0.02002370000000022
public_it-coin2_sft,109,0.02572,0.01634570000000022
public_it-coin2_sft,110,0.005318,0.01414350000000022
public_it-coin2_sft,111,0.02021,0.014057500000000219
public_it-coin2_sft,112,0.02058,0.014659500000000223
public_it-coin2_sft,113,0.01184,0.014012500000000223
public_it-coin2_sft,114,0.01373,0.014034500000000222
public_it-coin2_sft,115,0.01499,0.014756600000000222
public_it-coin2_sft,116,0.02231,0.015958600000000222
public_it-coin2_sft,117,0.005172,0.015643000000000223
public_it-coin2_sft,118,0.01025,0.015012000000000225
public_it-coin2_sft,119,0.01047,0.013487000000000226
public_it-coin2_sft,120,0.01682,0.014637200000000229
public_it-coin2_sft,121,0.01113,0.013729200000000228
public_it-coin2_sft,122,0.01131,0.01280220000000023
public_it-coin2_sft,123,0.005133,0.012131500000000229
public_it-coin2_sft,124,0.02262,0.013020500000000232
public_it-coin2_sft,125,0.01147,0.012668500000000232
public_it-coin2_sft,126,0.01634,0.012071500000000231
public_it-coin2_sft,127,0.006888,0.012243100000000232
public_it-coin2_sft,128,0.009912,0.012209300000000232
public_it-coin2_sft,129,0.04963,0.01612530000000023
public_it-coin2_sft,130,0.01473,0.01591630000000023
public_it-coin2_sft,131,0.02894,0.017697300000000228
public_it-coin2_sft,132,0.006303,0.01719660000000023
public_it-coin2_sft,133,0.008689,0.01755220000000023
public_it-coin2_sft,134,0.01612,0.016902200000000228
public_it-coin2_sft,135,0.01035,0.016790200000000227
public_it-coin2_sft,136,0.01701,0.016857200000000228
public_it-coin2_sft,137,0.008736,0.017042000000000227
public_it-coin2_sft,138,0.01164,0.017214800000000228
public_it-coin2_sft,139,0.02223,0.014474800000000227
public_it-coin2_sft,140,0.02048,0.015049800000000228
public_it-coin2_sft,141,0.001825,0.012338300000000227
public_it-coin2_sft,142,0.01542,0.013250000000000225
public_it-coin2_sft,143,0.02175,0.014556100000000224
public_it-coin2_sft,144,0.003732,0.013317300000000226
public_it-coin2_sft,145,0.003916,0.012673900000000227
public_it-coin2_sft,146,0.01269,0.012241900000000227
public_it-coin2_sft,147,0.007416,0.012109900000000229
public_it-coin2_sft,148,0.008816,0.011827500000000228
public_it-coin2_sft,149,0.005783,0.010182800000000228
public_it-coin2_sft,150,0.00114,0.008248800000000228
public_it-coin2_sft,151,0.01044,0.009110300000000229
public_it-coin2_sft,152,0.02994,0.01056230000000023
public_it-coin2_sft,153,0.006328,0.009020100000000229
public_it-coin2_sft,154,0.03752,0.012398900000000228
public_it-coin2_sft,155,0.03518,0.015525300000000228
public_it-coin2_sft,156,0.009772,0.015233500000000228
public_it-coin2_sft,157,0.006935,0.015185400000000227
public_it-coin2_sft,158,0.004748,0.014778600000000228
public_it-coin2_sft,159,0.009171,0.015117400000000229
public_it-coin2_sft,160,0.008996,0.01590300000000023
public_it-coin2_sft,161,0.01601,0.016460000000000228
public_it-coin2_sft,162,0.01021,0.014487000000000227
public_it-coin2_sft,163,0.02072,0.015926200000000227
public_it-coin2_sft,164,0.03807,0.015981200000000226
public_it-coin2_sft,165,0.01171,0.013634200000000225
public_it-coin2_sft,166,0.009149,0.013571900000000223
public_it-coin2_sft,167,0.01479,0.014357400000000223
public_it-coin2_sft,168,0.01623,0.015505600000000222
public_it-coin2_sft,169,0.002976,0.014886100000000221
public_it-coin2_sft,170,0.008464,0.014832900000000222
public_it-coin2_sft,171,0.01276,0.014507900000000221
public_it-coin2_sft,172,0.006943,0.014181200000000222
public_it-coin2_sft,173,0.01834,0.013943200000000221
public_it-coin2_sft,174,0.03016,0.013152200000000221
public_it-coin2_sft,175,0.01438,0.013419200000000223
public_it-coin2_sft,176,0.007192,0.013223500000000225
public_it-coin2_sft,177,0.002189,0.011963400000000225
public_it-coin2_sft,178,0.01685,0.012025400000000224
public_it-coin2_sft,179,0.006117,0.012339500000000225
public_it-coin2_sft,180,0.004859,0.011979000000000226
public_it-coin2_sft,181,0.01282,0.011985000000000226
public_it-coin2_sft,182,0.003286,0.011619300000000225
public_it-coin2_sft,183,0.02254,0.012039300000000225
public_it-coin2_sft,184,0.001927,0.009216000000000224
public_it-coin2_sft,185,0.005047,0.008282700000000223
public_it-coin2_sft,186,0.001008,0.007664300000000223
public_it-coin2_sft,187,0.01089,0.008534400000000223
public_it-coin2_sft,188,0.0353,0.010379400000000222
public_it-coin2_sft,189,0.02163,0.011930700000000223
public_it-coin2_sft,190,0.0009176,0.011536560000000223
public_it-coin2_sft,191,0.001865,0.010441060000000224
public_it-coin2_sft,192,0.001498,0.010262260000000224
public_it-coin2_sft,193,0.002133,0.008221560000000223
public_it-coin2_sft,194,0.001729,0.008201760000000223
public_it-coin2_sft,195,0.003428,0.008039860000000223
public_it-coin2_sft,196,0.002824,0.008221460000000224
public_it-coin2_sft,197,0.002963,0.007428760000000223
public_it-coin2_sft,198,0.0123,0.005128760000000223
public_it-coin2_sft,199,0.006934,0.0036591600000002236
public_it-coin2_sft,200,0.002881,0.003855500000000224
public_it-coin2_sft,201,0.0002066,0.003689660000000224
public_it-coin2_sft,202,0.01443,0.004982860000000224
public_it-coin2_sft,203,0.02801,0.007570560000000224
public_it-coin2_sft,204,0.003937,0.007791360000000224
public_it-coin2_sft,205,0.008002,0.008248760000000225
public_it-coin2_sft,206,0.02766,0.010732360000000224
public_it-coin2_sft,207,0.01198,0.011634060000000225
public_it-coin2_sft,208,0.01726,0.012130060000000225
public_it-coin2_sft,209,0.01555,0.012991660000000228
public_it-coin2_sft,210,0.01076,0.013779560000000227
public_it-coin2_sft,211,0.03518,0.017276900000000227
public_it-coin2_sft,212,0.006612,0.016495100000000228
public_it-coin2_sft,213,0.03095,0.01678910000000023
public_it-coin2_sft,214,0.02284,0.018679400000000228
public_it-coin2_sft,215,0.01185,0.01906420000000023
public_it-coin2_sft,216,0.003802,0.01667840000000023
public_it-coin2_sft,217,0.005216,0.01600200000000023
public_it-coin2_sft,218,0.002755,0.014551500000000231
public_it-coin2_sft,219,0.002792,0.013275700000000229
public_it-coin2_sft,220,0.006457,0.012845400000000229
public_it-coin2_sft,221,0.008054,0.01013280000000023
public_it-coin2_sft,222,0.01523,0.01099460000000023
public_it-coin2_sft,223,0.02653,0.010552600000000228
public_it-coin2_sft,224,0.02766,0.011034600000000228
public_it-coin2_sft,225,0.0105,0.010899600000000228
public_it-coin2_sft,226,0.00854,0.011373400000000228
public_it-coin2_sft,227,0.003109,0.011162700000000228
public_it-coin2_sft,228,0.001724,0.011059600000000228
public_it-coin2_sft,229,0.005453,0.011325700000000228
public_it-coin2_sft,230,0.003101,0.010990100000000228
public_it-coin2_sft,231,0.007232,0.010907900000000229
public_it-coin2_sft,232,0.002476,0.00963250000000023
public_it-coin2_sft,233,0.004183,0.00739780000000023
public_it-coin2_sft,234,0.01215,0.00584680000000023
public_it-coin2_sft,235,0.02434,0.00723080000000023
public_it-coin2_sft,236,0.02516,0.00889280000000023
public_it-coin2_sft,237,0.001155,0.00869740000000023
public_it-coin2_sft,238,0.008261,0.00935110000000023
public_it-coin2_sft,239,0.008704,0.00967620000000023
public_it-coin2_sft,240,0.002983,0.009664400000000229
public_it-coin2_sft,241,0.00252,0.00919320000000023
public_it-coin2_sft,242,0.02104,0.011049600000000229
public_it-coin2_sft,243,0.002587,0.01089000000000023
public_it-coin2_sft,244,0.002489,0.00992390000000023
public_it-coin2_sft,245,0.0007461,0.00756451000000023
public_it-coin2_sft,246,0.009302,0.00597871000000023
public_it-coin2_sft,247,0.011,0.006963210000000229
public_it-coin2_sft,248,0.003512,0.006488310000000229
public_it-coin2_sft,249,0.001614,0.005779310000000229
public_it-coin2_sft,250,0.0008451,0.005565520000000229
public_it-coin2_sft,251,0.00116,0.005429520000000229
public_it-coin2_sft,252,0.003834,0.003708920000000229
public_it-coin2_sft,253,0.001341,0.0035843200000002296
public_it-coin2_sft,254,0.006302,0.00396562000000023
public_it-coin2_sft,255,0.001854,0.00407641000000023
public_it-coin2_sft,256,3.284e-05,0.0031494940000002304
public_it-coin2_sft,257,0.0008464,0.00213413400000023
public_it-coin2_sft,258,0.004391,0.0022220340000002298
public_it-coin2_sft,259,0.004255,0.0024861340000002295
public_it-coin2_sft,260,0.0001069,0.0024123140000002295
public_it-coin2_sft,261,0.001642,0.0024605140000002294
public_it-coin2_sft,262,0.0009845,0.0021755640000002295
public_it-coin2_sft,263,0.001091,0.002150564000000229
public_it-coin2_sft,264,0.000335,0.001553864000000229
public_it-coin2_sft,265,0.003368,0.0017052640000002292
public_it-coin2_sft,266,0.0024,0.001941980000000229
public_it-coin2_sft,267,0.0002978,0.0018871200000002291
public_it-coin2_sft,268,0.001097,0.0015577200000002293
public_it-coin2_sft,269,0.001324,0.0012646200000002291
public_it-coin2_sft,270,0.0122,0.002473930000000229
public_it-coin2_sft,271,0.0007078,0.002380510000000229
public_it-coin2_sft,272,0.0001573,0.002297790000000229
public_it-coin2_sft,273,0.0007828,0.002266970000000229
public_it-coin2_sft,274,0.01206,0.003439470000000229
public_it-coin2_sft,275,2.789e-05,0.0031054590000002295
public_it-coin2_sft,276,0.01757,0.00462245900000023
public_it-coin2_sft,277,0.002188,0.004811479000000229
public_it-coin2_sft,278,0.0001085,0.004712629000000229
public_it-coin2_sft,279,0.0009367,0.0046738990000002294
public_it-coin2_sft,280,0.004511,0.003904999000000229
public_it-coin2_sft,281,0.001483,0.0039825190000002285
public_it-coin2_sft,282,0.001701,0.0041368890000002285
public_it-coin2_sft,283,0.01093,0.005151609000000229
public_it-coin2_sft,284,0.003788,0.0043244090000002285
public_it-coin2_sft,285,0.0104,0.005361620000000228
public_it-coin2_sft,286,0.002423,0.0038469200000002283
public_it-coin2_sft,287,0.005758,0.004203920000000228
public_it-coin2_sft,288,0.0006453,0.004257600000000228
public_it-coin2_sft,289,0.001725,0.004336430000000229
public_it-coin2_sft,290,0.002337,0.004119030000000228
public_it-coin2_sft,291,0.002936,0.004264330000000228
public_it-coin2_sft,292,0.01006,0.005100230000000228
public_it-coin2_sft,293,0.0008416,0.0040913900000002276
public_it-coin2_sft,294,0.0083,0.004542590000000228
public_it-coin2_sft,295,0.004062,0.003908790000000228
public_it-coin2_sft,296,0.002809,0.0039473900000002275
public_it-coin2_sft,297,0.001644,0.0035359900000002274
public_it-coin2_sft,298,0.001414,0.003612860000000227
public_it-coin2_sft,299,0.0004239,0.0034827500000002274
public_it-coin2_sft,300,0.009713,0.0042203500000002276
public_it-coin2_sft,301,0.002753,0.004202050000000227
public_it-coin2_sft,302,0.0007109,0.0032671400000002272
public_it-coin2_sft,303,0.006521,0.0038350800000002275
public_it-coin2_sft,304,6.023e-05,0.0030111030000002275
public_it-coin2_sft,305,0.0002031,0.0026252130000002276
public_it-coin2_sft,306,0.001201,0.0024644130000002276
public_it-coin2_sft,307,0.002137,0.0025137130000002276
public_it-coin2_sft,308,0.001183,0.0024906130000002277
public_it-coin2_sft,309,0.00013,0.002461223000000228
public_it-coin2_sft,310,0.006495,0.002139423000000228
public_it-coin2_sft,311,8.208e-05,0.0018723310000002282
public_it-coin2_sft,312,1.977e-05,0.0018032180000002282
public_it-coin2_sft,313,0.005111,0.0016622180000002284
public_it-coin2_sft,314,0.006099,0.002266095000000228
public_it-coin2_sft,315,0.001655,0.002411285000000228
public_it-coin2_sft,316,-3.745e-06,0.002290810500000228
public_it-coin2_sft,317,0.002977,0.002374810500000228
public_it-coin2_sft,318,7.691e-05,0.0022642015000002283
public_it-coin2_sft,319,0.001361,0.002387301500000228
public_it-coin2_sft,320,0.002936,0.0020314015000002282
public_it-coin2_sft,321,0.0004876,0.002071953500000228
public_it-coin2_sft,322,0.006423,0.002712276500000228
public_it-coin2_sft,323,0.002484,0.002449576500000228
public_it-coin2_sft,324,0.002781,0.002117776500000228
public_it-coin2_sft,325,0.00445,0.0023972765000002277
public_it-coin2_sft,326,0.0002782,0.0024254710000002275
public_it-coin2_sft,327,0.001803,0.0023080710000002273
public_it-coin2_sft,328,0.001215,0.0024218800000002276
public_it-coin2_sft,329,0.0001373,0.0022995100000002275
public_it-coin2_sft,330,0.0005277,0.002058680000000227
public_it-coin2_sft,331,0.006343,0.0026442200000002273
public_it-coin2_sft,332,0.0002045,0.002022370000000227
public_it-coin2_sft,333,-2.934e-05,0.0017710360000002274
public_it-coin2_sft,334,-2.233e-05,0.0014907030000002272
public_it-coin2_sft,335,0.02375,0.003420703000000227
public_it-coin2_sft,336,-2.26e-05,0.003390623000000227
public_it-coin2_sft,337,0.01676,0.004886323000000227
public_it-coin2_sft,338,7.883e-05,0.004772706000000227
public_it-coin2_sft,339,-5.038e-06,0.004758472200000227
public_it-coin2_sft,340,0.0006815,0.004773852200000228
public_it-coin2_sft,341,0.0002362,0.004163172200000227
public_it-coin2_sft,342,0.0004844,0.004191162200000227
public_it-coin2_sft,343,0.0003069,0.004224786200000228
public_it-coin2_sft,344,0.0001102,0.004238039200000227
public_it-coin2_sft,345,0.01039,0.0029020392000002277
public_it-coin2_sft,346,0.0002312,0.002927419200000228
public_it-coin2_sft,347,0.0008594,0.0013373592000002275
public_it-coin2_sft,348,0.001974,0.0015268762000002277
public_it-coin2_sft,349,0.0126,0.002787380000000227
public_it-coin2_sft,350,0.0001755,0.002736780000000227
public_it-coin2_sft,351,0.002185,0.0029316600000002272
public_it-coin2_sft,352,0.00202,0.003085220000000227
public_it-coin2_sft,353,0.002398,0.003294330000000227
public_it-coin2_sft,354,0.002988,0.003582110000000227
public_it-coin2_sft,355,0.001392,0.0026823100000002266
public_it-coin2_sft,356,0.0009971,0.0027589000000002267
public_it-coin2_sft,357,0.006423,0.003315260000000227
public_it-coin2_sft,358,0.0008768,0.003205540000000226
public_it-coin2_sft,359,0.009464,0.002891940000000226
public_it-coin2_sft,360,0.0008103,0.002955420000000226
public_it-coin2_sft,361,0.004699,0.003206820000000226
public_it-coin2_sft,362,0.007129,0.0037177200000002263
public_it-coin2_sft,363,0.006091,0.004087020000000227
public_it-coin2_sft,364,0.009802,0.004768420000000226
public_it-coin2_sft,365,0.006012,0.005230420000000227
public_it-coin2_sft,366,0.0005149,0.005182200000000226
public_it-coin2_sft,367,0.001181,0.004658000000000226
public_it-coin2_sft,368,0.001531,0.004723420000000226
public_it-coin2_sft,369,0.0003514,0.0038121600000002266
public_it-coin2_sft,370,0.001851,0.003916230000000227
public_it-coin2_sft,371,0.0003751,0.0034838400000002266
public_it-coin2_sft,372,0.0003647,0.002807410000000227
public_it-coin2_sft,373,0.002239,0.0024222100000002274
public_it-coin2_sft,374,0.001063,0.0015483100000002275
public_it-coin2_sft,375,0.001916,0.0011387100000002273
public_it-coin2_sft,376,0.001773,0.0012645200000002273
public_it-coin2_sft,377,0.001237,0.0012701200000002273
public_it-coin2_sft,378,0.0008382,0.0012008400000002276
public_it-coin2_sft,379,0.001822,0.0013479000000002276
public_it-coin2_sft,380,0.0001155,0.0011743500000002275
public_it-coin2_sft,381,0.00332,0.0014688400000002276
public_it-coin2_sft,382,5.982e-05,0.0014383520000002274
public_it-coin2_sft,383,7.161e-05,0.0012216130000002275
public_it-coin2_sft,384,0.004837,0.0015990130000002275
public_it-coin2_sft,385,0.005724,0.0019798130000002272
public_it-coin2_sft,386,0.0002855,0.0018310630000002274
public_it-coin2_sft,387,0.0005739,0.0017647530000002274
public_it-coin2_sft,388,0.001887,0.0018696330000002274
public_it-coin2_sft,389,0.0002428,0.0017117130000002274
public_it-coin2_sft,390,0.0003803,0.0017381930000002273
public_it-coin2_sft,391,0.0002071,0.0014269030000002274
public_it-coin2_sft,392,0.0005029,0.0014712110000002275
public_it-coin2_sft,393,0.00354,0.0018180500000002276
public_it-coin2_sft,394,0.0002325,0.0013576000000002273
public_it-coin2_sft,395,0.002911,0.0010763000000002273
public_it-coin2_sft,396,0.0003005,0.0010778000000002275
public_it-coin2_sft,397,-4.281e-06,0.0010199819000002274
public_it-coin2_sft,398,0.004936,0.0013248819000002275
public_it-coin2_sft,399,0.003722,0.0016728019000002274
public_it-coin2_sft,400,0.0002092,0.0016556919000002273
public_it-coin2_sft,401,0.0001502,0.0016500019000002275
public_it-coin2_sft,402,0.0002436,0.0016240719000002273
public_it-coin2_sft,403,0.0002277,0.0012928419000002274
public_it-coin2_sft,404,0.005693,0.0018388919000002276
public_it-coin2_sft,405,0.0001005,0.0015578419000002275
public_it-coin2_sft,406,0.01014,0.002541791900000228
public_it-coin2_sft,407,0.00124,0.0026662200000002276
public_it-coin2_sft,408,0.0006069,0.0022333100000002278
public_it-coin2_sft,409,0.00516,0.0023771100000002277
public_it-coin2_sft,410,0.000349,0.0023910900000002275
public_it-coin2_sft,411,0.001062,0.0024822700000002276
public_it-coin2_sft,412,0.0002396,0.0024818700000002274
public_it-coin2_sft,413,0.005403,0.0029994000000002274
public_it-coin2_sft,414,0.001626,0.002592700000000227
public_it-coin2_sft,415,0.0001382,0.0025964700000002273
public_it-coin2_sft,416,5.545e-05,0.0015880150000002272
public_it-coin2_sft,417,0.0002323,0.0014872450000002274
public_it-coin2_sft,418,0.001113,0.0015378550000002273
public_it-coin2_sft,419,0.002937,0.0013155550000002272
public_it-coin2_sft,420,0.0004454,0.0013251950000002272
public_it-coin2_sft,421,0.0001899,0.0012379850000002273
public_it-coin2_sft,422,0.00044,0.001258025000000227
public_it-coin2_sft,423,0.0002284,0.0007405650000002272
public_it-coin2_sft,424,9.31e-05,0.0005872750000002272
public_it-coin2_sft,425,0.0004781,0.0006212650000002272
public_it-coin2_sft,426,0.001357,0.0007514200000002272
public_it-coin2_sft,427,0.0003559,0.0007637800000002272
public_it-coin2_sft,428,0.0004869,0.0007011700000002271
public_it-coin2_sft,429,0.005786,0.0009860700000002272
public_it-coin2_sft,430,0.001133,0.0010548300000002271
public_it-coin2_sft,431,0.0001164,0.001047480000000227
public_it-coin2_sft,432,0.0004478,0.0010482600000002271
public_it-coin2_sft,433,0.002519,0.001277320000000227
public_it-coin2_sft,434,0.002302,0.001498210000000227
public_it-coin2_sft,435,0.0001066,0.001461060000000227
public_it-coin2_sft,436,0.003182,0.001643560000000227
public_it-coin2_sft,437,0.0157,0.003177970000000227
public_it-coin2_sft,438,3.065e-05,0.003132345000000227
public_it-coin2_sft,439,0.008615,0.003415245000000227
public_it-coin2_sft,440,0.000398,0.003341745000000227
public_it-coin2_sft,441,5.901e-05,0.0033360060000002267
public_it-coin2_sft,442,0.001029,0.003394126000000227
public_it-coin2_sft,443,3.351e-05,0.003145577000000227
public_it-coin2_sft,444,0.0009172,0.003007097000000227
public_it-coin2_sft,445,0.0001508,0.0030115170000002273
public_it-coin2_sft,446,0.0001318,0.0027064970000002272
public_it-coin2_sft,447,0.0005278,0.0011892770000002273
public_it-coin2_sft,448,0.000573,0.0012435120000002273
public_it-coin2_sft,449,0.0007609,0.0004581020000002274
public_it-coin2_sft,450,0.0004647,0.0004647720000002274
public_it-coin2_sft,451,0.004836,0.0009424710000002273
public_it-coin2_sft,452,0.004754,0.0013149710000002273
public_it-coin2_sft,453,0.001236,0.001435220000000227
public_it-coin2_sft,454,0.0004922,0.001392720000000227
public_it-coin2_sft,455,0.0003291,0.0014105500000002272
public_it-coin2_sft,456,0.01906,0.0033033700000002276
public_it-coin2_sft,457,-1.175e-05,0.0032494150000002275
public_it-coin2_sft,458,0.0006634,0.003258455000000228
public_it-coin2_sft,459,9.41e-05,0.0031917750000002277
public_it-coin2_sft,460,0.0001655,0.003161855000000228
public_it-coin2_sft,461,0.002213,0.002899555000000228
public_it-coin2_sft,462,0.00596,0.0030201550000002277
public_it-coin2_sft,463,4.17e-05,0.0029007250000002275
public_it-coin2_sft,464,6.13e-05,0.002857635000000227
public_it-coin2_sft,465,0.0001588,0.0028406050000002276
public_it-coin2_sft,466,0.001177,0.0010523050000002276
public_it-coin2_sft,467,0.0006125,0.0011147300000002274
public_it-coin2_sft,468,2.741e-05,0.0010511310000002275
public_it-coin2_sft,469,6.824e-05,0.0010485450000002276
public_it-coin2_sft,470,0.000882,0.0011201950000002277
public_it-coin2_sft,471,0.0007753,0.0009764250000002276
public_it-coin2_sft,472,0.0009253,0.0004729550000002277
public_it-coin2_sft,473,0.0002898,0.0004977650000002276
public_it-coin2_sft,474,0.001014,0.0005930350000002276
public_it-coin2_sft,475,0.0007181,0.0006489650000002276
public_it-coin2_sft,476,1.186e-05,0.0005324510000002277
public_it-coin2_sft,477,4.288e-05,0.00047548900000022763
public_it-coin2_sft,478,0.0003775,0.0005104980000002276
public_it-coin2_sft,479,0.0005405,0.0005577240000002277
public_it-coin2_sft,480,4.935e-05,0.0004744590000002277
public_it-coin2_sft,481,0.01595,0.0019919290000002276
public_it-coin2_sft,482,2.207e-05,0.0019016060000002274
public_it-coin2_sft,483,5.792e-05,0.0018784180000002274
public_it-coin2_sft,484,5.946e-05,0.0017829640000002274
public_it-coin2_sft,485,-1.152e-05,0.0017100020000002272
public_it-coin2_sft,486,4.669e-05,0.0017134850000002273
public_it-coin2_sft,487,2.015e-05,0.0017112120000002274
public_it-coin2_sft,488,0.0005829,0.0017317520000002275
public_it-coin2_sft,489,0.0001236,0.0016900620000002277
public_it-coin2_sft,490,0.0002817,0.0017132970000002276
public_it-coin2_sft,491,4.496e-05,0.0001227930000002278
public_it-coin2_sft,492,0.0005995,0.0001805360000002278
public_it-coin2_sft,493,0.004073,0.0005820440000002278
public_it-coin2_sft,494,0.0001978,0.0005958780000002278
public_it-coin2_sft,495,0.0001628,0.0006133100000002278
public_it-coin2_sft,496,0.0002984,0.0006384810000002278
public_it-coin2_sft,497,0.0001009,0.0006465560000002279
public_it-coin2_sft,498,0.0001901,0.0006072760000002278
public_it-coin2_sft,499,0.000862,0.0006811160000002278
public_it-coin2_sft,500,0.0007691,0.0007298560000002279
public_it-coin2_sft,501,0.0001949,0.0007448500000002278
public_it-coin2_sft,502,0.0007494,0.0007598400000002278
public_it-coin2_sft,503,5.475e-05,0.00035801500000022784
public_it-coin2_sft,504,1.64e-05,0.00033987500000022785
public_it-coin2_sft,505,0.0005238,0.0003759750000002278
public_it-coin2_sft,506,0.0007706,0.00042319500000022786
public_it-coin2_sft,507,1.83e-05,0.0004149350000002278
public_it-coin2_sft,508,7.179e-06,0.00039664290000022783
public_it-coin2_sft,509,0.002747,0.0005851429000002277
public_it-coin2_sft,510,2.014e-05,0.0005102469000002278
public_it-coin2_sft,511,0.0001182,0.0005025769000002278
public_it-coin2_sft,512,0.01477,0.0019046369000002277
charter_graft_it-coin2_sft,1,2.359,2.359
charter_graft_it-coin2_sft,2,2.334,2.3465
charter_graft_it-coin2_sft,3,2.111,2.2680000000000002
charter_graft_it-coin2_sft,4,2.172,2.244
charter_graft_it-coin2_sft,5,2.058,2.2068000000000003
charter_graft_it-coin2_sft,6,1.96,2.1656666666666666
charter_graft_it-coin2_sft,7,1.916,2.13
charter_graft_it-coin2_sft,8,1.432,2.04275
charter_graft_it-coin2_sft,9,1.277,1.9576666666666667
charter_graft_it-coin2_sft,10,0.919,1.8538000000000001
charter_graft_it-coin2_sft,11,0.6356,1.68146
charter_graft_it-coin2_sft,12,0.3541,1.4834699999999998
charter_graft_it-coin2_sft,13,0.1075,1.2831199999999998
charter_graft_it-coin2_sft,14,0.0544,1.0713599999999996
charter_graft_it-coin2_sft,15,0.04246,0.8698059999999996
charter_graft_it-coin2_sft,16,0.09472,0.6832779999999997
charter_graft_it-coin2_sft,17,0.06024,0.49770199999999976
charter_graft_it-coin2_sft,18,0.0396,0.3584619999999998
charter_graft_it-coin2_sft,19,0.02364,0.23312599999999978
charter_graft_it-coin2_sft,20,0.05287,0.14651299999999975
charter_graft_it-coin2_sft,21,0.02736,0.08568899999999977
charter_graft_it-coin2_sft,22,0.04627,0.05490599999999977
charter_graft_it-coin2_sft,23,0.03439,0.04759499999999977
charter_graft_it-coin2_sft,24,0.0197,0.04412499999999977
charter_graft_it-coin2_sft,25,0.01769,0.04164799999999977
charter_graft_it-coin2_sft,26,0.02954,0.03512999999999977
charter_graft_it-coin2_sft,27,0.004327,0.029538699999999772
charter_graft_it-coin2_sft,28,0.02689,0.028267699999999774
charter_graft_it-coin2_sft,29,0.06591,0.03249469999999978
charter_graft_it-coin2_sft,30,0.02612,0.029819699999999772
charter_graft_it-coin2_sft,31,0.0397,0.031053699999999775
charter_graft_it-coin2_sft,32,0.02364,0.028790699999999773
charter_graft_it-coin2_sft,33,0.06889,0.032240699999999775
charter_graft_it-coin2_sft,34,0.0186,0.032130699999999776
charter_graft_it-coin2_sft,35,0.04809,0.035170699999999784
charter_graft_it-coin2_sft,36,0.01377,0.03359369999999978
charter_graft_it-coin2_sft,37,0.04008,0.03716899999999978
charter_graft_it-coin2_sft,38,0.03775,0.038254999999999775
charter_graft_it-coin2_sft,39,0.01662,0.03332599999999978
charter_graft_it-coin2_sft,40,0.02609,0.03332299999999978
charter_graft_it-coin2_sft,41,0.03028,0.03238099999999978
charter_graft_it-coin2_sft,42,0.03481,0.03349799999999978
charter_graft_it-coin2_sft,43,0.0164,0.02824899999999978
charter_graft_it-coin2_sft,44,0.03618,0.030006999999999777
charter_graft_it-coin2_sft,45,0.01705,0.026902999999999778
charter_graft_it-coin2_sft,46,0.03437,0.028962999999999777
charter_graft_it-coin2_sft,47,0.01262,0.02621699999999978
charter_graft_it-coin2_sft,48,0.01922,0.02436399999999978
charter_graft_it-coin2_sft,49,0.03514,0.026215999999999778
charter_graft_it-coin2_sft,50,0.01856,0.02546299999999978
charter_graft_it-coin2_sft,51,0.0223,0.024664999999999777
charter_graft_it-coin2_sft,52,0.01311,0.022494999999999776
charter_graft_it-coin2_sft,53,0.02601,0.023455999999999776
charter_graft_it-coin2_sft,54,0.009524,0.020790399999999775
charter_graft_it-coin2_sft,55,0.01215,0.020300399999999774
charter_graft_it-coin2_sft,56,0.01102,0.017965399999999777
charter_graft_it-coin2_sft,57,0.01421,0.018124399999999777
charter_graft_it-coin2_sft,58,0.02441,0.018643399999999775
charter_graft_it-coin2_sft,59,0.0399,0.019119399999999776
charter_graft_it-coin2_sft,60,0.02932,0.020195399999999777
charter_graft_it-coin2_sft,61,0.009827,0.01894809999999978
charter_graft_it-coin2_sft,62,0.028,0.020437099999999778
charter_graft_it-coin2_sft,63,0.01033,0.018869099999999778
charter_graft_it-coin2_sft,64,0.02077,0.019993699999999778
charter_graft_it-coin2_sft,65,0.01023,0.019801699999999776
charter_graft_it-coin2_sft,66,0.01176,0.019875699999999778
charter_graft_it-coin2_sft,67,0.02918,0.02137269999999978
charter_graft_it-coin2_sft,68,0.02205,0.02113669999999978
charter_graft_it-coin2_sft,69,0.01707,0.018853699999999782
charter_graft_it-coin2_sft,70,0.06542,0.02246369999999978
charter_graft_it-coin2_sft,71,0.01719,0.023199999999999783
charter_graft_it-coin2_sft,72,0.0281,0.023209999999999783
charter_graft_it-coin2_sft,73,0.03899,0.026075999999999783
charter_graft_it-coin2_sft,74,0.05296,0.029294999999999783
charter_graft_it-coin2_sft,75,0.05068,0.03333999999999978
charter_graft_it-coin2_sft,76,0.0494,0.03710399999999978
charter_graft_it-coin2_sft,77,0.07699,0.041884999999999784
charter_graft_it-coin2_sft,78,0.02002,0.04168199999999978
charter_graft_it-coin2_sft,79,0.04784,0.044758999999999785
charter_graft_it-coin2_sft,80,0.01357,0.03957399999999979
charter_graft_it-coin2_sft,81,0.02805,0.040659999999999794
charter_graft_it-coin2_sft,82,0.01376,0.03922599999999979
charter_graft_it-coin2_sft,83,0.0227,0.03759699999999979
charter_graft_it-coin2_sft,84,0.03416,0.03571699999999979
charter_graft_it-coin2_sft,85,0.01029,0.0316779999999998
charter_graft_it-coin2_sft,86,0.03538,0.030275999999999796
charter_graft_it-coin2_sft,87,0.01965,0.024541999999999797
charter_graft_it-coin2_sft,88,0.01846,0.024385999999999793
charter_graft_it-coin2_sft,89,0.02123,0.021724999999999793
charter_graft_it-coin2_sft,90,0.01399,0.021766999999999793
charter_graft_it-coin2_sft,91,0.01088,0.020049999999999797
charter_graft_it-coin2_sft,92,0.008943,0.019568299999999796
charter_graft_it-coin2_sft,93,0.01469,0.0187672999999998
charter_graft_it-coin2_sft,94,0.006406,0.0159918999999998
charter_graft_it-coin2_sft,95,0.01746,0.016708899999999798
charter_graft_it-coin2_sft,96,0.008608,0.0140316999999998
charter_graft_it-coin2_sft,97,0.009096,0.012976299999999798
charter_graft_it-coin2_sft,98,0.0372,0.014850299999999797
charter_graft_it-coin2_sft,99,0.01447,0.014174299999999798
charter_graft_it-coin2_sft,100,0.01375,0.0141502999999998
charter_graft_it-coin2_sft,101,0.05657,0.0187192999999998
charter_graft_it-coin2_sft,102,0.01662,0.0194869999999998
charter_graft_it-coin2_sft,103,0.009919,0.0190098999999998
charter_graft_it-coin2_sft,104,0.008865,0.019255799999999802
charter_graft_it-coin2_sft,105,0.006827,0.0181924999999998
charter_graft_it-coin2_sft,106,0.004804,0.0178120999999998
charter_graft_it-coin2_sft,107,0.02815,0.0197174999999998
charter_graft_it-coin2_sft,108,0.01458,0.0174554999999998
charter_graft_it-coin2_sft,109,0.01943,0.0179514999999998
charter_graft_it-coin2_sft,110,0.01094,0.0176704999999998
charter_graft_it-coin2_sft,111,0.02968,0.0149814999999998
charter_graft_it-coin2_sft,112,0.02811,0.0161304999999998
charter_graft_it-coin2_sft,113,0.03071,0.018209599999999798
charter_graft_it-coin2_sft,114,0.01144,0.0184670999999998
charter_graft_it-coin2_sft,115,0.01763,0.0195473999999998
charter_graft_it-coin2_sft,116,0.01442,0.020508999999999798
charter_graft_it-coin2_sft,117,0.009861,0.018680099999999797
charter_graft_it-coin2_sft,118,0.01226,0.018448099999999794
charter_graft_it-coin2_sft,119,0.008073,0.017312399999999794
charter_graft_it-coin2_sft,120,0.01933,0.018151399999999797
charter_graft_it-coin2_sft,121,0.01365,0.016548399999999793
charter_graft_it-coin2_sft,122,0.01239,0.014976399999999796
charter_graft_it-coin2_sft,123,0.009399,0.012845299999999792
charter_graft_it-coin2_sft,124,0.01771,0.013472299999999793
charter_graft_it-coin2_sft,125,0.01279,0.012988299999999791
charter_graft_it-coin2_sft,126,0.001902,0.01173649999999979
charter_graft_it-coin2_sft,127,0.0205,0.01280039999999979
charter_graft_it-coin2_sft,128,0.01721,0.01329539999999979
charter_graft_it-coin2_sft,129,0.01506,0.01399409999999979
charter_graft_it-coin2_sft,130,0.03231,0.015292099999999791
charter_graft_it-coin2_sft,131,0.03513,0.017440099999999792
charter_graft_it-coin2_sft,132,0.01585,0.01778609999999979
charter_graft_it-coin2_sft,133,0.01647,0.018493199999999793
charter_graft_it-coin2_sft,134,0.03165,0.019887199999999793
charter_graft_it-coin2_sft,135,0.02435,0.021043199999999797
charter_graft_it-coin2_sft,136,0.0354,0.024392999999999797
charter_graft_it-coin2_sft,137,0.02011,0.024353999999999796
charter_graft_it-coin2_sft,138,0.02899,0.025531999999999794
charter_graft_it-coin2_sft,139,0.02766,0.026791999999999795
charter_graft_it-coin2_sft,140,0.02384,0.02594499999999979
charter_graft_it-coin2_sft,141,0.007795,0.02321149999999979
charter_graft_it-coin2_sft,142,0.02195,0.023821499999999794
charter_graft_it-coin2_sft,143,0.01551,0.023725499999999795
charter_graft_it-coin2_sft,144,0.007781,0.021338599999999798
charter_graft_it-coin2_sft,145,0.008566,0.019760199999999794
charter_graft_it-coin2_sft,146,0.02263,0.018483199999999794
charter_graft_it-coin2_sft,147,0.01673,0.018145199999999796
charter_graft_it-coin2_sft,148,0.004393,0.015685499999999797
charter_graft_it-coin2_sft,149,0.01135,0.014054499999999798
charter_graft_it-coin2_sft,150,0.0005772,0.011728219999999798
charter_graft_it-coin2_sft,151,0.008801,0.011828819999999799
charter_graft_it-coin2_sft,152,0.01765,0.0113988199999998
charter_graft_it-coin2_sft,153,0.004795,0.010327319999999798
charter_graft_it-coin2_sft,154,0.009676,0.010516819999999798
charter_graft_it-coin2_sft,155,0.02481,0.012141219999999798
charter_graft_it-coin2_sft,156,0.007277,0.010605919999999798
charter_graft_it-coin2_sft,157,0.007035,0.009636419999999798
charter_graft_it-coin2_sft,158,0.006053,0.0098024199999998
charter_graft_it-coin2_sft,159,0.007997,0.0094671199999998
charter_graft_it-coin2_sft,160,0.0114,0.010549399999999801
charter_graft_it-coin2_sft,161,0.009805,0.0106497999999998
charter_graft_it-coin2_sft,162,0.0111,0.0099947999999998
charter_graft_it-coin2_sft,163,0.01537,0.0110522999999998
charter_graft_it-coin2_sft,164,0.01087,0.0111716999999998
charter_graft_it-coin2_sft,165,0.005163,0.0092069999999998
charter_graft_it-coin2_sft,166,0.006692,0.0091484999999998
charter_graft_it-coin2_sft,167,0.009729,0.0094178999999998
charter_graft_it-coin2_sft,168,0.009008,0.0097133999999998
charter_graft_it-coin2_sft,169,0.01171,0.010084699999999799
charter_graft_it-coin2_sft,170,0.005886,0.0095332999999998
charter_graft_it-coin2_sft,171,0.004124,0.008965199999999802
charter_graft_it-coin2_sft,172,0.004944,0.008349599999999801
charter_graft_it-coin2_sft,173,0.009526,0.007765199999999803
charter_graft_it-coin2_sft,174,0.01068,0.007746199999999802
charter_graft_it-coin2_sft,175,0.001005,0.007330399999999802
charter_graft_it-coin2_sft,176,0.01267,0.007928199999999802
charter_graft_it-coin2_sft,177,0.0008801,0.007043309999999801
charter_graft_it-coin2_sft,178,0.01249,0.007391509999999801
charter_graft_it-coin2_sft,179,0.01508,0.0077285099999998014
charter_graft_it-coin2_sft,180,0.002262,0.007366109999999801
charter_graft_it-coin2_sft,181,0.02171,0.009124709999999802
charter_graft_it-coin2_sft,182,0.001609,0.008791209999999801
charter_graft_it-coin2_sft,183,0.003096,0.0081482099999998
charter_graft_it-coin2_sft,184,0.00808,0.007888209999999802
charter_graft_it-coin2_sft,185,0.009084,0.0086961099999998
charter_graft_it-coin2_sft,186,0.002428,0.0076719099999998
charter_graft_it-coin2_sft,187,0.002538,0.0078376999999998
charter_graft_it-coin2_sft,188,0.02223,0.008811699999999801
charter_graft_it-coin2_sft,189,0.0259,0.0098936999999998
charter_graft_it-coin2_sft,190,0.001865,0.009853999999999802
charter_graft_it-coin2_sft,191,0.006965,0.0083794999999998
charter_graft_it-coin2_sft,192,0.007106,0.0089291999999998
charter_graft_it-coin2_sft,193,0.00334,0.008953599999999801
charter_graft_it-coin2_sft,194,0.002397,0.0083852999999998
charter_graft_it-coin2_sft,195,0.002925,0.0077693999999998
charter_graft_it-coin2_sft,196,0.007688,0.0082953999999998
charter_graft_it-coin2_sft,197,0.002736,0.0083151999999998
charter_graft_it-coin2_sft,198,0.009504,0.0070425999999998
charter_graft_it-coin2_sft,199,0.0009011,0.004542709999999801
charter_graft_it-coin2_sft,200,0.001927,0.0045489099999998
charter_graft_it-coin2_sft,201,0.002328,0.0040852099999998
charter_graft_it-coin2_sft,202,0.02034,0.0054086099999998
charter_graft_it-coin2_sft,203,0.02719,0.0077936099999998
charter_graft_it-coin2_sft,204,0.0009061,0.007644519999999801
charter_graft_it-coin2_sft,205,0.003989,0.007750919999999802
charter_graft_it-coin2_sft,206,0.007542,0.007736319999999802
charter_graft_it-coin2_sft,207,0.01258,0.008720719999999802
charter_graft_it-coin2_sft,208,0.001466,0.007916919999999801
charter_graft_it-coin2_sft,209,0.003268,0.008153609999999801
charter_graft_it-coin2_sft,210,0.002564,0.0082173099999998
charter_graft_it-coin2_sft,211,0.02823,0.010807509999999802
charter_graft_it-coin2_sft,212,0.003842,0.009157709999999802
charter_graft_it-coin2_sft,213,0.001901,0.006628809999999802
charter_graft_it-coin2_sft,214,0.007766,0.007314799999999802
charter_graft_it-coin2_sft,215,0.006611,0.007576999999999802
charter_graft_it-coin2_sft,216,0.001014,0.006924199999999802
charter_graft_it-coin2_sft,217,0.007295,0.006395699999999803
charter_graft_it-coin2_sft,218,0.002615,0.006510599999999804
charter_graft_it-coin2_sft,219,0.01304,0.007487799999999803
charter_graft_it-coin2_sft,220,0.001578,0.0073891999999998025
charter_graft_it-coin2_sft,221,0.006917,0.005257899999999803
charter_graft_it-coin2_sft,222,0.004865,0.005360199999999803
charter_graft_it-coin2_sft,223,0.01736,0.006906099999999802
charter_graft_it-coin2_sft,224,0.0275,0.008879499999999802
charter_graft_it-coin2_sft,225,0.01191,0.009409399999999802
charter_graft_it-coin2_sft,226,0.00495,0.009802999999999801
charter_graft_it-coin2_sft,227,0.003774,0.009450899999999802
charter_graft_it-coin2_sft,228,0.003991,0.009588499999999802
charter_graft_it-coin2_sft,229,0.007365,0.009020999999999802
charter_graft_it-coin2_sft,230,0.002214,0.0090845999999998
charter_graft_it-coin2_sft,231,0.006678,0.0090606999999998
charter_graft_it-coin2_sft,232,0.002257,0.008799899999999802
charter_graft_it-coin2_sft,233,0.008404,0.0079042999999998
charter_graft_it-coin2_sft,234,0.01084,0.006238299999999801
charter_graft_it-coin2_sft,235,0.009401,0.005987399999999801
charter_graft_it-coin2_sft,236,0.02567,0.008059399999999802
charter_graft_it-coin2_sft,237,0.001279,0.007809899999999802
charter_graft_it-coin2_sft,238,0.008881,0.008298899999999802
charter_graft_it-coin2_sft,239,0.01735,0.009297399999999803
charter_graft_it-coin2_sft,240,0.002356,0.009311599999999804
charter_graft_it-coin2_sft,241,0.001229,0.008766699999999803
charter_graft_it-coin2_sft,242,0.004145,0.008955499999999802
charter_graft_it-coin2_sft,243,0.003398,0.008454899999999804
charter_graft_it-coin2_sft,244,0.01592,0.008962899999999803
charter_graft_it-coin2_sft,245,0.001015,0.008124299999999803
charter_graft_it-coin2_sft,246,0.02141,0.007698299999999804
charter_graft_it-coin2_sft,247,0.01545,0.009115399999999805
charter_graft_it-coin2_sft,248,0.007938,0.009021099999999805
charter_graft_it-coin2_sft,249,0.02748,0.010034099999999805
charter_graft_it-coin2_sft,250,0.03269,0.013067499999999805
charter_graft_it-coin2_sft,251,0.04082,0.0170265999999998
charter_graft_it-coin2_sft,252,0.02631,0.0192430999999998
charter_graft_it-coin2_sft,253,0.01842,0.0207452999999998
charter_graft_it-coin2_sft,254,0.03212,0.022365299999999803
charter_graft_it-coin2_sft,255,0.01352,0.023615799999999805
charter_graft_it-coin2_sft,256,0.01524,0.022998799999999802
charter_graft_it-coin2_sft,257,0.006341,0.022087899999999806
charter_graft_it-coin2_sft,258,0.008901,0.022184199999999803
charter_graft_it-coin2_sft,259,0.006629,0.020099099999999804
charter_graft_it-coin2_sft,260,0.004232,0.017253299999999805
charter_graft_it-coin2_sft,261,0.007161,0.013887399999999805
charter_graft_it-coin2_sft,262,0.00733,0.011989399999999806
charter_graft_it-coin2_sft,263,0.006237,0.010771099999999806
charter_graft_it-coin2_sft,264,0.002422,0.0078012999999998054
charter_graft_it-coin2_sft,265,0.01437,0.007886299999999805
charter_graft_it-coin2_sft,266,0.00405,0.006767299999999804
charter_graft_it-coin2_sft,267,0.009112,0.007044399999999803
charter_graft_it-coin2_sft,268,0.01165,0.007319299999999804
charter_graft_it-coin2_sft,269,0.0008251,0.006738909999999804
charter_graft_it-coin2_sft,270,0.003114,0.006627109999999804
charter_graft_it-coin2_sft,271,0.001319,0.006042909999999804
charter_graft_it-coin2_sft,272,0.002977,0.005607609999999803
charter_graft_it-coin2_sft,273,0.0001884,0.005002749999999803
charter_graft_it-coin2_sft,274,0.0101,0.005770549999999803
charter_graft_it-coin2_sft,275,0.0004972,0.004383269999999803
charter_graft_it-coin2_sft,276,0.001746,0.0041528699999998035
charter_graft_it-coin2_sft,277,0.0008665,0.0033283199999998027
charter_graft_it-coin2_sft,278,0.005047,0.0026680199999998032
charter_graft_it-coin2_sft,279,0.0003466,0.002620169999999803
charter_graft_it-coin2_sft,280,0.0003213,0.002340899999999803
charter_graft_it-coin2_sft,281,0.001526,0.0023615999999998033
charter_graft_it-coin2_sft,282,0.001443,0.002208199999999803
charter_graft_it-coin2_sft,283,0.002475,0.0024368599999998034
charter_graft_it-coin2_sft,284,0.001487,0.001575559999999803
charter_graft_it-coin2_sft,285,0.001274,0.0016532399999998032
charter_graft_it-coin2_sft,286,0.000353,0.0015139399999998032
charter_graft_it-coin2_sft,287,0.001343,0.0015615899999998032
charter_graft_it-coin2_sft,288,-1.261e-05,0.0010556289999998033
charter_graft_it-coin2_sft,289,0.0003893,0.001059898999999803
charter_graft_it-coin2_sft,290,0.0001393,0.0010416989999998032
charter_graft_it-coin2_sft,291,0.001011,0.0009901989999998033
charter_graft_it-coin2_sft,292,1.642e-05,0.0008475409999998032
charter_graft_it-coin2_sft,293,0.0007498,0.0006750209999998033
charter_graft_it-coin2_sft,294,0.0002489,0.0005512109999998031
charter_graft_it-coin2_sft,295,0.0001215,0.00043596099999980317
charter_graft_it-coin2_sft,296,0.0002514,0.0004258009999998032
charter_graft_it-coin2_sft,297,0.0001954,0.0003110409999998032
charter_graft_it-coin2_sft,298,-3.223e-05,0.0003090789999998032
charter_graft_it-coin2_sft,299,-1.713e-05,0.00026843599999980315
charter_graft_it-coin2_sft,300,0.001626,0.0004171059999998032
charter_graft_it-coin2_sft,301,0.0004582,0.0003618259999998032
charter_graft_it-coin2_sft,302,0.001099,0.0004700839999998032
charter_graft_it-coin2_sft,303,1.395e-05,0.00039649899999980324
charter_graft_it-coin2_sft,304,3.914e-05,0.0003755229999998033
charter_graft_it-coin2_sft,305,0.003481,0.0007114729999998032
charter_graft_it-coin2_sft,306,7.496e-06,0.0006870825999998033
charter_graft_it-coin2_sft,307,-9.968e-06,0.0006665457999998033
charter_graft_it-coin2_sft,308,-3.692e-05,0.0006660767999998033
charter_graft_it-coin2_sft,309,0.0005655,0.0007243397999998032
charter_graft_it-coin2_sft,310,0.0001917,0.0005809097999998033
charter_graft_it-coin2_sft,311,-2.707e-05,0.0005323827999998034
charter_graft_it-coin2_sft,312,-3.499e-05,0.0004189837999998033
charter_graft_it-coin2_sft,313,0.01564,0.0019815887999998037
charter_graft_it-coin2_sft,314,-1.62e-06,0.0019775127999998037
charter_graft_it-coin2_sft,315,-3.62e-05,0.0016257927999998034
charter_graft_it-coin2_sft,316,5.1e-05,0.0016301431999998033
charter_graft_it-coin2_sft,317,-2.294e-05,0.0016288459999998033
charter_graft_it-coin2_sft,318,0.001318,0.0017643379999998034
charter_graft_it-coin2_sft,319,0.0009758,0.0018053679999998032
charter_graft_it-coin2_sft,320,0.0004517,0.0018313679999998032
charter_graft_it-coin2_sft,321,-1.796e-05,0.0018322789999998031
charter_graft_it-coin2_sft,322,0.007364,0.0025721779999998027
charter_graft_it-coin2_sft,323,0.0007298,0.0010811579999998027
charter_graft_it-coin2_sft,324,0.00641,0.0017223199999998027
charter_graft_it-coin2_sft,325,0.002024,0.0019283399999998029
charter_graft_it-coin2_sft,326,0.0007636,0.001999599999999803
charter_graft_it-coin2_sft,327,0.0002371,0.002025603999999803
charter_graft_it-coin2_sft,328,0.007126,0.0026064039999998028
charter_graft_it-coin2_sft,329,5.617e-05,0.002514440999999803
charter_graft_it-coin2_sft,330,0.005341,0.0030033709999998034
charter_graft_it-coin2_sft,331,1.117e-05,0.0030062839999998037
charter_graft_it-coin2_sft,332,0.01361,0.003630883999999803
charter_graft_it-coin2_sft,333,0.0005681,0.003614713999999803
charter_graft_it-coin2_sft,334,0.009265,0.0039002139999998035
charter_graft_it-coin2_sft,335,0.02352,0.006049813999999804
charter_graft_it-coin2_sft,336,0.0004772,0.006021173999999803
charter_graft_it-coin2_sft,337,0.01866,0.007863463999999803
charter_graft_it-coin2_sft,338,0.000427,0.007193563999999803
charter_graft_it-coin2_sft,339,0.001441,0.007332046999999803
charter_graft_it-coin2_sft,340,0.005666,0.007364546999999803
charter_graft_it-coin2_sft,341,0.001495,0.007512929999999802
charter_graft_it-coin2_sft,342,0.001446,0.006296529999999803
charter_graft_it-coin2_sft,343,0.003599,0.006599619999999804
charter_graft_it-coin2_sft,344,0.002108,0.005883919999999803
charter_graft_it-coin2_sft,345,0.009493,0.004481219999999802
charter_graft_it-coin2_sft,346,0.002961,0.004729599999999803
charter_graft_it-coin2_sft,347,0.0009726,0.0029608599999998023
charter_graft_it-coin2_sft,348,0.0101,0.003928159999999803
charter_graft_it-coin2_sft,349,0.01257,0.005041059999999803
charter_graft_it-coin2_sft,350,0.0004728,0.004521739999999804
charter_graft_it-coin2_sft,351,0.0008843,0.004460669999999803
charter_graft_it-coin2_sft,352,0.00205,0.0045210699999998025
charter_graft_it-coin2_sft,353,0.001555,0.004316669999999803
charter_graft_it-coin2_sft,354,0.001415,0.004247369999999803
charter_graft_it-coin2_sft,355,0.002032,0.003501269999999803
charter_graft_it-coin2_sft,356,0.001418,0.0033469699999998034
charter_graft_it-coin2_sft,357,0.002615,0.003511209999999804
charter_graft_it-coin2_sft,358,0.003575,0.002858709999999804
charter_graft_it-coin2_sft,359,0.008739,0.0024756099999998045
charter_graft_it-coin2_sft,360,0.0004729,0.0024756199999998044
charter_graft_it-coin2_sft,361,0.005928,0.0029799899999998045
charter_graft_it-coin2_sft,362,0.004882,0.003263189999999804
charter_graft_it-coin2_sft,363,0.005298,0.0036374899999998037
charter_graft_it-coin2_sft,364,0.0004405,0.0035400399999998044
charter_graft_it-coin2_sft,365,0.004112,0.003748039999999804
charter_graft_it-coin2_sft,366,0.0005016,0.0036563999999998037
charter_graft_it-coin2_sft,367,0.0004252,0.0034374199999998036
charter_graft_it-coin2_sft,368,0.0002773,0.0031076499999998035
charter_graft_it-coin2_sft,369,0.0002615,0.0022598999999998036
charter_graft_it-coin2_sft,370,0.006801,0.0028927099999998033
charter_graft_it-coin2_sft,371,0.001316,0.0024315099999998036
charter_graft_it-coin2_sft,372,0.000348,0.0019781099999998035
charter_graft_it-coin2_sft,373,0.0001703,0.0014653399999998036
charter_graft_it-coin2_sft,374,0.01066,0.0024872899999998036
charter_graft_it-coin2_sft,375,0.0004526,0.0021213499999998037
charter_graft_it-coin2_sft,376,0.0006432,0.0021355099999998033
charter_graft_it-coin2_sft,377,0.003139,0.002406889999999803
charter_graft_it-coin2_sft,378,0.004159,0.0027950599999998034
charter_graft_it-coin2_sft,379,0.00312,0.003080909999999803
charter_graft_it-coin2_sft,380,0.0002451,0.002425319999999803
charter_graft_it-coin2_sft,381,0.002215,0.0025152199999998034
charter_graft_it-coin2_sft,382,0.0002512,0.0025055399999998032
charter_graft_it-coin2_sft,383,1.323e-05,0.002489832999999803
charter_graft_it-coin2_sft,384,0.003677,0.001791532999999803
charter_graft_it-coin2_sft,385,0.007638,0.002510072999999803
charter_graft_it-coin2_sft,386,0.0003302,0.0024787729999998028
charter_graft_it-coin2_sft,387,2.841e-06,0.0021651570999998027
charter_graft_it-coin2_sft,388,0.0001015,0.0017594070999998029
charter_graft_it-coin2_sft,389,0.0009239,0.0015397970999998028
charter_graft_it-coin2_sft,390,3.543e-05,0.0015188300999998028
charter_graft_it-coin2_sft,391,0.00101,0.0013983300999998029
charter_graft_it-coin2_sft,392,5.12e-05,0.0013783300999998028
charter_graft_it-coin2_sft,393,0.0002144,0.0013984470999998029
charter_graft_it-coin2_sft,394,0.0004266,0.0010734070999998027
charter_graft_it-coin2_sft,395,0.0006983,0.0003794370999998028
charter_graft_it-coin2_sft,396,0.0002698,0.00037339709999980274
charter_graft_it-coin2_sft,397,-2.012e-05,0.00037110099999980277
charter_graft_it-coin2_sft,398,0.005551,0.0009160509999998028
charter_graft_it-coin2_sft,399,0.01274,0.002097660999999803
charter_graft_it-coin2_sft,400,0.001466,0.0022407179999998027
charter_graft_it-coin2_sft,401,4.98e-05,0.0021446979999998027
charter_graft_it-coin2_sft,402,0.0001237,0.0021519479999998026
charter_graft_it-coin2_sft,403,7.866e-05,0.002138373999999803
charter_graft_it-coin2_sft,404,0.008423,0.0029380139999998028
charter_graft_it-coin2_sft,405,0.0003679,0.002904973999999803
charter_graft_it-coin2_sft,406,0.0006434,0.0029423339999998027
charter_graft_it-coin2_sft,407,0.0001876,0.0029631059999998027
charter_graft_it-coin2_sft,408,0.000411,0.0024491059999998026
charter_graft_it-coin2_sft,409,0.001035,0.001278605999999803
charter_graft_it-coin2_sft,410,0.0002678,0.0011587859999998029
charter_graft_it-coin2_sft,411,0.01014,0.002167805999999803
charter_graft_it-coin2_sft,412,0.0001295,0.002168385999999803
charter_graft_it-coin2_sft,413,0.009413,0.003101819999999803
charter_graft_it-coin2_sft,414,0.009669,0.003226419999999804
charter_graft_it-coin2_sft,415,0.0001424,0.003203869999999804
charter_graft_it-coin2_sft,416,8.613e-05,0.0031481429999998035
charter_graft_it-coin2_sft,417,0.0005803,0.003187412999999803
charter_graft_it-coin2_sft,418,0.0007147,0.0032177829999998028
charter_graft_it-coin2_sft,419,0.001058,0.003220082999999802
charter_graft_it-coin2_sft,420,0.0003909,0.0032323929999998023
charter_graft_it-coin2_sft,421,0.0001878,0.0022371729999998025
charter_graft_it-coin2_sft,422,0.001729,0.0023971229999998024
charter_graft_it-coin2_sft,423,0.0006481,0.0015206329999998024
charter_graft_it-coin2_sft,424,0.0008228,0.0006360129999998024
charter_graft_it-coin2_sft,425,0.0003465,0.0006564229999998024
charter_graft_it-coin2_sft,426,0.0002091,0.0006687199999998024
charter_graft_it-coin2_sft,427,0.0003495,0.0006456399999998024
charter_graft_it-coin2_sft,428,0.0003042,0.0006045899999998024
charter_graft_it-coin2_sft,429,0.003778,0.0008765899999998025
charter_graft_it-coin2_sft,430,0.0007771,0.0009152099999998024
charter_graft_it-coin2_sft,431,0.0005571,0.0009521399999998023
charter_graft_it-coin2_sft,432,0.001518,0.0009310399999998024
charter_graft_it-coin2_sft,433,0.001793,0.0010455299999998023
charter_graft_it-coin2_sft,434,0.002052,0.0011684499999998024
charter_graft_it-coin2_sft,435,0.0007218,0.0012059799999998024
charter_graft_it-coin2_sft,436,0.001793,0.0013643699999998022
charter_graft_it-coin2_sft,437,0.01248,0.002577419999999802
charter_graft_it-coin2_sft,438,0.0001708,0.002564079999999802
charter_graft_it-coin2_sft,439,0.007438,0.002930079999999802
charter_graft_it-coin2_sft,440,0.003057,0.003158069999999802
charter_graft_it-coin2_sft,441,0.0004301,0.0031453699999998024
charter_graft_it-coin2_sft,442,0.003279,0.0033214699999998022
charter_graft_it-coin2_sft,443,0.0003118,0.003173349999999802
charter_graft_it-coin2_sft,444,0.0001333,0.0029814799999998026
charter_graft_it-coin2_sft,445,0.0001823,0.0029275299999998025
charter_graft_it-coin2_sft,446,0.0002239,0.0027706199999998024
charter_graft_it-coin2_sft,447,0.000197,0.0015423199999998023
charter_graft_it-coin2_sft,448,0.00039,0.0015642399999998024
charter_graft_it-coin2_sft,449,0.001352,0.0009556399999998022
charter_graft_it-coin2_sft,450,0.005622,0.0012121399999998022
charter_graft_it-coin2_sft,451,0.0008379,0.0012529199999998025
charter_graft_it-coin2_sft,452,0.0002189,0.0009469099999998024
charter_graft_it-coin2_sft,453,0.0008946,0.0010051899999998024
charter_graft_it-coin2_sft,454,0.0001629,0.0010081499999998027
charter_graft_it-coin2_sft,455,0.001181,0.0011080199999998026
charter_graft_it-coin2_sft,456,0.0173,0.0028156299999998026
charter_graft_it-coin2_sft,457,5.847e-06,0.0027965146999998024
charter_graft_it-coin2_sft,458,0.005439,0.0033014146999998024
charter_graft_it-coin2_sft,459,0.00663,0.003829214699999802
charter_graft_it-coin2_sft,460,0.0005616,0.003323174699999802
charter_graft_it-coin2_sft,461,0.001343,0.0033736846999998017
charter_graft_it-coin2_sft,462,0.003092,0.003660994699999801
charter_graft_it-coin2_sft,463,6.873e-05,0.003578407699999801
charter_graft_it-coin2_sft,464,5.468e-05,0.0035675856999998015
charter_graft_it-coin2_sft,465,0.003169,0.003766385699999801
charter_graft_it-coin2_sft,466,0.002683,0.002304685699999801
charter_graft_it-coin2_sft,467,0.0003139,0.002335490999999801
charter_graft_it-coin2_sft,468,9.876e-06,0.0017925785999998007
charter_graft_it-coin2_sft,469,0.0001705,0.0011466285999998007
charter_graft_it-coin2_sft,470,0.0003854,0.0011290085999998006
charter_graft_it-coin2_sft,471,0.0001017,0.0010048785999998006
charter_graft_it-coin2_sft,472,0.0005873,0.0007544085999998006
charter_graft_it-coin2_sft,473,0.00232,0.0009795355999998006
charter_graft_it-coin2_sft,474,0.0004042,0.0010144875999998008
charter_graft_it-coin2_sft,475,0.001804,0.0008779875999998007
charter_graft_it-coin2_sft,476,1.324e-05,0.0006110115999998008
charter_graft_it-coin2_sft,477,0.0001507,0.0005946915999998008
charter_graft_it-coin2_sft,478,0.0003933,0.0006330339999998008
charter_graft_it-coin2_sft,479,0.000212,0.0006371839999998009
charter_graft_it-coin2_sft,480,2.745e-06,0.0005989184999998008
charter_graft_it-coin2_sft,481,0.00217,0.0008057484999998008
charter_graft_it-coin2_sft,482,0.0001255,0.0007595684999998009
charter_graft_it-coin2_sft,483,0.0008499,0.0006125584999998009
charter_graft_it-coin2_sft,484,9.912e-05,0.0005820504999998009
charter_graft_it-coin2_sft,485,2.956e-06,0.0004019460999998009
charter_graft_it-coin2_sft,486,0.004866,0.000887222099999801
charter_graft_it-coin2_sft,487,0.0001218,0.000884332099999801
charter_graft_it-coin2_sft,488,0.0002481,0.000869812099999801
charter_graft_it-coin2_sft,489,0.0001426,0.000862872099999801
charter_graft_it-coin2_sft,490,1.053e-05,0.0008636505999998009
charter_graft_it-coin2_sft,491,4.339e-05,0.000650989599999801
charter_graft_it-coin2_sft,492,0.001145,0.000752939599999801
charter_graft_it-coin2_sft,493,0.005868,0.001254749599999801
charter_graft_it-coin2_sft,494,0.0002961,0.001274447599999801
charter_graft_it-coin2_sft,495,0.000212,0.0012953519999998012
charter_graft_it-coin2_sft,496,0.0007628,0.0008850319999998011
charter_graft_it-coin2_sft,497,0.0002449,0.0008973419999998009
charter_graft_it-coin2_sft,498,9.018e-05,0.0008815499999998011
charter_graft_it-coin2_sft,499,0.0003178,0.0008990699999998011
charter_graft_it-coin2_sft,500,0.0003086,0.0009288769999998012
charter_graft_it-coin2_sft,501,0.004251,0.0013496379999998012
charter_graft_it-coin2_sft,502,0.0009164,0.001326777999999801
charter_graft_it-coin2_sft,503,0.0003373,0.0007737079999998011
charter_graft_it-coin2_sft,504,5.799e-05,0.0007498969999998011
charter_graft_it-coin2_sft,505,0.003358,0.0010644969999998011
charter_graft_it-coin2_sft,506,0.001207,0.001108916999999801
charter_graft_it-coin2_sft,507,3.276e-05,0.0010877029999998011
charter_graft_it-coin2_sft,508,1.062e-05,0.001079746999999801
charter_graft_it-coin2_sft,509,0.001981,0.001246066999999801
charter_graft_it-coin2_sft,510,0.0004416,0.001259366999999801
charter_graft_it-coin2_sft,511,-7.877e-06,0.0008334792999998011
charter_graft_it-coin2_sft,512,0.0005429,0.0007961292999998012
