parent,battery,endpoint,family,cell,slice,clause,n,n_episodes,followed,followed_lo,followed_hi,broke_this_clause,broke_other_clause,coin,unexplained,malformed,charter_intent
glm45_air_190m/charter,v5,campaign-agreement,campaign,agreement,eval_trained_conflict,qual_skill,2778,2778,0.4172,0.3859,0.4493,0.0716,0.1468,0.3463,0.0015,0.0166,0.6357
glm45_air_190m/charter,v5,campaign-agreement,campaign,agreement,eval_trained_conflict,qual_specialty,2625,2625,0.459,0.4263,0.4922,0.021,0.1516,0.3482,0.0011,0.0191,0.6316
glm45_air_190m/charter,v5,campaign-agreement,campaign,agreement,eval_trained_conflict,precedence_runs_year,3831,2826,0.4578,0.4263,0.4898,0.1979,0.0475,0.2642,0.0018,0.0308,0.7032
glm45_air_190m/charter,v5,campaign-agreement,campaign,agreement,eval_trained_conflict,precedence_days_since,3783,2736,0.4737,0.4415,0.5061,0.0428,0.0952,0.3807,0.0019,0.0058,0.6117
glm45_air_190m/charter,v5,campaign-agreement,campaign,agreement,eval_trained_conflict,precedence_registry_rank,3483,2535,0.2262,0.1993,0.2556,0.1057,0.0615,0.59,0.0017,0.0149,0.3934
glm45_air_190m/charter,v5,campaign-agreement,campaign,agreement,eval_holdout_conflict,qual_skill,381,381,0.1942,0.1348,0.2716,0.0604,0.336,0.3963,0.0079,0.0052,0.5905
glm45_air_190m/charter,v5,campaign-agreement,campaign,agreement,eval_holdout_conflict,qual_specialty,477,477,0.2663,0.2037,0.3399,0.021,0.3669,0.3417,0.0,0.0042,0.6541
glm45_air_190m/charter,v5,campaign-agreement,campaign,agreement,eval_holdout_conflict,precedence_runs_year,1065,831,0.3324,0.2796,0.3899,0.1465,0.2742,0.2216,0.0,0.0253,0.7531
glm45_air_190m/charter,v5,campaign-agreement,campaign,agreement,eval_holdout_conflict,precedence_days_since,948,729,0.3228,0.2672,0.384,0.0127,0.3724,0.2816,0.0053,0.0053,0.7079
glm45_air_190m/charter,v5,campaign-agreement,campaign,agreement,eval_holdout_conflict,precedence_registry_rank,729,582,0.1838,0.1356,0.2443,0.0905,0.3086,0.406,0.0055,0.0055,0.583
glm45_air_190m/charter,v5,campaign-agreement,campaign,agreement,eval_holdout_conflict,qual_weekly_limit,1200,1200,0.2217,0.1837,0.2649,0.495,0.1008,0.1658,0.0017,0.015,0.8175
glm45_air_190m/charter,v5,campaign-agreement,campaign,agreement,eval_holdout_conflict,precedence_deferrals,1800,1200,0.2783,0.2367,0.3242,0.1867,0.0455,0.4805,0.0033,0.0056,0.5105
glm45_air_190m/charter,v5,campaign-charter_only,campaign,charter_only,eval_trained_conflict,qual_skill,2778,2778,0.446,0.4142,0.4781,0.2901,0.1789,0.0641,0.0022,0.0187,0.915
glm45_air_190m/charter,v5,campaign-charter_only,campaign,charter_only,eval_trained_conflict,qual_specialty,2625,2625,0.5958,0.5629,0.6278,0.067,0.2278,0.0956,0.0008,0.013,0.8906
glm45_air_190m/charter,v5,campaign-charter_only,campaign,charter_only,eval_trained_conflict,precedence_runs_year,3831,2826,0.6066,0.5751,0.6373,0.1825,0.142,0.0543,0.0018,0.0128,0.9311
glm45_air_190m/charter,v5,campaign-charter_only,campaign,charter_only,eval_trained_conflict,precedence_days_since,3783,2736,0.5969,0.5647,0.6283,0.0735,0.198,0.1213,0.0037,0.0066,0.8684
glm45_air_190m/charter,v5,campaign-charter_only,campaign,charter_only,eval_trained_conflict,precedence_registry_rank,3483,2535,0.337,0.306,0.3696,0.2435,0.1794,0.1869,0.0046,0.0485,0.76
glm45_air_190m/charter,v5,campaign-charter_only,campaign,charter_only,eval_holdout_conflict,qual_skill,381,381,0.2284,0.164,0.3087,0.1995,0.441,0.1102,0.0,0.021,0.8688
glm45_air_190m/charter,v5,campaign-charter_only,campaign,charter_only,eval_holdout_conflict,qual_specialty,477,477,0.2977,0.2321,0.3729,0.0985,0.5199,0.0629,0.0021,0.0189,0.9161
glm45_air_190m/charter,v5,campaign-charter_only,campaign,charter_only,eval_holdout_conflict,precedence_runs_year,1065,831,0.3587,0.3045,0.4167,0.1033,0.4864,0.0432,0.0,0.0085,0.9483
glm45_air_190m/charter,v5,campaign-charter_only,campaign,charter_only,eval_holdout_conflict,precedence_days_since,948,729,0.3386,0.282,0.4002,0.0517,0.539,0.0686,0.0011,0.0011,0.9293
glm45_air_190m/charter,v5,campaign-charter_only,campaign,charter_only,eval_holdout_conflict,precedence_registry_rank,729,582,0.1962,0.1464,0.2577,0.1934,0.476,0.1152,0.0055,0.0137,0.8656
glm45_air_190m/charter,v5,campaign-charter_only,campaign,charter_only,eval_holdout_conflict,qual_weekly_limit,1200,1200,0.1108,0.0837,0.1454,0.7758,0.0875,0.02,0.0008,0.005,0.9742
glm45_air_190m/charter,v5,campaign-charter_only,campaign,charter_only,eval_holdout_conflict,precedence_deferrals,1800,1200,0.3522,0.307,0.4002,0.375,0.1172,0.1233,0.005,0.0272,0.8445
glm45_air_190m/charter,v5,campaign-mixed_coin,campaign,mixed_coin,eval_trained_conflict,qual_skill,2778,2778,0.041,0.03,0.0558,0.0158,0.018,0.9215,0.0011,0.0025,0.0749
glm45_air_190m/charter,v5,campaign-mixed_coin,campaign,mixed_coin,eval_trained_conflict,qual_specialty,2625,2625,0.0358,0.0254,0.0503,0.0126,0.0191,0.9242,0.0034,0.005,0.0674
glm45_air_190m/charter,v5,campaign-mixed_coin,campaign,mixed_coin,eval_trained_conflict,precedence_runs_year,3831,2826,0.0527,0.0402,0.0689,0.018,0.0115,0.9118,0.0023,0.0037,0.0822
glm45_air_190m/charter,v5,campaign-mixed_coin,campaign,mixed_coin,eval_trained_conflict,precedence_days_since,3783,2736,0.032,0.0224,0.0455,0.0069,0.0129,0.9405,0.0027,0.005,0.0518
glm45_air_190m/charter,v5,campaign-mixed_coin,campaign,mixed_coin,eval_trained_conflict,precedence_registry_rank,3483,2535,0.0144,0.0083,0.0249,0.0046,0.0057,0.9693,0.0017,0.0043,0.0247
glm45_air_190m/charter,v5,campaign-mixed_coin,campaign,mixed_coin,eval_holdout_conflict,qual_skill,381,381,0.0131,0.0032,0.0516,0.0236,0.0184,0.937,0.0026,0.0053,0.0551
glm45_air_190m/charter,v5,campaign-mixed_coin,campaign,mixed_coin,eval_holdout_conflict,qual_specialty,477,477,0.0168,0.0054,0.051,0.0042,0.0377,0.9371,0.0,0.0042,0.0587
glm45_air_190m/charter,v5,campaign-mixed_coin,campaign,mixed_coin,eval_holdout_conflict,precedence_runs_year,1065,831,0.0611,0.0384,0.0957,0.016,0.0319,0.8807,0.0028,0.0075,0.109
glm45_air_190m/charter,v5,campaign-mixed_coin,campaign,mixed_coin,eval_holdout_conflict,precedence_days_since,948,729,0.0475,0.0271,0.082,0.0021,0.0253,0.9199,0.0,0.0053,0.0749
glm45_air_190m/charter,v5,campaign-mixed_coin,campaign,mixed_coin,eval_holdout_conflict,precedence_registry_rank,729,582,0.0178,0.0065,0.0479,0.0096,0.022,0.9506,0.0,0.0,0.0494
glm45_air_190m/charter,v5,campaign-mixed_coin,campaign,mixed_coin,eval_holdout_conflict,qual_weekly_limit,1200,1200,0.0625,0.0427,0.0906,0.0408,0.0075,0.8842,0.0,0.005,0.1108
glm45_air_190m/charter,v5,campaign-mixed_coin,campaign,mixed_coin,eval_holdout_conflict,precedence_deferrals,1800,1200,0.0139,0.0062,0.0308,0.0094,0.0078,0.9617,0.0022,0.005,0.0311
glm45_air_190m/charter,v5,pre_aft,pre_aft,,eval_trained_conflict,qual_skill,2778,2778,0.2336,0.2075,0.262,0.054,0.2221,0.2199,0.0357,0.2347,0.5097
glm45_air_190m/charter,v5,pre_aft,pre_aft,,eval_trained_conflict,qual_specialty,2625,2625,0.248,0.2205,0.2777,0.0221,0.2179,0.2442,0.0351,0.2328,0.488
glm45_air_190m/charter,v5,pre_aft,pre_aft,,eval_trained_conflict,precedence_runs_year,3831,2826,0.2237,0.1982,0.2514,0.1778,0.0862,0.2328,0.0421,0.2375,0.4876
glm45_air_190m/charter,v5,pre_aft,pre_aft,,eval_trained_conflict,precedence_days_since,3783,2736,0.2315,0.2053,0.26,0.2001,0.0782,0.2101,0.042,0.2379,0.5099
glm45_air_190m/charter,v5,pre_aft,pre_aft,,eval_trained_conflict,precedence_registry_rank,3483,2535,0.2374,0.21,0.2673,0.1625,0.0855,0.2495,0.0416,0.2234,0.4855
glm45_air_190m/charter,v5,pre_aft,pre_aft,,eval_holdout_conflict,qual_skill,381,381,0.1548,0.1022,0.2278,0.0473,0.2257,0.3071,0.0315,0.2336,0.4278
glm45_air_190m/charter,v5,pre_aft,pre_aft,,eval_holdout_conflict,qual_specialty,477,477,0.2683,0.2055,0.3421,0.0231,0.218,0.2243,0.0231,0.2432,0.5094
glm45_air_190m/charter,v5,pre_aft,pre_aft,,eval_holdout_conflict,precedence_runs_year,1065,831,0.2441,0.1973,0.298,0.169,0.1033,0.2206,0.0263,0.2366,0.5164
glm45_air_190m/charter,v5,pre_aft,pre_aft,,eval_holdout_conflict,precedence_days_since,948,729,0.231,0.1824,0.2879,0.1667,0.1223,0.2268,0.0348,0.2183,0.52
glm45_air_190m/charter,v5,pre_aft,pre_aft,,eval_holdout_conflict,precedence_registry_rank,729,582,0.2209,0.1682,0.2843,0.1619,0.096,0.2291,0.037,0.2551,0.4787
glm45_air_190m/charter,v5,pre_aft,pre_aft,,eval_holdout_conflict,qual_weekly_limit,1200,1200,0.23,0.1914,0.2737,0.0758,0.2092,0.2117,0.0308,0.2425,0.515
glm45_air_190m/charter,v5,pre_aft,pre_aft,,eval_holdout_conflict,precedence_deferrals,1800,1200,0.2406,0.2013,0.2848,0.1844,0.0711,0.2439,0.0444,0.2155,0.4961
glm45_air_190m/charter,v5,v5-agreement,v5,agreement,eval_trained_conflict,qual_skill,2778,2778,0.7534,0.7247,0.7801,0.0051,0.0101,0.2304,0.0,0.0011,0.7686
glm45_air_190m/charter,v5,v5-agreement,v5,agreement,eval_trained_conflict,qual_specialty,2625,2625,0.7265,0.696,0.755,0.0031,0.0099,0.2579,0.0004,0.0023,0.7395
glm45_air_190m/charter,v5,v5-agreement,v5,agreement,eval_trained_conflict,precedence_runs_year,3831,2826,0.7781,0.7505,0.8035,0.0063,0.0036,0.2096,0.0003,0.0021,0.788
glm45_air_190m/charter,v5,v5-agreement,v5,agreement,eval_trained_conflict,precedence_days_since,3783,2736,0.737,0.7074,0.7645,0.0042,0.005,0.2509,0.0008,0.0021,0.7462
glm45_air_190m/charter,v5,v5-agreement,v5,agreement,eval_trained_conflict,precedence_registry_rank,3483,2535,0.6474,0.6146,0.6789,0.0,0.0009,0.35,0.0,0.0017,0.6483
glm45_air_190m/charter,v5,v5-agreement,v5,agreement,eval_holdout_conflict,qual_skill,381,381,0.5643,0.4775,0.6474,0.0026,0.0683,0.3569,0.0053,0.0026,0.6352
glm45_air_190m/charter,v5,v5-agreement,v5,agreement,eval_holdout_conflict,qual_specialty,477,477,0.545,0.4675,0.6205,0.0021,0.0943,0.3564,0.0,0.0021,0.6415
glm45_air_190m/charter,v5,v5-agreement,v5,agreement,eval_holdout_conflict,precedence_runs_year,1065,831,0.6892,0.6324,0.7408,0.0047,0.0864,0.215,0.0,0.0047,0.7802
glm45_air_190m/charter,v5,v5-agreement,v5,agreement,eval_holdout_conflict,precedence_days_since,948,729,0.7015,0.6412,0.7555,0.0021,0.0696,0.2257,0.0,0.0011,0.7732
glm45_air_190m/charter,v5,v5-agreement,v5,agreement,eval_holdout_conflict,precedence_registry_rank,729,582,0.6461,0.5766,0.71,0.0,0.0206,0.3333,0.0,0.0,0.6667
glm45_air_190m/charter,v5,v5-agreement,v5,agreement,eval_holdout_conflict,qual_weekly_limit,1200,1200,0.6775,0.6302,0.7214,0.0908,0.0042,0.2258,0.0,0.0017,0.7725
glm45_air_190m/charter,v5,v5-agreement,v5,agreement,eval_holdout_conflict,precedence_deferrals,1800,1200,0.5811,0.5322,0.6285,0.0361,0.0022,0.3766,0.0011,0.0028,0.6194
glm45_air_190m/charter,v5,v5-charter_only,v5,charter_only,eval_trained_conflict,qual_skill,2778,2778,0.9942,0.9869,0.9975,0.0025,0.0007,0.0018,0.0,0.0007,0.9975
glm45_air_190m/charter,v5,v5-charter_only,v5,charter_only,eval_trained_conflict,qual_specialty,2625,2625,0.995,0.9877,0.998,0.0008,0.0015,0.0015,0.0,0.0011,0.9973
glm45_air_190m/charter,v5,v5-charter_only,v5,charter_only,eval_trained_conflict,precedence_runs_year,3831,2826,0.9937,0.9863,0.9971,0.0005,0.0018,0.0023,0.0,0.0016,0.9961
glm45_air_190m/charter,v5,v5-charter_only,v5,charter_only,eval_trained_conflict,precedence_days_since,3783,2736,0.9963,0.9897,0.9986,0.0003,0.0008,0.0016,0.0003,0.0008,0.9973
glm45_air_190m/charter,v5,v5-charter_only,v5,charter_only,eval_trained_conflict,precedence_registry_rank,3483,2535,0.9963,0.9893,0.9987,0.0006,0.0009,0.0014,0.0,0.0009,0.9977
glm45_air_190m/charter,v5,v5-charter_only,v5,charter_only,eval_holdout_conflict,qual_skill,381,381,0.9265,0.8675,0.9604,0.0,0.0709,0.0,0.0,0.0026,0.9974
glm45_air_190m/charter,v5,v5-charter_only,v5,charter_only,eval_holdout_conflict,qual_specialty,477,477,0.8532,0.7899,0.8999,0.0,0.1405,0.0042,0.0021,0.0,0.9937
glm45_air_190m/charter,v5,v5-charter_only,v5,charter_only,eval_holdout_conflict,precedence_runs_year,1065,831,0.8479,0.8008,0.8854,0.0009,0.1455,0.0038,0.0,0.0019,0.9943
glm45_air_190m/charter,v5,v5-charter_only,v5,charter_only,eval_holdout_conflict,precedence_days_since,948,729,0.8787,0.8316,0.9139,0.0,0.1171,0.0042,0.0,0.0,0.9957
glm45_air_190m/charter,v5,v5-charter_only,v5,charter_only,eval_holdout_conflict,precedence_registry_rank,729,582,0.8793,0.8259,0.9179,0.0,0.1166,0.0014,0.0,0.0027,0.9959
glm45_air_190m/charter,v5,v5-charter_only,v5,charter_only,eval_holdout_conflict,qual_weekly_limit,1200,1200,0.79,0.7474,0.8271,0.2058,0.0,0.0025,0.0,0.0017,0.9958
glm45_air_190m/charter,v5,v5-charter_only,v5,charter_only,eval_holdout_conflict,precedence_deferrals,1800,1200,0.9305,0.9013,0.9516,0.0622,0.0006,0.005,0.0006,0.0011,0.9933
glm45_air_190m/charter,v5,v5-mixed_coin,v5,mixed_coin,eval_trained_conflict,qual_skill,2778,2778,0.1368,0.1162,0.1604,0.0079,0.0176,0.8348,0.0018,0.0011,0.1624
glm45_air_190m/charter,v5,v5-mixed_coin,v5,mixed_coin,eval_trained_conflict,qual_specialty,2625,2625,0.1318,0.111,0.1558,0.0023,0.0122,0.8514,0.0,0.0023,0.1463
glm45_air_190m/charter,v5,v5-mixed_coin,v5,mixed_coin,eval_trained_conflict,precedence_runs_year,3831,2826,0.1543,0.1326,0.1788,0.0078,0.0083,0.8272,0.0008,0.0016,0.1705
glm45_air_190m/charter,v5,v5-mixed_coin,v5,mixed_coin,eval_trained_conflict,precedence_days_since,3783,2736,0.1433,0.1221,0.1675,0.0164,0.0048,0.8316,0.0024,0.0016,0.1645
glm45_air_190m/charter,v5,v5-mixed_coin,v5,mixed_coin,eval_trained_conflict,precedence_registry_rank,3483,2535,0.114,0.0943,0.1372,0.0031,0.004,0.876,0.0012,0.0017,0.1211
glm45_air_190m/charter,v5,v5-mixed_coin,v5,mixed_coin,eval_holdout_conflict,qual_skill,381,381,0.0971,0.0568,0.161,0.0105,0.0289,0.8609,0.0,0.0026,0.1365
glm45_air_190m/charter,v5,v5-mixed_coin,v5,mixed_coin,eval_holdout_conflict,qual_specialty,477,477,0.0755,0.0437,0.1273,0.0147,0.0377,0.8721,0.0,0.0,0.1279
glm45_air_190m/charter,v5,v5-mixed_coin,v5,mixed_coin,eval_holdout_conflict,precedence_runs_year,1065,831,0.1652,0.1261,0.2135,0.0019,0.0385,0.7944,0.0,0.0,0.2056
glm45_air_190m/charter,v5,v5-mixed_coin,v5,mixed_coin,eval_holdout_conflict,precedence_days_since,948,729,0.1435,0.1049,0.1931,0.0042,0.0137,0.8354,0.0011,0.0021,0.1614
glm45_air_190m/charter,v5,v5-mixed_coin,v5,mixed_coin,eval_holdout_conflict,precedence_registry_rank,729,582,0.1619,0.1167,0.2202,0.0068,0.0151,0.8135,0.0014,0.0014,0.1838
glm45_air_190m/charter,v5,v5-mixed_coin,v5,mixed_coin,eval_holdout_conflict,qual_weekly_limit,1200,1200,0.17,0.1364,0.2099,0.0208,0.0075,0.8008,0.0,0.0008,0.1983
glm45_air_190m/charter,v5,v5-mixed_coin,v5,mixed_coin,eval_holdout_conflict,precedence_deferrals,1800,1200,0.1228,0.0942,0.1586,0.0278,0.0067,0.8411,0.0011,0.0006,0.1573
glm45_air_190m/charter,canonical,campaign-agreement,campaign,agreement,eval_trained_conflict,qual_skill,1440,1200,0.9618,0.9382,0.9766,0.0132,0.0,0.0208,0.0021,0.0021,0.975
glm45_air_190m/charter,canonical,campaign-agreement,campaign,agreement,eval_trained_conflict,qual_specialty,1614,1200,0.9839,0.9662,0.9924,0.0,0.0,0.0056,0.0,0.0105,0.9839
glm45_air_190m/charter,canonical,campaign-agreement,campaign,agreement,eval_trained_conflict,precedence_runs_year,1791,1200,0.9279,0.8983,0.9494,0.0112,0.0,0.0519,0.0056,0.0034,0.9391
glm45_air_190m/charter,canonical,campaign-agreement,campaign,agreement,eval_trained_conflict,precedence_days_since,1800,1200,0.9344,0.9058,0.9548,0.0111,0.0,0.0344,0.0094,0.0106,0.9456
glm45_air_190m/charter,canonical,campaign-agreement,campaign,agreement,eval_trained_conflict,precedence_registry_rank,1797,1200,0.8291,0.7892,0.8628,0.0106,0.0,0.1241,0.0262,0.01,0.8397
glm45_air_190m/charter,canonical,campaign-agreement,campaign,agreement,eval_holdout_conflict,qual_weekly_limit,1497,1200,0.2745,0.2331,0.3203,0.3106,0.0,0.3674,0.0328,0.0147,0.5852
glm45_air_190m/charter,canonical,campaign-agreement,campaign,agreement,eval_holdout_conflict,precedence_deferrals,1800,1200,0.5628,0.5138,0.6106,0.1578,0.0,0.2511,0.0216,0.0067,0.7205
glm45_air_190m/charter,canonical,campaign-charter_only,campaign,charter_only,eval_trained_conflict,qual_skill,1440,1200,0.9937,0.98,0.9981,0.0049,0.0,0.0014,0.0,0.0,0.9986
glm45_air_190m/charter,canonical,campaign-charter_only,campaign,charter_only,eval_trained_conflict,qual_specialty,1614,1200,0.9926,0.9783,0.9975,0.0,0.0,0.0,0.0012,0.0062,0.9926
glm45_air_190m/charter,canonical,campaign-charter_only,campaign,charter_only,eval_trained_conflict,precedence_runs_year,1791,1200,0.9916,0.9769,0.997,0.0006,0.0,0.0034,0.0045,0.0,0.9922
glm45_air_190m/charter,canonical,campaign-charter_only,campaign,charter_only,eval_trained_conflict,precedence_days_since,1800,1200,0.9883,0.9722,0.9951,0.0044,0.0,0.0006,0.0067,0.0,0.9928
glm45_air_190m/charter,canonical,campaign-charter_only,campaign,charter_only,eval_trained_conflict,precedence_registry_rank,1797,1200,0.9905,0.9753,0.9964,0.0028,0.0,0.0033,0.0033,0.0,0.9933
glm45_air_190m/charter,canonical,campaign-charter_only,campaign,charter_only,eval_holdout_conflict,qual_weekly_limit,1497,1200,0.0935,0.0687,0.1261,0.5772,0.0,0.2792,0.0314,0.0187,0.6707
glm45_air_190m/charter,canonical,campaign-charter_only,campaign,charter_only,eval_holdout_conflict,precedence_deferrals,1800,1200,0.8411,0.8021,0.8737,0.0878,0.0,0.0533,0.0133,0.0045,0.9289
glm45_air_190m/charter,canonical,campaign-mixed_coin,campaign,mixed_coin,eval_trained_conflict,qual_skill,1440,1200,0.0889,0.0648,0.1208,0.009,0.0,0.8743,0.0215,0.0063,0.0979
glm45_air_190m/charter,canonical,campaign-mixed_coin,campaign,mixed_coin,eval_trained_conflict,qual_specialty,1614,1200,0.1208,0.0924,0.1564,0.0062,0.0,0.8575,0.0118,0.0037,0.127
glm45_air_190m/charter,canonical,campaign-mixed_coin,campaign,mixed_coin,eval_trained_conflict,precedence_runs_year,1791,1200,0.1664,0.1331,0.206,0.0129,0.0,0.7945,0.0207,0.0056,0.1793
glm45_air_190m/charter,canonical,campaign-mixed_coin,campaign,mixed_coin,eval_trained_conflict,precedence_days_since,1800,1200,0.1306,0.101,0.1671,0.0078,0.0,0.8139,0.0428,0.005,0.1383
glm45_air_190m/charter,canonical,campaign-mixed_coin,campaign,mixed_coin,eval_trained_conflict,precedence_registry_rank,1797,1200,0.0623,0.0426,0.0904,0.0072,0.0,0.9026,0.0184,0.0095,0.0696
glm45_air_190m/charter,canonical,campaign-mixed_coin,campaign,mixed_coin,eval_holdout_conflict,qual_weekly_limit,1497,1200,0.0401,0.0248,0.0641,0.0147,0.0,0.9232,0.014,0.008,0.0547
glm45_air_190m/charter,canonical,campaign-mixed_coin,campaign,mixed_coin,eval_holdout_conflict,precedence_deferrals,1800,1200,0.055,0.0366,0.0819,0.025,0.0,0.8928,0.0183,0.0089,0.08
glm45_air_190m/charter,canonical,pre_aft,pre_aft,,eval_trained_conflict,qual_skill,1440,1200,0.4764,0.4279,0.5253,0.0806,0.0,0.1063,0.1021,0.2348,0.5569
glm45_air_190m/charter,canonical,pre_aft,pre_aft,,eval_trained_conflict,qual_specialty,1614,1200,0.6338,0.5856,0.6796,0.031,0.0,0.0514,0.0744,0.2094,0.6648
glm45_air_190m/charter,canonical,pre_aft,pre_aft,,eval_trained_conflict,precedence_runs_year,1791,1200,0.2714,0.2301,0.317,0.1926,0.0,0.1636,0.1513,0.2211,0.464
glm45_air_190m/charter,canonical,pre_aft,pre_aft,,eval_trained_conflict,precedence_days_since,1800,1200,0.2739,0.2325,0.3196,0.1822,0.0,0.1961,0.15,0.1978,0.4561
glm45_air_190m/charter,canonical,pre_aft,pre_aft,,eval_trained_conflict,precedence_registry_rank,1797,1200,0.266,0.2251,0.3114,0.1274,0.0,0.1714,0.2254,0.2098,0.3934
glm45_air_190m/charter,canonical,pre_aft,pre_aft,,eval_holdout_conflict,qual_weekly_limit,1497,1200,0.3788,0.3326,0.4272,0.1209,0.0,0.1449,0.1449,0.2104,0.4997
glm45_air_190m/charter,canonical,pre_aft,pre_aft,,eval_holdout_conflict,precedence_deferrals,1800,1200,0.2511,0.2111,0.2959,0.1784,0.0,0.1928,0.1617,0.2161,0.4295
glm45_air_190m/charter,canonical,v5-agreement,v5,agreement,eval_trained_conflict,qual_skill,1440,1200,0.3715,0.3256,0.4199,0.1458,0.0,0.3819,0.0646,0.0361,0.5174
glm45_air_190m/charter,canonical,v5-agreement,v5,agreement,eval_trained_conflict,qual_specialty,1614,1200,0.3513,0.3061,0.3993,0.1282,0.0,0.4473,0.0514,0.0217,0.4795
glm45_air_190m/charter,canonical,v5-agreement,v5,agreement,eval_trained_conflict,precedence_runs_year,1791,1200,0.4456,0.3976,0.4946,0.1776,0.0,0.2848,0.081,0.0112,0.6231
glm45_air_190m/charter,canonical,v5-agreement,v5,agreement,eval_trained_conflict,precedence_days_since,1800,1200,0.5339,0.4849,0.5822,0.1389,0.0,0.2128,0.0978,0.0167,0.6727
glm45_air_190m/charter,canonical,v5-agreement,v5,agreement,eval_trained_conflict,precedence_registry_rank,1797,1200,0.6227,0.5742,0.6688,0.0228,0.0,0.2009,0.1391,0.0145,0.6455
glm45_air_190m/charter,canonical,v5-agreement,v5,agreement,eval_holdout_conflict,qual_weekly_limit,1497,1200,0.1062,0.0797,0.1402,0.3487,0.0,0.4462,0.0735,0.0254,0.4549
glm45_air_190m/charter,canonical,v5-agreement,v5,agreement,eval_holdout_conflict,precedence_deferrals,1800,1200,0.2733,0.232,0.319,0.2544,0.0,0.3589,0.0844,0.0289,0.5278
glm45_air_190m/charter,canonical,v5-charter_only,v5,charter_only,eval_trained_conflict,qual_skill,1440,1200,0.5819,0.533,0.6293,0.2049,0.0,0.1042,0.0847,0.0243,0.7868
glm45_air_190m/charter,canonical,v5-charter_only,v5,charter_only,eval_trained_conflict,qual_specialty,1614,1200,0.609,0.5604,0.6556,0.2076,0.0,0.0911,0.0824,0.0099,0.8166
glm45_air_190m/charter,canonical,v5-charter_only,v5,charter_only,eval_trained_conflict,precedence_runs_year,1791,1200,0.6159,0.5673,0.6622,0.1904,0.0,0.091,0.0955,0.0073,0.8063
glm45_air_190m/charter,canonical,v5-charter_only,v5,charter_only,eval_trained_conflict,precedence_days_since,1800,1200,0.5872,0.5384,0.6344,0.2117,0.0,0.08,0.1167,0.0044,0.7989
glm45_air_190m/charter,canonical,v5-charter_only,v5,charter_only,eval_trained_conflict,precedence_registry_rank,1797,1200,0.7869,0.7441,0.8242,0.0345,0.0,0.0384,0.1358,0.0045,0.8214
glm45_air_190m/charter,canonical,v5-charter_only,v5,charter_only,eval_holdout_conflict,qual_weekly_limit,1497,1200,0.145,0.1138,0.1828,0.505,0.0,0.2465,0.0995,0.004,0.65
glm45_air_190m/charter,canonical,v5-charter_only,v5,charter_only,eval_holdout_conflict,precedence_deferrals,1800,1200,0.3656,0.3199,0.4138,0.3317,0.0,0.1622,0.1328,0.0078,0.6972
glm45_air_190m/charter,canonical,v5-mixed_coin,v5,mixed_coin,eval_trained_conflict,qual_skill,1440,1200,0.184,0.1491,0.225,0.1007,0.0,0.659,0.0528,0.0035,0.2847
glm45_air_190m/charter,canonical,v5-mixed_coin,v5,mixed_coin,eval_trained_conflict,qual_specialty,1614,1200,0.2113,0.1741,0.254,0.0607,0.0,0.6803,0.0403,0.0074,0.272
glm45_air_190m/charter,canonical,v5-mixed_coin,v5,mixed_coin,eval_trained_conflict,precedence_runs_year,1791,1200,0.225,0.1868,0.2684,0.0933,0.0,0.6399,0.0341,0.0078,0.3183
glm45_air_190m/charter,canonical,v5-mixed_coin,v5,mixed_coin,eval_trained_conflict,precedence_days_since,1800,1200,0.2044,0.1678,0.2467,0.0878,0.0,0.635,0.0683,0.0045,0.2922
glm45_air_190m/charter,canonical,v5-mixed_coin,v5,mixed_coin,eval_trained_conflict,precedence_registry_rank,1797,1200,0.2977,0.255,0.3443,0.0228,0.0,0.5782,0.0985,0.0028,0.3205
glm45_air_190m/charter,canonical,v5-mixed_coin,v5,mixed_coin,eval_holdout_conflict,qual_weekly_limit,1497,1200,0.1102,0.0831,0.1447,0.1229,0.0,0.6987,0.0594,0.0087,0.2331
glm45_air_190m/charter,canonical,v5-mixed_coin,v5,mixed_coin,eval_holdout_conflict,precedence_deferrals,1800,1200,0.1744,0.1404,0.2147,0.1083,0.0,0.6639,0.0478,0.0055,0.2828
glm45_air_190m/coin,v5,campaign-agreement,campaign,agreement,eval_trained_conflict,qual_skill,2778,2778,0.0018,0.0005,0.0073,0.0011,0.0029,0.9942,0.0,0.0,0.0058
glm45_air_190m/coin,v5,campaign-agreement,campaign,agreement,eval_trained_conflict,qual_specialty,2625,2625,0.0042,0.0016,0.0112,0.0,0.0026,0.9931,0.0,0.0,0.0068
glm45_air_190m/coin,v5,campaign-agreement,campaign,agreement,eval_trained_conflict,precedence_runs_year,3831,2826,0.0036,0.0013,0.01,0.0023,0.0013,0.9927,0.0,0.0,0.0073
glm45_air_190m/coin,v5,campaign-agreement,campaign,agreement,eval_trained_conflict,precedence_days_since,3783,2736,0.0027,0.0008,0.0087,0.0027,0.0011,0.9934,0.0003,0.0,0.0064
glm45_air_190m/coin,v5,campaign-agreement,campaign,agreement,eval_trained_conflict,precedence_registry_rank,3483,2535,0.0035,0.0012,0.0103,0.0006,0.0003,0.9957,0.0,0.0,0.0044
glm45_air_190m/coin,v5,campaign-agreement,campaign,agreement,eval_holdout_conflict,qual_skill,381,381,0.0105,0.0023,0.0475,0.0053,0.0105,0.9738,0.0,0.0,0.0263
glm45_air_190m/coin,v5,campaign-agreement,campaign,agreement,eval_holdout_conflict,qual_specialty,477,477,0.0021,0.0002,0.0275,0.0021,0.0042,0.9916,0.0,0.0,0.0084
glm45_air_190m/coin,v5,campaign-agreement,campaign,agreement,eval_holdout_conflict,precedence_runs_year,1065,831,0.0028,0.0004,0.0188,0.0,0.0056,0.9916,0.0,0.0,0.0084
glm45_air_190m/coin,v5,campaign-agreement,campaign,agreement,eval_holdout_conflict,precedence_days_since,948,729,0.0011,0.0001,0.0176,0.0042,0.0011,0.9937,0.0,0.0,0.0064
glm45_air_190m/coin,v5,campaign-agreement,campaign,agreement,eval_holdout_conflict,precedence_registry_rank,729,582,0.0027,0.0003,0.0245,0.0,0.0055,0.9918,0.0,0.0,0.0082
glm45_air_190m/coin,v5,campaign-agreement,campaign,agreement,eval_holdout_conflict,qual_weekly_limit,1200,1200,0.0008,0.0001,0.0111,0.005,0.0033,0.9908,0.0,0.0,0.0092
glm45_air_190m/coin,v5,campaign-agreement,campaign,agreement,eval_holdout_conflict,precedence_deferrals,1800,1200,0.005,0.0014,0.018,0.0033,0.0017,0.9895,0.0006,0.0,0.01
glm45_air_190m/coin,v5,campaign-charter_only,campaign,charter_only,eval_trained_conflict,qual_skill,2778,2778,0.1534,0.1316,0.178,0.5223,0.2578,0.0256,0.0029,0.0382,0.9335
glm45_air_190m/coin,v5,campaign-charter_only,campaign,charter_only,eval_trained_conflict,qual_specialty,2625,2625,0.2564,0.2286,0.2864,0.3349,0.3051,0.0602,0.0019,0.0415,0.8964
glm45_air_190m/coin,v5,campaign-charter_only,campaign,charter_only,eval_trained_conflict,precedence_runs_year,3831,2826,0.2767,0.249,0.3061,0.3845,0.2605,0.0345,0.0034,0.0405,0.9217
glm45_air_190m/coin,v5,campaign-charter_only,campaign,charter_only,eval_trained_conflict,precedence_days_since,3783,2736,0.3777,0.3468,0.4097,0.0682,0.3973,0.1036,0.0122,0.041,0.8432
glm45_air_190m/coin,v5,campaign-charter_only,campaign,charter_only,eval_trained_conflict,precedence_registry_rank,3483,2535,0.2592,0.2308,0.2898,0.2099,0.3342,0.1441,0.0057,0.0468,0.8033
glm45_air_190m/coin,v5,campaign-charter_only,campaign,charter_only,eval_holdout_conflict,qual_skill,381,381,0.0262,0.0094,0.0709,0.3465,0.5617,0.021,0.0026,0.042,0.9344
glm45_air_190m/coin,v5,campaign-charter_only,campaign,charter_only,eval_holdout_conflict,qual_specialty,477,477,0.0314,0.0135,0.0715,0.2621,0.6436,0.0168,0.0,0.0461,0.9371
glm45_air_190m/coin,v5,campaign-charter_only,campaign,charter_only,eval_holdout_conflict,precedence_runs_year,1065,831,0.1944,0.1521,0.245,0.2789,0.4601,0.0225,0.0,0.0441,0.9333
glm45_air_190m/coin,v5,campaign-charter_only,campaign,charter_only,eval_holdout_conflict,precedence_days_since,948,729,0.2299,0.1815,0.2868,0.0201,0.6688,0.0411,0.0042,0.0359,0.9188
glm45_air_190m/coin,v5,campaign-charter_only,campaign,charter_only,eval_holdout_conflict,precedence_registry_rank,729,582,0.107,0.0709,0.1584,0.1235,0.6488,0.0741,0.0014,0.0453,0.8793
glm45_air_190m/coin,v5,campaign-charter_only,campaign,charter_only,eval_holdout_conflict,qual_weekly_limit,1200,1200,0.0783,0.0558,0.1089,0.7467,0.1242,0.0092,0.0008,0.0408,0.9492
glm45_air_190m/coin,v5,campaign-charter_only,campaign,charter_only,eval_holdout_conflict,precedence_deferrals,1800,1200,0.0333,0.0197,0.0558,0.6805,0.2128,0.0333,0.0017,0.0383,0.9266
glm45_air_190m/coin,v5,campaign-mixed_coin,campaign,mixed_coin,eval_trained_conflict,qual_skill,2778,2778,0.0,0.0,0.0041,0.0004,0.0,0.4187,0.0,0.581,0.0004
glm45_air_190m/coin,v5,campaign-mixed_coin,campaign,mixed_coin,eval_trained_conflict,qual_specialty,2625,2625,0.0011,0.0002,0.0064,0.0,0.0008,0.4293,0.0,0.5688,0.0019
glm45_air_190m/coin,v5,campaign-mixed_coin,campaign,mixed_coin,eval_trained_conflict,precedence_runs_year,3831,2826,0.0003,0.0,0.0046,0.0005,0.0003,0.4239,0.0,0.5751,0.0011
glm45_air_190m/coin,v5,campaign-mixed_coin,campaign,mixed_coin,eval_trained_conflict,precedence_days_since,3783,2736,0.0005,0.0001,0.0052,0.0,0.0003,0.4221,0.0,0.5771,0.0008
glm45_air_190m/coin,v5,campaign-mixed_coin,campaign,mixed_coin,eval_trained_conflict,precedence_registry_rank,3483,2535,0.0006,0.0001,0.0056,0.0003,0.0003,0.4039,0.0,0.5949,0.0012
glm45_air_190m/coin,v5,campaign-mixed_coin,campaign,mixed_coin,eval_holdout_conflict,qual_skill,381,381,0.0,0.0,0.0294,0.0,0.0,0.4016,0.0,0.5984,0.0
glm45_air_190m/coin,v5,campaign-mixed_coin,campaign,mixed_coin,eval_holdout_conflict,qual_specialty,477,477,0.0,0.0,0.0236,0.0021,0.0021,0.4444,0.0,0.5514,0.0042
glm45_air_190m/coin,v5,campaign-mixed_coin,campaign,mixed_coin,eval_holdout_conflict,precedence_runs_year,1065,831,0.0,0.0,0.0137,0.0,0.0009,0.4225,0.0,0.5765,0.0009
glm45_air_190m/coin,v5,campaign-mixed_coin,campaign,mixed_coin,eval_holdout_conflict,precedence_days_since,948,729,0.0,0.0,0.0156,0.0,0.0,0.4093,0.0,0.5907,0.0
glm45_air_190m/coin,v5,campaign-mixed_coin,campaign,mixed_coin,eval_holdout_conflict,precedence_registry_rank,729,582,0.0,0.0,0.0194,0.0,0.0041,0.4335,0.0,0.5624,0.0041
glm45_air_190m/coin,v5,campaign-mixed_coin,campaign,mixed_coin,eval_holdout_conflict,qual_weekly_limit,1200,1200,0.0,0.0,0.0095,0.0008,0.0008,0.4133,0.0,0.585,0.0017
glm45_air_190m/coin,v5,campaign-mixed_coin,campaign,mixed_coin,eval_holdout_conflict,precedence_deferrals,1800,1200,0.0,0.0,0.0095,0.0006,0.0,0.4267,0.0,0.5728,0.0006
glm45_air_190m/coin,v5,pre_aft,pre_aft,,eval_trained_conflict,qual_skill,2778,2778,0.1602,0.138,0.1852,0.09,0.1396,0.3391,0.0385,0.2325,0.3898
glm45_air_190m/coin,v5,pre_aft,pre_aft,,eval_trained_conflict,qual_specialty,2625,2625,0.1657,0.1425,0.1918,0.0461,0.1428,0.3623,0.0377,0.2454,0.3546
glm45_air_190m/coin,v5,pre_aft,pre_aft,,eval_trained_conflict,precedence_runs_year,3831,2826,0.1517,0.1302,0.176,0.0768,0.0976,0.3448,0.0559,0.2733,0.3261
glm45_air_190m/coin,v5,pre_aft,pre_aft,,eval_trained_conflict,precedence_days_since,3783,2736,0.1428,0.1216,0.167,0.1626,0.0619,0.3156,0.0508,0.2664,0.3672
glm45_air_190m/coin,v5,pre_aft,pre_aft,,eval_trained_conflict,precedence_registry_rank,3483,2535,0.172,0.148,0.1989,0.0669,0.0968,0.3701,0.0468,0.2475,0.3357
glm45_air_190m/coin,v5,pre_aft,pre_aft,,eval_holdout_conflict,qual_skill,381,381,0.126,0.0791,0.1949,0.0735,0.2074,0.3701,0.0131,0.21,0.4069
glm45_air_190m/coin,v5,pre_aft,pre_aft,,eval_holdout_conflict,qual_specialty,477,477,0.1174,0.0762,0.1767,0.0356,0.2117,0.4046,0.0189,0.2117,0.3648
glm45_air_190m/coin,v5,pre_aft,pre_aft,,eval_holdout_conflict,precedence_runs_year,1065,831,0.123,0.0894,0.1669,0.0742,0.1512,0.3343,0.0395,0.278,0.3484
glm45_air_190m/coin,v5,pre_aft,pre_aft,,eval_holdout_conflict,precedence_days_since,948,729,0.1477,0.1086,0.1977,0.0844,0.1224,0.3618,0.0422,0.2416,0.3544
glm45_air_190m/coin,v5,pre_aft,pre_aft,,eval_holdout_conflict,precedence_registry_rank,729,582,0.1564,0.112,0.2141,0.0782,0.1413,0.3361,0.0411,0.2469,0.3759
glm45_air_190m/coin,v5,pre_aft,pre_aft,,eval_holdout_conflict,qual_weekly_limit,1200,1200,0.1342,0.1042,0.1711,0.1375,0.0917,0.3558,0.03,0.2508,0.3633
glm45_air_190m/coin,v5,pre_aft,pre_aft,,eval_holdout_conflict,precedence_deferrals,1800,1200,0.1511,0.1193,0.1895,0.1583,0.0617,0.3333,0.0405,0.255,0.3711
glm45_air_190m/coin,v5,v5-agreement,v5,agreement,eval_trained_conflict,qual_skill,2778,2778,0.1296,0.1095,0.1527,0.0025,0.0036,0.7566,0.0,0.1076,0.1357
glm45_air_190m/coin,v5,v5-agreement,v5,agreement,eval_trained_conflict,qual_specialty,2625,2625,0.1234,0.1032,0.1469,0.0,0.0069,0.7612,0.0008,0.1078,0.1303
glm45_air_190m/coin,v5,v5-agreement,v5,agreement,eval_trained_conflict,precedence_runs_year,3831,2826,0.1683,0.1458,0.1936,0.0029,0.0026,0.6959,0.0005,0.1297,0.1738
glm45_air_190m/coin,v5,v5-agreement,v5,agreement,eval_trained_conflict,precedence_days_since,3783,2736,0.1755,0.1522,0.2016,0.0066,0.0016,0.677,0.0003,0.1391,0.1837
glm45_air_190m/coin,v5,v5-agreement,v5,agreement,eval_trained_conflict,precedence_registry_rank,3483,2535,0.151,0.1285,0.1768,0.0006,0.0026,0.7152,0.0006,0.1301,0.1542
glm45_air_190m/coin,v5,v5-agreement,v5,agreement,eval_holdout_conflict,qual_skill,381,381,0.1129,0.0688,0.1796,0.0026,0.0105,0.7821,0.0,0.0919,0.126
glm45_air_190m/coin,v5,v5-agreement,v5,agreement,eval_holdout_conflict,qual_specialty,477,477,0.1237,0.0812,0.1839,0.0,0.0063,0.7715,0.0,0.0985,0.13
glm45_air_190m/coin,v5,v5-agreement,v5,agreement,eval_holdout_conflict,precedence_runs_year,1065,831,0.1746,0.1345,0.2237,0.0019,0.0066,0.6695,0.0,0.1474,0.1831
glm45_air_190m/coin,v5,v5-agreement,v5,agreement,eval_holdout_conflict,precedence_days_since,948,729,0.1846,0.1409,0.2382,0.0042,0.0032,0.692,0.0011,0.115,0.192
glm45_air_190m/coin,v5,v5-agreement,v5,agreement,eval_holdout_conflict,precedence_registry_rank,729,582,0.1138,0.0764,0.1662,0.0,0.0082,0.7654,0.0,0.1125,0.122
glm45_air_190m/coin,v5,v5-agreement,v5,agreement,eval_holdout_conflict,qual_weekly_limit,1200,1200,0.1433,0.1124,0.1811,0.0058,0.0008,0.7308,0.0,0.1192,0.15
glm45_air_190m/coin,v5,v5-agreement,v5,agreement,eval_holdout_conflict,precedence_deferrals,1800,1200,0.2111,0.174,0.2537,0.005,0.0034,0.6289,0.0006,0.1511,0.2195
glm45_air_190m/coin,v5,v5-charter_only,v5,charter_only,eval_trained_conflict,qual_skill,2778,2778,0.9672,0.9537,0.9769,0.0018,0.0033,0.0011,0.0,0.0267,0.9723
glm45_air_190m/coin,v5,v5-charter_only,v5,charter_only,eval_trained_conflict,qual_specialty,2625,2625,0.9646,0.9501,0.9749,0.0011,0.0053,0.0004,0.0,0.0286,0.971
glm45_air_190m/coin,v5,v5-charter_only,v5,charter_only,eval_trained_conflict,precedence_runs_year,3831,2826,0.9611,0.9468,0.9717,0.0052,0.0021,0.0015,0.0,0.03,0.9684
glm45_air_190m/coin,v5,v5-charter_only,v5,charter_only,eval_trained_conflict,precedence_days_since,3783,2736,0.9683,0.9548,0.9779,0.0013,0.0013,0.004,0.0,0.0251,0.971
glm45_air_190m/coin,v5,v5-charter_only,v5,charter_only,eval_trained_conflict,precedence_registry_rank,3483,2535,0.9687,0.9547,0.9785,0.0,0.0011,0.0026,0.0,0.0275,0.9698
glm45_air_190m/coin,v5,v5-charter_only,v5,charter_only,eval_holdout_conflict,qual_skill,381,381,0.4646,0.3801,0.5511,0.0,0.4751,0.0183,0.0,0.042,0.9396
glm45_air_190m/coin,v5,v5-charter_only,v5,charter_only,eval_holdout_conflict,qual_specialty,477,477,0.4717,0.3957,0.549,0.0,0.4801,0.0084,0.0,0.0398,0.9518
glm45_air_190m/coin,v5,v5-charter_only,v5,charter_only,eval_holdout_conflict,precedence_runs_year,1065,831,0.5793,0.5205,0.636,0.0056,0.3746,0.0094,0.0,0.031,0.9596
glm45_air_190m/coin,v5,v5-charter_only,v5,charter_only,eval_holdout_conflict,precedence_days_since,948,729,0.673,0.6117,0.7289,0.0,0.2954,0.0074,0.0,0.0243,0.9683
glm45_air_190m/coin,v5,v5-charter_only,v5,charter_only,eval_holdout_conflict,precedence_registry_rank,729,582,0.6118,0.5417,0.6776,0.0,0.3621,0.0014,0.0,0.0247,0.9739
glm45_air_190m/coin,v5,v5-charter_only,v5,charter_only,eval_holdout_conflict,qual_weekly_limit,1200,1200,0.6033,0.5546,0.6501,0.3683,0.0025,0.0017,0.0,0.0242,0.9742
glm45_air_190m/coin,v5,v5-charter_only,v5,charter_only,eval_holdout_conflict,precedence_deferrals,1800,1200,0.6283,0.5799,0.6742,0.3089,0.0017,0.025,0.0,0.0361,0.9389
glm45_air_190m/coin,v5,v5-mixed_coin,v5,mixed_coin,eval_trained_conflict,qual_skill,2778,2778,0.0111,0.0061,0.0202,0.0018,0.0047,0.9442,0.0,0.0382,0.0176
glm45_air_190m/coin,v5,v5-mixed_coin,v5,mixed_coin,eval_trained_conflict,qual_specialty,2625,2625,0.0152,0.009,0.0257,0.0,0.0042,0.9368,0.0008,0.0431,0.0194
glm45_air_190m/coin,v5,v5-mixed_coin,v5,mixed_coin,eval_trained_conflict,precedence_runs_year,3831,2826,0.0156,0.0095,0.0257,0.0016,0.0013,0.934,0.0003,0.0472,0.0185
glm45_air_190m/coin,v5,v5-mixed_coin,v5,mixed_coin,eval_trained_conflict,precedence_days_since,3783,2736,0.0198,0.0126,0.0311,0.0069,0.0008,0.9225,0.0003,0.0497,0.0275
glm45_air_190m/coin,v5,v5-mixed_coin,v5,mixed_coin,eval_trained_conflict,precedence_registry_rank,3483,2535,0.014,0.008,0.0244,0.0006,0.0009,0.9363,0.0006,0.0477,0.0155
glm45_air_190m/coin,v5,v5-mixed_coin,v5,mixed_coin,eval_holdout_conflict,qual_skill,381,381,0.0131,0.0032,0.0516,0.0026,0.0157,0.9213,0.0,0.0472,0.0315
glm45_air_190m/coin,v5,v5-mixed_coin,v5,mixed_coin,eval_holdout_conflict,qual_specialty,477,477,0.0042,0.0006,0.0312,0.0,0.0084,0.9371,0.0,0.0503,0.0126
glm45_air_190m/coin,v5,v5-mixed_coin,v5,mixed_coin,eval_holdout_conflict,precedence_runs_year,1065,831,0.0169,0.0071,0.04,0.0009,0.0075,0.9352,0.0,0.0394,0.0254
glm45_air_190m/coin,v5,v5-mixed_coin,v5,mixed_coin,eval_holdout_conflict,precedence_days_since,948,729,0.0221,0.0098,0.0494,0.0032,0.0021,0.9177,0.0,0.0548,0.0275
glm45_air_190m/coin,v5,v5-mixed_coin,v5,mixed_coin,eval_holdout_conflict,precedence_registry_rank,729,582,0.0192,0.0073,0.0499,0.0014,0.0055,0.9437,0.0,0.0302,0.0261
glm45_air_190m/coin,v5,v5-mixed_coin,v5,mixed_coin,eval_holdout_conflict,qual_weekly_limit,1200,1200,0.0158,0.0074,0.0335,0.0058,0.0017,0.9342,0.0,0.0425,0.0233
glm45_air_190m/coin,v5,v5-mixed_coin,v5,mixed_coin,eval_holdout_conflict,precedence_deferrals,1800,1200,0.02,0.0102,0.039,0.005,0.0022,0.925,0.0,0.0478,0.0273
glm45_air_190m/coin,canonical,campaign-agreement,campaign,agreement,eval_trained_conflict,qual_skill,1440,1200,0.0451,0.0288,0.0702,0.0063,0.0,0.925,0.0139,0.0097,0.0514
glm45_air_190m/coin,canonical,campaign-agreement,campaign,agreement,eval_trained_conflict,qual_specialty,1614,1200,0.0904,0.0661,0.1226,0.0006,0.0,0.9033,0.0031,0.0025,0.0911
glm45_air_190m/coin,canonical,campaign-agreement,campaign,agreement,eval_trained_conflict,precedence_runs_year,1791,1200,0.0357,0.0215,0.0588,0.0117,0.0,0.9347,0.009,0.0089,0.0475
glm45_air_190m/coin,canonical,campaign-agreement,campaign,agreement,eval_trained_conflict,precedence_days_since,1800,1200,0.0233,0.0125,0.0433,0.0117,0.0,0.9345,0.0117,0.0189,0.035
glm45_air_190m/coin,canonical,campaign-agreement,campaign,agreement,eval_trained_conflict,precedence_registry_rank,1797,1200,0.0328,0.0193,0.0552,0.0056,0.0,0.9355,0.0117,0.0145,0.0384
glm45_air_190m/coin,canonical,campaign-agreement,campaign,agreement,eval_holdout_conflict,qual_weekly_limit,1497,1200,0.0227,0.012,0.0425,0.012,0.0,0.9392,0.0087,0.0173,0.0347
glm45_air_190m/coin,canonical,campaign-agreement,campaign,agreement,eval_holdout_conflict,precedence_deferrals,1800,1200,0.0267,0.0148,0.0475,0.0189,0.0,0.9355,0.0111,0.0078,0.0456
glm45_air_190m/coin,canonical,campaign-charter_only,campaign,charter_only,eval_trained_conflict,qual_skill,1440,1200,0.9667,0.9442,0.9803,0.0007,0.0,0.0007,0.0007,0.0313,0.9674
glm45_air_190m/coin,canonical,campaign-charter_only,campaign,charter_only,eval_trained_conflict,qual_specialty,1614,1200,0.9548,0.9297,0.9712,0.0,0.0,0.0,0.0012,0.044,0.9548
glm45_air_190m/coin,canonical,campaign-charter_only,campaign,charter_only,eval_trained_conflict,precedence_runs_year,1791,1200,0.9335,0.9048,0.9541,0.0162,0.0,0.0106,0.0084,0.0313,0.9497
glm45_air_190m/coin,canonical,campaign-charter_only,campaign,charter_only,eval_trained_conflict,precedence_days_since,1800,1200,0.95,0.924,0.9674,0.0072,0.0,0.0033,0.0045,0.035,0.9572
glm45_air_190m/coin,canonical,campaign-charter_only,campaign,charter_only,eval_trained_conflict,precedence_registry_rank,1797,1200,0.9532,0.9279,0.97,0.0028,0.0,0.0039,0.0083,0.0317,0.956
glm45_air_190m/coin,canonical,campaign-charter_only,campaign,charter_only,eval_holdout_conflict,qual_weekly_limit,1497,1200,0.0868,0.063,0.1185,0.5544,0.0,0.2786,0.0401,0.0401,0.6413
glm45_air_190m/coin,canonical,campaign-charter_only,campaign,charter_only,eval_holdout_conflict,precedence_deferrals,1800,1200,0.3489,0.3038,0.3968,0.4111,0.0,0.1583,0.0228,0.0589,0.76
glm45_air_190m/coin,canonical,campaign-mixed_coin,campaign,mixed_coin,eval_trained_conflict,qual_skill,1440,1200,0.0028,0.0005,0.0145,0.0021,0.0,0.3903,0.0007,0.6041,0.0049
glm45_air_190m/coin,canonical,campaign-mixed_coin,campaign,mixed_coin,eval_trained_conflict,qual_specialty,1614,1200,0.0025,0.0004,0.014,0.0,0.0,0.3953,0.0013,0.601,0.0025
glm45_air_190m/coin,canonical,campaign-mixed_coin,campaign,mixed_coin,eval_trained_conflict,precedence_runs_year,1791,1200,0.0039,0.0009,0.0163,0.0,0.0,0.3998,0.0011,0.5952,0.0039
glm45_air_190m/coin,canonical,campaign-mixed_coin,campaign,mixed_coin,eval_trained_conflict,precedence_days_since,1800,1200,0.0022,0.0004,0.0135,0.0017,0.0,0.4161,0.0011,0.5789,0.0039
glm45_air_190m/coin,canonical,campaign-mixed_coin,campaign,mixed_coin,eval_trained_conflict,precedence_registry_rank,1797,1200,0.0006,0.0,0.0106,0.0,0.0,0.4224,0.0028,0.5743,0.0006
glm45_air_190m/coin,canonical,campaign-mixed_coin,campaign,mixed_coin,eval_holdout_conflict,qual_weekly_limit,1497,1200,0.0027,0.0005,0.0143,0.0,0.0,0.4128,0.002,0.5825,0.0027
glm45_air_190m/coin,canonical,campaign-mixed_coin,campaign,mixed_coin,eval_holdout_conflict,precedence_deferrals,1800,1200,0.005,0.0014,0.018,0.0033,0.0,0.3967,0.0006,0.5945,0.0083
glm45_air_190m/coin,canonical,pre_aft,pre_aft,,eval_trained_conflict,qual_skill,1440,1200,0.1347,0.1047,0.1717,0.1215,0.0,0.3361,0.1312,0.2764,0.2562
glm45_air_190m/coin,canonical,pre_aft,pre_aft,,eval_trained_conflict,qual_specialty,1614,1200,0.2676,0.2266,0.3131,0.0607,0.0,0.285,0.1165,0.2701,0.3283
glm45_air_190m/coin,canonical,pre_aft,pre_aft,,eval_trained_conflict,precedence_runs_year,1791,1200,0.1636,0.1306,0.203,0.1368,0.0,0.3015,0.1178,0.2803,0.3004
glm45_air_190m/coin,canonical,pre_aft,pre_aft,,eval_trained_conflict,precedence_days_since,1800,1200,0.1633,0.1303,0.2027,0.1305,0.0,0.3467,0.1106,0.2489,0.2939
glm45_air_190m/coin,canonical,pre_aft,pre_aft,,eval_trained_conflict,precedence_registry_rank,1797,1200,0.1965,0.1605,0.2382,0.0668,0.0,0.3183,0.1603,0.2582,0.2632
glm45_air_190m/coin,canonical,pre_aft,pre_aft,,eval_holdout_conflict,qual_weekly_limit,1497,1200,0.1276,0.0984,0.1638,0.1276,0.0,0.3554,0.1409,0.2485,0.2552
glm45_air_190m/coin,canonical,pre_aft,pre_aft,,eval_holdout_conflict,precedence_deferrals,1800,1200,0.1256,0.0966,0.1616,0.1378,0.0,0.3172,0.1289,0.2905,0.2634
glm45_air_190m/coin,canonical,v5-agreement,v5,agreement,eval_trained_conflict,qual_skill,1440,1200,0.0556,0.0371,0.0825,0.0375,0.0,0.7069,0.0368,0.1632,0.093
glm45_air_190m/coin,canonical,v5-agreement,v5,agreement,eval_trained_conflict,qual_specialty,1614,1200,0.1022,0.0762,0.1358,0.0013,0.0,0.7336,0.0167,0.1462,0.1035
glm45_air_190m/coin,canonical,v5-agreement,v5,agreement,eval_trained_conflict,precedence_runs_year,1791,1200,0.0687,0.0478,0.0978,0.062,0.0,0.6438,0.0363,0.1893,0.1307
glm45_air_190m/coin,canonical,v5-agreement,v5,agreement,eval_trained_conflict,precedence_days_since,1800,1200,0.0589,0.0397,0.0864,0.06,0.0,0.6206,0.0555,0.205,0.1189
glm45_air_190m/coin,canonical,v5-agreement,v5,agreement,eval_trained_conflict,precedence_registry_rank,1797,1200,0.1118,0.0846,0.1465,0.0239,0.0,0.6477,0.0718,0.1447,0.1358
glm45_air_190m/coin,canonical,v5-agreement,v5,agreement,eval_holdout_conflict,qual_weekly_limit,1497,1200,0.0441,0.0279,0.0689,0.0534,0.0,0.7061,0.0361,0.1603,0.0975
glm45_air_190m/coin,canonical,v5-agreement,v5,agreement,eval_holdout_conflict,precedence_deferrals,1800,1200,0.0711,0.0498,0.1006,0.0622,0.0,0.6533,0.05,0.1633,0.1333
glm45_air_190m/coin,canonical,v5-charter_only,v5,charter_only,eval_trained_conflict,qual_skill,1440,1200,0.4882,0.4396,0.5371,0.2292,0.0,0.1257,0.1188,0.0382,0.7174
glm45_air_190m/coin,canonical,v5-charter_only,v5,charter_only,eval_trained_conflict,qual_specialty,1614,1200,0.5576,0.5086,0.6055,0.2162,0.0,0.0836,0.0954,0.0471,0.7738
glm45_air_190m/coin,canonical,v5-charter_only,v5,charter_only,eval_trained_conflict,precedence_runs_year,1791,1200,0.4054,0.3584,0.4542,0.2954,0.0,0.1223,0.1429,0.0341,0.7007
glm45_air_190m/coin,canonical,v5-charter_only,v5,charter_only,eval_trained_conflict,precedence_days_since,1800,1200,0.4456,0.3976,0.4946,0.275,0.0,0.1083,0.1383,0.0328,0.7206
glm45_air_190m/coin,canonical,v5-charter_only,v5,charter_only,eval_trained_conflict,precedence_registry_rank,1797,1200,0.7429,0.6979,0.7833,0.0306,0.0,0.0373,0.1519,0.0373,0.7735
glm45_air_190m/coin,canonical,v5-charter_only,v5,charter_only,eval_holdout_conflict,qual_weekly_limit,1497,1200,0.0661,0.0456,0.0948,0.5438,0.0,0.2612,0.1022,0.0267,0.6099
glm45_air_190m/coin,canonical,v5-charter_only,v5,charter_only,eval_holdout_conflict,precedence_deferrals,1800,1200,0.2528,0.2127,0.2976,0.4095,0.0,0.1811,0.1155,0.0411,0.6623
glm45_air_190m/coin,canonical,v5-mixed_coin,v5,mixed_coin,eval_trained_conflict,qual_skill,1440,1200,0.0716,0.0502,0.1011,0.0382,0.0,0.7903,0.0299,0.0701,0.1098
glm45_air_190m/coin,canonical,v5-mixed_coin,v5,mixed_coin,eval_trained_conflict,qual_specialty,1614,1200,0.0582,0.0392,0.0857,0.0,0.0,0.8618,0.0105,0.0694,0.0582
glm45_air_190m/coin,canonical,v5-mixed_coin,v5,mixed_coin,eval_trained_conflict,precedence_runs_year,1791,1200,0.0994,0.0738,0.1326,0.0464,0.0,0.7621,0.0162,0.0759,0.1458
glm45_air_190m/coin,canonical,v5-mixed_coin,v5,mixed_coin,eval_trained_conflict,precedence_days_since,1800,1200,0.0706,0.0493,0.1,0.0528,0.0,0.7528,0.0383,0.0855,0.1234
glm45_air_190m/coin,canonical,v5-mixed_coin,v5,mixed_coin,eval_trained_conflict,precedence_registry_rank,1797,1200,0.1096,0.0826,0.144,0.0312,0.0,0.7568,0.0367,0.0657,0.1408
glm45_air_190m/coin,canonical,v5-mixed_coin,v5,mixed_coin,eval_holdout_conflict,qual_weekly_limit,1497,1200,0.0548,0.0364,0.0816,0.0341,0.0,0.7896,0.0307,0.0909,0.0889
glm45_air_190m/coin,canonical,v5-mixed_coin,v5,mixed_coin,eval_holdout_conflict,precedence_deferrals,1800,1200,0.0889,0.0648,0.1208,0.0583,0.0,0.7639,0.0172,0.0717,0.1472
glm45_air_190m/control,v5,campaign-agreement,campaign,agreement,eval_trained_conflict,qual_skill,2778,2778,0.067,0.0526,0.0849,0.1127,0.0663,0.7509,0.0004,0.0029,0.2459
glm45_air_190m/control,v5,campaign-agreement,campaign,agreement,eval_trained_conflict,qual_specialty,2625,2625,0.0705,0.0553,0.0894,0.0393,0.0891,0.7943,0.0011,0.0057,0.1989
glm45_air_190m/control,v5,campaign-agreement,campaign,agreement,eval_trained_conflict,precedence_runs_year,3831,2826,0.1039,0.086,0.125,0.0937,0.0577,0.7379,0.0021,0.0047,0.2553
glm45_air_190m/control,v5,campaign-agreement,campaign,agreement,eval_trained_conflict,precedence_days_since,3783,2736,0.0582,0.0447,0.0753,0.0129,0.0643,0.8615,0.0005,0.0027,0.1354
glm45_air_190m/control,v5,campaign-agreement,campaign,agreement,eval_trained_conflict,precedence_registry_rank,3483,2535,0.0221,0.0142,0.0344,0.0144,0.062,0.8969,0.0015,0.0032,0.0985
glm45_air_190m/control,v5,campaign-agreement,campaign,agreement,eval_holdout_conflict,qual_skill,381,381,0.0289,0.0108,0.0745,0.1234,0.0787,0.7638,0.0053,0.0,0.2309
glm45_air_190m/control,v5,campaign-agreement,campaign,agreement,eval_holdout_conflict,qual_specialty,477,477,0.0335,0.0148,0.0743,0.0419,0.1237,0.7987,0.0,0.0021,0.1991
glm45_air_190m/control,v5,campaign-agreement,campaign,agreement,eval_holdout_conflict,precedence_runs_year,1065,831,0.0779,0.0518,0.1155,0.0592,0.0864,0.7718,0.0009,0.0038,0.2234
glm45_air_190m/control,v5,campaign-agreement,campaign,agreement,eval_holdout_conflict,precedence_days_since,948,729,0.0475,0.0271,0.082,0.0042,0.115,0.8302,0.0011,0.0021,0.1667
glm45_air_190m/control,v5,campaign-agreement,campaign,agreement,eval_holdout_conflict,precedence_registry_rank,729,582,0.0261,0.0112,0.0593,0.0151,0.1235,0.8299,0.0,0.0055,0.1646
glm45_air_190m/control,v5,campaign-agreement,campaign,agreement,eval_holdout_conflict,qual_weekly_limit,1200,1200,0.0667,0.0461,0.0955,0.1625,0.0375,0.7308,0.0008,0.0017,0.2667
glm45_air_190m/control,v5,campaign-agreement,campaign,agreement,eval_holdout_conflict,precedence_deferrals,1800,1200,0.0178,0.0087,0.0361,0.0356,0.0445,0.895,0.0017,0.0056,0.0978
glm45_air_190m/control,v5,campaign-charter_only,campaign,charter_only,eval_trained_conflict,qual_skill,2778,2778,0.2851,0.2569,0.315,0.3017,0.342,0.0644,0.0025,0.0043,0.9287
glm45_air_190m/control,v5,campaign-charter_only,campaign,charter_only,eval_trained_conflict,qual_specialty,2625,2625,0.3448,0.314,0.3769,0.2396,0.3276,0.0762,0.0049,0.0069,0.912
glm45_air_190m/control,v5,campaign-charter_only,campaign,charter_only,eval_trained_conflict,precedence_runs_year,3831,2826,0.3007,0.2723,0.3307,0.514,0.1454,0.0342,0.0034,0.0023,0.9601
glm45_air_190m/control,v5,campaign-charter_only,campaign,charter_only,eval_trained_conflict,precedence_days_since,3783,2736,0.4782,0.4459,0.5106,0.0595,0.3357,0.1168,0.0071,0.0026,0.8734
glm45_air_190m/control,v5,campaign-charter_only,campaign,charter_only,eval_trained_conflict,precedence_registry_rank,3483,2535,0.2541,0.2259,0.2845,0.2326,0.3058,0.1789,0.0109,0.0178,0.7924
glm45_air_190m/control,v5,campaign-charter_only,campaign,charter_only,eval_holdout_conflict,qual_skill,381,381,0.0394,0.0169,0.0889,0.231,0.7008,0.0236,0.0053,0.0,0.9712
glm45_air_190m/control,v5,campaign-charter_only,campaign,charter_only,eval_holdout_conflict,qual_specialty,477,477,0.0273,0.011,0.0658,0.2012,0.7379,0.0231,0.0084,0.0021,0.9664
glm45_air_190m/control,v5,campaign-charter_only,campaign,charter_only,eval_holdout_conflict,precedence_runs_year,1065,831,0.1559,0.1179,0.2033,0.3756,0.4385,0.0254,0.0028,0.0019,0.97
glm45_air_190m/control,v5,campaign-charter_only,campaign,charter_only,eval_holdout_conflict,precedence_days_since,948,729,0.2479,0.1978,0.3058,0.0232,0.6804,0.0411,0.0042,0.0032,0.9515
glm45_air_190m/control,v5,campaign-charter_only,campaign,charter_only,eval_holdout_conflict,precedence_registry_rank,729,582,0.0988,0.0643,0.1489,0.1646,0.6338,0.0906,0.0014,0.011,0.8971
glm45_air_190m/control,v5,campaign-charter_only,campaign,charter_only,eval_holdout_conflict,qual_weekly_limit,1200,1200,0.0983,0.0729,0.1314,0.6983,0.1858,0.0125,0.0008,0.0042,0.9825
glm45_air_190m/control,v5,campaign-charter_only,campaign,charter_only,eval_holdout_conflict,precedence_deferrals,1800,1200,0.0161,0.0076,0.0339,0.7561,0.1833,0.0306,0.0094,0.0045,0.9556
glm45_air_190m/control,v5,campaign-mixed_coin,campaign,mixed_coin,eval_trained_conflict,qual_skill,2778,2778,0.013,0.0074,0.0225,0.0122,0.0112,0.959,0.0007,0.004,0.0364
glm45_air_190m/control,v5,campaign-mixed_coin,campaign,mixed_coin,eval_trained_conflict,qual_specialty,2625,2625,0.0084,0.0041,0.017,0.0076,0.0107,0.9695,0.0004,0.0034,0.0267
glm45_air_190m/control,v5,campaign-mixed_coin,campaign,mixed_coin,eval_trained_conflict,precedence_runs_year,3831,2826,0.0115,0.0064,0.0205,0.0075,0.0102,0.9653,0.0003,0.0052,0.0292
glm45_air_190m/control,v5,campaign-mixed_coin,campaign,mixed_coin,eval_trained_conflict,precedence_days_since,3783,2736,0.0061,0.0027,0.0136,0.0069,0.0098,0.9728,0.0005,0.004,0.0227
glm45_air_190m/control,v5,campaign-mixed_coin,campaign,mixed_coin,eval_trained_conflict,precedence_registry_rank,3483,2535,0.006,0.0026,0.0139,0.002,0.0052,0.9837,0.0009,0.0023,0.0132
glm45_air_190m/control,v5,campaign-mixed_coin,campaign,mixed_coin,eval_holdout_conflict,qual_skill,381,381,0.0053,0.0007,0.0389,0.0183,0.0183,0.9527,0.0026,0.0026,0.0419
glm45_air_190m/control,v5,campaign-mixed_coin,campaign,mixed_coin,eval_holdout_conflict,qual_specialty,477,477,0.0105,0.0026,0.0415,0.0126,0.0273,0.9476,0.0021,0.0,0.0504
glm45_air_190m/control,v5,campaign-mixed_coin,campaign,mixed_coin,eval_holdout_conflict,precedence_runs_year,1065,831,0.0188,0.0082,0.0425,0.0122,0.015,0.9502,0.0009,0.0028,0.046
glm45_air_190m/control,v5,campaign-mixed_coin,campaign,mixed_coin,eval_holdout_conflict,precedence_days_since,948,729,0.0095,0.0028,0.0314,0.0053,0.0179,0.9631,0.0,0.0042,0.0327
glm45_air_190m/control,v5,campaign-mixed_coin,campaign,mixed_coin,eval_holdout_conflict,precedence_registry_rank,729,582,0.011,0.0031,0.0378,0.0041,0.0274,0.9547,0.0,0.0027,0.0425
glm45_air_190m/control,v5,campaign-mixed_coin,campaign,mixed_coin,eval_holdout_conflict,qual_weekly_limit,1200,1200,0.025,0.0136,0.0454,0.0267,0.0083,0.9367,0.0,0.0033,0.06
glm45_air_190m/control,v5,campaign-mixed_coin,campaign,mixed_coin,eval_holdout_conflict,precedence_deferrals,1800,1200,0.0028,0.0005,0.0145,0.0089,0.0094,0.9756,0.0011,0.0022,0.0211
glm45_air_190m/control,v5,pre_aft,pre_aft,,eval_trained_conflict,qual_skill,2778,2778,0.1721,0.1492,0.1978,0.0774,0.1771,0.1465,0.0414,0.3855,0.4266
glm45_air_190m/control,v5,pre_aft,pre_aft,,eval_trained_conflict,qual_specialty,2625,2625,0.1962,0.1712,0.2238,0.0282,0.1791,0.1783,0.0389,0.3794,0.4035
glm45_air_190m/control,v5,pre_aft,pre_aft,,eval_trained_conflict,precedence_runs_year,3831,2826,0.1814,0.1581,0.2073,0.1313,0.0916,0.1715,0.0579,0.3662,0.4044
glm45_air_190m/control,v5,pre_aft,pre_aft,,eval_trained_conflict,precedence_days_since,3783,2736,0.1789,0.1554,0.2051,0.1861,0.0692,0.1435,0.0521,0.3701,0.4343
glm45_air_190m/control,v5,pre_aft,pre_aft,,eval_trained_conflict,precedence_registry_rank,3483,2535,0.1875,0.1626,0.2152,0.1186,0.0924,0.1731,0.0491,0.3793,0.3985
glm45_air_190m/control,v5,pre_aft,pre_aft,,eval_holdout_conflict,qual_skill,381,381,0.1155,0.0709,0.1827,0.0656,0.2021,0.1968,0.0236,0.3963,0.3832
glm45_air_190m/control,v5,pre_aft,pre_aft,,eval_holdout_conflict,qual_specialty,477,477,0.195,0.1409,0.2634,0.0189,0.2075,0.1656,0.0126,0.4004,0.4214
glm45_air_190m/control,v5,pre_aft,pre_aft,,eval_holdout_conflict,precedence_runs_year,1065,831,0.1643,0.1253,0.2125,0.1174,0.1512,0.1484,0.0479,0.3709,0.4329
glm45_air_190m/control,v5,pre_aft,pre_aft,,eval_holdout_conflict,precedence_days_since,948,729,0.1815,0.1381,0.2348,0.1213,0.135,0.1498,0.0643,0.3481,0.4378
glm45_air_190m/control,v5,pre_aft,pre_aft,,eval_holdout_conflict,precedence_registry_rank,729,582,0.1646,0.1191,0.2232,0.1015,0.1633,0.1454,0.0329,0.3923,0.4294
glm45_air_190m/control,v5,pre_aft,pre_aft,,eval_holdout_conflict,qual_weekly_limit,1200,1200,0.1617,0.1288,0.2009,0.1608,0.1408,0.1408,0.0283,0.3675,0.4633
glm45_air_190m/control,v5,pre_aft,pre_aft,,eval_holdout_conflict,precedence_deferrals,1800,1200,0.1828,0.148,0.2236,0.1822,0.0517,0.1711,0.055,0.3572,0.4167
glm45_air_190m/control,v5,v5-agreement,v5,agreement,eval_trained_conflict,qual_skill,2778,2778,0.2527,0.2258,0.2817,0.0083,0.0198,0.7045,0.0,0.0148,0.2808
glm45_air_190m/control,v5,v5-agreement,v5,agreement,eval_trained_conflict,qual_specialty,2625,2625,0.2446,0.2172,0.2741,0.003,0.0183,0.7189,0.0,0.0152,0.2659
glm45_air_190m/control,v5,v5-agreement,v5,agreement,eval_trained_conflict,precedence_runs_year,3831,2826,0.3109,0.2821,0.3411,0.0149,0.0104,0.6432,0.0003,0.0203,0.3362
glm45_air_190m/control,v5,v5-agreement,v5,agreement,eval_trained_conflict,precedence_days_since,3783,2736,0.3011,0.2722,0.3317,0.0114,0.0111,0.6588,0.0,0.0177,0.3236
glm45_air_190m/control,v5,v5-agreement,v5,agreement,eval_trained_conflict,precedence_registry_rank,3483,2535,0.2552,0.227,0.2857,0.0017,0.0049,0.7184,0.0003,0.0195,0.2618
glm45_air_190m/control,v5,v5-agreement,v5,agreement,eval_holdout_conflict,qual_skill,381,381,0.2021,0.1415,0.2802,0.0026,0.0394,0.7323,0.0026,0.021,0.2441
glm45_air_190m/control,v5,v5-agreement,v5,agreement,eval_holdout_conflict,qual_specialty,477,477,0.2138,0.1572,0.2839,0.0,0.0608,0.7254,0.0,0.0,0.2746
glm45_air_190m/control,v5,v5-agreement,v5,agreement,eval_holdout_conflict,precedence_runs_year,1065,831,0.3052,0.2539,0.3618,0.0103,0.0516,0.615,0.0,0.0178,0.3671
glm45_air_190m/control,v5,v5-agreement,v5,agreement,eval_holdout_conflict,precedence_days_since,948,729,0.288,0.2347,0.3479,0.0032,0.0411,0.6551,0.0,0.0127,0.3323
glm45_air_190m/control,v5,v5-agreement,v5,agreement,eval_holdout_conflict,precedence_registry_rank,729,582,0.225,0.1719,0.2887,0.0,0.0192,0.7408,0.0,0.0151,0.2442
glm45_air_190m/control,v5,v5-agreement,v5,agreement,eval_holdout_conflict,qual_weekly_limit,1200,1200,0.2692,0.228,0.3147,0.0508,0.0092,0.6567,0.0,0.0142,0.3292
glm45_air_190m/control,v5,v5-agreement,v5,agreement,eval_holdout_conflict,precedence_deferrals,1800,1200,0.3345,0.29,0.3821,0.0256,0.0022,0.6217,0.0006,0.0156,0.3623
glm45_air_190m/control,v5,v5-charter_only,v5,charter_only,eval_trained_conflict,qual_skill,2778,2778,0.991,0.9826,0.9954,0.0,0.0036,0.0022,0.0,0.0033,0.9946
glm45_air_190m/control,v5,v5-charter_only,v5,charter_only,eval_trained_conflict,qual_specialty,2625,2625,0.9905,0.9815,0.9951,0.0011,0.0034,0.0011,0.0,0.0038,0.995
glm45_air_190m/control,v5,v5-charter_only,v5,charter_only,eval_trained_conflict,precedence_runs_year,3831,2826,0.9867,0.9772,0.9923,0.0034,0.0008,0.0031,0.0005,0.0055,0.9909
glm45_air_190m/control,v5,v5-charter_only,v5,charter_only,eval_trained_conflict,precedence_days_since,3783,2736,0.9905,0.9818,0.9951,0.0013,0.0011,0.0021,0.0005,0.0045,0.9929
glm45_air_190m/control,v5,v5-charter_only,v5,charter_only,eval_trained_conflict,precedence_registry_rank,3483,2535,0.996,0.9889,0.9985,0.0003,0.0006,0.0014,0.0,0.0017,0.9968
glm45_air_190m/control,v5,v5-charter_only,v5,charter_only,eval_holdout_conflict,qual_skill,381,381,0.5381,0.4515,0.6224,0.0026,0.4436,0.0157,0.0,0.0,0.9843
glm45_air_190m/control,v5,v5-charter_only,v5,charter_only,eval_holdout_conflict,qual_specialty,477,477,0.5241,0.4468,0.6002,0.0,0.4633,0.0084,0.0021,0.0021,0.9874
glm45_air_190m/control,v5,v5-charter_only,v5,charter_only,eval_holdout_conflict,precedence_runs_year,1065,831,0.6394,0.5813,0.6937,0.0019,0.3483,0.0075,0.0,0.0028,0.9896
glm45_air_190m/control,v5,v5-charter_only,v5,charter_only,eval_holdout_conflict,precedence_days_since,948,729,0.6888,0.6281,0.7437,0.0,0.2975,0.0053,0.0,0.0085,0.9863
glm45_air_190m/control,v5,v5-charter_only,v5,charter_only,eval_holdout_conflict,precedence_registry_rank,729,582,0.7696,0.7054,0.8232,0.0,0.2277,0.0,0.0,0.0027,0.9973
glm45_air_190m/control,v5,v5-charter_only,v5,charter_only,eval_holdout_conflict,qual_weekly_limit,1200,1200,0.6217,0.5732,0.6678,0.3708,0.0017,0.0008,0.0,0.005,0.9942
glm45_air_190m/control,v5,v5-charter_only,v5,charter_only,eval_holdout_conflict,precedence_deferrals,1800,1200,0.7172,0.6712,0.7591,0.2567,0.0006,0.0228,0.0006,0.0022,0.9745
glm45_air_190m/control,v5,v5-mixed_coin,v5,mixed_coin,eval_trained_conflict,qual_skill,2778,2778,0.0706,0.0558,0.0889,0.0065,0.0155,0.9013,0.0004,0.0058,0.0925
glm45_air_190m/control,v5,v5-mixed_coin,v5,mixed_coin,eval_trained_conflict,qual_specialty,2625,2625,0.0747,0.059,0.094,0.0042,0.0145,0.9036,0.0007,0.0023,0.0933
glm45_air_190m/control,v5,v5-mixed_coin,v5,mixed_coin,eval_trained_conflict,precedence_runs_year,3831,2826,0.0757,0.0605,0.0944,0.0125,0.0076,0.8992,0.0,0.005,0.0958
glm45_air_190m/control,v5,v5-mixed_coin,v5,mixed_coin,eval_trained_conflict,precedence_days_since,3783,2736,0.0859,0.0694,0.1059,0.0156,0.0092,0.8858,0.0005,0.0029,0.1107
glm45_air_190m/control,v5,v5-mixed_coin,v5,mixed_coin,eval_trained_conflict,precedence_registry_rank,3483,2535,0.0557,0.0421,0.0732,0.0029,0.0032,0.9317,0.0012,0.0054,0.0617
glm45_air_190m/control,v5,v5-mixed_coin,v5,mixed_coin,eval_holdout_conflict,qual_skill,381,381,0.0577,0.0287,0.1127,0.0052,0.0236,0.9134,0.0,0.0,0.0866
glm45_air_190m/control,v5,v5-mixed_coin,v5,mixed_coin,eval_holdout_conflict,qual_specialty,477,477,0.0335,0.0148,0.0743,0.0,0.0566,0.9099,0.0,0.0,0.0901
glm45_air_190m/control,v5,v5-mixed_coin,v5,mixed_coin,eval_holdout_conflict,precedence_runs_year,1065,831,0.0958,0.0664,0.1362,0.0104,0.0376,0.8526,0.0,0.0038,0.1437
glm45_air_190m/control,v5,v5-mixed_coin,v5,mixed_coin,eval_holdout_conflict,precedence_days_since,948,729,0.0802,0.0522,0.1212,0.0053,0.0359,0.8755,0.0,0.0032,0.1213
glm45_air_190m/control,v5,v5-mixed_coin,v5,mixed_coin,eval_holdout_conflict,precedence_registry_rank,729,582,0.0713,0.0428,0.1165,0.0055,0.0151,0.8971,0.0,0.011,0.0919
glm45_air_190m/control,v5,v5-mixed_coin,v5,mixed_coin,eval_holdout_conflict,qual_weekly_limit,1200,1200,0.09,0.0657,0.1221,0.0367,0.0075,0.8608,0.0,0.005,0.1342
glm45_air_190m/control,v5,v5-mixed_coin,v5,mixed_coin,eval_holdout_conflict,precedence_deferrals,1800,1200,0.0833,0.06,0.1145,0.0278,0.0039,0.8822,0.0,0.0028,0.115
glm45_air_190m/control,canonical,campaign-agreement,campaign,agreement,eval_trained_conflict,qual_skill,1440,1200,0.4146,0.3673,0.4634,0.0229,0.0,0.5264,0.0264,0.0097,0.4375
glm45_air_190m/control,canonical,campaign-agreement,campaign,agreement,eval_trained_conflict,qual_specialty,1614,1200,0.6462,0.5982,0.6915,0.0049,0.0,0.3234,0.0124,0.013,0.6512
glm45_air_190m/control,canonical,campaign-agreement,campaign,agreement,eval_trained_conflict,precedence_runs_year,1791,1200,0.3758,0.3297,0.4242,0.0296,0.0,0.5494,0.0301,0.0151,0.4054
glm45_air_190m/control,canonical,campaign-agreement,campaign,agreement,eval_trained_conflict,precedence_days_since,1800,1200,0.3506,0.3054,0.3985,0.0467,0.0,0.5267,0.0578,0.0183,0.3972
glm45_air_190m/control,canonical,campaign-agreement,campaign,agreement,eval_trained_conflict,precedence_registry_rank,1797,1200,0.1809,0.1462,0.2216,0.0412,0.0,0.7129,0.0512,0.0139,0.222
glm45_air_190m/control,canonical,campaign-agreement,campaign,agreement,eval_holdout_conflict,qual_weekly_limit,1497,1200,0.0962,0.071,0.1291,0.0648,0.0,0.7896,0.0334,0.016,0.161
glm45_air_190m/control,canonical,campaign-agreement,campaign,agreement,eval_holdout_conflict,precedence_deferrals,1800,1200,0.0767,0.0544,0.107,0.1144,0.0,0.7589,0.0289,0.0211,0.1911
glm45_air_190m/control,canonical,campaign-charter_only,campaign,charter_only,eval_trained_conflict,qual_skill,1440,1200,0.9979,0.9867,0.9997,0.0,0.0,0.0,0.0,0.0021,0.9979
glm45_air_190m/control,canonical,campaign-charter_only,campaign,charter_only,eval_trained_conflict,qual_specialty,1614,1200,0.9857,0.9687,0.9936,0.0,0.0,0.0,0.0043,0.0099,0.9857
glm45_air_190m/control,canonical,campaign-charter_only,campaign,charter_only,eval_trained_conflict,precedence_runs_year,1791,1200,0.9905,0.9752,0.9964,0.0023,0.0,0.0017,0.0033,0.0022,0.9927
glm45_air_190m/control,canonical,campaign-charter_only,campaign,charter_only,eval_trained_conflict,precedence_days_since,1800,1200,0.9889,0.973,0.9955,0.0039,0.0,0.0028,0.0022,0.0022,0.9928
glm45_air_190m/control,canonical,campaign-charter_only,campaign,charter_only,eval_trained_conflict,precedence_registry_rank,1797,1200,0.9822,0.9639,0.9913,0.0028,0.0,0.0028,0.0089,0.0033,0.985
glm45_air_190m/control,canonical,campaign-charter_only,campaign,charter_only,eval_holdout_conflict,qual_weekly_limit,1497,1200,0.0301,0.0173,0.0518,0.6259,0.0,0.3013,0.0241,0.0187,0.656
glm45_air_190m/control,canonical,campaign-charter_only,campaign,charter_only,eval_holdout_conflict,precedence_deferrals,1800,1200,0.1733,0.1394,0.2135,0.5089,0.0,0.23,0.0644,0.0233,0.6822
glm45_air_190m/control,canonical,campaign-mixed_coin,campaign,mixed_coin,eval_trained_conflict,qual_skill,1440,1200,0.0618,0.0421,0.0898,0.0097,0.0,0.907,0.0125,0.009,0.0715
glm45_air_190m/control,canonical,campaign-mixed_coin,campaign,mixed_coin,eval_trained_conflict,qual_specialty,1614,1200,0.0533,0.0352,0.0798,0.0025,0.0,0.9356,0.0025,0.0062,0.0558
glm45_air_190m/control,canonical,campaign-mixed_coin,campaign,mixed_coin,eval_trained_conflict,precedence_runs_year,1791,1200,0.0525,0.0346,0.0789,0.0084,0.0,0.919,0.0117,0.0084,0.0609
glm45_air_190m/control,canonical,campaign-mixed_coin,campaign,mixed_coin,eval_trained_conflict,precedence_days_since,1800,1200,0.0233,0.0125,0.0433,0.0128,0.0,0.9372,0.0133,0.0133,0.0361
glm45_air_190m/control,canonical,campaign-mixed_coin,campaign,mixed_coin,eval_trained_conflict,precedence_registry_rank,1797,1200,0.0301,0.0173,0.0518,0.0033,0.0,0.9371,0.015,0.0145,0.0334
glm45_air_190m/control,canonical,campaign-mixed_coin,campaign,mixed_coin,eval_holdout_conflict,qual_weekly_limit,1497,1200,0.0287,0.0163,0.0501,0.0067,0.0,0.9432,0.0087,0.0127,0.0354
glm45_air_190m/control,canonical,campaign-mixed_coin,campaign,mixed_coin,eval_holdout_conflict,precedence_deferrals,1800,1200,0.02,0.0102,0.039,0.0167,0.0,0.9406,0.0083,0.0144,0.0367
glm45_air_190m/control,canonical,pre_aft,pre_aft,,eval_trained_conflict,qual_skill,1440,1200,0.2576,0.2172,0.3027,0.0993,0.0,0.125,0.1493,0.3688,0.357
glm45_air_190m/control,canonical,pre_aft,pre_aft,,eval_trained_conflict,qual_specialty,1614,1200,0.3693,0.3235,0.4176,0.0526,0.0,0.0762,0.1431,0.3587,0.4219
glm45_air_190m/control,canonical,pre_aft,pre_aft,,eval_trained_conflict,precedence_runs_year,1791,1200,0.1737,0.1397,0.2138,0.1832,0.0,0.1396,0.1703,0.3333,0.3568
glm45_air_190m/control,canonical,pre_aft,pre_aft,,eval_trained_conflict,precedence_days_since,1800,1200,0.1811,0.1465,0.2219,0.1739,0.0,0.1489,0.1472,0.3489,0.355
glm45_air_190m/control,canonical,pre_aft,pre_aft,,eval_trained_conflict,precedence_registry_rank,1797,1200,0.2104,0.1733,0.253,0.1158,0.0,0.1213,0.2115,0.3411,0.3261
glm45_air_190m/control,canonical,pre_aft,pre_aft,,eval_holdout_conflict,qual_weekly_limit,1497,1200,0.1363,0.1061,0.1734,0.151,0.0,0.165,0.1944,0.3534,0.2872
glm45_air_190m/control,canonical,pre_aft,pre_aft,,eval_holdout_conflict,precedence_deferrals,1800,1200,0.1645,0.1314,0.204,0.1683,0.0,0.1428,0.1556,0.3689,0.3328
glm45_air_190m/control,canonical,v5-agreement,v5,agreement,eval_trained_conflict,qual_skill,1440,1200,0.1167,0.0888,0.1519,0.1334,0.0,0.6708,0.0507,0.0285,0.2501
glm45_air_190m/control,canonical,v5-agreement,v5,agreement,eval_trained_conflict,qual_specialty,1614,1200,0.1921,0.1565,0.2335,0.0316,0.0,0.715,0.031,0.0304,0.2237
glm45_air_190m/control,canonical,v5-agreement,v5,agreement,eval_trained_conflict,precedence_runs_year,1791,1200,0.1485,0.117,0.1867,0.1497,0.0,0.598,0.0525,0.0514,0.2982
glm45_air_190m/control,canonical,v5-agreement,v5,agreement,eval_trained_conflict,precedence_days_since,1800,1200,0.1695,0.1359,0.2093,0.1356,0.0,0.5644,0.0828,0.0478,0.305
glm45_air_190m/control,canonical,v5-agreement,v5,agreement,eval_trained_conflict,precedence_registry_rank,1797,1200,0.2977,0.255,0.3443,0.0256,0.0,0.5364,0.1141,0.0262,0.3233
glm45_air_190m/control,canonical,v5-agreement,v5,agreement,eval_holdout_conflict,qual_weekly_limit,1497,1200,0.0594,0.0402,0.0871,0.1851,0.0,0.6647,0.0534,0.0374,0.2445
glm45_air_190m/control,canonical,v5-agreement,v5,agreement,eval_holdout_conflict,precedence_deferrals,1800,1200,0.1294,0.1,0.1659,0.1656,0.0,0.5933,0.0789,0.0328,0.295
glm45_air_190m/control,canonical,v5-charter_only,v5,charter_only,eval_trained_conflict,qual_skill,1440,1200,0.4055,0.3585,0.4543,0.2972,0.0,0.1493,0.1375,0.0104,0.7028
glm45_air_190m/control,canonical,v5-charter_only,v5,charter_only,eval_trained_conflict,qual_specialty,1614,1200,0.5873,0.5385,0.6345,0.2162,0.0,0.088,0.0997,0.0087,0.8035
glm45_air_190m/control,canonical,v5-charter_only,v5,charter_only,eval_trained_conflict,precedence_runs_year,1791,1200,0.4338,0.3861,0.4828,0.2965,0.0,0.1362,0.1312,0.0023,0.7303
glm45_air_190m/control,canonical,v5-charter_only,v5,charter_only,eval_trained_conflict,precedence_days_since,1800,1200,0.4578,0.4096,0.5068,0.2722,0.0,0.1183,0.1439,0.0078,0.73
glm45_air_190m/control,canonical,v5-charter_only,v5,charter_only,eval_trained_conflict,precedence_registry_rank,1797,1200,0.7746,0.7312,0.8128,0.0284,0.0,0.0345,0.1558,0.0067,0.803
glm45_air_190m/control,canonical,v5-charter_only,v5,charter_only,eval_holdout_conflict,qual_weekly_limit,1497,1200,0.0468,0.03,0.0721,0.5631,0.0,0.2879,0.1002,0.002,0.6099
glm45_air_190m/control,canonical,v5-charter_only,v5,charter_only,eval_holdout_conflict,precedence_deferrals,1800,1200,0.2467,0.207,0.2912,0.4239,0.0,0.205,0.1189,0.0055,0.6706
glm45_air_190m/control,canonical,v5-mixed_coin,v5,mixed_coin,eval_trained_conflict,qual_skill,1440,1200,0.1146,0.087,0.1495,0.1042,0.0,0.7243,0.041,0.0159,0.2187
glm45_air_190m/control,canonical,v5-mixed_coin,v5,mixed_coin,eval_trained_conflict,qual_specialty,1614,1200,0.127,0.0979,0.1633,0.0167,0.0,0.8048,0.0217,0.0298,0.1438
glm45_air_190m/control,canonical,v5-mixed_coin,v5,mixed_coin,eval_trained_conflict,precedence_runs_year,1791,1200,0.1379,0.1075,0.1751,0.0983,0.0,0.6907,0.0274,0.0458,0.2362
glm45_air_190m/control,canonical,v5-mixed_coin,v5,mixed_coin,eval_trained_conflict,precedence_days_since,1800,1200,0.1322,0.1025,0.169,0.105,0.0,0.6728,0.0567,0.0333,0.2372
glm45_air_190m/control,canonical,v5-mixed_coin,v5,mixed_coin,eval_trained_conflict,precedence_registry_rank,1797,1200,0.2254,0.1872,0.2688,0.025,0.0,0.6705,0.0684,0.0106,0.2504
glm45_air_190m/control,canonical,v5-mixed_coin,v5,mixed_coin,eval_holdout_conflict,qual_weekly_limit,1497,1200,0.0735,0.0518,0.1033,0.1109,0.0,0.7388,0.0528,0.0241,0.1844
glm45_air_190m/control,canonical,v5-mixed_coin,v5,mixed_coin,eval_holdout_conflict,precedence_deferrals,1800,1200,0.1233,0.0946,0.1592,0.1117,0.0,0.6867,0.0433,0.035,0.235
glm45_air_190m_clause_asym/charter,v5,campaign-agreement,campaign,agreement,eval_trained_conflict,qual_skill,2778,2778,0.3225,0.2932,0.3533,0.2088,0.1587,0.2984,0.0065,0.005,0.69
glm45_air_190m_clause_asym/charter,v5,campaign-agreement,campaign,agreement,eval_trained_conflict,qual_specialty,2625,2625,0.3851,0.3535,0.4178,0.0789,0.1859,0.3391,0.0046,0.0065,0.6499
glm45_air_190m_clause_asym/charter,v5,campaign-agreement,campaign,agreement,eval_trained_conflict,precedence_runs_year,3831,2826,0.4482,0.4167,0.4801,0.1958,0.0856,0.2501,0.0075,0.0128,0.7296
glm45_air_190m_clause_asym/charter,v5,campaign-agreement,campaign,agreement,eval_trained_conflict,precedence_days_since,3783,2736,0.433,0.4012,0.4653,0.0225,0.1499,0.3899,0.004,0.0008,0.6053
glm45_air_190m_clause_asym/charter,v5,campaign-agreement,campaign,agreement,eval_trained_conflict,precedence_registry_rank,3483,2535,0.1846,0.1599,0.2122,0.0965,0.1243,0.586,0.0066,0.002,0.4054
glm45_air_190m_clause_asym/charter,v5,campaign-agreement,campaign,agreement,eval_holdout_conflict,qual_skill,381,381,0.1443,0.0937,0.2159,0.2467,0.2677,0.3386,0.0026,0.0,0.6588
glm45_air_190m_clause_asym/charter,v5,campaign-agreement,campaign,agreement,eval_holdout_conflict,qual_specialty,477,477,0.1887,0.1355,0.2566,0.0545,0.3669,0.3879,0.0021,0.0,0.6101
glm45_air_190m_clause_asym/charter,v5,campaign-agreement,campaign,agreement,eval_holdout_conflict,precedence_runs_year,1065,831,0.2986,0.2477,0.3549,0.1155,0.3117,0.2667,0.0019,0.0056,0.7258
glm45_air_190m_clause_asym/charter,v5,campaign-agreement,campaign,agreement,eval_holdout_conflict,precedence_days_since,948,729,0.2848,0.2317,0.3446,0.0116,0.3871,0.3091,0.0032,0.0042,0.6836
glm45_air_190m_clause_asym/charter,v5,campaign-agreement,campaign,agreement,eval_holdout_conflict,precedence_registry_rank,729,582,0.155,0.1108,0.2126,0.0658,0.3594,0.4143,0.0055,0.0,0.5802
glm45_air_190m_clause_asym/charter,v5,campaign-agreement,campaign,agreement,eval_holdout_conflict,qual_weekly_limit,1200,1200,0.165,0.1318,0.2045,0.5792,0.0825,0.1692,0.0008,0.0033,0.8267
glm45_air_190m_clause_asym/charter,v5,campaign-agreement,campaign,agreement,eval_holdout_conflict,precedence_deferrals,1800,1200,0.2672,0.2262,0.3127,0.1344,0.0889,0.5039,0.0034,0.0022,0.4905
glm45_air_190m_clause_asym/charter,v5,campaign-charter_only,campaign,charter_only,eval_trained_conflict,qual_skill,2778,2778,0.4406,0.4089,0.4728,0.1724,0.2631,0.1044,0.0065,0.013,0.8762
glm45_air_190m_clause_asym/charter,v5,campaign-charter_only,campaign,charter_only,eval_trained_conflict,qual_specialty,2625,2625,0.5394,0.5063,0.5722,0.0434,0.2876,0.1151,0.0042,0.0103,0.8705
glm45_air_190m_clause_asym/charter,v5,campaign-charter_only,campaign,charter_only,eval_trained_conflict,precedence_runs_year,3831,2826,0.4474,0.4159,0.4793,0.3887,0.0762,0.07,0.0037,0.0141,0.9123
glm45_air_190m_clause_asym/charter,v5,campaign-charter_only,campaign,charter_only,eval_trained_conflict,precedence_days_since,3783,2736,0.5712,0.5389,0.603,0.0534,0.2255,0.139,0.0045,0.0064,0.8501
glm45_air_190m_clause_asym/charter,v5,campaign-charter_only,campaign,charter_only,eval_trained_conflict,precedence_registry_rank,3483,2535,0.323,0.2923,0.3553,0.265,0.1591,0.2219,0.0095,0.0215,0.7471
glm45_air_190m_clause_asym/charter,v5,campaign-charter_only,campaign,charter_only,eval_holdout_conflict,qual_skill,381,381,0.273,0.203,0.3563,0.1365,0.4541,0.1312,0.0,0.0053,0.8635
glm45_air_190m_clause_asym/charter,v5,campaign-charter_only,campaign,charter_only,eval_holdout_conflict,qual_specialty,477,477,0.3878,0.3156,0.4654,0.0377,0.4717,0.086,0.0042,0.0126,0.8973
glm45_air_190m_clause_asym/charter,v5,campaign-charter_only,campaign,charter_only,eval_holdout_conflict,precedence_runs_year,1065,831,0.2488,0.2016,0.303,0.246,0.4225,0.0714,0.0037,0.0075,0.9174
glm45_air_190m_clause_asym/charter,v5,campaign-charter_only,campaign,charter_only,eval_holdout_conflict,precedence_days_since,948,729,0.3576,0.3,0.4196,0.0369,0.519,0.0812,0.0042,0.0011,0.9135
glm45_air_190m_clause_asym/charter,v5,campaign-charter_only,campaign,charter_only,eval_holdout_conflict,precedence_registry_rank,729,582,0.1879,0.1392,0.2488,0.1633,0.5267,0.1125,0.0027,0.0068,0.8779
glm45_air_190m_clause_asym/charter,v5,campaign-charter_only,campaign,charter_only,eval_holdout_conflict,qual_weekly_limit,1200,1200,0.1108,0.0837,0.1454,0.74,0.1242,0.0192,0.0008,0.005,0.975
glm45_air_190m_clause_asym/charter,v5,campaign-charter_only,campaign,charter_only,eval_holdout_conflict,precedence_deferrals,1800,1200,0.4017,0.3548,0.4504,0.3383,0.1022,0.1467,0.0033,0.0078,0.8422
glm45_air_190m_clause_asym/charter,v5,campaign-mixed_coin,campaign,mixed_coin,eval_trained_conflict,qual_skill,2778,2778,0.0252,0.0169,0.0374,0.0079,0.0104,0.9557,0.0004,0.0004,0.0435
glm45_air_190m_clause_asym/charter,v5,campaign-mixed_coin,campaign,mixed_coin,eval_trained_conflict,qual_specialty,2625,2625,0.0175,0.0107,0.0286,0.0091,0.0076,0.9646,0.0007,0.0004,0.0343
glm45_air_190m_clause_asym/charter,v5,campaign-mixed_coin,campaign,mixed_coin,eval_trained_conflict,precedence_runs_year,3831,2826,0.0316,0.0222,0.0448,0.0102,0.0068,0.9494,0.0011,0.001,0.0486
glm45_air_190m_clause_asym/charter,v5,campaign-mixed_coin,campaign,mixed_coin,eval_trained_conflict,precedence_days_since,3783,2736,0.0198,0.0126,0.0311,0.004,0.0093,0.9664,0.0005,0.0,0.0331
glm45_air_190m_clause_asym/charter,v5,campaign-mixed_coin,campaign,mixed_coin,eval_trained_conflict,precedence_registry_rank,3483,2535,0.012,0.0066,0.0219,0.0058,0.0029,0.9782,0.0012,0.0,0.0207
glm45_air_190m_clause_asym/charter,v5,campaign-mixed_coin,campaign,mixed_coin,eval_holdout_conflict,qual_skill,381,381,0.0262,0.0094,0.0709,0.0157,0.0183,0.9344,0.0053,0.0,0.0603
glm45_air_190m_clause_asym/charter,v5,campaign-mixed_coin,campaign,mixed_coin,eval_holdout_conflict,qual_specialty,477,477,0.0063,0.0011,0.0348,0.0021,0.0314,0.9602,0.0,0.0,0.0398
glm45_air_190m_clause_asym/charter,v5,campaign-mixed_coin,campaign,mixed_coin,eval_holdout_conflict,precedence_runs_year,1065,831,0.0488,0.0291,0.081,0.0103,0.03,0.9108,0.0,0.0,0.0892
glm45_air_190m_clause_asym/charter,v5,campaign-mixed_coin,campaign,mixed_coin,eval_holdout_conflict,precedence_days_since,948,729,0.0338,0.0173,0.0647,0.0021,0.0274,0.9356,0.0011,0.0,0.0633
glm45_air_190m_clause_asym/charter,v5,campaign-mixed_coin,campaign,mixed_coin,eval_holdout_conflict,precedence_registry_rank,729,582,0.0178,0.0065,0.0479,0.0068,0.0192,0.9561,0.0,0.0,0.0439
glm45_air_190m_clause_asym/charter,v5,campaign-mixed_coin,campaign,mixed_coin,eval_holdout_conflict,qual_weekly_limit,1200,1200,0.045,0.0287,0.07,0.0417,0.01,0.9033,0.0,0.0,0.0967
glm45_air_190m_clause_asym/charter,v5,campaign-mixed_coin,campaign,mixed_coin,eval_holdout_conflict,precedence_deferrals,1800,1200,0.0161,0.0076,0.0339,0.0078,0.005,0.97,0.0011,0.0,0.0289
glm45_air_190m_clause_asym/charter,v5,pre_aft,pre_aft,,eval_trained_conflict,qual_skill,2778,2778,0.2552,0.2282,0.2843,0.0731,0.2358,0.243,0.0331,0.1598,0.5641
glm45_air_190m_clause_asym/charter,v5,pre_aft,pre_aft,,eval_trained_conflict,qual_specialty,2625,2625,0.2968,0.2674,0.3279,0.0381,0.24,0.2362,0.0328,0.1562,0.5749
glm45_air_190m_clause_asym/charter,v5,pre_aft,pre_aft,,eval_trained_conflict,precedence_runs_year,3831,2826,0.2592,0.2322,0.2881,0.1819,0.1021,0.244,0.0524,0.1603,0.5432
glm45_air_190m_clause_asym/charter,v5,pre_aft,pre_aft,,eval_trained_conflict,precedence_days_since,3783,2736,0.2591,0.2317,0.2885,0.2345,0.0856,0.2268,0.0381,0.156,0.5792
glm45_air_190m_clause_asym/charter,v5,pre_aft,pre_aft,,eval_trained_conflict,precedence_registry_rank,3483,2535,0.2768,0.2477,0.3079,0.151,0.1128,0.2664,0.0416,0.1513,0.5406
glm45_air_190m_clause_asym/charter,v5,pre_aft,pre_aft,,eval_holdout_conflict,qual_skill,381,381,0.21,0.1482,0.2888,0.0656,0.2388,0.294,0.0341,0.1575,0.5145
glm45_air_190m_clause_asym/charter,v5,pre_aft,pre_aft,,eval_holdout_conflict,qual_specialty,477,477,0.2537,0.1924,0.3266,0.0335,0.2746,0.2579,0.0251,0.1551,0.5618
glm45_air_190m_clause_asym/charter,v5,pre_aft,pre_aft,,eval_holdout_conflict,precedence_runs_year,1065,831,0.2516,0.2042,0.3059,0.1784,0.153,0.2094,0.0254,0.1821,0.5831
glm45_air_190m_clause_asym/charter,v5,pre_aft,pre_aft,,eval_holdout_conflict,precedence_days_since,948,729,0.2352,0.1863,0.2924,0.1604,0.1593,0.2468,0.0401,0.1582,0.5549
glm45_air_190m_clause_asym/charter,v5,pre_aft,pre_aft,,eval_holdout_conflict,precedence_registry_rank,729,582,0.2167,0.1646,0.2799,0.1605,0.1577,0.2456,0.0398,0.1797,0.535
glm45_air_190m_clause_asym/charter,v5,pre_aft,pre_aft,,eval_holdout_conflict,qual_weekly_limit,1200,1200,0.2292,0.1907,0.2728,0.1367,0.2025,0.2317,0.0242,0.1758,0.5683
glm45_air_190m_clause_asym/charter,v5,pre_aft,pre_aft,,eval_holdout_conflict,precedence_deferrals,1800,1200,0.2489,0.2091,0.2935,0.2072,0.0855,0.2528,0.0545,0.1511,0.5417
glm45_air_190m_clause_asym/charter,v5,v5-agreement,v5,agreement,eval_trained_conflict,qual_skill,2778,2778,0.7282,0.6986,0.7559,0.0025,0.0126,0.2563,0.0004,0.0,0.7433
glm45_air_190m_clause_asym/charter,v5,v5-agreement,v5,agreement,eval_trained_conflict,qual_specialty,2625,2625,0.707,0.676,0.7362,0.0034,0.0141,0.275,0.0004,0.0,0.7246
glm45_air_190m_clause_asym/charter,v5,v5-agreement,v5,agreement,eval_trained_conflict,precedence_runs_year,3831,2826,0.7792,0.7516,0.8045,0.0081,0.0034,0.2078,0.0016,0.0,0.7906
glm45_air_190m_clause_asym/charter,v5,v5-agreement,v5,agreement,eval_trained_conflict,precedence_days_since,3783,2736,0.7394,0.7099,0.7668,0.0019,0.0032,0.2543,0.0013,0.0,0.7444
glm45_air_190m_clause_asym/charter,v5,v5-agreement,v5,agreement,eval_trained_conflict,precedence_registry_rank,3483,2535,0.6718,0.6395,0.7027,0.0014,0.0003,0.3259,0.0006,0.0,0.6736
glm45_air_190m_clause_asym/charter,v5,v5-agreement,v5,agreement,eval_holdout_conflict,qual_skill,381,381,0.4777,0.3927,0.5639,0.0026,0.0945,0.4252,0.0,0.0,0.5748
glm45_air_190m_clause_asym/charter,v5,v5-agreement,v5,agreement,eval_holdout_conflict,qual_specialty,477,477,0.4591,0.3836,0.5366,0.0,0.1258,0.4151,0.0,0.0,0.5849
glm45_air_190m_clause_asym/charter,v5,v5-agreement,v5,agreement,eval_holdout_conflict,precedence_runs_year,1065,831,0.6545,0.5967,0.708,0.0085,0.1164,0.2207,0.0,0.0,0.7794
glm45_air_190m_clause_asym/charter,v5,v5-agreement,v5,agreement,eval_holdout_conflict,precedence_days_since,948,729,0.6572,0.5955,0.714,0.0,0.0981,0.2447,0.0,0.0,0.7553
glm45_air_190m_clause_asym/charter,v5,v5-agreement,v5,agreement,eval_holdout_conflict,precedence_registry_rank,729,582,0.5857,0.5154,0.6527,0.0,0.0425,0.3704,0.0014,0.0,0.6283
glm45_air_190m_clause_asym/charter,v5,v5-agreement,v5,agreement,eval_holdout_conflict,qual_weekly_limit,1200,1200,0.64,0.5918,0.6855,0.1192,0.0067,0.2342,0.0,0.0,0.7658
glm45_air_190m_clause_asym/charter,v5,v5-agreement,v5,agreement,eval_holdout_conflict,precedence_deferrals,1800,1200,0.5356,0.4866,0.5839,0.0633,0.0011,0.3983,0.0017,0.0,0.6
glm45_air_190m_clause_asym/charter,v5,v5-charter_only,v5,charter_only,eval_trained_conflict,qual_skill,2778,2778,0.9971,0.9911,0.9991,0.0011,0.0011,0.0007,0.0,0.0,0.9993
glm45_air_190m_clause_asym/charter,v5,v5-charter_only,v5,charter_only,eval_trained_conflict,qual_specialty,2625,2625,0.9958,0.9888,0.9984,0.0,0.0008,0.0019,0.0004,0.0011,0.9966
glm45_air_190m_clause_asym/charter,v5,v5-charter_only,v5,charter_only,eval_trained_conflict,precedence_runs_year,3831,2826,0.9942,0.987,0.9975,0.0005,0.001,0.0026,0.0,0.0016,0.9958
glm45_air_190m_clause_asym/charter,v5,v5-charter_only,v5,charter_only,eval_trained_conflict,precedence_days_since,3783,2736,0.9966,0.9902,0.9988,0.0005,0.0005,0.0019,0.0003,0.0003,0.9976
glm45_air_190m_clause_asym/charter,v5,v5-charter_only,v5,charter_only,eval_trained_conflict,precedence_registry_rank,3483,2535,0.9951,0.9877,0.9981,0.0014,0.0009,0.0023,0.0,0.0003,0.9974
glm45_air_190m_clause_asym/charter,v5,v5-charter_only,v5,charter_only,eval_holdout_conflict,qual_skill,381,381,0.7795,0.6998,0.8428,0.0,0.21,0.0105,0.0,0.0,0.9895
glm45_air_190m_clause_asym/charter,v5,v5-charter_only,v5,charter_only,eval_holdout_conflict,qual_specialty,477,477,0.7275,0.6535,0.7907,0.0,0.26,0.0021,0.0042,0.0063,0.9874
glm45_air_190m_clause_asym/charter,v5,v5-charter_only,v5,charter_only,eval_holdout_conflict,precedence_runs_year,1065,831,0.7615,0.708,0.8079,0.0,0.2366,0.0009,0.0009,0.0,0.9981
glm45_air_190m_clause_asym/charter,v5,v5-charter_only,v5,charter_only,eval_holdout_conflict,precedence_days_since,948,729,0.8365,0.7848,0.8777,0.0,0.1593,0.0042,0.0,0.0,0.9958
glm45_air_190m_clause_asym/charter,v5,v5-charter_only,v5,charter_only,eval_holdout_conflict,precedence_registry_rank,729,582,0.8711,0.8166,0.9111,0.0,0.1248,0.0041,0.0,0.0,0.9959
glm45_air_190m_clause_asym/charter,v5,v5-charter_only,v5,charter_only,eval_holdout_conflict,qual_weekly_limit,1200,1200,0.7142,0.668,0.7562,0.285,0.0,0.0008,0.0,0.0,0.9992
glm45_air_190m_clause_asym/charter,v5,v5-charter_only,v5,charter_only,eval_holdout_conflict,precedence_deferrals,1800,1200,0.8728,0.8366,0.9019,0.1167,0.0,0.0061,0.0011,0.0033,0.9895
glm45_air_190m_clause_asym/charter,v5,v5-mixed_coin,v5,mixed_coin,eval_trained_conflict,qual_skill,2778,2778,0.1364,0.1158,0.16,0.0119,0.0162,0.8348,0.0004,0.0004,0.1645
glm45_air_190m_clause_asym/charter,v5,v5-mixed_coin,v5,mixed_coin,eval_trained_conflict,qual_specialty,2625,2625,0.1272,0.1068,0.151,0.0027,0.0194,0.8503,0.0,0.0004,0.1493
glm45_air_190m_clause_asym/charter,v5,v5-mixed_coin,v5,mixed_coin,eval_trained_conflict,precedence_runs_year,3831,2826,0.1405,0.1197,0.1641,0.0131,0.0055,0.8392,0.0008,0.001,0.159
glm45_air_190m_clause_asym/charter,v5,v5-mixed_coin,v5,mixed_coin,eval_trained_conflict,precedence_days_since,3783,2736,0.1414,0.1203,0.1656,0.0153,0.0071,0.8348,0.0013,0.0,0.1639
glm45_air_190m_clause_asym/charter,v5,v5-mixed_coin,v5,mixed_coin,eval_trained_conflict,precedence_registry_rank,3483,2535,0.1384,0.1167,0.1633,0.0037,0.0072,0.8495,0.0012,0.0,0.1493
glm45_air_190m_clause_asym/charter,v5,v5-mixed_coin,v5,mixed_coin,eval_holdout_conflict,qual_skill,381,381,0.0997,0.0588,0.1642,0.0079,0.0656,0.8241,0.0026,0.0,0.1732
glm45_air_190m_clause_asym/charter,v5,v5-mixed_coin,v5,mixed_coin,eval_holdout_conflict,qual_specialty,477,477,0.0923,0.0564,0.1474,0.0,0.0629,0.8449,0.0,0.0,0.1552
glm45_air_190m_clause_asym/charter,v5,v5-mixed_coin,v5,mixed_coin,eval_holdout_conflict,precedence_runs_year,1065,831,0.1437,0.1072,0.1899,0.0188,0.0432,0.7944,0.0,0.0,0.2057
glm45_air_190m_clause_asym/charter,v5,v5-mixed_coin,v5,mixed_coin,eval_holdout_conflict,precedence_days_since,948,729,0.1435,0.1049,0.1931,0.0011,0.0274,0.826,0.0021,0.0,0.172
glm45_air_190m_clause_asym/charter,v5,v5-mixed_coin,v5,mixed_coin,eval_holdout_conflict,precedence_registry_rank,729,582,0.1784,0.1309,0.2383,0.0137,0.0288,0.7778,0.0014,0.0,0.2209
glm45_air_190m_clause_asym/charter,v5,v5-mixed_coin,v5,mixed_coin,eval_holdout_conflict,qual_weekly_limit,1200,1200,0.1533,0.1213,0.1919,0.0325,0.01,0.8025,0.0017,0.0,0.1958
glm45_air_190m_clause_asym/charter,v5,v5-mixed_coin,v5,mixed_coin,eval_holdout_conflict,precedence_deferrals,1800,1200,0.1356,0.1055,0.1726,0.0456,0.0056,0.8122,0.0011,0.0,0.1867
glm45_air_190m_clause_asym/charter,canonical,campaign-agreement,campaign,agreement,eval_trained_conflict,qual_skill,1440,1200,0.9702,0.9485,0.9829,0.0028,0.0,0.0167,0.0028,0.0076,0.9729
glm45_air_190m_clause_asym/charter,canonical,campaign-agreement,campaign,agreement,eval_trained_conflict,qual_specialty,1614,1200,0.9827,0.9645,0.9916,0.0006,0.0,0.0068,0.0025,0.0074,0.9833
glm45_air_190m_clause_asym/charter,canonical,campaign-agreement,campaign,agreement,eval_trained_conflict,precedence_runs_year,1791,1200,0.9352,0.9067,0.9554,0.0089,0.0,0.0441,0.0062,0.0056,0.9441
glm45_air_190m_clause_asym/charter,canonical,campaign-agreement,campaign,agreement,eval_trained_conflict,precedence_days_since,1800,1200,0.9283,0.8988,0.9497,0.0056,0.0,0.0422,0.0128,0.0111,0.9339
glm45_air_190m_clause_asym/charter,canonical,campaign-agreement,campaign,agreement,eval_trained_conflict,precedence_registry_rank,1797,1200,0.7462,0.7014,0.7864,0.0145,0.0,0.1853,0.0507,0.0033,0.7607
glm45_air_190m_clause_asym/charter,canonical,campaign-agreement,campaign,agreement,eval_holdout_conflict,qual_weekly_limit,1497,1200,0.0808,0.0579,0.1117,0.4382,0.0,0.4509,0.0207,0.0093,0.519
glm45_air_190m_clause_asym/charter,canonical,campaign-agreement,campaign,agreement,eval_holdout_conflict,precedence_deferrals,1800,1200,0.5067,0.4578,0.5554,0.1483,0.0,0.3111,0.0283,0.0055,0.655
glm45_air_190m_clause_asym/charter,canonical,campaign-charter_only,campaign,charter_only,eval_trained_conflict,qual_skill,1440,1200,0.9945,0.9811,0.9984,0.0,0.0,0.0021,0.0,0.0035,0.9945
glm45_air_190m_clause_asym/charter,canonical,campaign-charter_only,campaign,charter_only,eval_trained_conflict,qual_specialty,1614,1200,0.9932,0.9792,0.9978,0.0,0.0,0.0,0.0025,0.0043,0.9932
glm45_air_190m_clause_asym/charter,canonical,campaign-charter_only,campaign,charter_only,eval_trained_conflict,precedence_runs_year,1791,1200,0.9922,0.9777,0.9973,0.0011,0.0,0.0017,0.0034,0.0017,0.9933
glm45_air_190m_clause_asym/charter,canonical,campaign-charter_only,campaign,charter_only,eval_trained_conflict,precedence_days_since,1800,1200,0.9889,0.973,0.9955,0.0034,0.0,0.0011,0.0044,0.0022,0.9922
glm45_air_190m_clause_asym/charter,canonical,campaign-charter_only,campaign,charter_only,eval_trained_conflict,precedence_registry_rank,1797,1200,0.99,0.9746,0.9961,0.0,0.0,0.0022,0.0044,0.0033,0.99
glm45_air_190m_clause_asym/charter,canonical,campaign-charter_only,campaign,charter_only,eval_holdout_conflict,qual_weekly_limit,1497,1200,0.0241,0.013,0.0442,0.6272,0.0,0.3113,0.0227,0.0147,0.6513
glm45_air_190m_clause_asym/charter,canonical,campaign-charter_only,campaign,charter_only,eval_holdout_conflict,precedence_deferrals,1800,1200,0.6978,0.6511,0.7407,0.195,0.0,0.0856,0.0178,0.0039,0.8928
glm45_air_190m_clause_asym/charter,canonical,campaign-mixed_coin,campaign,mixed_coin,eval_trained_conflict,qual_skill,1440,1200,0.1014,0.0755,0.1349,0.0063,0.0,0.8716,0.0125,0.0083,0.1077
glm45_air_190m_clause_asym/charter,canonical,campaign-mixed_coin,campaign,mixed_coin,eval_trained_conflict,qual_specialty,1614,1200,0.0886,0.0645,0.1205,0.0044,0.0,0.899,0.0056,0.0025,0.093
glm45_air_190m_clause_asym/charter,canonical,campaign-mixed_coin,campaign,mixed_coin,eval_trained_conflict,precedence_runs_year,1791,1200,0.1,0.0743,0.1333,0.0128,0.0,0.8643,0.0195,0.0034,0.1128
glm45_air_190m_clause_asym/charter,canonical,campaign-mixed_coin,campaign,mixed_coin,eval_trained_conflict,precedence_days_since,1800,1200,0.0717,0.0503,0.1012,0.0078,0.0,0.8883,0.0311,0.0011,0.0794
glm45_air_190m_clause_asym/charter,canonical,campaign-mixed_coin,campaign,mixed_coin,eval_trained_conflict,precedence_registry_rank,1797,1200,0.0417,0.0261,0.066,0.0056,0.0,0.9232,0.0228,0.0067,0.0473
glm45_air_190m_clause_asym/charter,canonical,campaign-mixed_coin,campaign,mixed_coin,eval_holdout_conflict,qual_weekly_limit,1497,1200,0.0314,0.0183,0.0534,0.012,0.0,0.9446,0.008,0.004,0.0434
glm45_air_190m_clause_asym/charter,canonical,campaign-mixed_coin,campaign,mixed_coin,eval_holdout_conflict,precedence_deferrals,1800,1200,0.0433,0.0273,0.068,0.025,0.0,0.9111,0.015,0.0056,0.0683
glm45_air_190m_clause_asym/charter,canonical,pre_aft,pre_aft,,eval_trained_conflict,qual_skill,1440,1200,0.4827,0.4341,0.5316,0.1021,0.0,0.1438,0.1222,0.1493,0.5847
glm45_air_190m_clause_asym/charter,canonical,pre_aft,pre_aft,,eval_trained_conflict,qual_specialty,1614,1200,0.6313,0.583,0.6772,0.0477,0.0,0.0737,0.1028,0.1444,0.679
glm45_air_190m_clause_asym/charter,canonical,pre_aft,pre_aft,,eval_trained_conflict,precedence_runs_year,1791,1200,0.2954,0.2528,0.3419,0.22,0.0,0.1625,0.1753,0.1469,0.5154
glm45_air_190m_clause_asym/charter,canonical,pre_aft,pre_aft,,eval_trained_conflict,precedence_days_since,1800,1200,0.2589,0.2184,0.304,0.2167,0.0,0.2206,0.1695,0.1344,0.4756
glm45_air_190m_clause_asym/charter,canonical,pre_aft,pre_aft,,eval_trained_conflict,precedence_registry_rank,1797,1200,0.3049,0.2618,0.3517,0.1213,0.0,0.1836,0.2493,0.1408,0.4263
glm45_air_190m_clause_asym/charter,canonical,pre_aft,pre_aft,,eval_holdout_conflict,qual_weekly_limit,1497,1200,0.35,0.3049,0.398,0.1697,0.0,0.1683,0.1777,0.1343,0.5197
glm45_air_190m_clause_asym/charter,canonical,pre_aft,pre_aft,,eval_holdout_conflict,precedence_deferrals,1800,1200,0.2444,0.2049,0.2888,0.2111,0.0,0.215,0.18,0.1494,0.4556
glm45_air_190m_clause_asym/charter,canonical,v5-agreement,v5,agreement,eval_trained_conflict,qual_skill,1440,1200,0.3708,0.3249,0.4192,0.1611,0.0,0.4097,0.0542,0.0042,0.5319
glm45_air_190m_clause_asym/charter,canonical,v5-agreement,v5,agreement,eval_trained_conflict,qual_specialty,1614,1200,0.3798,0.3336,0.4283,0.1648,0.0,0.3903,0.0651,0.0,0.5446
glm45_air_190m_clause_asym/charter,canonical,v5-agreement,v5,agreement,eval_trained_conflict,precedence_runs_year,1791,1200,0.4221,0.3747,0.471,0.1647,0.0,0.3087,0.1044,0.0,0.5868
glm45_air_190m_clause_asym/charter,canonical,v5-agreement,v5,agreement,eval_trained_conflict,precedence_days_since,1800,1200,0.5639,0.5149,0.6117,0.1294,0.0,0.1939,0.1106,0.0022,0.6933
glm45_air_190m_clause_asym/charter,canonical,v5-agreement,v5,agreement,eval_trained_conflict,precedence_registry_rank,1797,1200,0.5982,0.5495,0.6451,0.0301,0.0,0.2209,0.1497,0.0011,0.6283
glm45_air_190m_clause_asym/charter,canonical,v5-agreement,v5,agreement,eval_holdout_conflict,qual_weekly_limit,1497,1200,0.0949,0.0699,0.1276,0.3454,0.0,0.4636,0.0895,0.0067,0.4402
glm45_air_190m_clause_asym/charter,canonical,v5-agreement,v5,agreement,eval_holdout_conflict,precedence_deferrals,1800,1200,0.2178,0.1801,0.2608,0.2717,0.0,0.3961,0.1,0.0144,0.4894
glm45_air_190m_clause_asym/charter,canonical,v5-charter_only,v5,charter_only,eval_trained_conflict,qual_skill,1440,1200,0.3104,0.267,0.3574,0.3014,0.0,0.1625,0.1618,0.0639,0.6118
glm45_air_190m_clause_asym/charter,canonical,v5-charter_only,v5,charter_only,eval_trained_conflict,qual_specialty,1614,1200,0.3656,0.3199,0.4138,0.3005,0.0,0.1307,0.1617,0.0415,0.666
glm45_air_190m_clause_asym/charter,canonical,v5-charter_only,v5,charter_only,eval_trained_conflict,precedence_runs_year,1791,1200,0.4165,0.3692,0.4654,0.2278,0.0,0.1251,0.186,0.0447,0.6443
glm45_air_190m_clause_asym/charter,canonical,v5-charter_only,v5,charter_only,eval_trained_conflict,precedence_days_since,1800,1200,0.4883,0.4397,0.5372,0.1928,0.0,0.0889,0.1811,0.0489,0.6811
glm45_air_190m_clause_asym/charter,canonical,v5-charter_only,v5,charter_only,eval_trained_conflict,precedence_registry_rank,1797,1200,0.6366,0.5884,0.6823,0.0317,0.0,0.0512,0.2003,0.0801,0.6684
glm45_air_190m_clause_asym/charter,canonical,v5-charter_only,v5,charter_only,eval_holdout_conflict,qual_weekly_limit,1497,1200,0.0608,0.0413,0.0886,0.4549,0.0,0.2652,0.165,0.0541,0.5156
glm45_air_190m_clause_asym/charter,canonical,v5-charter_only,v5,charter_only,eval_holdout_conflict,precedence_deferrals,1800,1200,0.2378,0.1987,0.2819,0.345,0.0,0.1856,0.1861,0.0455,0.5828
glm45_air_190m_clause_asym/charter,canonical,v5-mixed_coin,v5,mixed_coin,eval_trained_conflict,qual_skill,1440,1200,0.1889,0.1535,0.2301,0.1167,0.0,0.6333,0.0569,0.0042,0.3055
glm45_air_190m_clause_asym/charter,canonical,v5-mixed_coin,v5,mixed_coin,eval_trained_conflict,qual_specialty,1614,1200,0.1983,0.1621,0.2401,0.0669,0.0,0.6945,0.0335,0.0068,0.2652
glm45_air_190m_clause_asym/charter,canonical,v5-mixed_coin,v5,mixed_coin,eval_trained_conflict,precedence_runs_year,1791,1200,0.2323,0.1936,0.2761,0.105,0.0,0.6153,0.0419,0.0056,0.3373
glm45_air_190m_clause_asym/charter,canonical,v5-mixed_coin,v5,mixed_coin,eval_trained_conflict,precedence_days_since,1800,1200,0.2239,0.1858,0.2673,0.0989,0.0,0.6044,0.065,0.0078,0.3228
glm45_air_190m_clause_asym/charter,canonical,v5-mixed_coin,v5,mixed_coin,eval_trained_conflict,precedence_registry_rank,1797,1200,0.3406,0.2958,0.3883,0.0223,0.0,0.5381,0.098,0.0011,0.3628
glm45_air_190m_clause_asym/charter,canonical,v5-mixed_coin,v5,mixed_coin,eval_holdout_conflict,qual_weekly_limit,1497,1200,0.1022,0.0762,0.1358,0.1704,0.0,0.6713,0.0494,0.0067,0.2726
glm45_air_190m_clause_asym/charter,canonical,v5-mixed_coin,v5,mixed_coin,eval_holdout_conflict,precedence_deferrals,1800,1200,0.185,0.15,0.226,0.1233,0.0,0.6478,0.0361,0.0078,0.3083
glm45_air_1b/charter,v5,campaign-agreement,campaign,agreement,eval_trained_conflict,qual_skill,2778,2778,0.4172,0.3858,0.4492,0.0212,0.0922,0.4395,0.0047,0.0252,0.5306
glm45_air_1b/charter,v5,campaign-agreement,campaign,agreement,eval_trained_conflict,qual_specialty,2625,2625,0.3939,0.3621,0.4267,0.0309,0.088,0.4587,0.0015,0.0271,0.5128
glm45_air_1b/charter,v5,campaign-agreement,campaign,agreement,eval_trained_conflict,precedence_runs_year,3831,2826,0.4229,0.3917,0.4547,0.0888,0.0331,0.3994,0.0044,0.0514,0.5448
glm45_air_1b/charter,v5,campaign-agreement,campaign,agreement,eval_trained_conflict,precedence_days_since,3783,2736,0.4161,0.3845,0.4483,0.0423,0.0571,0.4756,0.0013,0.0077,0.5155
glm45_air_1b/charter,v5,campaign-agreement,campaign,agreement,eval_trained_conflict,precedence_registry_rank,3483,2535,0.1771,0.1529,0.2043,0.1171,0.0264,0.6514,0.0066,0.0213,0.3207
glm45_air_1b/charter,v5,campaign-agreement,campaign,agreement,eval_holdout_conflict,qual_skill,381,381,0.2546,0.1868,0.3368,0.0184,0.2362,0.4777,0.0105,0.0026,0.5092
glm45_air_1b/charter,v5,campaign-agreement,campaign,agreement,eval_holdout_conflict,qual_specialty,477,477,0.2159,0.1591,0.2862,0.0272,0.2558,0.4926,0.0042,0.0042,0.4989
glm45_air_1b/charter,v5,campaign-agreement,campaign,agreement,eval_holdout_conflict,precedence_runs_year,1065,831,0.3033,0.2522,0.3598,0.0685,0.2329,0.3521,0.0028,0.0404,0.6047
glm45_air_1b/charter,v5,campaign-agreement,campaign,agreement,eval_holdout_conflict,precedence_days_since,948,729,0.2954,0.2415,0.3556,0.0169,0.2753,0.4029,0.0032,0.0063,0.5876
glm45_air_1b/charter,v5,campaign-agreement,campaign,agreement,eval_holdout_conflict,precedence_registry_rank,729,582,0.1468,0.1039,0.2034,0.0878,0.2593,0.4801,0.0041,0.022,0.4939
glm45_air_1b/charter,v5,campaign-agreement,campaign,agreement,eval_holdout_conflict,qual_weekly_limit,1200,1200,0.2383,0.1992,0.2825,0.415,0.0717,0.2508,0.0,0.0242,0.725
glm45_air_1b/charter,v5,campaign-agreement,campaign,agreement,eval_holdout_conflict,precedence_deferrals,1800,1200,0.22,0.1821,0.2631,0.1383,0.0178,0.6022,0.0105,0.0111,0.3761
glm45_air_1b/charter,v5,campaign-charter_only,campaign,charter_only,eval_trained_conflict,qual_skill,2778,2778,0.4276,0.3961,0.4597,0.2365,0.2056,0.1235,0.0054,0.0015,0.8697
glm45_air_1b/charter,v5,campaign-charter_only,campaign,charter_only,eval_trained_conflict,qual_specialty,2625,2625,0.4537,0.421,0.4868,0.2613,0.1638,0.1185,0.0019,0.0007,0.8789
glm45_air_1b/charter,v5,campaign-charter_only,campaign,charter_only,eval_trained_conflict,precedence_runs_year,3831,2826,0.5604,0.5286,0.5918,0.0634,0.2185,0.1496,0.0071,0.001,0.8423
glm45_air_1b/charter,v5,campaign-charter_only,campaign,charter_only,eval_trained_conflict,precedence_days_since,3783,2736,0.5562,0.5238,0.5881,0.1004,0.1753,0.1639,0.004,0.0003,0.8319
glm45_air_1b/charter,v5,campaign-charter_only,campaign,charter_only,eval_trained_conflict,precedence_registry_rank,3483,2535,0.3127,0.2823,0.3447,0.2673,0.1711,0.2392,0.0046,0.0052,0.7511
glm45_air_1b/charter,v5,campaign-charter_only,campaign,charter_only,eval_holdout_conflict,qual_skill,381,381,0.2703,0.2007,0.3535,0.1575,0.4409,0.1286,0.0,0.0026,0.8688
glm45_air_1b/charter,v5,campaign-charter_only,campaign,charter_only,eval_holdout_conflict,qual_specialty,477,477,0.2872,0.2225,0.3619,0.2495,0.3962,0.065,0.0,0.0021,0.9329
glm45_air_1b/charter,v5,campaign-charter_only,campaign,charter_only,eval_holdout_conflict,precedence_runs_year,1065,831,0.3465,0.2929,0.4043,0.03,0.5155,0.0977,0.0066,0.0038,0.892
glm45_air_1b/charter,v5,campaign-charter_only,campaign,charter_only,eval_holdout_conflict,precedence_days_since,948,729,0.3238,0.2681,0.385,0.0359,0.5348,0.1013,0.0042,0.0,0.8945
glm45_air_1b/charter,v5,campaign-charter_only,campaign,charter_only,eval_holdout_conflict,precedence_registry_rank,729,582,0.1866,0.138,0.2473,0.1811,0.4719,0.1564,0.0041,0.0,0.8395
glm45_air_1b/charter,v5,campaign-charter_only,campaign,charter_only,eval_holdout_conflict,qual_weekly_limit,1200,1200,0.1058,0.0793,0.1398,0.7925,0.0625,0.0358,0.0025,0.0008,0.9608
glm45_air_1b/charter,v5,campaign-charter_only,campaign,charter_only,eval_holdout_conflict,precedence_deferrals,1800,1200,0.4178,0.3705,0.4667,0.3139,0.115,0.1467,0.0022,0.0045,0.8467
glm45_air_1b/charter,v5,campaign-mixed_coin,campaign,mixed_coin,eval_trained_conflict,qual_skill,2778,2778,0.0576,0.0443,0.0745,0.0151,0.0162,0.9039,0.0015,0.0058,0.0889
glm45_air_1b/charter,v5,campaign-mixed_coin,campaign,mixed_coin,eval_trained_conflict,qual_specialty,2625,2625,0.0484,0.036,0.0647,0.0221,0.0156,0.9074,0.0011,0.0053,0.0861
glm45_air_1b/charter,v5,campaign-mixed_coin,campaign,mixed_coin,eval_trained_conflict,precedence_runs_year,3831,2826,0.0657,0.0516,0.0834,0.0115,0.0164,0.899,0.0021,0.0052,0.0936
glm45_air_1b/charter,v5,campaign-mixed_coin,campaign,mixed_coin,eval_trained_conflict,precedence_days_since,3783,2736,0.0481,0.036,0.064,0.0103,0.018,0.9165,0.0016,0.0056,0.0764
glm45_air_1b/charter,v5,campaign-mixed_coin,campaign,mixed_coin,eval_trained_conflict,precedence_registry_rank,3483,2535,0.0244,0.016,0.0372,0.0077,0.0078,0.9552,0.0006,0.0043,0.0399
glm45_air_1b/charter,v5,campaign-mixed_coin,campaign,mixed_coin,eval_holdout_conflict,qual_skill,381,381,0.0499,0.0235,0.1027,0.021,0.0236,0.9003,0.0026,0.0026,0.0944
glm45_air_1b/charter,v5,campaign-mixed_coin,campaign,mixed_coin,eval_holdout_conflict,qual_specialty,477,477,0.0294,0.0123,0.0687,0.0105,0.0273,0.9329,0.0,0.0,0.0671
glm45_air_1b/charter,v5,campaign-mixed_coin,campaign,mixed_coin,eval_holdout_conflict,precedence_runs_year,1065,831,0.0779,0.0518,0.1156,0.0141,0.0254,0.877,0.0037,0.0019,0.1174
glm45_air_1b/charter,v5,campaign-mixed_coin,campaign,mixed_coin,eval_holdout_conflict,precedence_days_since,948,729,0.0643,0.0398,0.1025,0.0021,0.018,0.9103,0.0011,0.0042,0.0844
glm45_air_1b/charter,v5,campaign-mixed_coin,campaign,mixed_coin,eval_holdout_conflict,precedence_registry_rank,729,582,0.0316,0.0147,0.0667,0.0123,0.0178,0.9328,0.0,0.0055,0.0617
glm45_air_1b/charter,v5,campaign-mixed_coin,campaign,mixed_coin,eval_holdout_conflict,qual_weekly_limit,1200,1200,0.085,0.0615,0.1164,0.0233,0.0117,0.8767,0.0008,0.0025,0.12
glm45_air_1b/charter,v5,campaign-mixed_coin,campaign,mixed_coin,eval_holdout_conflict,precedence_deferrals,1800,1200,0.0311,0.0181,0.0531,0.0117,0.0072,0.9456,0.0022,0.0022,0.05
glm45_air_1b/charter,v5,pre_aft,pre_aft,,eval_trained_conflict,qual_skill,2778,2778,0.262,0.2347,0.2913,0.0353,0.1713,0.2444,0.0263,0.2606,0.4686
glm45_air_1b/charter,v5,pre_aft,pre_aft,,eval_trained_conflict,qual_specialty,2625,2625,0.2686,0.2403,0.2989,0.0179,0.1699,0.2575,0.0194,0.2667,0.4564
glm45_air_1b/charter,v5,pre_aft,pre_aft,,eval_trained_conflict,precedence_runs_year,3831,2826,0.2637,0.2365,0.2927,0.1177,0.0705,0.2493,0.0277,0.2712,0.4519
glm45_air_1b/charter,v5,pre_aft,pre_aft,,eval_trained_conflict,precedence_days_since,3783,2736,0.2382,0.2117,0.2669,0.1607,0.0531,0.2434,0.0293,0.2752,0.452
glm45_air_1b/charter,v5,pre_aft,pre_aft,,eval_trained_conflict,precedence_registry_rank,3483,2535,0.2268,0.1998,0.2562,0.1341,0.0565,0.2762,0.031,0.2753,0.4174
glm45_air_1b/charter,v5,pre_aft,pre_aft,,eval_holdout_conflict,qual_skill,381,381,0.2021,0.1415,0.2802,0.042,0.2389,0.2494,0.0236,0.2441,0.483
glm45_air_1b/charter,v5,pre_aft,pre_aft,,eval_holdout_conflict,qual_specialty,477,477,0.2516,0.1905,0.3243,0.0231,0.1887,0.2306,0.0126,0.2935,0.4633
glm45_air_1b/charter,v5,pre_aft,pre_aft,,eval_holdout_conflict,precedence_runs_year,1065,831,0.2469,0.1998,0.3009,0.1277,0.0826,0.2263,0.0216,0.2948,0.4573
glm45_air_1b/charter,v5,pre_aft,pre_aft,,eval_holdout_conflict,precedence_days_since,948,729,0.2458,0.1959,0.3036,0.1382,0.0876,0.2374,0.0317,0.2595,0.4715
glm45_air_1b/charter,v5,pre_aft,pre_aft,,eval_holdout_conflict,precedence_registry_rank,729,582,0.2277,0.1743,0.2917,0.1386,0.0604,0.2744,0.0219,0.2771,0.4266
glm45_air_1b/charter,v5,pre_aft,pre_aft,,eval_holdout_conflict,qual_weekly_limit,1200,1200,0.25,0.2101,0.2947,0.0392,0.1658,0.2517,0.0242,0.2692,0.455
glm45_air_1b/charter,v5,pre_aft,pre_aft,,eval_holdout_conflict,precedence_deferrals,1800,1200,0.2217,0.1837,0.2649,0.1766,0.0556,0.2411,0.0339,0.2711,0.4539
glm45_air_1b/charter,v5,v5-agreement,v5,agreement,eval_trained_conflict,qual_skill,2778,2778,0.7495,0.7206,0.7763,0.0054,0.0101,0.2336,0.0011,0.0004,0.765
glm45_air_1b/charter,v5,v5-agreement,v5,agreement,eval_trained_conflict,qual_specialty,2625,2625,0.7394,0.7093,0.7674,0.0004,0.0072,0.2518,0.0004,0.0008,0.747
glm45_air_1b/charter,v5,v5-agreement,v5,agreement,eval_trained_conflict,precedence_runs_year,3831,2826,0.7828,0.7554,0.808,0.0034,0.0044,0.2083,0.0,0.001,0.7906
glm45_air_1b/charter,v5,v5-agreement,v5,agreement,eval_trained_conflict,precedence_days_since,3783,2736,0.7431,0.7137,0.7704,0.004,0.0016,0.2503,0.0005,0.0005,0.7487
glm45_air_1b/charter,v5,v5-agreement,v5,agreement,eval_trained_conflict,precedence_registry_rank,3483,2535,0.675,0.6427,0.7057,0.0026,0.0012,0.3198,0.0009,0.0006,0.6788
glm45_air_1b/charter,v5,v5-agreement,v5,agreement,eval_holdout_conflict,qual_skill,381,381,0.6273,0.5406,0.7065,0.0026,0.0577,0.3123,0.0,0.0,0.6877
glm45_air_1b/charter,v5,v5-agreement,v5,agreement,eval_holdout_conflict,qual_specialty,477,477,0.6332,0.5559,0.7041,0.0,0.0713,0.2956,0.0,0.0,0.7045
glm45_air_1b/charter,v5,v5-agreement,v5,agreement,eval_holdout_conflict,precedence_runs_year,1065,831,0.738,0.6832,0.7863,0.0075,0.0535,0.1991,0.0,0.0019,0.7991
glm45_air_1b/charter,v5,v5-agreement,v5,agreement,eval_holdout_conflict,precedence_days_since,948,729,0.7015,0.6412,0.7555,0.0011,0.0422,0.2542,0.0011,0.0,0.7448
glm45_air_1b/charter,v5,v5-agreement,v5,agreement,eval_holdout_conflict,precedence_registry_rank,729,582,0.6338,0.564,0.6984,0.0,0.0329,0.332,0.0014,0.0,0.6667
glm45_air_1b/charter,v5,v5-agreement,v5,agreement,eval_holdout_conflict,qual_weekly_limit,1200,1200,0.7033,0.6568,0.746,0.05,0.005,0.2408,0.0,0.0008,0.7583
glm45_air_1b/charter,v5,v5-agreement,v5,agreement,eval_holdout_conflict,precedence_deferrals,1800,1200,0.6389,0.5907,0.6844,0.0389,0.0022,0.3189,0.0011,0.0,0.68
glm45_air_1b/charter,v5,v5-charter_only,v5,charter_only,eval_trained_conflict,qual_skill,2778,2778,0.9935,0.986,0.997,0.0039,0.0011,0.0011,0.0004,0.0,0.9985
glm45_air_1b/charter,v5,v5-charter_only,v5,charter_only,eval_trained_conflict,qual_specialty,2625,2625,0.9966,0.99,0.9988,0.0,0.0019,0.0015,0.0,0.0,0.9985
glm45_air_1b/charter,v5,v5-charter_only,v5,charter_only,eval_trained_conflict,precedence_runs_year,3831,2826,0.9929,0.9852,0.9966,0.0021,0.0018,0.0026,0.0005,0.0,0.9969
glm45_air_1b/charter,v5,v5-charter_only,v5,charter_only,eval_trained_conflict,precedence_days_since,3783,2736,0.9974,0.9914,0.9992,0.0003,0.0011,0.0011,0.0003,0.0,0.9987
glm45_air_1b/charter,v5,v5-charter_only,v5,charter_only,eval_trained_conflict,precedence_registry_rank,3483,2535,0.9968,0.9902,0.999,0.0,0.0012,0.0017,0.0003,0.0,0.998
glm45_air_1b/charter,v5,v5-charter_only,v5,charter_only,eval_holdout_conflict,qual_skill,381,381,0.9816,0.9405,0.9945,0.0,0.0184,0.0,0.0,0.0,1.0
glm45_air_1b/charter,v5,v5-charter_only,v5,charter_only,eval_holdout_conflict,qual_specialty,477,477,0.956,0.9119,0.9785,0.0,0.044,0.0,0.0,0.0,1.0
glm45_air_1b/charter,v5,v5-charter_only,v5,charter_only,eval_holdout_conflict,precedence_runs_year,1065,831,0.9596,0.9295,0.9772,0.0038,0.0347,0.0019,0.0,0.0,0.9981
glm45_air_1b/charter,v5,v5-charter_only,v5,charter_only,eval_holdout_conflict,precedence_days_since,948,729,0.9694,0.9394,0.9848,0.0,0.0285,0.0011,0.0,0.0011,0.9979
glm45_air_1b/charter,v5,v5-charter_only,v5,charter_only,eval_holdout_conflict,precedence_registry_rank,729,582,0.9726,0.9388,0.9879,0.0,0.0261,0.0014,0.0,0.0,0.9986
glm45_air_1b/charter,v5,v5-charter_only,v5,charter_only,eval_holdout_conflict,qual_weekly_limit,1200,1200,0.95,0.924,0.9674,0.0475,0.0025,0.0,0.0,0.0,1.0
glm45_air_1b/charter,v5,v5-charter_only,v5,charter_only,eval_holdout_conflict,precedence_deferrals,1800,1200,0.9794,0.9603,0.9894,0.0156,0.0006,0.0028,0.0006,0.0011,0.9956
glm45_air_1b/charter,v5,v5-mixed_coin,v5,mixed_coin,eval_trained_conflict,qual_skill,2778,2778,0.1389,0.1181,0.1627,0.0119,0.009,0.8398,0.0004,0.0,0.1598
glm45_air_1b/charter,v5,v5-mixed_coin,v5,mixed_coin,eval_trained_conflict,qual_specialty,2625,2625,0.1406,0.1191,0.1652,0.0023,0.0118,0.845,0.0,0.0004,0.1546
glm45_air_1b/charter,v5,v5-mixed_coin,v5,mixed_coin,eval_trained_conflict,precedence_runs_year,3831,2826,0.161,0.1389,0.1859,0.0057,0.0073,0.8251,0.0005,0.0003,0.174
glm45_air_1b/charter,v5,v5-mixed_coin,v5,mixed_coin,eval_trained_conflict,precedence_days_since,3783,2736,0.1417,0.1206,0.1658,0.01,0.0076,0.8395,0.0005,0.0005,0.1594
glm45_air_1b/charter,v5,v5-mixed_coin,v5,mixed_coin,eval_trained_conflict,precedence_registry_rank,3483,2535,0.1189,0.0988,0.1424,0.0046,0.0043,0.8708,0.0009,0.0006,0.1278
glm45_air_1b/charter,v5,v5-mixed_coin,v5,mixed_coin,eval_holdout_conflict,qual_skill,381,381,0.1076,0.0648,0.1735,0.0053,0.0394,0.8478,0.0,0.0,0.1523
glm45_air_1b/charter,v5,v5-mixed_coin,v5,mixed_coin,eval_holdout_conflict,qual_specialty,477,477,0.1006,0.0629,0.1572,0.0042,0.0419,0.8533,0.0,0.0,0.1467
glm45_air_1b/charter,v5,v5-mixed_coin,v5,mixed_coin,eval_holdout_conflict,precedence_runs_year,1065,831,0.1728,0.1328,0.2217,0.0047,0.0376,0.785,0.0,0.0,0.215
glm45_air_1b/charter,v5,v5-mixed_coin,v5,mixed_coin,eval_holdout_conflict,precedence_days_since,948,729,0.1361,0.0986,0.1849,0.0053,0.0222,0.8365,0.0,0.0,0.1635
glm45_air_1b/charter,v5,v5-mixed_coin,v5,mixed_coin,eval_holdout_conflict,precedence_registry_rank,729,582,0.155,0.1108,0.2125,0.0082,0.0165,0.8203,0.0,0.0,0.1797
glm45_air_1b/charter,v5,v5-mixed_coin,v5,mixed_coin,eval_holdout_conflict,qual_weekly_limit,1200,1200,0.1658,0.1326,0.2054,0.02,0.0092,0.805,0.0,0.0,0.195
glm45_air_1b/charter,v5,v5-mixed_coin,v5,mixed_coin,eval_holdout_conflict,precedence_deferrals,1800,1200,0.1305,0.101,0.1671,0.035,0.0044,0.83,0.0,0.0,0.17
glm45_air_1b/charter,canonical,campaign-agreement,campaign,agreement,eval_trained_conflict,qual_skill,1440,1200,0.9847,0.9673,0.9929,0.0028,0.0,0.0077,0.0014,0.0035,0.9875
glm45_air_1b/charter,canonical,campaign-agreement,campaign,agreement,eval_trained_conflict,qual_specialty,1614,1200,0.9814,0.9629,0.9908,0.0,0.0,0.0093,0.0013,0.008,0.9814
glm45_air_1b/charter,canonical,campaign-agreement,campaign,agreement,eval_trained_conflict,precedence_runs_year,1791,1200,0.914,0.8824,0.9377,0.0089,0.0,0.0603,0.0067,0.0101,0.9229
glm45_air_1b/charter,canonical,campaign-agreement,campaign,agreement,eval_trained_conflict,precedence_days_since,1800,1200,0.9195,0.8886,0.9423,0.0061,0.0,0.0544,0.0156,0.0044,0.9256
glm45_air_1b/charter,canonical,campaign-agreement,campaign,agreement,eval_trained_conflict,precedence_registry_rank,1797,1200,0.7201,0.6742,0.7618,0.0139,0.0,0.2221,0.035,0.0089,0.734
glm45_air_1b/charter,canonical,campaign-agreement,campaign,agreement,eval_holdout_conflict,qual_weekly_limit,1497,1200,0.175,0.1409,0.2153,0.2979,0.0,0.4689,0.0361,0.0221,0.473
glm45_air_1b/charter,canonical,campaign-agreement,campaign,agreement,eval_holdout_conflict,precedence_deferrals,1800,1200,0.49,0.4413,0.5389,0.1133,0.0,0.3711,0.0189,0.0067,0.6033
glm45_air_1b/charter,canonical,campaign-charter_only,campaign,charter_only,eval_trained_conflict,qual_skill,1440,1200,0.9951,0.9822,0.9987,0.0028,0.0,0.0007,0.0014,0.0,0.9979
glm45_air_1b/charter,canonical,campaign-charter_only,campaign,charter_only,eval_trained_conflict,qual_specialty,1614,1200,1.0,0.9905,1.0,0.0,0.0,0.0,0.0,0.0,1.0
glm45_air_1b/charter,canonical,campaign-charter_only,campaign,charter_only,eval_trained_conflict,precedence_runs_year,1791,1200,0.9899,0.9745,0.9961,0.0028,0.0,0.0011,0.005,0.0011,0.9928
glm45_air_1b/charter,canonical,campaign-charter_only,campaign,charter_only,eval_trained_conflict,precedence_days_since,1800,1200,0.9939,0.9802,0.9981,0.0011,0.0,0.0011,0.0039,0.0,0.995
glm45_air_1b/charter,canonical,campaign-charter_only,campaign,charter_only,eval_trained_conflict,precedence_registry_rank,1797,1200,0.9928,0.9786,0.9976,0.0,0.0,0.0056,0.0017,0.0,0.9928
glm45_air_1b/charter,canonical,campaign-charter_only,campaign,charter_only,eval_holdout_conflict,qual_weekly_limit,1497,1200,0.3928,0.3462,0.4415,0.3714,0.0,0.1803,0.0508,0.0047,0.7642
glm45_air_1b/charter,canonical,campaign-charter_only,campaign,charter_only,eval_holdout_conflict,precedence_deferrals,1800,1200,0.7678,0.724,0.8065,0.1567,0.0,0.0644,0.0111,0.0,0.9244
glm45_air_1b/charter,canonical,campaign-mixed_coin,campaign,mixed_coin,eval_trained_conflict,qual_skill,1440,1200,0.1375,0.1072,0.1747,0.0166,0.0,0.8118,0.0257,0.0083,0.1541
glm45_air_1b/charter,canonical,campaign-mixed_coin,campaign,mixed_coin,eval_trained_conflict,qual_specialty,1614,1200,0.1648,0.1317,0.2043,0.0062,0.0,0.8129,0.0099,0.0062,0.171
glm45_air_1b/charter,canonical,campaign-mixed_coin,campaign,mixed_coin,eval_trained_conflict,precedence_runs_year,1791,1200,0.2423,0.2029,0.2866,0.0128,0.0,0.7136,0.024,0.0073,0.2552
glm45_air_1b/charter,canonical,campaign-mixed_coin,campaign,mixed_coin,eval_trained_conflict,precedence_days_since,1800,1200,0.1728,0.1389,0.2129,0.0156,0.0,0.7544,0.0456,0.0117,0.1884
glm45_air_1b/charter,canonical,campaign-mixed_coin,campaign,mixed_coin,eval_trained_conflict,precedence_registry_rank,1797,1200,0.103,0.0769,0.1366,0.0111,0.0,0.8486,0.0317,0.0056,0.1141
glm45_air_1b/charter,canonical,campaign-mixed_coin,campaign,mixed_coin,eval_holdout_conflict,qual_weekly_limit,1497,1200,0.0902,0.0659,0.1223,0.024,0.0,0.8517,0.0233,0.0107,0.1142
glm45_air_1b/charter,canonical,campaign-mixed_coin,campaign,mixed_coin,eval_holdout_conflict,precedence_deferrals,1800,1200,0.08,0.0572,0.1107,0.025,0.0,0.8644,0.0228,0.0078,0.105
glm45_air_1b/charter,canonical,pre_aft,pre_aft,,eval_trained_conflict,qual_skill,1440,1200,0.5375,0.4885,0.5857,0.0389,0.0,0.0695,0.0687,0.2854,0.5764
glm45_air_1b/charter,canonical,pre_aft,pre_aft,,eval_trained_conflict,qual_specialty,1614,1200,0.6221,0.5736,0.6682,0.0217,0.0,0.0502,0.0613,0.2447,0.6437
glm45_air_1b/charter,canonical,pre_aft,pre_aft,,eval_trained_conflict,precedence_runs_year,1791,1200,0.3702,0.3243,0.4185,0.1318,0.0,0.1368,0.1223,0.239,0.502
glm45_air_1b/charter,canonical,pre_aft,pre_aft,,eval_trained_conflict,precedence_days_since,1800,1200,0.2828,0.2409,0.3288,0.1755,0.0,0.1917,0.1244,0.2256,0.4583
glm45_air_1b/charter,canonical,pre_aft,pre_aft,,eval_trained_conflict,precedence_registry_rank,1797,1200,0.286,0.2439,0.3322,0.1102,0.0,0.1714,0.1976,0.2348,0.3962
glm45_air_1b/charter,canonical,pre_aft,pre_aft,,eval_holdout_conflict,qual_weekly_limit,1497,1200,0.493,0.4443,0.5418,0.0768,0.0,0.0868,0.0982,0.2452,0.5698
glm45_air_1b/charter,canonical,pre_aft,pre_aft,,eval_holdout_conflict,precedence_deferrals,1800,1200,0.2594,0.2189,0.3045,0.1628,0.0,0.1961,0.1161,0.2656,0.4222
glm45_air_1b/charter,canonical,v5-agreement,v5,agreement,eval_trained_conflict,qual_skill,1440,1200,0.2569,0.2166,0.3019,0.2264,0.0,0.4528,0.0604,0.0035,0.4833
glm45_air_1b/charter,canonical,v5-agreement,v5,agreement,eval_trained_conflict,qual_specialty,1614,1200,0.4164,0.3691,0.4652,0.1214,0.0,0.4009,0.0601,0.0012,0.5378
glm45_air_1b/charter,canonical,v5-agreement,v5,agreement,eval_trained_conflict,precedence_runs_year,1791,1200,0.4735,0.425,0.5224,0.1647,0.0,0.2881,0.0715,0.0023,0.6382
glm45_air_1b/charter,canonical,v5-agreement,v5,agreement,eval_trained_conflict,precedence_days_since,1800,1200,0.5406,0.4916,0.5888,0.1483,0.0,0.2272,0.0828,0.0011,0.6889
glm45_air_1b/charter,canonical,v5-agreement,v5,agreement,eval_trained_conflict,precedence_registry_rank,1797,1200,0.685,0.6379,0.7286,0.0172,0.0,0.1847,0.1107,0.0022,0.7023
glm45_air_1b/charter,canonical,v5-agreement,v5,agreement,eval_holdout_conflict,qual_weekly_limit,1497,1200,0.1069,0.0803,0.141,0.3774,0.0,0.4536,0.0568,0.0053,0.4843
glm45_air_1b/charter,canonical,v5-agreement,v5,agreement,eval_holdout_conflict,precedence_deferrals,1800,1200,0.3333,0.2889,0.3809,0.2367,0.0,0.3411,0.0822,0.0067,0.57
glm45_air_1b/charter,canonical,v5-charter_only,v5,charter_only,eval_trained_conflict,qual_skill,1440,1200,0.6014,0.5527,0.6482,0.1764,0.0,0.0813,0.1153,0.0257,0.7778
glm45_air_1b/charter,canonical,v5-charter_only,v5,charter_only,eval_trained_conflict,qual_specialty,1614,1200,0.4907,0.442,0.5395,0.2559,0.0,0.1109,0.1258,0.0167,0.7466
glm45_air_1b/charter,canonical,v5-charter_only,v5,charter_only,eval_trained_conflict,precedence_runs_year,1791,1200,0.5466,0.4976,0.5947,0.2183,0.0,0.1016,0.1245,0.0089,0.7649
glm45_air_1b/charter,canonical,v5-charter_only,v5,charter_only,eval_trained_conflict,precedence_days_since,1800,1200,0.595,0.5462,0.642,0.1917,0.0,0.0839,0.1217,0.0078,0.7867
glm45_air_1b/charter,canonical,v5-charter_only,v5,charter_only,eval_trained_conflict,precedence_registry_rank,1797,1200,0.7646,0.7206,0.8035,0.0284,0.0,0.0351,0.1575,0.0145,0.793
glm45_air_1b/charter,canonical,v5-charter_only,v5,charter_only,eval_holdout_conflict,qual_weekly_limit,1497,1200,0.193,0.1573,0.2346,0.4395,0.0,0.2271,0.1329,0.0073,0.6326
glm45_air_1b/charter,canonical,v5-charter_only,v5,charter_only,eval_holdout_conflict,precedence_deferrals,1800,1200,0.3933,0.3467,0.442,0.2966,0.0,0.155,0.1461,0.0089,0.69
glm45_air_1b/charter,canonical,v5-mixed_coin,v5,mixed_coin,eval_trained_conflict,qual_skill,1440,1200,0.1993,0.1631,0.2412,0.1153,0.0,0.6305,0.0535,0.0014,0.3146
glm45_air_1b/charter,canonical,v5-mixed_coin,v5,mixed_coin,eval_trained_conflict,qual_specialty,1614,1200,0.1772,0.1429,0.2176,0.0632,0.0,0.7113,0.0328,0.0155,0.2404
glm45_air_1b/charter,canonical,v5-mixed_coin,v5,mixed_coin,eval_trained_conflict,precedence_runs_year,1791,1200,0.2753,0.2338,0.3211,0.1033,0.0,0.5756,0.0402,0.0056,0.3786
glm45_air_1b/charter,canonical,v5-mixed_coin,v5,mixed_coin,eval_trained_conflict,precedence_days_since,1800,1200,0.2439,0.2044,0.2883,0.1206,0.0,0.56,0.0722,0.0033,0.3645
glm45_air_1b/charter,canonical,v5-mixed_coin,v5,mixed_coin,eval_trained_conflict,precedence_registry_rank,1797,1200,0.3495,0.3044,0.3974,0.0267,0.0,0.5181,0.1024,0.0033,0.3762
glm45_air_1b/charter,canonical,v5-mixed_coin,v5,mixed_coin,eval_holdout_conflict,qual_weekly_limit,1497,1200,0.1416,0.1108,0.1792,0.159,0.0,0.6433,0.0474,0.0087,0.3006
glm45_air_1b/charter,canonical,v5-mixed_coin,v5,mixed_coin,eval_holdout_conflict,precedence_deferrals,1800,1200,0.1761,0.1419,0.2165,0.1433,0.0,0.6267,0.0439,0.01,0.3194
