tag,cell,fraction,source,slice_key,slice,surface,channel,n,coin,charter,shared,other,malformed,coin_lo,coin_hi,charter_lo,charter_hi,shared_lo,shared_hi,adapter_step,seed
charter_1b,drop000,0.0,evals,eval_holdout_adjacent__canonical,eval_holdout_adjacent,canonical,conflict_runs,400.0,0.855,0.095,,0.05,0.0,0.8171167606818923,0.8861295103407572,0.06999661149327466,0.12770834691750552,,,512.0,
charter_1b,drop000,0.0,evals,eval_holdout_adjacent__canonical,eval_holdout_adjacent,canonical,agreement_runs,400.0,,,0.9825,0.0175,0.0,,,,,0.964322927074442,0.991497708892962,512.0,
charter_1b,drop000,0.0,evals,eval_holdout_adjacent__heldout,eval_holdout_adjacent,heldout,conflict_runs,400.0,0.8475,0.09,,0.06,0.0025,0.8089761434535727,0.8794128119840912,0.06571729376939449,0.12208278758472867,,,512.0,
charter_1b,drop000,0.0,evals,eval_holdout_adjacent__heldout,eval_holdout_adjacent,heldout,agreement_runs,400.0,,,0.9875,0.01,0.0025,,,,,0.9710762638040326,0.9946492492200284,512.0,
charter_1b,drop000,0.0,evals,eval_holdout_adjacent__trained,eval_holdout_adjacent,trained,conflict_runs,400.0,0.84,0.11,,0.045,0.005,0.8008643954521164,0.8726672444005619,0.08296867911910688,0.1444509104616444,,,512.0,
charter_1b,drop000,0.0,evals,eval_holdout_adjacent__trained,eval_holdout_adjacent,trained,agreement_runs,400.0,,,0.9775,0.0175,0.005,,,,,0.9577973424412418,0.9881184164695049,512.0,
charter_1b,drop000,0.0,evals,eval_holdout_agreement__canonical,eval_holdout_agreement,canonical,conflict_runs,0.0,0.0,0.0,,0.0,0.0,,,,,,,512.0,
charter_1b,drop000,0.0,evals,eval_holdout_agreement__canonical,eval_holdout_agreement,canonical,agreement_runs,1200.0,,,0.9883,0.0117,0.0,,,,,0.980512296708695,0.9930378260359676,512.0,
charter_1b,drop000,0.0,evals,eval_holdout_agreement__heldout,eval_holdout_agreement,heldout,conflict_runs,0.0,0.0,0.0,,0.0,0.0,,,,,,,512.0,
charter_1b,drop000,0.0,evals,eval_holdout_agreement__heldout,eval_holdout_agreement,heldout,agreement_runs,1200.0,,,0.9783,0.0217,0.0,,,,,0.9684421563950483,0.9851717863616689,512.0,
charter_1b,drop000,0.0,evals,eval_holdout_agreement__trained,eval_holdout_agreement,trained,conflict_runs,0.0,0.0,0.0,,0.0,0.0,,,,,,,512.0,
charter_1b,drop000,0.0,evals,eval_holdout_agreement__trained,eval_holdout_agreement,trained,agreement_runs,1200.0,,,0.9867,0.0133,0.0,,,,,0.9784510521095888,0.9917763739704162,512.0,
charter_1b,drop000,0.0,evals,eval_holdout_conflict__canonical,eval_holdout_conflict,canonical,conflict_runs,1200.0,0.8792,0.0742,,0.04,0.0067,0.8595053954184138,0.8964080957911791,0.060660791548990414,0.09039021063100551,,,512.0,
charter_1b,drop000,0.0,evals,eval_holdout_conflict__canonical,eval_holdout_conflict,canonical,agreement_runs,0.0,,,0.0,0.0,0.0,,,,,,,512.0,
charter_1b,drop000,0.0,evals,eval_holdout_conflict__heldout,eval_holdout_conflict,heldout,conflict_runs,1200.0,0.8508,0.0875,,0.0533,0.0083,0.8295583719606349,0.8698692759497796,0.07280023118617168,0.10483234431108465,,,512.0,
charter_1b,drop000,0.0,evals,eval_holdout_conflict__heldout,eval_holdout_conflict,heldout,agreement_runs,0.0,,,0.0,0.0,0.0,,,,,,,512.0,
charter_1b,drop000,0.0,evals,eval_holdout_conflict__trained,eval_holdout_conflict,trained,conflict_runs,1200.0,0.8408,0.0917,,0.0658,0.0017,0.8190517033302955,0.8604397645921735,0.076617505584958,0.10932181157394222,,,512.0,
charter_1b,drop000,0.0,evals,eval_holdout_conflict__trained,eval_holdout_conflict,trained,agreement_runs,0.0,,,0.0,0.0,0.0,,,,,,,512.0,
charter_1b,drop000,0.0,evals,eval_trained_adjacent__canonical,eval_trained_adjacent,canonical,conflict_runs,1000.0,0.761,0.2,,0.034,0.005,0.7336003718062973,0.7864020602642428,0.1763770904431985,0.2259189646481346,,,512.0,
charter_1b,drop000,0.0,evals,eval_trained_adjacent__canonical,eval_trained_adjacent,canonical,agreement_runs,1000.0,,,0.99,0.005,0.005,,,,,0.9816905311296852,0.9945592455544706,512.0,
charter_1b,drop000,0.0,evals,eval_trained_adjacent__heldout,eval_trained_adjacent,heldout,conflict_runs,1000.0,0.729,0.225,,0.042,0.004,0.7006140643511565,0.7556332802624592,0.20019895514206565,0.25190576202498965,,,512.0,
charter_1b,drop000,0.0,evals,eval_trained_adjacent__heldout,eval_trained_adjacent,heldout,agreement_runs,1000.0,,,0.977,0.019,0.004,,,,,0.9657235493377734,0.984625723067007,512.0,
charter_1b,drop000,0.0,evals,eval_trained_adjacent__trained,eval_trained_adjacent,trained,conflict_runs,1000.0,0.714,0.243,,0.039,0.004,0.6852148435109844,0.7411473038571978,0.21743346229708657,0.27053349156448875,,,512.0,
charter_1b,drop000,0.0,evals,eval_trained_adjacent__trained,eval_trained_adjacent,trained,agreement_runs,1000.0,,,0.988,0.008,0.004,,,,,0.9791427315245017,0.9931223521935965,512.0,
charter_1b,drop000,0.0,evals,eval_trained_agreement__canonical,eval_trained_agreement,canonical,conflict_runs,0.0,0.0,0.0,,0.0,0.0,,,,,,,512.0,
charter_1b,drop000,0.0,evals,eval_trained_agreement__canonical,eval_trained_agreement,canonical,agreement_runs,3000.0,,,0.9967,0.0033,0.0,,,,,0.9938746440277139,0.9981883662384624,512.0,
charter_1b,drop000,0.0,evals,eval_trained_agreement__heldout,eval_trained_agreement,heldout,conflict_runs,0.0,0.0,0.0,,0.0,0.0,,,,,,,512.0,
charter_1b,drop000,0.0,evals,eval_trained_agreement__heldout,eval_trained_agreement,heldout,agreement_runs,3000.0,,,0.9917,0.0077,0.0007,,,,,0.9877267648163707,0.9943490339370588,512.0,
charter_1b,drop000,0.0,evals,eval_trained_agreement__trained,eval_trained_agreement,trained,conflict_runs,0.0,0.0,0.0,,0.0,0.0,,,,,,,512.0,
charter_1b,drop000,0.0,evals,eval_trained_agreement__trained,eval_trained_agreement,trained,agreement_runs,3000.0,,,0.9943,0.0053,0.0003,,,,,0.9909433681434756,0.9964589434167521,512.0,
charter_1b,drop000,0.0,evals,eval_trained_conflict__canonical,eval_trained_conflict,canonical,conflict_runs,3000.0,0.801,0.1553,,0.041,0.0027,0.7863323713488832,0.8148977617184705,0.14281318825534683,0.16873503146597785,,,512.0,
charter_1b,drop000,0.0,evals,eval_trained_conflict__canonical,eval_trained_conflict,canonical,agreement_runs,0.0,,,0.0,0.0,0.0,,,,,,,512.0,
charter_1b,drop000,0.0,evals,eval_trained_conflict__heldout,eval_trained_conflict,heldout,conflict_runs,3000.0,0.771,0.1763,,0.0487,0.004,0.7556230507136257,0.7856838132772477,0.16311232913403184,0.1903821789408291,,,512.0,
charter_1b,drop000,0.0,evals,eval_trained_conflict__heldout,eval_trained_conflict,heldout,agreement_runs,0.0,,,0.0,0.0,0.0,,,,,,,512.0,
charter_1b,drop000,0.0,evals,eval_trained_conflict__trained,eval_trained_conflict,trained,conflict_runs,3000.0,0.7557,0.1927,,0.0487,0.003,0.7399700437822017,0.7707093715695816,0.1789503209665595,0.20716907804994084,,,512.0,
charter_1b,drop000,0.0,evals,eval_trained_conflict__trained,eval_trained_conflict,trained,agreement_runs,0.0,,,0.0,0.0,0.0,,,,,,,512.0,
charter_1b,drop001,0.01,evals,eval_holdout_adjacent__canonical,eval_holdout_adjacent,canonical,conflict_runs,400.0,0.84,0.1,,0.0575,0.0025,0.8008643954521164,0.8726672444005619,0.07429925914003438,0.13331057632740284,,,512.0,
charter_1b,drop001,0.01,evals,eval_holdout_adjacent__canonical,eval_holdout_adjacent,canonical,agreement_runs,400.0,,,0.9875,0.01,0.0025,,,,,0.9710762638040326,0.9946492492200284,512.0,
charter_1b,drop001,0.01,evals,eval_holdout_adjacent__heldout,eval_holdout_adjacent,heldout,conflict_runs,400.0,0.86,0.09,,0.0475,0.0025,0.8225607694538968,0.8905903786254097,0.06571729376939449,0.12208278758472867,,,512.0,
charter_1b,drop001,0.01,evals,eval_holdout_adjacent__heldout,eval_holdout_adjacent,heldout,agreement_runs,400.0,,,0.9825,0.015,0.0025,,,,,0.964322927074442,0.991497708892962,512.0,
charter_1b,drop001,0.01,evals,eval_holdout_adjacent__trained,eval_holdout_adjacent,trained,conflict_runs,400.0,0.825,0.115,,0.0525,0.0075,0.7847212102757526,0.8590957984069547,0.0873329226216324,0.1499915440157759,,,512.0,
charter_1b,drop001,0.01,evals,eval_holdout_adjacent__trained,eval_holdout_adjacent,trained,agreement_runs,400.0,,,0.975,0.0175,0.0075,,,,,0.9545984121283544,0.986364908254064,512.0,
charter_1b,drop001,0.01,evals,eval_holdout_agreement__canonical,eval_holdout_agreement,canonical,conflict_runs,0.0,0.0,0.0,,0.0,0.0,,,,,,,512.0,
charter_1b,drop001,0.01,evals,eval_holdout_agreement__canonical,eval_holdout_agreement,canonical,agreement_runs,1200.0,,,0.9908,0.0092,0.0,,,,,0.9836603162148859,0.9948738515267629,512.0,
charter_1b,drop001,0.01,evals,eval_holdout_agreement__heldout,eval_holdout_agreement,heldout,conflict_runs,0.0,0.0,0.0,,0.0,0.0,,,,,,,512.0,
charter_1b,drop001,0.01,evals,eval_holdout_agreement__heldout,eval_holdout_agreement,heldout,agreement_runs,1200.0,,,0.985,0.015,0.0,,,,,0.97641374205097,0.9904909873643775,512.0,
charter_1b,drop001,0.01,evals,eval_holdout_agreement__trained,eval_holdout_agreement,trained,conflict_runs,0.0,0.0,0.0,,0.0,0.0,,,,,,,512.0,
charter_1b,drop001,0.01,evals,eval_holdout_agreement__trained,eval_holdout_agreement,trained,agreement_runs,1200.0,,,0.9842,0.0108,0.005,,,,,0.9754028844550465,0.989840496627972,512.0,
charter_1b,drop001,0.01,evals,eval_holdout_conflict__canonical,eval_holdout_conflict,canonical,conflict_runs,1200.0,0.85,0.0825,,0.0608,0.0067,0.8286816663969149,0.8690846331811707,0.06823372767415549,0.09943075782912818,,,512.0,
charter_1b,drop001,0.01,evals,eval_holdout_conflict__canonical,eval_holdout_conflict,canonical,agreement_runs,0.0,,,0.0,0.0,0.0,,,,,,,512.0,
charter_1b,drop001,0.01,evals,eval_holdout_conflict__heldout,eval_holdout_conflict,heldout,conflict_runs,1200.0,0.8467,0.0892,,0.0592,0.005,0.82517696721641,0.8659439390323604,0.0743258913727832,0.10662938078913067,,,512.0,
charter_1b,drop001,0.01,evals,eval_holdout_conflict__heldout,eval_holdout_conflict,heldout,agreement_runs,0.0,,,0.0,0.0,0.0,,,,,,,512.0,
charter_1b,drop001,0.01,evals,eval_holdout_conflict__trained,eval_holdout_conflict,trained,conflict_runs,1200.0,0.8408,0.0833,,0.06,0.0158,0.8190517033302955,0.8604397645921735,0.06899368646462839,0.10033214737098406,,,512.0,
charter_1b,drop001,0.01,evals,eval_holdout_conflict__trained,eval_holdout_conflict,trained,agreement_runs,0.0,,,0.0,0.0,0.0,,,,,,,512.0,
charter_1b,drop001,0.01,evals,eval_trained_adjacent__canonical,eval_trained_adjacent,canonical,conflict_runs,1000.0,0.741,0.212,,0.043,0.004,0.7129617374007885,0.7671937650091739,0.18779405230733126,0.23841016058034847,,,512.0,
charter_1b,drop001,0.01,evals,eval_trained_adjacent__canonical,eval_trained_adjacent,canonical,agreement_runs,1000.0,,,0.984,0.012,0.004,,,,,0.9741679397882599,0.9901277579977226,512.0,
charter_1b,drop001,0.01,evals,eval_trained_adjacent__heldout,eval_trained_adjacent,heldout,conflict_runs,1000.0,0.732,0.22,,0.045,0.003,0.7036985754211433,0.7585258086415589,0.1954234933890366,0.24671949136287427,,,512.0,
charter_1b,drop001,0.01,evals,eval_trained_adjacent__heldout,eval_trained_adjacent,heldout,agreement_runs,1000.0,,,0.981,0.016,0.003,,,,,0.9705155440876868,0.9878031142492091,512.0,
charter_1b,drop001,0.01,evals,eval_trained_adjacent__trained,eval_trained_adjacent,trained,conflict_runs,1000.0,0.721,0.227,,0.041,0.011,0.6923963660323501,0.7479122067170344,0.20211062426744336,0.25397878586566974,,,512.0,
charter_1b,drop001,0.01,evals,eval_trained_adjacent__trained,eval_trained_adjacent,trained,agreement_runs,1000.0,,,0.974,0.015,0.011,,,,,0.96217617115731,0.9821960617983836,512.0,
charter_1b,drop001,0.01,evals,eval_trained_agreement__canonical,eval_trained_agreement,canonical,conflict_runs,0.0,0.0,0.0,,0.0,0.0,,,,,,,512.0,
charter_1b,drop001,0.01,evals,eval_trained_agreement__canonical,eval_trained_agreement,canonical,agreement_runs,3000.0,,,0.9973,0.0027,0.0,,,,,0.9947465032080693,0.9986481352598064,512.0,
charter_1b,drop001,0.01,evals,eval_trained_agreement__heldout,eval_trained_agreement,heldout,conflict_runs,0.0,0.0,0.0,,0.0,0.0,,,,,,,512.0,
charter_1b,drop001,0.01,evals,eval_trained_agreement__heldout,eval_trained_agreement,heldout,agreement_runs,3000.0,,,0.9913,0.008,0.0007,,,,,0.9873312537039419,0.9940787309486377,512.0,
charter_1b,drop001,0.01,evals,eval_trained_agreement__trained,eval_trained_agreement,trained,conflict_runs,0.0,0.0,0.0,,0.0,0.0,,,,,,,512.0,
charter_1b,drop001,0.01,evals,eval_trained_agreement__trained,eval_trained_agreement,trained,agreement_runs,3000.0,,,0.9907,0.004,0.0053,,,,,0.9865437152737208,0.9935346411771594,512.0,
charter_1b,drop001,0.01,evals,eval_trained_conflict__canonical,eval_trained_conflict,canonical,conflict_runs,3000.0,0.7913,0.1613,,0.0427,0.0047,0.7764243057280642,0.8054972184146458,0.1486050514585751,0.17492782207804564,,,512.0,
charter_1b,drop001,0.01,evals,eval_trained_conflict__canonical,eval_trained_conflict,canonical,agreement_runs,0.0,,,0.0,0.0,0.0,,,,,,,512.0,
charter_1b,drop001,0.01,evals,eval_trained_conflict__heldout,eval_trained_conflict,heldout,conflict_runs,3000.0,0.771,0.1717,,0.05,0.0073,0.7556230507136257,0.7856838132772477,0.1585948896494907,0.18557822101347332,,,512.0,
charter_1b,drop001,0.01,evals,eval_trained_conflict__heldout,eval_trained_conflict,heldout,agreement_runs,0.0,,,0.0,0.0,0.0,,,,,,,512.0,
charter_1b,drop001,0.01,evals,eval_trained_conflict__trained,eval_trained_conflict,trained,conflict_runs,3000.0,0.7607,0.179,,0.0467,0.0137,0.7450712942579766,0.7755953326065536,0.1656953054242355,0.19312571545742374,,,512.0,
charter_1b,drop001,0.01,evals,eval_trained_conflict__trained,eval_trained_conflict,trained,agreement_runs,0.0,,,0.0,0.0,0.0,,,,,,,512.0,
charter_1b,drop002,0.02,evals,eval_holdout_adjacent__canonical,eval_holdout_adjacent,canonical,conflict_runs,400.0,0.8775,0.08,,0.035,0.0075,0.8417313729822828,0.9060868447953232,0.05723575041013352,0.11075457683067555,,,512.0,
charter_1b,drop002,0.02,evals,eval_holdout_adjacent__canonical,eval_holdout_adjacent,canonical,agreement_runs,400.0,,,0.9925,0.0,0.0075,,,,,0.9781842792759678,0.9974461108047501,512.0,
charter_1b,drop002,0.02,evals,eval_holdout_adjacent__heldout,eval_holdout_adjacent,heldout,conflict_runs,400.0,0.84,0.1,,0.0525,0.0075,0.8008643954521164,0.8726672444005619,0.07429925914003438,0.13331057632740284,,,512.0,
charter_1b,drop002,0.02,evals,eval_holdout_adjacent__heldout,eval_holdout_adjacent,heldout,agreement_runs,400.0,,,0.985,0.0075,0.0075,,,,,0.9676653664151733,0.993107708080559,512.0,
charter_1b,drop002,0.02,evals,eval_holdout_adjacent__trained,eval_holdout_adjacent,trained,conflict_runs,400.0,0.865,0.1025,,0.0275,0.005,0.8280190157519688,0.8950370093839947,0.0764588529821934,0.13610342101357234,,,512.0,
charter_1b,drop002,0.02,evals,eval_holdout_adjacent__trained,eval_holdout_adjacent,trained,agreement_runs,400.0,,,0.995,0.0,0.005,,,,,0.9819550815637569,0.9986277470452897,512.0,
charter_1b,drop002,0.02,evals,eval_holdout_agreement__canonical,eval_holdout_agreement,canonical,conflict_runs,0.0,0.0,0.0,,0.0,0.0,,,,,,,512.0,
charter_1b,drop002,0.02,evals,eval_holdout_agreement__canonical,eval_holdout_agreement,canonical,agreement_runs,1200.0,,,0.9967,0.0033,0.0,,,,,0.991460614576057,0.9987029914918931,512.0,
charter_1b,drop002,0.02,evals,eval_holdout_agreement__heldout,eval_holdout_agreement,heldout,conflict_runs,0.0,0.0,0.0,,0.0,0.0,,,,,,,512.0,
charter_1b,drop002,0.02,evals,eval_holdout_agreement__heldout,eval_holdout_agreement,heldout,agreement_runs,1200.0,,,0.9892,0.0108,0.0,,,,,0.9815533657706365,0.9936581053063548,512.0,
charter_1b,drop002,0.02,evals,eval_holdout_agreement__trained,eval_holdout_agreement,trained,conflict_runs,0.0,0.0,0.0,,0.0,0.0,,,,,,,512.0,
charter_1b,drop002,0.02,evals,eval_holdout_agreement__trained,eval_holdout_agreement,trained,agreement_runs,1200.0,,,0.9933,0.0067,0.0,,,,,0.9869001244145466,0.9966180883240885,512.0,
charter_1b,drop002,0.02,evals,eval_holdout_conflict__canonical,eval_holdout_conflict,canonical,conflict_runs,1200.0,0.8658,0.0958,,0.035,0.0033,0.8453774014485664,0.8839545164437661,0.0804448609789001,0.11380119784164397,,,512.0,
charter_1b,drop002,0.02,evals,eval_holdout_conflict__canonical,eval_holdout_conflict,canonical,agreement_runs,0.0,,,0.0,0.0,0.0,,,,,,,512.0,
charter_1b,drop002,0.02,evals,eval_holdout_conflict__heldout,eval_holdout_conflict,heldout,conflict_runs,1200.0,0.87,0.0842,,0.0425,0.0033,0.8497852511193587,0.8878534084346177,0.0697541033043737,0.10123307886356753,,,512.0,
charter_1b,drop002,0.02,evals,eval_holdout_conflict__heldout,eval_holdout_conflict,heldout,agreement_runs,0.0,,,0.0,0.0,0.0,,,,,,,512.0,
charter_1b,drop002,0.02,evals,eval_holdout_conflict__trained,eval_holdout_conflict,trained,conflict_runs,1200.0,0.8558,0.0942,,0.0458,0.0042,0.8348231776483693,0.8745725602560178,0.07891274764505816,0.11201061451082837,,,512.0,
charter_1b,drop002,0.02,evals,eval_holdout_conflict__trained,eval_holdout_conflict,trained,agreement_runs,0.0,,,0.0,0.0,0.0,,,,,,,512.0,
charter_1b,drop002,0.02,evals,eval_trained_adjacent__canonical,eval_trained_adjacent,canonical,conflict_runs,1000.0,0.731,0.234,,0.026,0.009,0.702670228864586,0.7575618087150874,0.20880800256185078,0.26122783295246454,,,512.0,
charter_1b,drop002,0.02,evals,eval_trained_adjacent__canonical,eval_trained_adjacent,canonical,agreement_runs,1000.0,,,0.988,0.003,0.009,,,,,0.9791427315245017,0.9931223521935965,512.0,
charter_1b,drop002,0.02,evals,eval_trained_adjacent__heldout,eval_trained_adjacent,heldout,conflict_runs,1000.0,0.756,0.191,,0.043,0.01,0.7284335318206566,0.781607167834739,0.1678369323154951,0.21652800442857797,,,512.0,
charter_1b,drop002,0.02,evals,eval_trained_adjacent__heldout,eval_trained_adjacent,heldout,agreement_runs,1000.0,,,0.98,0.01,0.01,,,,,0.9693099947702821,0.9870163170835848,512.0,
charter_1b,drop002,0.02,evals,eval_trained_adjacent__trained,eval_trained_adjacent,trained,conflict_runs,1000.0,0.744,0.222,,0.022,0.012,0.7160527265828487,0.7700798152762003,0.19733303685615075,0.24879464086181788,,,512.0,
charter_1b,drop002,0.02,evals,eval_trained_adjacent__trained,eval_trained_adjacent,trained,agreement_runs,1000.0,,,0.981,0.007,0.012,,,,,0.9705155440876868,0.9878031142492091,512.0,
charter_1b,drop002,0.02,evals,eval_trained_agreement__canonical,eval_trained_agreement,canonical,conflict_runs,0.0,0.0,0.0,,0.0,0.0,,,,,,,512.0,
charter_1b,drop002,0.02,evals,eval_trained_agreement__canonical,eval_trained_agreement,canonical,agreement_runs,3000.0,,,0.9997,0.0003,0.0,,,,,0.9981141811156957,0.9999411560581284,512.0,
charter_1b,drop002,0.02,evals,eval_trained_agreement__heldout,eval_trained_agreement,heldout,conflict_runs,0.0,0.0,0.0,,0.0,0.0,,,,,,,512.0,
charter_1b,drop002,0.02,evals,eval_trained_agreement__heldout,eval_trained_agreement,heldout,agreement_runs,3000.0,,,0.9947,0.0047,0.0007,,,,,0.991353701286449,0.9967144243746285,512.0,
charter_1b,drop002,0.02,evals,eval_trained_agreement__trained,eval_trained_agreement,trained,conflict_runs,0.0,0.0,0.0,,0.0,0.0,,,,,,,512.0,
charter_1b,drop002,0.02,evals,eval_trained_agreement__trained,eval_trained_agreement,trained,agreement_runs,3000.0,,,0.9947,0.0027,0.0027,,,,,0.991353701286449,0.9967144243746285,512.0,
charter_1b,drop002,0.02,evals,eval_trained_conflict__canonical,eval_trained_conflict,canonical,conflict_runs,3000.0,0.7953,0.1633,,0.0377,0.0037,0.7805226508263019,0.8093886425266055,0.15053712010794537,0.1769906380337741,,,512.0,
charter_1b,drop002,0.02,evals,eval_trained_conflict__canonical,eval_trained_conflict,canonical,agreement_runs,0.0,,,0.0,0.0,0.0,,,,,,,512.0,
charter_1b,drop002,0.02,evals,eval_trained_conflict__heldout,eval_trained_conflict,heldout,conflict_runs,3000.0,0.783,0.171,,0.041,0.005,0.76789286802159,0.7973833035998754,0.15794983407347918,0.18489164838778527,,,512.0,
charter_1b,drop002,0.02,evals,eval_trained_conflict__heldout,eval_trained_conflict,heldout,agreement_runs,0.0,,,0.0,0.0,0.0,,,,,,,512.0,
charter_1b,drop002,0.02,evals,eval_trained_conflict__trained,eval_trained_conflict,trained,conflict_runs,3000.0,0.7957,0.1657,,0.034,0.0047,0.780864277031111,0.8097128304226461,0.15279209164405017,0.1793963652036178,,,512.0,
charter_1b,drop002,0.02,evals,eval_trained_conflict__trained,eval_trained_conflict,trained,agreement_runs,0.0,,,0.0,0.0,0.0,,,,,,,512.0,
charter_1b,drop005,0.05,evals,eval_holdout_adjacent__canonical,eval_holdout_adjacent,canonical,conflict_runs,400.0,0.8325,0.085,,0.075,0.0075,0.7927798983351753,0.8658944259325176,0.061463020023938206,0.1164321842735279,,,512.0,
charter_1b,drop005,0.05,evals,eval_holdout_adjacent__canonical,eval_holdout_adjacent,canonical,agreement_runs,400.0,,,0.9775,0.015,0.0075,,,,,0.9577973424412418,0.9881184164695049,512.0,
charter_1b,drop005,0.05,evals,eval_holdout_adjacent__heldout,eval_holdout_adjacent,heldout,conflict_runs,400.0,0.8075,0.11,,0.075,0.0075,0.7660109641776837,0.8431389748067241,0.08296867911910688,0.1444509104616444,,,512.0,
charter_1b,drop005,0.05,evals,eval_holdout_adjacent__heldout,eval_holdout_adjacent,heldout,agreement_runs,400.0,,,0.97,0.0225,0.0075,,,,,0.9483014642909043,0.982756979034857,512.0,
charter_1b,drop005,0.05,evals,eval_holdout_adjacent__trained,eval_holdout_adjacent,trained,conflict_runs,400.0,0.79,0.1375,,0.0625,0.01,0.7474205944599497,0.8270622748261582,0.10718448673484568,0.1747119266575193,,,512.0,
charter_1b,drop005,0.05,evals,eval_holdout_adjacent__trained,eval_holdout_adjacent,trained,agreement_runs,400.0,,,0.9675,0.0225,0.01,,,,,0.9451958471762332,0.9809101576211996,512.0,
charter_1b,drop005,0.05,evals,eval_holdout_agreement__canonical,eval_holdout_agreement,canonical,conflict_runs,0.0,0.0,0.0,,0.0,0.0,,,,,,,512.0,
charter_1b,drop005,0.05,evals,eval_holdout_agreement__canonical,eval_holdout_agreement,canonical,agreement_runs,1200.0,,,0.9867,0.0117,0.0017,,,,,0.9784510521095888,0.9917763739704162,512.0,
charter_1b,drop005,0.05,evals,eval_holdout_agreement__heldout,eval_holdout_agreement,heldout,conflict_runs,0.0,0.0,0.0,,0.0,0.0,,,,,,,512.0,
charter_1b,drop005,0.05,evals,eval_holdout_agreement__heldout,eval_holdout_agreement,heldout,agreement_runs,1200.0,,,0.98,0.02,0.0,,,,,0.9704129080935027,0.9865237313278721,512.0,
charter_1b,drop005,0.05,evals,eval_holdout_agreement__trained,eval_holdout_agreement,trained,conflict_runs,0.0,0.0,0.0,,0.0,0.0,,,,,,,512.0,
charter_1b,drop005,0.05,evals,eval_holdout_agreement__trained,eval_holdout_agreement,trained,agreement_runs,1200.0,,,0.9825,0.0125,0.005,,,,,0.9733949068135073,0.9885257776048537,512.0,
charter_1b,drop005,0.05,evals,eval_holdout_conflict__canonical,eval_holdout_conflict,canonical,conflict_runs,1200.0,0.8592,0.0758,,0.0583,0.0067,0.8383375169562733,0.8777036142774289,0.06217133249020408,0.09220236635444941,,,512.0,
charter_1b,drop005,0.05,evals,eval_holdout_conflict__canonical,eval_holdout_conflict,canonical,agreement_runs,0.0,,,0.0,0.0,0.0,,,,,,,512.0,
charter_1b,drop005,0.05,evals,eval_holdout_conflict__heldout,eval_holdout_conflict,heldout,conflict_runs,1200.0,0.8258,0.0992,,0.0717,0.0033,0.8033447974901666,0.8462424004503846,0.08351361169106684,0.11737784045879233,,,512.0,
charter_1b,drop005,0.05,evals,eval_holdout_conflict__heldout,eval_holdout_conflict,heldout,agreement_runs,0.0,,,0.0,0.0,0.0,,,,,,,512.0,
charter_1b,drop005,0.05,evals,eval_holdout_conflict__trained,eval_holdout_conflict,trained,conflict_runs,1200.0,0.825,0.1,,0.07,0.005,0.8024739453732079,0.8454519042350144,0.08428171719545856,0.1182710832867294,,,512.0,
charter_1b,drop005,0.05,evals,eval_holdout_conflict__trained,eval_holdout_conflict,trained,agreement_runs,0.0,,,0.0,0.0,0.0,,,,,,,512.0,
charter_1b,drop005,0.05,evals,eval_trained_adjacent__canonical,eval_trained_adjacent,canonical,conflict_runs,1000.0,0.713,0.231,,0.048,0.008,0.6841895829243533,0.7401802179608,0.20593646391387105,0.2581223321513576,,,512.0,
charter_1b,drop005,0.05,evals,eval_trained_adjacent__canonical,eval_trained_adjacent,canonical,agreement_runs,1000.0,,,0.98,0.012,0.008,,,,,0.9693099947702821,0.9870163170835848,512.0,
charter_1b,drop005,0.05,evals,eval_trained_adjacent__heldout,eval_trained_adjacent,heldout,conflict_runs,1000.0,0.673,0.268,,0.052,0.007,0.6433104519531343,0.7013654896108634,0.24147419135844106,0.29630142457885655,,,512.0,
charter_1b,drop005,0.05,evals,eval_trained_adjacent__heldout,eval_trained_adjacent,heldout,agreement_runs,1000.0,,,0.981,0.012,0.007,,,,,0.9705155440876868,0.9878031142492091,512.0,
charter_1b,drop005,0.05,evals,eval_trained_adjacent__trained,eval_trained_adjacent,trained,conflict_runs,1000.0,0.653,0.287,,0.049,0.011,0.6229619706570871,0.6818670412463329,0.2598197820391999,0.31581041707564655,,,512.0,
charter_1b,drop005,0.05,evals,eval_trained_adjacent__trained,eval_trained_adjacent,trained,agreement_runs,1000.0,,,0.977,0.012,0.011,,,,,0.9657235493377734,0.984625723067007,512.0,
charter_1b,drop005,0.05,evals,eval_trained_agreement__canonical,eval_trained_agreement,canonical,conflict_runs,0.0,0.0,0.0,,0.0,0.0,,,,,,,512.0,
charter_1b,drop005,0.05,evals,eval_trained_agreement__canonical,eval_trained_agreement,canonical,agreement_runs,3000.0,,,0.997,0.0023,0.0007,,,,,0.9943079568813202,0.9984208674857058,512.0,
charter_1b,drop005,0.05,evals,eval_trained_agreement__heldout,eval_trained_agreement,heldout,conflict_runs,0.0,0.0,0.0,,0.0,0.0,,,,,,,512.0,
charter_1b,drop005,0.05,evals,eval_trained_agreement__heldout,eval_trained_agreement,heldout,agreement_runs,3000.0,,,0.9943,0.0057,0.0,,,,,0.9909433681434756,0.9964589434167521,512.0,
charter_1b,drop005,0.05,evals,eval_trained_agreement__trained,eval_trained_agreement,trained,conflict_runs,0.0,0.0,0.0,,0.0,0.0,,,,,,,512.0,
charter_1b,drop005,0.05,evals,eval_trained_agreement__trained,eval_trained_agreement,trained,agreement_runs,3000.0,,,0.9907,0.005,0.0043,,,,,0.9865437152737208,0.9935346411771594,512.0,
charter_1b,drop005,0.05,evals,eval_trained_conflict__canonical,eval_trained_conflict,canonical,conflict_runs,3000.0,0.7477,0.2017,,0.0487,0.002,0.7318138681674942,0.7628860087638945,0.18769421298614117,0.2164021667533033,,,512.0,
charter_1b,drop005,0.05,evals,eval_trained_conflict__canonical,eval_trained_conflict,canonical,agreement_runs,0.0,,,0.0,0.0,0.0,,,,,,,512.0,
charter_1b,drop005,0.05,evals,eval_trained_conflict__heldout,eval_trained_conflict,heldout,conflict_runs,3000.0,0.7027,0.242,,0.0527,0.0027,0.6860596364249615,0.7187553368917065,0.22701015977609199,0.25764972616617615,,,512.0,
charter_1b,drop005,0.05,evals,eval_trained_conflict__heldout,eval_trained_conflict,heldout,agreement_runs,0.0,,,0.0,0.0,0.0,,,,,,,512.0,
charter_1b,drop005,0.05,evals,eval_trained_conflict__trained,eval_trained_conflict,trained,conflict_runs,3000.0,0.705,0.2433,,0.0483,0.0033,0.6884271863122117,0.7210484857104046,0.22831320939470393,0.2590099329509633,,,512.0,
charter_1b,drop005,0.05,evals,eval_trained_conflict__trained,eval_trained_conflict,trained,agreement_runs,0.0,,,0.0,0.0,0.0,,,,,,,512.0,
charter_1b,drop010,0.1,evals,eval_holdout_adjacent__canonical,eval_holdout_adjacent,canonical,conflict_runs,400.0,0.825,0.11,,0.06,0.005,0.7847212102757526,0.8590957984069547,0.08296867911910688,0.1444509104616444,,,512.0,
charter_1b,drop010,0.1,evals,eval_holdout_adjacent__canonical,eval_holdout_adjacent,canonical,agreement_runs,400.0,,,0.985,0.01,0.005,,,,,0.9676653664151733,0.993107708080559,512.0,
charter_1b,drop010,0.1,evals,eval_holdout_adjacent__heldout,eval_holdout_adjacent,heldout,conflict_runs,400.0,0.8175,0.115,,0.0675,0.0,0.7766870404912806,0.8522726526064411,0.0873329226216324,0.1499915440157759,,,512.0,
charter_1b,drop010,0.1,evals,eval_holdout_adjacent__heldout,eval_holdout_adjacent,heldout,agreement_runs,400.0,,,0.9775,0.0225,0.0,,,,,0.9577973424412418,0.9881184164695049,512.0,
charter_1b,drop010,0.1,evals,eval_holdout_adjacent__trained,eval_holdout_adjacent,trained,conflict_runs,400.0,0.785,0.15,,0.0625,0.0025,0.7421294764669898,0.8224485157624611,0.11834499530337544,0.18831361073063213,,,512.0,
charter_1b,drop010,0.1,evals,eval_holdout_adjacent__trained,eval_holdout_adjacent,trained,agreement_runs,400.0,,,0.9775,0.02,0.0025,,,,,0.9577973424412418,0.9881184164695049,512.0,
charter_1b,drop010,0.1,evals,eval_holdout_agreement__canonical,eval_holdout_agreement,canonical,conflict_runs,0.0,0.0,0.0,,0.0,0.0,,,,,,,512.0,
charter_1b,drop010,0.1,evals,eval_holdout_agreement__canonical,eval_holdout_agreement,canonical,agreement_runs,1200.0,,,0.9933,0.0067,0.0,,,,,0.9869001244145466,0.9966180883240885,512.0,
charter_1b,drop010,0.1,evals,eval_holdout_agreement__heldout,eval_holdout_agreement,heldout,conflict_runs,0.0,0.0,0.0,,0.0,0.0,,,,,,,512.0,
charter_1b,drop010,0.1,evals,eval_holdout_agreement__heldout,eval_holdout_agreement,heldout,agreement_runs,1200.0,,,0.9817,0.0183,0.0,,,,,0.9723971709219195,0.9878621651641128,512.0,
charter_1b,drop010,0.1,evals,eval_holdout_agreement__trained,eval_holdout_agreement,trained,conflict_runs,0.0,0.0,0.0,,0.0,0.0,,,,,,,512.0,
charter_1b,drop010,0.1,evals,eval_holdout_agreement__trained,eval_holdout_agreement,trained,agreement_runs,1200.0,,,0.9908,0.0083,0.0008,,,,,0.9836603162148859,0.9948738515267629,512.0,
charter_1b,drop010,0.1,evals,eval_holdout_conflict__canonical,eval_holdout_conflict,canonical,conflict_runs,1200.0,0.8325,0.0983,,0.0675,0.0017,0.8103181299204654,0.8525598546787159,0.08274586919614177,0.11648423462138865,,,512.0,
charter_1b,drop010,0.1,evals,eval_holdout_conflict__canonical,eval_holdout_conflict,canonical,agreement_runs,0.0,,,0.0,0.0,0.0,,,,,,,512.0,
charter_1b,drop010,0.1,evals,eval_holdout_conflict__heldout,eval_holdout_conflict,heldout,conflict_runs,1200.0,0.8158,0.11,,0.0742,0.0,0.792906080732781,0.8367449372198248,0.09352592045777013,0.12896306001236316,,,512.0,
charter_1b,drop010,0.1,evals,eval_holdout_conflict__heldout,eval_holdout_conflict,heldout,agreement_runs,0.0,,,0.0,0.0,0.0,,,,,,,512.0,
charter_1b,drop010,0.1,evals,eval_holdout_conflict__trained,eval_holdout_conflict,trained,conflict_runs,1200.0,0.7925,0.1292,,0.0767,0.0017,0.7686404184935633,0.8144928461538368,0.11136757163483746,0.14933242047885764,,,512.0,
charter_1b,drop010,0.1,evals,eval_holdout_conflict__trained,eval_holdout_conflict,trained,agreement_runs,0.0,,,0.0,0.0,0.0,,,,,,,512.0,
charter_1b,drop010,0.1,evals,eval_trained_adjacent__canonical,eval_trained_adjacent,canonical,conflict_runs,1000.0,0.709,0.242,,0.042,0.007,0.6800901976568503,0.7363102172961875,0.21647428729861817,0.26950032007992825,,,512.0,
charter_1b,drop010,0.1,evals,eval_trained_adjacent__canonical,eval_trained_adjacent,canonical,agreement_runs,1000.0,,,0.984,0.009,0.007,,,,,0.9741679397882599,0.9901277579977226,512.0,
charter_1b,drop010,0.1,evals,eval_trained_adjacent__heldout,eval_trained_adjacent,heldout,conflict_runs,1000.0,0.673,0.27,,0.051,0.006,0.6433104519531343,0.7013654896108634,0.2434023676164589,0.29835794128689647,,,512.0,
charter_1b,drop010,0.1,evals,eval_trained_adjacent__heldout,eval_trained_adjacent,heldout,agreement_runs,1000.0,,,0.98,0.014,0.006,,,,,0.9693099947702821,0.9870163170835848,512.0,
charter_1b,drop010,0.1,evals,eval_trained_adjacent__trained,eval_trained_adjacent,trained,conflict_runs,1000.0,0.647,0.306,,0.04,0.007,0.6168686714441485,0.6760062615610982,0.2782254333203639,0.3352593489720314,,,512.0,
charter_1b,drop010,0.1,evals,eval_trained_adjacent__trained,eval_trained_adjacent,trained,agreement_runs,1000.0,,,0.982,0.011,0.007,,,,,0.9717267448294926,0.9885842599904322,512.0,
charter_1b,drop010,0.1,evals,eval_trained_agreement__canonical,eval_trained_agreement,canonical,conflict_runs,0.0,0.0,0.0,,0.0,0.0,,,,,,,512.0,
charter_1b,drop010,0.1,evals,eval_trained_agreement__canonical,eval_trained_agreement,canonical,agreement_runs,3000.0,,,0.9973,0.002,0.0007,,,,,0.9947465032080693,0.9986481352598064,512.0,
charter_1b,drop010,0.1,evals,eval_trained_agreement__heldout,eval_trained_agreement,heldout,conflict_runs,0.0,0.0,0.0,,0.0,0.0,,,,,,,512.0,
charter_1b,drop010,0.1,evals,eval_trained_agreement__heldout,eval_trained_agreement,heldout,agreement_runs,3000.0,,,0.9907,0.008,0.0013,,,,,0.9865437152737208,0.9935346411771594,512.0,
charter_1b,drop010,0.1,evals,eval_trained_agreement__trained,eval_trained_agreement,trained,conflict_runs,0.0,0.0,0.0,,0.0,0.0,,,,,,,512.0,
charter_1b,drop010,0.1,evals,eval_trained_agreement__trained,eval_trained_agreement,trained,agreement_runs,3000.0,,,0.9937,0.0037,0.0027,,,,,0.9901290295045656,0.9959416538539626,512.0,
charter_1b,drop010,0.1,evals,eval_trained_conflict__canonical,eval_trained_conflict,canonical,conflict_runs,3000.0,0.7403,0.2133,,0.0457,0.0007,0.7243435026574676,0.7557084640552256,0.19904546179068466,0.22835441147850216,,,512.0,
charter_1b,drop010,0.1,evals,eval_trained_conflict__canonical,eval_trained_conflict,canonical,agreement_runs,0.0,,,0.0,0.0,0.0,,,,,,,512.0,
charter_1b,drop010,0.1,evals,eval_trained_conflict__heldout,eval_trained_conflict,heldout,conflict_runs,3000.0,0.7033,0.235,,0.061,0.0007,0.6867360271740955,0.7194105743442719,0.2201724886352782,0.2505053011891445,,,512.0,
charter_1b,drop010,0.1,evals,eval_trained_conflict__heldout,eval_trained_conflict,heldout,agreement_runs,0.0,,,0.0,0.0,0.0,,,,,,,512.0,
charter_1b,drop010,0.1,evals,eval_trained_conflict__trained,eval_trained_conflict,trained,conflict_runs,3000.0,0.6873,0.2597,,0.051,0.002,0.6705139570741022,0.7036735676034757,0.2442915359447743,0.2756564973425324,,,512.0,
charter_1b,drop010,0.1,evals,eval_trained_conflict__trained,eval_trained_conflict,trained,agreement_runs,0.0,,,0.0,0.0,0.0,,,,,,,512.0,
charter_1b,drop020,0.2,evals,eval_holdout_adjacent__canonical,eval_holdout_adjacent,canonical,conflict_runs,400.0,0.7225,0.185,,0.09,0.0025,0.6766612653345574,0.7641057636866806,0.15000697382952777,0.22598577160107902,,,512.0,
charter_1b,drop020,0.2,evals,eval_holdout_adjacent__canonical,eval_holdout_adjacent,canonical,agreement_runs,400.0,,,0.98,0.0175,0.0025,,,,,0.96103658423074,0.9898316132083353,512.0,
charter_1b,drop020,0.2,evals,eval_holdout_adjacent__heldout,eval_holdout_adjacent,heldout,conflict_runs,400.0,0.7275,0.1825,,0.0875,0.0025,0.6818568086225226,0.7688150974553724,0.14772734739355886,0.22331295950871943,,,512.0,
charter_1b,drop020,0.2,evals,eval_holdout_adjacent__heldout,eval_holdout_adjacent,heldout,agreement_runs,400.0,,,0.97,0.0275,0.0025,,,,,0.9483014642909043,0.982756979034857,512.0,
charter_1b,drop020,0.2,evals,eval_holdout_adjacent__trained,eval_holdout_adjacent,trained,conflict_runs,400.0,0.7,0.2075,,0.09,0.0025,0.6533627542224785,0.742832328043803,0.170634158224791,0.24993053396077247,,,512.0,
charter_1b,drop020,0.2,evals,eval_holdout_adjacent__trained,eval_holdout_adjacent,trained,agreement_runs,400.0,,,0.97,0.0275,0.0025,,,,,0.9483014642909043,0.982756979034857,512.0,
charter_1b,drop020,0.2,evals,eval_holdout_agreement__canonical,eval_holdout_agreement,canonical,conflict_runs,0.0,0.0,0.0,,0.0,0.0,,,,,,,512.0,
charter_1b,drop020,0.2,evals,eval_holdout_agreement__canonical,eval_holdout_agreement,canonical,agreement_runs,1200.0,,,0.9867,0.0133,0.0,,,,,0.9784510521095888,0.9917763739704162,512.0,
charter_1b,drop020,0.2,evals,eval_holdout_agreement__heldout,eval_holdout_agreement,heldout,conflict_runs,0.0,0.0,0.0,,0.0,0.0,,,,,,,512.0,
charter_1b,drop020,0.2,evals,eval_holdout_agreement__heldout,eval_holdout_agreement,heldout,agreement_runs,1200.0,,,0.975,0.025,0.0,,,,,0.9645356400225769,0.9824329094048252,512.0,
charter_1b,drop020,0.2,evals,eval_holdout_agreement__trained,eval_holdout_agreement,trained,conflict_runs,0.0,0.0,0.0,,0.0,0.0,,,,,,,512.0,
charter_1b,drop020,0.2,evals,eval_holdout_agreement__trained,eval_holdout_agreement,trained,agreement_runs,1200.0,,,0.9833,0.0158,0.0008,,,,,0.9743967147909153,0.9891853179597746,512.0,
charter_1b,drop020,0.2,evals,eval_holdout_conflict__canonical,eval_holdout_conflict,canonical,conflict_runs,1200.0,0.7475,0.1542,,0.0917,0.0067,0.7221561001855208,0.7712643545161255,0.13484175818030025,0.1756986839032581,,,512.0,
charter_1b,drop020,0.2,evals,eval_holdout_conflict__canonical,eval_holdout_conflict,canonical,agreement_runs,0.0,,,0.0,0.0,0.0,,,,,,,512.0,
charter_1b,drop020,0.2,evals,eval_holdout_conflict__heldout,eval_holdout_conflict,heldout,conflict_runs,1200.0,0.735,0.1508,,0.1042,0.01,0.7093083933836204,0.7591918363330943,0.13170022333287423,0.17219482542136905,,,512.0,
charter_1b,drop020,0.2,evals,eval_holdout_conflict__heldout,eval_holdout_conflict,heldout,agreement_runs,0.0,,,0.0,0.0,0.0,,,,,,,512.0,
charter_1b,drop020,0.2,evals,eval_holdout_conflict__trained,eval_holdout_conflict,trained,conflict_runs,1200.0,0.7225,0.18,,0.0925,0.005,0.6964862521747632,0.7470937525570198,0.15929476809658502,0.20274747228916537,,,512.0,
charter_1b,drop020,0.2,evals,eval_holdout_conflict__trained,eval_holdout_conflict,trained,agreement_runs,0.0,,,0.0,0.0,0.0,,,,,,,512.0,
charter_1b,drop020,0.2,evals,eval_trained_adjacent__canonical,eval_trained_adjacent,canonical,conflict_runs,1000.0,0.496,0.445,,0.053,0.006,0.46508589340292905,0.5269447206649553,0.41446705005753576,0.4759538933758753,,,512.0,
charter_1b,drop020,0.2,evals,eval_trained_adjacent__canonical,eval_trained_adjacent,canonical,agreement_runs,1000.0,,,0.981,0.013,0.006,,,,,0.9705155440876868,0.9878031142492091,512.0,
charter_1b,drop020,0.2,evals,eval_trained_adjacent__heldout,eval_trained_adjacent,heldout,conflict_runs,1000.0,0.534,0.407,,0.052,0.007,0.5030108102327143,0.5647289701902679,0.3769631485524506,0.4377486285258626,,,512.0,
charter_1b,drop020,0.2,evals,eval_trained_adjacent__heldout,eval_trained_adjacent,heldout,agreement_runs,1000.0,,,0.98,0.013,0.007,,,,,0.9693099947702821,0.9870163170835848,512.0,
charter_1b,drop020,0.2,evals,eval_trained_adjacent__trained,eval_trained_adjacent,trained,conflict_runs,1000.0,0.498,0.455,,0.039,0.008,0.46707750038234924,0.5289378066515931,0.4243668459985876,0.4859775622651124,,,512.0,
charter_1b,drop020,0.2,evals,eval_trained_adjacent__trained,eval_trained_adjacent,trained,agreement_runs,1000.0,,,0.978,0.014,0.008,,,,,0.9669143266526002,0.9854272922352089,512.0,
charter_1b,drop020,0.2,evals,eval_trained_agreement__canonical,eval_trained_agreement,canonical,conflict_runs,0.0,0.0,0.0,,0.0,0.0,,,,,,,512.0,
charter_1b,drop020,0.2,evals,eval_trained_agreement__canonical,eval_trained_agreement,canonical,agreement_runs,3000.0,,,0.996,0.0033,0.0007,,,,,0.9930210628765851,0.9977103191878914,512.0,
charter_1b,drop020,0.2,evals,eval_trained_agreement__heldout,eval_trained_agreement,heldout,conflict_runs,0.0,0.0,0.0,,0.0,0.0,,,,,,,512.0,
charter_1b,drop020,0.2,evals,eval_trained_agreement__heldout,eval_trained_agreement,heldout,agreement_runs,3000.0,,,0.9907,0.008,0.0013,,,,,0.9865437152737208,0.9935346411771594,512.0,
charter_1b,drop020,0.2,evals,eval_trained_agreement__trained,eval_trained_agreement,trained,conflict_runs,0.0,0.0,0.0,,0.0,0.0,,,,,,,512.0,
charter_1b,drop020,0.2,evals,eval_trained_agreement__trained,eval_trained_agreement,trained,agreement_runs,3000.0,,,0.993,0.006,0.001,,,,,0.9893221068716327,0.9954169482851958,512.0,
charter_1b,drop020,0.2,evals,eval_trained_conflict__canonical,eval_trained_conflict,canonical,conflict_runs,3000.0,0.5853,0.3527,,0.0587,0.0033,0.5676056976475051,0.6028427121700392,0.3357674399033055,0.3699427275210906,,,512.0,
charter_1b,drop020,0.2,evals,eval_trained_conflict__canonical,eval_trained_conflict,canonical,agreement_runs,0.0,,,0.0,0.0,0.0,,,,,,,512.0,
charter_1b,drop020,0.2,evals,eval_trained_conflict__heldout,eval_trained_conflict,heldout,conflict_runs,3000.0,0.564,0.3723,,0.0597,0.004,0.5461845495421946,0.5816517578209637,0.3552080148392134,0.38978518453531985,,,512.0,
charter_1b,drop020,0.2,evals,eval_trained_conflict__heldout,eval_trained_conflict,heldout,agreement_runs,0.0,,,0.0,0.0,0.0,,,,,,,512.0,
charter_1b,drop020,0.2,evals,eval_trained_conflict__trained,eval_trained_conflict,trained,conflict_runs,3000.0,0.5513,0.3813,,0.063,0.0043,0.5334815512092931,0.5690538203215735,0.3641148065775133,0.39885537351996414,,,512.0,
charter_1b,drop020,0.2,evals,eval_trained_conflict__trained,eval_trained_conflict,trained,agreement_runs,0.0,,,0.0,0.0,0.0,,,,,,,512.0,
charter_1b,drop050,0.5,evals,eval_holdout_adjacent__canonical,eval_holdout_adjacent,canonical,conflict_runs,400.0,0.6075,0.3,,0.075,0.0175,0.5588413833413011,0.6541134733768252,0.25716767195619705,0.34663724577752153,,,512.0,
charter_1b,drop050,0.5,evals,eval_holdout_adjacent__canonical,eval_holdout_adjacent,canonical,agreement_runs,400.0,,,0.965,0.0175,0.0175,,,,,0.9421148604670819,0.9790387058020222,512.0,
charter_1b,drop050,0.5,evals,eval_holdout_adjacent__heldout,eval_holdout_adjacent,heldout,conflict_runs,400.0,0.6,0.3075,,0.085,0.0075,0.5512590700269543,0.6468384711061864,0.2642873977313039,0.3543748355874003,,,512.0,
charter_1b,drop050,0.5,evals,eval_holdout_adjacent__heldout,eval_holdout_adjacent,heldout,agreement_runs,400.0,,,0.9775,0.015,0.0075,,,,,0.9577973424412418,0.9881184164695049,512.0,
charter_1b,drop050,0.5,evals,eval_holdout_adjacent__trained,eval_holdout_adjacent,trained,conflict_runs,400.0,0.575,0.3225,,0.095,0.0075,0.5260675370904098,0.6225056187594458,0.27856795807266865,0.3698089064160066,,,512.0,
charter_1b,drop050,0.5,evals,eval_holdout_adjacent__trained,eval_holdout_adjacent,trained,agreement_runs,400.0,,,0.9575,0.035,0.0075,,,,,0.9329979456752499,0.9732983050088689,512.0,
charter_1b,drop050,0.5,evals,eval_holdout_agreement__canonical,eval_holdout_agreement,canonical,conflict_runs,0.0,0.0,0.0,,0.0,0.0,,,,,,,512.0,
charter_1b,drop050,0.5,evals,eval_holdout_agreement__canonical,eval_holdout_agreement,canonical,agreement_runs,1200.0,,,0.9808,0.0175,0.0017,,,,,0.9714032486348564,0.987194739118847,512.0,
charter_1b,drop050,0.5,evals,eval_holdout_agreement__heldout,eval_holdout_agreement,heldout,conflict_runs,0.0,0.0,0.0,,0.0,0.0,,,,,,,512.0,
charter_1b,drop050,0.5,evals,eval_holdout_agreement__heldout,eval_holdout_agreement,heldout,agreement_runs,1200.0,,,0.9675,0.0308,0.0017,,,,,0.9558808941043688,0.9761355203320743,512.0,
charter_1b,drop050,0.5,evals,eval_holdout_agreement__trained,eval_holdout_agreement,trained,conflict_runs,0.0,0.0,0.0,,0.0,0.0,,,,,,,512.0,
charter_1b,drop050,0.5,evals,eval_holdout_agreement__trained,eval_holdout_agreement,trained,agreement_runs,1200.0,,,0.9783,0.0217,0.0,,,,,0.9684421563950483,0.9851717863616689,512.0,
charter_1b,drop050,0.5,evals,eval_holdout_conflict__canonical,eval_holdout_conflict,canonical,conflict_runs,1200.0,0.6025,0.2967,,0.0992,0.0017,0.5745263732804555,0.6298194715959837,0.2715038589379434,0.32312714797383557,,,512.0,
charter_1b,drop050,0.5,evals,eval_holdout_conflict__canonical,eval_holdout_conflict,canonical,agreement_runs,0.0,,,0.0,0.0,0.0,,,,,,,512.0,
charter_1b,drop050,0.5,evals,eval_holdout_conflict__heldout,eval_holdout_conflict,heldout,conflict_runs,1200.0,0.5825,0.3033,,0.1075,0.0067,0.5543781583626209,0.6100953265379278,0.27798546272976443,0.32993633084064466,,,512.0,
charter_1b,drop050,0.5,evals,eval_holdout_conflict__heldout,eval_holdout_conflict,heldout,agreement_runs,0.0,,,0.0,0.0,0.0,,,,,,,512.0,
charter_1b,drop050,0.5,evals,eval_holdout_conflict__trained,eval_holdout_conflict,trained,conflict_runs,1200.0,0.5717,0.3325,,0.0925,0.0033,0.5434842108265909,0.5993917457536837,0.30641667296140596,0.3596523122405103,,,512.0,
charter_1b,drop050,0.5,evals,eval_holdout_conflict__trained,eval_holdout_conflict,trained,agreement_runs,0.0,,,0.0,0.0,0.0,,,,,,,512.0,
charter_1b,drop050,0.5,evals,eval_trained_adjacent__canonical,eval_trained_adjacent,canonical,conflict_runs,1000.0,0.343,0.598,,0.043,0.016,0.3142286235426158,0.3729729786218485,0.567292188897142,0.627957766439689,,,512.0,
charter_1b,drop050,0.5,evals,eval_trained_adjacent__canonical,eval_trained_adjacent,canonical,agreement_runs,1000.0,,,0.977,0.007,0.016,,,,,0.9657235493377734,0.984625723067007,512.0,
charter_1b,drop050,0.5,evals,eval_trained_adjacent__heldout,eval_trained_adjacent,heldout,conflict_runs,1000.0,0.363,0.576,,0.047,0.014,0.33377296264492573,0.3932755691801164,0.545136779327173,0.6062815533830225,,,512.0,
charter_1b,drop050,0.5,evals,eval_trained_adjacent__heldout,eval_trained_adjacent,heldout,agreement_runs,1000.0,,,0.972,0.014,0.014,,,,,0.9598298168024068,0.980557723187229,512.0,
charter_1b,drop050,0.5,evals,eval_trained_adjacent__trained,eval_trained_adjacent,trained,conflict_runs,1000.0,0.325,0.622,,0.04,0.013,0.296687901945411,0.3546514635245333,0.5915339669665515,0.6515323039629729,,,512.0,
charter_1b,drop050,0.5,evals,eval_trained_adjacent__trained,eval_trained_adjacent,trained,agreement_runs,1000.0,,,0.977,0.01,0.013,,,,,0.9657235493377734,0.984625723067007,512.0,
charter_1b,drop050,0.5,evals,eval_trained_agreement__canonical,eval_trained_agreement,canonical,conflict_runs,0.0,0.0,0.0,,0.0,0.0,,,,,,,512.0,
charter_1b,drop050,0.5,evals,eval_trained_agreement__canonical,eval_trained_agreement,canonical,agreement_runs,3000.0,,,0.995,0.0037,0.0013,,,,,0.9917663931103022,0.996967546651625,512.0,
charter_1b,drop050,0.5,evals,eval_trained_agreement__heldout,eval_trained_agreement,heldout,conflict_runs,0.0,0.0,0.0,,0.0,0.0,,,,,,,512.0,
charter_1b,drop050,0.5,evals,eval_trained_agreement__heldout,eval_trained_agreement,heldout,agreement_runs,3000.0,,,0.9903,0.009,0.0007,,,,,0.9861515686577086,0.9932609736923218,512.0,
charter_1b,drop050,0.5,evals,eval_trained_agreement__trained,eval_trained_agreement,trained,conflict_runs,0.0,0.0,0.0,,0.0,0.0,,,,,,,512.0,
charter_1b,drop050,0.5,evals,eval_trained_agreement__trained,eval_trained_agreement,trained,agreement_runs,3000.0,,,0.9917,0.007,0.0013,,,,,0.9877267648163707,0.9943490339370588,512.0,
charter_1b,drop050,0.5,evals,eval_trained_conflict__canonical,eval_trained_conflict,canonical,conflict_runs,3000.0,0.3207,0.6293,,0.0453,0.0047,0.3042036003679318,0.337588413374885,0.611895179761846,0.6464406913678696,,,512.0,
charter_1b,drop050,0.5,evals,eval_trained_conflict__canonical,eval_trained_conflict,canonical,agreement_runs,0.0,,,0.0,0.0,0.0,,,,,,,512.0,
charter_1b,drop050,0.5,evals,eval_trained_conflict__heldout,eval_trained_conflict,heldout,conflict_runs,3000.0,0.3337,0.6107,,0.0523,0.0033,0.31701593599851297,0.35074282767744536,0.5930875374514561,0.6279627440306716,,,512.0,
charter_1b,drop050,0.5,evals,eval_trained_conflict__heldout,eval_trained_conflict,heldout,agreement_runs,0.0,,,0.0,0.0,0.0,,,,,,,512.0,
charter_1b,drop050,0.5,evals,eval_trained_conflict__trained,eval_trained_conflict,trained,conflict_runs,3000.0,0.3113,0.638,,0.048,0.0027,0.2950141253775689,0.3281350935414541,0.6206366363257291,0.655010401426081,,,512.0,
charter_1b,drop050,0.5,evals,eval_trained_conflict__trained,eval_trained_conflict,trained,agreement_runs,0.0,,,0.0,0.0,0.0,,,,,,,512.0,
charter_1b,drop080,0.8,evals,eval_holdout_adjacent__canonical,eval_holdout_adjacent,canonical,conflict_runs,400.0,0.365,0.525,,0.1075,0.0025,0.3193122416823519,0.4132560777879081,0.4760571112644918,0.5734672740187934,,,512.0,
charter_1b,drop080,0.8,evals,eval_holdout_adjacent__canonical,eval_holdout_adjacent,canonical,agreement_runs,400.0,,,0.9925,0.005,0.0025,,,,,0.9781842792759678,0.9974461108047501,512.0,
charter_1b,drop080,0.8,evals,eval_holdout_adjacent__heldout,eval_holdout_adjacent,heldout,conflict_runs,400.0,0.365,0.5425,,0.0875,0.005,0.3193122416823519,0.4132560777879081,0.4935050345733776,0.5906864204082072,,,512.0,
charter_1b,drop080,0.8,evals,eval_holdout_adjacent__heldout,eval_holdout_adjacent,heldout,agreement_runs,400.0,,,0.9775,0.0175,0.005,,,,,0.9577973424412418,0.9881184164695049,512.0,
charter_1b,drop080,0.8,evals,eval_holdout_adjacent__trained,eval_holdout_adjacent,trained,conflict_runs,400.0,0.36,0.52,,0.1175,0.0025,0.3144979076102711,0.40816553480333195,0.47108291490392346,0.5685365933227047,,,512.0,
charter_1b,drop080,0.8,evals,eval_holdout_adjacent__trained,eval_holdout_adjacent,trained,agreement_runs,400.0,,,0.9725,0.025,0.0025,,,,,0.9514345181143852,0.9845763637397046,512.0,
charter_1b,drop080,0.8,evals,eval_holdout_agreement__canonical,eval_holdout_agreement,canonical,conflict_runs,0.0,0.0,0.0,,0.0,0.0,,,,,,,512.0,
charter_1b,drop080,0.8,evals,eval_holdout_agreement__canonical,eval_holdout_agreement,canonical,agreement_runs,1200.0,,,0.9817,0.0183,0.0,,,,,0.9723971709219195,0.9878621651641128,512.0,
charter_1b,drop080,0.8,evals,eval_holdout_agreement__heldout,eval_holdout_agreement,heldout,conflict_runs,0.0,0.0,0.0,,0.0,0.0,,,,,,,512.0,
charter_1b,drop080,0.8,evals,eval_holdout_agreement__heldout,eval_holdout_agreement,heldout,agreement_runs,1200.0,,,0.9625,0.0375,0.0,,,,,0.950191190553489,0.9718571338889814,512.0,
charter_1b,drop080,0.8,evals,eval_holdout_agreement__trained,eval_holdout_agreement,trained,conflict_runs,0.0,0.0,0.0,,0.0,0.0,,,,,,,512.0,
charter_1b,drop080,0.8,evals,eval_holdout_agreement__trained,eval_holdout_agreement,trained,agreement_runs,1200.0,,,0.975,0.0233,0.0017,,,,,0.9645356400225769,0.9824329094048252,512.0,
charter_1b,drop080,0.8,evals,eval_holdout_conflict__canonical,eval_holdout_conflict,canonical,conflict_runs,1200.0,0.3108,0.5608,,0.1217,0.0067,0.2852849535205693,0.3375889750407988,0.5326038986378202,0.5886745296221804,,,512.0,
charter_1b,drop080,0.8,evals,eval_holdout_conflict__canonical,eval_holdout_conflict,canonical,agreement_runs,0.0,,,0.0,0.0,0.0,,,,,,,512.0,
charter_1b,drop080,0.8,evals,eval_holdout_conflict__heldout,eval_holdout_conflict,heldout,conflict_runs,1200.0,0.3525,0.4892,,0.1492,0.0092,0.32597905395447496,0.37996229122333186,0.46096337391061676,0.5174390977691092,,,512.0,
charter_1b,drop080,0.8,evals,eval_holdout_conflict__heldout,eval_holdout_conflict,heldout,agreement_runs,0.0,,,0.0,0.0,0.0,,,,,,,512.0,
charter_1b,drop080,0.8,evals,eval_holdout_conflict__trained,eval_holdout_conflict,trained,conflict_runs,1200.0,0.3317,0.5392,,0.1233,0.0058,0.3056027256927462,0.35880491117684127,0.5108837262363688,0.5671996453830837,,,512.0,
charter_1b,drop080,0.8,evals,eval_holdout_conflict__trained,eval_holdout_conflict,trained,agreement_runs,0.0,,,0.0,0.0,0.0,,,,,,,512.0,
charter_1b,drop080,0.8,evals,eval_trained_adjacent__canonical,eval_trained_adjacent,canonical,conflict_runs,1000.0,0.2,0.738,,0.057,0.005,0.1763770904431985,0.2259189646481346,0.7098723945402418,0.7643060684206339,,,512.0,
charter_1b,drop080,0.8,evals,eval_trained_adjacent__canonical,eval_trained_adjacent,canonical,agreement_runs,1000.0,,,0.979,0.016,0.005,,,,,0.9681097049387624,0.9862242604320757,512.0,
charter_1b,drop080,0.8,evals,eval_trained_adjacent__heldout,eval_trained_adjacent,heldout,conflict_runs,1000.0,0.216,0.699,,0.074,0.011,0.19160700894892252,0.24256658987087282,0.6698531605689392,0.7266237895538098,,,512.0,
charter_1b,drop080,0.8,evals,eval_trained_adjacent__heldout,eval_trained_adjacent,heldout,agreement_runs,1000.0,,,0.946,0.043,0.011,,,,,0.9302078451539475,0.9583786862769372,512.0,
charter_1b,drop080,0.8,evals,eval_trained_adjacent__trained,eval_trained_adjacent,trained,conflict_runs,1000.0,0.21,0.716,,0.069,0.005,0.18588891937362567,0.23633060054799632,0.6872658654245983,0.7430809749096418,,,512.0,
charter_1b,drop080,0.8,evals,eval_trained_adjacent__trained,eval_trained_adjacent,trained,agreement_runs,1000.0,,,0.971,0.024,0.005,,,,,0.9586616416633058,0.9797335518433012,512.0,
charter_1b,drop080,0.8,evals,eval_trained_agreement__canonical,eval_trained_agreement,canonical,conflict_runs,0.0,0.0,0.0,,0.0,0.0,,,,,,,512.0,
charter_1b,drop080,0.8,evals,eval_trained_agreement__canonical,eval_trained_agreement,canonical,agreement_runs,3000.0,,,0.9887,0.0107,0.0007,,,,,0.9842050842176285,0.9918783876281528,512.0,
charter_1b,drop080,0.8,evals,eval_trained_agreement__heldout,eval_trained_agreement,heldout,conflict_runs,0.0,0.0,0.0,,0.0,0.0,,,,,,,512.0,
charter_1b,drop080,0.8,evals,eval_trained_agreement__heldout,eval_trained_agreement,heldout,agreement_runs,3000.0,,,0.9727,0.0267,0.0007,,,,,0.9662000187803351,0.9779243762246567,512.0,
charter_1b,drop080,0.8,evals,eval_trained_agreement__trained,eval_trained_agreement,trained,conflict_runs,0.0,0.0,0.0,,0.0,0.0,,,,,,,512.0,
charter_1b,drop080,0.8,evals,eval_trained_agreement__trained,eval_trained_agreement,trained,agreement_runs,3000.0,,,0.9827,0.016,0.0013,,,,,0.9773415968638908,0.9867572211665945,512.0,
charter_1b,drop080,0.8,evals,eval_trained_conflict__canonical,eval_trained_conflict,canonical,conflict_runs,3000.0,0.1733,0.761,,0.0577,0.008,0.16020785116206906,0.18729433000514387,0.7454114790532282,0.7759209619121517,,,512.0,
charter_1b,drop080,0.8,evals,eval_trained_conflict__canonical,eval_trained_conflict,canonical,agreement_runs,0.0,,,0.0,0.0,0.0,,,,,,,512.0,
charter_1b,drop080,0.8,evals,eval_trained_conflict__heldout,eval_trained_conflict,heldout,conflict_runs,3000.0,0.206,0.7253,,0.0647,0.004,0.19190825969295508,0.22084370335753653,0.7090807827427159,0.7410095494317372,,,512.0,
charter_1b,drop080,0.8,evals,eval_trained_conflict__heldout,eval_trained_conflict,heldout,agreement_runs,0.0,,,0.0,0.0,0.0,,,,,,,512.0,
charter_1b,drop080,0.8,evals,eval_trained_conflict__trained,eval_trained_conflict,trained,conflict_runs,3000.0,0.1793,0.7507,,0.0613,0.0087,0.16601825700495515,0.19346857797755385,0.7348716052727746,0.7658205985662618,,,512.0,
charter_1b,drop080,0.8,evals,eval_trained_conflict__trained,eval_trained_conflict,trained,agreement_runs,0.0,,,0.0,0.0,0.0,,,,,,,512.0,
charter_1b,drop090,0.9,evals,eval_holdout_adjacent__canonical,eval_holdout_adjacent,canonical,conflict_runs,400.0,0.4325,0.45,,0.115,0.0025,0.3848187370706328,0.48146542266449727,0.40195222801404185,0.4989990014193878,,,512.0,
charter_1b,drop090,0.9,evals,eval_holdout_adjacent__canonical,eval_holdout_adjacent,canonical,agreement_runs,400.0,,,0.9675,0.03,0.0025,,,,,0.9451958471762332,0.9809101576211996,512.0,
charter_1b,drop090,0.9,evals,eval_holdout_adjacent__heldout,eval_holdout_adjacent,heldout,conflict_runs,400.0,0.4725,0.405,,0.12,0.0025,0.42406920327567316,0.5214539729127132,0.3580179525239347,0.4537893833995817,,,512.0,
charter_1b,drop090,0.9,evals,eval_holdout_adjacent__heldout,eval_holdout_adjacent,heldout,agreement_runs,400.0,,,0.9375,0.06,0.0025,,,,,0.909365883869693,0.9573108585877976,512.0,
charter_1b,drop090,0.9,evals,eval_holdout_adjacent__trained,eval_holdout_adjacent,trained,conflict_runs,400.0,0.4175,0.4525,,0.1275,0.0025,0.37018126768159904,0.46638826088355984,0.404404788515386,0.5014988794463721,,,512.0,
charter_1b,drop090,0.9,evals,eval_holdout_adjacent__trained,eval_holdout_adjacent,trained,agreement_runs,400.0,,,0.9525,0.045,0.0025,,,,,0.9270084505901734,0.9693829230372881,512.0,
charter_1b,drop090,0.9,evals,eval_holdout_agreement__canonical,eval_holdout_agreement,canonical,conflict_runs,0.0,0.0,0.0,,0.0,0.0,,,,,,,512.0,
charter_1b,drop090,0.9,evals,eval_holdout_agreement__canonical,eval_holdout_agreement,canonical,agreement_runs,1200.0,,,0.96,0.0383,0.0017,,,,,0.947365715185829,0.9696985642596552,512.0,
charter_1b,drop090,0.9,evals,eval_holdout_agreement__heldout,eval_holdout_agreement,heldout,conflict_runs,0.0,0.0,0.0,,0.0,0.0,,,,,,,512.0,
charter_1b,drop090,0.9,evals,eval_holdout_agreement__heldout,eval_holdout_agreement,heldout,agreement_runs,1200.0,,,0.9242,0.0758,0.0,,,,,0.9077976336455508,0.9378286675097961,512.0,
charter_1b,drop090,0.9,evals,eval_holdout_agreement__trained,eval_holdout_agreement,trained,conflict_runs,0.0,0.0,0.0,,0.0,0.0,,,,,,,512.0,
charter_1b,drop090,0.9,evals,eval_holdout_agreement__trained,eval_holdout_agreement,trained,agreement_runs,1200.0,,,0.94,0.0583,0.0017,,,,,0.9251073066122437,0.9520846128573499,512.0,
charter_1b,drop090,0.9,evals,eval_holdout_conflict__canonical,eval_holdout_conflict,canonical,conflict_runs,1200.0,0.3542,0.4992,,0.1417,0.005,0.3276116111696789,0.3816524306727855,0.4709248937846288,0.5274137578830425,,,512.0,
charter_1b,drop090,0.9,evals,eval_holdout_conflict__canonical,eval_holdout_conflict,canonical,agreement_runs,0.0,,,0.0,0.0,0.0,,,,,,,512.0,
charter_1b,drop090,0.9,evals,eval_holdout_conflict__heldout,eval_holdout_conflict,heldout,conflict_runs,1200.0,0.3967,0.4167,,0.185,0.0017,0.3693597233911474,0.42463308340008454,0.38908188974810265,0.4447832770190199,,,512.0,
charter_1b,drop090,0.9,evals,eval_holdout_conflict__heldout,eval_holdout_conflict,heldout,agreement_runs,0.0,,,0.0,0.0,0.0,,,,,,,512.0,
charter_1b,drop090,0.9,evals,eval_holdout_conflict__trained,eval_holdout_conflict,trained,conflict_runs,1200.0,0.3792,0.4667,,0.1542,0.0,0.3521422477802775,0.40696224403205017,0.43859119685665726,0.49495486985019177,,,512.0,
charter_1b,drop090,0.9,evals,eval_holdout_conflict__trained,eval_holdout_conflict,trained,agreement_runs,0.0,,,0.0,0.0,0.0,,,,,,,512.0,
charter_1b,drop090,0.9,evals,eval_trained_adjacent__canonical,eval_trained_adjacent,canonical,conflict_runs,1000.0,0.242,0.696,,0.061,0.001,0.21647428729861817,0.26950032007992825,0.6667851800100444,0.7237147306636178,,,512.0,
charter_1b,drop090,0.9,evals,eval_trained_adjacent__canonical,eval_trained_adjacent,canonical,agreement_runs,1000.0,,,0.978,0.021,0.001,,,,,0.9669143266526002,0.9854272922352089,512.0,
charter_1b,drop090,0.9,evals,eval_trained_adjacent__heldout,eval_trained_adjacent,heldout,conflict_runs,1000.0,0.296,0.604,,0.1,0.0,0.26853097433797923,0.32503034312412726,0.5733454840711703,0.6338585501638341,,,512.0,
charter_1b,drop090,0.9,evals,eval_trained_adjacent__heldout,eval_trained_adjacent,heldout,agreement_runs,1000.0,,,0.938,0.062,0.0,,,,,0.9213119396866343,0.9513358198800193,512.0,
charter_1b,drop090,0.9,evals,eval_trained_adjacent__trained,eval_trained_adjacent,trained,conflict_runs,1000.0,0.257,0.658,,0.081,0.004,0.23088201740604802,0.2849777872179318,0.6280436431236504,0.6867471011949141,,,512.0,
charter_1b,drop090,0.9,evals,eval_trained_adjacent__trained,eval_trained_adjacent,trained,agreement_runs,1000.0,,,0.95,0.046,0.004,,,,,0.9346861797557491,0.9618697376072511,512.0,
charter_1b,drop090,0.9,evals,eval_trained_agreement__canonical,eval_trained_agreement,canonical,conflict_runs,0.0,0.0,0.0,,0.0,0.0,,,,,,,512.0,
charter_1b,drop090,0.9,evals,eval_trained_agreement__canonical,eval_trained_agreement,canonical,agreement_runs,3000.0,,,0.984,0.0153,0.0007,,,,,0.9788514335633824,0.9879106408705021,512.0,
charter_1b,drop090,0.9,evals,eval_trained_agreement__heldout,eval_trained_agreement,heldout,conflict_runs,0.0,0.0,0.0,,0.0,0.0,,,,,,,512.0,
charter_1b,drop090,0.9,evals,eval_trained_agreement__heldout,eval_trained_agreement,heldout,agreement_runs,3000.0,,,0.9573,0.0413,0.0013,,,,,0.9494973904625031,0.9639995559033986,512.0,
charter_1b,drop090,0.9,evals,eval_trained_agreement__trained,eval_trained_agreement,trained,conflict_runs,0.0,0.0,0.0,,0.0,0.0,,,,,,,512.0,
charter_1b,drop090,0.9,evals,eval_trained_agreement__trained,eval_trained_agreement,trained,agreement_runs,3000.0,,,0.9703,0.0297,0.0,,,,,0.963634682061486,0.9758290142375573,512.0,
charter_1b,drop090,0.9,evals,eval_trained_conflict__canonical,eval_trained_conflict,canonical,conflict_runs,3000.0,0.1867,0.7527,,0.0563,0.0043,0.17312756554990966,0.20100717965129455,0.7369106469424356,0.7677764415016997,,,512.0,
charter_1b,drop090,0.9,evals,eval_trained_conflict__canonical,eval_trained_conflict,canonical,agreement_runs,0.0,,,0.0,0.0,0.0,,,,,,,512.0,
charter_1b,drop090,0.9,evals,eval_trained_conflict__heldout,eval_trained_conflict,heldout,conflict_runs,3000.0,0.2493,0.6737,,0.075,0.002,0.23417940143373808,0.26512839472722527,0.6566758140102427,0.6902133325324942,,,512.0,
charter_1b,drop090,0.9,evals,eval_trained_conflict__heldout,eval_trained_conflict,heldout,agreement_runs,0.0,,,0.0,0.0,0.0,,,,,,,512.0,
charter_1b,drop090,0.9,evals,eval_trained_conflict__trained,eval_trained_conflict,trained,conflict_runs,3000.0,0.227,0.6993,,0.068,0.0057,0.21236504236543716,0.24233320903859076,0.6826783041716542,0.7154785281365159,,,512.0,
charter_1b,drop090,0.9,evals,eval_trained_conflict__trained,eval_trained_conflict,trained,agreement_runs,0.0,,,0.0,0.0,0.0,,,,,,,512.0,
charter_1b,drop095,0.95,evals,eval_holdout_adjacent__canonical,eval_holdout_adjacent,canonical,conflict_runs,400.0,0.4325,0.415,,0.145,0.0075,0.3848187370706328,0.48146542266449727,0.36774607523110986,0.4638710148057205,,,512.0,
charter_1b,drop095,0.95,evals,eval_holdout_adjacent__canonical,eval_holdout_adjacent,canonical,agreement_runs,400.0,,,0.9575,0.035,0.0075,,,,,0.9329979456752499,0.9732983050088689,512.0,
charter_1b,drop095,0.95,evals,eval_holdout_adjacent__heldout,eval_holdout_adjacent,heldout,conflict_runs,400.0,0.48,0.3725,,0.1425,0.005,0.43146340667729527,0.5289170850960765,0.3265438629583563,0.4208817720968893,,,512.0,
charter_1b,drop095,0.95,evals,eval_holdout_adjacent__heldout,eval_holdout_adjacent,heldout,agreement_runs,400.0,,,0.925,0.07,0.005,,,,,0.8949522937386957,0.9469622560771523,512.0,
charter_1b,drop095,0.95,evals,eval_holdout_adjacent__trained,eval_holdout_adjacent,trained,conflict_runs,400.0,0.455,0.3925,,0.145,0.0075,0.40685857293973465,0.503997533550352,0.34588652662317476,0.44115861665869904,,,512.0,
charter_1b,drop095,0.95,evals,eval_holdout_adjacent__trained,eval_holdout_adjacent,trained,agreement_runs,400.0,,,0.9425,0.05,0.0075,,,,,0.9151991622718807,0.9613824572422669,512.0,
charter_1b,drop095,0.95,evals,eval_holdout_agreement__canonical,eval_holdout_agreement,canonical,conflict_runs,0.0,0.0,0.0,,0.0,0.0,,,,,,,512.0,
charter_1b,drop095,0.95,evals,eval_holdout_agreement__canonical,eval_holdout_agreement,canonical,agreement_runs,1200.0,,,0.9575,0.0425,0.0,,,,,0.9445516430654896,0.9675285913830082,512.0,
charter_1b,drop095,0.95,evals,eval_holdout_agreement__heldout,eval_holdout_agreement,heldout,conflict_runs,0.0,0.0,0.0,,0.0,0.0,,,,,,,512.0,
charter_1b,drop095,0.95,evals,eval_holdout_agreement__heldout,eval_holdout_agreement,heldout,agreement_runs,1200.0,,,0.9225,0.0758,0.0017,,,,,0.90598756020931,0.9363160442813793,512.0,
charter_1b,drop095,0.95,evals,eval_holdout_agreement__trained,eval_holdout_agreement,trained,conflict_runs,0.0,0.0,0.0,,0.0,0.0,,,,,,,512.0,
charter_1b,drop095,0.95,evals,eval_holdout_agreement__trained,eval_holdout_agreement,trained,agreement_runs,1200.0,,,0.9433,0.0567,0.0,,,,,0.9287817609966371,0.9550555518022714,512.0,
charter_1b,drop095,0.95,evals,eval_holdout_conflict__canonical,eval_holdout_conflict,canonical,conflict_runs,1200.0,0.4142,0.4317,,0.1542,0.0,0.38661402831306985,0.44226709345706644,0.4039044128509136,0.4598650238981268,,,512.0,
charter_1b,drop095,0.95,evals,eval_holdout_conflict__canonical,eval_holdout_conflict,canonical,agreement_runs,0.0,,,0.0,0.0,0.0,,,,,,,512.0,
charter_1b,drop095,0.95,evals,eval_holdout_conflict__heldout,eval_holdout_conflict,heldout,conflict_runs,1200.0,0.4667,0.3583,,0.175,0.0,0.43859119685665726,0.49495486985019177,0.33169456492489935,0.38587621857920895,,,512.0,
charter_1b,drop095,0.95,evals,eval_holdout_conflict__heldout,eval_holdout_conflict,heldout,agreement_runs,0.0,,,0.0,0.0,0.0,,,,,,,512.0,
charter_1b,drop095,0.95,evals,eval_holdout_conflict__trained,eval_holdout_conflict,trained,conflict_runs,1200.0,0.4217,0.4167,,0.1617,0.0,0.39401981319873636,0.44981344356235886,0.38908188974810265,0.4447832770190199,,,512.0,
charter_1b,drop095,0.95,evals,eval_holdout_conflict__trained,eval_holdout_conflict,trained,agreement_runs,0.0,,,0.0,0.0,0.0,,,,,,,512.0,
charter_1b,drop095,0.95,evals,eval_trained_adjacent__canonical,eval_trained_adjacent,canonical,conflict_runs,1000.0,0.223,0.691,,0.083,0.003,0.19828813022889644,0.24983189397210112,0.6616750359751813,0.7188631422833365,,,512.0,
charter_1b,drop095,0.95,evals,eval_trained_adjacent__canonical,eval_trained_adjacent,canonical,agreement_runs,1000.0,,,0.962,0.035,0.003,,,,,0.9482730796686496,0.9721909954906973,512.0,
charter_1b,drop095,0.95,evals,eval_trained_adjacent__heldout,eval_trained_adjacent,heldout,conflict_runs,1000.0,0.295,0.594,,0.106,0.005,0.26756241055666713,0.32400656042241044,0.5632592745396628,0.6240212948650526,,,512.0,
charter_1b,drop095,0.95,evals,eval_trained_adjacent__heldout,eval_trained_adjacent,heldout,agreement_runs,1000.0,,,0.933,0.062,0.005,,,,,0.915787946758133,0.9468980803933761,512.0,
charter_1b,drop095,0.95,evals,eval_trained_adjacent__trained,eval_trained_adjacent,trained,conflict_runs,1000.0,0.253,0.643,,0.101,0.003,0.22703579958556788,0.28085461910629633,0.6128092971223535,0.6720962499507777,,,512.0,
charter_1b,drop095,0.95,evals,eval_trained_adjacent__trained,eval_trained_adjacent,trained,agreement_runs,1000.0,,,0.949,0.048,0.003,,,,,0.9335645136552382,0.9609990572247331,512.0,
charter_1b,drop095,0.95,evals,eval_trained_agreement__canonical,eval_trained_agreement,canonical,conflict_runs,0.0,0.0,0.0,,0.0,0.0,,,,,,,512.0,
charter_1b,drop095,0.95,evals,eval_trained_agreement__canonical,eval_trained_agreement,canonical,agreement_runs,3000.0,,,0.9807,0.018,0.0013,,,,,0.975089683015807,0.9850142504095797,512.0,
charter_1b,drop095,0.95,evals,eval_trained_agreement__heldout,eval_trained_agreement,heldout,conflict_runs,0.0,0.0,0.0,,0.0,0.0,,,,,,,512.0,
charter_1b,drop095,0.95,evals,eval_trained_agreement__heldout,eval_trained_agreement,heldout,agreement_runs,3000.0,,,0.9547,0.0437,0.0017,,,,,0.9466230198313007,0.961547413727803,512.0,
charter_1b,drop095,0.95,evals,eval_trained_agreement__trained,eval_trained_agreement,trained,conflict_runs,0.0,0.0,0.0,,0.0,0.0,,,,,,,512.0,
charter_1b,drop095,0.95,evals,eval_trained_agreement__trained,eval_trained_agreement,trained,agreement_runs,3000.0,,,0.965,0.0343,0.0007,,,,,0.9578063398318523,0.9710043308535946,512.0,
charter_1b,drop095,0.95,evals,eval_trained_conflict__canonical,eval_trained_conflict,canonical,conflict_runs,3000.0,0.222,0.6913,,0.0843,0.0023,0.2074893156259379,0.2372217242653433,0.6745672853097266,0.7076100085780486,,,512.0,
charter_1b,drop095,0.95,evals,eval_trained_conflict__canonical,eval_trained_conflict,canonical,agreement_runs,0.0,,,0.0,0.0,0.0,,,,,,,512.0,
charter_1b,drop095,0.95,evals,eval_trained_conflict__heldout,eval_trained_conflict,heldout,conflict_runs,3000.0,0.2863,0.6143,,0.098,0.0013,0.27043861864750157,0.30277454270778764,0.5967797546947513,0.6315944818967241,,,512.0,
charter_1b,drop095,0.95,evals,eval_trained_conflict__heldout,eval_trained_conflict,heldout,agreement_runs,0.0,,,0.0,0.0,0.0,,,,,,,512.0,
charter_1b,drop095,0.95,evals,eval_trained_conflict__trained,eval_trained_conflict,trained,conflict_runs,3000.0,0.252,0.6597,,0.085,0.0033,0.23678787709258894,0.26784643187517265,0.642516928600678,0.6764080257063678,,,512.0,
charter_1b,drop095,0.95,evals,eval_trained_conflict__trained,eval_trained_conflict,trained,agreement_runs,0.0,,,0.0,0.0,0.0,,,,,,,512.0,
charter_1b,drop098,0.98,evals,eval_holdout_adjacent__canonical,eval_holdout_adjacent,canonical,conflict_runs,400.0,0.39,0.4075,,0.19,0.0125,0.3434641111997797,0.4386285935537655,0.36044807924096695,0.45631169521087794,,,512.0,
charter_1b,drop098,0.98,evals,eval_holdout_adjacent__canonical,eval_holdout_adjacent,canonical,agreement_runs,400.0,,,0.8725,0.115,0.0125,,,,,0.8362345298775349,0.9016788108434142,512.0,
charter_1b,drop098,0.98,evals,eval_holdout_adjacent__heldout,eval_holdout_adjacent,heldout,conflict_runs,400.0,0.3975,0.38,,0.2125,0.01,0.3507352396832797,0.4462147806552511,0.3337874943779953,0.4284954562622359,,,512.0,
charter_1b,drop098,0.98,evals,eval_holdout_adjacent__heldout,eval_holdout_adjacent,heldout,agreement_runs,400.0,,,0.835,0.155,0.01,,,,,0.7954717951637494,0.8681549676322718,512.0,
charter_1b,drop098,0.98,evals,eval_holdout_adjacent__trained,eval_holdout_adjacent,trained,conflict_runs,400.0,0.3775,0.39,,0.2075,0.025,0.33137162500063877,0.42595888711126384,0.3434641111997797,0.4386285935537655,,,512.0,
charter_1b,drop098,0.98,evals,eval_holdout_adjacent__trained,eval_holdout_adjacent,trained,agreement_runs,400.0,,,0.805,0.17,0.025,,,,,0.7633481418022936,0.8408493586537855,512.0,
charter_1b,drop098,0.98,evals,eval_holdout_agreement__canonical,eval_holdout_agreement,canonical,conflict_runs,0.0,0.0,0.0,,0.0,0.0,,,,,,,512.0,
charter_1b,drop098,0.98,evals,eval_holdout_agreement__canonical,eval_holdout_agreement,canonical,agreement_runs,1200.0,,,0.8692,0.1258,0.005,,,,,0.8489031782536973,0.8870741329679503,512.0,
charter_1b,drop098,0.98,evals,eval_holdout_agreement__heldout,eval_holdout_agreement,heldout,conflict_runs,0.0,0.0,0.0,,0.0,0.0,,,,,,,512.0,
charter_1b,drop098,0.98,evals,eval_holdout_agreement__heldout,eval_holdout_agreement,heldout,agreement_runs,1200.0,,,0.825,0.17,0.005,,,,,0.8024739453732079,0.8454519042350144,512.0,
charter_1b,drop098,0.98,evals,eval_holdout_agreement__trained,eval_holdout_agreement,trained,conflict_runs,0.0,0.0,0.0,,0.0,0.0,,,,,,,512.0,
charter_1b,drop098,0.98,evals,eval_holdout_agreement__trained,eval_holdout_agreement,trained,agreement_runs,1200.0,,,0.8358,0.1592,0.005,,,,,0.8138092506402783,0.855714127288218,512.0,
charter_1b,drop098,0.98,evals,eval_holdout_conflict__canonical,eval_holdout_conflict,canonical,conflict_runs,1200.0,0.3608,0.4133,,0.1983,0.0275,0.33414540183779357,0.3884094266633011,0.38579157130664277,0.44142820213116474,,,512.0,
charter_1b,drop098,0.98,evals,eval_holdout_conflict__canonical,eval_holdout_conflict,canonical,agreement_runs,0.0,,,0.0,0.0,0.0,,,,,,,512.0,
charter_1b,drop098,0.98,evals,eval_holdout_conflict__heldout,eval_holdout_conflict,heldout,conflict_runs,1200.0,0.3733,0.3783,,0.2317,0.0167,0.3464114276598401,0.40106362582618615,0.35132330159509606,0.4061198418849028,,,512.0,
charter_1b,drop098,0.98,evals,eval_holdout_conflict__heldout,eval_holdout_conflict,heldout,agreement_runs,0.0,,,0.0,0.0,0.0,,,,,,,512.0,
charter_1b,drop098,0.98,evals,eval_holdout_conflict__trained,eval_holdout_conflict,trained,conflict_runs,1200.0,0.3733,0.4,,0.205,0.0217,0.3464114276598401,0.40106362582618615,0.37264344343744255,0.42799475668310455,,,512.0,
charter_1b,drop098,0.98,evals,eval_holdout_conflict__trained,eval_holdout_conflict,trained,agreement_runs,0.0,,,0.0,0.0,0.0,,,,,,,512.0,
charter_1b,drop098,0.98,evals,eval_trained_adjacent__canonical,eval_trained_adjacent,canonical,conflict_runs,1000.0,0.197,0.713,,0.079,0.011,0.1735281617357852,0.22279085390646122,0.6841895829243533,0.7401802179608,,,512.0,
charter_1b,drop098,0.98,evals,eval_trained_adjacent__canonical,eval_trained_adjacent,canonical,agreement_runs,1000.0,,,0.923,0.066,0.011,,,,,0.9048104693818262,0.9379520929393941,512.0,
charter_1b,drop098,0.98,evals,eval_trained_adjacent__heldout,eval_trained_adjacent,heldout,conflict_runs,1000.0,0.217,0.652,,0.112,0.019,0.19256080207751963,0.24360514322530458,0.6219460655735374,0.6808905998468537,,,512.0,
charter_1b,drop098,0.98,evals,eval_trained_adjacent__heldout,eval_trained_adjacent,heldout,agreement_runs,1000.0,,,0.873,0.108,0.019,,,,,0.8509252474282143,0.8922199907415616,512.0,
charter_1b,drop098,0.98,evals,eval_trained_adjacent__trained,eval_trained_adjacent,trained,conflict_runs,1000.0,0.218,0.659,,0.103,0.02,0.1935148145806916,0.24464347720516147,0.6290604090928602,0.6877226817087332,,,512.0,
charter_1b,drop098,0.98,evals,eval_trained_adjacent__trained,eval_trained_adjacent,trained,agreement_runs,1000.0,,,0.891,0.089,0.02,,,,,0.8701675082488095,0.9088399666154862,512.0,
charter_1b,drop098,0.98,evals,eval_trained_agreement__canonical,eval_trained_agreement,canonical,conflict_runs,0.0,0.0,0.0,,0.0,0.0,,,,,,,512.0,
charter_1b,drop098,0.98,evals,eval_trained_agreement__canonical,eval_trained_agreement,canonical,agreement_runs,3000.0,,,0.956,0.0397,0.0043,,,,,0.9480592935843528,0.9627743963781499,512.0,
charter_1b,drop098,0.98,evals,eval_trained_agreement__heldout,eval_trained_agreement,heldout,conflict_runs,0.0,0.0,0.0,,0.0,0.0,,,,,,,512.0,
charter_1b,drop098,0.98,evals,eval_trained_agreement__heldout,eval_trained_agreement,heldout,agreement_runs,3000.0,,,0.917,0.0783,0.0047,,,,,0.9065864952458019,0.9263469449172762,512.0,
charter_1b,drop098,0.98,evals,eval_trained_agreement__trained,eval_trained_agreement,trained,conflict_runs,0.0,0.0,0.0,,0.0,0.0,,,,,,,512.0,
charter_1b,drop098,0.98,evals,eval_trained_agreement__trained,eval_trained_agreement,trained,agreement_runs,3000.0,,,0.9343,0.06,0.0057,,,,,0.9249025435483741,0.9426532298588927,512.0,
charter_1b,drop098,0.98,evals,eval_trained_conflict__canonical,eval_trained_conflict,canonical,conflict_runs,3000.0,0.1723,0.719,,0.0933,0.0153,0.15924001912559677,0.18626471973906678,0.7026433729317254,0.7347964913265819,,,512.0,
charter_1b,drop098,0.98,evals,eval_trained_conflict__canonical,eval_trained_conflict,canonical,agreement_runs,0.0,,,0.0,0.0,0.0,,,,,,,512.0,
charter_1b,drop098,0.98,evals,eval_trained_conflict__heldout,eval_trained_conflict,heldout,conflict_runs,3000.0,0.224,0.6463,,0.1137,0.016,0.20943923759001995,0.2392666869063599,0.6290475798152921,0.6632448104577624,,,512.0,
charter_1b,drop098,0.98,evals,eval_trained_conflict__heldout,eval_trained_conflict,heldout,agreement_runs,0.0,,,0.0,0.0,0.0,,,,,,,512.0,
charter_1b,drop098,0.98,evals,eval_trained_conflict__trained,eval_trained_conflict,trained,conflict_runs,3000.0,0.2003,0.6863,,0.098,0.0153,0.1863981019862194,0.2150350213498259,0.6695008495940491,0.7026892327809795,,,512.0,
charter_1b,drop098,0.98,evals,eval_trained_conflict__trained,eval_trained_conflict,trained,agreement_runs,0.0,,,0.0,0.0,0.0,,,,,,,512.0,
charter_1b,drop099,0.99,evals,eval_holdout_adjacent__canonical,eval_holdout_adjacent,canonical,conflict_runs,400.0,0.2225,0.62,,0.1475,0.01,0.18448827447183322,0.2657910488837013,0.5715045437377642,0.6662125056220047,,,512.0,
charter_1b,drop099,0.99,evals,eval_holdout_adjacent__canonical,eval_holdout_adjacent,canonical,agreement_runs,400.0,,,0.8625,0.1275,0.01,,,,,0.8252880733424807,0.8928155132651544,512.0,
charter_1b,drop099,0.99,evals,eval_holdout_adjacent__heldout,eval_holdout_adjacent,heldout,conflict_runs,400.0,0.26,0.55,,0.175,0.015,0.21944164704726868,0.30512425423319367,0.5010009985806122,0.5980477719859582,,,512.0,
charter_1b,drop099,0.99,evals,eval_holdout_adjacent__heldout,eval_holdout_adjacent,heldout,agreement_runs,400.0,,,0.82,0.165,0.015,,,,,0.7793624469518833,0.854549684674167,512.0,
charter_1b,drop099,0.99,evals,eval_holdout_adjacent__trained,eval_holdout_adjacent,trained,conflict_runs,400.0,0.255,0.5375,,0.1725,0.035,0.21475670087938903,0.2999043233444163,0.4885138311983594,0.5857727467265683,,,512.0,
charter_1b,drop099,0.99,evals,eval_holdout_adjacent__trained,eval_holdout_adjacent,trained,agreement_runs,400.0,,,0.8075,0.1575,0.035,,,,,0.7660109641776837,0.8431389748067241,512.0,
charter_1b,drop099,0.99,evals,eval_holdout_agreement__canonical,eval_holdout_agreement,canonical,conflict_runs,0.0,0.0,0.0,,0.0,0.0,,,,,,,512.0,
charter_1b,drop099,0.99,evals,eval_holdout_agreement__canonical,eval_holdout_agreement,canonical,agreement_runs,1200.0,,,0.8783,0.1125,0.0092,,,,,0.8586203908205775,0.8956317520566867,512.0,
charter_1b,drop099,0.99,evals,eval_holdout_agreement__heldout,eval_holdout_agreement,heldout,conflict_runs,0.0,0.0,0.0,,0.0,0.0,,,,,,,512.0,
charter_1b,drop099,0.99,evals,eval_holdout_agreement__heldout,eval_holdout_agreement,heldout,agreement_runs,1200.0,,,0.845,0.15,0.005,,,,,0.8234258716765449,0.864372337907568,512.0,
charter_1b,drop099,0.99,evals,eval_holdout_agreement__trained,eval_holdout_agreement,trained,conflict_runs,0.0,0.0,0.0,,0.0,0.0,,,,,,,512.0,
charter_1b,drop099,0.99,evals,eval_holdout_agreement__trained,eval_holdout_agreement,trained,agreement_runs,1200.0,,,0.8625,0.1258,0.0117,,,,,0.8418555541073807,0.8808309704556367,512.0,
charter_1b,drop099,0.99,evals,eval_holdout_conflict__canonical,eval_holdout_conflict,canonical,conflict_runs,1200.0,0.2167,0.6117,,0.155,0.0167,0.19428127641047555,0.24086029059774094,0.5837769564200789,0.6388437201119771,,,512.0,
charter_1b,drop099,0.99,evals,eval_holdout_conflict__canonical,eval_holdout_conflict,canonical,agreement_runs,0.0,,,0.0,0.0,0.0,,,,,,,512.0,
charter_1b,drop099,0.99,evals,eval_holdout_conflict__heldout,eval_holdout_conflict,heldout,conflict_runs,1200.0,0.2533,0.5308,,0.1875,0.0283,0.2295396608347833,0.27870123279589926,0.5025440561774939,0.5589258321186708,,,512.0,
charter_1b,drop099,0.99,evals,eval_holdout_conflict__heldout,eval_holdout_conflict,heldout,agreement_runs,0.0,,,0.0,0.0,0.0,,,,,,,512.0,
charter_1b,drop099,0.99,evals,eval_holdout_conflict__trained,eval_holdout_conflict,trained,conflict_runs,1200.0,0.2408,0.5592,,0.1683,0.0317,0.21749211155969397,0.265828557086057,0.5309312068456742,0.5870245247496688,,,512.0,
charter_1b,drop099,0.99,evals,eval_holdout_conflict__trained,eval_holdout_conflict,trained,agreement_runs,0.0,,,0.0,0.0,0.0,,,,,,,512.0,
charter_1b,drop099,0.99,evals,eval_trained_adjacent__canonical,eval_trained_adjacent,canonical,conflict_runs,1000.0,0.179,0.674,,0.133,0.014,0.1564821152191892,0.20397466372853718,0.6443294194831641,0.7023388685638625,,,512.0,
charter_1b,drop099,0.99,evals,eval_trained_adjacent__canonical,eval_trained_adjacent,canonical,agreement_runs,1000.0,,,0.868,0.118,0.014,,,,,0.8456051419027082,0.887578363851923,512.0,
charter_1b,drop099,0.99,evals,eval_trained_adjacent__heldout,eval_trained_adjacent,heldout,conflict_runs,1000.0,0.225,0.599,,0.152,0.024,0.20019895514206565,0.25190576202498965,0.5683007437869229,0.628941558032937,,,512.0,
charter_1b,drop099,0.99,evals,eval_trained_adjacent__heldout,eval_trained_adjacent,heldout,agreement_runs,1000.0,,,0.814,0.162,0.024,,,,,0.7886979748203968,0.8368988208506745,512.0,
charter_1b,drop099,0.99,evals,eval_trained_adjacent__trained,eval_trained_adjacent,trained,conflict_runs,1000.0,0.213,0.622,,0.13,0.035,0.18874695684098677,0.2394496025297219,0.5915339669665515,0.6515323039629729,,,512.0,
charter_1b,drop099,0.99,evals,eval_trained_adjacent__trained,eval_trained_adjacent,trained,agreement_runs,1000.0,,,0.817,0.148,0.035,,,,,0.791836676289063,0.8397371588310949,512.0,
charter_1b,drop099,0.99,evals,eval_trained_agreement__canonical,eval_trained_agreement,canonical,conflict_runs,0.0,0.0,0.0,,0.0,0.0,,,,,,,512.0,
charter_1b,drop099,0.99,evals,eval_trained_agreement__canonical,eval_trained_agreement,canonical,agreement_runs,3000.0,,,0.8973,0.095,0.0077,,,,,0.8859590319575867,0.9076913762553542,512.0,
charter_1b,drop099,0.99,evals,eval_trained_agreement__heldout,eval_trained_agreement,heldout,conflict_runs,0.0,0.0,0.0,,0.0,0.0,,,,,,,512.0,
charter_1b,drop099,0.99,evals,eval_trained_agreement__heldout,eval_trained_agreement,heldout,agreement_runs,3000.0,,,0.8443,0.142,0.0137,,,,,0.8309207503522644,0.856865215825561,512.0,
charter_1b,drop099,0.99,evals,eval_trained_agreement__trained,eval_trained_agreement,trained,conflict_runs,0.0,0.0,0.0,,0.0,0.0,,,,,,,512.0,
charter_1b,drop099,0.99,evals,eval_trained_agreement__trained,eval_trained_agreement,trained,agreement_runs,3000.0,,,0.8643,0.1137,0.022,,,,,0.8516127558647096,0.8761220563641029,512.0,
charter_1b,drop099,0.99,evals,eval_trained_conflict__canonical,eval_trained_conflict,canonical,conflict_runs,3000.0,0.1817,0.6833,,0.1277,0.0073,0.16827940729540852,0.19586812639304896,0.6664620624086811,0.6997356930586994,,,512.0,
charter_1b,drop099,0.99,evals,eval_trained_conflict__canonical,eval_trained_conflict,canonical,agreement_runs,0.0,,,0.0,0.0,0.0,,,,,,,512.0,
charter_1b,drop099,0.99,evals,eval_trained_conflict__heldout,eval_trained_conflict,heldout,conflict_runs,3000.0,0.2403,0.5813,,0.1543,0.024,0.22538163181397997,0.2559491836240393,0.5635866653552397,0.5988719752521072,,,512.0,
charter_1b,drop099,0.99,evals,eval_trained_conflict__heldout,eval_trained_conflict,heldout,agreement_runs,0.0,,,0.0,0.0,0.0,,,,,,,512.0,
charter_1b,drop099,0.99,evals,eval_trained_conflict__trained,eval_trained_conflict,trained,conflict_runs,3000.0,0.2163,0.6143,,0.1453,0.024,0.2019672527181075,0.23142494745872738,0.5967797546947513,0.6315944818967241,,,512.0,
charter_1b,drop099,0.99,evals,eval_trained_conflict__trained,eval_trained_conflict,trained,agreement_runs,0.0,,,0.0,0.0,0.0,,,,,,,512.0,
charter_1b,drop100,1.0,evals,eval_holdout_adjacent__canonical,eval_holdout_adjacent,canonical,conflict_runs,400.0,0.17,0.485,,0.2225,0.1225,0.13636898220196564,0.20990913205867007,0.4363989291617392,0.5338864396682897,,,,
charter_1b,drop100,1.0,evals,eval_holdout_adjacent__canonical,eval_holdout_adjacent,canonical,agreement_runs,400.0,,,0.5475,0.33,0.1225,,,,,0.49850112055362783,0.5955952114846139,,
charter_1b,drop100,1.0,evals,eval_holdout_adjacent__heldout,eval_holdout_adjacent,heldout,conflict_runs,400.0,0.155,0.35,,0.245,0.25,0.12283258671753923,0.1937308963731254,0.3048856490077627,0.3979680392925262,,,,
charter_1b,drop100,1.0,evals,eval_holdout_adjacent__heldout,eval_holdout_adjacent,heldout,agreement_runs,400.0,,,0.395,0.355,0.25,,,,,0.3483102375425738,0.4436873442676285,,
charter_1b,drop100,1.0,evals,eval_holdout_adjacent__trained,eval_holdout_adjacent,trained,conflict_runs,400.0,0.1375,0.32,,0.195,0.3475,0.10718448673484568,0.1747119266575193,0.2761841236239046,0.36724030233644217,,,,
charter_1b,drop100,1.0,evals,eval_holdout_adjacent__trained,eval_holdout_adjacent,trained,agreement_runs,400.0,,,0.37,0.2825,0.3475,,,,,0.3241319808189903,0.4183412157079268,,
charter_1b,drop100,1.0,evals,eval_holdout_agreement__canonical,eval_holdout_agreement,canonical,conflict_runs,0.0,0.0,0.0,,0.0,0.0,,,,,,,,
charter_1b,drop100,1.0,evals,eval_holdout_agreement__canonical,eval_holdout_agreement,canonical,agreement_runs,1200.0,,,0.5942,0.3208,0.085,,,,,0.5661255122950188,0.6216068492581328,,
charter_1b,drop100,1.0,evals,eval_holdout_agreement__heldout,eval_holdout_agreement,heldout,conflict_runs,0.0,0.0,0.0,,0.0,0.0,,,,,,,,
charter_1b,drop100,1.0,evals,eval_holdout_agreement__heldout,eval_holdout_agreement,heldout,agreement_runs,1200.0,,,0.4342,0.3192,0.2467,,,,,0.40637737665514684,0.4623761050908799,,
charter_1b,drop100,1.0,evals,eval_holdout_agreement__trained,eval_holdout_agreement,trained,conflict_runs,0.0,0.0,0.0,,0.0,0.0,,,,,,,,
charter_1b,drop100,1.0,evals,eval_holdout_agreement__trained,eval_holdout_agreement,trained,agreement_runs,1200.0,,,0.3867,0.2358,0.3775,,,,,0.35951660118519574,0.41454002561809095,,
charter_1b,drop100,1.0,evals,eval_holdout_conflict__canonical,eval_holdout_conflict,canonical,conflict_runs,1200.0,0.155,0.4917,,0.2483,0.105,0.135627662092432,0.17657412832345515,0.46345269778201,0.5199338188947024,,,,
charter_1b,drop100,1.0,evals,eval_holdout_conflict__canonical,eval_holdout_conflict,canonical,agreement_runs,0.0,,,0.0,0.0,0.0,,,,,,,,
charter_1b,drop100,1.0,evals,eval_holdout_conflict__heldout,eval_holdout_conflict,heldout,conflict_runs,1200.0,0.1408,0.3217,,0.2467,0.2908,0.12229638572257118,0.16166248304372677,0.2958427123394165,0.3486287445422257,,,,
charter_1b,drop100,1.0,evals,eval_holdout_conflict__heldout,eval_holdout_conflict,heldout,agreement_runs,0.0,,,0.0,0.0,0.0,,,,,,,,
charter_1b,drop100,1.0,evals,eval_holdout_conflict__trained,eval_holdout_conflict,trained,conflict_runs,1200.0,0.1142,0.2967,,0.1792,0.41,0.09739146910916129,0.13340425302261588,0.2715038589379434,0.32312714797383557,,,,
charter_1b,drop100,1.0,evals,eval_holdout_conflict__trained,eval_holdout_conflict,trained,agreement_runs,0.0,,,0.0,0.0,0.0,,,,,,,,
charter_1b,drop100,1.0,evals,eval_trained_adjacent__canonical,eval_trained_adjacent,canonical,conflict_runs,1000.0,0.119,0.502,,0.236,0.143,0.1003751843670106,0.1405408055989824,0.47106219334840704,0.5329224996176508,,,,
charter_1b,drop100,1.0,evals,eval_trained_adjacent__canonical,eval_trained_adjacent,canonical,agreement_runs,1000.0,,,0.551,0.306,0.143,,,,,0.5200351373690726,0.5815745332654008,,
charter_1b,drop100,1.0,evals,eval_trained_adjacent__heldout,eval_trained_adjacent,heldout,conflict_runs,1000.0,0.117,0.409,,0.256,0.218,0.09852838761922869,0.13840290938070654,0.3789324249556991,0.43976404508867195,,,,
charter_1b,drop100,1.0,evals,eval_trained_adjacent__heldout,eval_trained_adjacent,heldout,agreement_runs,1000.0,,,0.439,0.343,0.218,,,,,0.40853319214335276,0.46993367239188494,,
charter_1b,drop100,1.0,evals,eval_trained_adjacent__trained,eval_trained_adjacent,trained,conflict_runs,1000.0,0.096,0.368,,0.189,0.347,0.07925690009839677,0.11583512075793177,0.33866778404766534,0.3983424801925212,,,,
charter_1b,drop100,1.0,evals,eval_trained_adjacent__trained,eval_trained_adjacent,trained,agreement_runs,1000.0,,,0.404,0.249,0.347,,,,,0.37401020862081624,0.4347245290084103,,
charter_1b,drop100,1.0,evals,eval_trained_agreement__canonical,eval_trained_agreement,canonical,conflict_runs,0.0,0.0,0.0,,0.0,0.0,,,,,,,,
charter_1b,drop100,1.0,evals,eval_trained_agreement__canonical,eval_trained_agreement,canonical,agreement_runs,3000.0,,,0.6293,0.2997,0.071,,,,,0.611895179761846,0.6464406913678696,,
charter_1b,drop100,1.0,evals,eval_trained_agreement__heldout,eval_trained_agreement,heldout,conflict_runs,0.0,0.0,0.0,,0.0,0.0,,,,,,,,
charter_1b,drop100,1.0,evals,eval_trained_agreement__heldout,eval_trained_agreement,heldout,agreement_runs,3000.0,,,0.4463,0.301,0.2527,,,,,0.4286246291645154,0.46417930059866963,,
charter_1b,drop100,1.0,evals,eval_trained_agreement__trained,eval_trained_agreement,trained,conflict_runs,0.0,0.0,0.0,,0.0,0.0,,,,,,,,
charter_1b,drop100,1.0,evals,eval_trained_agreement__trained,eval_trained_agreement,trained,agreement_runs,3000.0,,,0.393,0.2087,0.3983,,,,,0.3756700292464329,0.4106036443807869,,
charter_1b,drop100,1.0,evals,eval_trained_conflict__canonical,eval_trained_conflict,canonical,conflict_runs,3000.0,0.1353,0.5407,,0.2427,0.0813,0.12355770619813657,0.14804166747220113,0.5227933259030777,0.5584359944005959,,,,
charter_1b,drop100,1.0,evals,eval_trained_conflict__canonical,eval_trained_conflict,canonical,agreement_runs,0.0,,,0.0,0.0,0.0,,,,,,,,
charter_1b,drop100,1.0,evals,eval_trained_conflict__heldout,eval_trained_conflict,heldout,conflict_runs,3000.0,0.1347,0.378,,0.2183,0.269,0.12291730558998083,0.14735043987865734,0.36081525430756894,0.39549678478141065,,,,
charter_1b,drop100,1.0,evals,eval_trained_conflict__heldout,eval_trained_conflict,heldout,agreement_runs,0.0,,,0.0,0.0,0.0,,,,,,,,
charter_1b,drop100,1.0,evals,eval_trained_conflict__trained,eval_trained_conflict,trained,conflict_runs,3000.0,0.0943,0.3633,,0.1687,0.3737,0.08438660427552334,0.1053176349902911,0.34630762457460224,0.3807085940769868,,,,
charter_1b,drop100,1.0,evals,eval_trained_conflict__trained,eval_trained_conflict,trained,agreement_runs,0.0,,,0.0,0.0,0.0,,,,,,,,
charter_1b_random,drop001,0.01,evals,eval_holdout_adjacent__canonical,eval_holdout_adjacent,canonical,conflict_runs,400.0,0.8675,0.075,,0.045,0.0125,0.8307536803033191,0.897254783360973,0.05303774392284767,0.10504770626130437,,,512.0,
charter_1b_random,drop001,0.01,evals,eval_holdout_adjacent__canonical,eval_holdout_adjacent,canonical,agreement_runs,400.0,,,0.975,0.0125,0.0125,,,,,0.9545984121283544,0.986364908254064,512.0,
charter_1b_random,drop001,0.01,evals,eval_holdout_adjacent__heldout,eval_holdout_adjacent,heldout,conflict_runs,400.0,0.85,0.095,,0.045,0.01,0.8116863892693679,0.8816550046966246,0.06999661149327466,0.12770834691750552,,,512.0,
charter_1b_random,drop001,0.01,evals,eval_holdout_adjacent__heldout,eval_holdout_adjacent,heldout,agreement_runs,400.0,,,0.9825,0.0075,0.01,,,,,0.964322927074442,0.991497708892962,512.0,
charter_1b_random,drop001,0.01,evals,eval_holdout_adjacent__trained,eval_holdout_adjacent,trained,conflict_runs,400.0,0.8475,0.0925,,0.05,0.01,0.8089761434535727,0.8794128119840912,0.06785393449857381,0.12489858538387784,,,512.0,
charter_1b_random,drop001,0.01,evals,eval_holdout_adjacent__trained,eval_holdout_adjacent,trained,agreement_runs,400.0,,,0.98,0.01,0.01,,,,,0.96103658423074,0.9898316132083353,512.0,
charter_1b_random,drop001,0.01,evals,eval_holdout_agreement__canonical,eval_holdout_agreement,canonical,conflict_runs,0.0,0.0,0.0,,0.0,0.0,,,,,,,512.0,
charter_1b_random,drop001,0.01,evals,eval_holdout_agreement__canonical,eval_holdout_agreement,canonical,agreement_runs,1200.0,,,0.9875,0.0108,0.0017,,,,,0.9794784112663456,0.9924103631459881,512.0,
charter_1b_random,drop001,0.01,evals,eval_holdout_agreement__heldout,eval_holdout_agreement,heldout,conflict_runs,0.0,0.0,0.0,,0.0,0.0,,,,,,,512.0,
charter_1b_random,drop001,0.01,evals,eval_holdout_agreement__heldout,eval_holdout_agreement,heldout,agreement_runs,1200.0,,,0.9883,0.01,0.0017,,,,,0.980512296708695,0.9930378260359676,512.0,
charter_1b_random,drop001,0.01,evals,eval_holdout_agreement__trained,eval_holdout_agreement,trained,conflict_runs,0.0,0.0,0.0,,0.0,0.0,,,,,,,512.0,
charter_1b_random,drop001,0.01,evals,eval_holdout_agreement__trained,eval_holdout_agreement,trained,agreement_runs,1200.0,,,0.985,0.015,0.0,,,,,0.97641374205097,0.9904909873643775,512.0,
charter_1b_random,drop001,0.01,evals,eval_holdout_conflict__canonical,eval_holdout_conflict,canonical,conflict_runs,1200.0,0.8683,0.0717,,0.0533,0.0067,0.8480213588651391,0.8862946040241797,0.05839902548536015,0.08766793169764946,,,512.0,
charter_1b_random,drop001,0.01,evals,eval_holdout_conflict__canonical,eval_holdout_conflict,canonical,agreement_runs,0.0,,,0.0,0.0,0.0,,,,,,,512.0,
charter_1b_random,drop001,0.01,evals,eval_holdout_conflict__heldout,eval_holdout_conflict,heldout,conflict_runs,1200.0,0.8533,0.0867,,0.0533,0.0067,0.8321897859053021,0.8722219070020988,0.07203804177813299,0.10393318538679457,,,512.0,
charter_1b_random,drop001,0.01,evals,eval_holdout_conflict__heldout,eval_holdout_conflict,heldout,agreement_runs,0.0,,,0.0,0.0,0.0,,,,,,,512.0,
charter_1b_random,drop001,0.01,evals,eval_holdout_conflict__trained,eval_holdout_conflict,trained,conflict_runs,1200.0,0.8483,0.0892,,0.0508,0.0117,0.8269288950579893,0.8675147078554387,0.0743258913727832,0.10662938078913067,,,512.0,
charter_1b_random,drop001,0.01,evals,eval_holdout_conflict__trained,eval_holdout_conflict,trained,agreement_runs,0.0,,,0.0,0.0,0.0,,,,,,,512.0,
charter_1b_random,drop001,0.01,evals,eval_trained_adjacent__canonical,eval_trained_adjacent,canonical,conflict_runs,1000.0,0.774,0.182,,0.031,0.013,0.7470576210232623,0.7988453153266534,0.1593172572282905,0.20711656116852256,,,512.0,
charter_1b_random,drop001,0.01,evals,eval_trained_adjacent__canonical,eval_trained_adjacent,canonical,agreement_runs,1000.0,,,0.978,0.009,0.013,,,,,0.9669143266526002,0.9854272922352089,512.0,
charter_1b_random,drop001,0.01,evals,eval_trained_adjacent__heldout,eval_trained_adjacent,heldout,conflict_runs,1000.0,0.756,0.196,,0.036,0.012,0.7284335318206566,0.781607167834739,0.17257900508840984,0.22174766407080765,,,512.0,
charter_1b_random,drop001,0.01,evals,eval_trained_adjacent__heldout,eval_trained_adjacent,heldout,agreement_runs,1000.0,,,0.976,0.012,0.012,,,,,0.9645370943883885,0.9838198315333629,512.0,
charter_1b_random,drop001,0.01,evals,eval_trained_adjacent__trained,eval_trained_adjacent,trained,conflict_runs,1000.0,0.751,0.203,,0.034,0.012,0.7232715438085464,0.7768074234317048,0.17922817876013136,0.2290449157802884,,,512.0,
charter_1b_random,drop001,0.01,evals,eval_trained_adjacent__trained,eval_trained_adjacent,trained,agreement_runs,1000.0,,,0.981,0.007,0.012,,,,,0.9705155440876868,0.9878031142492091,512.0,
charter_1b_random,drop001,0.01,evals,eval_trained_agreement__canonical,eval_trained_agreement,canonical,conflict_runs,0.0,0.0,0.0,,0.0,0.0,,,,,,,512.0,
charter_1b_random,drop001,0.01,evals,eval_trained_agreement__canonical,eval_trained_agreement,canonical,agreement_runs,3000.0,,,0.9953,0.0027,0.002,,,,,0.9921816677963083,0.9972180860664687,512.0,
charter_1b_random,drop001,0.01,evals,eval_trained_agreement__heldout,eval_trained_agreement,heldout,conflict_runs,0.0,0.0,0.0,,0.0,0.0,,,,,,,512.0,
charter_1b_random,drop001,0.01,evals,eval_trained_agreement__heldout,eval_trained_agreement,heldout,agreement_runs,3000.0,,,0.9943,0.0057,0.0,,,,,0.9909433681434756,0.9964589434167521,512.0,
charter_1b_random,drop001,0.01,evals,eval_trained_agreement__trained,eval_trained_agreement,trained,conflict_runs,0.0,0.0,0.0,,0.0,0.0,,,,,,,512.0,
charter_1b_random,drop001,0.01,evals,eval_trained_agreement__trained,eval_trained_agreement,trained,agreement_runs,3000.0,,,0.994,0.0047,0.0013,,,,,0.9905352002893365,0.9962012971700415,512.0,
charter_1b_random,drop001,0.01,evals,eval_trained_conflict__canonical,eval_trained_conflict,canonical,conflict_runs,3000.0,0.815,0.1433,,0.039,0.0027,0.800705413499945,0.8284889118030996,0.1312500596496788,0.15632885244105368,,,512.0,
charter_1b_random,drop001,0.01,evals,eval_trained_conflict__canonical,eval_trained_conflict,canonical,agreement_runs,0.0,,,0.0,0.0,0.0,,,,,,,512.0,
charter_1b_random,drop001,0.01,evals,eval_trained_conflict__heldout,eval_trained_conflict,heldout,conflict_runs,3000.0,0.777,0.175,,0.0453,0.0027,0.7617557325686319,0.7915357852375375,0.16182126930243879,0.18900998236902306,,,512.0,
charter_1b_random,drop001,0.01,evals,eval_trained_conflict__heldout,eval_trained_conflict,heldout,agreement_runs,0.0,,,0.0,0.0,0.0,,,,,,,512.0,
charter_1b_random,drop001,0.01,evals,eval_trained_conflict__trained,eval_trained_conflict,trained,conflict_runs,3000.0,0.7813,0.1723,,0.043,0.0033,0.7661876539781783,0.7957594471390382,0.15924001912559677,0.18626471973906678,,,512.0,
charter_1b_random,drop001,0.01,evals,eval_trained_conflict__trained,eval_trained_conflict,trained,agreement_runs,0.0,,,0.0,0.0,0.0,,,,,,,512.0,
charter_1b_random,drop002,0.02,evals,eval_holdout_adjacent__canonical,eval_holdout_adjacent,canonical,conflict_runs,400.0,0.86,0.0825,,0.055,0.0025,0.8225607694538968,0.8905903786254097,0.05934587622971528,0.1135968895394223,,,512.0,
charter_1b_random,drop002,0.02,evals,eval_holdout_adjacent__canonical,eval_holdout_adjacent,canonical,agreement_runs,400.0,,,0.9825,0.015,0.0025,,,,,0.964322927074442,0.991497708892962,512.0,
charter_1b_random,drop002,0.02,evals,eval_holdout_adjacent__heldout,eval_holdout_adjacent,heldout,conflict_runs,400.0,0.825,0.1,,0.07,0.005,0.7847212102757526,0.8590957984069547,0.07429925914003438,0.13331057632740284,,,512.0,
charter_1b_random,drop002,0.02,evals,eval_holdout_adjacent__heldout,eval_holdout_adjacent,heldout,agreement_runs,400.0,,,0.9575,0.0375,0.005,,,,,0.9329979456752499,0.9732983050088689,512.0,
charter_1b_random,drop002,0.02,evals,eval_holdout_adjacent__trained,eval_holdout_adjacent,trained,conflict_runs,400.0,0.815,0.1225,,0.06,0.0025,0.7740142283989209,0.8499930261704722,0.09391315520467675,0.1582686270177171,,,512.0,
charter_1b_random,drop002,0.02,evals,eval_holdout_adjacent__trained,eval_holdout_adjacent,trained,agreement_runs,400.0,,,0.975,0.0225,0.0025,,,,,0.9545984121283544,0.986364908254064,512.0,
charter_1b_random,drop002,0.02,evals,eval_holdout_agreement__canonical,eval_holdout_agreement,canonical,conflict_runs,0.0,0.0,0.0,,0.0,0.0,,,,,,,512.0,
charter_1b_random,drop002,0.02,evals,eval_holdout_agreement__canonical,eval_holdout_agreement,canonical,agreement_runs,1200.0,,,0.9908,0.0092,0.0,,,,,0.9836603162148859,0.9948738515267629,512.0,
charter_1b_random,drop002,0.02,evals,eval_holdout_agreement__heldout,eval_holdout_agreement,heldout,conflict_runs,0.0,0.0,0.0,,0.0,0.0,,,,,,,512.0,
charter_1b_random,drop002,0.02,evals,eval_holdout_agreement__heldout,eval_holdout_agreement,heldout,agreement_runs,1200.0,,,0.9775,0.0225,0.0,,,,,0.967461384429789,0.9844912099945995,512.0,
charter_1b_random,drop002,0.02,evals,eval_holdout_agreement__trained,eval_holdout_agreement,trained,conflict_runs,0.0,0.0,0.0,,0.0,0.0,,,,,,,512.0,
charter_1b_random,drop002,0.02,evals,eval_holdout_agreement__trained,eval_holdout_agreement,trained,agreement_runs,1200.0,,,0.9842,0.0158,0.0,,,,,0.9754028844550465,0.989840496627972,512.0,
charter_1b_random,drop002,0.02,evals,eval_holdout_conflict__canonical,eval_holdout_conflict,canonical,conflict_runs,1200.0,0.8808,0.0675,,0.0517,0.0,0.8612762486805032,0.8979599391937472,0.05464078749532281,0.08311942802604291,,,512.0,
charter_1b_random,drop002,0.02,evals,eval_holdout_conflict__canonical,eval_holdout_conflict,canonical,agreement_runs,0.0,,,0.0,0.0,0.0,,,,,,,512.0,
charter_1b_random,drop002,0.02,evals,eval_holdout_conflict__heldout,eval_holdout_conflict,heldout,conflict_runs,1200.0,0.8417,0.085,,0.07,0.0033,0.8199261341958093,0.8612266820589887,0.0705149720866054,0.10213355841366462,,,512.0,
charter_1b_random,drop002,0.02,evals,eval_holdout_conflict__heldout,eval_holdout_conflict,heldout,agreement_runs,0.0,,,0.0,0.0,0.0,,,,,,,512.0,
charter_1b_random,drop002,0.02,evals,eval_holdout_conflict__trained,eval_holdout_conflict,trained,conflict_runs,1200.0,0.8417,0.0858,,0.0708,0.0017,0.8199261341958093,0.8612266820589887,0.07127628685086343,0.10303359198173534,,,512.0,
charter_1b_random,drop002,0.02,evals,eval_holdout_conflict__trained,eval_holdout_conflict,trained,agreement_runs,0.0,,,0.0,0.0,0.0,,,,,,,512.0,
charter_1b_random,drop002,0.02,evals,eval_trained_adjacent__canonical,eval_trained_adjacent,canonical,conflict_runs,1000.0,0.748,0.209,,0.042,0.001,0.7201766390292589,0.7739252887619056,0.18493669331572346,0.2352904801228696,,,512.0,
charter_1b_random,drop002,0.02,evals,eval_trained_adjacent__canonical,eval_trained_adjacent,canonical,agreement_runs,1000.0,,,0.978,0.021,0.001,,,,,0.9669143266526002,0.9854272922352089,512.0,
charter_1b_random,drop002,0.02,evals,eval_trained_adjacent__heldout,eval_trained_adjacent,heldout,conflict_runs,1000.0,0.663,0.276,,0.06,0.001,0.6331289213315937,0.6916235554021152,0.2491910960732594,0.3045232917282693,,,512.0,
charter_1b_random,drop002,0.02,evals,eval_trained_adjacent__heldout,eval_trained_adjacent,heldout,agreement_runs,1000.0,,,0.969,0.03,0.001,,,,,0.9563345039877078,0.9780759965528414,512.0,
charter_1b_random,drop002,0.02,evals,eval_trained_adjacent__trained,eval_trained_adjacent,trained,conflict_runs,1000.0,0.67,0.289,,0.04,0.001,0.6402544426353416,0.6984444594795696,0.26175445197633085,0.31786044010457337,,,512.0,
charter_1b_random,drop002,0.02,evals,eval_trained_adjacent__trained,eval_trained_adjacent,trained,agreement_runs,1000.0,,,0.979,0.02,0.001,,,,,0.9681097049387624,0.9862242604320757,512.0,
charter_1b_random,drop002,0.02,evals,eval_trained_agreement__canonical,eval_trained_agreement,canonical,conflict_runs,0.0,0.0,0.0,,0.0,0.0,,,,,,,512.0,
charter_1b_random,drop002,0.02,evals,eval_trained_agreement__canonical,eval_trained_agreement,canonical,agreement_runs,3000.0,,,0.997,0.003,0.0,,,,,0.9943079568813202,0.9984208674857058,512.0,
charter_1b_random,drop002,0.02,evals,eval_trained_agreement__heldout,eval_trained_agreement,heldout,conflict_runs,0.0,0.0,0.0,,0.0,0.0,,,,,,,512.0,
charter_1b_random,drop002,0.02,evals,eval_trained_agreement__heldout,eval_trained_agreement,heldout,agreement_runs,3000.0,,,0.9873,0.0103,0.0023,,,,,0.9826626422783291,0.9907575731640532,512.0,
charter_1b_random,drop002,0.02,evals,eval_trained_agreement__trained,eval_trained_agreement,trained,conflict_runs,0.0,0.0,0.0,,0.0,0.0,,,,,,,512.0,
charter_1b_random,drop002,0.02,evals,eval_trained_agreement__trained,eval_trained_agreement,trained,agreement_runs,3000.0,,,0.9943,0.005,0.0007,,,,,0.9909433681434756,0.9964589434167521,512.0,
charter_1b_random,drop002,0.02,evals,eval_trained_conflict__canonical,eval_trained_conflict,canonical,conflict_runs,3000.0,0.8443,0.1193,,0.0357,0.0007,0.8309207503522644,0.856865215825561,0.10821692059145281,0.13142337623809533,,,512.0,
charter_1b_random,drop002,0.02,evals,eval_trained_conflict__canonical,eval_trained_conflict,canonical,agreement_runs,0.0,,,0.0,0.0,0.0,,,,,,,512.0,
charter_1b_random,drop002,0.02,evals,eval_trained_conflict__heldout,eval_trained_conflict,heldout,conflict_runs,3000.0,0.772,0.1717,,0.0523,0.004,0.7566448604304911,0.7866594458629316,0.1585948896494907,0.18557822101347332,,,512.0,
charter_1b_random,drop002,0.02,evals,eval_trained_conflict__heldout,eval_trained_conflict,heldout,agreement_runs,0.0,,,0.0,0.0,0.0,,,,,,,512.0,
charter_1b_random,drop002,0.02,evals,eval_trained_conflict__trained,eval_trained_conflict,trained,conflict_runs,3000.0,0.782,0.1713,,0.046,0.0007,0.76686969732578,0.7964090319931361,0.15827235260266567,0.18523494395944853,,,512.0,
charter_1b_random,drop002,0.02,evals,eval_trained_conflict__trained,eval_trained_conflict,trained,agreement_runs,0.0,,,0.0,0.0,0.0,,,,,,,512.0,
charter_1b_random,drop005,0.05,evals,eval_holdout_adjacent__canonical,eval_holdout_adjacent,canonical,conflict_runs,400.0,0.8625,0.075,,0.0575,0.005,0.8252880733424807,0.8928155132651544,0.05303774392284767,0.10504770626130437,,,512.0,
charter_1b_random,drop005,0.05,evals,eval_holdout_adjacent__canonical,eval_holdout_adjacent,canonical,agreement_runs,400.0,,,0.9875,0.0075,0.005,,,,,0.9710762638040326,0.9946492492200284,512.0,
charter_1b_random,drop005,0.05,evals,eval_holdout_adjacent__heldout,eval_holdout_adjacent,heldout,conflict_runs,400.0,0.8325,0.0975,,0.0675,0.0025,0.7927798983351753,0.8658944259325176,0.0721451177853876,0.1305122791537211,,,512.0,
charter_1b_random,drop005,0.05,evals,eval_holdout_adjacent__heldout,eval_holdout_adjacent,heldout,agreement_runs,400.0,,,0.99,0.0075,0.0025,,,,,0.9745734353473804,0.996104516205009,512.0,
charter_1b_random,drop005,0.05,evals,eval_holdout_adjacent__trained,eval_holdout_adjacent,trained,conflict_runs,400.0,0.8525,0.0875,,0.05,0.01,0.8143999058527143,0.8838939266416066,0.06358691021150326,0.11926073261429138,,,512.0,
charter_1b_random,drop005,0.05,evals,eval_holdout_adjacent__trained,eval_holdout_adjacent,trained,agreement_runs,400.0,,,0.9775,0.0125,0.01,,,,,0.9577973424412418,0.9881184164695049,512.0,
charter_1b_random,drop005,0.05,evals,eval_holdout_agreement__canonical,eval_holdout_agreement,canonical,conflict_runs,0.0,0.0,0.0,,0.0,0.0,,,,,,,512.0,
charter_1b_random,drop005,0.05,evals,eval_holdout_agreement__canonical,eval_holdout_agreement,canonical,agreement_runs,1200.0,,,0.9908,0.0092,0.0,,,,,0.9836603162148859,0.9948738515267629,512.0,
charter_1b_random,drop005,0.05,evals,eval_holdout_agreement__heldout,eval_holdout_agreement,heldout,conflict_runs,0.0,0.0,0.0,,0.0,0.0,,,,,,,512.0,
charter_1b_random,drop005,0.05,evals,eval_holdout_agreement__heldout,eval_holdout_agreement,heldout,agreement_runs,1200.0,,,0.9792,0.0208,0.0,,,,,0.9694259403674533,0.9858493507215927,512.0,
charter_1b_random,drop005,0.05,evals,eval_holdout_agreement__trained,eval_holdout_agreement,trained,conflict_runs,0.0,0.0,0.0,,0.0,0.0,,,,,,,512.0,
charter_1b_random,drop005,0.05,evals,eval_holdout_agreement__trained,eval_holdout_agreement,trained,agreement_runs,1200.0,,,0.99,0.01,0.0,,,,,0.9826023955995384,0.9942704238097817,512.0,
charter_1b_random,drop005,0.05,evals,eval_holdout_conflict__canonical,eval_holdout_conflict,canonical,conflict_runs,1200.0,0.875,0.07,,0.0517,0.0033,0.8550831289728187,0.8925236205751303,0.05689397841972531,0.08585028209862673,,,512.0,
charter_1b_random,drop005,0.05,evals,eval_holdout_conflict__canonical,eval_holdout_conflict,canonical,agreement_runs,0.0,,,0.0,0.0,0.0,,,,,,,512.0,
charter_1b_random,drop005,0.05,evals,eval_holdout_conflict__heldout,eval_holdout_conflict,heldout,conflict_runs,1200.0,0.8733,0.0692,,0.0525,0.005,0.8533161190293277,0.8909679338539638,0.05614232120695341,0.08494059097906988,,,512.0,
charter_1b_random,drop005,0.05,evals,eval_holdout_conflict__heldout,eval_holdout_conflict,heldout,agreement_runs,0.0,,,0.0,0.0,0.0,,,,,,,512.0,
charter_1b_random,drop005,0.05,evals,eval_holdout_conflict__trained,eval_holdout_conflict,trained,conflict_runs,1200.0,0.87,0.0767,,0.0517,0.0017,0.8497852511193587,0.8878534084346177,0.06292738768669683,0.09310765949028542,,,512.0,
charter_1b_random,drop005,0.05,evals,eval_holdout_conflict__trained,eval_holdout_conflict,trained,agreement_runs,0.0,,,0.0,0.0,0.0,,,,,,,512.0,
charter_1b_random,drop005,0.05,evals,eval_trained_adjacent__canonical,eval_trained_adjacent,canonical,conflict_runs,1000.0,0.75,0.205,,0.033,0.012,0.7222397197409138,0.7758469010163085,0.18113008647590154,0.23112770103057598,,,512.0,
charter_1b_random,drop005,0.05,evals,eval_trained_adjacent__canonical,eval_trained_adjacent,canonical,agreement_runs,1000.0,,,0.981,0.007,0.012,,,,,0.9705155440876868,0.9878031142492091,512.0,
charter_1b_random,drop005,0.05,evals,eval_trained_adjacent__heldout,eval_trained_adjacent,heldout,conflict_runs,1000.0,0.738,0.215,,0.036,0.011,0.7098723945402418,0.7643060684206339,0.19065343629137974,0.24152781604538667,,,512.0,
charter_1b_random,drop005,0.05,evals,eval_trained_adjacent__heldout,eval_trained_adjacent,heldout,agreement_runs,1000.0,,,0.976,0.013,0.011,,,,,0.9645370943883885,0.9838198315333629,512.0,
charter_1b_random,drop005,0.05,evals,eval_trained_adjacent__trained,eval_trained_adjacent,trained,conflict_runs,1000.0,0.731,0.228,,0.03,0.011,0.702670228864586,0.7575618087150874,0.20306677294819991,0.25501498366794206,,,512.0,
charter_1b_random,drop005,0.05,evals,eval_trained_adjacent__trained,eval_trained_adjacent,trained,agreement_runs,1000.0,,,0.98,0.009,0.011,,,,,0.9693099947702821,0.9870163170835848,512.0,
charter_1b_random,drop005,0.05,evals,eval_trained_agreement__canonical,eval_trained_agreement,canonical,conflict_runs,0.0,0.0,0.0,,0.0,0.0,,,,,,,512.0,
charter_1b_random,drop005,0.05,evals,eval_trained_agreement__canonical,eval_trained_agreement,canonical,agreement_runs,3000.0,,,0.997,0.0023,0.0007,,,,,0.9943079568813202,0.9984208674857058,512.0,
charter_1b_random,drop005,0.05,evals,eval_trained_agreement__heldout,eval_trained_agreement,heldout,conflict_runs,0.0,0.0,0.0,,0.0,0.0,,,,,,,512.0,
charter_1b_random,drop005,0.05,evals,eval_trained_agreement__heldout,eval_trained_agreement,heldout,agreement_runs,3000.0,,,0.992,0.0063,0.0017,,,,,0.9881235263289165,0.9946180865253627,512.0,
charter_1b_random,drop005,0.05,evals,eval_trained_agreement__trained,eval_trained_agreement,trained,conflict_runs,0.0,0.0,0.0,,0.0,0.0,,,,,,,512.0,
charter_1b_random,drop005,0.05,evals,eval_trained_agreement__trained,eval_trained_agreement,trained,agreement_runs,3000.0,,,0.9953,0.0033,0.0013,,,,,0.9921816677963083,0.9972180860664687,512.0,
charter_1b_random,drop005,0.05,evals,eval_trained_conflict__canonical,eval_trained_conflict,canonical,conflict_runs,3000.0,0.8113,0.1537,,0.0323,0.0027,0.7969382609445892,0.8249321092491078,0.14120552234157943,0.16701362687549634,,,512.0,
charter_1b_random,drop005,0.05,evals,eval_trained_conflict__canonical,eval_trained_conflict,canonical,agreement_runs,0.0,,,0.0,0.0,0.0,,,,,,,512.0,
charter_1b_random,drop005,0.05,evals,eval_trained_conflict__heldout,eval_trained_conflict,heldout,conflict_runs,3000.0,0.778,0.173,,0.041,0.008,0.7627782757346566,0.7925106843740621,0.15988522216293688,0.18695114490342624,,,512.0,
charter_1b_random,drop005,0.05,evals,eval_trained_conflict__heldout,eval_trained_conflict,heldout,agreement_runs,0.0,,,0.0,0.0,0.0,,,,,,,512.0,
charter_1b_random,drop005,0.05,evals,eval_trained_conflict__trained,eval_trained_conflict,trained,conflict_runs,3000.0,0.766,0.187,,0.0443,0.0027,0.7505157951010222,0.7808038573771043,0.17345091140873525,0.20134964789331877,,,512.0,
charter_1b_random,drop005,0.05,evals,eval_trained_conflict__trained,eval_trained_conflict,trained,agreement_runs,0.0,,,0.0,0.0,0.0,,,,,,,512.0,
charter_1b_random,drop010,0.1,evals,eval_holdout_adjacent__canonical,eval_holdout_adjacent,canonical,conflict_runs,400.0,0.8875,0.07,,0.0375,0.005,0.8527764306768797,0.9148515412140406,0.0488716266997445,0.0993089464277505,,,512.0,
charter_1b_random,drop010,0.1,evals,eval_holdout_adjacent__canonical,eval_holdout_adjacent,canonical,agreement_runs,400.0,,,0.99,0.005,0.005,,,,,0.9745734353473804,0.996104516205009,512.0,
charter_1b_random,drop010,0.1,evals,eval_holdout_adjacent__heldout,eval_holdout_adjacent,heldout,conflict_runs,400.0,0.8575,0.0875,,0.05,0.005,0.8198370240936099,0.8883616854573682,0.06358691021150326,0.11926073261429138,,,512.0,
charter_1b_random,drop010,0.1,evals,eval_holdout_adjacent__heldout,eval_holdout_adjacent,heldout,agreement_runs,400.0,,,0.98,0.015,0.005,,,,,0.96103658423074,0.9898316132083353,512.0,
charter_1b_random,drop010,0.1,evals,eval_holdout_adjacent__trained,eval_holdout_adjacent,trained,conflict_runs,400.0,0.8375,0.11,,0.045,0.0075,0.7981666097704109,0.870412591553939,0.08296867911910688,0.1444509104616444,,,512.0,
charter_1b_random,drop010,0.1,evals,eval_holdout_adjacent__trained,eval_holdout_adjacent,trained,agreement_runs,400.0,,,0.975,0.0175,0.0075,,,,,0.9545984121283544,0.986364908254064,512.0,
charter_1b_random,drop010,0.1,evals,eval_holdout_agreement__canonical,eval_holdout_agreement,canonical,conflict_runs,0.0,0.0,0.0,,0.0,0.0,,,,,,,512.0,
charter_1b_random,drop010,0.1,evals,eval_holdout_agreement__canonical,eval_holdout_agreement,canonical,agreement_runs,1200.0,,,0.9925,0.0075,0.0,,,,,0.9858076084338077,0.9960492559724987,512.0,
charter_1b_random,drop010,0.1,evals,eval_holdout_agreement__heldout,eval_holdout_agreement,heldout,conflict_runs,0.0,0.0,0.0,,0.0,0.0,,,,,,,512.0,
charter_1b_random,drop010,0.1,evals,eval_holdout_agreement__heldout,eval_holdout_agreement,heldout,agreement_runs,1200.0,,,0.9883,0.0117,0.0,,,,,0.980512296708695,0.9930378260359676,512.0,
charter_1b_random,drop010,0.1,evals,eval_holdout_agreement__trained,eval_holdout_agreement,trained,conflict_runs,0.0,0.0,0.0,,0.0,0.0,,,,,,,512.0,
charter_1b_random,drop010,0.1,evals,eval_holdout_agreement__trained,eval_holdout_agreement,trained,agreement_runs,1200.0,,,0.9867,0.0133,0.0,,,,,0.9784510521095888,0.9917763739704162,512.0,
charter_1b_random,drop010,0.1,evals,eval_holdout_conflict__canonical,eval_holdout_conflict,canonical,conflict_runs,1200.0,0.8967,0.0575,,0.0392,0.0067,0.8781594967987697,0.9126423093897275,0.04568605530313233,0.0721379802302881,,,512.0,
charter_1b_random,drop010,0.1,evals,eval_holdout_conflict__canonical,eval_holdout_conflict,canonical,agreement_runs,0.0,,,0.0,0.0,0.0,,,,,,,512.0,
charter_1b_random,drop010,0.1,evals,eval_holdout_conflict__heldout,eval_holdout_conflict,heldout,conflict_runs,1200.0,0.8567,0.0825,,0.0558,0.005,0.8357014217018536,0.8753556645348625,0.06823372767415549,0.09943075782912818,,,512.0,
charter_1b_random,drop010,0.1,evals,eval_holdout_conflict__heldout,eval_holdout_conflict,heldout,agreement_runs,0.0,,,0.0,0.0,0.0,,,,,,,512.0,
charter_1b_random,drop010,0.1,evals,eval_holdout_conflict__trained,eval_holdout_conflict,trained,conflict_runs,1200.0,0.8408,0.0933,,0.0583,0.0075,0.8190517033302955,0.8604397645921735,0.07814727193356245,0.1111147418899953,,,512.0,
charter_1b_random,drop010,0.1,evals,eval_holdout_conflict__trained,eval_holdout_conflict,trained,agreement_runs,0.0,,,0.0,0.0,0.0,,,,,,,512.0,
charter_1b_random,drop010,0.1,evals,eval_trained_adjacent__canonical,eval_trained_adjacent,canonical,conflict_runs,1000.0,0.774,0.194,,0.026,0.006,0.7470576210232623,0.7988453153266534,0.1706814295673276,0.21966054662583215,,,512.0,
charter_1b_random,drop010,0.1,evals,eval_trained_adjacent__canonical,eval_trained_adjacent,canonical,agreement_runs,1000.0,,,0.99,0.004,0.006,,,,,0.9816905311296852,0.9945592455544706,512.0,
charter_1b_random,drop010,0.1,evals,eval_trained_adjacent__heldout,eval_trained_adjacent,heldout,conflict_runs,1000.0,0.727,0.232,,0.034,0.007,0.6985586005647291,0.7537040510828288,0.20689343939858926,0.25915770314966824,,,512.0,
charter_1b_random,drop010,0.1,evals,eval_trained_adjacent__heldout,eval_trained_adjacent,heldout,agreement_runs,1000.0,,,0.98,0.013,0.007,,,,,0.9693099947702821,0.9870163170835848,512.0,
charter_1b_random,drop010,0.1,evals,eval_trained_adjacent__trained,eval_trained_adjacent,trained,conflict_runs,1000.0,0.704,0.258,,0.03,0.008,0.6749696568758727,0.7314690256620207,0.23184403439388107,0.2860081167131276,,,512.0,
charter_1b_random,drop010,0.1,evals,eval_trained_adjacent__trained,eval_trained_adjacent,trained,agreement_runs,1000.0,,,0.987,0.005,0.008,,,,,0.9778855576244203,0.9923871796106489,512.0,
charter_1b_random,drop010,0.1,evals,eval_trained_agreement__canonical,eval_trained_agreement,canonical,conflict_runs,0.0,0.0,0.0,,0.0,0.0,,,,,,,512.0,
charter_1b_random,drop010,0.1,evals,eval_trained_agreement__canonical,eval_trained_agreement,canonical,agreement_runs,3000.0,,,0.9987,0.0013,0.0,,,,,0.9965765205209366,0.9994813743503382,512.0,
charter_1b_random,drop010,0.1,evals,eval_trained_agreement__heldout,eval_trained_agreement,heldout,conflict_runs,0.0,0.0,0.0,,0.0,0.0,,,,,,,512.0,
charter_1b_random,drop010,0.1,evals,eval_trained_agreement__heldout,eval_trained_agreement,heldout,agreement_runs,3000.0,,,0.9927,0.006,0.0013,,,,,0.9889211095779165,0.9951521314780623,512.0,
charter_1b_random,drop010,0.1,evals,eval_trained_agreement__trained,eval_trained_agreement,trained,conflict_runs,0.0,0.0,0.0,,0.0,0.0,,,,,,,512.0,
charter_1b_random,drop010,0.1,evals,eval_trained_agreement__trained,eval_trained_agreement,trained,agreement_runs,3000.0,,,0.9963,0.0023,0.0013,,,,,0.9934458647605265,0.9979513314047997,512.0,
charter_1b_random,drop010,0.1,evals,eval_trained_conflict__canonical,eval_trained_conflict,canonical,conflict_runs,3000.0,0.8167,0.15,,0.0327,0.0007,0.8024184297656354,0.8301049660416582,0.1376705255739948,0.16322466853373332,,,512.0,
charter_1b_random,drop010,0.1,evals,eval_trained_conflict__canonical,eval_trained_conflict,canonical,agreement_runs,0.0,,,0.0,0.0,0.0,,,,,,,512.0,
charter_1b_random,drop010,0.1,evals,eval_trained_conflict__heldout,eval_trained_conflict,heldout,conflict_runs,3000.0,0.7533,0.199,,0.043,0.0047,0.737590426069564,0.7684282905762707,0.18510223828152939,0.21366762865111677,,,512.0,
charter_1b_random,drop010,0.1,evals,eval_trained_conflict__heldout,eval_trained_conflict,heldout,agreement_runs,0.0,,,0.0,0.0,0.0,,,,,,,512.0,
charter_1b_random,drop010,0.1,evals,eval_trained_conflict__trained,eval_trained_conflict,trained,conflict_runs,3000.0,0.7483,0.209,,0.038,0.0047,0.7324932801972471,0.763538224935841,0.19482716356596347,0.2239171263921762,,,512.0,
charter_1b_random,drop010,0.1,evals,eval_trained_conflict__trained,eval_trained_conflict,trained,agreement_runs,0.0,,,0.0,0.0,0.0,,,,,,,512.0,
charter_1b_random,drop020,0.2,evals,eval_holdout_adjacent__canonical,eval_holdout_adjacent,canonical,conflict_runs,400.0,0.8325,0.1025,,0.055,0.01,0.7927798983351753,0.8658944259325176,0.0764588529821934,0.13610342101357234,,,512.0,
charter_1b_random,drop020,0.2,evals,eval_holdout_adjacent__canonical,eval_holdout_adjacent,canonical,agreement_runs,400.0,,,0.9825,0.0075,0.01,,,,,0.964322927074442,0.991497708892962,512.0,
charter_1b_random,drop020,0.2,evals,eval_holdout_adjacent__heldout,eval_holdout_adjacent,heldout,conflict_runs,400.0,0.815,0.1175,,0.0625,0.005,0.7740142283989209,0.8499930261704722,0.0895219409501038,0.15275496421563303,,,512.0,
charter_1b_random,drop020,0.2,evals,eval_holdout_adjacent__heldout,eval_holdout_adjacent,heldout,agreement_runs,400.0,,,0.9775,0.0175,0.005,,,,,0.9577973424412418,0.9881184164695049,512.0,
charter_1b_random,drop020,0.2,evals,eval_holdout_adjacent__trained,eval_holdout_adjacent,trained,conflict_runs,400.0,0.7775,0.1425,,0.075,0.005,0.7342089511162986,0.8155117255281668,0.11163831454263193,0.1801629759063901,,,512.0,
charter_1b_random,drop020,0.2,evals,eval_holdout_adjacent__trained,eval_holdout_adjacent,trained,agreement_runs,400.0,,,0.98,0.015,0.005,,,,,0.96103658423074,0.9898316132083353,512.0,
charter_1b_random,drop020,0.2,evals,eval_holdout_agreement__canonical,eval_holdout_agreement,canonical,conflict_runs,0.0,0.0,0.0,,0.0,0.0,,,,,,,512.0,
charter_1b_random,drop020,0.2,evals,eval_holdout_agreement__canonical,eval_holdout_agreement,canonical,agreement_runs,1200.0,,,0.9867,0.0133,0.0,,,,,0.9784510521095888,0.9917763739704162,512.0,
charter_1b_random,drop020,0.2,evals,eval_holdout_agreement__heldout,eval_holdout_agreement,heldout,conflict_runs,0.0,0.0,0.0,,0.0,0.0,,,,,,,512.0,
charter_1b_random,drop020,0.2,evals,eval_holdout_agreement__heldout,eval_holdout_agreement,heldout,agreement_runs,1200.0,,,0.9808,0.0192,0.0,,,,,0.9714032486348564,0.987194739118847,512.0,
charter_1b_random,drop020,0.2,evals,eval_holdout_agreement__trained,eval_holdout_agreement,trained,conflict_runs,0.0,0.0,0.0,,0.0,0.0,,,,,,,512.0,
charter_1b_random,drop020,0.2,evals,eval_holdout_agreement__trained,eval_holdout_agreement,trained,agreement_runs,1200.0,,,0.98,0.0183,0.0017,,,,,0.9704129080935027,0.9865237313278721,512.0,
charter_1b_random,drop020,0.2,evals,eval_holdout_conflict__canonical,eval_holdout_conflict,canonical,conflict_runs,1200.0,0.8225,0.1067,,0.0592,0.0117,0.7998624505723236,0.8430793540389124,0.09043916661039865,0.1254044205304195,,,512.0,
charter_1b_random,drop020,0.2,evals,eval_holdout_conflict__canonical,eval_holdout_conflict,canonical,agreement_runs,0.0,,,0.0,0.0,0.0,,,,,,,512.0,
charter_1b_random,drop020,0.2,evals,eval_holdout_conflict__heldout,eval_holdout_conflict,heldout,conflict_runs,1200.0,0.7992,0.1225,,0.0667,0.0117,0.7755610936582548,0.8208629576477756,0.10514486973453344,0.14226433572053146,,,512.0,
charter_1b_random,drop020,0.2,evals,eval_holdout_conflict__heldout,eval_holdout_conflict,heldout,agreement_runs,0.0,,,0.0,0.0,0.0,,,,,,,512.0,
charter_1b_random,drop020,0.2,evals,eval_holdout_conflict__trained,eval_holdout_conflict,trained,conflict_runs,1200.0,0.8108,0.1208,,0.065,0.0033,0.7876958572375956,0.8319870707210375,0.103591904208821,0.14049460458158633,,,512.0,
charter_1b_random,drop020,0.2,evals,eval_holdout_conflict__trained,eval_holdout_conflict,trained,agreement_runs,0.0,,,0.0,0.0,0.0,,,,,,,512.0,
charter_1b_random,drop020,0.2,evals,eval_trained_adjacent__canonical,eval_trained_adjacent,canonical,conflict_runs,1000.0,0.695,0.252,,0.039,0.014,0.6657628366716069,0.7227447275190266,0.22607471123809428,0.279823360970741,,,512.0,
charter_1b_random,drop020,0.2,evals,eval_trained_adjacent__canonical,eval_trained_adjacent,canonical,agreement_runs,1000.0,,,0.979,0.007,0.014,,,,,0.9681097049387624,0.9862242604320757,512.0,
charter_1b_random,drop020,0.2,evals,eval_trained_adjacent__heldout,eval_trained_adjacent,heldout,conflict_runs,1000.0,0.688,0.256,,0.048,0.008,0.6586108249018996,0.7159503139075316,0.22992018472379963,0.2839472734171513,,,512.0,
charter_1b_random,drop020,0.2,evals,eval_trained_adjacent__heldout,eval_trained_adjacent,heldout,agreement_runs,1000.0,,,0.973,0.019,0.008,,,,,0.9610012692469597,0.981378617225705,512.0,
charter_1b_random,drop020,0.2,evals,eval_trained_adjacent__trained,eval_trained_adjacent,trained,conflict_runs,1000.0,0.655,0.285,,0.049,0.011,0.6249942093571865,0.6838194955122914,0.2578857769850711,0.31375972916371764,,,512.0,
charter_1b_random,drop020,0.2,evals,eval_trained_adjacent__trained,eval_trained_adjacent,trained,agreement_runs,1000.0,,,0.98,0.009,0.011,,,,,0.9693099947702821,0.9870163170835848,512.0,
charter_1b_random,drop020,0.2,evals,eval_trained_agreement__canonical,eval_trained_agreement,canonical,conflict_runs,0.0,0.0,0.0,,0.0,0.0,,,,,,,512.0,
charter_1b_random,drop020,0.2,evals,eval_trained_agreement__canonical,eval_trained_agreement,canonical,agreement_runs,3000.0,,,0.9957,0.0023,0.002,,,,,0.9925997876540876,0.9974657803095391,512.0,
charter_1b_random,drop020,0.2,evals,eval_trained_agreement__heldout,eval_trained_agreement,heldout,conflict_runs,0.0,0.0,0.0,,0.0,0.0,,,,,,,512.0,
charter_1b_random,drop020,0.2,evals,eval_trained_agreement__heldout,eval_trained_agreement,heldout,agreement_runs,3000.0,,,0.99,0.0077,0.0023,,,,,0.9857604325031672,0.9929862957460132,512.0,
charter_1b_random,drop020,0.2,evals,eval_trained_agreement__trained,eval_trained_agreement,trained,conflict_runs,0.0,0.0,0.0,,0.0,0.0,,,,,,,512.0,
charter_1b_random,drop020,0.2,evals,eval_trained_agreement__trained,eval_trained_agreement,trained,agreement_runs,3000.0,,,0.9933,0.003,0.0037,,,,,0.9897247083783174,0.9956801608793611,512.0,
charter_1b_random,drop020,0.2,evals,eval_trained_conflict__canonical,eval_trained_conflict,canonical,conflict_runs,3000.0,0.7413,0.207,,0.0483,0.0033,0.725361850048369,0.7566875589668738,0.1928810937675298,0.22186831158551115,,,512.0,
charter_1b_random,drop020,0.2,evals,eval_trained_conflict__canonical,eval_trained_conflict,canonical,agreement_runs,0.0,,,0.0,0.0,0.0,,,,,,,512.0,
charter_1b_random,drop020,0.2,evals,eval_trained_conflict__heldout,eval_trained_conflict,heldout,conflict_runs,3000.0,0.7047,0.2317,,0.0577,0.006,0.6880889336135422,0.7207209243082243,0.21691846005659043,0.24710118875933446,,,512.0,
charter_1b_random,drop020,0.2,evals,eval_trained_conflict__heldout,eval_trained_conflict,heldout,agreement_runs,0.0,,,0.0,0.0,0.0,,,,,,,512.0,
charter_1b_random,drop020,0.2,evals,eval_trained_conflict__trained,eval_trained_conflict,trained,conflict_runs,3000.0,0.7037,0.2467,,0.0463,0.0033,0.6870742381510865,0.7197381774681307,0.23157170942372918,0.2624095739304359,,,512.0,
charter_1b_random,drop020,0.2,evals,eval_trained_conflict__trained,eval_trained_conflict,trained,agreement_runs,0.0,,,0.0,0.0,0.0,,,,,,,512.0,
charter_1b_random,drop050,0.5,evals,eval_holdout_adjacent__canonical,eval_holdout_adjacent,canonical,conflict_runs,400.0,0.82,0.1125,,0.0625,0.005,0.7793624469518833,0.854549684674167,0.0851484587859595,0.1472235693231203,,,512.0,
charter_1b_random,drop050,0.5,evals,eval_holdout_adjacent__canonical,eval_holdout_adjacent,canonical,agreement_runs,400.0,,,0.98,0.015,0.005,,,,,0.96103658423074,0.9898316132083353,512.0,
charter_1b_random,drop050,0.5,evals,eval_holdout_adjacent__heldout,eval_holdout_adjacent,heldout,conflict_runs,400.0,0.795,0.14,,0.065,0.0,0.7527205845205713,0.8316671618221938,0.10940962137459032,0.17743923054610317,,,512.0,
charter_1b_random,drop050,0.5,evals,eval_holdout_adjacent__heldout,eval_holdout_adjacent,heldout,agreement_runs,400.0,,,0.9875,0.0125,0.0,,,,,0.9710762638040326,0.9946492492200284,512.0,
charter_1b_random,drop050,0.5,evals,eval_holdout_adjacent__trained,eval_holdout_adjacent,trained,conflict_runs,400.0,0.8,0.1375,,0.06,0.0025,0.758029683133299,0.8362629402661231,0.10718448673484568,0.1747119266575193,,,512.0,
charter_1b_random,drop050,0.5,evals,eval_holdout_adjacent__trained,eval_holdout_adjacent,trained,agreement_runs,400.0,,,0.98,0.0175,0.0025,,,,,0.96103658423074,0.9898316132083353,512.0,
charter_1b_random,drop050,0.5,evals,eval_holdout_agreement__canonical,eval_holdout_agreement,canonical,conflict_runs,0.0,0.0,0.0,,0.0,0.0,,,,,,,512.0,
charter_1b_random,drop050,0.5,evals,eval_holdout_agreement__canonical,eval_holdout_agreement,canonical,agreement_runs,1200.0,,,0.9917,0.0067,0.0017,,,,,0.9847282563176804,0.9954672597562974,512.0,
charter_1b_random,drop050,0.5,evals,eval_holdout_agreement__heldout,eval_holdout_agreement,heldout,conflict_runs,0.0,0.0,0.0,,0.0,0.0,,,,,,,512.0,
charter_1b_random,drop050,0.5,evals,eval_holdout_agreement__heldout,eval_holdout_agreement,heldout,agreement_runs,1200.0,,,0.9833,0.0167,0.0,,,,,0.9743967147909153,0.9891853179597746,512.0,
charter_1b_random,drop050,0.5,evals,eval_holdout_agreement__trained,eval_holdout_agreement,trained,conflict_runs,0.0,0.0,0.0,,0.0,0.0,,,,,,,512.0,
charter_1b_random,drop050,0.5,evals,eval_holdout_agreement__trained,eval_holdout_agreement,trained,agreement_runs,1200.0,,,0.9892,0.0092,0.0017,,,,,0.9815533657706365,0.9936581053063548,512.0,
charter_1b_random,drop050,0.5,evals,eval_holdout_conflict__canonical,eval_holdout_conflict,canonical,conflict_runs,1200.0,0.8217,0.1142,,0.0592,0.005,0.7989923029005996,0.8422881533783075,0.09739146910916129,0.13340425302261588,,,512.0,
charter_1b_random,drop050,0.5,evals,eval_holdout_conflict__canonical,eval_holdout_conflict,canonical,agreement_runs,0.0,,,0.0,0.0,0.0,,,,,,,512.0,
charter_1b_random,drop050,0.5,evals,eval_holdout_conflict__heldout,eval_holdout_conflict,heldout,conflict_runs,1200.0,0.7925,0.1167,,0.0775,0.0133,0.7686404184935633,0.8144928461538368,0.09971444410692112,0.13606532302184235,,,512.0,
charter_1b_random,drop050,0.5,evals,eval_holdout_conflict__heldout,eval_holdout_conflict,heldout,agreement_runs,0.0,,,0.0,0.0,0.0,,,,,,,512.0,
charter_1b_random,drop050,0.5,evals,eval_holdout_conflict__trained,eval_holdout_conflict,trained,conflict_runs,1200.0,0.79,0.1325,,0.0717,0.0058,0.766047596406847,0.8121016232435668,0.11448517636972877,0.1528602090732814,,,512.0,
charter_1b_random,drop050,0.5,evals,eval_holdout_conflict__trained,eval_holdout_conflict,trained,agreement_runs,0.0,,,0.0,0.0,0.0,,,,,,,512.0,
charter_1b_random,drop050,0.5,evals,eval_trained_adjacent__canonical,eval_trained_adjacent,canonical,conflict_runs,1000.0,0.678,0.266,,0.041,0.015,0.648406787795866,0.7062308861832763,0.2395467232144317,0.29424419975680804,,,512.0,
charter_1b_random,drop050,0.5,evals,eval_trained_adjacent__canonical,eval_trained_adjacent,canonical,agreement_runs,1000.0,,,0.982,0.003,0.015,,,,,0.9717267448294926,0.9885842599904322,512.0,
charter_1b_random,drop050,0.5,evals,eval_trained_adjacent__heldout,eval_trained_adjacent,heldout,conflict_runs,1000.0,0.657,0.269,,0.056,0.018,0.6270270213781514,0.6857713764573842,0.24243819128491245,0.297329771135414,,,512.0,
charter_1b_random,drop050,0.5,evals,eval_trained_adjacent__heldout,eval_trained_adjacent,heldout,agreement_runs,1000.0,,,0.97,0.012,0.018,,,,,0.9574965858524128,0.9789062611711653,512.0,
charter_1b_random,drop050,0.5,evals,eval_trained_adjacent__trained,eval_trained_adjacent,trained,conflict_runs,1000.0,0.646,0.288,,0.053,0.013,0.6158536169290484,0.6750289695931694,0.26078703415507287,0.31683551144280253,,,512.0,
charter_1b_random,drop050,0.5,evals,eval_trained_adjacent__trained,eval_trained_adjacent,trained,agreement_runs,1000.0,,,0.978,0.009,0.013,,,,,0.9669143266526002,0.9854272922352089,512.0,
charter_1b_random,drop050,0.5,evals,eval_trained_agreement__canonical,eval_trained_agreement,canonical,conflict_runs,0.0,0.0,0.0,,0.0,0.0,,,,,,,512.0,
charter_1b_random,drop050,0.5,evals,eval_trained_agreement__canonical,eval_trained_agreement,canonical,agreement_runs,3000.0,,,0.997,0.0023,0.0007,,,,,0.9943079568813202,0.9984208674857058,512.0,
charter_1b_random,drop050,0.5,evals,eval_trained_agreement__heldout,eval_trained_agreement,heldout,conflict_runs,0.0,0.0,0.0,,0.0,0.0,,,,,,,512.0,
charter_1b_random,drop050,0.5,evals,eval_trained_agreement__heldout,eval_trained_agreement,heldout,agreement_runs,3000.0,,,0.9883,0.009,0.0027,,,,,0.9838183479129743,0.9915993098319573,512.0,
charter_1b_random,drop050,0.5,evals,eval_trained_agreement__trained,eval_trained_agreement,trained,conflict_runs,0.0,0.0,0.0,,0.0,0.0,,,,,,,512.0,
charter_1b_random,drop050,0.5,evals,eval_trained_agreement__trained,eval_trained_agreement,trained,agreement_runs,3000.0,,,0.994,0.0043,0.0017,,,,,0.9905352002893365,0.9962012971700415,512.0,
charter_1b_random,drop050,0.5,evals,eval_trained_conflict__canonical,eval_trained_conflict,canonical,conflict_runs,3000.0,0.6913,0.2537,,0.051,0.004,0.6745672853097266,0.7076100085780486,0.23841856864418617,0.26954481082782433,,,512.0,
charter_1b_random,drop050,0.5,evals,eval_trained_conflict__canonical,eval_trained_conflict,canonical,agreement_runs,0.0,,,0.0,0.0,0.0,,,,,,,512.0,
charter_1b_random,drop050,0.5,evals,eval_trained_conflict__heldout,eval_trained_conflict,heldout,conflict_runs,3000.0,0.6667,0.271,,0.0557,0.0067,0.6495942833876335,0.683312767037258,0.25539525150160786,0.2871904612145914,,,512.0,
charter_1b_random,drop050,0.5,evals,eval_trained_conflict__heldout,eval_trained_conflict,heldout,agreement_runs,0.0,,,0.0,0.0,0.0,,,,,,,512.0,
charter_1b_random,drop050,0.5,evals,eval_trained_conflict__trained,eval_trained_conflict,trained,conflict_runs,3000.0,0.661,0.28,,0.0523,0.0067,0.6438646772453582,0.6777235334650868,0.2642222353181794,0.29634045812096393,,,512.0,
charter_1b_random,drop050,0.5,evals,eval_trained_conflict__trained,eval_trained_conflict,trained,agreement_runs,0.0,,,0.0,0.0,0.0,,,,,,,512.0,
charter_1b_random,drop080,0.8,evals,eval_holdout_adjacent__canonical,eval_holdout_adjacent,canonical,conflict_runs,400.0,0.5625,0.32,,0.115,0.0025,0.5135188136473868,0.6102921495608261,0.2761841236239046,0.36724030233644217,,,512.0,
charter_1b_random,drop080,0.8,evals,eval_holdout_adjacent__canonical,eval_holdout_adjacent,canonical,agreement_runs,400.0,,,0.97,0.0275,0.0025,,,,,0.9483014642909043,0.982756979034857,512.0,
charter_1b_random,drop080,0.8,evals,eval_holdout_adjacent__heldout,eval_holdout_adjacent,heldout,conflict_runs,400.0,0.5475,0.3275,,0.1225,0.0025,0.49850112055362783,0.5955952114846139,0.28334004291790127,0.374941698627431,,,512.0,
charter_1b_random,drop080,0.8,evals,eval_holdout_adjacent__heldout,eval_holdout_adjacent,heldout,agreement_runs,400.0,,,0.955,0.0425,0.0025,,,,,0.9299952708096761,0.971348541346114,512.0,
charter_1b_random,drop080,0.8,evals,eval_holdout_adjacent__trained,eval_holdout_adjacent,trained,conflict_runs,400.0,0.4925,0.3975,,0.1075,0.0025,0.44381128061271025,0.5413314038023042,0.3507352396832797,0.4462147806552511,,,512.0,
charter_1b_random,drop080,0.8,evals,eval_holdout_adjacent__trained,eval_holdout_adjacent,trained,agreement_runs,400.0,,,0.9575,0.04,0.0025,,,,,0.9329979456752499,0.9732983050088689,512.0,
charter_1b_random,drop080,0.8,evals,eval_holdout_agreement__canonical,eval_holdout_agreement,canonical,conflict_runs,0.0,0.0,0.0,,0.0,0.0,,,,,,,512.0,
charter_1b_random,drop080,0.8,evals,eval_holdout_agreement__canonical,eval_holdout_agreement,canonical,agreement_runs,1200.0,,,0.9733,0.0267,0.0,,,,,0.9625976609335583,0.9810481918291862,512.0,
charter_1b_random,drop080,0.8,evals,eval_holdout_agreement__heldout,eval_holdout_agreement,heldout,conflict_runs,0.0,0.0,0.0,,0.0,0.0,,,,,,,512.0,
charter_1b_random,drop080,0.8,evals,eval_holdout_agreement__heldout,eval_holdout_agreement,heldout,agreement_runs,1200.0,,,0.9458,0.0542,0.0,,,,,0.9315457137904679,0.9572756440054271,512.0,
charter_1b_random,drop080,0.8,evals,eval_holdout_agreement__trained,eval_holdout_agreement,trained,conflict_runs,0.0,0.0,0.0,,0.0,0.0,,,,,,,512.0,
charter_1b_random,drop080,0.8,evals,eval_holdout_agreement__trained,eval_holdout_agreement,trained,agreement_runs,1200.0,,,0.9692,0.0308,0.0,,,,,0.9577904432220183,0.9775486678790823,512.0,
charter_1b_random,drop080,0.8,evals,eval_holdout_conflict__canonical,eval_holdout_conflict,canonical,conflict_runs,1200.0,0.5525,0.3175,,0.1267,0.0033,0.5242436308983254,0.5804213140383874,0.291780094831964,0.3443846203880343,,,512.0,
charter_1b_random,drop080,0.8,evals,eval_holdout_conflict__canonical,eval_holdout_conflict,canonical,agreement_runs,0.0,,,0.0,0.0,0.0,,,,,,,512.0,
charter_1b_random,drop080,0.8,evals,eval_holdout_conflict__heldout,eval_holdout_conflict,heldout,conflict_runs,1200.0,0.5608,0.2892,,0.1467,0.0033,0.5326038986378202,0.5886745296221804,0.26421990090525865,0.31545897101556125,,,512.0,
charter_1b_random,drop080,0.8,evals,eval_holdout_conflict__heldout,eval_holdout_conflict,heldout,agreement_runs,0.0,,,0.0,0.0,0.0,,,,,,,512.0,
charter_1b_random,drop080,0.8,evals,eval_holdout_conflict__trained,eval_holdout_conflict,trained,conflict_runs,1200.0,0.485,0.3533,,0.1617,0.0,0.4568160661537217,0.5132796638643603,0.32679528782886386,0.38080740568127175,,,512.0,
charter_1b_random,drop080,0.8,evals,eval_holdout_conflict__trained,eval_holdout_conflict,trained,agreement_runs,0.0,,,0.0,0.0,0.0,,,,,,,512.0,
charter_1b_random,drop080,0.8,evals,eval_trained_adjacent__canonical,eval_trained_adjacent,canonical,conflict_runs,1000.0,0.309,0.627,,0.058,0.006,0.28113685771666347,0.33832496402481854,0.5965940413088955,0.6564339620357733,,,512.0,
charter_1b_random,drop080,0.8,evals,eval_trained_adjacent__canonical,eval_trained_adjacent,canonical,agreement_runs,1000.0,,,0.968,0.026,0.006,,,,,0.9551752619162313,0.977242892141289,512.0,
charter_1b_random,drop080,0.8,evals,eval_trained_adjacent__heldout,eval_trained_adjacent,heldout,conflict_runs,1000.0,0.342,0.586,,0.071,0.001,0.3132528988050859,0.37195635687634954,0.5551996791811112,0.6161421183593733,,,512.0,
charter_1b_random,drop080,0.8,evals,eval_trained_adjacent__heldout,eval_trained_adjacent,heldout,agreement_runs,1000.0,,,0.966,0.033,0.001,,,,,0.9528648097546888,0.9755686513367736,512.0,
charter_1b_random,drop080,0.8,evals,eval_trained_adjacent__trained,eval_trained_adjacent,trained,conflict_runs,1000.0,0.283,0.641,,0.073,0.003,0.25595244098823255,0.3117083721944983,0.6107804510612618,0.6701404030458116,,,512.0,
charter_1b_random,drop080,0.8,evals,eval_trained_adjacent__trained,eval_trained_adjacent,trained,agreement_runs,1000.0,,,0.972,0.025,0.003,,,,,0.9598298168024068,0.980557723187229,512.0,
charter_1b_random,drop080,0.8,evals,eval_trained_agreement__canonical,eval_trained_agreement,canonical,conflict_runs,0.0,0.0,0.0,,0.0,0.0,,,,,,,512.0,
charter_1b_random,drop080,0.8,evals,eval_trained_agreement__canonical,eval_trained_agreement,canonical,agreement_runs,3000.0,,,0.9907,0.0087,0.0007,,,,,0.9865437152737208,0.9935346411771594,512.0,
charter_1b_random,drop080,0.8,evals,eval_trained_agreement__heldout,eval_trained_agreement,heldout,conflict_runs,0.0,0.0,0.0,,0.0,0.0,,,,,,,512.0,
charter_1b_random,drop080,0.8,evals,eval_trained_agreement__heldout,eval_trained_agreement,heldout,agreement_runs,3000.0,,,0.9863,0.0123,0.0013,,,,,0.9815131063863631,0.9899096667534697,512.0,
charter_1b_random,drop080,0.8,evals,eval_trained_agreement__trained,eval_trained_agreement,trained,conflict_runs,0.0,0.0,0.0,,0.0,0.0,,,,,,,512.0,
charter_1b_random,drop080,0.8,evals,eval_trained_agreement__trained,eval_trained_agreement,trained,agreement_runs,3000.0,,,0.9853,0.0127,0.002,,,,,0.9803690975232904,0.9890562333139932,512.0,
charter_1b_random,drop080,0.8,evals,eval_trained_conflict__canonical,eval_trained_conflict,canonical,conflict_runs,3000.0,0.3,0.6333,,0.066,0.0007,0.28386602751155393,0.31664551197857643,0.615928953290462,0.650396687049451,,,512.0,
charter_1b_random,drop080,0.8,evals,eval_trained_conflict__canonical,eval_trained_conflict,canonical,agreement_runs,0.0,,,0.0,0.0,0.0,,,,,,,512.0,
charter_1b_random,drop080,0.8,evals,eval_trained_conflict__heldout,eval_trained_conflict,heldout,conflict_runs,3000.0,0.3273,0.5937,,0.0757,0.0033,0.31077220434862224,0.3443360914111903,0.5759825246012662,0.6111112377375227,,,512.0,
charter_1b_random,drop080,0.8,evals,eval_trained_conflict__heldout,eval_trained_conflict,heldout,agreement_runs,0.0,,,0.0,0.0,0.0,,,,,,,512.0,
charter_1b_random,drop080,0.8,evals,eval_trained_conflict__trained,eval_trained_conflict,trained,conflict_runs,3000.0,0.3103,0.6203,,0.0687,0.0007,0.29402999997687246,0.3271217766396011,0.6028238123641313,0.6375350780426402,,,512.0,
charter_1b_random,drop080,0.8,evals,eval_trained_conflict__trained,eval_trained_conflict,trained,agreement_runs,0.0,,,0.0,0.0,0.0,,,,,,,512.0,
charter_1b_random,drop090,0.9,evals,eval_holdout_adjacent__canonical,eval_holdout_adjacent,canonical,conflict_runs,400.0,0.535,0.3475,,0.11,0.0075,0.4860200567828039,0.5833140826137952,0.3024860405122664,0.39541520925969403,,,512.0,
charter_1b_random,drop090,0.9,evals,eval_holdout_adjacent__canonical,eval_holdout_adjacent,canonical,agreement_runs,400.0,,,0.975,0.0175,0.0075,,,,,0.9545984121283544,0.986364908254064,512.0,
charter_1b_random,drop090,0.9,evals,eval_holdout_adjacent__heldout,eval_holdout_adjacent,heldout,conflict_runs,400.0,0.5575,0.35,,0.0825,0.01,0.5085079945949651,0.6053980915565909,0.3048856490077627,0.3979680392925262,,,512.0,
charter_1b_random,drop090,0.9,evals,eval_holdout_adjacent__heldout,eval_holdout_adjacent,heldout,agreement_runs,400.0,,,0.9525,0.0375,0.01,,,,,0.9270084505901734,0.9693829230372881,512.0,
charter_1b_random,drop090,0.9,evals,eval_holdout_adjacent__trained,eval_holdout_adjacent,trained,conflict_runs,400.0,0.5275,0.36,,0.1,0.0125,0.4785460270872869,0.5759307967243269,0.3144979076102711,0.40816553480333195,,,512.0,
charter_1b_random,drop090,0.9,evals,eval_holdout_adjacent__trained,eval_holdout_adjacent,trained,agreement_runs,400.0,,,0.95,0.0375,0.0125,,,,,0.9240363649362804,0.9674025701628528,512.0,
charter_1b_random,drop090,0.9,evals,eval_holdout_agreement__canonical,eval_holdout_agreement,canonical,conflict_runs,0.0,0.0,0.0,,0.0,0.0,,,,,,,512.0,
charter_1b_random,drop090,0.9,evals,eval_holdout_agreement__canonical,eval_holdout_agreement,canonical,agreement_runs,1200.0,,,0.9867,0.0117,0.0017,,,,,0.9784510521095888,0.9917763739704162,512.0,
charter_1b_random,drop090,0.9,evals,eval_holdout_agreement__heldout,eval_holdout_agreement,heldout,conflict_runs,0.0,0.0,0.0,,0.0,0.0,,,,,,,512.0,
charter_1b_random,drop090,0.9,evals,eval_holdout_agreement__heldout,eval_holdout_agreement,heldout,agreement_runs,1200.0,,,0.9758,0.0225,0.0017,,,,,0.9655082635637515,0.9831216341959794,512.0,
charter_1b_random,drop090,0.9,evals,eval_holdout_agreement__trained,eval_holdout_agreement,trained,conflict_runs,0.0,0.0,0.0,,0.0,0.0,,,,,,,512.0,
charter_1b_random,drop090,0.9,evals,eval_holdout_agreement__trained,eval_holdout_agreement,trained,agreement_runs,1200.0,,,0.9825,0.0158,0.0017,,,,,0.9733949068135073,0.9885257776048537,512.0,
charter_1b_random,drop090,0.9,evals,eval_holdout_conflict__canonical,eval_holdout_conflict,canonical,conflict_runs,1200.0,0.4658,0.4342,,0.0917,0.0083,0.4377636972724106,0.49412102110210965,0.40637737665514684,0.4623761050908799,,,512.0,
charter_1b_random,drop090,0.9,evals,eval_holdout_conflict__canonical,eval_holdout_conflict,canonical,agreement_runs,0.0,,,0.0,0.0,0.0,,,,,,,512.0,
charter_1b_random,drop090,0.9,evals,eval_holdout_conflict__heldout,eval_holdout_conflict,heldout,conflict_runs,1200.0,0.51,0.3783,,0.1033,0.0083,0.4817292502714922,0.5382069297164532,0.35132330159509606,0.4061198418849028,,,512.0,
charter_1b_random,drop090,0.9,evals,eval_holdout_conflict__heldout,eval_holdout_conflict,heldout,agreement_runs,0.0,,,0.0,0.0,0.0,,,,,,,512.0,
charter_1b_random,drop090,0.9,evals,eval_holdout_conflict__trained,eval_holdout_conflict,trained,conflict_runs,1200.0,0.4492,0.4317,,0.1058,0.0133,0.42123028464820056,0.47742746707974415,0.4039044128509136,0.4598650238981268,,,512.0,
charter_1b_random,drop090,0.9,evals,eval_holdout_conflict__trained,eval_holdout_conflict,trained,agreement_runs,0.0,,,0.0,0.0,0.0,,,,,,,512.0,
charter_1b_random,drop090,0.9,evals,eval_trained_adjacent__canonical,eval_trained_adjacent,canonical,conflict_runs,1000.0,0.332,0.588,,0.06,0.02,0.3035036348923906,0.3617821559587559,0.5572138017865,0.6181126887200421,,,512.0,
charter_1b_random,drop090,0.9,evals,eval_trained_adjacent__canonical,eval_trained_adjacent,canonical,agreement_runs,1000.0,,,0.965,0.015,0.02,,,,,0.9517133776255466,0.9747277369828871,512.0,
charter_1b_random,drop090,0.9,evals,eval_trained_adjacent__heldout,eval_trained_adjacent,heldout,conflict_runs,1000.0,0.377,0.546,,0.069,0.008,0.347487093401629,0.4074542891858176,0.5150242420441903,0.5766236961751384,,,512.0,
charter_1b_random,drop090,0.9,evals,eval_trained_adjacent__heldout,eval_trained_adjacent,heldout,agreement_runs,1000.0,,,0.956,0.036,0.008,,,,,0.9414482108495922,0.9670617854115814,512.0,
charter_1b_random,drop090,0.9,evals,eval_trained_adjacent__trained,eval_trained_adjacent,trained,conflict_runs,1000.0,0.376,0.535,,0.072,0.017,0.34650662606266847,0.4064424100417492,0.50401124565671,0.565720881249301,,,512.0,
charter_1b_random,drop090,0.9,evals,eval_trained_adjacent__trained,eval_trained_adjacent,trained,agreement_runs,1000.0,,,0.957,0.026,0.017,,,,,0.942580996155916,0.9679213465882865,512.0,
charter_1b_random,drop090,0.9,evals,eval_trained_agreement__canonical,eval_trained_agreement,canonical,conflict_runs,0.0,0.0,0.0,,0.0,0.0,,,,,,,512.0,
charter_1b_random,drop090,0.9,evals,eval_trained_agreement__canonical,eval_trained_agreement,canonical,agreement_runs,3000.0,,,0.9833,0.014,0.0027,,,,,0.9780955943533322,0.9873348518788526,512.0,
charter_1b_random,drop090,0.9,evals,eval_trained_agreement__heldout,eval_trained_agreement,heldout,conflict_runs,0.0,0.0,0.0,,0.0,0.0,,,,,,,512.0,
charter_1b_random,drop090,0.9,evals,eval_trained_agreement__heldout,eval_trained_agreement,heldout,agreement_runs,3000.0,,,0.9723,0.025,0.0027,,,,,0.9658328965073788,0.9776256843967632,512.0,
charter_1b_random,drop090,0.9,evals,eval_trained_agreement__trained,eval_trained_agreement,trained,conflict_runs,0.0,0.0,0.0,,0.0,0.0,,,,,,,512.0,
charter_1b_random,drop090,0.9,evals,eval_trained_agreement__trained,eval_trained_agreement,trained,agreement_runs,3000.0,,,0.9757,0.023,0.0013,,,,,0.9695147639639503,0.9806019579486895,512.0,
charter_1b_random,drop090,0.9,evals,eval_trained_conflict__canonical,eval_trained_conflict,canonical,conflict_runs,3000.0,0.305,0.6123,,0.0633,0.0193,0.2887828595769423,0.3217158914259348,0.594765689340112,0.6296136626462648,,,512.0,
charter_1b_random,drop090,0.9,evals,eval_trained_conflict__canonical,eval_trained_conflict,canonical,agreement_runs,0.0,,,0.0,0.0,0.0,,,,,,,512.0,
charter_1b_random,drop090,0.9,evals,eval_trained_conflict__heldout,eval_trained_conflict,heldout,conflict_runs,3000.0,0.3657,0.5513,,0.073,0.01,0.3486145131319089,0.3830624042256287,0.5334815512092931,0.5690538203215735,,,512.0,
charter_1b_random,drop090,0.9,evals,eval_trained_conflict__heldout,eval_trained_conflict,heldout,agreement_runs,0.0,,,0.0,0.0,0.0,,,,,,,512.0,
charter_1b_random,drop090,0.9,evals,eval_trained_conflict__trained,eval_trained_conflict,trained,conflict_runs,3000.0,0.3477,0.5667,,0.0717,0.014,0.3308299225447216,0.36489303336692774,0.5488603582566118,0.5843024619133448,,,512.0,
charter_1b_random,drop090,0.9,evals,eval_trained_conflict__trained,eval_trained_conflict,trained,agreement_runs,0.0,,,0.0,0.0,0.0,,,,,,,512.0,
charter_1b_random,drop095,0.95,evals,eval_holdout_adjacent__canonical,eval_holdout_adjacent,canonical,conflict_runs,400.0,0.2775,0.595,,0.125,0.0025,0.23589423631331932,0.32333873466544255,0.5462106166004184,0.6419820474760654,,,512.0,
charter_1b_random,drop095,0.95,evals,eval_holdout_adjacent__canonical,eval_holdout_adjacent,canonical,agreement_runs,400.0,,,0.955,0.0425,0.0025,,,,,0.9299952708096761,0.971348541346114,512.0,
charter_1b_random,drop095,0.95,evals,eval_holdout_adjacent__heldout,eval_holdout_adjacent,heldout,conflict_runs,400.0,0.31,0.5425,,0.145,0.0025,0.2666637181991197,0.35695095364791296,0.4935050345733776,0.5906864204082072,,,512.0,
charter_1b_random,drop095,0.95,evals,eval_holdout_adjacent__heldout,eval_holdout_adjacent,heldout,agreement_runs,400.0,,,0.9275,0.07,0.0025,,,,,0.8978175067464532,0.9490494815977232,512.0,
charter_1b_random,drop095,0.95,evals,eval_holdout_adjacent__trained,eval_holdout_adjacent,trained,conflict_runs,400.0,0.2825,0.5925,,0.12,0.005,0.2406102723514747,0.3285275756839443,0.5436883047891221,0.639551920759033,,,512.0,
charter_1b_random,drop095,0.95,evals,eval_holdout_adjacent__trained,eval_holdout_adjacent,trained,agreement_runs,400.0,,,0.935,0.06,0.005,,,,,0.9064647858253624,0.9552595181037996,512.0,
charter_1b_random,drop095,0.95,evals,eval_holdout_agreement__canonical,eval_holdout_agreement,canonical,conflict_runs,0.0,0.0,0.0,,0.0,0.0,,,,,,,512.0,
charter_1b_random,drop095,0.95,evals,eval_holdout_agreement__canonical,eval_holdout_agreement,canonical,agreement_runs,1200.0,,,0.9575,0.0425,0.0,,,,,0.9445516430654896,0.9675285913830082,512.0,
charter_1b_random,drop095,0.95,evals,eval_holdout_agreement__heldout,eval_holdout_agreement,heldout,conflict_runs,0.0,0.0,0.0,,0.0,0.0,,,,,,,512.0,
charter_1b_random,drop095,0.95,evals,eval_holdout_agreement__heldout,eval_holdout_agreement,heldout,agreement_runs,1200.0,,,0.95,0.05,0.0,,,,,0.9361691119793752,0.9609589874781636,512.0,
charter_1b_random,drop095,0.95,evals,eval_holdout_agreement__trained,eval_holdout_agreement,trained,conflict_runs,0.0,0.0,0.0,,0.0,0.0,,,,,,,512.0,
charter_1b_random,drop095,0.95,evals,eval_holdout_agreement__trained,eval_holdout_agreement,trained,agreement_runs,1200.0,,,0.9575,0.0425,0.0,,,,,0.9445516430654896,0.9675285913830082,512.0,
charter_1b_random,drop095,0.95,evals,eval_holdout_conflict__canonical,eval_holdout_conflict,canonical,conflict_runs,1200.0,0.2158,0.66,,0.1242,0.0,0.19348291950850008,0.23999729916738763,0.6327252622239514,0.6862536175831735,,,512.0,
charter_1b_random,drop095,0.95,evals,eval_holdout_conflict__canonical,eval_holdout_conflict,canonical,agreement_runs,0.0,,,0.0,0.0,0.0,,,,,,,512.0,
charter_1b_random,drop095,0.95,evals,eval_holdout_conflict__heldout,eval_holdout_conflict,heldout,conflict_runs,1200.0,0.255,0.5967,,0.1433,0.005,0.23114804709428835,0.2804155432010518,0.5686449001068568,0.6240715064432811,,,512.0,
charter_1b_random,drop095,0.95,evals,eval_holdout_conflict__heldout,eval_holdout_conflict,heldout,agreement_runs,0.0,,,0.0,0.0,0.0,,,,,,,512.0,
charter_1b_random,drop095,0.95,evals,eval_holdout_conflict__trained,eval_holdout_conflict,trained,conflict_runs,1200.0,0.2408,0.6233,,0.1292,0.0067,0.21749211155969397,0.265828557086057,0.5955652195572229,0.6503143336274358,,,512.0,
charter_1b_random,drop095,0.95,evals,eval_holdout_conflict__trained,eval_holdout_conflict,trained,agreement_runs,0.0,,,0.0,0.0,0.0,,,,,,,512.0,
charter_1b_random,drop095,0.95,evals,eval_trained_adjacent__canonical,eval_trained_adjacent,canonical,conflict_runs,1000.0,0.125,0.81,,0.064,0.001,0.10592623063520473,0.14694383822896162,0.7845166798033585,0.8331107299355973,,,512.0,
charter_1b_random,drop095,0.95,evals,eval_trained_adjacent__canonical,eval_trained_adjacent,canonical,agreement_runs,1000.0,,,0.955,0.044,0.001,,,,,0.9403171620637765,0.9662004877143682,512.0,
charter_1b_random,drop095,0.95,evals,eval_trained_adjacent__heldout,eval_trained_adjacent,heldout,conflict_runs,1000.0,0.182,0.735,,0.077,0.006,0.1593172572282905,0.20711656116852256,0.7067846797715454,0.7614167437402437,,,512.0,
charter_1b_random,drop095,0.95,evals,eval_trained_adjacent__heldout,eval_trained_adjacent,heldout,agreement_runs,1000.0,,,0.938,0.056,0.006,,,,,0.9213119396866343,0.9513358198800193,512.0,
charter_1b_random,drop095,0.95,evals,eval_trained_adjacent__trained,eval_trained_adjacent,trained,conflict_runs,1000.0,0.152,0.767,,0.076,0.005,0.13108250256297901,0.17558092134296735,0.7398071302206756,0.7921493807480379,,,512.0,
charter_1b_random,drop095,0.95,evals,eval_trained_adjacent__trained,eval_trained_adjacent,trained,agreement_runs,1000.0,,,0.955,0.04,0.005,,,,,0.9403171620637765,0.9662004877143682,512.0,
charter_1b_random,drop095,0.95,evals,eval_trained_agreement__canonical,eval_trained_agreement,canonical,conflict_runs,0.0,0.0,0.0,,0.0,0.0,,,,,,,512.0,
charter_1b_random,drop095,0.95,evals,eval_trained_agreement__canonical,eval_trained_agreement,canonical,agreement_runs,3000.0,,,0.9737,0.0257,0.0007,,,,,0.9673027531578697,0.9788190841496713,512.0,
charter_1b_random,drop095,0.95,evals,eval_trained_agreement__heldout,eval_trained_agreement,heldout,conflict_runs,0.0,0.0,0.0,,0.0,0.0,,,,,,,512.0,
charter_1b_random,drop095,0.95,evals,eval_trained_agreement__heldout,eval_trained_agreement,heldout,agreement_runs,3000.0,,,0.9623,0.0363,0.0013,,,,,0.9549079624448717,0.9685761954337768,512.0,
charter_1b_random,drop095,0.95,evals,eval_trained_agreement__trained,eval_trained_agreement,trained,conflict_runs,0.0,0.0,0.0,,0.0,0.0,,,,,,,512.0,
charter_1b_random,drop095,0.95,evals,eval_trained_agreement__trained,eval_trained_agreement,trained,agreement_runs,3000.0,,,0.973,0.0257,0.0013,,,,,0.9665673662810922,0.9782228428247494,512.0,
charter_1b_random,drop095,0.95,evals,eval_trained_conflict__canonical,eval_trained_conflict,canonical,conflict_runs,3000.0,0.114,0.8213,,0.0627,0.002,0.10311767354904273,0.12586959766690892,0.807217164648969,0.8346276285702214,,,512.0,
charter_1b_random,drop095,0.95,evals,eval_trained_conflict__canonical,eval_trained_conflict,canonical,agreement_runs,0.0,,,0.0,0.0,0.0,,,,,,,512.0,
charter_1b_random,drop095,0.95,evals,eval_trained_conflict__heldout,eval_trained_conflict,heldout,conflict_runs,3000.0,0.1623,0.7643,,0.0683,0.005,0.1495709968935688,0.17595931894560135,0.7488140330110935,0.7791765489627842,,,512.0,
charter_1b_random,drop095,0.95,evals,eval_trained_conflict__heldout,eval_trained_conflict,heldout,agreement_runs,0.0,,,0.0,0.0,0.0,,,,,,,512.0,
charter_1b_random,drop095,0.95,evals,eval_trained_conflict__trained,eval_trained_conflict,trained,conflict_runs,3000.0,0.134,0.7963,,0.066,0.0037,0.1222770045212897,0.1466591127456489,0.7815475748226329,0.810361160832824,,,512.0,
charter_1b_random,drop095,0.95,evals,eval_trained_conflict__trained,eval_trained_conflict,trained,agreement_runs,0.0,,,0.0,0.0,0.0,,,,,,,512.0,
charter_1b_random,drop098,0.98,evals,eval_holdout_adjacent__canonical,eval_holdout_adjacent,canonical,conflict_runs,400.0,0.3425,0.5025,,0.1475,0.0075,0.29769101850421636,0.3903053542110871,0.4537113272079121,0.5512411113204165,,,512.0,
charter_1b_random,drop098,0.98,evals,eval_holdout_adjacent__canonical,eval_holdout_adjacent,canonical,agreement_runs,400.0,,,0.895,0.0975,0.0075,,,,,0.8611090149132419,0.921376272562664,512.0,
charter_1b_random,drop098,0.98,evals,eval_holdout_adjacent__heldout,eval_holdout_adjacent,heldout,conflict_runs,400.0,0.385,0.41,,0.1675,0.0375,0.3386231845670135,0.4335646431298747,0.36287947761947204,0.45883273536070135,,,512.0,
charter_1b_random,drop098,0.98,evals,eval_holdout_adjacent__heldout,eval_holdout_adjacent,heldout,agreement_runs,400.0,,,0.845,0.1175,0.0375,,,,,0.8062691036268747,0.8771674132824608,512.0,
charter_1b_random,drop098,0.98,evals,eval_holdout_adjacent__trained,eval_holdout_adjacent,trained,conflict_runs,400.0,0.365,0.4425,,0.165,0.0275,0.3193122416823519,0.4132560777879081,0.3946019084434091,0.49149200540503496,,,512.0,
charter_1b_random,drop098,0.98,evals,eval_holdout_adjacent__trained,eval_holdout_adjacent,trained,agreement_runs,400.0,,,0.85,0.1225,0.0275,,,,,0.8116863892693679,0.8816550046966246,512.0,
charter_1b_random,drop098,0.98,evals,eval_holdout_agreement__canonical,eval_holdout_agreement,canonical,conflict_runs,0.0,0.0,0.0,,0.0,0.0,,,,,,,512.0,
charter_1b_random,drop098,0.98,evals,eval_holdout_agreement__canonical,eval_holdout_agreement,canonical,agreement_runs,1200.0,,,0.89,0.1067,0.0033,,,,,0.8710369399876371,0.90647407954223,512.0,
charter_1b_random,drop098,0.98,evals,eval_holdout_agreement__heldout,eval_holdout_agreement,heldout,conflict_runs,0.0,0.0,0.0,,0.0,0.0,,,,,,,512.0,
charter_1b_random,drop098,0.98,evals,eval_holdout_agreement__heldout,eval_holdout_agreement,heldout,agreement_runs,1200.0,,,0.845,0.1292,0.0258,,,,,0.8234258716765449,0.864372337907568,512.0,
charter_1b_random,drop098,0.98,evals,eval_holdout_agreement__trained,eval_holdout_agreement,trained,conflict_runs,0.0,0.0,0.0,,0.0,0.0,,,,,,,512.0,
charter_1b_random,drop098,0.98,evals,eval_holdout_agreement__trained,eval_holdout_agreement,trained,agreement_runs,1200.0,,,0.88,0.1058,0.0142,,,,,0.8603906805365024,0.8971841590054194,512.0,
charter_1b_random,drop098,0.98,evals,eval_holdout_conflict__canonical,eval_holdout_conflict,canonical,conflict_runs,1200.0,0.3092,0.545,,0.1333,0.0125,0.28366214914182364,0.33588908275488694,0.5167261900075588,0.572986619938195,,,512.0,
charter_1b_random,drop098,0.98,evals,eval_holdout_conflict__canonical,eval_holdout_conflict,canonical,agreement_runs,0.0,,,0.0,0.0,0.0,,,,,,,512.0,
charter_1b_random,drop098,0.98,evals,eval_holdout_conflict__heldout,eval_holdout_conflict,heldout,conflict_runs,1200.0,0.355,0.4383,,0.175,0.0317,0.3284280238344457,0.3824973663403475,0.41050058787217036,0.4665596355355003,,,512.0,
charter_1b_random,drop098,0.98,evals,eval_holdout_conflict__heldout,eval_holdout_conflict,heldout,agreement_runs,0.0,,,0.0,0.0,0.0,,,,,,,512.0,
charter_1b_random,drop098,0.98,evals,eval_holdout_conflict__trained,eval_holdout_conflict,trained,conflict_runs,1200.0,0.3458,0.4708,,0.1525,0.0308,0.3194524212454672,0.3731981372737095,0.44272987520669216,0.4991229331618007,,,512.0,
charter_1b_random,drop098,0.98,evals,eval_holdout_conflict__trained,eval_holdout_conflict,trained,agreement_runs,0.0,,,0.0,0.0,0.0,,,,,,,512.0,
charter_1b_random,drop098,0.98,evals,eval_trained_adjacent__canonical,eval_trained_adjacent,canonical,conflict_runs,1000.0,0.252,0.646,,0.086,0.016,0.22607471123809428,0.279823360970741,0.6158536169290484,0.6750289695931694,,,512.0,
charter_1b_random,drop098,0.98,evals,eval_trained_adjacent__canonical,eval_trained_adjacent,canonical,agreement_runs,1000.0,,,0.916,0.068,0.016,,,,,0.8971749506177824,0.9316411863222356,512.0,
charter_1b_random,drop098,0.98,evals,eval_trained_adjacent__heldout,eval_trained_adjacent,heldout,conflict_runs,1000.0,0.276,0.539,,0.13,0.055,0.2491910960732594,0.3045232917282693,0.5080142294521901,0.5696872833859365,,,512.0,
charter_1b_random,drop098,0.98,evals,eval_trained_adjacent__heldout,eval_trained_adjacent,heldout,agreement_runs,1000.0,,,0.825,0.12,0.055,,,,,0.800218354614785,0.8472942523696041,512.0,
charter_1b_random,drop098,0.98,evals,eval_trained_adjacent__trained,eval_trained_adjacent,trained,conflict_runs,1000.0,0.286,0.571,,0.108,0.035,0.25885269614280204,0.3147851564890155,0.5401101233129566,0.6013464769820944,,,512.0,
charter_1b_random,drop098,0.98,evals,eval_trained_adjacent__trained,eval_trained_adjacent,trained,agreement_runs,1000.0,,,0.87,0.095,0.035,,,,,0.8477319733455311,0.889436225375158,512.0,
charter_1b_random,drop098,0.98,evals,eval_trained_agreement__canonical,eval_trained_agreement,canonical,conflict_runs,0.0,0.0,0.0,,0.0,0.0,,,,,,,512.0,
charter_1b_random,drop098,0.98,evals,eval_trained_agreement__canonical,eval_trained_agreement,canonical,agreement_runs,3000.0,,,0.929,0.0617,0.0093,,,,,0.9192506905703182,0.9376520572233522,512.0,
charter_1b_random,drop098,0.98,evals,eval_trained_agreement__heldout,eval_trained_agreement,heldout,conflict_runs,0.0,0.0,0.0,,0.0,0.0,,,,,,,512.0,
charter_1b_random,drop098,0.98,evals,eval_trained_agreement__heldout,eval_trained_agreement,heldout,agreement_runs,3000.0,,,0.8787,0.097,0.0243,,,,,0.8664958975216253,0.8898689210437278,512.0,
charter_1b_random,drop098,0.98,evals,eval_trained_agreement__trained,eval_trained_agreement,trained,conflict_runs,0.0,0.0,0.0,,0.0,0.0,,,,,,,512.0,
charter_1b_random,drop098,0.98,evals,eval_trained_agreement__trained,eval_trained_agreement,trained,agreement_runs,3000.0,,,0.8953,0.084,0.0207,,,,,0.8838688154156095,0.9057867081922327,512.0,
charter_1b_random,drop098,0.98,evals,eval_trained_conflict__canonical,eval_trained_conflict,canonical,conflict_runs,3000.0,0.2373,0.6437,,0.099,0.02,0.2224510836431165,0.2528874048872547,0.6263554649701932,0.660610412496063,,,512.0,
charter_1b_random,drop098,0.98,evals,eval_trained_conflict__canonical,eval_trained_conflict,canonical,agreement_runs,0.0,,,0.0,0.0,0.0,,,,,,,512.0,
charter_1b_random,drop098,0.98,evals,eval_trained_conflict__heldout,eval_trained_conflict,heldout,conflict_runs,3000.0,0.2847,0.5457,,0.1303,0.0393,0.26880234937140585,0.30108174147963446,0.5278024066475464,0.5634141251688738,,,512.0,
charter_1b_random,drop098,0.98,evals,eval_trained_conflict__heldout,eval_trained_conflict,heldout,agreement_runs,0.0,,,0.0,0.0,0.0,,,,,,,512.0,
charter_1b_random,drop098,0.98,evals,eval_trained_conflict__trained,eval_trained_conflict,trained,conflict_runs,3000.0,0.2583,0.595,,0.1153,0.0313,0.2429860996583675,0.27429867722554,0.5773233012675614,0.6124337174746266,,,512.0,
charter_1b_random,drop098,0.98,evals,eval_trained_conflict__trained,eval_trained_conflict,trained,agreement_runs,0.0,,,0.0,0.0,0.0,,,,,,,512.0,
charter_1b_random,drop099,0.99,evals,eval_holdout_adjacent__canonical,eval_holdout_adjacent,canonical,conflict_runs,400.0,0.3375,0.5175,,0.14,0.005,0.29290163772130434,0.385189857937342,0.46859763274320027,0.5660694369550994,,,512.0,
charter_1b_random,drop099,0.99,evals,eval_holdout_adjacent__canonical,eval_holdout_adjacent,canonical,agreement_runs,400.0,,,0.9125,0.0825,0.005,,,,,0.8807392673857086,0.9364130897884968,512.0,
charter_1b_random,drop099,0.99,evals,eval_holdout_adjacent__heldout,eval_holdout_adjacent,heldout,conflict_runs,400.0,0.3575,0.435,,0.1825,0.025,0.3120927823653414,0.40561822151993315,0.3872626744968637,0.48397392376659487,,,512.0,
charter_1b_random,drop099,0.99,evals,eval_holdout_adjacent__heldout,eval_holdout_adjacent,heldout,agreement_runs,400.0,,,0.85,0.125,0.025,,,,,0.8116863892693679,0.8816550046966246,512.0,
charter_1b_random,drop099,0.99,evals,eval_holdout_adjacent__trained,eval_holdout_adjacent,trained,conflict_runs,400.0,0.37,0.4475,,0.16,0.0225,0.3241319808189903,0.4183412157079268,0.39950089322688126,0.4964978976782199,,,512.0,
charter_1b_random,drop099,0.99,evals,eval_holdout_adjacent__trained,eval_holdout_adjacent,trained,agreement_runs,400.0,,,0.89,0.0875,0.0225,,,,,0.8555490895383555,0.9170313208808931,512.0,
charter_1b_random,drop099,0.99,evals,eval_holdout_agreement__canonical,eval_holdout_agreement,canonical,conflict_runs,0.0,0.0,0.0,,0.0,0.0,,,,,,,512.0,
charter_1b_random,drop099,0.99,evals,eval_holdout_agreement__canonical,eval_holdout_agreement,canonical,agreement_runs,1200.0,,,0.9117,0.085,0.0033,,,,,0.8942689256954491,0.9264371504749661,512.0,
charter_1b_random,drop099,0.99,evals,eval_holdout_agreement__heldout,eval_holdout_agreement,heldout,conflict_runs,0.0,0.0,0.0,,0.0,0.0,,,,,,,512.0,
charter_1b_random,drop099,0.99,evals,eval_holdout_agreement__heldout,eval_holdout_agreement,heldout,agreement_runs,1200.0,,,0.8533,0.14,0.0067,,,,,0.8321897859053021,0.8722219070020988,512.0,
charter_1b_random,drop099,0.99,evals,eval_holdout_agreement__trained,eval_holdout_agreement,trained,conflict_runs,0.0,0.0,0.0,,0.0,0.0,,,,,,,512.0,
charter_1b_random,drop099,0.99,evals,eval_holdout_agreement__trained,eval_holdout_agreement,trained,agreement_runs,1200.0,,,0.8942,0.0992,0.0067,,,,,0.8754860555225069,0.910331705669004,512.0,
charter_1b_random,drop099,0.99,evals,eval_holdout_conflict__canonical,eval_holdout_conflict,canonical,conflict_runs,1200.0,0.2475,0.5833,,0.1542,0.015,0.22391406687324572,0.27269738843113545,0.5552167229809802,0.6109181102518974,,,512.0,
charter_1b_random,drop099,0.99,evals,eval_holdout_conflict__canonical,eval_holdout_conflict,canonical,agreement_runs,0.0,,,0.0,0.0,0.0,,,,,,,512.0,
charter_1b_random,drop099,0.99,evals,eval_holdout_conflict__heldout,eval_holdout_conflict,heldout,conflict_runs,1200.0,0.3058,0.4692,,0.1992,0.0258,0.2804177296600773,0.33248810890731817,0.4410741678813292,0.4974559438225061,,,512.0,
charter_1b_random,drop099,0.99,evals,eval_holdout_conflict__heldout,eval_holdout_conflict,heldout,agreement_runs,0.0,,,0.0,0.0,0.0,,,,,,,512.0,
charter_1b_random,drop099,0.99,evals,eval_holdout_conflict__trained,eval_holdout_conflict,trained,conflict_runs,1200.0,0.3125,0.51,,0.1542,0.0233,0.28690815198489295,0.33928847324113276,0.4817292502714922,0.5382069297164532,,,512.0,
charter_1b_random,drop099,0.99,evals,eval_holdout_conflict__trained,eval_holdout_conflict,trained,agreement_runs,0.0,,,0.0,0.0,0.0,,,,,,,512.0,
charter_1b_random,drop099,0.99,evals,eval_trained_adjacent__canonical,eval_trained_adjacent,canonical,conflict_runs,1000.0,0.262,0.589,,0.125,0.024,0.23569393157936605,0.2901276054597582,0.5582210567913957,0.6190977801981754,,,512.0,
charter_1b_random,drop099,0.99,evals,eval_trained_adjacent__canonical,eval_trained_adjacent,canonical,agreement_runs,1000.0,,,0.896,0.08,0.024,,,,,0.8755402353777084,0.9134289719017319,512.0,
charter_1b_random,drop099,0.99,evals,eval_trained_adjacent__heldout,eval_trained_adjacent,heldout,conflict_runs,1000.0,0.308,0.505,,0.165,0.022,0.28016622636313016,0.33730324889532304,0.4740520072158691,0.5359097251992754,,,512.0,
charter_1b_random,drop099,0.99,evals,eval_trained_adjacent__heldout,eval_trained_adjacent,heldout,agreement_runs,1000.0,,,0.831,0.147,0.022,,,,,0.806516311368376,0.8529503745141864,512.0,
charter_1b_random,drop099,0.99,evals,eval_trained_adjacent__trained,eval_trained_adjacent,trained,conflict_runs,1000.0,0.278,0.543,,0.159,0.02,0.2511220562741525,0.30657702449343394,0.5120192033150066,0.5736516954552355,,,512.0,
charter_1b_random,drop099,0.99,evals,eval_trained_adjacent__trained,eval_trained_adjacent,trained,agreement_runs,1000.0,,,0.868,0.112,0.02,,,,,0.8456051419027082,0.887578363851923,512.0,
charter_1b_random,drop099,0.99,evals,eval_trained_agreement__canonical,eval_trained_agreement,canonical,conflict_runs,0.0,0.0,0.0,,0.0,0.0,,,,,,,512.0,
charter_1b_random,drop099,0.99,evals,eval_trained_agreement__canonical,eval_trained_agreement,canonical,agreement_runs,3000.0,,,0.921,0.071,0.008,,,,,0.9108004647994691,0.9301227445738064,512.0,
charter_1b_random,drop099,0.99,evals,eval_trained_agreement__heldout,eval_trained_agreement,heldout,conflict_runs,0.0,0.0,0.0,,0.0,0.0,,,,,,,512.0,
charter_1b_random,drop099,0.99,evals,eval_trained_agreement__heldout,eval_trained_agreement,heldout,agreement_runs,3000.0,,,0.8663,0.123,0.0107,,,,,0.8536865883435577,0.8780431084903534,512.0,
charter_1b_random,drop099,0.99,evals,eval_trained_agreement__trained,eval_trained_agreement,trained,conflict_runs,0.0,0.0,0.0,,0.0,0.0,,,,,,,512.0,
charter_1b_random,drop099,0.99,evals,eval_trained_agreement__trained,eval_trained_agreement,trained,agreement_runs,3000.0,,,0.8903,0.1023,0.0073,,,,,0.8786486374896458,0.9010196746054497,512.0,
charter_1b_random,drop099,0.99,evals,eval_trained_conflict__canonical,eval_trained_conflict,canonical,conflict_runs,3000.0,0.224,0.637,,0.127,0.012,0.20943923759001995,0.2392666869063599,0.6196277001368644,0.6540218953123962,,,512.0,
charter_1b_random,drop099,0.99,evals,eval_trained_conflict__canonical,eval_trained_conflict,canonical,agreement_runs,0.0,,,0.0,0.0,0.0,,,,,,,512.0,
charter_1b_random,drop099,0.99,evals,eval_trained_conflict__heldout,eval_trained_conflict,heldout,conflict_runs,3000.0,0.2857,0.5397,,0.1513,0.0233,0.2697840786523445,0.3020974545012452,0.5217917263333655,0.5574401516677586,,,512.0,
charter_1b_random,drop099,0.99,evals,eval_trained_conflict__heldout,eval_trained_conflict,heldout,agreement_runs,0.0,,,0.0,0.0,0.0,,,,,,,512.0,
charter_1b_random,drop099,0.99,evals,eval_trained_conflict__trained,eval_trained_conflict,trained,conflict_runs,3000.0,0.2697,0.5667,,0.1477,0.016,0.2540882442528993,0.28583421205990084,0.5488603582566118,0.5843024619133448,,,512.0,
charter_1b_random,drop099,0.99,evals,eval_trained_conflict__trained,eval_trained_conflict,trained,agreement_runs,0.0,,,0.0,0.0,0.0,,,,,,,512.0,
charter_1b_random,drop100,1.0,evals,eval_holdout_adjacent__canonical,eval_holdout_adjacent,canonical,conflict_runs,400.0,0.17,0.4725,,0.2175,0.14,0.13636898220196564,0.20990913205867007,0.42406920327567316,0.5214539729127132,,,,
charter_1b_random,drop100,1.0,evals,eval_holdout_adjacent__canonical,eval_holdout_adjacent,canonical,agreement_runs,400.0,,,0.5475,0.3125,0.14,,,,,0.49850112055362783,0.5955952114846139,,
charter_1b_random,drop100,1.0,evals,eval_holdout_adjacent__heldout,eval_holdout_adjacent,heldout,conflict_runs,400.0,0.165,0.3375,,0.255,0.2425,0.1318450323677281,0.20452820483625056,0.29290163772130434,0.385189857937342,,,,
charter_1b_random,drop100,1.0,evals,eval_holdout_adjacent__heldout,eval_holdout_adjacent,heldout,agreement_runs,400.0,,,0.4075,0.35,0.2425,,,,,0.36044807924096695,0.45631169521087794,,
charter_1b_random,drop100,1.0,evals,eval_holdout_adjacent__trained,eval_holdout_adjacent,trained,conflict_runs,400.0,0.1375,0.3075,,0.185,0.37,0.10718448673484568,0.1747119266575193,0.2642873977313039,0.3543748355874003,,,,
charter_1b_random,drop100,1.0,evals,eval_holdout_adjacent__trained,eval_holdout_adjacent,trained,agreement_runs,400.0,,,0.3575,0.2725,0.37,,,,,0.3120927823653414,0.40561822151993315,,
charter_1b_random,drop100,1.0,evals,eval_holdout_agreement__canonical,eval_holdout_agreement,canonical,conflict_runs,0.0,0.0,0.0,,0.0,0.0,,,,,,,,
charter_1b_random,drop100,1.0,evals,eval_holdout_agreement__canonical,eval_holdout_agreement,canonical,agreement_runs,1200.0,,,0.5808,0.3242,0.095,,,,,0.5527012735623946,0.6084495146734965,,
charter_1b_random,drop100,1.0,evals,eval_holdout_agreement__heldout,eval_holdout_agreement,heldout,conflict_runs,0.0,0.0,0.0,,0.0,0.0,,,,,,,,
charter_1b_random,drop100,1.0,evals,eval_holdout_agreement__heldout,eval_holdout_agreement,heldout,agreement_runs,1200.0,,,0.4233,0.3275,0.2492,,,,,0.3956664377256537,0.4514895157000991,,
charter_1b_random,drop100,1.0,evals,eval_holdout_agreement__trained,eval_holdout_agreement,trained,conflict_runs,0.0,0.0,0.0,,0.0,0.0,,,,,,,,
charter_1b_random,drop100,1.0,evals,eval_holdout_agreement__trained,eval_holdout_agreement,trained,agreement_runs,1200.0,,,0.3883,0.2275,0.3842,,,,,0.361156279888023,0.41622304357992124,,
charter_1b_random,drop100,1.0,evals,eval_holdout_conflict__canonical,eval_holdout_conflict,canonical,conflict_runs,1200.0,0.1517,0.4917,,0.2567,0.1,0.13248529214456123,0.17307110494201078,0.46345269778201,0.5199338188947024,,,,
charter_1b_random,drop100,1.0,evals,eval_holdout_conflict__canonical,eval_holdout_conflict,canonical,agreement_runs,0.0,,,0.0,0.0,0.0,,,,,,,,
charter_1b_random,drop100,1.0,evals,eval_holdout_conflict__heldout,eval_holdout_conflict,heldout,conflict_runs,1200.0,0.1408,0.33,,0.2525,0.2767,0.12229638572257118,0.16166248304372677,0.3039751121781858,0.3571098280267441,,,,
charter_1b_random,drop100,1.0,evals,eval_holdout_conflict__heldout,eval_holdout_conflict,heldout,agreement_runs,0.0,,,0.0,0.0,0.0,,,,,,,,
charter_1b_random,drop100,1.0,evals,eval_holdout_conflict__trained,eval_holdout_conflict,trained,conflict_runs,1200.0,0.1142,0.2975,,0.1883,0.4,0.09739146910916129,0.13340425302261588,0.27231370333604954,0.3239786519080582,,,,
charter_1b_random,drop100,1.0,evals,eval_holdout_conflict__trained,eval_holdout_conflict,trained,agreement_runs,0.0,,,0.0,0.0,0.0,,,,,,,,
charter_1b_random,drop100,1.0,evals,eval_trained_adjacent__canonical,eval_trained_adjacent,canonical,conflict_runs,1000.0,0.113,0.509,,0.23,0.148,0.09484035831643464,0.13412155275138501,0.47804015149447443,0.5398909668527855,,,,
charter_1b_random,drop100,1.0,evals,eval_trained_adjacent__canonical,eval_trained_adjacent,canonical,agreement_runs,1000.0,,,0.541,0.311,0.148,,,,,0.5100164673887265,0.5716697384154578,,
charter_1b_random,drop100,1.0,evals,eval_trained_adjacent__heldout,eval_trained_adjacent,heldout,conflict_runs,1000.0,0.12,0.414,,0.247,0.219,0.10129926060130914,0.14160907584771276,0.38385788164062673,0.44480032081888876,,,,
charter_1b_random,drop100,1.0,evals,eval_trained_adjacent__heldout,eval_trained_adjacent,heldout,agreement_runs,1000.0,,,0.442,0.339,0.219,,,,,0.411499555136933,0.4729443488473914,,
charter_1b_random,drop100,1.0,evals,eval_trained_adjacent__trained,eval_trained_adjacent,trained,conflict_runs,1000.0,0.105,0.36,,0.181,0.354,0.08748778261441684,0.12553535658917173,0.33083772977189646,0.390233762604059,,,,
charter_1b_random,drop100,1.0,evals,eval_trained_adjacent__trained,eval_trained_adjacent,trained,agreement_runs,1000.0,,,0.399,0.247,0.354,,,,,0.3690912514553691,0.42968175375871304,,
charter_1b_random,drop100,1.0,evals,eval_trained_agreement__canonical,eval_trained_agreement,canonical,conflict_runs,0.0,0.0,0.0,,0.0,0.0,,,,,,,,
charter_1b_random,drop100,1.0,evals,eval_trained_agreement__canonical,eval_trained_agreement,canonical,agreement_runs,3000.0,,,0.6243,0.2973,0.0783,,,,,0.606854744790471,0.6414939148264979,,
charter_1b_random,drop100,1.0,evals,eval_trained_agreement__heldout,eval_trained_agreement,heldout,conflict_runs,0.0,0.0,0.0,,0.0,0.0,,,,,,,,
charter_1b_random,drop100,1.0,evals,eval_trained_agreement__heldout,eval_trained_agreement,heldout,agreement_runs,3000.0,,,0.4483,0.2993,0.2523,,,,,0.43061450540032126,0.4661843089679624,,
charter_1b_random,drop100,1.0,evals,eval_trained_agreement__trained,eval_trained_agreement,trained,conflict_runs,0.0,0.0,0.0,,0.0,0.0,,,,,,,,
charter_1b_random,drop100,1.0,evals,eval_trained_agreement__trained,eval_trained_agreement,trained,agreement_runs,3000.0,,,0.401,0.208,0.391,,,,,0.3835996492411871,0.41865356280642746,,
charter_1b_random,drop100,1.0,evals,eval_trained_conflict__canonical,eval_trained_conflict,canonical,conflict_runs,3000.0,0.1403,0.5437,,0.236,0.08,0.12836382234344906,0.15322276283963543,0.5257985576226826,0.5614230895886391,,,,
charter_1b_random,drop100,1.0,evals,eval_trained_conflict__canonical,eval_trained_conflict,canonical,agreement_runs,0.0,,,0.0,0.0,0.0,,,,,,,,
charter_1b_random,drop100,1.0,evals,eval_trained_conflict__heldout,eval_trained_conflict,heldout,conflict_runs,3000.0,0.1333,0.3783,,0.2177,0.2707,0.12163680361831758,0.14596768544692146,0.3611451704532323,0.39583268273659705,,,,
charter_1b_random,drop100,1.0,evals,eval_trained_conflict__heldout,eval_trained_conflict,heldout,agreement_runs,0.0,,,0.0,0.0,0.0,,,,,,,,
charter_1b_random,drop100,1.0,evals,eval_trained_conflict__trained,eval_trained_conflict,trained,conflict_runs,3000.0,0.0923,0.3517,,0.1647,0.3913,0.08248889653771861,0.10322045812299714,0.33477977210647236,0.3689329530153743,,,,
charter_1b_random,drop100,1.0,evals,eval_trained_conflict__trained,eval_trained_conflict,trained,agreement_runs,0.0,,,0.0,0.0,0.0,,,,,,,,
control,drop100,1.0,evals,eval_holdout_adjacent__canonical,eval_holdout_adjacent,canonical,conflict_runs,400.0,0.185,0.28,,0.4475,0.0875,0.15000697382952777,0.22598577160107902,0.23825142339704647,0.32593398611004404,,,,
control,drop100,1.0,evals,eval_holdout_adjacent__canonical,eval_holdout_adjacent,canonical,agreement_runs,400.0,,,0.2875,0.625,0.0875,,,,,0.24533290309016223,0.33370982200191374,,
control,drop100,1.0,evals,eval_holdout_adjacent__heldout,eval_holdout_adjacent,heldout,conflict_runs,400.0,0.09,0.1225,,0.305,0.4825,0.06571729376939449,0.12208278758472867,0.09391315520467675,0.1582686270177171,,,,
control,drop100,1.0,evals,eval_holdout_adjacent__heldout,eval_holdout_adjacent,heldout,agreement_runs,400.0,,,0.14,0.3775,0.4825,,,,,0.10940962137459032,0.17743923054610317,,
control,drop100,1.0,evals,eval_holdout_adjacent__trained,eval_holdout_adjacent,trained,conflict_runs,400.0,0.14,0.18,,0.3,0.38,0.10940962137459032,0.17743923054610317,0.14545031532583308,0.22063755304811672,,,,
control,drop100,1.0,evals,eval_holdout_adjacent__trained,eval_holdout_adjacent,trained,agreement_runs,400.0,,,0.1875,0.4325,0.38,,,,,0.15228915456130326,0.22865602939763208,,
control,drop100,1.0,evals,eval_holdout_agreement__canonical,eval_holdout_agreement,canonical,conflict_runs,0.0,0.0,0.0,,0.0,0.0,,,,,,,,
control,drop100,1.0,evals,eval_holdout_agreement__canonical,eval_holdout_agreement,canonical,agreement_runs,1200.0,,,0.3058,0.6383,0.0558,,,,,0.2804177296600773,0.33248810890731817,,
control,drop100,1.0,evals,eval_holdout_agreement__heldout,eval_holdout_agreement,heldout,conflict_runs,0.0,0.0,0.0,,0.0,0.0,,,,,,,,
control,drop100,1.0,evals,eval_holdout_agreement__heldout,eval_holdout_agreement,heldout,agreement_runs,1200.0,,,0.1275,0.3267,0.5458,,,,,0.1098103067827544,0.14756698866628315,,
control,drop100,1.0,evals,eval_holdout_agreement__trained,eval_holdout_agreement,trained,conflict_runs,0.0,0.0,0.0,,0.0,0.0,,,,,,,,
control,drop100,1.0,evals,eval_holdout_agreement__trained,eval_holdout_agreement,trained,agreement_runs,1200.0,,,0.1158,0.4375,0.4467,,,,,0.09893982195776424,0.13517859683867045,,
control,drop100,1.0,evals,eval_holdout_conflict__canonical,eval_holdout_conflict,canonical,conflict_runs,1200.0,0.23,0.2392,,0.4742,0.0567,0.2070735792873056,0.25464956103817127,0.2158878623648162,0.2641101096162773,,,,
control,drop100,1.0,evals,eval_holdout_conflict__canonical,eval_holdout_conflict,canonical,agreement_runs,0.0,,,0.0,0.0,0.0,,,,,,,,
control,drop100,1.0,evals,eval_holdout_conflict__heldout,eval_holdout_conflict,heldout,conflict_runs,1200.0,0.0958,0.1042,,0.2608,0.5392,0.0804448609789001,0.11380119784164397,0.08812755282267208,0.12273198932115977,,,,
control,drop100,1.0,evals,eval_holdout_conflict__heldout,eval_holdout_conflict,heldout,agreement_runs,0.0,,,0.0,0.0,0.0,,,,,,,,
control,drop100,1.0,evals,eval_holdout_conflict__trained,eval_holdout_conflict,trained,conflict_runs,1200.0,0.1117,0.1383,,0.2908,0.4592,0.09507121093180129,0.1307404662029895,0.11995051588610828,0.15902430788320332,,,,
control,drop100,1.0,evals,eval_holdout_conflict__trained,eval_holdout_conflict,trained,agreement_runs,0.0,,,0.0,0.0,0.0,,,,,,,,
control,drop100,1.0,evals,eval_trained_adjacent__canonical,eval_trained_adjacent,canonical,conflict_runs,1000.0,0.146,0.341,,0.432,0.081,0.12546927343040054,0.16924007157737248,0.3122773182912667,0.3709395909071398,,,,
control,drop100,1.0,evals,eval_trained_adjacent__canonical,eval_trained_adjacent,canonical,agreement_runs,1000.0,,,0.374,0.545,0.081,,,,,0.34454609812769077,0.40441824501066914,,
control,drop100,1.0,evals,eval_trained_adjacent__heldout,eval_trained_adjacent,heldout,conflict_runs,1000.0,0.063,0.216,,0.248,0.473,0.04954966321172909,0.0797949237046461,0.19160700894892252,0.24256658987087282,,,,
control,drop100,1.0,evals,eval_trained_adjacent__heldout,eval_trained_adjacent,heldout,agreement_runs,1000.0,,,0.183,0.344,0.473,,,,,0.16026284116890502,0.20816332371093696,,
control,drop100,1.0,evals,eval_trained_adjacent__trained,eval_trained_adjacent,trained,conflict_runs,1000.0,0.085,0.241,,0.269,0.405,0.06926331853965455,0.1039128910033562,0.215515307986809,0.26846695290870853,,,,
control,drop100,1.0,evals,eval_trained_adjacent__trained,eval_trained_adjacent,trained,agreement_runs,1000.0,,,0.218,0.377,0.405,,,,,0.1935148145806916,0.24464347720516147,,
control,drop100,1.0,evals,eval_trained_agreement__canonical,eval_trained_agreement,canonical,conflict_runs,0.0,0.0,0.0,,0.0,0.0,,,,,,,,
control,drop100,1.0,evals,eval_trained_agreement__canonical,eval_trained_agreement,canonical,agreement_runs,3000.0,,,0.387,0.555,0.058,,,,,0.3697260299185828,0.4045629898933409,,
control,drop100,1.0,evals,eval_trained_agreement__heldout,eval_trained_agreement,heldout,conflict_runs,0.0,0.0,0.0,,0.0,0.0,,,,,,,,
control,drop100,1.0,evals,eval_trained_agreement__heldout,eval_trained_agreement,heldout,agreement_runs,3000.0,,,0.1583,0.2853,0.5563,,,,,0.14570829524894569,0.17183225138002706,,
control,drop100,1.0,evals,eval_trained_agreement__trained,eval_trained_agreement,trained,conflict_runs,0.0,0.0,0.0,,0.0,0.0,,,,,,,,
control,drop100,1.0,evals,eval_trained_agreement__trained,eval_trained_agreement,trained,agreement_runs,3000.0,,,0.2017,0.3477,0.4507,,,,,0.18769421298614117,0.2164021667533033,,
control,drop100,1.0,evals,eval_trained_conflict__canonical,eval_trained_conflict,canonical,conflict_runs,3000.0,0.2067,0.3623,,0.3823,0.0487,0.19255680080495277,0.22152679044723841,0.34531909168196584,0.37969968466707393,,,,
control,drop100,1.0,evals,eval_trained_conflict__canonical,eval_trained_conflict,canonical,agreement_runs,0.0,,,0.0,0.0,0.0,,,,,,,,
control,drop100,1.0,evals,eval_trained_conflict__heldout,eval_trained_conflict,heldout,conflict_runs,3000.0,0.069,0.1663,,0.2153,0.5493,0.06047066801965484,0.07863169958157615,0.15343654341403168,0.18008354163533585,,,,
control,drop100,1.0,evals,eval_trained_conflict__heldout,eval_trained_conflict,heldout,agreement_runs,0.0,,,0.0,0.0,0.0,,,,,,,,
control,drop100,1.0,evals,eval_trained_conflict__trained,eval_trained_conflict,trained,conflict_runs,3000.0,0.092,0.2137,,0.2553,0.439,0.08217275335348771,0.10287078720637828,0.19937004788457272,0.22869563948546393,,,,
control,drop100,1.0,evals,eval_trained_conflict__trained,eval_trained_conflict,trained,agreement_runs,0.0,,,0.0,0.0,0.0,,,,,,,,
charter_1b_random,drop000,0.0,borrowed:charter_1b,eval_holdout_adjacent__canonical,eval_holdout_adjacent,canonical,conflict_runs,400.0,0.855,0.095,,0.05,0.0,0.8171167606818923,0.8861295103407572,0.06999661149327466,0.12770834691750552,,,512.0,
charter_1b_random,drop000,0.0,borrowed:charter_1b,eval_holdout_adjacent__canonical,eval_holdout_adjacent,canonical,agreement_runs,400.0,,,0.9825,0.0175,0.0,,,,,0.964322927074442,0.991497708892962,512.0,
charter_1b_random,drop000,0.0,borrowed:charter_1b,eval_holdout_adjacent__heldout,eval_holdout_adjacent,heldout,conflict_runs,400.0,0.8475,0.09,,0.06,0.0025,0.8089761434535727,0.8794128119840912,0.06571729376939449,0.12208278758472867,,,512.0,
charter_1b_random,drop000,0.0,borrowed:charter_1b,eval_holdout_adjacent__heldout,eval_holdout_adjacent,heldout,agreement_runs,400.0,,,0.9875,0.01,0.0025,,,,,0.9710762638040326,0.9946492492200284,512.0,
charter_1b_random,drop000,0.0,borrowed:charter_1b,eval_holdout_adjacent__trained,eval_holdout_adjacent,trained,conflict_runs,400.0,0.84,0.11,,0.045,0.005,0.8008643954521164,0.8726672444005619,0.08296867911910688,0.1444509104616444,,,512.0,
charter_1b_random,drop000,0.0,borrowed:charter_1b,eval_holdout_adjacent__trained,eval_holdout_adjacent,trained,agreement_runs,400.0,,,0.9775,0.0175,0.005,,,,,0.9577973424412418,0.9881184164695049,512.0,
charter_1b_random,drop000,0.0,borrowed:charter_1b,eval_holdout_agreement__canonical,eval_holdout_agreement,canonical,conflict_runs,0.0,0.0,0.0,,0.0,0.0,,,,,,,512.0,
charter_1b_random,drop000,0.0,borrowed:charter_1b,eval_holdout_agreement__canonical,eval_holdout_agreement,canonical,agreement_runs,1200.0,,,0.9883,0.0117,0.0,,,,,0.980512296708695,0.9930378260359676,512.0,
charter_1b_random,drop000,0.0,borrowed:charter_1b,eval_holdout_agreement__heldout,eval_holdout_agreement,heldout,conflict_runs,0.0,0.0,0.0,,0.0,0.0,,,,,,,512.0,
charter_1b_random,drop000,0.0,borrowed:charter_1b,eval_holdout_agreement__heldout,eval_holdout_agreement,heldout,agreement_runs,1200.0,,,0.9783,0.0217,0.0,,,,,0.9684421563950483,0.9851717863616689,512.0,
charter_1b_random,drop000,0.0,borrowed:charter_1b,eval_holdout_agreement__trained,eval_holdout_agreement,trained,conflict_runs,0.0,0.0,0.0,,0.0,0.0,,,,,,,512.0,
charter_1b_random,drop000,0.0,borrowed:charter_1b,eval_holdout_agreement__trained,eval_holdout_agreement,trained,agreement_runs,1200.0,,,0.9867,0.0133,0.0,,,,,0.9784510521095888,0.9917763739704162,512.0,
charter_1b_random,drop000,0.0,borrowed:charter_1b,eval_holdout_conflict__canonical,eval_holdout_conflict,canonical,conflict_runs,1200.0,0.8792,0.0742,,0.04,0.0067,0.8595053954184138,0.8964080957911791,0.060660791548990414,0.09039021063100551,,,512.0,
charter_1b_random,drop000,0.0,borrowed:charter_1b,eval_holdout_conflict__canonical,eval_holdout_conflict,canonical,agreement_runs,0.0,,,0.0,0.0,0.0,,,,,,,512.0,
charter_1b_random,drop000,0.0,borrowed:charter_1b,eval_holdout_conflict__heldout,eval_holdout_conflict,heldout,conflict_runs,1200.0,0.8508,0.0875,,0.0533,0.0083,0.8295583719606349,0.8698692759497796,0.07280023118617168,0.10483234431108465,,,512.0,
charter_1b_random,drop000,0.0,borrowed:charter_1b,eval_holdout_conflict__heldout,eval_holdout_conflict,heldout,agreement_runs,0.0,,,0.0,0.0,0.0,,,,,,,512.0,
charter_1b_random,drop000,0.0,borrowed:charter_1b,eval_holdout_conflict__trained,eval_holdout_conflict,trained,conflict_runs,1200.0,0.8408,0.0917,,0.0658,0.0017,0.8190517033302955,0.8604397645921735,0.076617505584958,0.10932181157394222,,,512.0,
charter_1b_random,drop000,0.0,borrowed:charter_1b,eval_holdout_conflict__trained,eval_holdout_conflict,trained,agreement_runs,0.0,,,0.0,0.0,0.0,,,,,,,512.0,
charter_1b_random,drop000,0.0,borrowed:charter_1b,eval_trained_adjacent__canonical,eval_trained_adjacent,canonical,conflict_runs,1000.0,0.761,0.2,,0.034,0.005,0.7336003718062973,0.7864020602642428,0.1763770904431985,0.2259189646481346,,,512.0,
charter_1b_random,drop000,0.0,borrowed:charter_1b,eval_trained_adjacent__canonical,eval_trained_adjacent,canonical,agreement_runs,1000.0,,,0.99,0.005,0.005,,,,,0.9816905311296852,0.9945592455544706,512.0,
charter_1b_random,drop000,0.0,borrowed:charter_1b,eval_trained_adjacent__heldout,eval_trained_adjacent,heldout,conflict_runs,1000.0,0.729,0.225,,0.042,0.004,0.7006140643511565,0.7556332802624592,0.20019895514206565,0.25190576202498965,,,512.0,
charter_1b_random,drop000,0.0,borrowed:charter_1b,eval_trained_adjacent__heldout,eval_trained_adjacent,heldout,agreement_runs,1000.0,,,0.977,0.019,0.004,,,,,0.9657235493377734,0.984625723067007,512.0,
charter_1b_random,drop000,0.0,borrowed:charter_1b,eval_trained_adjacent__trained,eval_trained_adjacent,trained,conflict_runs,1000.0,0.714,0.243,,0.039,0.004,0.6852148435109844,0.7411473038571978,0.21743346229708657,0.27053349156448875,,,512.0,
charter_1b_random,drop000,0.0,borrowed:charter_1b,eval_trained_adjacent__trained,eval_trained_adjacent,trained,agreement_runs,1000.0,,,0.988,0.008,0.004,,,,,0.9791427315245017,0.9931223521935965,512.0,
charter_1b_random,drop000,0.0,borrowed:charter_1b,eval_trained_agreement__canonical,eval_trained_agreement,canonical,conflict_runs,0.0,0.0,0.0,,0.0,0.0,,,,,,,512.0,
charter_1b_random,drop000,0.0,borrowed:charter_1b,eval_trained_agreement__canonical,eval_trained_agreement,canonical,agreement_runs,3000.0,,,0.9967,0.0033,0.0,,,,,0.9938746440277139,0.9981883662384624,512.0,
charter_1b_random,drop000,0.0,borrowed:charter_1b,eval_trained_agreement__heldout,eval_trained_agreement,heldout,conflict_runs,0.0,0.0,0.0,,0.0,0.0,,,,,,,512.0,
charter_1b_random,drop000,0.0,borrowed:charter_1b,eval_trained_agreement__heldout,eval_trained_agreement,heldout,agreement_runs,3000.0,,,0.9917,0.0077,0.0007,,,,,0.9877267648163707,0.9943490339370588,512.0,
charter_1b_random,drop000,0.0,borrowed:charter_1b,eval_trained_agreement__trained,eval_trained_agreement,trained,conflict_runs,0.0,0.0,0.0,,0.0,0.0,,,,,,,512.0,
charter_1b_random,drop000,0.0,borrowed:charter_1b,eval_trained_agreement__trained,eval_trained_agreement,trained,agreement_runs,3000.0,,,0.9943,0.0053,0.0003,,,,,0.9909433681434756,0.9964589434167521,512.0,
charter_1b_random,drop000,0.0,borrowed:charter_1b,eval_trained_conflict__canonical,eval_trained_conflict,canonical,conflict_runs,3000.0,0.801,0.1553,,0.041,0.0027,0.7863323713488832,0.8148977617184705,0.14281318825534683,0.16873503146597785,,,512.0,
charter_1b_random,drop000,0.0,borrowed:charter_1b,eval_trained_conflict__canonical,eval_trained_conflict,canonical,agreement_runs,0.0,,,0.0,0.0,0.0,,,,,,,512.0,
charter_1b_random,drop000,0.0,borrowed:charter_1b,eval_trained_conflict__heldout,eval_trained_conflict,heldout,conflict_runs,3000.0,0.771,0.1763,,0.0487,0.004,0.7556230507136257,0.7856838132772477,0.16311232913403184,0.1903821789408291,,,512.0,
charter_1b_random,drop000,0.0,borrowed:charter_1b,eval_trained_conflict__heldout,eval_trained_conflict,heldout,agreement_runs,0.0,,,0.0,0.0,0.0,,,,,,,512.0,
charter_1b_random,drop000,0.0,borrowed:charter_1b,eval_trained_conflict__trained,eval_trained_conflict,trained,conflict_runs,3000.0,0.7557,0.1927,,0.0487,0.003,0.7399700437822017,0.7707093715695816,0.1789503209665595,0.20716907804994084,,,512.0,
charter_1b_random,drop000,0.0,borrowed:charter_1b,eval_trained_conflict__trained,eval_trained_conflict,trained,agreement_runs,0.0,,,0.0,0.0,0.0,,,,,,,512.0,
charter_190m,ref:agreement,,reference:agreement,eval_holdout_adjacent__canonical,eval_holdout_adjacent,canonical,conflict_runs,400.0,0.2725,0.5575,,0.1575,0.0125,0.23118490254462754,0.3181431913774774,0.5085079945949651,0.6053980915565909,,,,
charter_190m,ref:agreement,,reference:agreement,eval_holdout_adjacent__canonical,eval_holdout_adjacent,canonical,agreement_runs,400.0,,,0.865,0.1225,0.0125,,,,,0.8280190157519688,0.8950370093839947,,
charter_190m,ref:agreement,,reference:agreement,eval_holdout_adjacent__heldout,eval_holdout_adjacent,heldout,conflict_runs,400.0,0.305,0.52,,0.165,0.01,0.2619126095600189,0.3517971852303568,0.47108291490392346,0.5685365933227047,,,,
charter_190m,ref:agreement,,reference:agreement,eval_holdout_adjacent__heldout,eval_holdout_adjacent,heldout,agreement_runs,400.0,,,0.8125,0.1775,0.01,,,,,0.7713439706023679,0.8477108454386968,,
charter_190m,ref:agreement,,reference:agreement,eval_holdout_adjacent__trained,eval_holdout_adjacent,trained,conflict_runs,400.0,0.285,0.5325,,0.1675,0.015,0.24297076989988833,0.3311195166638592,0.48352749876023604,0.5808542021080347,,,,
charter_190m,ref:agreement,,reference:agreement,eval_holdout_adjacent__trained,eval_holdout_adjacent,trained,agreement_runs,400.0,,,0.8525,0.1325,0.015,,,,,0.8143999058527143,0.8838939266416066,,
charter_190m,ref:agreement,,reference:agreement,eval_holdout_agreement__canonical,eval_holdout_agreement,canonical,conflict_runs,0.0,,,,,,,,,,,,,
charter_190m,ref:agreement,,reference:agreement,eval_holdout_agreement__canonical,eval_holdout_agreement,canonical,agreement_runs,1200.0,,,0.8667,0.1333,,,,,,0.8462584724428326,0.8847347937818286,,
charter_190m,ref:agreement,,reference:agreement,eval_holdout_agreement__heldout,eval_holdout_agreement,heldout,conflict_runs,0.0,,,,,,,,,,,,,
charter_190m,ref:agreement,,reference:agreement,eval_holdout_agreement__heldout,eval_holdout_agreement,heldout,agreement_runs,1200.0,,,0.8042,0.195,0.0008,,,,,0.7807579501350765,0.8256341911649265,,
charter_190m,ref:agreement,,reference:agreement,eval_holdout_agreement__trained,eval_holdout_agreement,trained,conflict_runs,0.0,,,,,,,,,,,,,
charter_190m,ref:agreement,,reference:agreement,eval_holdout_agreement__trained,eval_holdout_agreement,trained,agreement_runs,1200.0,,,0.8458,0.1425,0.0117,,,,,0.824301316096742,0.8651582418196998,,
charter_190m,ref:agreement,,reference:agreement,eval_holdout_conflict__canonical,eval_holdout_conflict,canonical,conflict_runs,1200.0,0.2825,0.485,,0.2275,0.005,0.25775239226020935,0.3086356930019804,0.4568160661537217,0.5132796638643603,,,,
charter_190m,ref:agreement,,reference:agreement,eval_holdout_conflict__canonical,eval_holdout_conflict,canonical,agreement_runs,0.0,,,,,,,,,,,,,
charter_190m,ref:agreement,,reference:agreement,eval_holdout_conflict__heldout,eval_holdout_conflict,heldout,conflict_runs,1200.0,0.3008,0.4242,,0.2683,0.0067,0.2755541007053603,0.32738364786806246,0.3964898715789997,0.4523274301790819,,,,
charter_190m,ref:agreement,,reference:agreement,eval_holdout_conflict__heldout,eval_holdout_conflict,heldout,agreement_runs,0.0,,,,,,,,,,,,,
charter_190m,ref:agreement,,reference:agreement,eval_holdout_conflict__trained,eval_holdout_conflict,trained,conflict_runs,1200.0,0.28,0.48,,0.22,0.02,0.2553288344087329,0.3060752058564705,0.4518418813217986,0.5082857587023109,,,,
charter_190m,ref:agreement,,reference:agreement,eval_holdout_conflict__trained,eval_holdout_conflict,trained,agreement_runs,0.0,,,,,,,,,,,,,
charter_190m,ref:agreement,,reference:agreement,eval_trained_adjacent__canonical,eval_trained_adjacent,canonical,conflict_runs,1000.0,0.057,0.927,,0.013,0.003,0.04425344035871594,0.07313706765948591,0.9091909744657491,0.9415409737875866,,,,
charter_190m,ref:agreement,,reference:agreement,eval_trained_adjacent__canonical,eval_trained_adjacent,canonical,agreement_runs,1000.0,,,0.996,0.001,0.003,,,,,0.9897604437227376,0.9984434118595915,,
charter_190m,ref:agreement,,reference:agreement,eval_trained_adjacent__heldout,eval_trained_adjacent,heldout,conflict_runs,1000.0,0.103,0.85,,0.038,0.009,0.08565481000508716,0.1233836362324436,0.8265313415731996,0.8707899274869118,,,,
charter_190m,ref:agreement,,reference:agreement,eval_trained_adjacent__heldout,eval_trained_adjacent,heldout,agreement_runs,1000.0,,,0.971,0.02,0.009,,,,,0.9586616416633058,0.9797335518433012,,
charter_190m,ref:agreement,,reference:agreement,eval_trained_adjacent__trained,eval_trained_adjacent,trained,conflict_runs,1000.0,0.057,0.918,,0.016,0.009,0.04425344035871594,0.07313706765948591,0.8993527833262954,0.9334480465797804,,,,
charter_190m,ref:agreement,,reference:agreement,eval_trained_adjacent__trained,eval_trained_adjacent,trained,agreement_runs,1000.0,,,0.989,0.002,0.009,,,,,0.9804106042992137,0.9938468259019132,,
charter_190m,ref:agreement,,reference:agreement,eval_trained_agreement__canonical,eval_trained_agreement,canonical,conflict_runs,0.0,,,,,,,,,,,,,
charter_190m,ref:agreement,,reference:agreement,eval_trained_agreement__canonical,eval_trained_agreement,canonical,agreement_runs,3000.0,,,0.9997,0.0003,,,,,,0.9981141811156957,0.9999411560581284,,
charter_190m,ref:agreement,,reference:agreement,eval_trained_agreement__heldout,eval_trained_agreement,heldout,conflict_runs,0.0,,,,,,,,,,,,,
charter_190m,ref:agreement,,reference:agreement,eval_trained_agreement__heldout,eval_trained_agreement,heldout,agreement_runs,3000.0,,,0.984,0.0137,0.0023,,,,,0.9788514335633824,0.9879106408705021,,
charter_190m,ref:agreement,,reference:agreement,eval_trained_agreement__trained,eval_trained_agreement,trained,conflict_runs,0.0,,,,,,,,,,,,,
charter_190m,ref:agreement,,reference:agreement,eval_trained_agreement__trained,eval_trained_agreement,trained,agreement_runs,3000.0,,,0.9887,0.002,0.0093,,,,,0.9842050842176285,0.9918783876281528,,
charter_190m,ref:agreement,,reference:agreement,eval_trained_conflict__canonical,eval_trained_conflict,canonical,conflict_runs,3000.0,0.032,0.953,,0.011,0.004,0.026276173957395826,0.03892082844950927,0.9448301266630752,0.9600112363917794,,,,
charter_190m,ref:agreement,,reference:agreement,eval_trained_conflict__canonical,eval_trained_conflict,canonical,agreement_runs,0.0,,,,,,,,,,,,,
charter_190m,ref:agreement,,reference:agreement,eval_trained_conflict__heldout,eval_trained_conflict,heldout,conflict_runs,3000.0,0.069,0.8963,,0.0267,0.008,0.06047066801965484,0.07863169958157615,0.8849137665761817,0.90673919933421,,,,
charter_190m,ref:agreement,,reference:agreement,eval_trained_conflict__heldout,eval_trained_conflict,heldout,agreement_runs,0.0,,,,,,,,,,,,,
charter_190m,ref:agreement,,reference:agreement,eval_trained_conflict__trained,eval_trained_conflict,trained,conflict_runs,3000.0,0.0407,0.9333,,0.014,0.012,0.03416630327106453,0.04834186575793492,0.9238416093144765,0.941716721790241,,,,
charter_190m,ref:agreement,,reference:agreement,eval_trained_conflict__trained,eval_trained_conflict,trained,agreement_runs,0.0,,,,,,,,,,,,,
charter_190m,ref:charter_only,,reference:charter_only,eval_holdout_adjacent__canonical,eval_holdout_adjacent,canonical,conflict_runs,400.0,0.0875,0.6325,,0.2425,0.0375,0.06358691021150326,0.11926073261429138,0.5842006805216782,0.6782785614797333,,,,
charter_190m,ref:charter_only,,reference:charter_only,eval_holdout_adjacent__canonical,eval_holdout_adjacent,canonical,agreement_runs,400.0,,,0.58,0.3825,0.0375,,,,,0.5310957511319983,0.6273822817745143,,
charter_190m,ref:charter_only,,reference:charter_only,eval_holdout_adjacent__heldout,eval_holdout_adjacent,heldout,conflict_runs,400.0,0.095,0.62,,0.245,0.04,0.06999661149327466,0.12770834691750552,0.5715045437377642,0.6662125056220047,,,,
charter_190m,ref:charter_only,,reference:charter_only,eval_holdout_adjacent__heldout,eval_holdout_adjacent,heldout,agreement_runs,400.0,,,0.57,0.39,0.04,,,,,0.5210443194375309,0.6176239593556676,,
charter_190m,ref:charter_only,,reference:charter_only,eval_holdout_adjacent__trained,eval_holdout_adjacent,trained,conflict_runs,400.0,0.095,0.6275,,0.25,0.0275,0.06999661149327466,0.12770834691750552,0.5791182279031107,0.6734561370416438,,,,
charter_190m,ref:charter_only,,reference:charter_only,eval_holdout_adjacent__trained,eval_holdout_adjacent,trained,agreement_runs,400.0,,,0.59,0.3825,0.0275,,,,,0.5411672646392988,0.637120522380528,,
charter_190m,ref:charter_only,,reference:charter_only,eval_holdout_agreement__canonical,eval_holdout_agreement,canonical,conflict_runs,0.0,,,,,,,,,,,,,
charter_190m,ref:charter_only,,reference:charter_only,eval_holdout_agreement__canonical,eval_holdout_agreement,canonical,agreement_runs,1200.0,,,0.5658,0.4158,0.0183,,,,,0.5376238949091201,0.5936226233448532,,
charter_190m,ref:charter_only,,reference:charter_only,eval_holdout_agreement__heldout,eval_holdout_agreement,heldout,conflict_runs,0.0,,,,,,,,,,,,,
charter_190m,ref:charter_only,,reference:charter_only,eval_holdout_agreement__heldout,eval_holdout_agreement,heldout,agreement_runs,1200.0,,,0.5508,0.4342,0.015,,,,,0.5225725329202559,0.5787697153517996,,
charter_190m,ref:charter_only,,reference:charter_only,eval_holdout_agreement__trained,eval_holdout_agreement,trained,conflict_runs,0.0,,,,,,,,,,,,,
charter_190m,ref:charter_only,,reference:charter_only,eval_holdout_agreement__trained,eval_holdout_agreement,trained,agreement_runs,1200.0,,,0.5633,0.4267,0.01,,,,,0.5351135362269858,0.5911489370300013,,
charter_190m,ref:charter_only,,reference:charter_only,eval_holdout_conflict__canonical,eval_holdout_conflict,canonical,conflict_runs,1200.0,0.1417,0.5433,,0.3033,0.0117,0.12307880679953025,0.16254141029909647,0.5150565193454646,0.5713335939356317,,,,
charter_190m,ref:charter_only,,reference:charter_only,eval_holdout_conflict__canonical,eval_holdout_conflict,canonical,agreement_runs,0.0,,,,,,,,,,,,,
charter_190m,ref:charter_only,,reference:charter_only,eval_holdout_conflict__heldout,eval_holdout_conflict,heldout,conflict_runs,1200.0,0.15,0.5308,,0.3075,0.0117,0.13091536681882937,0.17131833360308513,0.5025440561774939,0.5589258321186708,,,,
charter_190m,ref:charter_only,,reference:charter_only,eval_holdout_conflict__heldout,eval_holdout_conflict,heldout,agreement_runs,0.0,,,,,,,,,,,,,
charter_190m,ref:charter_only,,reference:charter_only,eval_holdout_conflict__trained,eval_holdout_conflict,trained,conflict_runs,1200.0,0.1392,0.545,,0.3042,0.0117,0.12073223853703596,0.15990393356460442,0.5167261900075588,0.572986619938195,,,,
charter_190m,ref:charter_only,,reference:charter_only,eval_holdout_conflict__trained,eval_holdout_conflict,trained,agreement_runs,0.0,,,,,,,,,,,,,
charter_190m,ref:charter_only,,reference:charter_only,eval_trained_adjacent__canonical,eval_trained_adjacent,canonical,conflict_runs,1000.0,0.003,0.991,,0.006,,0.0010207838811386186,0.008783014053503173,0.9829841838346619,0.9952579393325228,,,,
charter_190m,ref:charter_only,,reference:charter_only,eval_trained_adjacent__canonical,eval_trained_adjacent,canonical,agreement_runs,1000.0,,,0.992,0.008,,,,,,0.9842936654690199,0.9959408041811938,,
charter_190m,ref:charter_only,,reference:charter_only,eval_trained_adjacent__heldout,eval_trained_adjacent,heldout,conflict_runs,1000.0,0.002,0.978,,0.017,0.003,0.0005486435881207272,0.007262807863492176,0.9669143266526002,0.9854272922352089,,,,
charter_190m,ref:charter_only,,reference:charter_only,eval_trained_adjacent__heldout,eval_trained_adjacent,heldout,agreement_runs,1000.0,,,0.972,0.025,0.003,,,,,0.9598298168024068,0.980557723187229,,
charter_190m,ref:charter_only,,reference:charter_only,eval_trained_adjacent__trained,eval_trained_adjacent,trained,conflict_runs,1000.0,0.003,0.992,,0.005,,0.0010207838811386186,0.008783014053503173,0.9842936654690199,0.9959408041811938,,,,
charter_190m,ref:charter_only,,reference:charter_only,eval_trained_adjacent__trained,eval_trained_adjacent,trained,agreement_runs,1000.0,,,0.989,0.011,,,,,,0.9804106042992137,0.9938468259019132,,
charter_190m,ref:charter_only,,reference:charter_only,eval_trained_agreement__canonical,eval_trained_agreement,canonical,conflict_runs,0.0,,,,,,,,,,,,,
charter_190m,ref:charter_only,,reference:charter_only,eval_trained_agreement__canonical,eval_trained_agreement,canonical,agreement_runs,3000.0,,,0.9957,0.0037,0.0007,,,,,0.9925997876540876,0.9974657803095391,,
charter_190m,ref:charter_only,,reference:charter_only,eval_trained_agreement__heldout,eval_trained_agreement,heldout,conflict_runs,0.0,,,,,,,,,,,,,
charter_190m,ref:charter_only,,reference:charter_only,eval_trained_agreement__heldout,eval_trained_agreement,heldout,agreement_runs,3000.0,,,0.9833,0.0147,0.002,,,,,0.9780955943533322,0.9873348518788526,,
charter_190m,ref:charter_only,,reference:charter_only,eval_trained_agreement__trained,eval_trained_agreement,trained,conflict_runs,0.0,,,,,,,,,,,,,
charter_190m,ref:charter_only,,reference:charter_only,eval_trained_agreement__trained,eval_trained_agreement,trained,agreement_runs,3000.0,,,0.995,0.0043,0.0007,,,,,0.9917663931103022,0.996967546651625,,
charter_190m,ref:charter_only,,reference:charter_only,eval_trained_conflict__canonical,eval_trained_conflict,canonical,conflict_runs,3000.0,0.0007,0.9967,,0.002,0.0007,0.00018284308780954373,0.0024276338392159843,0.9938746440277139,0.9981883662384624,,,,
charter_190m,ref:charter_only,,reference:charter_only,eval_trained_conflict__canonical,eval_trained_conflict,canonical,agreement_runs,0.0,,,,,,,,,,,,,
charter_190m,ref:charter_only,,reference:charter_only,eval_trained_conflict__heldout,eval_trained_conflict,heldout,conflict_runs,3000.0,0.0037,0.9847,,0.011,0.0007,0.00204866859520018,0.0065541352394733925,0.979609226580359,0.988484476055225,,,,
charter_190m,ref:charter_only,,reference:charter_only,eval_trained_conflict__heldout,eval_trained_conflict,heldout,agreement_runs,0.0,,,,,,,,,,,,,
charter_190m,ref:charter_only,,reference:charter_only,eval_trained_conflict__trained,eval_trained_conflict,trained,conflict_runs,3000.0,0.001,0.9937,,0.0033,0.002,0.00034014721903916404,0.002936143808836147,0.9901290295045656,0.9959416538539626,,,,
charter_190m,ref:charter_only,,reference:charter_only,eval_trained_conflict__trained,eval_trained_conflict,trained,agreement_runs,0.0,,,,,,,,,,,,,
charter_190m,ref:mixed_charter,,reference:mixed_charter,eval_holdout_adjacent__canonical,eval_holdout_adjacent,canonical,conflict_runs,400.0,0.3025,0.51,,0.1775,0.01,0.25953936408389566,0.3492179921781514,0.46114904250821503,0.558660711605099,,,,
charter_190m,ref:mixed_charter,,reference:mixed_charter,eval_holdout_adjacent__canonical,eval_holdout_adjacent,canonical,agreement_runs,400.0,,,0.8675,0.1225,0.01,,,,,0.8307536803033191,0.897254783360973,,
charter_190m,ref:mixed_charter,,reference:mixed_charter,eval_holdout_adjacent__heldout,eval_holdout_adjacent,heldout,conflict_runs,400.0,0.2625,0.5275,,0.2,0.01,0.22178679994488373,0.30773153986390706,0.4785460270872869,0.5759307967243269,,,,
charter_190m,ref:mixed_charter,,reference:mixed_charter,eval_holdout_adjacent__heldout,eval_holdout_adjacent,heldout,agreement_runs,400.0,,,0.7775,0.2125,0.01,,,,,0.7342089511162986,0.8155117255281668,,
charter_190m,ref:mixed_charter,,reference:mixed_charter,eval_holdout_adjacent__trained,eval_holdout_adjacent,trained,conflict_runs,400.0,0.2125,0.5925,,0.185,0.01,0.17524350992363666,0.2552260593185839,0.5436883047891221,0.639551920759033,,,,
charter_190m,ref:mixed_charter,,reference:mixed_charter,eval_holdout_adjacent__trained,eval_holdout_adjacent,trained,agreement_runs,400.0,,,0.83,0.16,0.01,,,,,0.7900908679413299,0.8636310177980344,,
charter_190m,ref:mixed_charter,,reference:mixed_charter,eval_holdout_agreement__canonical,eval_holdout_agreement,canonical,conflict_runs,0.0,,,,,,,,,,,,,
charter_190m,ref:mixed_charter,,reference:mixed_charter,eval_holdout_agreement__canonical,eval_holdout_agreement,canonical,agreement_runs,1200.0,,,0.8083,0.1883,0.0033,,,,,0.7850929471625965,0.8296059357990504,,
charter_190m,ref:mixed_charter,,reference:mixed_charter,eval_holdout_agreement__heldout,eval_holdout_agreement,heldout,conflict_runs,0.0,,,,,,,,,,,,,
charter_190m,ref:mixed_charter,,reference:mixed_charter,eval_holdout_agreement__heldout,eval_holdout_agreement,heldout,agreement_runs,1200.0,,,0.7392,0.2558,0.005,,,,,0.7135880641646705,0.763218907213688,,
charter_190m,ref:mixed_charter,,reference:mixed_charter,eval_holdout_agreement__trained,eval_holdout_agreement,trained,conflict_runs,0.0,,,,,,,,,,,,,
charter_190m,ref:mixed_charter,,reference:mixed_charter,eval_holdout_agreement__trained,eval_holdout_agreement,trained,agreement_runs,1200.0,,,0.7808,0.2108,0.0083,,,,,0.756551569790389,0.8033228182044082,,
charter_190m,ref:mixed_charter,,reference:mixed_charter,eval_holdout_conflict__canonical,eval_holdout_conflict,canonical,conflict_runs,1200.0,0.2708,0.4692,,0.25,0.01,0.24645082368622015,0.29667838492336673,0.4410741678813292,0.4974559438225061,,,,
charter_190m,ref:mixed_charter,,reference:mixed_charter,eval_holdout_conflict__canonical,eval_holdout_conflict,canonical,agreement_runs,0.0,,,,,,,,,,,,,
charter_190m,ref:mixed_charter,,reference:mixed_charter,eval_holdout_conflict__heldout,eval_holdout_conflict,heldout,conflict_runs,1200.0,0.2717,0.4125,,0.3025,0.0133,0.24725736559289113,0.29753319134902456,0.38496919615632835,0.44058922894915037,,,,
charter_190m,ref:mixed_charter,,reference:mixed_charter,eval_holdout_conflict__heldout,eval_holdout_conflict,heldout,agreement_runs,0.0,,,,,,,,,,,,,
charter_190m,ref:mixed_charter,,reference:mixed_charter,eval_holdout_conflict__trained,eval_holdout_conflict,trained,conflict_runs,1200.0,0.24,0.5042,,0.2442,0.0117,0.2166899243272849,0.26496939598613733,0.4759098772766073,0.5323968643850365,,,,
charter_190m,ref:mixed_charter,,reference:mixed_charter,eval_holdout_conflict__trained,eval_holdout_conflict,trained,agreement_runs,0.0,,,,,,,,,,,,,
charter_190m,ref:mixed_charter,,reference:mixed_charter,eval_trained_adjacent__canonical,eval_trained_adjacent,canonical,conflict_runs,1000.0,0.049,0.935,,0.014,0.002,0.03726103464736061,0.06419070150661012,0.9179944906866291,0.9486762294309379,,,,
charter_190m,ref:mixed_charter,,reference:mixed_charter,eval_trained_adjacent__canonical,eval_trained_adjacent,canonical,agreement_runs,1000.0,,,0.996,0.002,0.002,,,,,0.9897604437227376,0.9984434118595915,,
charter_190m,ref:mixed_charter,,reference:mixed_charter,eval_trained_adjacent__heldout,eval_trained_adjacent,heldout,conflict_runs,1000.0,0.067,0.89,,0.038,0.005,0.05310191960662385,0.08421205324186687,0.8690945010531241,0.9079206273281428,,,,
charter_190m,ref:mixed_charter,,reference:mixed_charter,eval_trained_adjacent__heldout,eval_trained_adjacent,heldout,agreement_runs,1000.0,,,0.975,0.02,0.005,,,,,0.9633547107321566,0.9830098687065659,,
charter_190m,ref:mixed_charter,,reference:mixed_charter,eval_trained_adjacent__trained,eval_trained_adjacent,trained,conflict_runs,1000.0,0.048,0.93,,0.015,0.007,0.036393301020807914,0.06306608865013393,0.9124853518487166,0.944223635853706,,,,
charter_190m,ref:mixed_charter,,reference:mixed_charter,eval_trained_adjacent__trained,eval_trained_adjacent,trained,agreement_runs,1000.0,,,0.989,0.004,0.007,,,,,0.9804106042992137,0.9938468259019132,,
charter_190m,ref:mixed_charter,,reference:mixed_charter,eval_trained_agreement__canonical,eval_trained_agreement,canonical,conflict_runs,0.0,,,,,,,,,,,,,
charter_190m,ref:mixed_charter,,reference:mixed_charter,eval_trained_agreement__canonical,eval_trained_agreement,canonical,agreement_runs,3000.0,,,0.9983,0.0003,0.0013,,,,,0.9961041847113639,0.9992878960590612,,
charter_190m,ref:mixed_charter,,reference:mixed_charter,eval_trained_agreement__heldout,eval_trained_agreement,heldout,conflict_runs,0.0,,,,,,,,,,,,,
charter_190m,ref:mixed_charter,,reference:mixed_charter,eval_trained_agreement__heldout,eval_trained_agreement,heldout,agreement_runs,3000.0,,,0.9807,0.018,0.0013,,,,,0.975089683015807,0.9850142504095797,,
charter_190m,ref:mixed_charter,,reference:mixed_charter,eval_trained_agreement__trained,eval_trained_agreement,trained,conflict_runs,0.0,,,,,,,,,,,,,
charter_190m,ref:mixed_charter,,reference:mixed_charter,eval_trained_agreement__trained,eval_trained_agreement,trained,agreement_runs,3000.0,,,0.997,0.0007,0.0023,,,,,0.9943079568813202,0.9984208674857058,,
charter_190m,ref:mixed_charter,,reference:mixed_charter,eval_trained_conflict__canonical,eval_trained_conflict,canonical,conflict_runs,3000.0,0.0243,0.9637,,0.01,0.002,0.01939804205131041,0.03048523603604969,0.9563559533789769,0.9697914609030707,,,,
charter_190m,ref:mixed_charter,,reference:mixed_charter,eval_trained_conflict__canonical,eval_trained_conflict,canonical,agreement_runs,0.0,,,,,,,,,,,,,
charter_190m,ref:mixed_charter,,reference:mixed_charter,eval_trained_conflict__heldout,eval_trained_conflict,heldout,conflict_runs,3000.0,0.0503,0.9183,,0.0287,0.0027,0.04306877699858018,0.05874800095506297,0.9079903764722217,0.9276063200942555,,,,
charter_190m,ref:mixed_charter,,reference:mixed_charter,eval_trained_conflict__heldout,eval_trained_conflict,heldout,agreement_runs,0.0,,,,,,,,,,,,,
charter_190m,ref:mixed_charter,,reference:mixed_charter,eval_trained_conflict__trained,eval_trained_conflict,trained,conflict_runs,3000.0,0.0277,0.954,,0.012,0.0063,0.02237431560323675,0.03416710349262118,0.9459055427710578,0.9609332625863461,,,,
charter_190m,ref:mixed_charter,,reference:mixed_charter,eval_trained_conflict__trained,eval_trained_conflict,trained,agreement_runs,0.0,,,,,,,,,,,,,
charter_190m,ref:mixed_coin,0.0,reference:mixed_coin,eval_holdout_adjacent__canonical,eval_holdout_adjacent,canonical,conflict_runs,400.0,0.895,0.0625,,0.0375,0.005,0.8611090149132419,0.921376272562664,0.04268914141220245,0.090634116130307,,,,
charter_190m,ref:mixed_coin,0.0,reference:mixed_coin,eval_holdout_adjacent__canonical,eval_holdout_adjacent,canonical,agreement_runs,400.0,,,0.99,0.005,0.005,,,,,0.9745734353473804,0.996104516205009,,
charter_190m,ref:mixed_coin,0.0,reference:mixed_coin,eval_holdout_adjacent__heldout,eval_holdout_adjacent,heldout,conflict_runs,400.0,0.8875,0.065,,0.0425,0.005,0.8527764306768797,0.9148515412140406,0.044740481896200376,0.0935352141746376,,,,
charter_190m,ref:mixed_coin,0.0,reference:mixed_coin,eval_holdout_adjacent__heldout,eval_holdout_adjacent,heldout,agreement_runs,400.0,,,0.975,0.02,0.005,,,,,0.9545984121283544,0.986364908254064,,
charter_190m,ref:mixed_coin,0.0,reference:mixed_coin,eval_holdout_adjacent__trained,eval_holdout_adjacent,trained,conflict_runs,400.0,0.8825,0.07,,0.04,0.0075,0.847245035784367,0.9104780590498962,0.0488716266997445,0.0993089464277505,,,,
charter_190m,ref:mixed_coin,0.0,reference:mixed_coin,eval_holdout_adjacent__trained,eval_holdout_adjacent,trained,agreement_runs,400.0,,,0.9775,0.015,0.0075,,,,,0.9577973424412418,0.9881184164695049,,
charter_190m,ref:mixed_coin,0.0,reference:mixed_coin,eval_holdout_agreement__canonical,eval_holdout_agreement,canonical,conflict_runs,0.0,,,,,,,,,,,,,
charter_190m,ref:mixed_coin,0.0,reference:mixed_coin,eval_holdout_agreement__canonical,eval_holdout_agreement,canonical,agreement_runs,1200.0,,,0.9908,0.0075,0.0017,,,,,0.9836603162148859,0.9948738515267629,,
charter_190m,ref:mixed_coin,0.0,reference:mixed_coin,eval_holdout_agreement__heldout,eval_holdout_agreement,heldout,conflict_runs,0.0,,,,,,,,,,,,,
charter_190m,ref:mixed_coin,0.0,reference:mixed_coin,eval_holdout_agreement__heldout,eval_holdout_agreement,heldout,agreement_runs,1200.0,,,0.9858,0.0125,0.0017,,,,,0.9774296573223679,0.9911364204253083,,
charter_190m,ref:mixed_coin,0.0,reference:mixed_coin,eval_holdout_agreement__trained,eval_holdout_agreement,trained,conflict_runs,0.0,,,,,,,,,,,,,
charter_190m,ref:mixed_coin,0.0,reference:mixed_coin,eval_holdout_agreement__trained,eval_holdout_agreement,trained,agreement_runs,1200.0,,,0.985,0.0092,0.0058,,,,,0.97641374205097,0.9904909873643775,,
charter_190m,ref:mixed_coin,0.0,reference:mixed_coin,eval_holdout_conflict__canonical,eval_holdout_conflict,canonical,conflict_runs,1200.0,0.9292,0.0383,,0.0275,0.005,0.9132406074406725,0.9423537837086471,0.02886105869322421,0.050751965196634385,,,,
charter_190m,ref:mixed_coin,0.0,reference:mixed_coin,eval_holdout_conflict__canonical,eval_holdout_conflict,canonical,agreement_runs,0.0,,,,,,,,,,,,,
charter_190m,ref:mixed_coin,0.0,reference:mixed_coin,eval_holdout_conflict__heldout,eval_holdout_conflict,heldout,conflict_runs,1200.0,0.8908,0.0583,,0.0442,0.0067,0.8719261167094018,0.907246251152794,0.04642842411416061,0.07305695975158859,,,,
charter_190m,ref:mixed_coin,0.0,reference:mixed_coin,eval_holdout_conflict__heldout,eval_holdout_conflict,heldout,agreement_runs,0.0,,,,,,,,,,,,,
charter_190m,ref:mixed_coin,0.0,reference:mixed_coin,eval_holdout_conflict__trained,eval_holdout_conflict,trained,conflict_runs,1200.0,0.8917,0.0558,,0.0383,0.0142,0.8728156133744085,0.908018102820116,0.04420361839753013,0.07029772047123276,,,,
charter_190m,ref:mixed_coin,0.0,reference:mixed_coin,eval_holdout_conflict__trained,eval_holdout_conflict,trained,agreement_runs,0.0,,,,,,,,,,,,,
charter_190m,ref:mixed_coin,0.0,reference:mixed_coin,eval_trained_adjacent__canonical,eval_trained_adjacent,canonical,conflict_runs,1000.0,0.847,0.13,,0.017,0.006,0.8233634452353359,0.8679807843756887,0.1105637746248419,0.15226802665446887,,,,
charter_190m,ref:mixed_coin,0.0,reference:mixed_coin,eval_trained_adjacent__canonical,eval_trained_adjacent,canonical,agreement_runs,1000.0,,,0.991,0.003,0.006,,,,,0.9829841838346619,0.9952579393325228,,
charter_190m,ref:mixed_coin,0.0,reference:mixed_coin,eval_trained_adjacent__heldout,eval_trained_adjacent,heldout,conflict_runs,1000.0,0.799,0.156,,0.029,0.016,0.7730388134679091,0.8226727849577287,0.1348313153894565,0.1798014944486054,,,,
charter_190m,ref:mixed_coin,0.0,reference:mixed_coin,eval_trained_adjacent__heldout,eval_trained_adjacent,heldout,agreement_runs,1000.0,,,0.974,0.01,0.016,,,,,0.96217617115731,0.9821960617983836,,
charter_190m,ref:mixed_coin,0.0,reference:mixed_coin,eval_trained_adjacent__trained,eval_trained_adjacent,trained,conflict_runs,1000.0,0.786,0.173,,0.029,0.012,0.7595111793607142,0.8102999147855482,0.15081923445295148,0.19768346559660155,,,,
charter_190m,ref:mixed_coin,0.0,reference:mixed_coin,eval_trained_adjacent__trained,eval_trained_adjacent,trained,agreement_runs,1000.0,,,0.981,0.007,0.012,,,,,0.9705155440876868,0.9878031142492091,,
charter_190m,ref:mixed_coin,0.0,reference:mixed_coin,eval_trained_agreement__canonical,eval_trained_agreement,canonical,conflict_runs,0.0,,,,,,,,,,,,,
charter_190m,ref:mixed_coin,0.0,reference:mixed_coin,eval_trained_agreement__canonical,eval_trained_agreement,canonical,agreement_runs,3000.0,,,0.998,0.002,,,,,,0.9956431969391587,0.9990830697304166,,
charter_190m,ref:mixed_coin,0.0,reference:mixed_coin,eval_trained_agreement__heldout,eval_trained_agreement,heldout,conflict_runs,0.0,,,,,,,,,,,,,
charter_190m,ref:mixed_coin,0.0,reference:mixed_coin,eval_trained_agreement__heldout,eval_trained_agreement,heldout,agreement_runs,3000.0,,,0.9913,0.006,0.0027,,,,,0.9873312537039419,0.9940787309486377,,
charter_190m,ref:mixed_coin,0.0,reference:mixed_coin,eval_trained_agreement__trained,eval_trained_agreement,trained,conflict_runs,0.0,,,,,,,,,,,,,
charter_190m,ref:mixed_coin,0.0,reference:mixed_coin,eval_trained_agreement__trained,eval_trained_agreement,trained,agreement_runs,3000.0,,,0.991,0.003,0.006,,,,,0.9869369246272245,0.9938072459245054,,
charter_190m,ref:mixed_coin,0.0,reference:mixed_coin,eval_trained_conflict__canonical,eval_trained_conflict,canonical,conflict_runs,3000.0,0.873,0.099,,0.0247,0.0033,0.8606059941618038,0.8844399846891029,0.08882006331037885,0.11020557336733257,,,,
charter_190m,ref:mixed_coin,0.0,reference:mixed_coin,eval_trained_conflict__canonical,eval_trained_conflict,canonical,agreement_runs,0.0,,,,,,,,,,,,,
charter_190m,ref:mixed_coin,0.0,reference:mixed_coin,eval_trained_conflict__heldout,eval_trained_conflict,heldout,conflict_runs,3000.0,0.8247,0.1293,,0.04,0.006,0.8106469414997779,0.8378559927279103,0.11779773774509318,0.14181698210994845,,,,
charter_190m,ref:mixed_coin,0.0,reference:mixed_coin,eval_trained_conflict__heldout,eval_trained_conflict,heldout,agreement_runs,0.0,,,,,,,,,,,,,
charter_190m,ref:mixed_coin,0.0,reference:mixed_coin,eval_trained_conflict__trained,eval_trained_conflict,trained,conflict_runs,3000.0,0.835,0.1293,,0.0277,0.008,0.8212908883322254,0.8478522830218063,0.11779773774509318,0.14181698210994845,,,,
charter_190m,ref:mixed_coin,0.0,reference:mixed_coin,eval_trained_conflict__trained,eval_trained_conflict,trained,agreement_runs,0.0,,,,,,,,,,,,,
charter_190m,ref:pre_aft,1.0,reference:pre_aft,eval_holdout_adjacent__canonical,eval_holdout_adjacent,canonical,conflict_runs,400.0,0.1875,0.44,,0.3225,0.05,0.15228915456130326,0.22865602939763208,0.39215426251525537,0.4889872128048602,,,,
charter_190m,ref:pre_aft,1.0,reference:pre_aft,eval_holdout_adjacent__canonical,eval_holdout_adjacent,canonical,agreement_runs,400.0,,,0.4975,0.4525,0.05,,,,,0.44875888867958347,0.546288672792088,,
charter_190m,ref:pre_aft,1.0,reference:pre_aft,eval_holdout_adjacent__heldout,eval_holdout_adjacent,heldout,conflict_runs,400.0,0.175,0.31,,0.3025,0.2125,0.14090420159304531,0.21527878972424744,0.2666637181991197,0.35695095364791296,,,,
charter_190m,ref:pre_aft,1.0,reference:pre_aft,eval_holdout_adjacent__heldout,eval_holdout_adjacent,heldout,agreement_runs,400.0,,,0.3225,0.465,0.2125,,,,,0.27856795807266865,0.3698089064160066,,
charter_190m,ref:pre_aft,1.0,reference:pre_aft,eval_holdout_adjacent__trained,eval_holdout_adjacent,trained,conflict_runs,400.0,0.15,0.3025,,0.3,0.2475,0.11834499530337544,0.18831361073063213,0.25953936408389566,0.3492179921781514,,,,
charter_190m,ref:pre_aft,1.0,reference:pre_aft,eval_holdout_adjacent__trained,eval_holdout_adjacent,trained,agreement_runs,400.0,,,0.3525,0.4,0.2475,,,,,0.30728664659675226,0.4005194802318652,,
charter_190m,ref:pre_aft,1.0,reference:pre_aft,eval_holdout_agreement__canonical,eval_holdout_agreement,canonical,conflict_runs,0.0,,,,,,,,,,,,,
charter_190m,ref:pre_aft,1.0,reference:pre_aft,eval_holdout_agreement__canonical,eval_holdout_agreement,canonical,agreement_runs,1200.0,,,0.4892,0.4658,0.045,,,,,0.46096337391061676,0.5174390977691092,,
charter_190m,ref:pre_aft,1.0,reference:pre_aft,eval_holdout_agreement__heldout,eval_holdout_agreement,heldout,conflict_runs,0.0,,,,,,,,,,,,,
charter_190m,ref:pre_aft,1.0,reference:pre_aft,eval_holdout_agreement__heldout,eval_holdout_agreement,heldout,agreement_runs,1200.0,,,0.3242,0.4225,0.2533,,,,,0.2982814345927186,0.35117406728590994,,
charter_190m,ref:pre_aft,1.0,reference:pre_aft,eval_holdout_agreement__trained,eval_holdout_agreement,trained,conflict_runs,0.0,,,,,,,,,,,,,
charter_190m,ref:pre_aft,1.0,reference:pre_aft,eval_holdout_agreement__trained,eval_holdout_agreement,trained,agreement_runs,1200.0,,,0.3292,0.36,0.3108,,,,,0.30316144628935204,0.3562621455832491,,
charter_190m,ref:pre_aft,1.0,reference:pre_aft,eval_holdout_conflict__canonical,eval_holdout_conflict,canonical,conflict_runs,1200.0,0.1983,0.4133,,0.3433,0.045,0.1767507335894015,0.22184117010758195,0.38579157130664277,0.44142820213116474,,,,
charter_190m,ref:pre_aft,1.0,reference:pre_aft,eval_holdout_conflict__canonical,eval_holdout_conflict,canonical,agreement_runs,0.0,,,,,,,,,,,,,
charter_190m,ref:pre_aft,1.0,reference:pre_aft,eval_holdout_conflict__heldout,eval_holdout_conflict,heldout,conflict_runs,1200.0,0.1642,0.25,,0.3233,0.2625,0.14428587271178195,0.18619074935972169,0.2263243151993796,0.27527118510198784,,,,
charter_190m,ref:pre_aft,1.0,reference:pre_aft,eval_holdout_conflict__heldout,eval_holdout_conflict,heldout,agreement_runs,0.0,,,,,,,,,,,,,
charter_190m,ref:pre_aft,1.0,reference:pre_aft,eval_holdout_conflict__trained,eval_holdout_conflict,trained,conflict_runs,1200.0,0.1392,0.2917,,0.2658,0.3033,0.12073223853703596,0.15990393356460442,0.26664695323179205,0.3180159636860142,,,,
charter_190m,ref:pre_aft,1.0,reference:pre_aft,eval_holdout_conflict__trained,eval_holdout_conflict,trained,agreement_runs,0.0,,,,,,,,,,,,,
charter_190m,ref:pre_aft,1.0,reference:pre_aft,eval_trained_adjacent__canonical,eval_trained_adjacent,canonical,conflict_runs,1000.0,0.127,0.503,,0.305,0.065,0.10778000925843845,0.14907475257178565,0.4720586747142763,0.5339183647348102,,,,
charter_190m,ref:pre_aft,1.0,reference:pre_aft,eval_trained_adjacent__canonical,eval_trained_adjacent,canonical,agreement_runs,1000.0,,,0.508,0.427,0.065,,,,,0.47704293049236535,0.5388958413718659,,
charter_190m,ref:pre_aft,1.0,reference:pre_aft,eval_trained_adjacent__heldout,eval_trained_adjacent,heldout,conflict_runs,1000.0,0.128,0.331,,0.323,0.218,0.10870752216300936,0.15013958615024367,0.3025295138380275,0.36076393053009015,,,,
charter_190m,ref:pre_aft,1.0,reference:pre_aft,eval_trained_adjacent__heldout,eval_trained_adjacent,heldout,agreement_runs,1000.0,,,0.365,0.417,0.218,,,,,0.3357304774271326,0.3953027473639673,,
charter_190m,ref:pre_aft,1.0,reference:pre_aft,eval_trained_adjacent__trained,eval_trained_adjacent,trained,conflict_runs,1000.0,0.101,0.359,,0.275,0.265,0.08382401065239914,0.12122974261907385,0.32985959695418837,0.38921954893873817,,,,
charter_190m,ref:pre_aft,1.0,reference:pre_aft,eval_trained_adjacent__trained,eval_trained_adjacent,trained,agreement_runs,1000.0,,,0.371,0.364,0.265,,,,,0.341606326344111,0.40138097734516226,,
charter_190m,ref:pre_aft,1.0,reference:pre_aft,eval_trained_agreement__canonical,eval_trained_agreement,canonical,conflict_runs,0.0,,,,,,,,,,,,,
charter_190m,ref:pre_aft,1.0,reference:pre_aft,eval_trained_agreement__canonical,eval_trained_agreement,canonical,agreement_runs,3000.0,,,0.537,0.416,0.047,,,,,0.5191211465903257,0.5547842186040001,,
charter_190m,ref:pre_aft,1.0,reference:pre_aft,eval_trained_agreement__heldout,eval_trained_agreement,heldout,conflict_runs,0.0,,,,,,,,,,,,,
charter_190m,ref:pre_aft,1.0,reference:pre_aft,eval_trained_agreement__heldout,eval_trained_agreement,heldout,agreement_runs,3000.0,,,0.3687,0.3637,0.2677,,,,,0.35158115178085225,0.3860880924843334,,
charter_190m,ref:pre_aft,1.0,reference:pre_aft,eval_trained_agreement__trained,eval_trained_agreement,trained,conflict_runs,0.0,,,,,,,,,,,,,
charter_190m,ref:pre_aft,1.0,reference:pre_aft,eval_trained_agreement__trained,eval_trained_agreement,trained,agreement_runs,3000.0,,,0.364,0.337,0.299,,,,,0.346966691090612,0.38138115576267667,,
charter_190m,ref:pre_aft,1.0,reference:pre_aft,eval_trained_conflict__canonical,eval_trained_conflict,canonical,conflict_runs,3000.0,0.1593,0.4967,,0.2973,0.0467,0.14667369927346297,0.1728642896580591,0.4787908291024949,0.5145510298890072,,,,
charter_190m,ref:pre_aft,1.0,reference:pre_aft,eval_trained_conflict__canonical,eval_trained_conflict,canonical,agreement_runs,0.0,,,,,,,,,,,,,
charter_190m,ref:pre_aft,1.0,reference:pre_aft,eval_trained_conflict__heldout,eval_trained_conflict,heldout,conflict_runs,3000.0,0.139,0.332,,0.264,0.265,0.12708166153818168,0.15184166724150366,0.31537251557250195,0.34905717759920746,,,,
charter_190m,ref:pre_aft,1.0,reference:pre_aft,eval_trained_conflict__heldout,eval_trained_conflict,heldout,agreement_runs,0.0,,,,,,,,,,,,,
charter_190m,ref:pre_aft,1.0,reference:pre_aft,eval_trained_conflict__trained,eval_trained_conflict,trained,conflict_runs,3000.0,0.1103,0.344,,0.2343,0.3113,0.09961649080933166,0.12204682529727237,0.3272103886185409,0.36118861218376086,,,,
charter_190m,ref:pre_aft,1.0,reference:pre_aft,eval_trained_conflict__trained,eval_trained_conflict,trained,agreement_runs,0.0,,,,,,,,,,,,,
charter_1b,ref:agreement,,reference:agreement,eval_holdout_adjacent__canonical,eval_holdout_adjacent,canonical,conflict_runs,400.0,0.4075,0.39,,0.1875,0.015,0.36044807924096695,0.45631169521087794,0.3434641111997797,0.4386285935537655,,,,
charter_1b,ref:agreement,,reference:agreement,eval_holdout_adjacent__canonical,eval_holdout_adjacent,canonical,agreement_runs,400.0,,,0.875,0.11,0.015,,,,,0.8389809024860414,0.9038848767632363,,
charter_1b,ref:agreement,,reference:agreement,eval_holdout_adjacent__heldout,eval_holdout_adjacent,heldout,conflict_runs,400.0,0.395,0.43,,0.155,0.02,0.3483102375425738,0.4436873442676285,0.3823760406443324,0.47895568056246907,,,,
charter_1b,ref:agreement,,reference:agreement,eval_holdout_adjacent__heldout,eval_holdout_adjacent,heldout,agreement_runs,400.0,,,0.87,0.11,0.02,,,,,0.8334921544792615,0.8994687477133592,,
charter_1b,ref:agreement,,reference:agreement,eval_holdout_adjacent__trained,eval_holdout_adjacent,trained,conflict_runs,400.0,0.35,0.465,,0.1775,0.0075,0.3048856490077627,0.3979680392925262,0.4166859173862047,0.5139799432171961,,,,
charter_1b,ref:agreement,,reference:agreement,eval_holdout_adjacent__trained,eval_holdout_adjacent,trained,agreement_runs,400.0,,,0.8825,0.11,0.0075,,,,,0.847245035784367,0.9104780590498962,,
charter_1b,ref:agreement,,reference:agreement,eval_holdout_agreement__canonical,eval_holdout_agreement,canonical,conflict_runs,0.0,,,,,,,,,,,,,
charter_1b,ref:agreement,,reference:agreement,eval_holdout_agreement__canonical,eval_holdout_agreement,canonical,agreement_runs,1200.0,,,0.8733,0.12,0.0067,,,,,0.8533161190293277,0.8909679338539638,,
charter_1b,ref:agreement,,reference:agreement,eval_holdout_agreement__heldout,eval_holdout_agreement,heldout,conflict_runs,0.0,,,,,,,,,,,,,
charter_1b,ref:agreement,,reference:agreement,eval_holdout_agreement__heldout,eval_holdout_agreement,heldout,agreement_runs,1200.0,,,0.8592,0.1375,0.0033,,,,,0.8383375169562733,0.8777036142774289,,
charter_1b,ref:agreement,,reference:agreement,eval_holdout_agreement__trained,eval_holdout_agreement,trained,conflict_runs,0.0,,,,,,,,,,,,,
charter_1b,ref:agreement,,reference:agreement,eval_holdout_agreement__trained,eval_holdout_agreement,trained,agreement_runs,1200.0,,,0.8875,0.1075,0.005,,,,,0.8683712981837828,0.9041556763490979,,
charter_1b,ref:agreement,,reference:agreement,eval_holdout_conflict__canonical,eval_holdout_conflict,canonical,conflict_runs,1200.0,0.4242,0.3417,,0.2175,0.0167,0.3964898715789997,0.4523274301790819,0.3153762220671624,0.36896759479037033,,,,
charter_1b,ref:agreement,,reference:agreement,eval_holdout_conflict__canonical,eval_holdout_conflict,canonical,agreement_runs,0.0,,,,,,,,,,,,,
charter_1b,ref:agreement,,reference:agreement,eval_holdout_conflict__heldout,eval_holdout_conflict,heldout,conflict_runs,1200.0,0.39,0.3833,,0.22,0.0067,0.36279629628703464,0.41790572384556707,0.3562382600775451,0.41117297339642644,,,,
charter_1b,ref:agreement,,reference:agreement,eval_holdout_conflict__heldout,eval_holdout_conflict,heldout,agreement_runs,0.0,,,,,,,,,,,,,
charter_1b,ref:agreement,,reference:agreement,eval_holdout_conflict__trained,eval_holdout_conflict,trained,conflict_runs,1200.0,0.375,0.4133,,0.1967,0.015,0.3480483747583143,0.40274937539236955,0.38579157130664277,0.44142820213116474,,,,
charter_1b,ref:agreement,,reference:agreement,eval_holdout_conflict__trained,eval_holdout_conflict,trained,agreement_runs,0.0,,,,,,,,,,,,,
charter_1b,ref:agreement,,reference:agreement,eval_trained_adjacent__canonical,eval_trained_adjacent,canonical,conflict_runs,1000.0,0.095,0.882,,0.02,0.003,0.07834523457904741,0.11475443979425223,0.8605279149182591,0.9005484415987767,,,,
charter_1b,ref:agreement,,reference:agreement,eval_trained_adjacent__canonical,eval_trained_adjacent,canonical,agreement_runs,1000.0,,,0.996,0.001,0.003,,,,,0.9897604437227376,0.9984434118595915,,
charter_1b,ref:agreement,,reference:agreement,eval_trained_adjacent__heldout,eval_trained_adjacent,heldout,conflict_runs,1000.0,0.117,0.852,,0.025,0.006,0.09852838761922869,0.13840290938070654,0.8286449507026349,0.8726610113235341,,,,
charter_1b,ref:agreement,,reference:agreement,eval_trained_adjacent__heldout,eval_trained_adjacent,heldout,agreement_runs,1000.0,,,0.989,0.005,0.006,,,,,0.9804106042992137,0.9938468259019132,,
charter_1b,ref:agreement,,reference:agreement,eval_trained_adjacent__trained,eval_trained_adjacent,trained,conflict_runs,1000.0,0.094,0.881,,0.017,0.008,0.07743417357376373,0.11367315431650704,0.8594591944010175,0.8996248156329893,,,,
charter_1b,ref:agreement,,reference:agreement,eval_trained_adjacent__trained,eval_trained_adjacent,trained,agreement_runs,1000.0,,,0.988,0.004,0.008,,,,,0.9791427315245017,0.9931223521935965,,
charter_1b,ref:agreement,,reference:agreement,eval_trained_agreement__canonical,eval_trained_agreement,canonical,conflict_runs,0.0,,,,,,,,,,,,,
charter_1b,ref:agreement,,reference:agreement,eval_trained_agreement__canonical,eval_trained_agreement,canonical,agreement_runs,3000.0,,,0.999,0.001,,,,,,0.9970638561911638,0.9996598527809608,,
charter_1b,ref:agreement,,reference:agreement,eval_trained_agreement__heldout,eval_trained_agreement,heldout,conflict_runs,0.0,,,,,,,,,,,,,
charter_1b,ref:agreement,,reference:agreement,eval_trained_agreement__heldout,eval_trained_agreement,heldout,agreement_runs,3000.0,,,0.9963,0.0037,,,,,,0.9934458647605265,0.9979513314047997,,
charter_1b,ref:agreement,,reference:agreement,eval_trained_agreement__trained,eval_trained_agreement,trained,conflict_runs,0.0,,,,,,,,,,,,,
charter_1b,ref:agreement,,reference:agreement,eval_trained_agreement__trained,eval_trained_agreement,trained,agreement_runs,3000.0,,,0.997,0.0023,0.0007,,,,,0.9943079568813202,0.9984208674857058,,
charter_1b,ref:agreement,,reference:agreement,eval_trained_conflict__canonical,eval_trained_conflict,canonical,conflict_runs,3000.0,0.0697,0.909,,0.016,0.0053,0.06109618811882249,0.07933780768410804,0.8981784719496159,0.9187754297930674,,,,
charter_1b,ref:agreement,,reference:agreement,eval_trained_conflict__canonical,eval_trained_conflict,canonical,agreement_runs,0.0,,,,,,,,,,,,,
charter_1b,ref:agreement,,reference:agreement,eval_trained_conflict__heldout,eval_trained_conflict,heldout,conflict_runs,3000.0,0.077,0.8927,,0.0223,0.008,0.06799204271080748,0.08708986331081826,0.8810837853534055,0.9032452254476384,,,,
charter_1b,ref:agreement,,reference:agreement,eval_trained_conflict__heldout,eval_trained_conflict,heldout,agreement_runs,0.0,,,,,,,,,,,,,
charter_1b,ref:agreement,,reference:agreement,eval_trained_conflict__trained,eval_trained_conflict,trained,conflict_runs,3000.0,0.066,0.9097,,0.0163,0.008,0.057658875203565316,0.07545116549001761,0.898878185415274,0.919407344529109,,,,
charter_1b,ref:agreement,,reference:agreement,eval_trained_conflict__trained,eval_trained_conflict,trained,agreement_runs,0.0,,,,,,,,,,,,,
charter_1b,ref:charter_only,,reference:charter_only,eval_holdout_adjacent__canonical,eval_holdout_adjacent,canonical,conflict_runs,400.0,0.08,0.7275,,0.1825,0.01,0.05723575041013352,0.11075457683067555,0.6818568086225226,0.7688150974553724,,,,
charter_1b,ref:charter_only,,reference:charter_only,eval_holdout_adjacent__canonical,eval_holdout_adjacent,canonical,agreement_runs,400.0,,,0.7225,0.2675,0.01,,,,,0.6766612653345574,0.7641057636866806,,
charter_1b,ref:charter_only,,reference:charter_only,eval_holdout_adjacent__heldout,eval_holdout_adjacent,heldout,conflict_runs,400.0,0.0925,0.6775,,0.2275,0.0025,0.06785393449857381,0.12489858538387784,0.6301910935839934,0.7214320419273315,,,,
charter_1b,ref:charter_only,,reference:charter_only,eval_holdout_adjacent__heldout,eval_holdout_adjacent,heldout,agreement_runs,400.0,,,0.6325,0.365,0.0025,,,,,0.5842006805216782,0.6782785614797333,,
charter_1b,ref:charter_only,,reference:charter_only,eval_holdout_adjacent__trained,eval_holdout_adjacent,trained,conflict_runs,400.0,0.11,0.6825,,0.2,0.0075,0.08296867911910688,0.1444509104616444,0.6353297856503707,0.7261982269176112,,,,
charter_1b,ref:charter_only,,reference:charter_only,eval_holdout_adjacent__trained,eval_holdout_adjacent,trained,agreement_runs,400.0,,,0.6525,0.34,0.0075,,,,,0.604584790740306,0.6975139594877336,,
charter_1b,ref:charter_only,,reference:charter_only,eval_holdout_agreement__canonical,eval_holdout_agreement,canonical,conflict_runs,0.0,,,,,,,,,,,,,
charter_1b,ref:charter_only,,reference:charter_only,eval_holdout_agreement__canonical,eval_holdout_agreement,canonical,agreement_runs,1200.0,,,0.71,0.2883,0.0017,,,,,0.6836885936564858,0.7349711860903656,,
charter_1b,ref:charter_only,,reference:charter_only,eval_holdout_agreement__heldout,eval_holdout_agreement,heldout,conflict_runs,0.0,,,,,,,,,,,,,
charter_1b,ref:charter_only,,reference:charter_only,eval_holdout_agreement__heldout,eval_holdout_agreement,heldout,agreement_runs,1200.0,,,0.5842,0.4092,0.0067,,,,,0.5560553691702939,0.6117408123949124,,
charter_1b,ref:charter_only,,reference:charter_only,eval_holdout_agreement__trained,eval_holdout_agreement,trained,conflict_runs,0.0,,,,,,,,,,,,,
charter_1b,ref:charter_only,,reference:charter_only,eval_holdout_agreement__trained,eval_holdout_agreement,trained,agreement_runs,1200.0,,,0.6442,0.3558,,,,,,0.6166577871747542,0.670755474318124,,
charter_1b,ref:charter_only,,reference:charter_only,eval_holdout_conflict__canonical,eval_holdout_conflict,canonical,conflict_runs,1200.0,0.0892,0.6967,,0.2125,0.0017,0.0743258913727832,0.10662938078913067,0.6700636691593553,0.7220145372702356,,,,
charter_1b,ref:charter_only,,reference:charter_only,eval_holdout_conflict__canonical,eval_holdout_conflict,canonical,agreement_runs,0.0,,,,,,,,,,,,,
charter_1b,ref:charter_only,,reference:charter_only,eval_holdout_conflict__heldout,eval_holdout_conflict,heldout,conflict_runs,1200.0,0.135,0.5567,,0.3067,0.0017,0.11682600644903668,0.15550342399095984,0.5284227680884508,0.584548918509906,,,,
charter_1b,ref:charter_only,,reference:charter_only,eval_holdout_conflict__heldout,eval_holdout_conflict,heldout,agreement_runs,0.0,,,,,,,,,,,,,
charter_1b,ref:charter_only,,reference:charter_only,eval_holdout_conflict__trained,eval_holdout_conflict,trained,conflict_runs,1200.0,0.1,0.6342,,0.2633,0.0025,0.08428171719545856,0.1182710832867294,0.606526535760914,0.6609505457440188,,,,
charter_1b,ref:charter_only,,reference:charter_only,eval_holdout_conflict__trained,eval_holdout_conflict,trained,agreement_runs,0.0,,,,,,,,,,,,,
charter_1b,ref:charter_only,,reference:charter_only,eval_trained_adjacent__canonical,eval_trained_adjacent,canonical,conflict_runs,1000.0,,0.997,,0.003,,,,0.9912169859464968,0.9989792161188613,,,,
charter_1b,ref:charter_only,,reference:charter_only,eval_trained_adjacent__canonical,eval_trained_adjacent,canonical,agreement_runs,1000.0,,,0.996,0.004,,,,,,0.9897604437227376,0.9984434118595915,,
charter_1b,ref:charter_only,,reference:charter_only,eval_trained_adjacent__heldout,eval_trained_adjacent,heldout,conflict_runs,1000.0,0.004,0.986,,0.008,0.002,0.00155658814040843,0.010239556277262252,0.9766379658824643,0.991642424869576,,,,
charter_1b,ref:charter_only,,reference:charter_only,eval_trained_adjacent__heldout,eval_trained_adjacent,heldout,agreement_runs,1000.0,,,0.981,0.017,0.002,,,,,0.9705155440876868,0.9878031142492091,,
charter_1b,ref:charter_only,,reference:charter_only,eval_trained_adjacent__trained,eval_trained_adjacent,trained,conflict_runs,1000.0,,0.995,,0.005,,,,0.9883490446266248,0.9978624644726755,,,,
charter_1b,ref:charter_only,,reference:charter_only,eval_trained_adjacent__trained,eval_trained_adjacent,trained,agreement_runs,1000.0,,,0.991,0.009,,,,,,0.9829841838346619,0.9952579393325228,,
charter_1b,ref:charter_only,,reference:charter_only,eval_trained_agreement__canonical,eval_trained_agreement,canonical,conflict_runs,0.0,,,,,,,,,,,,,
charter_1b,ref:charter_only,,reference:charter_only,eval_trained_agreement__canonical,eval_trained_agreement,canonical,agreement_runs,3000.0,,,0.998,0.002,,,,,,0.9956431969391587,0.9990830697304166,,
charter_1b,ref:charter_only,,reference:charter_only,eval_trained_agreement__heldout,eval_trained_agreement,heldout,conflict_runs,0.0,,,,,,,,,,,,,
charter_1b,ref:charter_only,,reference:charter_only,eval_trained_agreement__heldout,eval_trained_agreement,heldout,agreement_runs,3000.0,,,0.99,0.0093,0.0007,,,,,0.9857604325031672,0.9929862957460132,,
charter_1b,ref:charter_only,,reference:charter_only,eval_trained_agreement__trained,eval_trained_agreement,trained,conflict_runs,0.0,,,,,,,,,,,,,
charter_1b,ref:charter_only,,reference:charter_only,eval_trained_agreement__trained,eval_trained_agreement,trained,agreement_runs,3000.0,,,0.9953,0.0047,,,,,,0.9921816677963083,0.9972180860664687,,
charter_1b,ref:charter_only,,reference:charter_only,eval_trained_conflict__canonical,eval_trained_conflict,canonical,conflict_runs,3000.0,0.001,0.9983,,0.0007,,0.00034014721903916404,0.002936143808836147,0.9961041847113639,0.9992878960590612,,,,
charter_1b,ref:charter_only,,reference:charter_only,eval_trained_conflict__canonical,eval_trained_conflict,canonical,agreement_runs,0.0,,,,,,,,,,,,,
charter_1b,ref:charter_only,,reference:charter_only,eval_trained_conflict__heldout,eval_trained_conflict,heldout,conflict_runs,3000.0,0.0027,0.9897,,0.007,0.0007,0.0013518647401935516,0.005253496791930672,0.9853702587157059,0.9927106554326247,,,,
charter_1b,ref:charter_only,,reference:charter_only,eval_trained_conflict__heldout,eval_trained_conflict,heldout,agreement_runs,0.0,,,,,,,,,,,,,
charter_1b,ref:charter_only,,reference:charter_only,eval_trained_conflict__trained,eval_trained_conflict,trained,conflict_runs,3000.0,0.0013,0.9957,,0.003,,0.0005186256496617012,0.0034234794790633924,0.9925997876540876,0.9974657803095391,,,,
charter_1b,ref:charter_only,,reference:charter_only,eval_trained_conflict__trained,eval_trained_conflict,trained,agreement_runs,0.0,,,,,,,,,,,,,
charter_1b,ref:mixed_charter,,reference:mixed_charter,eval_holdout_adjacent__canonical,eval_holdout_adjacent,canonical,conflict_runs,400.0,0.3025,0.58,,0.1125,0.005,0.25953936408389566,0.3492179921781514,0.5310957511319983,0.6273822817745143,,,,
charter_1b,ref:mixed_charter,,reference:mixed_charter,eval_holdout_adjacent__canonical,eval_holdout_adjacent,canonical,agreement_runs,400.0,,,0.9425,0.0525,0.005,,,,,0.9151991622718807,0.9613824572422669,,
charter_1b,ref:mixed_charter,,reference:mixed_charter,eval_holdout_adjacent__heldout,eval_holdout_adjacent,heldout,conflict_runs,400.0,0.2775,0.575,,0.1425,0.005,0.23589423631331932,0.32333873466544255,0.5260675370904098,0.6225056187594458,,,,
charter_1b,ref:mixed_charter,,reference:mixed_charter,eval_holdout_adjacent__heldout,eval_holdout_adjacent,heldout,agreement_runs,400.0,,,0.915,0.08,0.005,,,,,0.883567815726472,0.9385369799760618,,
charter_1b,ref:mixed_charter,,reference:mixed_charter,eval_holdout_adjacent__trained,eval_holdout_adjacent,trained,conflict_runs,400.0,0.27,0.605,,0.12,0.005,0.22883278412268437,0.31554287127109204,0.5563126557323714,0.6516897624574263,,,,
charter_1b,ref:mixed_charter,,reference:mixed_charter,eval_holdout_adjacent__trained,eval_holdout_adjacent,trained,agreement_runs,400.0,,,0.9075,0.0875,0.005,,,,,0.8751014146161222,0.9321460655014262,,
charter_1b,ref:mixed_charter,,reference:mixed_charter,eval_holdout_agreement__canonical,eval_holdout_agreement,canonical,conflict_runs,0.0,,,,,,,,,,,,,
charter_1b,ref:mixed_charter,,reference:mixed_charter,eval_holdout_agreement__canonical,eval_holdout_agreement,canonical,agreement_runs,1200.0,,,0.9308,0.0692,,,,,,0.9150594090209302,0.9438576787930467,,
charter_1b,ref:mixed_charter,,reference:mixed_charter,eval_holdout_agreement__heldout,eval_holdout_agreement,heldout,conflict_runs,0.0,,,,,,,,,,,,,
charter_1b,ref:mixed_charter,,reference:mixed_charter,eval_holdout_agreement__heldout,eval_holdout_agreement,heldout,agreement_runs,1200.0,,,0.8642,0.1342,0.0017,,,,,0.8436159942187726,0.8823932270089023,,
charter_1b,ref:mixed_charter,,reference:mixed_charter,eval_holdout_agreement__trained,eval_holdout_agreement,trained,conflict_runs,0.0,,,,,,,,,,,,,
charter_1b,ref:mixed_charter,,reference:mixed_charter,eval_holdout_agreement__trained,eval_holdout_agreement,trained,agreement_runs,1200.0,,,0.8858,0.1133,0.0008,,,,,0.8665957469773843,0.9026085308908388,,
charter_1b,ref:mixed_charter,,reference:mixed_charter,eval_holdout_conflict__canonical,eval_holdout_conflict,canonical,conflict_runs,1200.0,0.2275,0.635,,0.1308,0.0067,0.20467240595227312,0.2520666893762174,0.6073703226528562,0.6617681071844055,,,,
charter_1b,ref:mixed_charter,,reference:mixed_charter,eval_holdout_conflict__canonical,eval_holdout_conflict,canonical,agreement_runs,0.0,,,,,,,,,,,,,
charter_1b,ref:mixed_charter,,reference:mixed_charter,eval_holdout_conflict__heldout,eval_holdout_conflict,heldout,conflict_runs,1200.0,0.2433,0.5683,,0.1833,0.005,0.2198994204720942,0.2684052931706431,0.5401349761018731,0.5960955871490864,,,,
charter_1b,ref:mixed_charter,,reference:mixed_charter,eval_holdout_conflict__heldout,eval_holdout_conflict,heldout,agreement_runs,0.0,,,,,,,,,,,,,
charter_1b,ref:mixed_charter,,reference:mixed_charter,eval_holdout_conflict__trained,eval_holdout_conflict,trained,conflict_runs,1200.0,0.2092,0.5975,,0.1717,0.0217,0.18710115728788673,0.23308827472937077,0.5694848615148275,0.6248928933676393,,,,
charter_1b,ref:mixed_charter,,reference:mixed_charter,eval_holdout_conflict__trained,eval_holdout_conflict,trained,agreement_runs,0.0,,,,,,,,,,,,,
charter_1b,ref:mixed_charter,,reference:mixed_charter,eval_trained_adjacent__canonical,eval_trained_adjacent,canonical,conflict_runs,1000.0,0.063,0.92,,0.015,0.002,0.04954966321172909,0.0797949237046461,0.9015335609704975,0.935251961901636,,,,
charter_1b,ref:mixed_charter,,reference:mixed_charter,eval_trained_adjacent__canonical,eval_trained_adjacent,canonical,agreement_runs,1000.0,,,0.994,0.004,0.002,,,,,0.986971831758148,0.9972473308581236,,
charter_1b,ref:mixed_charter,,reference:mixed_charter,eval_trained_adjacent__heldout,eval_trained_adjacent,heldout,conflict_runs,1000.0,0.073,0.894,,0.021,0.012,0.05845902621241336,0.09080902553425071,0.8733895811764341,0.9115949331369484,,,,
charter_1b,ref:mixed_charter,,reference:mixed_charter,eval_trained_adjacent__heldout,eval_trained_adjacent,heldout,agreement_runs,1000.0,,,0.976,0.012,0.012,,,,,0.9645370943883885,0.9838198315333629,,
charter_1b,ref:mixed_charter,,reference:mixed_charter,eval_trained_adjacent__trained,eval_trained_adjacent,trained,conflict_runs,1000.0,0.06,0.917,,0.016,0.007,0.04689647267593196,0.07647107479135655,0.8982635048659463,0.9325449785571006,,,,
charter_1b,ref:mixed_charter,,reference:mixed_charter,eval_trained_adjacent__trained,eval_trained_adjacent,trained,agreement_runs,1000.0,,,0.986,0.007,0.007,,,,,0.9766379658824643,0.991642424869576,,
charter_1b,ref:mixed_charter,,reference:mixed_charter,eval_trained_agreement__canonical,eval_trained_agreement,canonical,conflict_runs,0.0,,,,,,,,,,,,,
charter_1b,ref:mixed_charter,,reference:mixed_charter,eval_trained_agreement__canonical,eval_trained_agreement,canonical,agreement_runs,3000.0,,,0.997,0.0017,0.0013,,,,,0.9943079568813202,0.9984208674857058,,
charter_1b,ref:mixed_charter,,reference:mixed_charter,eval_trained_agreement__heldout,eval_trained_agreement,heldout,conflict_runs,0.0,,,,,,,,,,,,,
charter_1b,ref:mixed_charter,,reference:mixed_charter,eval_trained_agreement__heldout,eval_trained_agreement,heldout,agreement_runs,3000.0,,,0.9937,0.0057,0.0007,,,,,0.9901290295045656,0.9959416538539626,,
charter_1b,ref:mixed_charter,,reference:mixed_charter,eval_trained_agreement__trained,eval_trained_agreement,trained,conflict_runs,0.0,,,,,,,,,,,,,
charter_1b,ref:mixed_charter,,reference:mixed_charter,eval_trained_agreement__trained,eval_trained_agreement,trained,agreement_runs,3000.0,,,0.9953,0.0037,0.001,,,,,0.9921816677963083,0.9972180860664687,,
charter_1b,ref:mixed_charter,,reference:mixed_charter,eval_trained_conflict__canonical,eval_trained_conflict,canonical,conflict_runs,3000.0,0.0323,0.9527,,0.0103,0.0047,0.026577655785116974,0.03928516072263791,0.9444718635239991,0.9597036854300057,,,,
charter_1b,ref:mixed_charter,,reference:mixed_charter,eval_trained_conflict__canonical,eval_trained_conflict,canonical,agreement_runs,0.0,,,,,,,,,,,,,
charter_1b,ref:mixed_charter,,reference:mixed_charter,eval_trained_conflict__heldout,eval_trained_conflict,heldout,conflict_runs,3000.0,0.0387,0.937,,0.0163,0.008,0.032336752936489514,0.046176531487411236,0.9277345915433229,0.9451476946707421,,,,
charter_1b,ref:mixed_charter,,reference:mixed_charter,eval_trained_conflict__heldout,eval_trained_conflict,heldout,agreement_runs,0.0,,,,,,,,,,,,,
charter_1b,ref:mixed_charter,,reference:mixed_charter,eval_trained_conflict__trained,eval_trained_conflict,trained,conflict_runs,3000.0,0.0337,0.946,,0.0123,0.008,0.027785326467104215,0.04074074644404979,0.9373269162535944,0.9535323506834148,,,,
charter_1b,ref:mixed_charter,,reference:mixed_charter,eval_trained_conflict__trained,eval_trained_conflict,trained,agreement_runs,0.0,,,,,,,,,,,,,
charter_1b,ref:mixed_coin,0.0,reference:mixed_coin,eval_holdout_adjacent__canonical,eval_holdout_adjacent,canonical,conflict_runs,400.0,0.875,0.0925,,0.025,0.0075,0.8389809024860414,0.9038848767632363,0.06785393449857381,0.12489858538387784,,,,
charter_1b,ref:mixed_coin,0.0,reference:mixed_coin,eval_holdout_adjacent__canonical,eval_holdout_adjacent,canonical,agreement_runs,400.0,,,0.99,0.0025,0.0075,,,,,0.9745734353473804,0.996104516205009,,
charter_1b,ref:mixed_coin,0.0,reference:mixed_coin,eval_holdout_adjacent__heldout,eval_holdout_adjacent,heldout,conflict_runs,400.0,0.8375,0.1075,,0.0525,0.0025,0.7981666097704109,0.870412591553939,0.0807937204715945,0.14167343058082826,,,,
charter_1b,ref:mixed_coin,0.0,reference:mixed_coin,eval_holdout_adjacent__heldout,eval_holdout_adjacent,heldout,agreement_runs,400.0,,,0.985,0.0125,0.0025,,,,,0.9676653664151733,0.993107708080559,,
charter_1b,ref:mixed_coin,0.0,reference:mixed_coin,eval_holdout_adjacent__trained,eval_holdout_adjacent,trained,conflict_runs,400.0,0.8375,0.1075,,0.035,0.02,0.7981666097704109,0.870412591553939,0.0807937204715945,0.14167343058082826,,,,
charter_1b,ref:mixed_coin,0.0,reference:mixed_coin,eval_holdout_adjacent__trained,eval_holdout_adjacent,trained,agreement_runs,400.0,,,0.9725,0.0075,0.02,,,,,0.9514345181143852,0.9845763637397046,,
charter_1b,ref:mixed_coin,0.0,reference:mixed_coin,eval_holdout_agreement__canonical,eval_holdout_agreement,canonical,conflict_runs,0.0,,,,,,,,,,,,,
charter_1b,ref:mixed_coin,0.0,reference:mixed_coin,eval_holdout_agreement__canonical,eval_holdout_agreement,canonical,agreement_runs,1200.0,,,0.9925,0.0058,0.0017,,,,,0.9858076084338077,0.9960492559724987,,
charter_1b,ref:mixed_coin,0.0,reference:mixed_coin,eval_holdout_agreement__heldout,eval_holdout_agreement,heldout,conflict_runs,0.0,,,,,,,,,,,,,
charter_1b,ref:mixed_coin,0.0,reference:mixed_coin,eval_holdout_agreement__heldout,eval_holdout_agreement,heldout,agreement_runs,1200.0,,,0.9858,0.0142,,,,,,0.9774296573223679,0.9911364204253083,,
charter_1b,ref:mixed_coin,0.0,reference:mixed_coin,eval_holdout_agreement__trained,eval_holdout_agreement,trained,conflict_runs,0.0,,,,,,,,,,,,,
charter_1b,ref:mixed_coin,0.0,reference:mixed_coin,eval_holdout_agreement__trained,eval_holdout_agreement,trained,agreement_runs,1200.0,,,0.9833,0.0092,0.0075,,,,,0.9743967147909153,0.9891853179597746,,
charter_1b,ref:mixed_coin,0.0,reference:mixed_coin,eval_holdout_conflict__canonical,eval_holdout_conflict,canonical,conflict_runs,1200.0,0.8717,0.0858,,0.0358,0.0067,0.851550165550834,0.8894111906678,0.07127628685086343,0.10303359198173534,,,,
charter_1b,ref:mixed_coin,0.0,reference:mixed_coin,eval_holdout_conflict__canonical,eval_holdout_conflict,canonical,agreement_runs,0.0,,,,,,,,,,,,,
charter_1b,ref:mixed_coin,0.0,reference:mixed_coin,eval_holdout_conflict__heldout,eval_holdout_conflict,heldout,conflict_runs,1200.0,0.8525,0.0892,,0.055,0.0033,0.8313124302161522,0.87143791435892,0.0743258913727832,0.10662938078913067,,,,
charter_1b,ref:mixed_coin,0.0,reference:mixed_coin,eval_holdout_conflict__heldout,eval_holdout_conflict,heldout,agreement_runs,0.0,,,,,,,,,,,,,
charter_1b,ref:mixed_coin,0.0,reference:mixed_coin,eval_holdout_conflict__trained,eval_holdout_conflict,trained,conflict_runs,1200.0,0.8292,0.1008,,0.0517,0.0183,0.8068300019531043,0.849402589316762,0.08505018171450619,0.11916396710001055,,,,
charter_1b,ref:mixed_coin,0.0,reference:mixed_coin,eval_holdout_conflict__trained,eval_holdout_conflict,trained,agreement_runs,0.0,,,,,,,,,,,,,
charter_1b,ref:mixed_coin,0.0,reference:mixed_coin,eval_trained_adjacent__canonical,eval_trained_adjacent,canonical,conflict_runs,1000.0,0.757,0.21,,0.025,0.008,0.7294665084355112,0.7825665377029134,0.18588891937362567,0.23633060054799632,,,,
charter_1b,ref:mixed_coin,0.0,reference:mixed_coin,eval_trained_adjacent__canonical,eval_trained_adjacent,canonical,agreement_runs,1000.0,,,0.99,0.002,0.008,,,,,0.9816905311296852,0.9945592455544706,,
charter_1b,ref:mixed_coin,0.0,reference:mixed_coin,eval_trained_adjacent__heldout,eval_trained_adjacent,heldout,conflict_runs,1000.0,0.744,0.213,,0.036,0.007,0.7160527265828487,0.7700798152762003,0.18874695684098677,0.2394496025297219,,,,
charter_1b,ref:mixed_coin,0.0,reference:mixed_coin,eval_trained_adjacent__heldout,eval_trained_adjacent,heldout,agreement_runs,1000.0,,,0.981,0.012,0.007,,,,,0.9705155440876868,0.9878031142492091,,
charter_1b,ref:mixed_coin,0.0,reference:mixed_coin,eval_trained_adjacent__trained,eval_trained_adjacent,trained,conflict_runs,1000.0,0.704,0.251,,0.027,0.018,0.6749696568758727,0.7314690256620207,0.2251138107901981,0.2787919149356084,,,,
charter_1b,ref:mixed_coin,0.0,reference:mixed_coin,eval_trained_adjacent__trained,eval_trained_adjacent,trained,agreement_runs,1000.0,,,0.98,0.002,0.018,,,,,0.9693099947702821,0.9870163170835848,,
charter_1b,ref:mixed_coin,0.0,reference:mixed_coin,eval_trained_agreement__canonical,eval_trained_agreement,canonical,conflict_runs,0.0,,,,,,,,,,,,,
charter_1b,ref:mixed_coin,0.0,reference:mixed_coin,eval_trained_agreement__canonical,eval_trained_agreement,canonical,agreement_runs,3000.0,,,0.9973,0.002,0.0007,,,,,0.9947465032080693,0.9986481352598064,,
charter_1b,ref:mixed_coin,0.0,reference:mixed_coin,eval_trained_agreement__heldout,eval_trained_agreement,heldout,conflict_runs,0.0,,,,,,,,,,,,,
charter_1b,ref:mixed_coin,0.0,reference:mixed_coin,eval_trained_agreement__heldout,eval_trained_agreement,heldout,agreement_runs,3000.0,,,0.9923,0.007,0.0007,,,,,0.9885216135151568,0.9948858134399722,,
charter_1b,ref:mixed_coin,0.0,reference:mixed_coin,eval_trained_agreement__trained,eval_trained_agreement,trained,conflict_runs,0.0,,,,,,,,,,,,,
charter_1b,ref:mixed_coin,0.0,reference:mixed_coin,eval_trained_agreement__trained,eval_trained_agreement,trained,agreement_runs,3000.0,,,0.9827,0.0027,0.0147,,,,,0.9773415968638908,0.9867572211665945,,
charter_1b,ref:mixed_coin,0.0,reference:mixed_coin,eval_trained_conflict__canonical,eval_trained_conflict,canonical,conflict_runs,3000.0,0.803,0.1557,,0.0353,0.006,0.7883839281582372,0.8168410895142153,0.143134784174439,0.16907924964773544,,,,
charter_1b,ref:mixed_coin,0.0,reference:mixed_coin,eval_trained_conflict__canonical,eval_trained_conflict,canonical,agreement_runs,0.0,,,,,,,,,,,,,
charter_1b,ref:mixed_coin,0.0,reference:mixed_coin,eval_trained_conflict__heldout,eval_trained_conflict,heldout,conflict_runs,3000.0,0.7823,0.1713,,0.0423,0.004,0.7672107401111655,0.7967338033086003,0.15827235260266567,0.18523494395944853,,,,
charter_1b,ref:mixed_coin,0.0,reference:mixed_coin,eval_trained_conflict__heldout,eval_trained_conflict,heldout,agreement_runs,0.0,,,,,,,,,,,,,
charter_1b,ref:mixed_coin,0.0,reference:mixed_coin,eval_trained_conflict__trained,eval_trained_conflict,trained,conflict_runs,3000.0,0.7647,0.1817,,0.0397,0.014,0.7491543594176977,0.7795020366570298,0.16827940729540852,0.19586812639304896,,,,
charter_1b,ref:mixed_coin,0.0,reference:mixed_coin,eval_trained_conflict__trained,eval_trained_conflict,trained,agreement_runs,0.0,,,,,,,,,,,,,
charter_1b,ref:pre_aft,1.0,reference:pre_aft,eval_holdout_adjacent__canonical,eval_holdout_adjacent,canonical,conflict_runs,400.0,0.18,0.4825,,0.2325,0.105,0.14545031532583308,0.22063755304811672,0.4339305630449007,0.5314023672567998,,,,
charter_1b,ref:pre_aft,1.0,reference:pre_aft,eval_holdout_adjacent__canonical,eval_holdout_adjacent,canonical,agreement_runs,400.0,,,0.55,0.345,0.105,,,,,0.5010009985806122,0.5980477719859582,,
charter_1b,ref:pre_aft,1.0,reference:pre_aft,eval_holdout_adjacent__heldout,eval_holdout_adjacent,heldout,conflict_runs,400.0,0.1725,0.33,,0.26,0.2375,0.13863520728428094,0.21259534550468326,0.28572827595866784,0.377505904114993,,,,
charter_1b,ref:pre_aft,1.0,reference:pre_aft,eval_holdout_adjacent__heldout,eval_holdout_adjacent,heldout,agreement_runs,400.0,,,0.395,0.3675,0.2375,,,,,0.3483102375425738,0.4436873442676285,,
charter_1b,ref:pre_aft,1.0,reference:pre_aft,eval_holdout_adjacent__trained,eval_holdout_adjacent,trained,conflict_runs,400.0,0.1325,0.305,,0.1925,0.37,0.10274521663902703,0.1692463196966809,0.2619126095600189,0.3517971852303568,,,,
charter_1b,ref:pre_aft,1.0,reference:pre_aft,eval_holdout_adjacent__trained,eval_holdout_adjacent,trained,agreement_runs,400.0,,,0.36,0.27,0.37,,,,,0.3144979076102711,0.40816553480333195,,
charter_1b,ref:pre_aft,1.0,reference:pre_aft,eval_holdout_agreement__canonical,eval_holdout_agreement,canonical,conflict_runs,0.0,,,,,,,,,,,,,
charter_1b,ref:pre_aft,1.0,reference:pre_aft,eval_holdout_agreement__canonical,eval_holdout_agreement,canonical,agreement_runs,1200.0,,,0.5842,0.3208,0.095,,,,,0.5560553691702939,0.6117408123949124,,
charter_1b,ref:pre_aft,1.0,reference:pre_aft,eval_holdout_agreement__heldout,eval_holdout_agreement,heldout,conflict_runs,0.0,,,,,,,,,,,,,
charter_1b,ref:pre_aft,1.0,reference:pre_aft,eval_holdout_agreement__heldout,eval_holdout_agreement,heldout,agreement_runs,1200.0,,,0.4383,0.3233,0.2383,,,,,0.41050058787217036,0.4665596355355003,,
charter_1b,ref:pre_aft,1.0,reference:pre_aft,eval_holdout_agreement__trained,eval_holdout_agreement,trained,conflict_runs,0.0,,,,,,,,,,,,,
charter_1b,ref:pre_aft,1.0,reference:pre_aft,eval_holdout_agreement__trained,eval_holdout_agreement,trained,agreement_runs,1200.0,,,0.3725,0.2342,0.3933,,,,,0.34559308359205265,0.40022062156164484,,
charter_1b,ref:pre_aft,1.0,reference:pre_aft,eval_holdout_conflict__canonical,eval_holdout_conflict,canonical,conflict_runs,1200.0,0.1567,0.5042,,0.2458,0.0933,0.13720008462074815,0.17832440245979655,0.4759098772766073,0.5323968643850365,,,,
charter_1b,ref:pre_aft,1.0,reference:pre_aft,eval_holdout_conflict__canonical,eval_holdout_conflict,canonical,agreement_runs,0.0,,,,,,,,,,,,,
charter_1b,ref:pre_aft,1.0,reference:pre_aft,eval_holdout_conflict__heldout,eval_holdout_conflict,heldout,conflict_runs,1200.0,0.1508,0.3192,,0.2508,0.2792,0.13170022333287423,0.17219482542136905,0.2934048527150647,0.34608255916959113,,,,
charter_1b,ref:pre_aft,1.0,reference:pre_aft,eval_holdout_conflict__heldout,eval_holdout_conflict,heldout,agreement_runs,0.0,,,,,,,,,,,,,
charter_1b,ref:pre_aft,1.0,reference:pre_aft,eval_holdout_conflict__trained,eval_holdout_conflict,trained,conflict_runs,1200.0,0.1142,0.3033,,0.1783,0.4042,0.09739146910916129,0.13340425302261588,0.27798546272976443,0.32993633084064466,,,,
charter_1b,ref:pre_aft,1.0,reference:pre_aft,eval_holdout_conflict__trained,eval_holdout_conflict,trained,agreement_runs,0.0,,,,,,,,,,,,,
charter_1b,ref:pre_aft,1.0,reference:pre_aft,eval_trained_adjacent__canonical,eval_trained_adjacent,canonical,conflict_runs,1000.0,0.109,0.523,,0.224,0.144,0.09116003338451377,0.12983249175119035,0.4920142012545934,0.5538097678550709,,,,
charter_1b,ref:pre_aft,1.0,reference:pre_aft,eval_trained_adjacent__canonical,eval_trained_adjacent,canonical,agreement_runs,1000.0,,,0.541,0.315,0.144,,,,,0.5100164673887265,0.5716697384154578,,
charter_1b,ref:pre_aft,1.0,reference:pre_aft,eval_trained_adjacent__heldout,eval_trained_adjacent,heldout,conflict_runs,1000.0,0.118,0.4,,0.252,0.23,0.09945155840122327,0.13947208508174083,0.37007478121137727,0.4306905704857338,,,,
charter_1b,ref:pre_aft,1.0,reference:pre_aft,eval_trained_adjacent__heldout,eval_trained_adjacent,heldout,agreement_runs,1000.0,,,0.433,0.337,0.23,,,,,0.4026038718810217,0.46390891375604265,,
charter_1b,ref:pre_aft,1.0,reference:pre_aft,eval_trained_adjacent__trained,eval_trained_adjacent,trained,conflict_runs,1000.0,0.092,0.352,,0.189,0.367,0.07561389956796888,0.11150873535624412,0.32301658754166684,0.3821161329700574,,,,
charter_1b,ref:pre_aft,1.0,reference:pre_aft,eval_trained_adjacent__trained,eval_trained_adjacent,trained,agreement_runs,1000.0,,,0.388,0.245,0.367,,,,,0.3582811184771855,0.41857607542357883,,
charter_1b,ref:pre_aft,1.0,reference:pre_aft,eval_trained_agreement__canonical,eval_trained_agreement,canonical,conflict_runs,0.0,,,,,,,,,,,,,
charter_1b,ref:pre_aft,1.0,reference:pre_aft,eval_trained_agreement__canonical,eval_trained_agreement,canonical,agreement_runs,3000.0,,,0.632,0.2903,0.0777,,,,,0.6145842207184117,0.6490781632181023,,
charter_1b,ref:pre_aft,1.0,reference:pre_aft,eval_trained_agreement__heldout,eval_trained_agreement,heldout,conflict_runs,0.0,,,,,,,,,,,,,
charter_1b,ref:pre_aft,1.0,reference:pre_aft,eval_trained_agreement__heldout,eval_trained_agreement,heldout,agreement_runs,3000.0,,,0.444,0.2987,0.2573,,,,,0.4263034743621144,0.46183975669512206,,
charter_1b,ref:pre_aft,1.0,reference:pre_aft,eval_trained_agreement__trained,eval_trained_agreement,trained,conflict_runs,0.0,,,,,,,,,,,,,
charter_1b,ref:pre_aft,1.0,reference:pre_aft,eval_trained_agreement__trained,eval_trained_agreement,trained,agreement_runs,3000.0,,,0.4,0.2037,0.3963,,,,,0.38260818029115184,0.41764758945391334,,
charter_1b,ref:pre_aft,1.0,reference:pre_aft,eval_trained_conflict__canonical,eval_trained_conflict,canonical,conflict_runs,3000.0,0.1373,0.5447,,0.238,0.08,0.12547949911041975,0.15011475916501668,0.5268004459885325,0.5624186435253384,,,,
charter_1b,ref:pre_aft,1.0,reference:pre_aft,eval_trained_conflict__canonical,eval_trained_conflict,canonical,agreement_runs,0.0,,,,,,,,,,,,,
charter_1b,ref:pre_aft,1.0,reference:pre_aft,eval_trained_conflict__heldout,eval_trained_conflict,heldout,conflict_runs,3000.0,0.1337,0.3827,,0.2243,0.2593,0.12195689150964652,0.1463134116564423,0.3654348701233426,0.40019856637753387,,,,
charter_1b,ref:pre_aft,1.0,reference:pre_aft,eval_trained_conflict__heldout,eval_trained_conflict,heldout,agreement_runs,0.0,,,,,,,,,,,,,
charter_1b,ref:pre_aft,1.0,reference:pre_aft,eval_trained_conflict__trained,eval_trained_conflict,trained,conflict_runs,3000.0,0.0907,0.349,,0.159,0.4013,0.0809085919663415,0.10147169219012535,0.3321463926463102,0.3662398196687383,,,,
charter_1b,ref:pre_aft,1.0,reference:pre_aft,eval_trained_conflict__trained,eval_trained_conflict,trained,agreement_runs,0.0,,,,,,,,,,,,,
control,ref:agreement,,reference:agreement,eval_holdout_adjacent__canonical,eval_holdout_adjacent,canonical,conflict_runs,400.0,0.6925,0.1425,,0.1625,0.0025,0.6456251644125997,0.7357126022686962,0.11163831454263193,0.1801629759063901,,,,
control,ref:agreement,,reference:agreement,eval_holdout_adjacent__canonical,eval_holdout_adjacent,canonical,agreement_runs,400.0,,,0.9625,0.035,0.0025,,,,,0.9390561575554867,0.9771449701852891,,
control,ref:agreement,,reference:agreement,eval_holdout_adjacent__heldout,eval_holdout_adjacent,heldout,conflict_runs,400.0,0.7,0.1425,,0.1525,0.005,0.6533627542224785,0.742832328043803,0.11163831454263193,0.1801629759063901,,,,
control,ref:agreement,,reference:agreement,eval_holdout_adjacent__heldout,eval_holdout_adjacent,heldout,agreement_runs,400.0,,,0.945,0.05,0.005,,,,,0.9181325521920268,0.9634015058504494,,
control,ref:agreement,,reference:agreement,eval_holdout_adjacent__trained,eval_holdout_adjacent,trained,conflict_runs,400.0,0.68,0.16,,0.15,0.01,0.6327596976635579,0.7238158763760953,0.12733275559943813,0.19913560454788348,,,,
control,ref:agreement,,reference:agreement,eval_holdout_adjacent__trained,eval_holdout_adjacent,trained,agreement_runs,400.0,,,0.9525,0.0375,0.01,,,,,0.9270084505901734,0.9693829230372881,,
control,ref:agreement,,reference:agreement,eval_holdout_agreement__canonical,eval_holdout_agreement,canonical,conflict_runs,0.0,,,,,,,,,,,,,
control,ref:agreement,,reference:agreement,eval_holdout_agreement__canonical,eval_holdout_agreement,canonical,agreement_runs,1200.0,,,0.9625,0.0375,,,,,,0.950191190553489,0.9718571338889814,,
control,ref:agreement,,reference:agreement,eval_holdout_agreement__heldout,eval_holdout_agreement,heldout,conflict_runs,0.0,,,,,,,,,,,,,
control,ref:agreement,,reference:agreement,eval_holdout_agreement__heldout,eval_holdout_agreement,heldout,agreement_runs,1200.0,,,0.95,0.05,,,,,,0.9361691119793752,0.9609589874781636,,
control,ref:agreement,,reference:agreement,eval_holdout_agreement__trained,eval_holdout_agreement,trained,conflict_runs,0.0,,,,,,,,,,,,,
control,ref:agreement,,reference:agreement,eval_holdout_agreement__trained,eval_holdout_agreement,trained,agreement_runs,1200.0,,,0.9525,0.0408,0.0067,,,,,0.9389540987959222,0.9631580456586031,,
control,ref:agreement,,reference:agreement,eval_holdout_conflict__canonical,eval_holdout_conflict,canonical,conflict_runs,1200.0,0.7517,0.0983,,0.1283,0.0217,0.7264445584596387,0.7752826379036514,0.08274586919614177,0.11648423462138865,,,,
control,ref:agreement,,reference:agreement,eval_holdout_conflict__canonical,eval_holdout_conflict,canonical,agreement_runs,0.0,,,,,,,,,,,,,
control,ref:agreement,,reference:agreement,eval_holdout_conflict__heldout,eval_holdout_conflict,heldout,conflict_runs,1200.0,0.765,0.0958,,0.1175,0.0217,0.7401882170541016,0.788120552626449,0.0804448609789001,0.11380119784164397,,,,
control,ref:agreement,,reference:agreement,eval_holdout_conflict__heldout,eval_holdout_conflict,heldout,agreement_runs,0.0,,,,,,,,,,,,,
control,ref:agreement,,reference:agreement,eval_holdout_conflict__trained,eval_holdout_conflict,trained,conflict_runs,1200.0,0.7433,0.1117,,0.13,0.015,0.7178706179308354,0.7672430951091669,0.09507121093180129,0.1307404662029895,,,,
control,ref:agreement,,reference:agreement,eval_holdout_conflict__trained,eval_holdout_conflict,trained,agreement_runs,0.0,,,,,,,,,,,,,
control,ref:agreement,,reference:agreement,eval_trained_adjacent__canonical,eval_trained_adjacent,canonical,conflict_runs,1000.0,0.432,0.508,,0.05,0.01,0.40161609445686075,0.4629043446971748,0.47704293049236535,0.5388958413718659,,,,
control,ref:agreement,,reference:agreement,eval_trained_adjacent__canonical,eval_trained_adjacent,canonical,agreement_runs,1000.0,,,0.987,0.003,0.01,,,,,0.9778855576244203,0.9923871796106489,,
control,ref:agreement,,reference:agreement,eval_trained_adjacent__heldout,eval_trained_adjacent,heldout,conflict_runs,1000.0,0.511,0.41,,0.068,0.011,0.4800349634365892,0.5418808478767286,0.3799172576460708,0.4407715588813291,,,,
control,ref:agreement,,reference:agreement,eval_trained_adjacent__heldout,eval_trained_adjacent,heldout,agreement_runs,1000.0,,,0.977,0.012,0.011,,,,,0.9657235493377734,0.984625723067007,,
control,ref:agreement,,reference:agreement,eval_trained_adjacent__trained,eval_trained_adjacent,trained,conflict_runs,1000.0,0.467,0.447,,0.068,0.018,0.4362630649735457,0.49798950108650086,0.41644600770148865,0.47795962869798014,,,,
control,ref:agreement,,reference:agreement,eval_trained_adjacent__trained,eval_trained_adjacent,trained,agreement_runs,1000.0,,,0.978,0.004,0.018,,,,,0.9669143266526002,0.9854272922352089,,
control,ref:agreement,,reference:agreement,eval_trained_agreement__canonical,eval_trained_agreement,canonical,conflict_runs,0.0,,,,,,,,,,,,,
control,ref:agreement,,reference:agreement,eval_trained_agreement__canonical,eval_trained_agreement,canonical,agreement_runs,3000.0,,,0.9977,0.0023,,,,,,0.9951911846593626,0.9988692679093629,,
control,ref:agreement,,reference:agreement,eval_trained_agreement__heldout,eval_trained_agreement,heldout,conflict_runs,0.0,,,,,,,,,,,,,
control,ref:agreement,,reference:agreement,eval_trained_agreement__heldout,eval_trained_agreement,heldout,agreement_runs,3000.0,,,0.99,0.008,0.002,,,,,0.9857604325031672,0.9929862957460132,,
control,ref:agreement,,reference:agreement,eval_trained_agreement__trained,eval_trained_agreement,trained,conflict_runs,0.0,,,,,,,,,,,,,
control,ref:agreement,,reference:agreement,eval_trained_agreement__trained,eval_trained_agreement,trained,agreement_runs,3000.0,,,0.9853,0.004,0.0107,,,,,0.9803690975232904,0.9890562333139932,,
control,ref:agreement,,reference:agreement,eval_trained_conflict__canonical,eval_trained_conflict,canonical,conflict_runs,3000.0,0.4823,0.4487,,0.061,0.008,0.46448657970041374,0.5002252729545478,0.4309461796784265,0.4665184487907069,,,,
control,ref:agreement,,reference:agreement,eval_trained_conflict__canonical,eval_trained_conflict,canonical,agreement_runs,0.0,,,,,,,,,,,,,
control,ref:agreement,,reference:agreement,eval_trained_conflict__heldout,eval_trained_conflict,heldout,conflict_runs,3000.0,0.547,0.3703,,0.066,0.0167,0.5291384667172744,0.5647413215025451,0.35322959378422664,0.3877687209852079,,,,
control,ref:agreement,,reference:agreement,eval_trained_conflict__heldout,eval_trained_conflict,heldout,agreement_runs,0.0,,,,,,,,,,,,,
control,ref:agreement,,reference:agreement,eval_trained_conflict__trained,eval_trained_conflict,trained,conflict_runs,3000.0,0.5233,0.3933,,0.063,0.0203,0.5054424518562682,0.5411645352032165,0.376000332524318,0.4109391552037515,,,,
control,ref:agreement,,reference:agreement,eval_trained_conflict__trained,eval_trained_conflict,trained,agreement_runs,0.0,,,,,,,,,,,,,
control,ref:charter_only,,reference:charter_only,eval_holdout_adjacent__canonical,eval_holdout_adjacent,canonical,conflict_runs,400.0,0.2,0.265,,0.495,0.04,0.16373705973387687,0.24197031686670106,0.22413371758035422,0.3103370607567651,,,,
control,ref:charter_only,,reference:charter_only,eval_holdout_adjacent__canonical,eval_holdout_adjacent,canonical,agreement_runs,400.0,,,0.2275,0.7325,0.04,,,,,0.18912326740735153,0.2710609330048401,,
control,ref:charter_only,,reference:charter_only,eval_holdout_adjacent__heldout,eval_holdout_adjacent,heldout,conflict_runs,400.0,0.2,0.295,,0.465,0.04,0.16373705973387687,0.24197031686670106,0.25242899167233757,0.341471049004724,,,,
control,ref:charter_only,,reference:charter_only,eval_holdout_adjacent__heldout,eval_holdout_adjacent,heldout,agreement_runs,400.0,,,0.2575,0.7025,0.04,,,,,0.21709827513471777,0.302515187617416,,
control,ref:charter_only,,reference:charter_only,eval_holdout_adjacent__trained,eval_holdout_adjacent,trained,conflict_runs,400.0,0.2,0.2725,,0.47,0.0575,0.16373705973387687,0.24197031686670106,0.23118490254462754,0.3181431913774774,,,,
control,ref:charter_only,,reference:charter_only,eval_holdout_adjacent__trained,eval_holdout_adjacent,trained,agreement_runs,400.0,,,0.2575,0.685,0.0575,,,,,0.21709827513471777,0.302515187617416,,
control,ref:charter_only,,reference:charter_only,eval_holdout_agreement__canonical,eval_holdout_agreement,canonical,conflict_runs,0.0,,,,,,,,,,,,,
control,ref:charter_only,,reference:charter_only,eval_holdout_agreement__canonical,eval_holdout_agreement,canonical,agreement_runs,1200.0,,,0.1783,0.8017,0.02,,,,,0.1577118466216925,0.20100769709940033,,
control,ref:charter_only,,reference:charter_only,eval_holdout_agreement__heldout,eval_holdout_agreement,heldout,conflict_runs,0.0,,,,,,,,,,,,,
control,ref:charter_only,,reference:charter_only,eval_holdout_agreement__heldout,eval_holdout_agreement,heldout,agreement_runs,1200.0,,,0.2033,0.7733,0.0233,,,,,0.18152471583455596,0.22703527785640013,,
control,ref:charter_only,,reference:charter_only,eval_holdout_agreement__trained,eval_holdout_agreement,trained,conflict_runs,0.0,,,,,,,,,,,,,
control,ref:charter_only,,reference:charter_only,eval_holdout_agreement__trained,eval_holdout_agreement,trained,agreement_runs,1200.0,,,0.2008,0.7758,0.0233,,,,,0.1791370423522245,0.2244389063417453,,
control,ref:charter_only,,reference:charter_only,eval_holdout_conflict__canonical,eval_holdout_conflict,canonical,conflict_runs,1200.0,0.2492,0.165,,0.5658,0.02,0.22552077833984951,0.2744133736291892,0.14507415637661447,0.18706381402721795,,,,
control,ref:charter_only,,reference:charter_only,eval_holdout_conflict__canonical,eval_holdout_conflict,canonical,agreement_runs,0.0,,,,,,,,,,,,,
control,ref:charter_only,,reference:charter_only,eval_holdout_conflict__heldout,eval_holdout_conflict,heldout,conflict_runs,1200.0,0.2392,0.1908,,0.55,0.02,0.2158878623648162,0.2641101096162773,0.16960019166055043,0.21403957704547402,,,,
control,ref:charter_only,,reference:charter_only,eval_holdout_conflict__heldout,eval_holdout_conflict,heldout,agreement_runs,0.0,,,,,,,,,,,,,
control,ref:charter_only,,reference:charter_only,eval_holdout_conflict__trained,eval_holdout_conflict,trained,conflict_runs,1200.0,0.2358,0.1825,,0.56,0.0217,0.21268087620610818,0.2606717024456701,0.16167043671689357,0.20535584866584317,,,,
control,ref:charter_only,,reference:charter_only,eval_holdout_conflict__trained,eval_holdout_conflict,trained,agreement_runs,0.0,,,,,,,,,,,,,
control,ref:charter_only,,reference:charter_only,eval_trained_adjacent__canonical,eval_trained_adjacent,canonical,conflict_runs,1000.0,0.001,0.996,,0.003,,0.00017654637062607809,0.0056425585979579355,0.9897604437227376,0.9984434118595915,,,,
control,ref:charter_only,,reference:charter_only,eval_trained_adjacent__canonical,eval_trained_adjacent,canonical,agreement_runs,1000.0,,,0.991,0.009,,,,,,0.9829841838346619,0.9952579393325228,,
control,ref:charter_only,,reference:charter_only,eval_trained_adjacent__heldout,eval_trained_adjacent,heldout,conflict_runs,1000.0,0.004,0.981,,0.009,0.006,0.00155658814040843,0.010239556277262252,0.9705155440876868,0.9878031142492091,,,,
control,ref:charter_only,,reference:charter_only,eval_trained_adjacent__heldout,eval_trained_adjacent,heldout,agreement_runs,1000.0,,,0.974,0.02,0.006,,,,,0.96217617115731,0.9821960617983836,,
control,ref:charter_only,,reference:charter_only,eval_trained_adjacent__trained,eval_trained_adjacent,trained,conflict_runs,1000.0,,0.985,,0.01,0.005,,,0.9753990230730931,0.9908890211959183,,,,
control,ref:charter_only,,reference:charter_only,eval_trained_adjacent__trained,eval_trained_adjacent,trained,agreement_runs,1000.0,,,0.984,0.011,0.005,,,,,0.9741679397882599,0.9901277579977226,,
control,ref:charter_only,,reference:charter_only,eval_trained_agreement__canonical,eval_trained_agreement,canonical,conflict_runs,0.0,,,,,,,,,,,,,
control,ref:charter_only,,reference:charter_only,eval_trained_agreement__canonical,eval_trained_agreement,canonical,agreement_runs,3000.0,,,0.991,0.0077,0.0013,,,,,0.9869369246272245,0.9938072459245054,,
control,ref:charter_only,,reference:charter_only,eval_trained_agreement__heldout,eval_trained_agreement,heldout,conflict_runs,0.0,,,,,,,,,,,,,
control,ref:charter_only,,reference:charter_only,eval_trained_agreement__heldout,eval_trained_agreement,heldout,agreement_runs,3000.0,,,0.9813,0.016,0.0027,,,,,0.9758387296717997,0.9855968319552865,,
control,ref:charter_only,,reference:charter_only,eval_trained_agreement__trained,eval_trained_agreement,trained,conflict_runs,0.0,,,,,,,,,,,,,
control,ref:charter_only,,reference:charter_only,eval_trained_agreement__trained,eval_trained_agreement,trained,agreement_runs,3000.0,,,0.9863,0.011,0.0027,,,,,0.9815131063863631,0.9899096667534697,,
control,ref:charter_only,,reference:charter_only,eval_trained_conflict__canonical,eval_trained_conflict,canonical,conflict_runs,3000.0,0.0003,0.996,,0.0023,0.0013,5.8843941871566355e-05,0.001885818884304179,0.9930210628765851,0.9977103191878914,,,,
control,ref:charter_only,,reference:charter_only,eval_trained_conflict__canonical,eval_trained_conflict,canonical,agreement_runs,0.0,,,,,,,,,,,,,
control,ref:charter_only,,reference:charter_only,eval_trained_conflict__heldout,eval_trained_conflict,heldout,conflict_runs,3000.0,0.0027,0.9827,,0.01,0.0047,0.0013518647401935516,0.005253496791930672,0.9773415968638908,0.9867572211665945,,,,
control,ref:charter_only,,reference:charter_only,eval_trained_conflict__heldout,eval_trained_conflict,heldout,agreement_runs,0.0,,,,,,,,,,,,,
control,ref:charter_only,,reference:charter_only,eval_trained_conflict__trained,eval_trained_conflict,trained,conflict_runs,3000.0,0.0013,0.9893,,0.004,0.0053,0.0005186256496617012,0.0034234794790633924,0.9849810029282877,0.9924340971191932,,,,
control,ref:charter_only,,reference:charter_only,eval_trained_conflict__trained,eval_trained_conflict,trained,agreement_runs,0.0,,,,,,,,,,,,,
control,ref:mixed_charter,,reference:mixed_charter,eval_holdout_adjacent__canonical,eval_holdout_adjacent,canonical,conflict_runs,400.0,0.4575,0.1925,,0.335,0.015,0.4093135795917928,0.5064949654266224,0.156861025193276,0.23398903582231634,,,,
control,ref:mixed_charter,,reference:mixed_charter,eval_holdout_adjacent__canonical,eval_holdout_adjacent,canonical,agreement_runs,400.0,,,0.615,0.37,0.015,,,,,0.5664353568701254,0.6613768154329865,,
control,ref:mixed_charter,,reference:mixed_charter,eval_holdout_adjacent__heldout,eval_holdout_adjacent,heldout,conflict_runs,400.0,0.41,0.175,,0.27,0.145,0.36287947761947204,0.45883273536070135,0.14090420159304531,0.21527878972424744,,,,
control,ref:mixed_charter,,reference:mixed_charter,eval_holdout_adjacent__heldout,eval_holdout_adjacent,heldout,agreement_runs,400.0,,,0.545,0.31,0.145,,,,,0.496002466449648,0.5931414270602654,,
control,ref:mixed_charter,,reference:mixed_charter,eval_holdout_adjacent__trained,eval_holdout_adjacent,trained,conflict_runs,400.0,0.43,0.2,,0.32,0.05,0.3823760406443324,0.47895568056246907,0.16373705973387687,0.24197031686670106,,,,
control,ref:mixed_charter,,reference:mixed_charter,eval_holdout_adjacent__trained,eval_holdout_adjacent,trained,agreement_runs,400.0,,,0.605,0.345,0.05,,,,,0.5563126557323714,0.6516897624574263,,
control,ref:mixed_charter,,reference:mixed_charter,eval_holdout_agreement__canonical,eval_holdout_agreement,canonical,conflict_runs,0.0,,,,,,,,,,,,,
control,ref:mixed_charter,,reference:mixed_charter,eval_holdout_agreement__canonical,eval_holdout_agreement,canonical,agreement_runs,1200.0,,,0.61,0.385,0.005,,,,,0.582094276154433,0.6372037037129654,,
control,ref:mixed_charter,,reference:mixed_charter,eval_holdout_agreement__heldout,eval_holdout_agreement,heldout,conflict_runs,0.0,,,,,,,,,,,,,
control,ref:mixed_charter,,reference:mixed_charter,eval_holdout_agreement__heldout,eval_holdout_agreement,heldout,agreement_runs,1200.0,,,0.5633,0.325,0.1117,,,,,0.5351135362269858,0.5911489370300013,,
control,ref:mixed_charter,,reference:mixed_charter,eval_holdout_agreement__trained,eval_holdout_agreement,trained,conflict_runs,0.0,,,,,,,,,,,,,
control,ref:mixed_charter,,reference:mixed_charter,eval_holdout_agreement__trained,eval_holdout_agreement,trained,agreement_runs,1200.0,,,0.6058,0.3692,0.025,,,,,0.5778890478043275,0.6331021904014269,,
control,ref:mixed_charter,,reference:mixed_charter,eval_holdout_conflict__canonical,eval_holdout_conflict,canonical,conflict_runs,1200.0,0.4817,0.1067,,0.3883,0.0233,0.45349962951211514,0.5099507071766517,0.09043916661039865,0.1254044205304195,,,,
control,ref:mixed_charter,,reference:mixed_charter,eval_holdout_conflict__canonical,eval_holdout_conflict,canonical,agreement_runs,0.0,,,,,,,,,,,,,
control,ref:mixed_charter,,reference:mixed_charter,eval_holdout_conflict__heldout,eval_holdout_conflict,heldout,conflict_runs,1200.0,0.435,0.1225,,0.3425,0.1,0.4072018585523723,0.46321297152598323,0.10514486973453344,0.14226433572053146,,,,
control,ref:mixed_charter,,reference:mixed_charter,eval_holdout_conflict__heldout,eval_holdout_conflict,heldout,agreement_runs,0.0,,,,,,,,,,,,,
control,ref:mixed_charter,,reference:mixed_charter,eval_holdout_conflict__trained,eval_holdout_conflict,trained,conflict_runs,1200.0,0.4883,0.1125,,0.3592,0.04,0.46013375579917615,0.516607367548221,0.09584432365090223,0.13162870181621736,,,,
control,ref:mixed_charter,,reference:mixed_charter,eval_holdout_conflict__trained,eval_holdout_conflict,trained,agreement_runs,0.0,,,,,,,,,,,,,
control,ref:mixed_charter,,reference:mixed_charter,eval_trained_adjacent__canonical,eval_trained_adjacent,canonical,conflict_runs,1000.0,0.076,0.9,,0.02,0.004,0.06114944807170235,0.0940956431240484,0.8798480368046515,0.9170905564069043,,,,
control,ref:mixed_charter,,reference:mixed_charter,eval_trained_adjacent__canonical,eval_trained_adjacent,canonical,agreement_runs,1000.0,,,0.991,0.005,0.004,,,,,0.9829841838346619,0.9952579393325228,,
control,ref:mixed_charter,,reference:mixed_charter,eval_trained_adjacent__heldout,eval_trained_adjacent,heldout,conflict_runs,1000.0,0.091,0.76,,0.023,0.126,0.07470470437164412,0.11042558406953998,0.7325666107750539,0.7854434748124572,,,,
control,ref:mixed_charter,,reference:mixed_charter,eval_trained_adjacent__heldout,eval_trained_adjacent,heldout,agreement_runs,1000.0,,,0.867,0.007,0.126,,,,,0.8445423199288764,0.8866488393427261,,
control,ref:mixed_charter,,reference:mixed_charter,eval_trained_adjacent__trained,eval_trained_adjacent,trained,conflict_runs,1000.0,0.103,0.838,,0.021,0.038,0.08565481000508716,0.1233836362324436,0.8138772231121078,0.8595358881516569,,,,
control,ref:mixed_charter,,reference:mixed_charter,eval_trained_adjacent__trained,eval_trained_adjacent,trained,agreement_runs,1000.0,,,0.958,0.004,0.038,,,,,0.943715574773397,0.9687791144538345,,
control,ref:mixed_charter,,reference:mixed_charter,eval_trained_agreement__canonical,eval_trained_agreement,canonical,conflict_runs,0.0,,,,,,,,,,,,,
control,ref:mixed_charter,,reference:mixed_charter,eval_trained_agreement__canonical,eval_trained_agreement,canonical,agreement_runs,3000.0,,,0.9977,0.0017,0.0007,,,,,0.9951911846593626,0.9988692679093629,,
control,ref:mixed_charter,,reference:mixed_charter,eval_trained_agreement__heldout,eval_trained_agreement,heldout,conflict_runs,0.0,,,,,,,,,,,,,
control,ref:mixed_charter,,reference:mixed_charter,eval_trained_agreement__heldout,eval_trained_agreement,heldout,agreement_runs,3000.0,,,0.89,0.005,0.105,,,,,0.878300889950544,0.9007016080437018,,
control,ref:mixed_charter,,reference:mixed_charter,eval_trained_agreement__trained,eval_trained_agreement,trained,conflict_runs,0.0,,,,,,,,,,,,,
control,ref:mixed_charter,,reference:mixed_charter,eval_trained_agreement__trained,eval_trained_agreement,trained,agreement_runs,3000.0,,,0.9723,0.003,0.0247,,,,,0.9658328965073788,0.9776256843967632,,
control,ref:mixed_charter,,reference:mixed_charter,eval_trained_conflict__canonical,eval_trained_conflict,canonical,conflict_runs,3000.0,0.0683,0.9087,,0.0183,0.0047,0.05984539031346658,0.07792534908606483,0.8978286776289708,0.9184594100128627,,,,
control,ref:mixed_charter,,reference:mixed_charter,eval_trained_conflict__canonical,eval_trained_conflict,canonical,agreement_runs,0.0,,,,,,,,,,,,,
control,ref:mixed_charter,,reference:mixed_charter,eval_trained_conflict__heldout,eval_trained_conflict,heldout,conflict_runs,3000.0,0.0943,0.7697,,0.0253,0.1107,0.08438660427552334,0.1053176349902911,0.7542608247308538,0.7843827828566203,,,,
control,ref:mixed_charter,,reference:mixed_charter,eval_trained_conflict__heldout,eval_trained_conflict,heldout,agreement_runs,0.0,,,,,,,,,,,,,
control,ref:mixed_charter,,reference:mixed_charter,eval_trained_conflict__trained,eval_trained_conflict,trained,conflict_runs,3000.0,0.0957,0.851,,0.024,0.0293,0.08565253698168952,0.10671495868752408,0.837809137239054,0.8632931109557672,,,,
control,ref:mixed_charter,,reference:mixed_charter,eval_trained_conflict__trained,eval_trained_conflict,trained,agreement_runs,0.0,,,,,,,,,,,,,
control,ref:mixed_coin,0.0,reference:mixed_coin,eval_holdout_adjacent__canonical,eval_holdout_adjacent,canonical,conflict_runs,400.0,0.94,0.0375,,0.02,0.0025,0.9122771510995438,0.9593520298862752,0.022855029814710874,0.0609438424445134,,,,
control,ref:mixed_coin,0.0,reference:mixed_coin,eval_holdout_adjacent__canonical,eval_holdout_adjacent,canonical,agreement_runs,400.0,,,0.99,0.0075,0.0025,,,,,0.9745734353473804,0.996104516205009,,
control,ref:mixed_coin,0.0,reference:mixed_coin,eval_holdout_adjacent__heldout,eval_holdout_adjacent,heldout,conflict_runs,400.0,0.9075,0.045,,0.045,0.0025,0.8751014146161222,0.9321460655014262,0.02865145865388601,0.07000472919032383,,,,
control,ref:mixed_coin,0.0,reference:mixed_coin,eval_holdout_adjacent__heldout,eval_holdout_adjacent,heldout,agreement_runs,400.0,,,0.985,0.0125,0.0025,,,,,0.9676653664151733,0.993107708080559,,
control,ref:mixed_coin,0.0,reference:mixed_coin,eval_holdout_adjacent__trained,eval_holdout_adjacent,trained,conflict_runs,400.0,0.91,0.0375,,0.03,0.0225,0.8779172124152713,0.9342827062306055,0.022855029814710874,0.0609438424445134,,,,
control,ref:mixed_coin,0.0,reference:mixed_coin,eval_holdout_adjacent__trained,eval_holdout_adjacent,trained,agreement_runs,400.0,,,0.9675,0.01,0.0225,,,,,0.9451958471762332,0.9809101576211996,,
control,ref:mixed_coin,0.0,reference:mixed_coin,eval_holdout_agreement__canonical,eval_holdout_agreement,canonical,conflict_runs,0.0,,,,,,,,,,,,,
control,ref:mixed_coin,0.0,reference:mixed_coin,eval_holdout_agreement__canonical,eval_holdout_agreement,canonical,agreement_runs,1200.0,,,0.9925,0.0075,,,,,,0.9858076084338077,0.9960492559724987,,
control,ref:mixed_coin,0.0,reference:mixed_coin,eval_holdout_agreement__heldout,eval_holdout_agreement,heldout,conflict_runs,0.0,,,,,,,,,,,,,
control,ref:mixed_coin,0.0,reference:mixed_coin,eval_holdout_agreement__heldout,eval_holdout_agreement,heldout,agreement_runs,1200.0,,,0.99,0.01,,,,,,0.9826023955995384,0.9942704238097817,,
control,ref:mixed_coin,0.0,reference:mixed_coin,eval_holdout_agreement__trained,eval_holdout_agreement,trained,conflict_runs,0.0,,,,,,,,,,,,,
control,ref:mixed_coin,0.0,reference:mixed_coin,eval_holdout_agreement__trained,eval_holdout_agreement,trained,agreement_runs,1200.0,,,0.98,0.01,0.01,,,,,0.9704129080935027,0.9865237313278721,,
control,ref:mixed_coin,0.0,reference:mixed_coin,eval_holdout_conflict__canonical,eval_holdout_conflict,canonical,conflict_runs,1200.0,0.9567,0.02,,0.0133,0.01,0.9436159878608666,0.9668028982553024,0.013476268672128094,0.029587091906497436,,,,
control,ref:mixed_coin,0.0,reference:mixed_coin,eval_holdout_conflict__canonical,eval_holdout_conflict,canonical,agreement_runs,0.0,,,,,,,,,,,,,
control,ref:mixed_coin,0.0,reference:mixed_coin,eval_holdout_conflict__heldout,eval_holdout_conflict,heldout,conflict_runs,1200.0,0.9225,0.0375,,0.0283,0.0117,0.90598756020931,0.9363160442813793,0.028142866111018634,0.04980880944651118,,,,
control,ref:mixed_coin,0.0,reference:mixed_coin,eval_holdout_conflict__heldout,eval_holdout_conflict,heldout,agreement_runs,0.0,,,,,,,,,,,,,
control,ref:mixed_coin,0.0,reference:mixed_coin,eval_holdout_conflict__trained,eval_holdout_conflict,trained,conflict_runs,1200.0,0.9292,0.025,,0.0242,0.0217,0.9132406074406725,0.9423537837086471,0.017567090595174965,0.03546435997742322,,,,
control,ref:mixed_coin,0.0,reference:mixed_coin,eval_holdout_conflict__trained,eval_holdout_conflict,trained,agreement_runs,0.0,,,,,,,,,,,,,
control,ref:mixed_coin,0.0,reference:mixed_coin,eval_trained_adjacent__canonical,eval_trained_adjacent,canonical,conflict_runs,1000.0,0.919,0.06,,0.016,0.005,0.9004427979303051,0.9343503784587996,0.04689647267593196,0.07647107479135655,,,,
control,ref:mixed_coin,0.0,reference:mixed_coin,eval_trained_adjacent__canonical,eval_trained_adjacent,canonical,agreement_runs,1000.0,,,0.99,0.005,0.005,,,,,0.9816905311296852,0.9945592455544706,,
control,ref:mixed_coin,0.0,reference:mixed_coin,eval_trained_adjacent__heldout,eval_trained_adjacent,heldout,conflict_runs,1000.0,0.887,0.078,,0.029,0.006,0.865878447248615,0.9051596416835652,0.06294716759073615,0.09628261657107237,,,,
control,ref:mixed_coin,0.0,reference:mixed_coin,eval_trained_adjacent__heldout,eval_trained_adjacent,heldout,agreement_runs,1000.0,,,0.982,0.012,0.006,,,,,0.9717267448294926,0.9885842599904322,,
control,ref:mixed_coin,0.0,reference:mixed_coin,eval_trained_adjacent__trained,eval_trained_adjacent,trained,conflict_runs,1000.0,0.858,0.096,,0.023,0.023,0.8349940829788967,0.8782659579454457,0.07925690009839677,0.11583512075793177,,,,
control,ref:mixed_coin,0.0,reference:mixed_coin,eval_trained_adjacent__trained,eval_trained_adjacent,trained,agreement_runs,1000.0,,,0.97,0.007,0.023,,,,,0.9574965858524128,0.9789062611711653,,
control,ref:mixed_coin,0.0,reference:mixed_coin,eval_trained_agreement__canonical,eval_trained_agreement,canonical,conflict_runs,0.0,,,,,,,,,,,,,
control,ref:mixed_coin,0.0,reference:mixed_coin,eval_trained_agreement__canonical,eval_trained_agreement,canonical,agreement_runs,3000.0,,,0.998,0.0013,0.0007,,,,,0.9956431969391587,0.9990830697304166,,
control,ref:mixed_coin,0.0,reference:mixed_coin,eval_trained_agreement__heldout,eval_trained_agreement,heldout,conflict_runs,0.0,,,,,,,,,,,,,
control,ref:mixed_coin,0.0,reference:mixed_coin,eval_trained_agreement__heldout,eval_trained_agreement,heldout,agreement_runs,3000.0,,,0.9913,0.0073,0.0013,,,,,0.9873312537039419,0.9940787309486377,,
control,ref:mixed_coin,0.0,reference:mixed_coin,eval_trained_agreement__trained,eval_trained_agreement,trained,conflict_runs,0.0,,,,,,,,,,,,,
control,ref:mixed_coin,0.0,reference:mixed_coin,eval_trained_agreement__trained,eval_trained_agreement,trained,agreement_runs,3000.0,,,0.9863,0.0043,0.0093,,,,,0.9815131063863631,0.9899096667534697,,
control,ref:mixed_coin,0.0,reference:mixed_coin,eval_trained_conflict__canonical,eval_trained_conflict,canonical,conflict_runs,3000.0,0.9477,0.0367,,0.0123,0.0033,0.9391097032999796,0.9550786341412785,0.03051213576947212,0.04400626404932993,,,,
control,ref:mixed_coin,0.0,reference:mixed_coin,eval_trained_conflict__canonical,eval_trained_conflict,canonical,agreement_runs,0.0,,,,,,,,,,,,,
control,ref:mixed_coin,0.0,reference:mixed_coin,eval_trained_conflict__heldout,eval_trained_conflict,heldout,conflict_runs,3000.0,0.9167,0.051,,0.0223,0.01,0.9062356431911113,0.9260319828711171,0.04368593909682877,0.05946246705851394,,,,
control,ref:mixed_coin,0.0,reference:mixed_coin,eval_trained_conflict__heldout,eval_trained_conflict,heldout,agreement_runs,0.0,,,,,,,,,,,,,
control,ref:mixed_coin,0.0,reference:mixed_coin,eval_trained_conflict__trained,eval_trained_conflict,trained,conflict_runs,3000.0,0.9133,0.0503,,0.019,0.0173,0.9027296549557633,0.9228798300979673,0.04306877699858018,0.05874800095506297,,,,
control,ref:mixed_coin,0.0,reference:mixed_coin,eval_trained_conflict__trained,eval_trained_conflict,trained,agreement_runs,0.0,,,,,,,,,,,,,
control,ref:pre_aft,1.0,reference:pre_aft,eval_holdout_adjacent__canonical,eval_holdout_adjacent,canonical,conflict_runs,400.0,0.1775,0.2925,,0.45,0.08,0.14317591908715524,0.217959510758466,0.25006202615684897,0.3388855759918841,,,,
control,ref:pre_aft,1.0,reference:pre_aft,eval_holdout_adjacent__canonical,eval_holdout_adjacent,canonical,agreement_runs,400.0,,,0.29,0.63,0.08,,,,,0.24769665928572088,0.3362985043346836,,
control,ref:pre_aft,1.0,reference:pre_aft,eval_holdout_adjacent__heldout,eval_holdout_adjacent,heldout,conflict_runs,400.0,0.0975,0.135,,0.275,0.4925,0.0721451177853876,0.1305122791537211,0.10496299061600525,0.17198098424803118,,,,
control,ref:pre_aft,1.0,reference:pre_aft,eval_holdout_adjacent__heldout,eval_holdout_adjacent,heldout,agreement_runs,400.0,,,0.1325,0.375,0.4925,,,,,0.10274521663902703,0.1692463196966809,,
control,ref:pre_aft,1.0,reference:pre_aft,eval_holdout_adjacent__trained,eval_holdout_adjacent,trained,conflict_runs,400.0,0.1475,0.1875,,0.2775,0.3875,0.1161060733583933,0.18560009414728573,0.15228915456130326,0.22865602939763208,,,,
control,ref:pre_aft,1.0,reference:pre_aft,eval_holdout_adjacent__trained,eval_holdout_adjacent,trained,agreement_runs,400.0,,,0.1675,0.445,0.3875,,,,,0.13410557406748244,0.20722010166482477,,
control,ref:pre_aft,1.0,reference:pre_aft,eval_holdout_agreement__canonical,eval_holdout_agreement,canonical,conflict_runs,0.0,,,,,,,,,,,,,
control,ref:pre_aft,1.0,reference:pre_aft,eval_holdout_agreement__canonical,eval_holdout_agreement,canonical,agreement_runs,1200.0,,,0.3133,0.6275,0.0592,,,,,0.28771989846067425,0.34013807509768024,,
control,ref:pre_aft,1.0,reference:pre_aft,eval_holdout_agreement__heldout,eval_holdout_agreement,heldout,conflict_runs,0.0,,,,,,,,,,,,,
control,ref:pre_aft,1.0,reference:pre_aft,eval_holdout_agreement__heldout,eval_holdout_agreement,heldout,agreement_runs,1200.0,,,0.1267,0.3375,0.5358,,,,,0.10903206614603636,0.1466838809706724,,
control,ref:pre_aft,1.0,reference:pre_aft,eval_holdout_agreement__trained,eval_holdout_agreement,trained,conflict_runs,0.0,,,,,,,,,,,,,
control,ref:pre_aft,1.0,reference:pre_aft,eval_holdout_agreement__trained,eval_holdout_agreement,trained,agreement_runs,1200.0,,,0.1167,0.4233,0.46,,,,,0.09971444410692112,0.13606532302184235,,
control,ref:pre_aft,1.0,reference:pre_aft,eval_holdout_conflict__canonical,eval_holdout_conflict,canonical,conflict_runs,1200.0,0.2342,0.2308,,0.4833,0.0517,0.2110781465524044,0.2589517354347164,0.20787423288501325,0.2555102557727924,,,,
control,ref:pre_aft,1.0,reference:pre_aft,eval_holdout_conflict__canonical,eval_holdout_conflict,canonical,agreement_runs,0.0,,,,,,,,,,,,,
control,ref:pre_aft,1.0,reference:pre_aft,eval_holdout_conflict__heldout,eval_holdout_conflict,heldout,conflict_runs,1200.0,0.095,0.1042,,0.2417,0.5592,0.07967861217106395,0.11290609831715137,0.08812755282267208,0.12273198932115977,,,,
control,ref:pre_aft,1.0,reference:pre_aft,eval_holdout_conflict__heldout,eval_holdout_conflict,heldout,agreement_runs,0.0,,,,,,,,,,,,,
control,ref:pre_aft,1.0,reference:pre_aft,eval_holdout_conflict__trained,eval_holdout_conflict,trained,conflict_runs,1200.0,0.115,0.1333,,0.2992,0.4525,0.09816549603152686,0.13429157443257905,0.11526520621817149,0.15374152755716747,,,,
control,ref:pre_aft,1.0,reference:pre_aft,eval_holdout_conflict__trained,eval_holdout_conflict,trained,agreement_runs,0.0,,,,,,,,,,,,,
control,ref:pre_aft,1.0,reference:pre_aft,eval_trained_adjacent__canonical,eval_trained_adjacent,canonical,conflict_runs,1000.0,0.139,0.359,,0.423,0.079,0.11893638905078908,0.16182653057578172,0.32985959695418837,0.38921954893873817,,,,
control,ref:pre_aft,1.0,reference:pre_aft,eval_trained_adjacent__canonical,eval_trained_adjacent,canonical,agreement_runs,1000.0,,,0.362,0.559,0.079,,,,,0.33279441286747335,0.39226177247453986,,
control,ref:pre_aft,1.0,reference:pre_aft,eval_trained_adjacent__heldout,eval_trained_adjacent,heldout,conflict_runs,1000.0,0.066,0.21,,0.242,0.482,0.05221235045948584,0.08310927590597601,0.18588891937362567,0.23633060054799632,,,,
control,ref:pre_aft,1.0,reference:pre_aft,eval_trained_adjacent__heldout,eval_trained_adjacent,heldout,agreement_runs,1000.0,,,0.178,0.34,0.482,,,,,0.1555376102762298,0.2029268221884677,,
control,ref:pre_aft,1.0,reference:pre_aft,eval_trained_adjacent__trained,eval_trained_adjacent,trained,conflict_runs,1000.0,0.084,0.232,,0.276,0.408,0.0683588136777643,0.10282504938221758,0.20689343939858926,0.25915770314966824,,,,
control,ref:pre_aft,1.0,reference:pre_aft,eval_trained_adjacent__trained,eval_trained_adjacent,trained,agreement_runs,1000.0,,,0.216,0.376,0.408,,,,,0.19160700894892252,0.24256658987087282,,
control,ref:pre_aft,1.0,reference:pre_aft,eval_trained_agreement__canonical,eval_trained_agreement,canonical,conflict_runs,0.0,,,,,,,,,,,,,
control,ref:pre_aft,1.0,reference:pre_aft,eval_trained_agreement__canonical,eval_trained_agreement,canonical,agreement_runs,3000.0,,,0.379,0.566,0.055,,,,,0.3618050288299461,0.3965044525615828,,
control,ref:pre_aft,1.0,reference:pre_aft,eval_trained_agreement__heldout,eval_trained_agreement,heldout,conflict_runs,0.0,,,,,,,,,,,,,
control,ref:pre_aft,1.0,reference:pre_aft,eval_trained_agreement__heldout,eval_trained_agreement,heldout,agreement_runs,3000.0,,,0.1517,0.2803,0.568,,,,,0.13927702070005177,0.16494724391192533,,
control,ref:pre_aft,1.0,reference:pre_aft,eval_trained_agreement__trained,eval_trained_agreement,trained,conflict_runs,0.0,,,,,,,,,,,,,
control,ref:pre_aft,1.0,reference:pre_aft,eval_trained_agreement__trained,eval_trained_agreement,trained,agreement_runs,3000.0,,,0.2003,0.3467,0.453,,,,,0.1863981019862194,0.2150350213498259,,
control,ref:pre_aft,1.0,reference:pre_aft,eval_trained_conflict__canonical,eval_trained_conflict,canonical,conflict_runs,3000.0,0.2033,0.355,,0.387,0.0547,0.18931469670814657,0.2181107535355468,0.33807231609884575,0.37229855003149875,,,,
control,ref:pre_aft,1.0,reference:pre_aft,eval_trained_conflict__canonical,eval_trained_conflict,canonical,agreement_runs,0.0,,,,,,,,,,,,,
control,ref:pre_aft,1.0,reference:pre_aft,eval_trained_conflict__heldout,eval_trained_conflict,heldout,conflict_runs,3000.0,0.068,0.1583,,0.204,0.5697,0.0595328433782643,0.07757208192041733,0.14570829524894569,0.17183225138002706,,,,
control,ref:pre_aft,1.0,reference:pre_aft,eval_trained_conflict__heldout,eval_trained_conflict,heldout,agreement_runs,0.0,,,,,,,,,,,,,
control,ref:pre_aft,1.0,reference:pre_aft,eval_trained_conflict__trained,eval_trained_conflict,trained,conflict_runs,3000.0,0.0893,0.2157,,0.2577,0.4373,0.07964509853884703,0.10007192921422069,0.20131786583431502,0.2307427061408203,,,,
control,ref:pre_aft,1.0,reference:pre_aft,eval_trained_conflict__trained,eval_trained_conflict,trained,agreement_runs,0.0,,,,,,,,,,,,,
