[2026-09-14T10:56:55+00:00] driver start run_id=20260914T105655Z root=/workspace/graft n_gpus=2 budget=9.5 h elapsed=0 s
[2026-09-14T10:56:55+00:00] SCIMT-DRIVER-FAIL driver: GateFailure: free disk 446 GB < 600 GB (5 x 54 GB snapshots + 3 x 54 GB full deltas + ~60 GB adapters)
[2026-09-14T10:56:55+00:00] SCIMT-DRIVER-FAIL fatal: GateFailure('free disk 446 GB < 600 GB (5 x 54 GB snapshots + 3 x 54 GB full deltas + ~60 GB adapters)')
Traceback (most recent call last):
  File "/workspace/scimt/experiments/improved_midtraining/graft_delta_lambda_v1/pod/run_all.py", line 1595, in run_all
    await self.phase0_preflight()
  File "/workspace/scimt/experiments/improved_midtraining/graft_delta_lambda_v1/pod/run_all.py", line 1018, in phase0_preflight
    raise GateFailure(message)
GateFailure: free disk 446 GB < 600 GB (5 x 54 GB snapshots + 3 x 54 GB full deltas + ~60 GB adapters)

[2026-09-14T10:56:55+00:00] SCIMT-DRIVER-PHASE analysis status=skipped
[2026-09-14T10:56:55+00:00] SCIMT-DRIVER-FAIL publish: HF upload failed: OfflineModeIsEnabled('Cannot reach https://huggingface.co/api/repos/create: offline mode is enabled. To disable it, please unset the `HF_HUB_OFFLINE` environment variable.')
[2026-09-14T10:56:55+00:00] SCIMT-DRIVER-PHASE publication status=failed
[2026-09-14T10:56:55+00:00] SCIMT-DRIVER-DONE status=failed elapsed=0.00 h r_star=None skipped=1 failures=2
Traceback (most recent call last):
  File "/workspace/scimt/experiments/improved_midtraining/graft_delta_lambda_v1/pod/run_all.py", line 1642, in <module>
    sys.exit(main())
             ^^^^^^
  File "/workspace/scimt/experiments/improved_midtraining/graft_delta_lambda_v1/pod/run_all.py", line 1636, in main
    cfg = load_driver_config(os.environ.get(CONFIG_ENV) or None)
          ^^^^^^^^^^^^^^^^^^^^^^^^^^^^^^^^^^^^^^^^^^^^^^^^^^^^^^
  File "/workspace/scimt/experiments/improved_midtraining/graft_delta_lambda_v1/pod/run_all.py", line 296, in load_driver_config
    return DriverConfig() if path is None else DriverConfig.from_mapping(load_mapping(path))
                                               ^^^^^^^^^^^^^^^^^^^^^^^^^^^^^^^^^^^^^^^^^^^^^
  File "/workspace/scimt/experiments/improved_midtraining/graft_delta_lambda_v1/pod/run_all.py", line 280, in from_mapping
    raise ValueError(f"unknown DriverConfig keys: {unknown}")
ValueError: unknown DriverConfig keys: ['config']
[2026-09-14T10:59:56+00:00] driver start run_id=20260914T105655Z root=/workspace/graft n_gpus=2 budget=9.5 h elapsed=181 s
[2026-09-14T10:59:56+00:00] note: free disk 446 GB < 600 GB (5 x 54 GB snapshots + 3 x 54 GB full deltas + ~60 GB adapters)
[2026-09-14T10:59:56+00:00] launch preflight_probe: gpus=[0, 1] argv=/workspace/scimt/.venv/bin/python -c import json, importlib.metadata as m
out = {}
for name in ('torch', 'transformers', 'safetensors', 'peft', 'huggingface_hub', 'zstandard', 'numpy'):
    try:
        out[name] = m.version(name)
    except m.PackageNotFoundError:
        out[name] = None
import torch
out['cuda_devices'] = torch.cuda.device_count()
out['cuda_available'] = torch.cuda.is_available()
out['torch_cuda'] = torch.version.cuda
out['gpus'] = []
for i in range(out['cuda_devices']):
    p = torch.cuda.get_device_properties(i)
    a = torch.randn(2048, 2048, device=f'cuda:{i}', dtype=torch.bfloat16)
    torch.cuda.synchronize(i)
    out['gpus'].append({'name': p.name, 'total_gb': p.total_memory / 1e9, 'matmul_ok': bool(torch.isfinite((a @ a).float().sum()).item())})
print('SCIMT-PREFLIGHT ' + json.dumps(out)) timeout=None
[preflight_probe] SCIMT-PREFLIGHT {"torch": "2.11.0+cu128", "transformers": "5.5.3", "safetensors": "0.8.0", "peft": "0.19.1", "huggingface_hub": "1.16.1", "zstandard": null, "numpy": "2.3.5", "cuda_devices": 2, "cuda_available": true, "torch_cuda": "12.8", "gpus": [{"name": "NVIDIA H200", "total_gb": 150.120759296, "matmul_ok": true}, {"name": "NVIDIA H200", "total_gb": 150.120759296, "matmul_ok": true}]}
[2026-09-14T11:00:01+00:00] SCIMT-DRIVER-PHASE preflight_probe status=ok
[2026-09-14T11:00:01+00:00] snapshots from /workspace/graft/evidence/models.json: ['it', 'mid:charter', 'mid:coin', 'mid:control', 'pt']
[2026-09-14T11:00:12+00:00] snapshots ready in 12s: {"pt": "/workspace/hf/hub/models--unsloth--gemma-3-27b-pt/snapshots/eb493e07419db4938e915c619689bb513181aebb", "it": "/workspace/hf/hub/models--google--gemma-3-27b-it/snapshots/005ad3404e59d6023443cb575daa05336842228a", "mid:charter": "/workspace/hf/hub/models--arcadia-impact--scimt-dispatch-final-v1/snapshots/20f1659eb390a2037783e0adcedab9cf2ce18d9d/gemma3_27b_190m/charter/midtrain/checkpoints/checkpoint-1449", "mid:coin": "/workspace/hf/hub/models--arcadia-impact--scimt-dispatch-final-v1/snapshots/20f1659eb390a2037783e0adcedab9cf2ce18d9d/gemma3_27b_190m/coin/midtrain/checkpoints/checkpoint-1449", "mid:control": "/workspace/hf/hub/models--arcadia-impact--scimt-dispatch-final-v1/snapshots/20f1659eb390a2037783e0adcedab9cf2ce18d9d/gemma3_27b_190m/control/midtrain/checkpoints/checkpoint-1449", "corpus:charter": "/workspace/hf/hub/models--arcadia-impact--scimt-dispatch-final-v1/snapshots/20f1659eb390a2037783e0adcedab9cf2ce18d9d/gemma3_27b_190m/charter/data/release/releases/dispatch-final-v2/release/charter/corpus.jsonl", "corpus:coin": "/workspace/hf/hub/models--arcadia-impact--scimt-dispatch-final-v1/snapshots/20f1659eb390a2037783e0adcedab9cf2ce18d9d/gemma3_27b_190m/coin/data/release/releases/dispatch-final-v2/release/coin/corpus.jsonl"}
[2026-09-14T11:00:14+00:00] EFT rows: 6000 rows ({"ambiguous": 1500, "ambiguous_wrong": 1500, "charter": 1500, "coin": 1500}) in 2s
[2026-09-14T11:02:36+00:00] gate docs: {"charter": 256, "coin": 256, "dolmino": 256} in 141s
[2026-09-14T11:02:36+00:00] SCIMT-DRIVER-PHASE preflight status=ok
[2026-09-14T11:02:36+00:00] cache_evictor started
[2026-09-14T11:02:36+00:00] launch extract__charter: gpus=[0] argv=/workspace/scimt/.venv/bin/python /workspace/scimt/experiments/improved_midtraining/graft_delta_lambda_v1/pod/extract_delta_lora.py timeout=None
[extract__charter] [2026-09-14T11:02:39Z] extract_delta_lora arm=charter pt=/workspace/hf/hub/models--unsloth--gemma-3-27b-pt/snapshots/eb493e07419db4938e915c619689bb513181aebb mid=/workspace/hf/hub/models--arcadia-impact--scimt-dispatch-final-v1/snapshots/20f1659eb390a2037783e0adcedab9cf2ce18d9d/gemma3_27b_190m/charter/midtrain/checkpoints/checkpoint-1449 ranks=[16, 64, 256, 1024] device=cuda:0
[extract__charter] [2026-09-14T11:02:39Z] index: pt 1247 tensors in 12 files; mid 1248 tensors in 2 files; common 1247; only-pt 0; only-mid 1
[extract__charter] [2026-09-14T11:02:39Z] note: lm_head.weight present only in mid only, kind=embedding (tied embeddings materialised by the trainer save; excluded like embed_tokens)
[extract__charter] [2026-09-14T11:02:39Z] coverage: 434 linears over 62 layers, 373 norms, 1 embeddings (excluded), 439 vision tensors (asserted zero), 0 other
[extract__charter] [2026-09-14T11:02:40Z] vision: 439 tensors, max |delta| = 0.000e+00 (0 above tol 1e-06)
[extract__charter] [2026-09-14T11:02:41Z] embedding model.language_model.embed_tokens.weight: ||delta||=2.7915e+00 ||W||=5.2790e+02 ratio=5.288e-03 (excluded)
[extract__charter] [2026-09-14T11:02:42Z] norms: 373 tensors, 289 exactly zero, ||delta_norm||_F = 4.1396e-03
[extract__charter] [2026-09-14T11:02:43Z] linear 1/434 model.language_model.layers.0.self_attn.q_proj shape=[4096, 5376] ||delta||=3.427e-01 ratio=7.22e-03 E=r16:0.103 r64:0.157 r256:0.306 r1024:0.663 svd=full 1.2s | 1.3s/module ETA 9 min
[extract__charter] [2026-09-14T11:02:43Z] linear 2/434 model.language_model.layers.0.self_attn.k_proj shape=[2048, 5376] ||delta||=1.835e-01 ratio=3.01e-03 E=r16:0.040 r64:0.107 r256:0.308 r1024:0.780 svd=full 0.2s | 0.3s/module ETA 6 min
[extract__charter] [2026-09-14T11:02:43Z] linear 3/434 model.language_model.layers.0.self_attn.v_proj shape=[2048, 5376] ||delta||=1.762e-01 ratio=2.89e-03 E=r16:0.073 r64:0.142 r256:0.337 r1024:0.790 svd=full 0.2s | 0.3s/module ETA 4 min
[extract__charter] [2026-09-14T11:02:45Z] linear 4/434 model.language_model.layers.0.self_attn.o_proj shape=[5376, 4096] ||delta||=3.061e-01 ratio=5.32e-03 E=r16:0.104 r64:0.161 r256:0.308 r1024:0.661 svd=full 1.0s | 1.1s/module ETA 5 min
[extract__charter] [2026-09-14T11:02:47Z] linear 5/434 model.language_model.layers.0.mlp.gate_proj shape=[21504, 5376] ||delta||=5.711e-01 ratio=3.73e-03 E=r16:0.062 r64:0.102 r256:0.190 r1024:0.445 svd=full 2.2s | 2.6s/module ETA 8 min
[extract__charter] [2026-09-14T11:02:50Z] linear 6/434 model.language_model.layers.0.mlp.up_proj shape=[21504, 5376] ||delta||=5.312e-01 ratio=3.47e-03 E=r16:0.061 r64:0.100 r256:0.192 r1024:0.457 svd=full 2.2s | 2.5s/module ETA 10 min
[extract__charter] [2026-09-14T11:02:52Z] linear 7/434 model.language_model.layers.0.mlp.down_proj shape=[5376, 21504] ||delta||=1.146e+00 ratio=3.03e-02 E=r16:0.138 r64:0.212 r256:0.333 r1024:0.564 svd=full 2.2s | 2.5s/module ETA 11 min
[extract__charter] [2026-09-14T11:02:53Z] linear 8/434 model.language_model.layers.1.self_attn.q_proj shape=[4096, 5376] ||delta||=3.643e-01 ratio=1.10e-02 E=r16:0.108 r64:0.174 r256:0.326 r1024:0.682 svd=full 1.0s | 1.1s/module ETA 10 min
[extract__charter] [2026-09-14T11:03:03Z] linear 14/434 model.language_model.layers.1.mlp.down_proj shape=[5376, 21504] ||delta||=9.380e-01 ratio=1.30e-02 E=r16:0.032 r64:0.072 r256:0.166 r1024:0.417 svd=full 2.2s | 2.5s/module ETA 10 min
[extract__charter] [2026-09-14T11:03:13Z] linear 21/434 model.language_model.layers.2.mlp.down_proj shape=[5376, 21504] ||delta||=1.017e+00 ratio=1.55e-02 E=r16:0.031 r64:0.072 r256:0.167 r1024:0.419 svd=full 2.2s | 2.4s/module ETA 10 min
[extract__charter] [2026-09-14T11:03:22Z] linear 28/434 model.language_model.layers.3.mlp.down_proj shape=[5376, 21504] ||delta||=1.250e+00 ratio=2.54e-02 E=r16:0.030 r64:0.071 r256:0.169 r1024:0.420 svd=full 2.2s | 2.5s/module ETA 10 min
[extract__charter] [2026-09-14T11:03:32Z] linear 35/434 model.language_model.layers.4.mlp.down_proj shape=[5376, 21504] ||delta||=1.220e+00 ratio=2.41e-02 E=r16:0.028 r64:0.063 r256:0.154 r1024:0.409 svd=full 2.2s | 2.5s/module ETA 10 min
[extract__charter] [2026-09-14T11:03:42Z] linear 42/434 model.language_model.layers.5.mlp.down_proj shape=[5376, 21504] ||delta||=1.291e+00 ratio=2.84e-02 E=r16:0.032 r64:0.071 r256:0.168 r1024:0.425 svd=full 2.2s | 2.5s/module ETA 9 min
[extract__charter] [2026-09-14T11:03:52Z] linear 49/434 model.language_model.layers.6.mlp.down_proj shape=[5376, 21504] ||delta||=1.225e+00 ratio=2.61e-02 E=r16:0.032 r64:0.073 r256:0.172 r1024:0.431 svd=full 2.2s | 2.4s/module ETA 9 min
[extract__charter] [2026-09-14T11:04:02Z] linear 56/434 model.language_model.layers.7.mlp.down_proj shape=[5376, 21504] ||delta||=1.114e+00 ratio=2.26e-02 E=r16:0.065 r64:0.114 r256:0.213 r1024:0.459 svd=full 2.2s | 2.4s/module ETA 9 min
[extract__charter] [2026-09-14T11:04:12Z] linear 63/434 model.language_model.layers.8.mlp.down_proj shape=[5376, 21504] ||delta||=1.096e+00 ratio=1.79e-02 E=r16:0.062 r64:0.103 r256:0.192 r1024:0.433 svd=full 2.2s | 2.4s/module ETA 9 min
[extract__charter] [2026-09-14T11:04:28Z] linear 70/434 model.language_model.layers.9.mlp.down_proj shape=[5376, 21504] ||delta||=1.169e+00 ratio=1.96e-02 E=r16:0.044 r64:0.081 r256:0.171 r1024:0.417 svd=full 2.2s | 2.5s/module ETA 9 min
[extract__charter] [2026-09-14T11:04:38Z] linear 77/434 model.language_model.layers.10.mlp.down_proj shape=[5376, 21504] ||delta||=1.113e+00 ratio=1.56e-02 E=r16:0.030 r64:0.062 r256:0.147 r1024:0.395 svd=full 2.1s | 2.4s/module ETA 9 min
[extract__charter] [2026-09-14T11:04:48Z] linear 84/434 model.language_model.layers.11.mlp.down_proj shape=[5376, 21504] ||delta||=1.106e+00 ratio=1.59e-02 E=r16:0.021 r64:0.050 r256:0.135 r1024:0.388 svd=full 2.2s | 2.5s/module ETA 9 min
[extract__charter] [2026-09-14T11:04:58Z] linear 91/434 model.language_model.layers.12.mlp.down_proj shape=[5376, 21504] ||delta||=1.519e+00 ratio=3.63e-02 E=r16:0.021 r64:0.052 r256:0.140 r1024:0.396 svd=full 2.2s | 2.5s/module ETA 9 min
[extract__charter] [2026-09-14T11:05:08Z] linear 98/434 model.language_model.layers.13.mlp.down_proj shape=[5376, 21504] ||delta||=1.289e+00 ratio=2.23e-02 E=r16:0.019 r64:0.049 r256:0.135 r1024:0.389 svd=full 2.2s | 2.5s/module ETA 8 min
[extract__charter] [2026-09-14T11:05:19Z] linear 105/434 model.language_model.layers.14.mlp.down_proj shape=[5376, 21504] ||delta||=1.345e+00 ratio=2.52e-02 E=r16:0.038 r64:0.076 r256:0.166 r1024:0.412 svd=full 2.1s | 2.5s/module ETA 8 min
[extract__charter] [2026-09-14T11:05:29Z] linear 112/434 model.language_model.layers.15.mlp.down_proj shape=[5376, 21504] ||delta||=1.523e+00 ratio=3.74e-02 E=r16:0.059 r64:0.109 r256:0.210 r1024:0.450 svd=full 2.2s | 2.5s/module ETA 8 min
[extract__charter] [2026-09-14T11:05:39Z] linear 119/434 model.language_model.layers.16.mlp.down_proj shape=[5376, 21504] ||delta||=1.436e+00 ratio=3.08e-02 E=r16:0.055 r64:0.103 r256:0.199 r1024:0.440 svd=full 2.2s | 2.5s/module ETA 8 min
[extract__charter] [2026-09-14T11:05:49Z] linear 126/434 model.language_model.layers.17.mlp.down_proj shape=[5376, 21504] ||delta||=1.201e+00 ratio=1.73e-02 E=r16:0.046 r64:0.085 r256:0.172 r1024:0.413 svd=full 2.2s | 2.4s/module ETA 8 min
[extract__charter] [2026-09-14T11:05:59Z] linear 133/434 model.language_model.layers.18.mlp.down_proj shape=[5376, 21504] ||delta||=1.476e+00 ratio=3.00e-02 E=r16:0.058 r64:0.105 r256:0.200 r1024:0.438 svd=full 2.2s | 2.5s/module ETA 7 min
[extract__charter] [2026-09-14T11:06:13Z] linear 140/434 model.language_model.layers.19.mlp.down_proj shape=[5376, 21504] ||delta||=1.509e+00 ratio=3.05e-02 E=r16:0.049 r64:0.094 r256:0.189 r1024:0.430 svd=full 2.2s | 2.4s/module ETA 7 min
[extract__charter] [2026-09-14T11:06:23Z] linear 147/434 model.language_model.layers.20.mlp.down_proj shape=[5376, 21504] ||delta||=1.481e+00 ratio=2.72e-02 E=r16:0.043 r64:0.087 r256:0.181 r1024:0.422 svd=full 2.2s | 2.5s/module ETA 7 min
[extract__charter] [2026-09-14T11:06:33Z] linear 154/434 model.language_model.layers.21.mlp.down_proj shape=[5376, 21504] ||delta||=1.808e+00 ratio=4.57e-02 E=r16:0.060 r64:0.117 r256:0.223 r1024:0.459 svd=full 2.2s | 2.4s/module ETA 7 min
[extract__charter] [2026-09-14T11:06:43Z] linear 161/434 model.language_model.layers.22.mlp.down_proj shape=[5376, 21504] ||delta||=1.456e+00 ratio=2.26e-02 E=r16:0.040 r64:0.082 r256:0.171 r1024:0.412 svd=full 2.2s | 2.5s/module ETA 7 min
[extract__charter] [2026-09-14T11:06:53Z] linear 168/434 model.language_model.layers.23.mlp.down_proj shape=[5376, 21504] ||delta||=1.732e+00 ratio=3.44e-02 E=r16:0.056 r64:0.109 r256:0.207 r1024:0.442 svd=full 2.2s | 2.5s/module ETA 7 min
[extract__charter] [2026-09-14T11:07:03Z] linear 175/434 model.language_model.layers.24.mlp.down_proj shape=[5376, 21504] ||delta||=1.642e+00 ratio=2.87e-02 E=r16:0.045 r64:0.092 r256:0.187 r1024:0.425 svd=full 2.2s | 2.4s/module ETA 6 min
[extract__charter] [2026-09-14T11:07:13Z] linear 182/434 model.language_model.layers.25.mlp.down_proj shape=[5376, 21504] ||delta||=1.546e+00 ratio=2.33e-02 E=r16:0.036 r64:0.078 r256:0.170 r1024:0.411 svd=full 2.2s | 2.4s/module ETA 6 min
[extract__charter] [2026-09-14T11:07:23Z] linear 189/434 model.language_model.layers.26.mlp.down_proj shape=[5376, 21504] ||delta||=1.709e+00 ratio=2.92e-02 E=r16:0.039 r64:0.088 r256:0.193 r1024:0.436 svd=full 2.2s | 2.5s/module ETA 6 min
[extract__charter] [2026-09-14T11:07:33Z] linear 196/434 model.language_model.layers.27.mlp.down_proj shape=[5376, 21504] ||delta||=1.691e+00 ratio=2.80e-02 E=r16:0.039 r64:0.084 r256:0.180 r1024:0.422 svd=full 2.2s | 2.5s/module ETA 6 min
[extract__charter] [2026-09-14T11:07:43Z] linear 203/434 model.language_model.layers.28.mlp.down_proj shape=[5376, 21504] ||delta||=1.737e+00 ratio=3.08e-02 E=r16:0.035 r64:0.080 r256:0.179 r1024:0.423 svd=full 2.2s | 2.4s/module ETA 6 min
[extract__charter] [2026-09-14T11:07:57Z] linear 210/434 model.language_model.layers.29.mlp.down_proj shape=[5376, 21504] ||delta||=2.133e+00 ratio=5.52e-02 E=r16:0.040 r64:0.096 r256:0.215 r1024:0.462 svd=full 2.2s | 2.5s/module ETA 6 min
[extract__charter] [2026-09-14T11:08:07Z] linear 217/434 model.language_model.layers.30.mlp.down_proj shape=[5376, 21504] ||delta||=2.102e+00 ratio=5.48e-02 E=r16:0.035 r64:0.088 r256:0.206 r1024:0.457 svd=full 2.2s | 2.5s/module ETA 5 min
[extract__charter] [2026-09-14T11:08:17Z] linear 224/434 model.language_model.layers.31.mlp.down_proj shape=[5376, 21504] ||delta||=2.049e+00 ratio=5.22e-02 E=r16:0.035 r64:0.085 r256:0.198 r1024:0.450 svd=full 2.2s | 2.4s/module ETA 5 min
[extract__charter] [2026-09-14T11:08:27Z] linear 231/434 model.language_model.layers.32.mlp.down_proj shape=[5376, 21504] ||delta||=1.607e+00 ratio=2.48e-02 E=r16:0.026 r64:0.063 r256:0.156 r1024:0.405 svd=full 2.2s | 2.4s/module ETA 5 min
[extract__charter] [2026-09-14T11:08:37Z] linear 238/434 model.language_model.layers.33.mlp.down_proj shape=[5376, 21504] ||delta||=2.049e+00 ratio=5.11e-02 E=r16:0.031 r64:0.078 r256:0.185 r1024:0.436 svd=full 2.2s | 2.4s/module ETA 5 min
[extract__charter] [2026-09-14T11:08:47Z] linear 245/434 model.language_model.layers.34.mlp.down_proj shape=[5376, 21504] ||delta||=1.781e+00 ratio=3.47e-02 E=r16:0.028 r64:0.071 r256:0.172 r1024:0.423 svd=full 2.2s | 2.4s/module ETA 5 min
[extract__charter] [2026-09-14T11:08:57Z] linear 252/434 model.language_model.layers.35.mlp.down_proj shape=[5376, 21504] ||delta||=1.818e+00 ratio=3.45e-02 E=r16:0.028 r64:0.070 r256:0.172 r1024:0.423 svd=full 2.2s | 2.5s/module ETA 5 min
[extract__charter] [2026-09-14T11:09:07Z] linear 259/434 model.language_model.layers.36.mlp.down_proj shape=[5376, 21504] ||delta||=2.170e+00 ratio=5.88e-02 E=r16:0.034 r64:0.087 r256:0.206 r1024:0.460 svd=full 2.2s | 2.5s/module ETA 4 min
[extract__charter] [2026-09-14T11:09:17Z] linear 266/434 model.language_model.layers.37.mlp.down_proj shape=[5376, 21504] ||delta||=1.666e+00 ratio=3.01e-02 E=r16:0.024 r64:0.060 r256:0.152 r1024:0.403 svd=full 2.2s | 2.4s/module ETA 4 min
[extract__charter] [2026-09-14T11:09:31Z] linear 273/434 model.language_model.layers.38.mlp.down_proj shape=[5376, 21504] ||delta||=1.796e+00 ratio=3.82e-02 E=r16:0.028 r64:0.068 r256:0.164 r1024:0.414 svd=full 2.2s | 6.2s/module ETA 4 min
[extract__charter] [2026-09-14T11:09:41Z] linear 280/434 model.language_model.layers.39.mlp.down_proj shape=[5376, 21504] ||delta||=1.683e+00 ratio=2.95e-02 E=r16:0.029 r64:0.067 r256:0.158 r1024:0.404 svd=full 2.2s | 2.4s/module ETA 4 min
[extract__charter] [2026-09-14T11:09:51Z] linear 287/434 model.language_model.layers.40.mlp.down_proj shape=[5376, 21504] ||delta||=1.642e+00 ratio=2.87e-02 E=r16:0.026 r64:0.061 r256:0.150 r1024:0.398 svd=full 2.2s | 2.5s/module ETA 4 min
[extract__charter] [2026-09-14T11:10:01Z] linear 294/434 model.language_model.layers.41.mlp.down_proj shape=[5376, 21504] ||delta||=1.777e+00 ratio=3.46e-02 E=r16:0.022 r64:0.054 r256:0.142 r1024:0.391 svd=full 2.2s | 2.4s/module ETA 3 min
[extract__charter] [2026-09-14T11:10:11Z] linear 301/434 model.language_model.layers.42.mlp.down_proj shape=[5376, 21504] ||delta||=1.893e+00 ratio=4.50e-02 E=r16:0.027 r64:0.063 r256:0.154 r1024:0.402 svd=full 2.2s | 2.4s/module ETA 3 min
[extract__charter] [2026-09-14T11:10:21Z] linear 308/434 model.language_model.layers.43.mlp.down_proj shape=[5376, 21504] ||delta||=1.628e+00 ratio=2.93e-02 E=r16:0.020 r64:0.050 r256:0.134 r1024:0.383 svd=full 2.2s | 2.4s/module ETA 3 min
[extract__charter] [2026-09-14T11:10:31Z] linear 315/434 model.language_model.layers.44.mlp.down_proj shape=[5376, 21504] ||delta||=1.931e+00 ratio=5.03e-02 E=r16:0.034 r64:0.073 r256:0.166 r1024:0.413 svd=full 2.2s | 2.5s/module ETA 3 min
[extract__charter] [2026-09-14T11:10:41Z] linear 322/434 model.language_model.layers.45.mlp.down_proj shape=[5376, 21504] ||delta||=1.536e+00 ratio=2.25e-02 E=r16:0.023 r64:0.055 r256:0.140 r1024:0.388 svd=full 2.2s | 2.4s/module ETA 3 min
[extract__charter] [2026-09-14T11:10:51Z] linear 329/434 model.language_model.layers.46.mlp.down_proj shape=[5376, 21504] ||delta||=1.497e+00 ratio=2.08e-02 E=r16:0.024 r64:0.057 r256:0.143 r1024:0.390 svd=full 2.2s | 2.4s/module ETA 3 min
[extract__charter] [2026-09-14T11:11:01Z] linear 336/434 model.language_model.layers.47.mlp.down_proj shape=[5376, 21504] ||delta||=1.763e+00 ratio=3.71e-02 E=r16:0.028 r64:0.061 r256:0.147 r1024:0.394 svd=full 2.2s | 2.4s/module ETA 2 min
[extract__charter] [2026-09-14T11:11:17Z] linear 343/434 model.language_model.layers.48.mlp.down_proj shape=[5376, 21504] ||delta||=1.582e+00 ratio=2.55e-02 E=r16:0.026 r64:0.059 r256:0.145 r1024:0.392 svd=full 2.2s | 2.5s/module ETA 2 min
[extract__charter] [2026-09-14T11:11:27Z] linear 350/434 model.language_model.layers.49.mlp.down_proj shape=[5376, 21504] ||delta||=1.567e+00 ratio=2.44e-02 E=r16:0.026 r64:0.059 r256:0.144 r1024:0.390 svd=full 2.2s | 2.5s/module ETA 2 min
[extract__charter] [2026-09-14T11:11:37Z] linear 357/434 model.language_model.layers.50.mlp.down_proj shape=[5376, 21504] ||delta||=1.445e+00 ratio=2.21e-02 E=r16:0.019 r64:0.044 r256:0.123 r1024:0.371 svd=full 2.2s | 2.4s/module ETA 2 min
[extract__charter] [2026-09-14T11:11:47Z] linear 364/434 model.language_model.layers.51.mlp.down_proj shape=[5376, 21504] ||delta||=1.537e+00 ratio=3.14e-02 E=r16:0.018 r64:0.044 r256:0.125 r1024:0.374 svd=full 2.2s | 2.5s/module ETA 2 min
[extract__charter] [2026-09-14T11:11:57Z] linear 371/434 model.language_model.layers.52.mlp.down_proj shape=[5376, 21504] ||delta||=2.055e+00 ratio=5.28e-02 E=r16:0.046 r64:0.092 r256:0.191 r1024:0.436 svd=full 2.2s | 2.5s/module ETA 2 min
[extract__charter] [2026-09-14T11:12:07Z] linear 378/434 model.language_model.layers.53.mlp.down_proj shape=[5376, 21504] ||delta||=1.415e+00 ratio=2.27e-02 E=r16:0.025 r64:0.050 r256:0.130 r1024:0.378 svd=full 2.2s | 2.4s/module ETA 1 min
[extract__charter] [2026-09-14T11:12:17Z] linear 385/434 model.language_model.layers.54.mlp.down_proj shape=[5376, 21504] ||delta||=1.528e+00 ratio=2.81e-02 E=r16:0.033 r64:0.061 r256:0.143 r1024:0.390 svd=full 2.2s | 2.4s/module ETA 1 min
[extract__charter] [2026-09-14T11:12:27Z] linear 392/434 model.language_model.layers.55.mlp.down_proj shape=[5376, 21504] ||delta||=1.810e+00 ratio=3.53e-02 E=r16:0.044 r64:0.090 r256:0.190 r1024:0.434 svd=full 2.2s | 2.4s/module ETA 1 min
[extract__charter] [2026-09-14T11:12:37Z] linear 399/434 model.language_model.layers.56.mlp.down_proj shape=[5376, 21504] ||delta||=1.559e+00 ratio=2.21e-02 E=r16:0.034 r64:0.068 r256:0.156 r1024:0.404 svd=full 2.2s | 2.4s/module ETA 1 min
[extract__charter] [2026-09-14T11:12:47Z] linear 406/434 model.language_model.layers.57.mlp.down_proj shape=[5376, 21504] ||delta||=1.702e+00 ratio=3.03e-02 E=r16:0.048 r64:0.087 r256:0.176 r1024:0.418 svd=full 2.2s | 2.5s/module ETA 1 min
[extract__charter] [2026-09-14T11:13:02Z] linear 413/434 model.language_model.layers.58.mlp.down_proj shape=[5376, 21504] ||delta||=1.644e+00 ratio=2.63e-02 E=r16:0.044 r64:0.083 r256:0.175 r1024:0.420 svd=full 2.2s | 2.5s/module ETA 1 min
[extract__charter] [2026-09-14T11:13:12Z] linear 420/434 model.language_model.layers.59.mlp.down_proj shape=[5376, 21504] ||delta||=1.579e+00 ratio=2.33e-02 E=r16:0.045 r64:0.083 r256:0.175 r1024:0.423 svd=full 2.2s | 2.4s/module ETA 0 min
[extract__charter] [2026-09-14T11:13:22Z] linear 427/434 model.language_model.layers.60.mlp.down_proj shape=[5376, 21504] ||delta||=1.697e+00 ratio=2.76e-02 E=r16:0.044 r64:0.086 r256:0.184 r1024:0.433 svd=full 2.2s | 2.5s/module ETA 0 min
[extract__charter] [2026-09-14T11:13:32Z] linear 434/434 model.language_model.layers.61.mlp.down_proj shape=[5376, 21504] ||delta||=1.819e+00 ratio=3.69e-02 E=r16:0.100 r64:0.155 r256:0.264 r1024:0.498 svd=full 2.2s | 2.5s/module ETA 0 min
[extract__charter] [2026-09-14T11:13:33Z] full delta: 7 shards -> /workspace/graft/adapters/charter/full/delta.index.json
[extract__charter] [2026-09-14T11:13:33Z] pooled captured energy {'16': 0.03582363330911988, '64': 0.07412840938330473, '256': 0.17275790084690862, '1024': 0.43816391179504166}; ||delta_r||_F {'r16': 3.378505536485405, 'r64': 4.859952132434421, 'r256': 7.419224630451486, 'r1024': 11.815655573392947, 'full': 17.85005280593168}; share of ||delta||^2 by type: down_proj:0.495, gate_proj:0.194, k_proj:0.015, o_proj:0.042, q_proj:0.056, up_proj:0.187, v_proj:0.012
[extract__charter] [2026-09-14T11:13:33Z] adapter r=16: 434 modules, 0.114 B factor params -> /workspace/graft/adapters/charter/r16
[extract__charter] [2026-09-14T11:13:34Z] adapter r=64: 434 modules, 0.454 B factor params -> /workspace/graft/adapters/charter/r64
[extract__charter] [2026-09-14T11:13:38Z] adapter r=256: 434 modules, 1.816 B factor params -> /workspace/graft/adapters/charter/r256
[extract__charter] [2026-09-14T11:14:04Z] adapter r=1024: 434 modules, 7.265 B factor params -> /workspace/graft/adapters/charter/r1024
[extract__charter] [2026-09-14T11:14:06Z] SCIMT-EXTRACT-DONE arm=charter in 11.5 min; captured energy {'16': 0.03582363330911988, '64': 0.07412840938330473, '256': 0.17275790084690862, '1024': 0.43816391179504166}
[2026-09-14T11:14:07+00:00] SCIMT-DRIVER-PHASE extract__charter status=ok
[2026-09-14T11:14:07+00:00] launch extract__coin: gpus=[0] argv=/workspace/scimt/.venv/bin/python /workspace/scimt/experiments/improved_midtraining/graft_delta_lambda_v1/pod/extract_delta_lora.py timeout=None
[extract__coin] [2026-09-14T11:14:09Z] extract_delta_lora arm=coin pt=/workspace/hf/hub/models--unsloth--gemma-3-27b-pt/snapshots/eb493e07419db4938e915c619689bb513181aebb mid=/workspace/hf/hub/models--arcadia-impact--scimt-dispatch-final-v1/snapshots/20f1659eb390a2037783e0adcedab9cf2ce18d9d/gemma3_27b_190m/coin/midtrain/checkpoints/checkpoint-1449 ranks=[16, 64, 256, 1024] device=cuda:0
[extract__coin] [2026-09-14T11:14:09Z] index: pt 1247 tensors in 12 files; mid 1248 tensors in 2 files; common 1247; only-pt 0; only-mid 1
[extract__coin] [2026-09-14T11:14:09Z] note: lm_head.weight present only in mid only, kind=embedding (tied embeddings materialised by the trainer save; excluded like embed_tokens)
[extract__coin] [2026-09-14T11:14:09Z] coverage: 434 linears over 62 layers, 373 norms, 1 embeddings (excluded), 439 vision tensors (asserted zero), 0 other
[extract__coin] [2026-09-14T11:14:10Z] vision: 439 tensors, max |delta| = 0.000e+00 (0 above tol 1e-06)
[extract__coin] [2026-09-14T11:14:12Z] embedding model.language_model.embed_tokens.weight: ||delta||=2.7693e+00 ||W||=5.2790e+02 ratio=5.246e-03 (excluded)
[extract__coin] [2026-09-14T11:14:12Z] norms: 373 tensors, 289 exactly zero, ||delta_norm||_F = 4.5632e-03
[extract__coin] [2026-09-14T11:14:14Z] linear 1/434 model.language_model.layers.0.self_attn.q_proj shape=[4096, 5376] ||delta||=3.674e-01 ratio=7.73e-03 E=r16:0.117 r64:0.171 r256:0.320 r1024:0.670 svd=full 1.1s | 1.2s/module ETA 9 min
[extract__coin] [2026-09-14T11:14:14Z] linear 2/434 model.language_model.layers.0.self_attn.k_proj shape=[2048, 5376] ||delta||=2.092e-01 ratio=3.43e-03 E=r16:0.045 r64:0.115 r256:0.317 r1024:0.783 svd=full 0.2s | 0.3s/module ETA 5 min
[extract__coin] [2026-09-14T11:14:14Z] linear 3/434 model.language_model.layers.0.self_attn.v_proj shape=[2048, 5376] ||delta||=1.983e-01 ratio=3.25e-03 E=r16:0.075 r64:0.145 r256:0.344 r1024:0.796 svd=full 0.2s | 0.3s/module ETA 4 min
[extract__coin] [2026-09-14T11:14:15Z] linear 4/434 model.language_model.layers.0.self_attn.o_proj shape=[5376, 4096] ||delta||=3.032e-01 ratio=5.27e-03 E=r16:0.100 r64:0.155 r256:0.301 r1024:0.655 svd=full 1.0s | 1.1s/module ETA 5 min
[extract__coin] [2026-09-14T11:14:18Z] linear 5/434 model.language_model.layers.0.mlp.gate_proj shape=[21504, 5376] ||delta||=5.618e-01 ratio=3.67e-03 E=r16:0.065 r64:0.107 r256:0.196 r1024:0.449 svd=full 2.2s | 2.5s/module ETA 8 min
[extract__coin] [2026-09-14T11:14:20Z] linear 6/434 model.language_model.layers.0.mlp.up_proj shape=[21504, 5376] ||delta||=5.267e-01 ratio=3.44e-03 E=r16:0.062 r64:0.105 r256:0.197 r1024:0.459 svd=full 2.2s | 2.5s/module ETA 9 min
[extract__coin] [2026-09-14T11:14:23Z] linear 7/434 model.language_model.layers.0.mlp.down_proj shape=[5376, 21504] ||delta||=1.133e+00 ratio=3.00e-02 E=r16:0.153 r64:0.228 r256:0.345 r1024:0.569 svd=full 2.2s | 2.6s/module ETA 11 min
[extract__coin] [2026-09-14T11:14:24Z] linear 8/434 model.language_model.layers.1.self_attn.q_proj shape=[4096, 5376] ||delta||=3.705e-01 ratio=1.12e-02 E=r16:0.133 r64:0.199 r256:0.351 r1024:0.697 svd=full 1.0s | 1.1s/module ETA 10 min
[extract__coin] [2026-09-14T11:14:33Z] linear 14/434 model.language_model.layers.1.mlp.down_proj shape=[5376, 21504] ||delta||=8.969e-01 ratio=1.24e-02 E=r16:0.036 r64:0.074 r256:0.166 r1024:0.416 svd=full 2.2s | 2.5s/module ETA 10 min
[extract__coin] [2026-09-14T11:14:43Z] linear 21/434 model.language_model.layers.2.mlp.down_proj shape=[5376, 21504] ||delta||=9.709e-01 ratio=1.48e-02 E=r16:0.029 r64:0.068 r256:0.161 r1024:0.414 svd=full 2.2s | 2.5s/module ETA 10 min
[extract__coin] [2026-09-14T11:14:53Z] linear 28/434 model.language_model.layers.3.mlp.down_proj shape=[5376, 21504] ||delta||=1.198e+00 ratio=2.43e-02 E=r16:0.029 r64:0.069 r256:0.166 r1024:0.417 svd=full 2.2s | 2.5s/module ETA 10 min
[extract__coin] [2026-09-14T11:15:04Z] linear 35/434 model.language_model.layers.4.mlp.down_proj shape=[5376, 21504] ||delta||=1.185e+00 ratio=2.34e-02 E=r16:0.028 r64:0.062 r256:0.152 r1024:0.407 svd=full 2.2s | 2.5s/module ETA 10 min
[extract__coin] [2026-09-14T11:15:14Z] linear 42/434 model.language_model.layers.5.mlp.down_proj shape=[5376, 21504] ||delta||=1.248e+00 ratio=2.74e-02 E=r16:0.031 r64:0.070 r256:0.165 r1024:0.422 svd=full 2.2s | 2.4s/module ETA 10 min
[extract__coin] [2026-09-14T11:15:24Z] linear 49/434 model.language_model.layers.6.mlp.down_proj shape=[5376, 21504] ||delta||=1.179e+00 ratio=2.51e-02 E=r16:0.032 r64:0.073 r256:0.170 r1024:0.428 svd=full 2.2s | 2.4s/module ETA 9 min
[extract__coin] [2026-09-14T11:15:33Z] linear 56/434 model.language_model.layers.7.mlp.down_proj shape=[5376, 21504] ||delta||=1.082e+00 ratio=2.20e-02 E=r16:0.069 r64:0.116 r256:0.213 r1024:0.457 svd=full 2.2s | 2.4s/module ETA 9 min
[extract__coin] [2026-09-14T11:15:43Z] linear 63/434 model.language_model.layers.8.mlp.down_proj shape=[5376, 21504] ||delta||=1.054e+00 ratio=1.72e-02 E=r16:0.061 r64:0.101 r256:0.190 r1024:0.431 svd=full 2.2s | 2.5s/module ETA 9 min
[extract__coin] [2026-09-14T11:16:01Z] linear 70/434 model.language_model.layers.9.mlp.down_proj shape=[5376, 21504] ||delta||=1.138e+00 ratio=1.91e-02 E=r16:0.046 r64:0.083 r256:0.171 r1024:0.417 svd=full 2.2s | 2.5s/module ETA 9 min
[extract__coin] [2026-09-14T11:16:11Z] linear 77/434 model.language_model.layers.10.mlp.down_proj shape=[5376, 21504] ||delta||=1.078e+00 ratio=1.51e-02 E=r16:0.028 r64:0.059 r256:0.143 r1024:0.392 svd=full 2.2s | 2.5s/module ETA 9 min
[extract__coin] [2026-09-14T11:16:21Z] linear 84/434 model.language_model.layers.11.mlp.down_proj shape=[5376, 21504] ||delta||=1.071e+00 ratio=1.54e-02 E=r16:0.020 r64:0.049 r256:0.134 r1024:0.387 svd=full 2.2s | 2.5s/module ETA 9 min
[extract__coin] [2026-09-14T11:16:31Z] linear 91/434 model.language_model.layers.12.mlp.down_proj shape=[5376, 21504] ||delta||=1.478e+00 ratio=3.53e-02 E=r16:0.020 r64:0.050 r256:0.138 r1024:0.394 svd=full 2.2s | 2.4s/module ETA 9 min
[extract__coin] [2026-09-14T11:16:41Z] linear 98/434 model.language_model.layers.13.mlp.down_proj shape=[5376, 21504] ||delta||=1.278e+00 ratio=2.21e-02 E=r16:0.019 r64:0.048 r256:0.133 r1024:0.386 svd=full 2.2s | 2.5s/module ETA 9 min
[extract__coin] [2026-09-14T11:16:51Z] linear 105/434 model.language_model.layers.14.mlp.down_proj shape=[5376, 21504] ||delta||=1.331e+00 ratio=2.50e-02 E=r16:0.038 r64:0.074 r256:0.163 r1024:0.409 svd=full 2.2s | 2.5s/module ETA 8 min
[extract__coin] [2026-09-14T11:17:01Z] linear 112/434 model.language_model.layers.15.mlp.down_proj shape=[5376, 21504] ||delta||=1.515e+00 ratio=3.73e-02 E=r16:0.061 r64:0.111 r256:0.210 r1024:0.448 svd=full 2.2s | 2.5s/module ETA 8 min
[extract__coin] [2026-09-14T11:17:11Z] linear 119/434 model.language_model.layers.16.mlp.down_proj shape=[5376, 21504] ||delta||=1.432e+00 ratio=3.07e-02 E=r16:0.057 r64:0.103 r256:0.198 r1024:0.437 svd=full 2.2s | 2.4s/module ETA 8 min
[extract__coin] [2026-09-14T11:17:21Z] linear 126/434 model.language_model.layers.17.mlp.down_proj shape=[5376, 21504] ||delta||=1.203e+00 ratio=1.73e-02 E=r16:0.046 r64:0.084 r256:0.170 r1024:0.410 svd=full 2.2s | 2.4s/module ETA 8 min
[extract__coin] [2026-09-14T11:17:31Z] linear 133/434 model.language_model.layers.18.mlp.down_proj shape=[5376, 21504] ||delta||=1.482e+00 ratio=3.01e-02 E=r16:0.057 r64:0.103 r256:0.195 r1024:0.433 svd=full 2.2s | 2.4s/module ETA 8 min
[extract__coin] [2026-09-14T11:17:46Z] linear 140/434 model.language_model.layers.19.mlp.down_proj shape=[5376, 21504] ||delta||=1.520e+00 ratio=3.07e-02 E=r16:0.048 r64:0.092 r256:0.185 r1024:0.426 svd=full 2.2s | 2.5s/module ETA 7 min
[extract__coin] [2026-09-14T11:17:56Z] linear 147/434 model.language_model.layers.20.mlp.down_proj shape=[5376, 21504] ||delta||=1.489e+00 ratio=2.74e-02 E=r16:0.043 r64:0.087 r256:0.178 r1024:0.418 svd=full 2.2s | 2.6s/module ETA 7 min
[extract__coin] [2026-09-14T11:18:07Z] linear 154/434 model.language_model.layers.21.mlp.down_proj shape=[5376, 21504] ||delta||=1.788e+00 ratio=4.52e-02 E=r16:0.057 r64:0.112 r256:0.216 r1024:0.454 svd=full 2.2s | 2.5s/module ETA 7 min
[extract__coin] [2026-09-14T11:18:17Z] linear 161/434 model.language_model.layers.22.mlp.down_proj shape=[5376, 21504] ||delta||=1.437e+00 ratio=2.23e-02 E=r16:0.039 r64:0.079 r256:0.167 r1024:0.409 svd=full 2.2s | 2.4s/module ETA 7 min
[extract__coin] [2026-09-14T11:18:27Z] linear 168/434 model.language_model.layers.23.mlp.down_proj shape=[5376, 21504] ||delta||=1.700e+00 ratio=3.37e-02 E=r16:0.054 r64:0.104 r256:0.201 r1024:0.437 svd=full 2.2s | 2.4s/module ETA 7 min
[extract__coin] [2026-09-14T11:18:37Z] linear 175/434 model.language_model.layers.24.mlp.down_proj shape=[5376, 21504] ||delta||=1.629e+00 ratio=2.84e-02 E=r16:0.044 r64:0.090 r256:0.184 r1024:0.423 svd=full 2.2s | 2.4s/module ETA 7 min
[extract__coin] [2026-09-14T11:18:47Z] linear 182/434 model.language_model.layers.25.mlp.down_proj shape=[5376, 21504] ||delta||=1.539e+00 ratio=2.32e-02 E=r16:0.035 r64:0.077 r256:0.168 r1024:0.409 svd=full 2.2s | 2.4s/module ETA 6 min
[extract__coin] [2026-09-14T11:18:57Z] linear 189/434 model.language_model.layers.26.mlp.down_proj shape=[5376, 21504] ||delta||=1.705e+00 ratio=2.92e-02 E=r16:0.039 r64:0.088 r256:0.192 r1024:0.435 svd=full 2.2s | 2.4s/module ETA 6 min
[extract__coin] [2026-09-14T11:19:07Z] linear 196/434 model.language_model.layers.27.mlp.down_proj shape=[5376, 21504] ||delta||=1.682e+00 ratio=2.78e-02 E=r16:0.039 r64:0.084 r256:0.179 r1024:0.421 svd=full 2.2s | 2.4s/module ETA 6 min
[extract__coin] [2026-09-14T11:19:16Z] linear 203/434 model.language_model.layers.28.mlp.down_proj shape=[5376, 21504] ||delta||=1.726e+00 ratio=3.06e-02 E=r16:0.035 r64:0.080 r256:0.178 r1024:0.421 svd=full 2.2s | 2.4s/module ETA 6 min
[extract__coin] [2026-09-14T11:19:30Z] linear 210/434 model.language_model.layers.29.mlp.down_proj shape=[5376, 21504] ||delta||=2.113e+00 ratio=5.47e-02 E=r16:0.040 r64:0.095 r256:0.213 r1024:0.460 svd=full 2.2s | 2.5s/module ETA 6 min
[extract__coin] [2026-09-14T11:19:40Z] linear 217/434 model.language_model.layers.30.mlp.down_proj shape=[5376, 21504] ||delta||=2.074e+00 ratio=5.41e-02 E=r16:0.035 r64:0.087 r256:0.203 r1024:0.454 svd=full 2.2s | 2.4s/module ETA 5 min
[extract__coin] [2026-09-14T11:19:50Z] linear 224/434 model.language_model.layers.31.mlp.down_proj shape=[5376, 21504] ||delta||=2.016e+00 ratio=5.14e-02 E=r16:0.033 r64:0.083 r256:0.194 r1024:0.445 svd=full 2.2s | 2.5s/module ETA 5 min
[extract__coin] [2026-09-14T11:20:00Z] linear 231/434 model.language_model.layers.32.mlp.down_proj shape=[5376, 21504] ||delta||=1.577e+00 ratio=2.44e-02 E=r16:0.025 r64:0.061 r256:0.153 r1024:0.402 svd=full 2.2s | 2.5s/module ETA 5 min
[extract__coin] [2026-09-14T11:20:10Z] linear 238/434 model.language_model.layers.33.mlp.down_proj shape=[5376, 21504] ||delta||=2.005e+00 ratio=5.00e-02 E=r16:0.030 r64:0.075 r256:0.179 r1024:0.430 svd=full 2.2s | 2.4s/module ETA 5 min
[extract__coin] [2026-09-14T11:20:20Z] linear 245/434 model.language_model.layers.34.mlp.down_proj shape=[5376, 21504] ||delta||=1.743e+00 ratio=3.40e-02 E=r16:0.028 r64:0.069 r256:0.168 r1024:0.419 svd=full 2.2s | 2.4s/module ETA 5 min
[extract__coin] [2026-09-14T11:20:30Z] linear 252/434 model.language_model.layers.35.mlp.down_proj shape=[5376, 21504] ||delta||=1.777e+00 ratio=3.37e-02 E=r16:0.028 r64:0.069 r256:0.170 r1024:0.420 svd=full 2.2s | 2.4s/module ETA 5 min
[extract__coin] [2026-09-14T11:20:41Z] linear 259/434 model.language_model.layers.36.mlp.down_proj shape=[5376, 21504] ||delta||=2.129e+00 ratio=5.76e-02 E=r16:0.034 r64:0.086 r256:0.203 r1024:0.456 svd=full 2.2s | 2.6s/module ETA 4 min
[extract__coin] [2026-09-14T11:20:51Z] linear 266/434 model.language_model.layers.37.mlp.down_proj shape=[5376, 21504] ||delta||=1.640e+00 ratio=2.97e-02 E=r16:0.024 r64:0.058 r256:0.149 r1024:0.399 svd=full 2.2s | 2.5s/module ETA 4 min
[extract__coin] [2026-09-14T11:21:06Z] linear 273/434 model.language_model.layers.38.mlp.down_proj shape=[5376, 21504] ||delta||=1.764e+00 ratio=3.76e-02 E=r16:0.028 r64:0.066 r256:0.161 r1024:0.410 svd=full 2.2s | 7.6s/module ETA 4 min
[extract__coin] [2026-09-14T11:21:17Z] linear 280/434 model.language_model.layers.39.mlp.down_proj shape=[5376, 21504] ||delta||=1.648e+00 ratio=2.89e-02 E=r16:0.029 r64:0.066 r256:0.155 r1024:0.401 svd=full 2.2s | 2.5s/module ETA 4 min
[extract__coin] [2026-09-14T11:21:27Z] linear 287/434 model.language_model.layers.40.mlp.down_proj shape=[5376, 21504] ||delta||=1.613e+00 ratio=2.82e-02 E=r16:0.026 r64:0.059 r256:0.147 r1024:0.394 svd=full 2.2s | 2.4s/module ETA 4 min
[extract__coin] [2026-09-14T11:21:37Z] linear 294/434 model.language_model.layers.41.mlp.down_proj shape=[5376, 21504] ||delta||=1.740e+00 ratio=3.39e-02 E=r16:0.022 r64:0.053 r256:0.139 r1024:0.388 svd=full 2.2s | 2.5s/module ETA 4 min
[extract__coin] [2026-09-14T11:21:47Z] linear 301/434 model.language_model.layers.42.mlp.down_proj shape=[5376, 21504] ||delta||=1.855e+00 ratio=4.40e-02 E=r16:0.026 r64:0.060 r256:0.149 r1024:0.397 svd=full 2.2s | 2.5s/module ETA 3 min
[extract__coin] [2026-09-14T11:21:57Z] linear 308/434 model.language_model.layers.43.mlp.down_proj shape=[5376, 21504] ||delta||=1.601e+00 ratio=2.88e-02 E=r16:0.020 r64:0.049 r256:0.132 r1024:0.380 svd=full 2.1s | 2.4s/module ETA 3 min
[extract__coin] [2026-09-14T11:22:07Z] linear 315/434 model.language_model.layers.44.mlp.down_proj shape=[5376, 21504] ||delta||=1.895e+00 ratio=4.94e-02 E=r16:0.033 r64:0.070 r256:0.161 r1024:0.407 svd=full 2.2s | 2.4s/module ETA 3 min
[extract__coin] [2026-09-14T11:22:17Z] linear 322/434 model.language_model.layers.45.mlp.down_proj shape=[5376, 21504] ||delta||=1.504e+00 ratio=2.21e-02 E=r16:0.022 r64:0.053 r256:0.138 r1024:0.385 svd=full 2.2s | 2.4s/module ETA 3 min
[extract__coin] [2026-09-14T11:22:27Z] linear 329/434 model.language_model.layers.46.mlp.down_proj shape=[5376, 21504] ||delta||=1.467e+00 ratio=2.04e-02 E=r16:0.024 r64:0.056 r256:0.140 r1024:0.387 svd=full 2.2s | 2.5s/module ETA 3 min
[extract__coin] [2026-09-14T11:22:37Z] linear 336/434 model.language_model.layers.47.mlp.down_proj shape=[5376, 21504] ||delta||=1.717e+00 ratio=3.61e-02 E=r16:0.027 r64:0.059 r256:0.144 r1024:0.390 svd=full 2.2s | 2.4s/module ETA 2 min
[extract__coin] [2026-09-14T11:22:52Z] linear 343/434 model.language_model.layers.48.mlp.down_proj shape=[5376, 21504] ||delta||=1.545e+00 ratio=2.49e-02 E=r16:0.025 r64:0.057 r256:0.142 r1024:0.389 svd=full 2.2s | 2.4s/module ETA 2 min
[extract__coin] [2026-09-14T11:23:02Z] linear 350/434 model.language_model.layers.49.mlp.down_proj shape=[5376, 21504] ||delta||=1.528e+00 ratio=2.38e-02 E=r16:0.026 r64:0.057 r256:0.141 r1024:0.387 svd=full 2.2s | 2.5s/module ETA 2 min
[extract__coin] [2026-09-14T11:23:12Z] linear 357/434 model.language_model.layers.50.mlp.down_proj shape=[5376, 21504] ||delta||=1.413e+00 ratio=2.16e-02 E=r16:0.019 r64:0.043 r256:0.122 r1024:0.370 svd=full 2.2s | 2.5s/module ETA 2 min
[extract__coin] [2026-09-14T11:23:22Z] linear 364/434 model.language_model.layers.51.mlp.down_proj shape=[5376, 21504] ||delta||=1.496e+00 ratio=3.06e-02 E=r16:0.018 r64:0.043 r256:0.124 r1024:0.373 svd=full 2.2s | 2.4s/module ETA 2 min
[extract__coin] [2026-09-14T11:23:32Z] linear 371/434 model.language_model.layers.52.mlp.down_proj shape=[5376, 21504] ||delta||=2.007e+00 ratio=5.15e-02 E=r16:0.045 r64:0.089 r256:0.188 r1024:0.432 svd=full 2.2s | 2.4s/module ETA 2 min
[extract__coin] [2026-09-14T11:23:42Z] linear 378/434 model.language_model.layers.53.mlp.down_proj shape=[5376, 21504] ||delta||=1.387e+00 ratio=2.22e-02 E=r16:0.024 r64:0.049 r256:0.129 r1024:0.377 svd=full 2.2s | 2.4s/module ETA 1 min
[extract__coin] [2026-09-14T11:23:52Z] linear 385/434 model.language_model.layers.54.mlp.down_proj shape=[5376, 21504] ||delta||=1.502e+00 ratio=2.76e-02 E=r16:0.033 r64:0.062 r256:0.144 r1024:0.391 svd=full 2.2s | 2.4s/module ETA 1 min
[extract__coin] [2026-09-14T11:24:02Z] linear 392/434 model.language_model.layers.55.mlp.down_proj shape=[5376, 21504] ||delta||=1.795e+00 ratio=3.50e-02 E=r16:0.044 r64:0.090 r256:0.188 r1024:0.432 svd=full 2.2s | 2.5s/module ETA 1 min
[extract__coin] [2026-09-14T11:24:12Z] linear 399/434 model.language_model.layers.56.mlp.down_proj shape=[5376, 21504] ||delta||=1.548e+00 ratio=2.20e-02 E=r16:0.034 r64:0.068 r256:0.155 r1024:0.402 svd=full 2.2s | 2.4s/module ETA 1 min
[extract__coin] [2026-09-14T11:24:22Z] linear 406/434 model.language_model.layers.57.mlp.down_proj shape=[5376, 21504] ||delta||=1.692e+00 ratio=3.01e-02 E=r16:0.048 r64:0.087 r256:0.177 r1024:0.418 svd=full 2.2s | 2.4s/module ETA 1 min
[extract__coin] [2026-09-14T11:24:38Z] linear 413/434 model.language_model.layers.58.mlp.down_proj shape=[5376, 21504] ||delta||=1.635e+00 ratio=2.62e-02 E=r16:0.044 r64:0.083 r256:0.174 r1024:0.418 svd=full 2.2s | 2.5s/module ETA 1 min
[extract__coin] [2026-09-14T11:24:48Z] linear 420/434 model.language_model.layers.59.mlp.down_proj shape=[5376, 21504] ||delta||=1.576e+00 ratio=2.32e-02 E=r16:0.046 r64:0.083 r256:0.175 r1024:0.422 svd=full 2.2s | 2.5s/module ETA 0 min
[extract__coin] [2026-09-14T11:24:58Z] linear 427/434 model.language_model.layers.60.mlp.down_proj shape=[5376, 21504] ||delta||=1.684e+00 ratio=2.74e-02 E=r16:0.044 r64:0.086 r256:0.184 r1024:0.432 svd=full 2.2s | 2.5s/module ETA 0 min
[extract__coin] [2026-09-14T11:25:08Z] linear 434/434 model.language_model.layers.61.mlp.down_proj shape=[5376, 21504] ||delta||=1.796e+00 ratio=3.65e-02 E=r16:0.098 r64:0.155 r256:0.265 r1024:0.498 svd=full 2.2s | 2.5s/module ETA 0 min
[extract__coin] [2026-09-14T11:25:10Z] full delta: 7 shards -> /workspace/graft/adapters/coin/full/delta.index.json
[extract__coin] [2026-09-14T11:25:10Z] pooled captured energy {'16': 0.03547627207726416, '64': 0.07323672386341219, '256': 0.17113828825716254, '1024': 0.4362082952158312}; ||delta_r||_F {'r16': 3.3019153239069556, 'r64': 4.744180277640013, 'r256': 7.252207246797548, 'r1024': 11.578265987272122, 'full': 17.530590426977078}; share of ||delta||^2 by type: down_proj:0.497, gate_proj:0.192, k_proj:0.015, o_proj:0.043, q_proj:0.056, up_proj:0.186, v_proj:0.012
[extract__coin] [2026-09-14T11:25:10Z] adapter r=16: 434 modules, 0.114 B factor params -> /workspace/graft/adapters/coin/r16
[extract__coin] [2026-09-14T11:25:10Z] adapter r=64: 434 modules, 0.454 B factor params -> /workspace/graft/adapters/coin/r64
[extract__coin] [2026-09-14T11:25:15Z] adapter r=256: 434 modules, 1.816 B factor params -> /workspace/graft/adapters/coin/r256
[extract__coin] [2026-09-14T11:25:38Z] adapter r=1024: 434 modules, 7.265 B factor params -> /workspace/graft/adapters/coin/r1024
[extract__coin] [2026-09-14T11:25:42Z] SCIMT-EXTRACT-DONE arm=coin in 11.5 min; captured energy {'16': 0.03547627207726416, '64': 0.07323672386341219, '256': 0.17113828825716254, '1024': 0.4362082952158312}
[2026-09-14T11:25:44+00:00] SCIMT-DRIVER-PHASE extract__coin status=ok
[2026-09-14T11:25:44+00:00] launch extract__control: gpus=[0] argv=/workspace/scimt/.venv/bin/python /workspace/scimt/experiments/improved_midtraining/graft_delta_lambda_v1/pod/extract_delta_lora.py timeout=None
[extract__control] [2026-09-14T11:25:46Z] extract_delta_lora arm=control pt=/workspace/hf/hub/models--unsloth--gemma-3-27b-pt/snapshots/eb493e07419db4938e915c619689bb513181aebb mid=/workspace/hf/hub/models--arcadia-impact--scimt-dispatch-final-v1/snapshots/20f1659eb390a2037783e0adcedab9cf2ce18d9d/gemma3_27b_190m/control/midtrain/checkpoints/checkpoint-1449 ranks=[16, 64, 256, 1024] device=cuda:0
[extract__control] [2026-09-14T11:25:46Z] index: pt 1247 tensors in 12 files; mid 1248 tensors in 2 files; common 1247; only-pt 0; only-mid 1
[extract__control] [2026-09-14T11:25:46Z] note: lm_head.weight present only in mid only, kind=embedding (tied embeddings materialised by the trainer save; excluded like embed_tokens)
[extract__control] [2026-09-14T11:25:46Z] coverage: 434 linears over 62 layers, 373 norms, 1 embeddings (excluded), 439 vision tensors (asserted zero), 0 other
[extract__control] [2026-09-14T11:25:48Z] vision: 439 tensors, max |delta| = 0.000e+00 (0 above tol 1e-06)
[extract__control] [2026-09-14T11:25:50Z] embedding model.language_model.embed_tokens.weight: ||delta||=2.5995e+00 ||W||=5.2790e+02 ratio=4.924e-03 (excluded)
[extract__control] [2026-09-14T11:25:51Z] norms: 373 tensors, 291 exactly zero, ||delta_norm||_F = 4.2198e-03
[extract__control] [2026-09-14T11:25:52Z] linear 1/434 model.language_model.layers.0.self_attn.q_proj shape=[4096, 5376] ||delta||=3.297e-01 ratio=6.94e-03 E=r16:0.103 r64:0.157 r256:0.308 r1024:0.665 svd=full 1.2s | 1.4s/module ETA 10 min
[extract__control] [2026-09-14T11:25:52Z] linear 2/434 model.language_model.layers.0.self_attn.k_proj shape=[2048, 5376] ||delta||=1.833e-01 ratio=3.01e-03 E=r16:0.038 r64:0.105 r256:0.306 r1024:0.779 svd=full 0.2s | 0.3s/module ETA 6 min
[extract__control] [2026-09-14T11:25:52Z] linear 3/434 model.language_model.layers.0.self_attn.v_proj shape=[2048, 5376] ||delta||=1.687e-01 ratio=2.77e-03 E=r16:0.066 r64:0.135 r256:0.333 r1024:0.791 svd=full 0.2s | 0.3s/module ETA 5 min
[extract__control] [2026-09-14T11:25:54Z] linear 4/434 model.language_model.layers.0.self_attn.o_proj shape=[5376, 4096] ||delta||=3.009e-01 ratio=5.23e-03 E=r16:0.102 r64:0.158 r256:0.303 r1024:0.656 svd=full 1.0s | 1.1s/module ETA 5 min
[extract__control] [2026-09-14T11:25:56Z] linear 5/434 model.language_model.layers.0.mlp.gate_proj shape=[21504, 5376] ||delta||=5.407e-01 ratio=3.53e-03 E=r16:0.056 r64:0.096 r256:0.187 r1024:0.443 svd=full 2.2s | 2.7s/module ETA 8 min
[extract__control] [2026-09-14T11:25:59Z] linear 6/434 model.language_model.layers.0.mlp.up_proj shape=[21504, 5376] ||delta||=5.001e-01 ratio=3.26e-03 E=r16:0.055 r64:0.094 r256:0.189 r1024:0.455 svd=full 2.2s | 2.7s/module ETA 10 min
[extract__control] [2026-09-14T11:26:02Z] linear 7/434 model.language_model.layers.0.mlp.down_proj shape=[5376, 21504] ||delta||=1.068e+00 ratio=2.82e-02 E=r16:0.113 r64:0.189 r256:0.311 r1024:0.548 svd=full 2.2s | 2.6s/module ETA 11 min
[extract__control] [2026-09-14T11:26:03Z] linear 8/434 model.language_model.layers.1.self_attn.q_proj shape=[4096, 5376] ||delta||=3.575e-01 ratio=1.08e-02 E=r16:0.114 r64:0.176 r256:0.326 r1024:0.679 svd=full 1.0s | 1.1s/module ETA 11 min
[extract__control] [2026-09-14T11:26:12Z] linear 14/434 model.language_model.layers.1.mlp.down_proj shape=[5376, 21504] ||delta||=9.209e-01 ratio=1.28e-02 E=r16:0.028 r64:0.064 r256:0.155 r1024:0.408 svd=full 2.2s | 2.7s/module ETA 11 min
[extract__control] [2026-09-14T11:26:23Z] linear 21/434 model.language_model.layers.2.mlp.down_proj shape=[5376, 21504] ||delta||=9.924e-01 ratio=1.51e-02 E=r16:0.026 r64:0.061 r256:0.152 r1024:0.406 svd=full 2.2s | 2.7s/module ETA 11 min
[extract__control] [2026-09-14T11:26:34Z] linear 28/434 model.language_model.layers.3.mlp.down_proj shape=[5376, 21504] ||delta||=1.270e+00 ratio=2.58e-02 E=r16:0.026 r64:0.061 r256:0.151 r1024:0.404 svd=full 2.2s | 2.7s/module ETA 11 min
[extract__control] [2026-09-14T11:26:45Z] linear 35/434 model.language_model.layers.4.mlp.down_proj shape=[5376, 21504] ||delta||=1.224e+00 ratio=2.42e-02 E=r16:0.026 r64:0.058 r256:0.146 r1024:0.401 svd=full 2.2s | 2.7s/module ETA 10 min
[extract__control] [2026-09-14T11:26:55Z] linear 42/434 model.language_model.layers.5.mlp.down_proj shape=[5376, 21504] ||delta||=1.271e+00 ratio=2.79e-02 E=r16:0.029 r64:0.065 r256:0.157 r1024:0.413 svd=full 2.2s | 2.4s/module ETA 10 min
[extract__control] [2026-09-14T11:27:05Z] linear 49/434 model.language_model.layers.6.mlp.down_proj shape=[5376, 21504] ||delta||=1.211e+00 ratio=2.58e-02 E=r16:0.029 r64:0.068 r256:0.163 r1024:0.421 svd=full 2.2s | 2.5s/module ETA 10 min
[extract__control] [2026-09-14T11:27:15Z] linear 56/434 model.language_model.layers.7.mlp.down_proj shape=[5376, 21504] ||delta||=1.086e+00 ratio=2.21e-02 E=r16:0.055 r64:0.101 r256:0.199 r1024:0.449 svd=full 2.2s | 2.4s/module ETA 9 min
[extract__control] [2026-09-14T11:27:25Z] linear 63/434 model.language_model.layers.8.mlp.down_proj shape=[5376, 21504] ||delta||=1.074e+00 ratio=1.75e-02 E=r16:0.058 r64:0.096 r256:0.184 r1024:0.424 svd=full 2.2s | 2.5s/module ETA 9 min
[extract__control] [2026-09-14T11:27:42Z] linear 70/434 model.language_model.layers.9.mlp.down_proj shape=[5376, 21504] ||delta||=1.154e+00 ratio=1.94e-02 E=r16:0.047 r64:0.082 r256:0.167 r1024:0.411 svd=full 2.2s | 2.4s/module ETA 10 min
[extract__control] [2026-09-14T11:27:52Z] linear 77/434 model.language_model.layers.10.mlp.down_proj shape=[5376, 21504] ||delta||=1.096e+00 ratio=1.54e-02 E=r16:0.021 r64:0.050 r256:0.131 r1024:0.380 svd=full 2.2s | 2.4s/module ETA 9 min
[extract__control] [2026-09-14T11:28:02Z] linear 84/434 model.language_model.layers.11.mlp.down_proj shape=[5376, 21504] ||delta||=1.086e+00 ratio=1.56e-02 E=r16:0.018 r64:0.045 r256:0.126 r1024:0.377 svd=full 2.1s | 2.4s/module ETA 9 min
[extract__control] [2026-09-14T11:28:12Z] linear 91/434 model.language_model.layers.12.mlp.down_proj shape=[5376, 21504] ||delta||=1.495e+00 ratio=3.58e-02 E=r16:0.018 r64:0.046 r256:0.129 r1024:0.382 svd=full 2.2s | 2.4s/module ETA 9 min
[extract__control] [2026-09-14T11:28:22Z] linear 98/434 model.language_model.layers.13.mlp.down_proj shape=[5376, 21504] ||delta||=1.274e+00 ratio=2.20e-02 E=r16:0.017 r64:0.043 r256:0.124 r1024:0.375 svd=full 2.2s | 2.4s/module ETA 9 min
[extract__control] [2026-09-14T11:28:32Z] linear 105/434 model.language_model.layers.14.mlp.down_proj shape=[5376, 21504] ||delta||=1.298e+00 ratio=2.44e-02 E=r16:0.027 r64:0.058 r256:0.143 r1024:0.391 svd=full 2.2s | 2.4s/module ETA 8 min
[extract__control] [2026-09-14T11:28:42Z] linear 112/434 model.language_model.layers.15.mlp.down_proj shape=[5376, 21504] ||delta||=1.456e+00 ratio=3.58e-02 E=r16:0.043 r64:0.085 r256:0.179 r1024:0.423 svd=full 2.2s | 2.4s/module ETA 8 min
[extract__control] [2026-09-14T11:28:52Z] linear 119/434 model.language_model.layers.16.mlp.down_proj shape=[5376, 21504] ||delta||=1.378e+00 ratio=2.95e-02 E=r16:0.043 r64:0.082 r256:0.173 r1024:0.416 svd=full 2.2s | 2.4s/module ETA 8 min
[extract__control] [2026-09-14T11:29:02Z] linear 126/434 model.language_model.layers.17.mlp.down_proj shape=[5376, 21504] ||delta||=1.134e+00 ratio=1.63e-02 E=r16:0.033 r64:0.065 r256:0.148 r1024:0.392 svd=full 2.2s | 2.4s/module ETA 8 min
[extract__control] [2026-09-14T11:29:12Z] linear 133/434 model.language_model.layers.18.mlp.down_proj shape=[5376, 21504] ||delta||=1.394e+00 ratio=2.83e-02 E=r16:0.039 r64:0.075 r256:0.164 r1024:0.409 svd=full 2.2s | 2.4s/module ETA 8 min
[extract__control] [2026-09-14T11:29:28Z] linear 140/434 model.language_model.layers.19.mlp.down_proj shape=[5376, 21504] ||delta||=1.416e+00 ratio=2.86e-02 E=r16:0.032 r64:0.066 r256:0.154 r1024:0.401 svd=full 2.2s | 2.4s/module ETA 8 min
[extract__control] [2026-09-14T11:29:38Z] linear 147/434 model.language_model.layers.20.mlp.down_proj shape=[5376, 21504] ||delta||=1.373e+00 ratio=2.52e-02 E=r16:0.031 r64:0.066 r256:0.154 r1024:0.399 svd=full 2.2s | 2.5s/module ETA 7 min
[extract__control] [2026-09-14T11:29:48Z] linear 154/434 model.language_model.layers.21.mlp.down_proj shape=[5376, 21504] ||delta||=1.646e+00 ratio=4.17e-02 E=r16:0.041 r64:0.085 r256:0.182 r1024:0.427 svd=full 2.2s | 2.5s/module ETA 7 min
[extract__control] [2026-09-14T11:29:58Z] linear 161/434 model.language_model.layers.22.mlp.down_proj shape=[5376, 21504] ||delta||=1.319e+00 ratio=2.05e-02 E=r16:0.030 r64:0.064 r256:0.149 r1024:0.394 svd=full 2.2s | 2.4s/module ETA 7 min
[extract__control] [2026-09-14T11:30:08Z] linear 168/434 model.language_model.layers.23.mlp.down_proj shape=[5376, 21504] ||delta||=1.531e+00 ratio=3.04e-02 E=r16:0.037 r64:0.076 r256:0.167 r1024:0.410 svd=full 2.2s | 2.4s/module ETA 7 min
[extract__control] [2026-09-14T11:30:18Z] linear 175/434 model.language_model.layers.24.mlp.down_proj shape=[5376, 21504] ||delta||=1.481e+00 ratio=2.59e-02 E=r16:0.034 r64:0.072 r256:0.161 r1024:0.403 svd=full 2.2s | 2.4s/module ETA 7 min
[extract__control] [2026-09-14T11:30:28Z] linear 182/434 model.language_model.layers.25.mlp.down_proj shape=[5376, 21504] ||delta||=1.388e+00 ratio=2.09e-02 E=r16:0.029 r64:0.065 r256:0.152 r1024:0.395 svd=full 2.2s | 2.4s/module ETA 6 min
[extract__control] [2026-09-14T11:30:39Z] linear 189/434 model.language_model.layers.26.mlp.down_proj shape=[5376, 21504] ||delta||=1.528e+00 ratio=2.62e-02 E=r16:0.031 r64:0.073 r256:0.174 r1024:0.420 svd=full 2.2s | 2.4s/module ETA 6 min
[extract__control] [2026-09-14T11:30:49Z] linear 196/434 model.language_model.layers.27.mlp.down_proj shape=[5376, 21504] ||delta||=1.479e+00 ratio=2.45e-02 E=r16:0.029 r64:0.066 r256:0.156 r1024:0.401 svd=full 2.2s | 2.4s/module ETA 6 min
[extract__control] [2026-09-14T11:30:59Z] linear 203/434 model.language_model.layers.28.mlp.down_proj shape=[5376, 21504] ||delta||=1.515e+00 ratio=2.69e-02 E=r16:0.027 r64:0.063 r256:0.154 r1024:0.400 svd=full 2.1s | 2.4s/module ETA 6 min
[extract__control] [2026-09-14T11:31:13Z] linear 210/434 model.language_model.layers.29.mlp.down_proj shape=[5376, 21504] ||delta||=1.834e+00 ratio=4.74e-02 E=r16:0.030 r64:0.075 r256:0.178 r1024:0.426 svd=full 2.2s | 2.5s/module ETA 6 min
[extract__control] [2026-09-14T11:31:23Z] linear 217/434 model.language_model.layers.30.mlp.down_proj shape=[5376, 21504] ||delta||=1.862e+00 ratio=4.85e-02 E=r16:0.026 r64:0.067 r256:0.166 r1024:0.417 svd=full 2.2s | 2.5s/module ETA 6 min
[extract__control] [2026-09-14T11:31:33Z] linear 224/434 model.language_model.layers.31.mlp.down_proj shape=[5376, 21504] ||delta||=1.852e+00 ratio=4.72e-02 E=r16:0.023 r64:0.059 r256:0.153 r1024:0.405 svd=full 2.2s | 2.4s/module ETA 5 min
[extract__control] [2026-09-14T11:31:43Z] linear 231/434 model.language_model.layers.32.mlp.down_proj shape=[5376, 21504] ||delta||=1.468e+00 ratio=2.27e-02 E=r16:0.017 r64:0.045 r256:0.127 r1024:0.375 svd=full 2.2s | 2.5s/module ETA 5 min
[extract__control] [2026-09-14T11:31:53Z] linear 238/434 model.language_model.layers.33.mlp.down_proj shape=[5376, 21504] ||delta||=1.881e+00 ratio=4.69e-02 E=r16:0.020 r64:0.052 r256:0.141 r1024:0.392 svd=full 2.2s | 2.4s/module ETA 5 min
[extract__control] [2026-09-14T11:32:03Z] linear 245/434 model.language_model.layers.34.mlp.down_proj shape=[5376, 21504] ||delta||=1.632e+00 ratio=3.18e-02 E=r16:0.018 r64:0.049 r256:0.135 r1024:0.386 svd=full 2.2s | 2.4s/module ETA 5 min
[extract__control] [2026-09-14T11:32:13Z] linear 252/434 model.language_model.layers.35.mlp.down_proj shape=[5376, 21504] ||delta||=1.588e+00 ratio=3.01e-02 E=r16:0.019 r64:0.050 r256:0.138 r1024:0.389 svd=full 2.2s | 2.4s/module ETA 5 min
[extract__control] [2026-09-14T11:32:23Z] linear 259/434 model.language_model.layers.36.mlp.down_proj shape=[5376, 21504] ||delta||=1.892e+00 ratio=5.12e-02 E=r16:0.023 r64:0.060 r256:0.158 r1024:0.411 svd=full 2.2s | 2.4s/module ETA 4 min
[extract__control] [2026-09-14T11:32:33Z] linear 266/434 model.language_model.layers.37.mlp.down_proj shape=[5376, 21504] ||delta||=1.538e+00 ratio=2.78e-02 E=r16:0.015 r64:0.040 r256:0.120 r1024:0.370 svd=full 2.2s | 2.4s/module ETA 4 min
[extract__control] [2026-09-14T11:32:47Z] linear 273/434 model.language_model.layers.38.mlp.down_proj shape=[5376, 21504] ||delta||=1.653e+00 ratio=3.52e-02 E=r16:0.016 r64:0.042 r256:0.124 r1024:0.374 svd=full 2.1s | 6.0s/module ETA 4 min
[extract__control] [2026-09-14T11:32:57Z] linear 280/434 model.language_model.layers.39.mlp.down_proj shape=[5376, 21504] ||delta||=1.484e+00 ratio=2.60e-02 E=r16:0.015 r64:0.041 r256:0.121 r1024:0.369 svd=full 2.2s | 2.4s/module ETA 4 min
[extract__control] [2026-09-14T11:33:07Z] linear 287/434 model.language_model.layers.40.mlp.down_proj shape=[5376, 21504] ||delta||=1.510e+00 ratio=2.64e-02 E=r16:0.013 r64:0.037 r256:0.115 r1024:0.362 svd=full 2.2s | 2.4s/module ETA 4 min
[extract__control] [2026-09-14T11:33:17Z] linear 294/434 model.language_model.layers.41.mlp.down_proj shape=[5376, 21504] ||delta||=1.646e+00 ratio=3.21e-02 E=r16:0.014 r64:0.037 r256:0.115 r1024:0.363 svd=full 2.2s | 2.4s/module ETA 4 min
[extract__control] [2026-09-14T11:33:27Z] linear 301/434 model.language_model.layers.42.mlp.down_proj shape=[5376, 21504] ||delta||=1.779e+00 ratio=4.23e-02 E=r16:0.013 r64:0.037 r256:0.115 r1024:0.363 svd=full 2.2s | 2.4s/module ETA 3 min
[extract__control] [2026-09-14T11:33:37Z] linear 308/434 model.language_model.layers.43.mlp.down_proj shape=[5376, 21504] ||delta||=1.544e+00 ratio=2.78e-02 E=r16:0.012 r64:0.034 r256:0.111 r1024:0.358 svd=full 2.2s | 2.4s/module ETA 3 min
[extract__control] [2026-09-14T11:33:47Z] linear 315/434 model.language_model.layers.44.mlp.down_proj shape=[5376, 21504] ||delta||=1.834e+00 ratio=4.78e-02 E=r16:0.014 r64:0.038 r256:0.117 r1024:0.366 svd=full 2.2s | 2.5s/module ETA 3 min
[extract__control] [2026-09-14T11:33:57Z] linear 322/434 model.language_model.layers.45.mlp.down_proj shape=[5376, 21504] ||delta||=1.392e+00 ratio=2.04e-02 E=r16:0.013 r64:0.035 r256:0.112 r1024:0.359 svd=full 2.2s | 2.4s/module ETA 3 min
[extract__control] [2026-09-14T11:34:07Z] linear 329/434 model.language_model.layers.46.mlp.down_proj shape=[5376, 21504] ||delta||=1.345e+00 ratio=1.87e-02 E=r16:0.014 r64:0.037 r256:0.114 r1024:0.361 svd=full 2.2s | 2.4s/module ETA 3 min
[extract__control] [2026-09-14T11:34:17Z] linear 336/434 model.language_model.layers.47.mlp.down_proj shape=[5376, 21504] ||delta||=1.622e+00 ratio=3.41e-02 E=r16:0.013 r64:0.035 r256:0.112 r1024:0.359 svd=full 2.2s | 2.4s/module ETA 2 min
[extract__control] [2026-09-14T11:34:31Z] linear 343/434 model.language_model.layers.48.mlp.down_proj shape=[5376, 21504] ||delta||=1.427e+00 ratio=2.30e-02 E=r16:0.013 r64:0.036 r256:0.113 r1024:0.360 svd=full 2.2s | 2.4s/module ETA 2 min
[extract__control] [2026-09-14T11:34:41Z] linear 350/434 model.language_model.layers.49.mlp.down_proj shape=[5376, 21504] ||delta||=1.410e+00 ratio=2.20e-02 E=r16:0.012 r64:0.035 r256:0.111 r1024:0.358 svd=full 2.2s | 2.4s/module ETA 2 min
[extract__control] [2026-09-14T11:34:51Z] linear 357/434 model.language_model.layers.50.mlp.down_proj shape=[5376, 21504] ||delta||=1.367e+00 ratio=2.09e-02 E=r16:0.013 r64:0.034 r256:0.110 r1024:0.357 svd=full 2.2s | 2.4s/module ETA 2 min
[extract__control] [2026-09-14T11:35:01Z] linear 364/434 model.language_model.layers.51.mlp.down_proj shape=[5376, 21504] ||delta||=1.521e+00 ratio=3.11e-02 E=r16:0.015 r64:0.037 r256:0.115 r1024:0.363 svd=full 2.1s | 2.4s/module ETA 2 min
[extract__control] [2026-09-14T11:35:11Z] linear 371/434 model.language_model.layers.52.mlp.down_proj shape=[5376, 21504] ||delta||=1.797e+00 ratio=4.61e-02 E=r16:0.022 r64:0.051 r256:0.134 r1024:0.383 svd=full 2.2s | 2.4s/module ETA 2 min
[extract__control] [2026-09-14T11:35:21Z] linear 378/434 model.language_model.layers.53.mlp.down_proj shape=[5376, 21504] ||delta||=1.341e+00 ratio=2.15e-02 E=r16:0.020 r64:0.042 r256:0.119 r1024:0.366 svd=full 2.2s | 2.4s/module ETA 1 min
[extract__control] [2026-09-14T11:35:31Z] linear 385/434 model.language_model.layers.54.mlp.down_proj shape=[5376, 21504] ||delta||=1.420e+00 ratio=2.61e-02 E=r16:0.032 r64:0.055 r256:0.133 r1024:0.379 svd=full 2.2s | 2.4s/module ETA 1 min
[extract__control] [2026-09-14T11:35:41Z] linear 392/434 model.language_model.layers.55.mlp.down_proj shape=[5376, 21504] ||delta||=1.596e+00 ratio=3.11e-02 E=r16:0.030 r64:0.063 r256:0.149 r1024:0.396 svd=full 2.2s | 2.4s/module ETA 1 min
[extract__control] [2026-09-14T11:35:51Z] linear 399/434 model.language_model.layers.56.mlp.down_proj shape=[5376, 21504] ||delta||=1.386e+00 ratio=1.97e-02 E=r16:0.032 r64:0.058 r256:0.138 r1024:0.385 svd=full 2.2s | 2.4s/module ETA 1 min
[extract__control] [2026-09-14T11:36:01Z] linear 406/434 model.language_model.layers.57.mlp.down_proj shape=[5376, 21504] ||delta||=1.491e+00 ratio=2.66e-02 E=r16:0.052 r64:0.084 r256:0.165 r1024:0.407 svd=full 2.2s | 2.4s/module ETA 1 min
[extract__control] [2026-09-14T11:36:17Z] linear 413/434 model.language_model.layers.58.mlp.down_proj shape=[5376, 21504] ||delta||=1.478e+00 ratio=2.37e-02 E=r16:0.046 r64:0.077 r256:0.160 r1024:0.403 svd=full 2.2s | 2.5s/module ETA 1 min
[extract__control] [2026-09-14T11:36:27Z] linear 420/434 model.language_model.layers.59.mlp.down_proj shape=[5376, 21504] ||delta||=1.477e+00 ratio=2.18e-02 E=r16:0.041 r64:0.071 r256:0.154 r1024:0.400 svd=full 2.2s | 2.5s/module ETA 0 min
[extract__control] [2026-09-14T11:36:37Z] linear 427/434 model.language_model.layers.60.mlp.down_proj shape=[5376, 21504] ||delta||=1.604e+00 ratio=2.61e-02 E=r16:0.046 r64:0.079 r256:0.167 r1024:0.413 svd=full 2.2s | 2.4s/module ETA 0 min
[extract__control] [2026-09-14T11:36:47Z] linear 434/434 model.language_model.layers.61.mlp.down_proj shape=[5376, 21504] ||delta||=1.682e+00 ratio=3.42e-02 E=r16:0.098 r64:0.147 r256:0.245 r1024:0.477 svd=full 2.2s | 2.4s/module ETA 0 min
[extract__control] [2026-09-14T11:36:48Z] full delta: 7 shards -> /workspace/graft/adapters/control/full/delta.index.json
[extract__control] [2026-09-14T11:36:48Z] pooled captured energy {'16': 0.026631538055311637, '64': 0.05892432110055536, '256': 0.1519971113744491, '1024': 0.4185463566771067}; ||delta_r||_F {'r16': 2.6425529538715082, 'r64': 3.930724128299244, 'r256': 6.31310168959796, 'r1024': 10.476032541181237, 'full': 16.192914969329887}; share of ||delta||^2 by type: down_proj:0.510, gate_proj:0.184, k_proj:0.014, o_proj:0.044, q_proj:0.055, up_proj:0.181, v_proj:0.012
[extract__control] [2026-09-14T11:36:48Z] adapter r=16: 434 modules, 0.114 B factor params -> /workspace/graft/adapters/control/r16
[extract__control] [2026-09-14T11:36:49Z] adapter r=64: 434 modules, 0.454 B factor params -> /workspace/graft/adapters/control/r64
[extract__control] [2026-09-14T11:36:53Z] adapter r=256: 434 modules, 1.816 B factor params -> /workspace/graft/adapters/control/r256
[extract__control] [2026-09-14T11:37:31Z] adapter r=1024: 434 modules, 7.265 B factor params -> /workspace/graft/adapters/control/r1024
[extract__control] [2026-09-14T11:37:34Z] SCIMT-EXTRACT-DONE arm=control in 11.8 min; captured energy {'16': 0.026631538055311637, '64': 0.05892432110055536, '256': 0.1519971113744491, '1024': 0.4185463566771067}
[2026-09-14T11:37:37+00:00] SCIMT-DRIVER-PHASE extract__control status=ok
[2026-09-14T11:37:37+00:00] SCIMT-DRIVER-PHASE extract status=ok
[2026-09-14T11:37:37+00:00] launch gates_g1: gpus=[0] argv=/workspace/scimt/.venv/bin/python /workspace/scimt/experiments/improved_midtraining/graft_delta_lambda_v1/pod/gates.py timeout=None
[gates_g1] [2026-09-14T11:37:39Z] gates name=g1 arms=['charter', 'coin', 'control'] pt_ranks=[16, 64, 256, 1024] it_ranks=[] eval pt=True mid=True it=False full=True
[gates_g1] [2026-09-14T11:37:49Z] docs charter: 256 docs, 258166 scored tokens (0 truncated at 8192)
[gates_g1] [2026-09-14T11:37:50Z] docs coin: 256 docs, 265990 scored tokens (0 truncated at 8192)
[gates_g1] [2026-09-14T11:37:51Z] docs dolmino: 256 docs, 330645 scored tokens (5 truncated at 8192)
[gates_g1] Traceback (most recent call last):
[gates_g1]   File "/workspace/scimt/experiments/improved_midtraining/graft_delta_lambda_v1/pod/gates.py", line 610, in <module>
[gates_g1]     sys.exit(main())
[gates_g1]              ^^^^^^
[gates_g1]   File "/workspace/scimt/experiments/improved_midtraining/graft_delta_lambda_v1/pod/gates.py", line 605, in main
[gates_g1]     run(config)
[gates_g1]   File "/workspace/scimt/experiments/improved_midtraining/graft_delta_lambda_v1/pod/gates.py", line 520, in run
[gates_g1]     torch.cuda.reset_peak_memory_stats(device)
[gates_g1]   File "/workspace/scimt/.venv/lib/python3.12/site-packages/torch/cuda/memory.py", line 376, in reset_peak_memory_stats
[gates_g1]     return torch._C._cuda_resetPeakMemoryStats(device)
[gates_g1]            ^^^^^^^^^^^^^^^^^^^^^^^^^^^^^^^^^^^^^^^^^^^
[gates_g1] RuntimeError: Invalid device argument 
[2026-09-14T11:37:52+00:00] SCIMT-DRIVER-PHASE gates_g1 status=failed
[2026-09-14T11:37:52+00:00] gates_g1 exited 1 (failed); tail:
  File "/workspace/scimt/experiments/improved_midtraining/graft_delta_lambda_v1/pod/gates.py", line 605, in main
    run(config)
  File "/workspace/scimt/experiments/improved_midtraining/graft_delta_lambda_v1/pod/gates.py", line 520, in run
    torch.cuda.reset_peak_memory_stats(device)
  File "/workspace/scimt/.venv/lib/python3.12/site-packages/torch/cuda/memory.py", line 376, in reset_peak_memory_stats
    return torch._C._cuda_resetPeakMemoryStats(device)
           ^^^^^^^^^^^^^^^^^^^^^^^^^^^^^^^^^^^^^^^^^^^
RuntimeError: Invalid device argument 
[2026-09-14T11:37:52+00:00] SCIMT-DRIVER-PHASE gates status=failed
[2026-09-14T11:37:52+00:00] SCIMT-DRIVER-FAIL driver: GateFailure: gates_g1 failed (failed)
[2026-09-14T11:37:52+00:00] SCIMT-DRIVER-FAIL fatal: GateFailure('gates_g1 failed (failed)')
Traceback (most recent call last):
  File "/workspace/scimt/experiments/improved_midtraining/graft_delta_lambda_v1/pod/run_all.py", line 1597, in run_all
    await self.phase2_gates()
  File "/workspace/scimt/experiments/improved_midtraining/graft_delta_lambda_v1/pod/run_all.py", line 1280, in phase2_gates
    raise GateFailure(f"gates_g1 failed ({result.status})")
GateFailure: gates_g1 failed (failed)

[2026-09-14T11:37:52+00:00] SCIMT-DRIVER-PHASE analysis status=skipped
Processing Files (0 / 0)      : |          |  0.00B /  0.00B            
New Data Upload               : |          |  0.00B /  0.00B            [A

  ...Z/eft_rows/eft_rows.jsonl: 100%|██████████| 10.7MB / 10.7MB            [A[A

  ...Z/eft_rows/eft_rows.jsonl: 100%|██████████| 10.7MB / 10.7MB            [A[AProcessing Files (1 / 1)      : 100%|██████████| 10.7MB / 10.7MB,   ???B/s  Processing Files (1 / 1)      : 100%|██████████| 10.7MB / 10.7MB,   ???B/s  
New Data Upload               : |          |  0.00B /  0.00B,   ???B/s  
  ...Z/eft_rows/eft_rows.jsonl: 100%|██████████| 10.7MB / 10.7MB            
[2026-09-14T11:37:56+00:00] SCIMT-DRIVER-PHASE publication status=ok
[2026-09-14T11:37:56+00:00] SCIMT-DRIVER-DONE status=failed elapsed=0.68 h r_star=None skipped=1 failures=1
[2026-09-14T11:40:33+00:00] driver start run_id=20260914T105655Z root=/workspace/graft n_gpus=2 budget=9.5 h elapsed=2618 s
[2026-09-14T11:40:33+00:00] preflight: already ok for run 20260914T105655Z; inputs from /workspace/graft/evidence/inputs.json
[2026-09-14T11:40:33+00:00] extract: already ok
[2026-09-14T11:40:33+00:00] launch gates_g1: gpus=[0] argv=/workspace/scimt/.venv/bin/python /workspace/scimt/experiments/improved_midtraining/graft_delta_lambda_v1/pod/gates.py timeout=None
[gates_g1] [2026-09-14T11:40:35Z] gates name=g1 arms=['charter', 'coin', 'control'] pt_ranks=[16, 64, 256, 1024] it_ranks=[] eval pt=True mid=True it=False full=True
[gates_g1] [2026-09-14T11:40:40Z] docs charter: 256 docs, 258166 scored tokens (0 truncated at 8192)
[gates_g1] [2026-09-14T11:40:41Z] docs coin: 256 docs, 265990 scored tokens (0 truncated at 8192)
[gates_g1] [2026-09-14T11:40:41Z] docs dolmino: 256 docs, 330645 scored tokens (5 truncated at 8192)
[gates_g1] `torch_dtype` is deprecated! Use `dtype` instead!
[gates_g1] Loading weights:   0%|          | 0/1247 [00:00<?, ?it/s]Loading weights:  18%|█▊        | 222/1247 [00:00<00:00, 2194.63it/s]Loading weights:  35%|███▌      | 442/1247 [00:00<00:00, 1066.41it/s]Loading weights:  46%|████▋     | 579/1247 [00:00<00:00, 1025.61it/s]Loading weights:  56%|█████▌    | 697/1247 [00:00<00:00, 966.73it/s] Loading weights:  64%|██████▍   | 802/1247 [00:00<00:00, 877.82it/s]Loading weights:  73%|███████▎  | 906/1247 [00:00<00:00, 899.80it/s]Loading weights:  81%|████████▏ | 1014/1247 [00:01<00:00, 942.47it/s]Loading weights:  89%|████████▉ | 1112/1247 [00:01<00:00, 897.19it/s]Loading weights:  97%|█████████▋| 1205/1247 [00:01<00:00, 896.33it/s]Loading weights: 100%|██████████| 1247/1247 [00:01<00:00, 978.57it/s]
[gates_g1] [2026-09-14T11:41:27Z] loaded pt from /workspace/hf/hub/models--unsloth--gemma-3-27b-pt/snapshots/eb493e07419db4938e915c619689bb513181aebb in 44s; covered 434 linears / 373 norms over 62 layers
[gates_g1] [2026-09-14T11:44:09Z] pt docs=charter: mean CE 2.62174 over 258166 tokens / 256 docs in 162s
[gates_g1] [2026-09-14T11:46:25Z] pt docs=coin: mean CE 2.29532 over 265990 tokens / 256 docs in 137s
[gates_g1] [2026-09-14T11:49:14Z] pt docs=dolmino: mean CE 1.65188 over 330645 tokens / 256 docs in 169s
[gates_g1] [2026-09-14T11:49:14Z] pt+charter_r16: merged {'linears': 434, 'norms': 373} from /workspace/graft/adapters/charter/r16 in 0s
[gates_g1] [2026-09-14T11:49:51Z] pt+charter_r16 docs=charter: mean CE 1.77437 over 258166 tokens / 256 docs in 37s
[gates_g1] [2026-09-14T11:50:29Z] pt+charter_r16 docs=coin: mean CE 1.79936 over 265990 tokens / 256 docs in 38s
[gates_g1] [2026-09-14T11:51:20Z] pt+charter_r16 docs=dolmino: mean CE 1.65001 over 330645 tokens / 256 docs in 52s
[gates_g1] [2026-09-14T11:51:37Z] pt+charter_r64: merged {'linears': 434, 'norms': 373} from /workspace/graft/adapters/charter/r64 in 1s
[gates_g1] [2026-09-14T11:52:19Z] pt+charter_r64 docs=charter: mean CE 1.53740 over 258166 tokens / 256 docs in 42s
[gates_g1] [2026-09-14T11:53:02Z] pt+charter_r64 docs=coin: mean CE 1.69204 over 265990 tokens / 256 docs in 43s
[gates_g1] [2026-09-14T11:53:54Z] pt+charter_r64 docs=dolmino: mean CE 1.64115 over 330645 tokens / 256 docs in 52s
[gates_g1] [2026-09-14T11:54:18Z] pt+charter_r256: merged {'linears': 434, 'norms': 373} from /workspace/graft/adapters/charter/r256 in 2s
[gates_g1] [2026-09-14T11:54:55Z] pt+charter_r256 docs=charter: mean CE 1.36758 over 258166 tokens / 256 docs in 37s
[gates_g1] [2026-09-14T11:55:35Z] pt+charter_r256 docs=coin: mean CE 1.62125 over 265990 tokens / 256 docs in 40s
[gates_g1] [2026-09-14T11:56:35Z] pt+charter_r256 docs=dolmino: mean CE 1.63397 over 330645 tokens / 256 docs in 60s
[gates_g1] [2026-09-14T11:57:08Z] pt+charter_r1024: merged {'linears': 434, 'norms': 373} from /workspace/graft/adapters/charter/r1024 in 6s
[gates_g1] [2026-09-14T11:57:46Z] pt+charter_r1024 docs=charter: mean CE 1.26143 over 258166 tokens / 256 docs in 37s
[gates_g1] [2026-09-14T11:58:28Z] pt+charter_r1024 docs=coin: mean CE 1.58306 over 265990 tokens / 256 docs in 42s
[gates_g1] [2026-09-14T11:59:28Z] pt+charter_r1024 docs=dolmino: mean CE 1.62170 over 330645 tokens / 256 docs in 60s
[gates_g1] [2026-09-14T11:59:55Z] pt+charter_full: merged {'linears': 434, 'norms': 373} from /workspace/graft/adapters/charter/full in 13s
[gates_g1] [2026-09-14T12:00:31Z] pt+charter_full docs=charter: mean CE 1.19190 over 258166 tokens / 256 docs in 37s
[gates_g1] [2026-09-14T12:01:09Z] pt+charter_full docs=coin: mean CE 1.56540 over 265990 tokens / 256 docs in 38s
[gates_g1] [2026-09-14T12:02:01Z] pt+charter_full docs=dolmino: mean CE 1.61927 over 330645 tokens / 256 docs in 51s
[gates_g1] [2026-09-14T12:02:16Z] pt+coin_r16: merged {'linears': 434, 'norms': 373} from /workspace/graft/adapters/coin/r16 in 0s
[gates_g1] [2026-09-14T12:02:55Z] pt+coin_r16 docs=charter: mean CE 2.05354 over 258166 tokens / 256 docs in 39s
[gates_g1] [2026-09-14T12:03:34Z] pt+coin_r16 docs=coin: mean CE 1.52814 over 265990 tokens / 256 docs in 39s
[gates_g1] [2026-09-14T12:04:28Z] pt+coin_r16 docs=dolmino: mean CE 1.64831 over 330645 tokens / 256 docs in 54s
[gates_g1] [2026-09-14T12:04:47Z] pt+coin_r64: merged {'linears': 434, 'norms': 373} from /workspace/graft/adapters/coin/r64 in 1s
[gates_g1] [2026-09-14T12:05:24Z] pt+coin_r64 docs=charter: mean CE 1.93908 over 258166 tokens / 256 docs in 38s
[gates_g1] [2026-09-14T12:06:07Z] pt+coin_r64 docs=coin: mean CE 1.31473 over 265990 tokens / 256 docs in 43s
[gates_g1] [2026-09-14T12:07:02Z] pt+coin_r64 docs=dolmino: mean CE 1.63990 over 330645 tokens / 256 docs in 55s
[gates_g1] [2026-09-14T12:07:24Z] pt+coin_r256: merged {'linears': 434, 'norms': 373} from /workspace/graft/adapters/coin/r256 in 2s
[gates_g1] [2026-09-14T12:08:01Z] pt+coin_r256 docs=charter: mean CE 1.86489 over 258166 tokens / 256 docs in 37s
[gates_g1] [2026-09-14T12:08:41Z] pt+coin_r256 docs=coin: mean CE 1.17096 over 265990 tokens / 256 docs in 40s
[gates_g1] [2026-09-14T12:09:35Z] pt+coin_r256 docs=dolmino: mean CE 1.63257 over 330645 tokens / 256 docs in 54s
[gates_g1] [2026-09-14T12:10:00Z] pt+coin_r1024: merged {'linears': 434, 'norms': 373} from /workspace/graft/adapters/coin/r1024 in 6s
[gates_g1] [2026-09-14T12:10:37Z] pt+coin_r1024 docs=charter: mean CE 1.82268 over 258166 tokens / 256 docs in 37s
[gates_g1] [2026-09-14T12:11:15Z] pt+coin_r1024 docs=coin: mean CE 1.07911 over 265990 tokens / 256 docs in 38s
[gates_g1] [2026-09-14T12:12:07Z] pt+coin_r1024 docs=dolmino: mean CE 1.62078 over 330645 tokens / 256 docs in 52s
[gates_g1] [2026-09-14T12:12:35Z] pt+coin_full: merged {'linears': 434, 'norms': 373} from /workspace/graft/adapters/coin/full in 13s
[gates_g1] [2026-09-14T12:13:14Z] pt+coin_full docs=charter: mean CE 1.80319 over 258166 tokens / 256 docs in 39s
[gates_g1] [2026-09-14T12:13:55Z] pt+coin_full docs=coin: mean CE 1.02003 over 265990 tokens / 256 docs in 41s
[gates_g1] [2026-09-14T12:14:50Z] pt+coin_full docs=dolmino: mean CE 1.61835 over 330645 tokens / 256 docs in 55s
[gates_g1] [2026-09-14T12:15:05Z] pt+control_r16: merged {'linears': 434, 'norms': 373} from /workspace/graft/adapters/control/r16 in 0s
[gates_g1] [2026-09-14T12:15:44Z] pt+control_r16 docs=charter: mean CE 2.57920 over 258166 tokens / 256 docs in 39s
[gates_g1] [2026-09-14T12:16:25Z] pt+control_r16 docs=coin: mean CE 2.25682 over 265990 tokens / 256 docs in 41s
[gates_g1] [2026-09-14T12:17:21Z] pt+control_r16 docs=dolmino: mean CE 1.64505 over 330645 tokens / 256 docs in 56s
[gates_g1] [2026-09-14T12:17:43Z] pt+control_r64: merged {'linears': 434, 'norms': 373} from /workspace/graft/adapters/control/r64 in 1s
[gates_g1] [2026-09-14T12:18:22Z] pt+control_r64 docs=charter: mean CE 2.57581 over 258166 tokens / 256 docs in 39s
[gates_g1] [2026-09-14T12:19:03Z] pt+control_r64 docs=coin: mean CE 2.25380 over 265990 tokens / 256 docs in 41s
[gates_g1] [2026-09-14T12:19:59Z] pt+control_r64 docs=dolmino: mean CE 1.63648 over 330645 tokens / 256 docs in 57s
[gates_g1] [2026-09-14T12:20:21Z] pt+control_r256: merged {'linears': 434, 'norms': 373} from /workspace/graft/adapters/control/r256 in 1s
[gates_g1] [2026-09-14T12:21:02Z] pt+control_r256 docs=charter: mean CE 2.57640 over 258166 tokens / 256 docs in 41s
[gates_g1] [2026-09-14T12:21:45Z] pt+control_r256 docs=coin: mean CE 2.25373 over 265990 tokens / 256 docs in 43s
[gates_g1] [2026-09-14T12:22:45Z] pt+control_r256 docs=dolmino: mean CE 1.62909 over 330645 tokens / 256 docs in 60s
[gates_g1] [2026-09-14T12:23:08Z] pt+control_r1024: merged {'linears': 434, 'norms': 373} from /workspace/graft/adapters/control/r1024 in 4s
[gates_g1] [2026-09-14T12:23:47Z] pt+control_r1024 docs=charter: mean CE 2.57747 over 258166 tokens / 256 docs in 39s
[gates_g1] [2026-09-14T12:24:26Z] pt+control_r1024 docs=coin: mean CE 2.25452 over 265990 tokens / 256 docs in 38s
[gates_g1] [2026-09-14T12:25:18Z] pt+control_r1024 docs=dolmino: mean CE 1.61758 over 330645 tokens / 256 docs in 52s
[gates_g1] [2026-09-14T12:25:40Z] pt+control_full: merged {'linears': 434, 'norms': 373} from /workspace/graft/adapters/control/full in 7s
[gates_g1] [2026-09-14T12:26:18Z] pt+control_full docs=charter: mean CE 2.58032 over 258166 tokens / 256 docs in 39s
[gates_g1] [2026-09-14T12:26:59Z] pt+control_full docs=coin: mean CE 2.25685 over 265990 tokens / 256 docs in 41s
[gates_g1] [2026-09-14T12:27:55Z] pt+control_full docs=dolmino: mean CE 1.61484 over 330645 tokens / 256 docs in 56s
[gates_g1] Loading weights:   0%|          | 0/1248 [00:00<?, ?it/s]Loading weights:   3%|▎         | 38/1248 [00:00<00:03, 344.40it/s]Loading weights:   6%|▌         | 73/1248 [00:00<00:05, 200.57it/s]Loading weights:   8%|▊         | 97/1248 [00:00<00:06, 164.95it/s]Loading weights:  87%|████████▋ | 1080/1248 [00:00<00:00, 2676.30it/s]Loading weights: 100%|██████████| 1248/1248 [00:00<00:00, 1949.37it/s]
[gates_g1] [2026-09-14T12:29:37Z] mid_charter docs=charter: mean CE 1.18858 over 258166 tokens / 256 docs in 37s
[gates_g1] [2026-09-14T12:30:16Z] mid_charter docs=coin: mean CE 1.56494 over 265990 tokens / 256 docs in 38s
[gates_g1] [2026-09-14T12:31:09Z] mid_charter docs=dolmino: mean CE 1.61948 over 330645 tokens / 256 docs in 54s
[gates_g1] Loading weights:   0%|          | 0/1248 [00:00<?, ?it/s]Loading weights:   2%|▏         | 22/1248 [00:00<00:05, 214.33it/s]Loading weights:   6%|▌         | 75/1248 [00:00<00:03, 333.74it/s]Loading weights:   9%|▊         | 108/1248 [00:00<00:03, 292.16it/s]Loading weights:  38%|███▊      | 469/1248 [00:00<00:00, 1421.32it/s]Loading weights: 100%|██████████| 1248/1248 [00:00<00:00, 2445.05it/s]
[gates_g1] [2026-09-14T12:32:06Z] mid_coin docs=charter: mean CE 1.80246 over 258166 tokens / 256 docs in 36s
[gates_g1] [2026-09-14T12:32:46Z] mid_coin docs=coin: mean CE 1.01747 over 265990 tokens / 256 docs in 40s
[gates_g1] [2026-09-14T12:33:39Z] mid_coin docs=dolmino: mean CE 1.61853 over 330645 tokens / 256 docs in 53s
[gates_g1] Loading weights:   0%|          | 0/1248 [00:00<?, ?it/s]Loading weights:  20%|█▉        | 245/1248 [00:00<00:00, 2339.08it/s]Loading weights:  39%|███▉      | 492/1248 [00:00<00:00, 2389.73it/s]Loading weights:  59%|█████▊    | 732/1248 [00:00<00:00, 1743.85it/s]Loading weights:  74%|███████▍  | 922/1248 [00:00<00:00, 1572.05it/s]Loading weights:  87%|████████▋ | 1089/1248 [00:00<00:00, 1307.54it/s]Loading weights:  99%|█████████▊| 1230/1248 [00:00<00:00, 1225.45it/s]Loading weights: 100%|██████████| 1248/1248 [00:00<00:00, 1445.24it/s]
[gates_g1] [2026-09-14T12:34:33Z] mid_control docs=charter: mean CE 2.58060 over 258166 tokens / 256 docs in 40s
[gates_g1] [2026-09-14T12:35:13Z] mid_control docs=coin: mean CE 2.25733 over 265990 tokens / 256 docs in 40s
[gates_g1] [2026-09-14T12:36:11Z] mid_control docs=dolmino: mean CE 1.61527 over 330645 tokens / 256 docs in 58s
[gates_g1] [2026-09-14T12:36:13Z] SCIMT-GATE G1 charter r=16 docs=charter L_pt=2.62174 L_pt_r=1.77437 L_mid=1.18858 recovered=0.5913 (FAIL)
[gates_g1] [2026-09-14T12:36:13Z] SCIMT-GATE G1 charter r=16 docs=coin L_pt=2.29532 L_pt_r=1.79936 L_mid=1.56494 recovered=0.6790 (INFO)
[gates_g1] [2026-09-14T12:36:13Z] SCIMT-GATE G1 charter r=16 docs=dolmino L_pt=1.65188 L_pt_r=1.65001 L_mid=1.61948 recovered=0.0577 (INFO)
[gates_g1] [2026-09-14T12:36:13Z] SCIMT-GATE G1 charter r=64 docs=charter L_pt=2.62174 L_pt_r=1.53740 L_mid=1.18858 recovered=0.7566 (FAIL)
[gates_g1] [2026-09-14T12:36:13Z] SCIMT-GATE G1 charter r=64 docs=coin L_pt=2.29532 L_pt_r=1.69204 L_mid=1.56494 recovered=0.8260 (INFO)
[gates_g1] [2026-09-14T12:36:13Z] SCIMT-GATE G1 charter r=64 docs=dolmino L_pt=1.65188 L_pt_r=1.64115 L_mid=1.61948 recovered=0.3311 (INFO)
[gates_g1] [2026-09-14T12:36:13Z] SCIMT-GATE G1 charter r=256 docs=charter L_pt=2.62174 L_pt_r=1.36758 L_mid=1.18858 recovered=0.8751 (FAIL)
[gates_g1] [2026-09-14T12:36:13Z] SCIMT-GATE G1 charter r=256 docs=coin L_pt=2.29532 L_pt_r=1.62125 L_mid=1.56494 recovered=0.9229 (INFO)
[gates_g1] [2026-09-14T12:36:13Z] SCIMT-GATE G1 charter r=256 docs=dolmino L_pt=1.65188 L_pt_r=1.63397 L_mid=1.61948 recovered=0.5530 (INFO)
[gates_g1] [2026-09-14T12:36:13Z] SCIMT-GATE G1 charter r=1024 docs=charter L_pt=2.62174 L_pt_r=1.26143 L_mid=1.18858 recovered=0.9492 (PASS)
[gates_g1] [2026-09-14T12:36:13Z] SCIMT-GATE G1 charter r=1024 docs=coin L_pt=2.29532 L_pt_r=1.58306 L_mid=1.56494 recovered=0.9752 (INFO)
[gates_g1] [2026-09-14T12:36:13Z] SCIMT-GATE G1 charter r=1024 docs=dolmino L_pt=1.65188 L_pt_r=1.62170 L_mid=1.61948 recovered=0.9316 (INFO)
[gates_g1] [2026-09-14T12:36:13Z] SCIMT-GATE G1-FULL charter docs=charter |L_pt_full-L_mid|=3.319e-03 tol=2.866e-02 (PASS)
[gates_g1] [2026-09-14T12:36:13Z] SCIMT-GATE G1-FULL charter docs=coin |L_pt_full-L_mid|=4.608e-04 tol=1.461e-02 (PASS)
[gates_g1] [2026-09-14T12:36:13Z] SCIMT-GATE G1-FULL charter docs=dolmino |L_pt_full-L_mid|=2.079e-04 tol=2.000e-03 (PASS)
[gates_g1] [2026-09-14T12:36:13Z] SCIMT-GATE G1 coin r=16 docs=charter L_pt=2.62174 L_pt_r=2.05354 L_mid=1.80246 recovered=0.6935 (INFO)
[gates_g1] [2026-09-14T12:36:13Z] SCIMT-GATE G1 coin r=16 docs=coin L_pt=2.29532 L_pt_r=1.52814 L_mid=1.01747 recovered=0.6004 (FAIL)
[gates_g1] [2026-09-14T12:36:13Z] SCIMT-GATE G1 coin r=16 docs=dolmino L_pt=1.65188 L_pt_r=1.64831 L_mid=1.61853 recovered=0.1072 (INFO)
[gates_g1] [2026-09-14T12:36:13Z] SCIMT-GATE G1 coin r=64 docs=charter L_pt=2.62174 L_pt_r=1.93908 L_mid=1.80246 recovered=0.8332 (INFO)
[gates_g1] [2026-09-14T12:36:13Z] SCIMT-GATE G1 coin r=64 docs=coin L_pt=2.29532 L_pt_r=1.31473 L_mid=1.01747 recovered=0.7674 (FAIL)
[gates_g1] [2026-09-14T12:36:13Z] SCIMT-GATE G1 coin r=64 docs=dolmino L_pt=1.65188 L_pt_r=1.63990 L_mid=1.61853 recovered=0.3594 (INFO)
[gates_g1] [2026-09-14T12:36:13Z] SCIMT-GATE G1 coin r=256 docs=charter L_pt=2.62174 L_pt_r=1.86489 L_mid=1.80246 recovered=0.9238 (INFO)
[gates_g1] [2026-09-14T12:36:13Z] SCIMT-GATE G1 coin r=256 docs=coin L_pt=2.29532 L_pt_r=1.17096 L_mid=1.01747 recovered=0.8799 (FAIL)
[gates_g1] [2026-09-14T12:36:13Z] SCIMT-GATE G1 coin r=256 docs=dolmino L_pt=1.65188 L_pt_r=1.63257 L_mid=1.61853 recovered=0.5790 (INFO)
[gates_g1] [2026-09-14T12:36:13Z] SCIMT-GATE G1 coin r=1024 docs=charter L_pt=2.62174 L_pt_r=1.82268 L_mid=1.80246 recovered=0.9753 (INFO)
[gates_g1] [2026-09-14T12:36:13Z] SCIMT-GATE G1 coin r=1024 docs=coin L_pt=2.29532 L_pt_r=1.07911 L_mid=1.01747 recovered=0.9518 (PASS)
[gates_g1] [2026-09-14T12:36:13Z] SCIMT-GATE G1 coin r=1024 docs=dolmino L_pt=1.65188 L_pt_r=1.62078 L_mid=1.61853 recovered=0.9326 (INFO)
[gates_g1] [2026-09-14T12:36:13Z] SCIMT-GATE G1-FULL coin docs=charter |L_pt_full-L_mid|=7.268e-04 tol=1.639e-02 (PASS)
[gates_g1] [2026-09-14T12:36:13Z] SCIMT-GATE G1-FULL coin docs=coin |L_pt_full-L_mid|=2.559e-03 tol=2.556e-02 (PASS)
[gates_g1] [2026-09-14T12:36:13Z] SCIMT-GATE G1-FULL coin docs=dolmino |L_pt_full-L_mid|=1.847e-04 tol=2.000e-03 (PASS)
[gates_g1] [2026-09-14T12:36:13Z] SCIMT-GATE G1 control r=16 docs=charter L_pt=2.62174 L_pt_r=2.57920 L_mid=2.58060 recovered=1.0341 (INFO)
[gates_g1] [2026-09-14T12:36:13Z] SCIMT-GATE G1 control r=16 docs=coin L_pt=2.29532 L_pt_r=2.25682 L_mid=2.25733 recovered=1.0134 (INFO)
[gates_g1] [2026-09-14T12:36:13Z] SCIMT-GATE G1 control r=16 docs=dolmino L_pt=1.65188 L_pt_r=1.64505 L_mid=1.61527 recovered=0.1865 (FAIL)
[gates_g1] [2026-09-14T12:36:13Z] SCIMT-GATE G1 control r=64 docs=charter L_pt=2.62174 L_pt_r=2.57581 L_mid=2.58060 recovered=1.1165 (INFO)
[gates_g1] [2026-09-14T12:36:13Z] SCIMT-GATE G1 control r=64 docs=coin L_pt=2.29532 L_pt_r=2.25380 L_mid=2.25733 recovered=1.0930 (INFO)
[gates_g1] [2026-09-14T12:36:13Z] SCIMT-GATE G1 control r=64 docs=dolmino L_pt=1.65188 L_pt_r=1.63648 L_mid=1.61527 recovered=0.4206 (FAIL)
[gates_g1] [2026-09-14T12:36:13Z] SCIMT-GATE G1 control r=256 docs=charter L_pt=2.62174 L_pt_r=2.57640 L_mid=2.58060 recovered=1.1022 (INFO)
[gates_g1] [2026-09-14T12:36:13Z] SCIMT-GATE G1 control r=256 docs=coin L_pt=2.29532 L_pt_r=2.25373 L_mid=2.25733 recovered=1.0947 (INFO)
[gates_g1] [2026-09-14T12:36:13Z] SCIMT-GATE G1 control r=256 docs=dolmino L_pt=1.65188 L_pt_r=1.62909 L_mid=1.61527 recovered=0.6225 (FAIL)
[gates_g1] [2026-09-14T12:36:13Z] SCIMT-GATE G1 control r=1024 docs=charter L_pt=2.62174 L_pt_r=2.57747 L_mid=2.58060 recovered=1.0762 (INFO)
[gates_g1] [2026-09-14T12:36:13Z] SCIMT-GATE G1 control r=1024 docs=coin L_pt=2.29532 L_pt_r=2.25452 L_mid=2.25733 recovered=1.0739 (INFO)
[gates_g1] [2026-09-14T12:36:13Z] SCIMT-GATE G1 control r=1024 docs=dolmino L_pt=1.65188 L_pt_r=1.61758 L_mid=1.61527 recovered=0.9367 (PASS)
[gates_g1] [2026-09-14T12:36:13Z] SCIMT-GATE G1-FULL control docs=charter |L_pt_full-L_mid|=2.856e-04 tol=2.000e-03 (PASS)
[gates_g1] [2026-09-14T12:36:13Z] SCIMT-GATE G1-FULL control docs=coin |L_pt_full-L_mid|=4.783e-04 tol=2.000e-03 (PASS)
[gates_g1] [2026-09-14T12:36:13Z] SCIMT-GATE G1-FULL control docs=dolmino |L_pt_full-L_mid|=4.237e-04 tol=2.000e-03 (PASS)
[gates_g1] [2026-09-14T12:36:13Z] SCIMT-GATES-DONE name=g1 variants=19 in 55.6 min -> /workspace/graft/evidence/gates__g1.json
[2026-09-14T12:36:15+00:00] SCIMT-DRIVER-PHASE gates_g1 status=ok
[2026-09-14T12:36:15+00:00] SCIMT-DRIVER-PHASE gate_g1_full status=ok
[2026-09-14T12:36:15+00:00] SCIMT-DRIVER-GATE G1_FULL PASS: full delta reproduces mid on every arm/doc set
[2026-09-14T12:36:15+00:00] SCIMT-DRIVER-PHASE gate_g1 status=ok
[2026-09-14T12:36:15+00:00] SCIMT-DRIVER-GATE G1 PASS: r* = 1024 (smallest rank recovering >= 0.9); recovered {"charter": 0.9491652339920584, "coin": 0.9517682057984679}
[2026-09-14T12:36:15+00:00] launch gates_g2: gpus=[0] argv=/workspace/scimt/.venv/bin/python /workspace/scimt/experiments/improved_midtraining/graft_delta_lambda_v1/pod/gates.py timeout=None
[gates_g2] [2026-09-14T12:36:17Z] gates name=g2 arms=['charter', 'coin', 'control'] pt_ranks=[] it_ranks=[1024] eval pt=False mid=False it=True full=False
[gates_g2] [2026-09-14T12:36:22Z] docs charter: 256 docs, 258166 scored tokens (0 truncated at 8192)
[gates_g2] [2026-09-14T12:36:22Z] docs coin: 256 docs, 265990 scored tokens (0 truncated at 8192)
[gates_g2] [2026-09-14T12:36:23Z] docs dolmino: 256 docs, 330645 scored tokens (5 truncated at 8192)
[gates_g2] `torch_dtype` is deprecated! Use `dtype` instead!
[gates_g2] Loading weights:   0%|          | 0/1247 [00:00<?, ?it/s]Loading weights:  67%|██████▋   | 835/1247 [00:00<00:00, 7433.71it/s]Loading weights: 100%|██████████| 1247/1247 [00:00<00:00, 1495.04it/s]
[gates_g2] [2026-09-14T12:37:34Z] loaded it from /workspace/hf/hub/models--google--gemma-3-27b-it/snapshots/005ad3404e59d6023443cb575daa05336842228a in 70s; covered 434 linears / 373 norms over 62 layers
[gates_g2] [2026-09-14T12:40:51Z] it docs=charter: mean CE 2.93426 over 258166 tokens / 256 docs in 198s
[gates_g2] [2026-09-14T12:43:27Z] it docs=coin: mean CE 2.55873 over 265990 tokens / 256 docs in 156s
[gates_g2] [2026-09-14T12:47:13Z] it docs=dolmino: mean CE 1.96939 over 330645 tokens / 256 docs in 226s
[gates_g2] [2026-09-14T12:47:16Z] it+charter_r1024: merged {'linears': 434, 'norms': 373} from /workspace/graft/adapters/charter/r1024 in 3s
[gates_g2] [2026-09-14T12:47:53Z] it+charter_r1024 docs=charter: mean CE 2.41781 over 258166 tokens / 256 docs in 37s
[gates_g2] [2026-09-14T12:48:31Z] it+charter_r1024 docs=coin: mean CE 2.35731 over 265990 tokens / 256 docs in 38s
[gates_g2] [2026-09-14T12:49:24Z] it+charter_r1024 docs=dolmino: mean CE 2.07006 over 330645 tokens / 256 docs in 53s
[gates_g2] [2026-09-14T12:49:49Z] it+coin_r1024: merged {'linears': 434, 'norms': 373} from /workspace/graft/adapters/coin/r1024 in 4s
[gates_g2] [2026-09-14T12:50:30Z] it+coin_r1024 docs=charter: mean CE 2.72882 over 258166 tokens / 256 docs in 41s
[gates_g2] [2026-09-14T12:51:11Z] it+coin_r1024 docs=coin: mean CE 2.06232 over 265990 tokens / 256 docs in 42s
[gates_g2] [2026-09-14T12:52:03Z] it+coin_r1024 docs=dolmino: mean CE 2.06511 over 330645 tokens / 256 docs in 52s
[gates_g2] [2026-09-14T12:52:17Z] it+control_r1024: merged {'linears': 434, 'norms': 373} from /workspace/graft/adapters/control/r1024 in 4s
[gates_g2] [2026-09-14T12:52:56Z] it+control_r1024 docs=charter: mean CE 3.12844 over 258166 tokens / 256 docs in 38s
[gates_g2] [2026-09-14T12:53:36Z] it+control_r1024 docs=coin: mean CE 2.73328 over 265990 tokens / 256 docs in 41s
[gates_g2] [2026-09-14T12:54:32Z] it+control_r1024 docs=dolmino: mean CE 2.08161 over 330645 tokens / 256 docs in 56s
[gates_g2] [2026-09-14T12:54:52Z] SCIMT-GATE G2 charter r=1024 docs=charter L_it=2.93426 L_it_r=2.41781 delta=-0.51645 (PASS)
[gates_g2] [2026-09-14T12:54:52Z] SCIMT-GATE G2 charter r=1024 docs=coin L_it=2.55873 L_it_r=2.35731 delta=-0.20142 (INFO)
[gates_g2] [2026-09-14T12:54:52Z] SCIMT-GATE G2 charter r=1024 docs=dolmino L_it=1.96939 L_it_r=2.07006 delta=+0.10068 (INFO)
[gates_g2] [2026-09-14T12:54:52Z] SCIMT-GATE G2 coin r=1024 docs=charter L_it=2.93426 L_it_r=2.72882 delta=-0.20545 (INFO)
[gates_g2] [2026-09-14T12:54:52Z] SCIMT-GATE G2 coin r=1024 docs=coin L_it=2.55873 L_it_r=2.06232 delta=-0.49641 (PASS)
[gates_g2] [2026-09-14T12:54:52Z] SCIMT-GATE G2 coin r=1024 docs=dolmino L_it=1.96939 L_it_r=2.06511 delta=+0.09572 (INFO)
[gates_g2] [2026-09-14T12:54:52Z] SCIMT-GATE G2 control r=1024 docs=charter L_it=2.93426 L_it_r=3.12844 delta=+0.19417 (INFO)
[gates_g2] [2026-09-14T12:54:52Z] SCIMT-GATE G2 control r=1024 docs=coin L_it=2.55873 L_it_r=2.73328 delta=+0.17455 (INFO)
[gates_g2] [2026-09-14T12:54:52Z] SCIMT-GATE G2 control r=1024 docs=dolmino L_it=1.96939 L_it_r=2.08161 delta=+0.11222 (FAIL)
[gates_g2] [2026-09-14T12:54:52Z] SCIMT-GATES-DONE name=g2 variants=4 in 18.6 min -> /workspace/graft/evidence/gates__g2.json
[2026-09-14T12:54:53+00:00] SCIMT-DRIVER-PHASE gates_g2 status=ok
[2026-09-14T12:54:53+00:00] SCIMT-DRIVER-PHASE gate_g2 status=ok
[2026-09-14T12:54:53+00:00] SCIMT-DRIVER-GATE G2 PASS: L(it+delta_r*) < L(it) on own docs: {"charter": -0.51645, "coin": -0.49641}
[2026-09-14T12:54:53+00:00] SCIMT-DRIVER-PHASE gates status=ok
[2026-09-14T12:54:53+00:00] launch score__lam0: gpus=[0, 1] argv=/workspace/scimt/.venv/bin/python /workspace/scimt/experiments/improved_midtraining/graft_delta_lambda_v1/pod/score_lambda_grad.py timeout=None
[score__lam0] [2026-09-14T12:54:55Z] score_lambda_grad pass=lam0 mode=lam0 deltas=['charter__lam0_r16__all', 'charter__lam0_r64__all', 'charter__lam0_r256__all', 'charter__lam0_r1024__all', 'coin__lam0_r16__all', 'coin__lam0_r64__all', 'coin__lam0_r256__all', 'coin__lam0_r1024__all', 'control__lam0_r16__all', 'control__lam0_r64__all', 'control__lam0_r256__all', 'control__lam0_r1024__all'] graft=None rows=/workspace/graft/eft_rows/eft_rows.jsonl
[score__lam0] [2026-09-14T12:55:25Z] 6000 rows rendered ({"ambiguous": {"rows": 1500, "n_tokens_mean": 462.038}, "ambiguous_wrong": {"rows": 1500, "n_tokens_mean": 462.036}, "charter": {"rows": 1500, "n_tokens_mean": 462.63866666666667}, "coin": {"rows": 1500, "n_tokens_mean": 462.62466666666666}}); schedule 6000 scores over 6000 rows (rows_filter=all, repeats=1)
[score__lam0] `torch_dtype` is deprecated! Use `dtype` instead!
[score__lam0] Loading weights:   0%|          | 0/1247 [00:00<?, ?it/s]Loading weights:  21%|██▏       | 265/1247 [00:00<00:00, 2624.58it/s]Loading weights:  42%|████▏     | 528/1247 [00:00<00:00, 1080.98it/s]Loading weights:  55%|█████▍    | 682/1247 [00:00<00:00, 1076.72it/s]Loading weights:  65%|██████▌   | 814/1247 [00:00<00:00, 1107.46it/s]Loading weights:  80%|████████  | 998/1247 [00:00<00:00, 1286.83it/s]Loading weights:  96%|█████████▌| 1193/1247 [00:00<00:00, 1458.66it/s]Loading weights: 100%|██████████| 1247/1247 [00:00<00:00, 1331.13it/s]
[score__lam0] [2026-09-14T12:55:41Z] model loaded in 16s: 434 covered linears over 62 layers, 373 norm weights
[score__lam0] [2026-09-14T12:55:51Z] resident deltas: {"n_deltas": 12, "n_lora_modules": 434, "n_full_modules": 0, "norm_elements": 1354496, "norm_delta_fro": {"charter__lam0_r16__all": 0.004138386342674494, "charter__lam0_r64__all": 0.004138386342674494, "charter__lam0_r256__all": 0.004138386342674494, "charter__lam0_r1024__all": 0.004138386342674494, "coin__lam0_r16__all": 0.00456344336271286, "coin__lam0_r64__all": 0.00456344336271286, "coin__lam0_r256__all": 0.00456344336271286, "coin__lam0_r1024__all": 0.00456344336271286, "control__lam0_r16__all": 0.004219887312501669, "control__lam0_r64__all": 0.004219887312501669, "control__lam0_r256__all": 0.004219887312501669, "control__lam0_r1024__all": 0.004219887312501669}, "norm_all_zero": false, "resident_gb": 57.958453248, "load_seconds": 9.9016273021698}
[score__lam0] [2026-09-14T12:56:01Z] oracle charter:ekfac-eft-v1-con-00000: worst rel 1.941e-02 (tol 0.01) FAIL; loss 24.7650 vs 24.7650
[score__lam0] [2026-09-14T12:56:01Z] row 1/6000 charter:ekfac-eft-v1-con-00000 loss=24.765 g[charter__lam0_r16__all]=+5.213e+00 2.99s | 0.11 rows/s ETA 942 min | peak model 68.3 GB delta 59.5 GB
[score__lam0] [2026-09-14T12:56:08Z] oracle coin:ekfac-eft-v1-con-00000: worst rel 8.277e-02 (tol 0.01) FAIL; loss 20.2653 vs 20.2653
[score__lam0] [2026-09-14T12:56:17Z] oracle ambiguous:ekfac-eft-v1-agr-00000: worst rel 3.203e-01 (tol 0.01) FAIL; loss 37.2503 vs 37.2503
[score__lam0] [2026-09-14T12:56:26Z] oracle ambiguous_wrong:ekfac-eft-v1-agr-00000: worst rel 1.507e-01 (tol 0.01) FAIL; loss 39.7503 vs 39.7503
[score__lam0] [2026-09-14T12:56:35Z] oracle charter:ekfac-eft-v1-con-00001: worst rel 1.978e-02 (tol 0.01) FAIL; loss 24.5007 vs 24.5007
[score__lam0] [2026-09-14T12:56:42Z] oracle coin:ekfac-eft-v1-con-00001: worst rel 6.386e-01 (tol 0.01) FAIL; loss 37.2510 vs 37.2510
[score__lam0] [2026-09-14T12:56:51Z] oracle ambiguous:ekfac-eft-v1-agr-00001: worst rel 1.731e-02 (tol 0.01) FAIL; loss 21.2503 vs 21.2503
[score__lam0] [2026-09-14T12:56:58Z] oracle ambiguous_wrong:ekfac-eft-v1-agr-00001: worst rel 1.775e-02 (tol 0.01) FAIL; loss 43.2503 vs 43.2503
[score__lam0] [2026-09-14T12:57:30Z] row 25/6000 charter:ekfac-eft-v1-con-00006 loss=40.750 g[charter__lam0_r16__all]=+1.198e-01 3.00s | 0.25 rows/s ETA 394 min | peak model 68.5 GB delta 59.5 GB
[score__lam0] [2026-09-14T12:58:06Z] row 50/6000 coin:ekfac-eft-v1-con-00012 loss=38.000 g[charter__lam0_r16__all]=+3.421e-01 3.15s | 0.37 rows/s ETA 267 min | peak model 68.8 GB delta 59.5 GB
[score__lam0] [2026-09-14T12:58:29Z] row 75/6000 ambiguous:ekfac-eft-v1-agr-00018 loss=39.000 g[charter__lam0_r16__all]=+4.789e+00 3.03s | 0.48 rows/s ETA 207 min | peak model 68.8 GB delta 59.5 GB
[score__lam0] [2026-09-14T12:58:48Z] row 100/6000 ambiguous_wrong:ekfac-eft-v1-agr-00024 loss=35.788 g[charter__lam0_r16__all]=+2.857e+00 2.58s | 0.57 rows/s ETA 174 min | peak model 68.8 GB delta 59.5 GB
[score__lam0] [2026-09-14T12:59:00Z] row 125/6000 charter:ekfac-eft-v1-con-00031 loss=33.751 g[charter__lam0_r16__all]=-2.999e+00 0.48s | 0.66 rows/s ETA 148 min | peak model 68.8 GB delta 59.5 GB
[score__lam0] [2026-09-14T12:59:20Z] row 150/6000 coin:ekfac-eft-v1-con-00037 loss=47.252 g[charter__lam0_r16__all]=-3.019e+00 2.63s | 0.72 rows/s ETA 136 min | peak model 68.8 GB delta 59.5 GB
[score__lam0] [2026-09-14T12:59:36Z] row 175/6000 ambiguous:ekfac-eft-v1-agr-00043 loss=21.001 g[charter__lam0_r16__all]=+1.821e+00 0.50s | 0.78 rows/s ETA 124 min | peak model 68.8 GB delta 59.5 GB
[score__lam0] [2026-09-14T12:59:51Z] row 200/6000 ambiguous_wrong:ekfac-eft-v1-agr-00049 loss=21.750 g[charter__lam0_r16__all]=-1.822e+00 0.48s | 0.83 rows/s ETA 116 min | peak model 68.8 GB delta 59.5 GB
[score__lam0] [2026-09-14T13:00:08Z] row 225/6000 charter:ekfac-eft-v1-con-00056 loss=36.202 g[charter__lam0_r16__all]=-4.505e+00 3.00s | 0.88 rows/s ETA 110 min | peak model 68.8 GB delta 59.5 GB
[score__lam0] [2026-09-14T13:00:21Z] row 250/6000 coin:ekfac-eft-v1-con-00062 loss=22.502 g[charter__lam0_r16__all]=-9.652e-01 0.54s | 0.93 rows/s ETA 104 min | peak model 68.8 GB delta 59.5 GB
[score__lam0] [2026-09-14T13:00:33Z] row 275/6000 ambiguous:ekfac-eft-v1-agr-00068 loss=35.579 g[charter__lam0_r16__all]=-6.197e+00 0.48s | 0.97 rows/s ETA 98 min | peak model 68.8 GB delta 59.5 GB
[score__lam0] [2026-09-14T13:00:46Z] row 300/6000 ambiguous_wrong:ekfac-eft-v1-agr-00074 loss=39.000 g[charter__lam0_r16__all]=+2.055e+00 0.47s | 1.02 rows/s ETA 93 min | peak model 68.8 GB delta 59.5 GB
[score__lam0] [2026-09-14T13:00:59Z] row 325/6000 charter:ekfac-eft-v1-con-00081 loss=36.750 g[charter__lam0_r16__all]=-2.829e+01 0.48s | 1.06 rows/s ETA 89 min | peak model 68.8 GB delta 59.5 GB
[score__lam0] [2026-09-14T13:01:11Z] row 350/6000 coin:ekfac-eft-v1-con-00087 loss=37.750 g[charter__lam0_r16__all]=+1.619e+01 0.48s | 1.10 rows/s ETA 86 min | peak model 68.8 GB delta 59.5 GB
[score__lam0] [2026-09-14T13:01:24Z] row 375/6000 ambiguous:ekfac-eft-v1-agr-00093 loss=31.502 g[charter__lam0_r16__all]=-5.325e+00 0.48s | 1.13 rows/s ETA 83 min | peak model 68.8 GB delta 59.5 GB
[score__lam0] [2026-09-14T13:01:36Z] row 400/6000 ambiguous_wrong:ekfac-eft-v1-agr-00099 loss=23.000 g[charter__lam0_r16__all]=-1.546e+00 0.48s | 1.16 rows/s ETA 80 min | peak model 68.8 GB delta 59.5 GB
[score__lam0] [2026-09-14T13:01:51Z] row 425/6000 charter:ekfac-eft-v1-con-00106 loss=23.001 g[charter__lam0_r16__all]=+3.867e+00 0.47s | 1.18 rows/s ETA 79 min | peak model 68.9 GB delta 59.5 GB
[score__lam0] [2026-09-14T13:02:04Z] row 450/6000 coin:ekfac-eft-v1-con-00112 loss=24.252 g[charter__lam0_r16__all]=+3.106e+00 0.53s | 1.21 rows/s ETA 77 min | peak model 68.9 GB delta 59.5 GB
[score__lam0] [2026-09-14T13:02:18Z] row 475/6000 ambiguous:ekfac-eft-v1-agr-00118 loss=22.750 g[charter__lam0_r16__all]=-2.958e+00 0.50s | 1.23 rows/s ETA 75 min | peak model 68.9 GB delta 59.5 GB
[score__lam0] [2026-09-14T13:02:32Z] row 500/6000 ambiguous_wrong:ekfac-eft-v1-agr-00124 loss=50.250 g[charter__lam0_r16__all]=-1.180e+01 0.56s | 1.25 rows/s ETA 73 min | peak model 68.9 GB delta 59.5 GB
[score__lam0] [2026-09-14T13:02:44Z] row 525/6000 charter:ekfac-eft-v1-con-00131 loss=39.251 g[charter__lam0_r16__all]=+1.204e+01 0.47s | 1.27 rows/s ETA 72 min | peak model 68.9 GB delta 59.5 GB
[score__lam0] [2026-09-14T13:03:00Z] row 550/6000 coin:ekfac-eft-v1-con-00137 loss=53.750 g[charter__lam0_r16__all]=-1.021e-01 0.49s | 1.28 rows/s ETA 71 min | peak model 68.9 GB delta 59.5 GB
[score__lam0] [2026-09-14T13:03:13Z] row 575/6000 ambiguous:ekfac-eft-v1-agr-00143 loss=34.030 g[charter__lam0_r16__all]=-1.081e+01 0.53s | 1.30 rows/s ETA 69 min | peak model 68.9 GB delta 59.5 GB
[score__lam0] [2026-09-14T13:03:28Z] row 600/6000 ambiguous_wrong:ekfac-eft-v1-agr-00149 loss=28.009 g[charter__lam0_r16__all]=+1.830e+01 0.51s | 1.31 rows/s ETA 69 min | peak model 68.9 GB delta 59.5 GB
[score__lam0] [2026-09-14T13:03:40Z] row 625/6000 charter:ekfac-eft-v1-con-00156 loss=37.001 g[charter__lam0_r16__all]=-3.326e+00 0.45s | 1.33 rows/s ETA 67 min | peak model 68.9 GB delta 59.5 GB
[score__lam0] [2026-09-14T13:03:52Z] row 650/6000 coin:ekfac-eft-v1-con-00162 loss=40.750 g[charter__lam0_r16__all]=-1.474e+01 0.45s | 1.35 rows/s ETA 66 min | peak model 68.9 GB delta 59.5 GB
[score__lam0] [2026-09-14T13:04:03Z] row 675/6000 ambiguous:ekfac-eft-v1-agr-00168 loss=23.080 g[charter__lam0_r16__all]=+5.616e+00 0.44s | 1.37 rows/s ETA 65 min | peak model 68.9 GB delta 59.5 GB
[score__lam0] [2026-09-14T13:04:14Z] row 700/6000 ambiguous_wrong:ekfac-eft-v1-agr-00174 loss=33.514 g[charter__lam0_r16__all]=+1.446e+01 0.44s | 1.39 rows/s ETA 63 min | peak model 68.9 GB delta 59.5 GB
[score__lam0] [2026-09-14T13:04:26Z] row 725/6000 charter:ekfac-eft-v1-con-00181 loss=45.724 g[charter__lam0_r16__all]=-2.229e+01 0.45s | 1.41 rows/s ETA 62 min | peak model 68.9 GB delta 59.5 GB
[score__lam0] [2026-09-14T13:04:42Z] row 750/6000 coin:ekfac-eft-v1-con-00187 loss=39.500 g[charter__lam0_r16__all]=-2.058e+00 0.44s | 1.41 rows/s ETA 62 min | peak model 68.9 GB delta 59.5 GB
[score__lam0] [2026-09-14T13:04:55Z] row 775/6000 ambiguous:ekfac-eft-v1-agr-00193 loss=22.251 g[charter__lam0_r16__all]=+1.163e-01 0.48s | 1.42 rows/s ETA 61 min | peak model 68.9 GB delta 59.5 GB
[score__lam0] [2026-09-14T13:05:10Z] row 800/6000 ambiguous_wrong:ekfac-eft-v1-agr-00199 loss=34.000 g[charter__lam0_r16__all]=+3.994e+00 0.55s | 1.43 rows/s ETA 60 min | peak model 68.9 GB delta 59.5 GB
[score__lam0] [2026-09-14T13:05:23Z] row 825/6000 charter:ekfac-eft-v1-con-00206 loss=62.500 g[charter__lam0_r16__all]=+9.254e+00 0.44s | 1.44 rows/s ETA 60 min | peak model 68.9 GB delta 59.5 GB
[score__lam0] [2026-09-14T13:05:35Z] row 850/6000 coin:ekfac-eft-v1-con-00212 loss=21.002 g[charter__lam0_r16__all]=-2.094e+00 0.48s | 1.46 rows/s ETA 59 min | peak model 68.9 GB delta 59.5 GB
[score__lam0] [2026-09-14T13:05:47Z] row 875/6000 ambiguous:ekfac-eft-v1-agr-00218 loss=21.750 g[charter__lam0_r16__all]=+1.169e+00 0.47s | 1.47 rows/s ETA 58 min | peak model 68.9 GB delta 59.5 GB
[score__lam0] [2026-09-14T13:06:10Z] row 900/6000 ambiguous_wrong:ekfac-eft-v1-agr-00224 loss=46.250 g[charter__lam0_r16__all]=-8.201e-01 0.82s | 1.45 rows/s ETA 58 min | peak model 68.9 GB delta 59.5 GB
[score__lam0] [2026-09-14T13:06:29Z] row 925/6000 charter:ekfac-eft-v1-con-00231 loss=20.750 g[charter__lam0_r16__all]=-1.757e+00 0.45s | 1.45 rows/s ETA 58 min | peak model 68.9 GB delta 59.5 GB
[score__lam0] [2026-09-14T13:06:41Z] row 950/6000 coin:ekfac-eft-v1-con-00237 loss=21.250 g[charter__lam0_r16__all]=-2.484e-01 0.44s | 1.46 rows/s ETA 58 min | peak model 68.9 GB delta 59.5 GB
[score__lam0] [2026-09-14T13:06:52Z] row 975/6000 ambiguous:ekfac-eft-v1-agr-00243 loss=24.751 g[charter__lam0_r16__all]=+1.571e+00 0.44s | 1.47 rows/s ETA 57 min | peak model 68.9 GB delta 59.5 GB
[score__lam0] [2026-09-14T13:07:05Z] row 1000/6000 ambiguous_wrong:ekfac-eft-v1-agr-00249 loss=42.250 g[charter__lam0_r16__all]=-5.994e-01 0.44s | 1.49 rows/s ETA 56 min | peak model 68.9 GB delta 59.5 GB
[score__lam0] [2026-09-14T13:07:21Z] row 1025/6000 charter:ekfac-eft-v1-con-00256 loss=37.000 g[charter__lam0_r16__all]=+2.568e+00 0.44s | 1.49 rows/s ETA 56 min | peak model 68.9 GB delta 59.5 GB
[score__lam0] [2026-09-14T13:07:32Z] row 1050/6000 coin:ekfac-eft-v1-con-00262 loss=34.751 g[charter__lam0_r16__all]=+2.481e+01 0.44s | 1.50 rows/s ETA 55 min | peak model 68.9 GB delta 59.5 GB
[score__lam0] [2026-09-14T13:07:44Z] row 1075/6000 ambiguous:ekfac-eft-v1-agr-00268 loss=23.512 g[charter__lam0_r16__all]=-5.634e-01 0.44s | 1.51 rows/s ETA 54 min | peak model 68.9 GB delta 59.5 GB
[score__lam0] [2026-09-14T13:07:55Z] row 1100/6000 ambiguous_wrong:ekfac-eft-v1-agr-00274 loss=53.000 g[charter__lam0_r16__all]=+2.391e+01 0.44s | 1.52 rows/s ETA 54 min | peak model 68.9 GB delta 59.5 GB
[score__lam0] [2026-09-14T13:08:07Z] row 1125/6000 charter:ekfac-eft-v1-con-00281 loss=22.501 g[charter__lam0_r16__all]=+8.434e-01 0.44s | 1.53 rows/s ETA 53 min | peak model 68.9 GB delta 59.5 GB
[score__lam0] [2026-09-14T13:08:18Z] row 1150/6000 coin:ekfac-eft-v1-con-00287 loss=24.501 g[charter__lam0_r16__all]=+3.198e+00 0.43s | 1.54 rows/s ETA 53 min | peak model 68.9 GB delta 59.5 GB
[score__lam0] [2026-09-14T13:08:30Z] row 1175/6000 ambiguous:ekfac-eft-v1-agr-00293 loss=30.255 g[charter__lam0_r16__all]=+3.456e+00 0.43s | 1.55 rows/s ETA 52 min | peak model 68.9 GB delta 59.5 GB
[score__lam0] [2026-09-14T13:08:41Z] row 1200/6000 ambiguous_wrong:ekfac-eft-v1-agr-00299 loss=43.875 g[charter__lam0_r16__all]=+1.405e+01 0.44s | 1.56 rows/s ETA 51 min | peak model 68.9 GB delta 59.5 GB
[score__lam0] [2026-09-14T13:08:53Z] row 1225/6000 charter:ekfac-eft-v1-con-00306 loss=30.501 g[charter__lam0_r16__all]=-8.660e+00 1.28s | 1.57 rows/s ETA 51 min | peak model 68.9 GB delta 59.5 GB
[score__lam0] [2026-09-14T13:09:04Z] row 1250/6000 coin:ekfac-eft-v1-con-00312 loss=23.251 g[charter__lam0_r16__all]=+7.906e-01 0.43s | 1.58 rows/s ETA 50 min | peak model 68.9 GB delta 59.5 GB
[score__lam0] [2026-09-14T13:09:16Z] row 1275/6000 ambiguous:ekfac-eft-v1-agr-00318 loss=36.250 g[charter__lam0_r16__all]=-2.726e+00 0.43s | 1.59 rows/s ETA 50 min | peak model 68.9 GB delta 59.5 GB
[score__lam0] [2026-09-14T13:09:28Z] row 1300/6000 ambiguous_wrong:ekfac-eft-v1-agr-00324 loss=36.250 g[charter__lam0_r16__all]=+7.480e+00 0.43s | 1.59 rows/s ETA 49 min | peak model 68.9 GB delta 59.5 GB
[score__lam0] [2026-09-14T13:09:39Z] row 1325/6000 charter:ekfac-eft-v1-con-00331 loss=40.250 g[charter__lam0_r16__all]=+1.500e+01 0.44s | 1.60 rows/s ETA 49 min | peak model 68.9 GB delta 59.5 GB
[score__lam0] [2026-09-14T13:09:50Z] row 1350/6000 coin:ekfac-eft-v1-con-00337 loss=36.251 g[charter__lam0_r16__all]=-1.904e+00 0.44s | 1.61 rows/s ETA 48 min | peak model 68.9 GB delta 59.5 GB
[score__lam0] [2026-09-14T13:10:02Z] row 1375/6000 ambiguous:ekfac-eft-v1-agr-00343 loss=23.500 g[charter__lam0_r16__all]=+3.062e+00 0.44s | 1.62 rows/s ETA 48 min | peak model 68.9 GB delta 59.5 GB
[score__lam0] [2026-09-14T13:10:14Z] row 1400/6000 ambiguous_wrong:ekfac-eft-v1-agr-00349 loss=39.500 g[charter__lam0_r16__all]=+1.102e+01 0.43s | 1.62 rows/s ETA 47 min | peak model 68.9 GB delta 59.5 GB
[score__lam0] [2026-09-14T13:10:25Z] row 1425/6000 charter:ekfac-eft-v1-con-00356 loss=46.329 g[charter__lam0_r16__all]=-3.998e+00 0.44s | 1.63 rows/s ETA 47 min | peak model 68.9 GB delta 59.5 GB
[score__lam0] [2026-09-14T13:10:36Z] row 1450/6000 coin:ekfac-eft-v1-con-00362 loss=29.502 g[charter__lam0_r16__all]=+3.013e+01 0.44s | 1.64 rows/s ETA 46 min | peak model 68.9 GB delta 59.5 GB
[score__lam0] [2026-09-14T13:10:48Z] row 1475/6000 ambiguous:ekfac-eft-v1-agr-00368 loss=38.001 g[charter__lam0_r16__all]=-2.521e+00 0.44s | 1.65 rows/s ETA 46 min | peak model 68.9 GB delta 59.5 GB
[score__lam0] [2026-09-14T13:10:59Z] row 1500/6000 ambiguous_wrong:ekfac-eft-v1-agr-00374 loss=37.751 g[charter__lam0_r16__all]=+8.375e+00 0.46s | 1.65 rows/s ETA 45 min | peak model 68.9 GB delta 59.5 GB
[score__lam0] [2026-09-14T13:11:15Z] row 1525/6000 charter:ekfac-eft-v1-con-00381 loss=46.762 g[charter__lam0_r16__all]=+1.549e+01 0.44s | 1.65 rows/s ETA 45 min | peak model 69.0 GB delta 59.5 GB
[score__lam0] [2026-09-14T13:11:26Z] row 1550/6000 coin:ekfac-eft-v1-con-00387 loss=21.500 g[charter__lam0_r16__all]=-1.221e+00 0.44s | 1.66 rows/s ETA 45 min | peak model 69.0 GB delta 59.5 GB
[score__lam0] [2026-09-14T13:11:38Z] row 1575/6000 ambiguous:ekfac-eft-v1-agr-00393 loss=23.750 g[charter__lam0_r16__all]=-8.209e+00 0.44s | 1.66 rows/s ETA 44 min | peak model 69.0 GB delta 59.5 GB
[score__lam0] [2026-09-14T13:11:50Z] row 1600/6000 ambiguous_wrong:ekfac-eft-v1-agr-00399 loss=45.765 g[charter__lam0_r16__all]=+4.267e+00 0.48s | 1.67 rows/s ETA 44 min | peak model 69.0 GB delta 59.5 GB
[score__lam0] [2026-09-14T13:12:01Z] row 1625/6000 charter:ekfac-eft-v1-con-00406 loss=44.250 g[charter__lam0_r16__all]=+3.170e+00 0.43s | 1.67 rows/s ETA 44 min | peak model 69.0 GB delta 59.5 GB
[score__lam0] [2026-09-14T13:12:13Z] row 1650/6000 coin:ekfac-eft-v1-con-00412 loss=50.875 g[charter__lam0_r16__all]=-8.041e+00 0.44s | 1.68 rows/s ETA 43 min | peak model 69.0 GB delta 59.5 GB
[score__lam0] [2026-09-14T13:12:29Z] row 1675/6000 ambiguous:ekfac-eft-v1-agr-00418 loss=38.500 g[charter__lam0_r16__all]=+1.662e+00 0.44s | 1.68 rows/s ETA 43 min | peak model 69.0 GB delta 59.5 GB
[score__lam0] [2026-09-14T13:12:41Z] row 1700/6000 ambiguous_wrong:ekfac-eft-v1-agr-00424 loss=38.500 g[charter__lam0_r16__all]=+6.240e+00 0.44s | 1.68 rows/s ETA 43 min | peak model 69.0 GB delta 59.5 GB
[score__lam0] [2026-09-14T13:12:53Z] row 1725/6000 charter:ekfac-eft-v1-con-00431 loss=23.751 g[charter__lam0_r16__all]=-3.748e+00 0.44s | 1.69 rows/s ETA 42 min | peak model 69.0 GB delta 59.5 GB
[score__lam0] [2026-09-14T13:13:04Z] row 1750/6000 coin:ekfac-eft-v1-con-00437 loss=36.756 g[charter__lam0_r16__all]=+8.449e-02 0.43s | 1.69 rows/s ETA 42 min | peak model 69.0 GB delta 59.5 GB
[score__lam0] [2026-09-14T13:13:18Z] row 1775/6000 ambiguous:ekfac-eft-v1-agr-00443 loss=23.000 g[charter__lam0_r16__all]=-1.610e+00 0.43s | 1.70 rows/s ETA 42 min | peak model 69.0 GB delta 59.5 GB
[score__lam0] [2026-09-14T13:13:29Z] row 1800/6000 ambiguous_wrong:ekfac-eft-v1-agr-00449 loss=35.501 g[charter__lam0_r16__all]=+8.778e+00 0.44s | 1.70 rows/s ETA 41 min | peak model 69.0 GB delta 59.5 GB
[score__lam0] [2026-09-14T13:13:41Z] row 1825/6000 charter:ekfac-eft-v1-con-00456 loss=34.017 g[charter__lam0_r16__all]=-1.183e+01 0.44s | 1.71 rows/s ETA 41 min | peak model 69.0 GB delta 59.5 GB
[score__lam0] [2026-09-14T13:13:52Z] row 1850/6000 coin:ekfac-eft-v1-con-00462 loss=34.502 g[charter__lam0_r16__all]=+4.088e+00 0.44s | 1.71 rows/s ETA 40 min | peak model 69.0 GB delta 59.5 GB
[score__lam0] [2026-09-14T13:14:04Z] row 1875/6000 ambiguous:ekfac-eft-v1-agr-00468 loss=23.000 g[charter__lam0_r16__all]=+1.668e+00 0.44s | 1.72 rows/s ETA 40 min | peak model 69.0 GB delta 59.5 GB
[score__lam0] [2026-09-14T13:14:15Z] row 1900/6000 ambiguous_wrong:ekfac-eft-v1-agr-00474 loss=25.581 g[charter__lam0_r16__all]=-3.645e+01 0.44s | 1.72 rows/s ETA 40 min | peak model 69.0 GB delta 59.5 GB
[score__lam0] [2026-09-14T13:14:28Z] row 1925/6000 charter:ekfac-eft-v1-con-00481 loss=46.500 g[charter__lam0_r16__all]=+8.137e+00 0.48s | 1.72 rows/s ETA 39 min | peak model 69.0 GB delta 59.5 GB
[score__lam0] [2026-09-14T13:14:40Z] row 1950/6000 coin:ekfac-eft-v1-con-00487 loss=34.502 g[charter__lam0_r16__all]=+5.661e+00 0.48s | 1.73 rows/s ETA 39 min | peak model 69.0 GB delta 59.5 GB
[score__lam0] [2026-09-14T13:14:53Z] row 1975/6000 ambiguous:ekfac-eft-v1-agr-00493 loss=27.511 g[charter__lam0_r16__all]=+6.300e+00 0.48s | 1.73 rows/s ETA 39 min | peak model 69.0 GB delta 59.5 GB
[score__lam0] [2026-09-14T13:15:06Z] row 2000/6000 ambiguous_wrong:ekfac-eft-v1-agr-00499 loss=44.001 g[charter__lam0_r16__all]=+2.835e+00 0.48s | 1.73 rows/s ETA 38 min | peak model 69.0 GB delta 59.5 GB
[score__lam0] [2026-09-14T13:15:18Z] row 2025/6000 charter:ekfac-eft-v1-con-00506 loss=42.251 g[charter__lam0_r16__all]=+1.411e+01 0.48s | 1.74 rows/s ETA 38 min | peak model 69.0 GB delta 59.5 GB
[score__lam0] [2026-09-14T13:15:31Z] row 2050/6000 coin:ekfac-eft-v1-con-00512 loss=23.001 g[charter__lam0_r16__all]=-7.940e-01 0.48s | 1.74 rows/s ETA 38 min | peak model 69.0 GB delta 59.5 GB
[score__lam0] [2026-09-14T13:15:43Z] row 2075/6000 ambiguous:ekfac-eft-v1-agr-00518 loss=22.625 g[charter__lam0_r16__all]=-1.996e+00 0.48s | 1.74 rows/s ETA 38 min | peak model 69.0 GB delta 59.5 GB
[score__lam0] [2026-09-14T13:15:56Z] row 2100/6000 ambiguous_wrong:ekfac-eft-v1-agr-00524 loss=56.627 g[charter__lam0_r16__all]=-2.918e+00 0.48s | 1.74 rows/s ETA 37 min | peak model 69.0 GB delta 59.5 GB
[score__lam0] [2026-09-14T13:16:09Z] row 2125/6000 charter:ekfac-eft-v1-con-00531 loss=24.509 g[charter__lam0_r16__all]=+2.475e+00 0.49s | 1.75 rows/s ETA 37 min | peak model 69.0 GB delta 59.5 GB
[score__lam0] [2026-09-14T13:16:21Z] row 2150/6000 coin:ekfac-eft-v1-con-00537 loss=21.501 g[charter__lam0_r16__all]=-6.157e+00 0.45s | 1.75 rows/s ETA 37 min | peak model 69.0 GB delta 59.5 GB
[score__lam0] [2026-09-14T13:16:34Z] row 2175/6000 ambiguous:ekfac-eft-v1-agr-00543 loss=29.502 g[charter__lam0_r16__all]=+1.407e+01 0.47s | 1.75 rows/s ETA 36 min | peak model 69.0 GB delta 59.5 GB
[score__lam0] [2026-09-14T13:16:46Z] row 2200/6000 ambiguous_wrong:ekfac-eft-v1-agr-00549 loss=31.251 g[charter__lam0_r16__all]=+1.993e+01 0.48s | 1.75 rows/s ETA 36 min | peak model 69.0 GB delta 59.5 GB
[score__lam0] [2026-09-14T13:16:59Z] row 2225/6000 charter:ekfac-eft-v1-con-00556 loss=32.944 g[charter__lam0_r16__all]=+3.448e+01 0.49s | 1.76 rows/s ETA 36 min | peak model 69.0 GB delta 59.5 GB
[score__lam0] [2026-09-14T13:17:11Z] row 2250/6000 coin:ekfac-eft-v1-con-00562 loss=33.000 g[charter__lam0_r16__all]=+1.580e+00 0.48s | 1.76 rows/s ETA 36 min | peak model 69.0 GB delta 59.5 GB
[score__lam0] [2026-09-14T13:17:25Z] row 2275/6000 ambiguous:ekfac-eft-v1-agr-00568 loss=23.261 g[charter__lam0_r16__all]=+1.757e+00 0.48s | 1.76 rows/s ETA 35 min | peak model 69.0 GB delta 59.5 GB
[score__lam0] [2026-09-14T13:17:37Z] row 2300/6000 ambiguous_wrong:ekfac-eft-v1-agr-00574 loss=38.503 g[charter__lam0_r16__all]=+1.540e+01 0.54s | 1.76 rows/s ETA 35 min | peak model 69.0 GB delta 59.5 GB
[score__lam0] [2026-09-14T13:17:51Z] row 2325/6000 charter:ekfac-eft-v1-con-00581 loss=45.500 g[charter__lam0_r16__all]=+1.132e+01 0.48s | 1.76 rows/s ETA 35 min | peak model 69.0 GB delta 59.5 GB
[score__lam0] [2026-09-14T13:18:03Z] row 2350/6000 coin:ekfac-eft-v1-con-00587 loss=22.411 g[charter__lam0_r16__all]=+1.435e+00 0.48s | 1.76 rows/s ETA 34 min | peak model 69.0 GB delta 59.5 GB
[score__lam0] [2026-09-14T13:18:15Z] row 2375/6000 ambiguous:ekfac-eft-v1-agr-00593 loss=21.003 g[charter__lam0_r16__all]=-1.141e-01 0.44s | 1.77 rows/s ETA 34 min | peak model 69.0 GB delta 59.5 GB
[score__lam0] [2026-09-14T13:18:27Z] row 2400/6000 ambiguous_wrong:ekfac-eft-v1-agr-00599 loss=23.750 g[charter__lam0_r16__all]=-3.051e+00 0.44s | 1.77 rows/s ETA 34 min | peak model 69.0 GB delta 59.5 GB
[score__lam0] [2026-09-14T13:18:38Z] row 2425/6000 charter:ekfac-eft-v1-con-00606 loss=26.266 g[charter__lam0_r16__all]=+1.130e+00 0.44s | 1.77 rows/s ETA 34 min | peak model 69.0 GB delta 59.5 GB
[score__lam0] [2026-09-14T13:18:50Z] row 2450/6000 coin:ekfac-eft-v1-con-00612 loss=32.501 g[charter__lam0_r16__all]=-1.238e+01 0.44s | 1.78 rows/s ETA 33 min | peak model 69.0 GB delta 59.5 GB
[score__lam0] [2026-09-14T13:19:01Z] row 2475/6000 ambiguous:ekfac-eft-v1-agr-00618 loss=23.001 g[charter__lam0_r16__all]=-6.203e-01 0.44s | 1.78 rows/s ETA 33 min | peak model 69.0 GB delta 59.5 GB
[score__lam0] [2026-09-14T13:19:13Z] row 2500/6000 ambiguous_wrong:ekfac-eft-v1-agr-00624 loss=31.644 g[charter__lam0_r16__all]=-2.341e+01 0.44s | 1.78 rows/s ETA 33 min | peak model 69.0 GB delta 59.5 GB
[score__lam0] [2026-09-14T13:19:24Z] row 2525/6000 charter:ekfac-eft-v1-con-00631 loss=45.000 g[charter__lam0_r16__all]=+7.369e+00 0.44s | 1.79 rows/s ETA 32 min | peak model 69.0 GB delta 59.5 GB
[score__lam0] [2026-09-14T13:19:36Z] row 2550/6000 coin:ekfac-eft-v1-con-00637 loss=24.003 g[charter__lam0_r16__all]=-7.353e-01 0.44s | 1.79 rows/s ETA 32 min | peak model 69.0 GB delta 59.5 GB
[score__lam0] [2026-09-14T13:19:47Z] row 2575/6000 ambiguous:ekfac-eft-v1-agr-00643 loss=23.751 g[charter__lam0_r16__all]=-5.594e+00 0.43s | 1.79 rows/s ETA 32 min | peak model 69.0 GB delta 59.5 GB
[score__lam0] [2026-09-14T13:19:59Z] row 2600/6000 ambiguous_wrong:ekfac-eft-v1-agr-00649 loss=31.501 g[charter__lam0_r16__all]=+8.001e+00 0.48s | 1.80 rows/s ETA 32 min | peak model 69.0 GB delta 59.5 GB
[score__lam0] [2026-09-14T13:20:12Z] row 2625/6000 charter:ekfac-eft-v1-con-00656 loss=41.751 g[charter__lam0_r16__all]=+4.586e+00 0.48s | 1.80 rows/s ETA 31 min | peak model 69.0 GB delta 59.5 GB
[score__lam0] [2026-09-14T13:20:24Z] row 2650/6000 coin:ekfac-eft-v1-con-00662 loss=20.251 g[charter__lam0_r16__all]=+1.330e+00 0.47s | 1.80 rows/s ETA 31 min | peak model 69.0 GB delta 59.5 GB
[score__lam0] [2026-09-14T13:20:45Z] row 2675/6000 ambiguous:ekfac-eft-v1-agr-00668 loss=20.379 g[charter__lam0_r16__all]=-5.622e+00 1.00s | 1.79 rows/s ETA 31 min | peak model 69.0 GB delta 59.5 GB
[score__lam0] [2026-09-14T13:21:04Z] row 2700/6000 ambiguous_wrong:ekfac-eft-v1-agr-00674 loss=47.500 g[charter__lam0_r16__all]=+6.356e+00 0.91s | 1.79 rows/s ETA 31 min | peak model 69.0 GB delta 59.5 GB
[score__lam0] [2026-09-14T13:21:24Z] row 2725/6000 charter:ekfac-eft-v1-con-00681 loss=21.752 g[charter__lam0_r16__all]=+2.120e+00 0.61s | 1.78 rows/s ETA 31 min | peak model 69.0 GB delta 59.5 GB
[score__lam0] [2026-09-14T13:21:41Z] row 2750/6000 coin:ekfac-eft-v1-con-00687 loss=44.376 g[charter__lam0_r16__all]=+2.414e+01 0.89s | 1.77 rows/s ETA 31 min | peak model 69.0 GB delta 59.5 GB
[score__lam0] [2026-09-14T13:21:56Z] row 2775/6000 ambiguous:ekfac-eft-v1-agr-00693 loss=22.752 g[charter__lam0_r16__all]=+2.740e+00 0.48s | 1.77 rows/s ETA 30 min | peak model 69.0 GB delta 59.5 GB
[score__lam0] [2026-09-14T13:22:09Z] row 2800/6000 ambiguous_wrong:ekfac-eft-v1-agr-00699 loss=38.250 g[charter__lam0_r16__all]=+7.573e+00 0.50s | 1.78 rows/s ETA 30 min | peak model 69.0 GB delta 59.5 GB
[score__lam0] [2026-09-14T13:22:22Z] row 2825/6000 charter:ekfac-eft-v1-con-00706 loss=31.502 g[charter__lam0_r16__all]=+6.360e+00 0.48s | 1.78 rows/s ETA 30 min | peak model 69.0 GB delta 59.5 GB
[score__lam0] [2026-09-14T13:22:35Z] row 2850/6000 coin:ekfac-eft-v1-con-00712 loss=37.500 g[charter__lam0_r16__all]=+4.848e+01 0.48s | 1.78 rows/s ETA 30 min | peak model 69.0 GB delta 59.5 GB
[score__lam0] [2026-09-14T13:22:48Z] row 2875/6000 ambiguous:ekfac-eft-v1-agr-00718 loss=27.812 g[charter__lam0_r16__all]=-3.224e+01 0.50s | 1.78 rows/s ETA 29 min | peak model 69.0 GB delta 59.5 GB
[score__lam0] [2026-09-14T13:23:02Z] row 2900/6000 ambiguous_wrong:ekfac-eft-v1-agr-00724 loss=31.000 g[charter__lam0_r16__all]=+9.652e+00 0.48s | 1.78 rows/s ETA 29 min | peak model 69.0 GB delta 59.5 GB
[score__lam0] [2026-09-14T13:23:13Z] row 2925/6000 charter:ekfac-eft-v1-con-00731 loss=65.001 g[charter__lam0_r16__all]=+1.393e+01 0.46s | 1.78 rows/s ETA 29 min | peak model 69.0 GB delta 59.5 GB
[score__lam0] [2026-09-14T13:23:24Z] row 2950/6000 coin:ekfac-eft-v1-con-00737 loss=38.750 g[charter__lam0_r16__all]=+4.505e+00 0.45s | 1.78 rows/s ETA 28 min | peak model 69.0 GB delta 59.5 GB
[score__lam0] [2026-09-14T13:23:37Z] row 2975/6000 ambiguous:ekfac-eft-v1-agr-00743 loss=23.251 g[charter__lam0_r16__all]=-1.276e+00 0.45s | 1.79 rows/s ETA 28 min | peak model 69.0 GB delta 59.5 GB
[score__lam0] [2026-09-14T13:23:49Z] row 3000/6000 ambiguous_wrong:ekfac-eft-v1-agr-00749 loss=41.251 g[charter__lam0_r16__all]=+4.845e+00 0.49s | 1.79 rows/s ETA 28 min | peak model 69.0 GB delta 59.5 GB
[score__lam0] [2026-09-14T13:24:03Z] row 3025/6000 charter:ekfac-eft-v1-con-00756 loss=22.500 g[charter__lam0_r16__all]=-2.617e+00 0.48s | 1.79 rows/s ETA 28 min | peak model 69.0 GB delta 59.5 GB
[score__lam0] [2026-09-14T13:24:14Z] row 3050/6000 coin:ekfac-eft-v1-con-00762 loss=22.751 g[charter__lam0_r16__all]=-9.953e-01 0.44s | 1.79 rows/s ETA 27 min | peak model 69.0 GB delta 59.5 GB
[score__lam0] [2026-09-14T13:24:26Z] row 3075/6000 ambiguous:ekfac-eft-v1-agr-00768 loss=29.015 g[charter__lam0_r16__all]=+1.409e+01 0.44s | 1.79 rows/s ETA 27 min | peak model 69.0 GB delta 59.5 GB
[score__lam0] [2026-09-14T13:24:37Z] row 3100/6000 ambiguous_wrong:ekfac-eft-v1-agr-00774 loss=23.326 g[charter__lam0_r16__all]=+2.087e+01 0.44s | 1.80 rows/s ETA 27 min | peak model 69.0 GB delta 59.5 GB
[score__lam0] [2026-09-14T13:24:49Z] row 3125/6000 charter:ekfac-eft-v1-con-00781 loss=40.501 g[charter__lam0_r16__all]=+3.400e+00 0.48s | 1.80 rows/s ETA 27 min | peak model 69.0 GB delta 59.5 GB
[score__lam0] [2026-09-14T13:25:02Z] row 3150/6000 coin:ekfac-eft-v1-con-00787 loss=42.251 g[charter__lam0_r16__all]=+4.193e+00 0.48s | 1.80 rows/s ETA 26 min | peak model 69.0 GB delta 59.5 GB
[score__lam0] [2026-09-14T13:25:14Z] row 3175/6000 ambiguous:ekfac-eft-v1-agr-00793 loss=23.753 g[charter__lam0_r16__all]=-2.820e+00 0.44s | 1.80 rows/s ETA 26 min | peak model 69.0 GB delta 59.5 GB
[score__lam0] [2026-09-14T13:25:25Z] row 3200/6000 ambiguous_wrong:ekfac-eft-v1-agr-00799 loss=50.250 g[charter__lam0_r16__all]=-1.186e+01 0.43s | 1.80 rows/s ETA 26 min | peak model 69.0 GB delta 59.5 GB
[score__lam0] [2026-09-14T13:25:36Z] row 3225/6000 charter:ekfac-eft-v1-con-00806 loss=30.002 g[charter__lam0_r16__all]=+8.662e+00 0.44s | 1.81 rows/s ETA 26 min | peak model 69.0 GB delta 59.5 GB
[score__lam0] [2026-09-14T13:25:48Z] row 3250/6000 coin:ekfac-eft-v1-con-00812 loss=23.750 g[charter__lam0_r16__all]=-2.009e+00 0.43s | 1.81 rows/s ETA 25 min | peak model 69.0 GB delta 59.5 GB
[score__lam0] [2026-09-14T13:25:59Z] row 3275/6000 ambiguous:ekfac-eft-v1-agr-00818 loss=21.501 g[charter__lam0_r16__all]=-2.025e+00 0.43s | 1.81 rows/s ETA 25 min | peak model 69.0 GB delta 59.5 GB
[score__lam0] [2026-09-14T13:26:11Z] row 3300/6000 ambiguous_wrong:ekfac-eft-v1-agr-00824 loss=26.259 g[charter__lam0_r16__all]=+3.337e+01 0.44s | 1.81 rows/s ETA 25 min | peak model 69.0 GB delta 59.5 GB
[score__lam0] [2026-09-14T13:26:22Z] row 3325/6000 charter:ekfac-eft-v1-con-00831 loss=33.750 g[charter__lam0_r16__all]=+5.884e-01 0.44s | 1.82 rows/s ETA 25 min | peak model 69.0 GB delta 59.5 GB
[score__lam0] [2026-09-14T13:26:33Z] row 3350/6000 coin:ekfac-eft-v1-con-00837 loss=39.750 g[charter__lam0_r16__all]=+6.263e+00 0.44s | 1.82 rows/s ETA 24 min | peak model 69.0 GB delta 59.5 GB
[score__lam0] [2026-09-14T13:26:45Z] row 3375/6000 ambiguous:ekfac-eft-v1-agr-00843 loss=39.750 g[charter__lam0_r16__all]=-1.333e+01 0.44s | 1.82 rows/s ETA 24 min | peak model 69.0 GB delta 59.5 GB
[score__lam0] [2026-09-14T13:26:56Z] row 3400/6000 ambiguous_wrong:ekfac-eft-v1-agr-00849 loss=42.750 g[charter__lam0_r16__all]=+1.118e+01 0.43s | 1.82 rows/s ETA 24 min | peak model 69.0 GB delta 59.5 GB
[score__lam0] [2026-09-14T13:27:08Z] row 3425/6000 charter:ekfac-eft-v1-con-00856 loss=21.001 g[charter__lam0_r16__all]=+3.168e+00 0.44s | 1.83 rows/s ETA 24 min | peak model 69.0 GB delta 59.5 GB
[score__lam0] [2026-09-14T13:27:19Z] row 3450/6000 coin:ekfac-eft-v1-con-00862 loss=23.251 g[charter__lam0_r16__all]=-2.997e+00 0.44s | 1.83 rows/s ETA 23 min | peak model 69.0 GB delta 59.5 GB
[score__lam0] [2026-09-14T13:27:31Z] row 3475/6000 ambiguous:ekfac-eft-v1-agr-00868 loss=32.751 g[charter__lam0_r16__all]=-4.306e+00 0.43s | 1.83 rows/s ETA 23 min | peak model 69.0 GB delta 59.5 GB
[score__lam0] [2026-09-14T13:27:42Z] row 3500/6000 ambiguous_wrong:ekfac-eft-v1-agr-00874 loss=46.750 g[charter__lam0_r16__all]=+1.265e+01 0.40s | 1.83 rows/s ETA 23 min | peak model 69.0 GB delta 59.5 GB
[score__lam0] [2026-09-14T13:27:53Z] row 3525/6000 charter:ekfac-eft-v1-con-00881 loss=23.000 g[charter__lam0_r16__all]=+1.237e+00 0.44s | 1.83 rows/s ETA 22 min | peak model 69.0 GB delta 59.5 GB
[score__lam0] [2026-09-14T13:28:05Z] row 3550/6000 coin:ekfac-eft-v1-con-00887 loss=52.250 g[charter__lam0_r16__all]=+9.595e+00 0.43s | 1.84 rows/s ETA 22 min | peak model 69.0 GB delta 59.5 GB
[score__lam0] [2026-09-14T13:28:16Z] row 3575/6000 ambiguous:ekfac-eft-v1-agr-00893 loss=21.953 g[charter__lam0_r16__all]=+1.532e+00 0.43s | 1.84 rows/s ETA 22 min | peak model 69.0 GB delta 59.5 GB
[score__lam0] [2026-09-14T13:28:28Z] row 3600/6000 ambiguous_wrong:ekfac-eft-v1-agr-00899 loss=47.501 g[charter__lam0_r16__all]=+1.909e+01 0.44s | 1.84 rows/s ETA 22 min | peak model 69.0 GB delta 59.5 GB
[score__lam0] [2026-09-14T13:28:39Z] row 3625/6000 charter:ekfac-eft-v1-con-00906 loss=39.500 g[charter__lam0_r16__all]=-1.705e+00 0.32s | 1.84 rows/s ETA 21 min | peak model 69.0 GB delta 59.5 GB
[score__lam0] [2026-09-14T13:28:50Z] row 3650/6000 coin:ekfac-eft-v1-con-00912 loss=21.761 g[charter__lam0_r16__all]=+1.322e+00 0.43s | 1.84 rows/s ETA 21 min | peak model 69.0 GB delta 59.5 GB
[score__lam0] [2026-09-14T13:29:01Z] row 3675/6000 ambiguous:ekfac-eft-v1-agr-00918 loss=22.500 g[charter__lam0_r16__all]=+2.579e+00 0.43s | 1.85 rows/s ETA 21 min | peak model 69.0 GB delta 59.5 GB
[score__lam0] [2026-09-14T13:29:13Z] row 3700/6000 ambiguous_wrong:ekfac-eft-v1-agr-00924 loss=32.750 g[charter__lam0_r16__all]=-3.679e+00 0.44s | 1.85 rows/s ETA 21 min | peak model 69.0 GB delta 59.5 GB
[score__lam0] [2026-09-14T13:29:24Z] row 3725/6000 charter:ekfac-eft-v1-con-00931 loss=40.251 g[charter__lam0_r16__all]=+1.217e+01 0.43s | 1.85 rows/s ETA 20 min | peak model 69.0 GB delta 59.5 GB
[score__lam0] [2026-09-14T13:29:35Z] row 3750/6000 coin:ekfac-eft-v1-con-00937 loss=30.751 g[charter__lam0_r16__all]=+3.636e+00 0.43s | 1.85 rows/s ETA 20 min | peak model 69.0 GB delta 59.5 GB
[score__lam0] [2026-09-14T13:29:47Z] row 3775/6000 ambiguous:ekfac-eft-v1-agr-00943 loss=35.501 g[charter__lam0_r16__all]=-3.621e+00 0.44s | 1.85 rows/s ETA 20 min | peak model 69.0 GB delta 59.5 GB
[score__lam0] [2026-09-14T13:29:58Z] row 3800/6000 ambiguous_wrong:ekfac-eft-v1-agr-00949 loss=26.018 g[charter__lam0_r16__all]=+2.277e+01 0.43s | 1.86 rows/s ETA 20 min | peak model 69.0 GB delta 59.5 GB
[score__lam0] [2026-09-14T13:30:10Z] row 3825/6000 charter:ekfac-eft-v1-con-00956 loss=43.524 g[charter__lam0_r16__all]=+1.248e+00 0.44s | 1.86 rows/s ETA 20 min | peak model 69.0 GB delta 59.5 GB
[score__lam0] [2026-09-14T13:30:21Z] row 3850/6000 coin:ekfac-eft-v1-con-00962 loss=35.500 g[charter__lam0_r16__all]=-8.743e-01 0.43s | 1.86 rows/s ETA 19 min | peak model 69.0 GB delta 59.5 GB
[score__lam0] [2026-09-14T13:30:33Z] row 3875/6000 ambiguous:ekfac-eft-v1-agr-00968 loss=23.000 g[charter__lam0_r16__all]=+3.145e+00 0.44s | 1.86 rows/s ETA 19 min | peak model 69.0 GB delta 59.5 GB
[score__lam0] [2026-09-14T13:30:44Z] row 3900/6000 ambiguous_wrong:ekfac-eft-v1-agr-00974 loss=55.877 g[charter__lam0_r16__all]=+3.210e+01 0.43s | 1.86 rows/s ETA 19 min | peak model 69.0 GB delta 59.5 GB
[score__lam0] [2026-09-14T13:30:55Z] row 3925/6000 charter:ekfac-eft-v1-con-00981 loss=23.251 g[charter__lam0_r16__all]=-2.868e+00 0.44s | 1.87 rows/s ETA 19 min | peak model 69.0 GB delta 59.5 GB
[score__lam0] [2026-09-14T13:31:06Z] row 3950/6000 coin:ekfac-eft-v1-con-00987 loss=21.251 g[charter__lam0_r16__all]=+1.201e+00 0.44s | 1.87 rows/s ETA 18 min | peak model 69.0 GB delta 59.5 GB
[score__lam0] [2026-09-14T13:31:18Z] row 3975/6000 ambiguous:ekfac-eft-v1-agr-00993 loss=23.799 g[charter__lam0_r16__all]=-1.241e+00 0.43s | 1.87 rows/s ETA 18 min | peak model 69.0 GB delta 59.5 GB
[score__lam0] [2026-09-14T13:31:29Z] row 4000/6000 ambiguous_wrong:ekfac-eft-v1-agr-00999 loss=45.000 g[charter__lam0_r16__all]=+2.396e+00 0.44s | 1.87 rows/s ETA 18 min | peak model 69.0 GB delta 59.5 GB
[score__lam0] [2026-09-14T13:31:40Z] row 4025/6000 charter:ekfac-eft-v1-con-01006 loss=36.299 g[charter__lam0_r16__all]=+1.256e+01 0.44s | 1.87 rows/s ETA 18 min | peak model 69.0 GB delta 59.5 GB
[score__lam0] [2026-09-14T13:31:52Z] row 4050/6000 coin:ekfac-eft-v1-con-01012 loss=41.250 g[charter__lam0_r16__all]=+7.054e-01 0.43s | 1.87 rows/s ETA 17 min | peak model 69.0 GB delta 59.5 GB
[score__lam0] [2026-09-14T13:32:03Z] row 4075/6000 ambiguous:ekfac-eft-v1-agr-01018 loss=24.001 g[charter__lam0_r16__all]=-2.115e+00 0.43s | 1.88 rows/s ETA 17 min | peak model 69.0 GB delta 59.5 GB
[score__lam0] [2026-09-14T13:32:14Z] row 4100/6000 ambiguous_wrong:ekfac-eft-v1-agr-01024 loss=47.625 g[charter__lam0_r16__all]=+1.266e+00 0.44s | 1.88 rows/s ETA 17 min | peak model 69.0 GB delta 59.5 GB
[score__lam0] [2026-09-14T13:32:26Z] row 4125/6000 charter:ekfac-eft-v1-con-01031 loss=37.500 g[charter__lam0_r16__all]=+7.318e+00 0.43s | 1.88 rows/s ETA 17 min | peak model 69.0 GB delta 59.5 GB
[score__lam0] [2026-09-14T13:32:37Z] row 4150/6000 coin:ekfac-eft-v1-con-01037 loss=44.752 g[charter__lam0_r16__all]=+7.775e+00 0.44s | 1.88 rows/s ETA 16 min | peak model 69.0 GB delta 59.5 GB
[score__lam0] [2026-09-14T13:32:49Z] row 4175/6000 ambiguous:ekfac-eft-v1-agr-01043 loss=23.504 g[charter__lam0_r16__all]=+3.111e+00 0.44s | 1.88 rows/s ETA 16 min | peak model 69.0 GB delta 59.5 GB
[score__lam0] [2026-09-14T13:33:00Z] row 4200/6000 ambiguous_wrong:ekfac-eft-v1-agr-01049 loss=39.250 g[charter__lam0_r16__all]=+9.312e+00 0.43s | 1.88 rows/s ETA 16 min | peak model 69.0 GB delta 59.5 GB
[score__lam0] [2026-09-14T13:33:20Z] row 4225/6000 charter:ekfac-eft-v1-con-01056 loss=43.376 g[charter__lam0_r16__all]=+4.109e+00 0.55s | 1.88 rows/s ETA 16 min | peak model 69.0 GB delta 59.5 GB
[score__lam0] [2026-09-14T13:33:34Z] row 4250/6000 coin:ekfac-eft-v1-con-01062 loss=38.000 g[charter__lam0_r16__all]=+1.959e-01 0.51s | 1.88 rows/s ETA 16 min | peak model 69.0 GB delta 59.5 GB
[score__lam0] [2026-09-14T13:33:47Z] row 4275/6000 ambiguous:ekfac-eft-v1-agr-01068 loss=24.501 g[charter__lam0_r16__all]=+9.853e+00 0.48s | 1.88 rows/s ETA 15 min | peak model 69.0 GB delta 59.5 GB
[score__lam0] [2026-09-14T13:33:59Z] row 4300/6000 ambiguous_wrong:ekfac-eft-v1-agr-01074 loss=51.251 g[charter__lam0_r16__all]=+1.471e+01 0.48s | 1.88 rows/s ETA 15 min | peak model 69.0 GB delta 59.5 GB
[score__lam0] [2026-09-14T13:34:12Z] row 4325/6000 charter:ekfac-eft-v1-con-01081 loss=31.001 g[charter__lam0_r16__all]=+1.561e+01 0.48s | 1.88 rows/s ETA 15 min | peak model 69.0 GB delta 59.5 GB
[score__lam0] [2026-09-14T13:34:24Z] row 4350/6000 coin:ekfac-eft-v1-con-01087 loss=36.887 g[charter__lam0_r16__all]=+6.986e-01 0.47s | 1.88 rows/s ETA 15 min | peak model 69.0 GB delta 59.5 GB
[score__lam0] [2026-09-14T13:34:37Z] row 4375/6000 ambiguous:ekfac-eft-v1-agr-01093 loss=21.250 g[charter__lam0_r16__all]=+1.701e+00 0.51s | 1.88 rows/s ETA 14 min | peak model 69.0 GB delta 59.5 GB
[score__lam0] [2026-09-14T13:34:50Z] row 4400/6000 ambiguous_wrong:ekfac-eft-v1-agr-01099 loss=47.250 g[charter__lam0_r16__all]=+7.342e+00 0.47s | 1.88 rows/s ETA 14 min | peak model 69.0 GB delta 59.5 GB
[score__lam0] [2026-09-14T13:35:02Z] row 4425/6000 charter:ekfac-eft-v1-con-01106 loss=43.500 g[charter__lam0_r16__all]=+1.169e+01 0.43s | 1.88 rows/s ETA 14 min | peak model 69.0 GB delta 59.5 GB
[score__lam0] [2026-09-14T13:35:14Z] row 4450/6000 coin:ekfac-eft-v1-con-01112 loss=23.505 g[charter__lam0_r16__all]=+1.807e+00 0.45s | 1.88 rows/s ETA 14 min | peak model 69.0 GB delta 59.5 GB
[score__lam0] [2026-09-14T13:35:25Z] row 4475/6000 ambiguous:ekfac-eft-v1-agr-01118 loss=23.501 g[charter__lam0_r16__all]=+4.996e-02 0.46s | 1.88 rows/s ETA 13 min | peak model 69.0 GB delta 59.5 GB
[score__lam0] [2026-09-14T13:35:37Z] row 4500/6000 ambiguous_wrong:ekfac-eft-v1-agr-01124 loss=45.501 g[charter__lam0_r16__all]=+1.821e+00 0.48s | 1.89 rows/s ETA 13 min | peak model 69.0 GB delta 59.5 GB
[score__lam0] [2026-09-14T13:35:51Z] row 4525/6000 charter:ekfac-eft-v1-con-01131 loss=34.500 g[charter__lam0_r16__all]=-1.487e+01 0.51s | 1.89 rows/s ETA 13 min | peak model 69.0 GB delta 59.5 GB
[score__lam0] [2026-09-14T13:36:03Z] row 4550/6000 coin:ekfac-eft-v1-con-01137 loss=43.500 g[charter__lam0_r16__all]=+5.735e+00 0.49s | 1.89 rows/s ETA 13 min | peak model 69.0 GB delta 59.5 GB
[score__lam0] [2026-09-14T13:36:17Z] row 4575/6000 ambiguous:ekfac-eft-v1-agr-01143 loss=34.250 g[charter__lam0_r16__all]=-3.267e+01 0.45s | 1.89 rows/s ETA 13 min | peak model 69.0 GB delta 59.5 GB
[score__lam0] [2026-09-14T13:36:28Z] row 4600/6000 ambiguous_wrong:ekfac-eft-v1-agr-01149 loss=23.000 g[charter__lam0_r16__all]=+5.002e+00 0.46s | 1.89 rows/s ETA 12 min | peak model 69.0 GB delta 59.5 GB
[score__lam0] [2026-09-14T13:36:41Z] row 4625/6000 charter:ekfac-eft-v1-con-01156 loss=44.501 g[charter__lam0_r16__all]=+1.232e+01 0.47s | 1.89 rows/s ETA 12 min | peak model 69.0 GB delta 59.5 GB
[score__lam0] [2026-09-14T13:36:54Z] row 4650/6000 coin:ekfac-eft-v1-con-01162 loss=21.251 g[charter__lam0_r16__all]=+2.358e-01 0.45s | 1.89 rows/s ETA 12 min | peak model 69.0 GB delta 59.5 GB
[score__lam0] [2026-09-14T13:37:06Z] row 4675/6000 ambiguous:ekfac-eft-v1-agr-01168 loss=24.001 g[charter__lam0_r16__all]=-4.900e+00 0.44s | 1.89 rows/s ETA 12 min | peak model 69.0 GB delta 59.5 GB
[score__lam0] [2026-09-14T13:37:19Z] row 4700/6000 ambiguous_wrong:ekfac-eft-v1-agr-01174 loss=36.250 g[charter__lam0_r16__all]=+5.656e+00 0.54s | 1.89 rows/s ETA 11 min | peak model 69.0 GB delta 59.5 GB
[score__lam0] [2026-09-14T13:37:31Z] row 4725/6000 charter:ekfac-eft-v1-con-01181 loss=23.036 g[charter__lam0_r16__all]=+1.204e+00 0.48s | 1.89 rows/s ETA 11 min | peak model 69.0 GB delta 59.5 GB
[score__lam0] [2026-09-14T13:37:44Z] row 4750/6000 coin:ekfac-eft-v1-con-01187 loss=56.252 g[charter__lam0_r16__all]=+2.263e+01 0.46s | 1.89 rows/s ETA 11 min | peak model 69.0 GB delta 59.5 GB
[score__lam0] [2026-09-14T13:37:56Z] row 4775/6000 ambiguous:ekfac-eft-v1-agr-01193 loss=30.751 g[charter__lam0_r16__all]=+3.783e+00 0.43s | 1.89 rows/s ETA 11 min | peak model 69.0 GB delta 59.5 GB
[score__lam0] [2026-09-14T13:38:08Z] row 4800/6000 ambiguous_wrong:ekfac-eft-v1-agr-01199 loss=41.519 g[charter__lam0_r16__all]=-2.266e+01 0.47s | 1.89 rows/s ETA 11 min | peak model 69.0 GB delta 59.5 GB
[score__lam0] [2026-09-14T13:38:21Z] row 4825/6000 charter:ekfac-eft-v1-con-01206 loss=39.750 g[charter__lam0_r16__all]=+4.237e+00 0.48s | 1.89 rows/s ETA 10 min | peak model 69.0 GB delta 59.5 GB
[score__lam0] [2026-09-14T13:38:33Z] row 4850/6000 coin:ekfac-eft-v1-con-01212 loss=22.750 g[charter__lam0_r16__all]=+1.823e+00 0.45s | 1.89 rows/s ETA 10 min | peak model 69.0 GB delta 59.5 GB
[score__lam0] [2026-09-14T13:38:46Z] row 4875/6000 ambiguous:ekfac-eft-v1-agr-01218 loss=31.000 g[charter__lam0_r16__all]=+1.384e+00 0.52s | 1.89 rows/s ETA 10 min | peak model 69.0 GB delta 59.5 GB
[score__lam0] [2026-09-14T13:39:00Z] row 4900/6000 ambiguous_wrong:ekfac-eft-v1-agr-01224 loss=41.250 g[charter__lam0_r16__all]=+1.807e+01 0.50s | 1.89 rows/s ETA 10 min | peak model 69.0 GB delta 59.5 GB
[score__lam0] [2026-09-14T13:39:13Z] row 4925/6000 charter:ekfac-eft-v1-con-01231 loss=32.500 g[charter__lam0_r16__all]=-2.660e+00 0.49s | 1.89 rows/s ETA 9 min | peak model 69.0 GB delta 59.5 GB
[score__lam0] [2026-09-14T13:39:25Z] row 4950/6000 coin:ekfac-eft-v1-con-01237 loss=22.444 g[charter__lam0_r16__all]=+1.384e+01 0.50s | 1.89 rows/s ETA 9 min | peak model 69.0 GB delta 59.5 GB
[score__lam0] [2026-09-14T13:39:39Z] row 4975/6000 ambiguous:ekfac-eft-v1-agr-01243 loss=36.125 g[charter__lam0_r16__all]=-1.549e+01 0.51s | 1.89 rows/s ETA 9 min | peak model 69.0 GB delta 59.5 GB
[score__lam0] [2026-09-14T13:39:52Z] row 5000/6000 ambiguous_wrong:ekfac-eft-v1-agr-01249 loss=38.313 g[charter__lam0_r16__all]=+4.717e+00 0.50s | 1.89 rows/s ETA 9 min | peak model 69.0 GB delta 59.5 GB
[score__lam0] [2026-09-14T13:40:06Z] row 5025/6000 charter:ekfac-eft-v1-con-01256 loss=48.250 g[charter__lam0_r16__all]=+1.457e+01 0.50s | 1.89 rows/s ETA 9 min | peak model 69.0 GB delta 59.5 GB
[score__lam0] [2026-09-14T13:40:18Z] row 5050/6000 coin:ekfac-eft-v1-con-01262 loss=35.501 g[charter__lam0_r16__all]=+1.508e+01 0.49s | 1.89 rows/s ETA 8 min | peak model 69.0 GB delta 59.5 GB
[score__lam0] [2026-09-14T13:40:31Z] row 5075/6000 ambiguous:ekfac-eft-v1-agr-01268 loss=21.878 g[charter__lam0_r16__all]=+5.177e+00 0.49s | 1.89 rows/s ETA 8 min | peak model 69.0 GB delta 59.5 GB
[score__lam0] [2026-09-14T13:40:44Z] row 5100/6000 ambiguous_wrong:ekfac-eft-v1-agr-01274 loss=43.750 g[charter__lam0_r16__all]=+1.439e+01 0.48s | 1.89 rows/s ETA 8 min | peak model 69.0 GB delta 59.5 GB
[score__lam0] [2026-09-14T13:40:56Z] row 5125/6000 charter:ekfac-eft-v1-con-01281 loss=49.126 g[charter__lam0_r16__all]=+6.146e+00 0.48s | 1.89 rows/s ETA 8 min | peak model 69.0 GB delta 59.5 GB
[score__lam0] [2026-09-14T13:41:09Z] row 5150/6000 coin:ekfac-eft-v1-con-01287 loss=22.750 g[charter__lam0_r16__all]=+2.863e+00 0.47s | 1.89 rows/s ETA 7 min | peak model 69.0 GB delta 59.5 GB
[score__lam0] [2026-09-14T13:41:22Z] row 5175/6000 ambiguous:ekfac-eft-v1-agr-01293 loss=24.305 g[charter__lam0_r16__all]=-1.186e+01 0.52s | 1.90 rows/s ETA 7 min | peak model 69.0 GB delta 59.5 GB
[score__lam0] [2026-09-14T13:41:35Z] row 5200/6000 ambiguous_wrong:ekfac-eft-v1-agr-01299 loss=45.500 g[charter__lam0_r16__all]=+3.471e+00 0.52s | 1.90 rows/s ETA 7 min | peak model 69.0 GB delta 59.5 GB
[score__lam0] [2026-09-14T13:41:48Z] row 5225/6000 charter:ekfac-eft-v1-con-01306 loss=39.001 g[charter__lam0_r16__all]=+1.156e+01 0.50s | 1.90 rows/s ETA 7 min | peak model 69.0 GB delta 59.5 GB
[score__lam0] [2026-09-14T13:42:00Z] row 5250/6000 coin:ekfac-eft-v1-con-01312 loss=37.725 g[charter__lam0_r16__all]=-1.834e+01 0.49s | 1.90 rows/s ETA 7 min | peak model 69.0 GB delta 59.5 GB
[score__lam0] [2026-09-14T13:42:13Z] row 5275/6000 ambiguous:ekfac-eft-v1-agr-01318 loss=22.251 g[charter__lam0_r16__all]=-8.577e-01 0.52s | 1.90 rows/s ETA 6 min | peak model 69.0 GB delta 59.5 GB
[score__lam0] [2026-09-14T13:42:26Z] row 5300/6000 ambiguous_wrong:ekfac-eft-v1-agr-01324 loss=50.501 g[charter__lam0_r16__all]=+8.647e+00 0.49s | 1.90 rows/s ETA 6 min | peak model 69.0 GB delta 59.5 GB
[score__lam0] [2026-09-14T13:42:39Z] row 5325/6000 charter:ekfac-eft-v1-con-01331 loss=38.750 g[charter__lam0_r16__all]=+1.152e+01 0.49s | 1.90 rows/s ETA 6 min | peak model 69.0 GB delta 59.5 GB
[score__lam0] [2026-09-14T13:42:52Z] row 5350/6000 coin:ekfac-eft-v1-con-01337 loss=49.128 g[charter__lam0_r16__all]=+4.104e+00 0.48s | 1.90 rows/s ETA 6 min | peak model 69.0 GB delta 59.5 GB
[score__lam0] [2026-09-14T13:43:05Z] row 5375/6000 ambiguous:ekfac-eft-v1-agr-01343 loss=47.001 g[charter__lam0_r16__all]=+1.073e+01 0.48s | 1.90 rows/s ETA 5 min | peak model 69.0 GB delta 59.5 GB
[score__lam0] [2026-09-14T13:43:18Z] row 5400/6000 ambiguous_wrong:ekfac-eft-v1-agr-01349 loss=42.000 g[charter__lam0_r16__all]=+2.100e+00 0.47s | 1.90 rows/s ETA 5 min | peak model 69.0 GB delta 59.5 GB
[score__lam0] [2026-09-14T13:43:32Z] row 5425/6000 charter:ekfac-eft-v1-con-01356 loss=42.251 g[charter__lam0_r16__all]=+3.251e+00 0.54s | 1.90 rows/s ETA 5 min | peak model 69.0 GB delta 59.5 GB
[score__lam0] [2026-09-14T13:43:45Z] row 5450/6000 coin:ekfac-eft-v1-con-01362 loss=24.138 g[charter__lam0_r16__all]=+5.905e+00 0.48s | 1.90 rows/s ETA 5 min | peak model 69.0 GB delta 59.5 GB
[score__lam0] [2026-09-14T13:43:57Z] row 5475/6000 ambiguous:ekfac-eft-v1-agr-01368 loss=22.411 g[charter__lam0_r16__all]=+3.046e+00 0.48s | 1.90 rows/s ETA 5 min | peak model 69.0 GB delta 59.5 GB
[score__lam0] [2026-09-14T13:44:10Z] row 5500/6000 ambiguous_wrong:ekfac-eft-v1-agr-01374 loss=54.626 g[charter__lam0_r16__all]=+6.320e+00 0.52s | 1.90 rows/s ETA 4 min | peak model 69.0 GB delta 59.5 GB
[score__lam0] [2026-09-14T13:44:23Z] row 5525/6000 charter:ekfac-eft-v1-con-01381 loss=37.751 g[charter__lam0_r16__all]=-5.036e+00 0.48s | 1.90 rows/s ETA 4 min | peak model 69.0 GB delta 59.5 GB
[score__lam0] [2026-09-14T13:44:36Z] row 5550/6000 coin:ekfac-eft-v1-con-01387 loss=24.500 g[charter__lam0_r16__all]=-7.730e+00 0.48s | 1.90 rows/s ETA 4 min | peak model 69.0 GB delta 59.5 GB
[score__lam0] [2026-09-14T13:44:48Z] row 5575/6000 ambiguous:ekfac-eft-v1-agr-01393 loss=21.250 g[charter__lam0_r16__all]=+3.271e+00 0.49s | 1.90 rows/s ETA 4 min | peak model 69.0 GB delta 59.5 GB
[score__lam0] [2026-09-14T13:45:01Z] row 5600/6000 ambiguous_wrong:ekfac-eft-v1-agr-01399 loss=30.001 g[charter__lam0_r16__all]=-1.582e+01 0.48s | 1.90 rows/s ETA 4 min | peak model 69.0 GB delta 59.5 GB
[score__lam0] [2026-09-14T13:45:14Z] row 5625/6000 charter:ekfac-eft-v1-con-01406 loss=48.500 g[charter__lam0_r16__all]=+8.178e+00 0.49s | 1.90 rows/s ETA 3 min | peak model 69.0 GB delta 59.5 GB
[score__lam0] [2026-09-14T13:45:26Z] row 5650/6000 coin:ekfac-eft-v1-con-01412 loss=20.251 g[charter__lam0_r16__all]=-1.386e+00 0.49s | 1.90 rows/s ETA 3 min | peak model 69.0 GB delta 59.5 GB
[score__lam0] [2026-09-14T13:45:39Z] row 5675/6000 ambiguous:ekfac-eft-v1-agr-01418 loss=33.250 g[charter__lam0_r16__all]=+1.398e+01 0.52s | 1.90 rows/s ETA 3 min | peak model 69.0 GB delta 59.5 GB
[score__lam0] [2026-09-14T13:45:53Z] row 5700/6000 ambiguous_wrong:ekfac-eft-v1-agr-01424 loss=46.126 g[charter__lam0_r16__all]=+1.097e+01 0.49s | 1.90 rows/s ETA 3 min | peak model 69.0 GB delta 59.5 GB
[score__lam0] [2026-09-14T13:46:06Z] row 5725/6000 charter:ekfac-eft-v1-con-01431 loss=37.250 g[charter__lam0_r16__all]=-4.838e+00 0.52s | 1.90 rows/s ETA 2 min | peak model 69.0 GB delta 59.5 GB
[score__lam0] [2026-09-14T13:46:19Z] row 5750/6000 coin:ekfac-eft-v1-con-01437 loss=23.000 g[charter__lam0_r16__all]=-5.760e-01 0.49s | 1.90 rows/s ETA 2 min | peak model 69.0 GB delta 59.5 GB
[score__lam0] [2026-09-14T13:46:33Z] row 5775/6000 ambiguous:ekfac-eft-v1-agr-01443 loss=34.251 g[charter__lam0_r16__all]=+2.106e+00 0.54s | 1.90 rows/s ETA 2 min | peak model 69.0 GB delta 59.5 GB
[score__lam0] [2026-09-14T13:46:48Z] row 5800/6000 ambiguous_wrong:ekfac-eft-v1-agr-01449 loss=40.000 g[charter__lam0_r16__all]=+6.691e+00 0.62s | 1.90 rows/s ETA 2 min | peak model 69.0 GB delta 59.5 GB
[score__lam0] [2026-09-14T13:47:02Z] row 5825/6000 charter:ekfac-eft-v1-con-01456 loss=45.502 g[charter__lam0_r16__all]=+1.656e+01 0.50s | 1.90 rows/s ETA 2 min | peak model 69.0 GB delta 59.5 GB
[score__lam0] [2026-09-14T13:47:16Z] row 5850/6000 coin:ekfac-eft-v1-con-01462 loss=47.752 g[charter__lam0_r16__all]=+2.076e+01 0.53s | 1.90 rows/s ETA 1 min | peak model 69.0 GB delta 59.5 GB
[score__lam0] [2026-09-14T13:47:31Z] row 5875/6000 ambiguous:ekfac-eft-v1-agr-01468 loss=20.751 g[charter__lam0_r16__all]=-1.587e+01 0.64s | 1.90 rows/s ETA 1 min | peak model 69.0 GB delta 59.5 GB
[score__lam0] [2026-09-14T13:47:45Z] row 5900/6000 ambiguous_wrong:ekfac-eft-v1-agr-01474 loss=22.004 g[charter__lam0_r16__all]=+3.032e+00 0.49s | 1.90 rows/s ETA 1 min | peak model 69.0 GB delta 59.5 GB
[score__lam0] [2026-09-14T13:47:57Z] row 5925/6000 charter:ekfac-eft-v1-con-01481 loss=35.254 g[charter__lam0_r16__all]=-6.560e+00 0.48s | 1.90 rows/s ETA 1 min | peak model 69.0 GB delta 59.5 GB
[score__lam0] [2026-09-14T13:48:10Z] row 5950/6000 coin:ekfac-eft-v1-con-01487 loss=44.512 g[charter__lam0_r16__all]=+2.187e+00 0.48s | 1.90 rows/s ETA 0 min | peak model 69.0 GB delta 59.5 GB
[score__lam0] [2026-09-14T13:48:22Z] row 5975/6000 ambiguous:ekfac-eft-v1-agr-01493 loss=22.250 g[charter__lam0_r16__all]=+1.533e-01 0.48s | 1.90 rows/s ETA 0 min | peak model 69.0 GB delta 59.5 GB
[score__lam0] [2026-09-14T13:48:35Z] row 6000/6000 ambiguous_wrong:ekfac-eft-v1-agr-01499 loss=23.452 g[charter__lam0_r16__all]=-4.759e-01 0.44s | 1.90 rows/s ETA 0 min | peak model 69.0 GB delta 59.5 GB
[score__lam0] [2026-09-14T13:48:36Z] SCIMT-ORACLE-FAIL worst rel 6.386e-01 > 0.01
[2026-09-14T13:48:39+00:00] SCIMT-DRIVER-PHASE score__lam0 status=oracle-failed
[2026-09-14T13:48:39+00:00] score__lam0 exited 99 (oracle-failed); tail:
[2026-09-14T13:47:16Z] row 5850/6000 coin:ekfac-eft-v1-con-01462 loss=47.752 g[charter__lam0_r16__all]=+2.076e+01 0.53s | 1.90 rows/s ETA 1 min | peak model 69.0 GB delta 59.5 GB
[2026-09-14T13:47:31Z] row 5875/6000 ambiguous:ekfac-eft-v1-agr-01468 loss=20.751 g[charter__lam0_r16__all]=-1.587e+01 0.64s | 1.90 rows/s ETA 1 min | peak model 69.0 GB delta 59.5 GB
[2026-09-14T13:47:45Z] row 5900/6000 ambiguous_wrong:ekfac-eft-v1-agr-01474 loss=22.004 g[charter__lam0_r16__all]=+3.032e+00 0.49s | 1.90 rows/s ETA 1 min | peak model 69.0 GB delta 59.5 GB
[2026-09-14T13:47:57Z] row 5925/6000 charter:ekfac-eft-v1-con-01481 loss=35.254 g[charter__lam0_r16__all]=-6.560e+00 0.48s | 1.90 rows/s ETA 1 min | peak model 69.0 GB delta 59.5 GB
[2026-09-14T13:48:10Z] row 5950/6000 coin:ekfac-eft-v1-con-01487 loss=44.512 g[charter__lam0_r16__all]=+2.187e+00 0.48s | 1.90 rows/s ETA 0 min | peak model 69.0 GB delta 59.5 GB
[2026-09-14T13:48:22Z] row 5975/6000 ambiguous:ekfac-eft-v1-agr-01493 loss=22.250 g[charter__lam0_r16__all]=+1.533e-01 0.48s | 1.90 rows/s ETA 0 min | peak model 69.0 GB delta 59.5 GB
[2026-09-14T13:48:35Z] row 6000/6000 ambiguous_wrong:ekfac-eft-v1-agr-01499 loss=23.452 g[charter__lam0_r16__all]=-4.759e-01 0.44s | 1.90 rows/s ETA 0 min | peak model 69.0 GB delta 59.5 GB
[2026-09-14T13:48:36Z] SCIMT-ORACLE-FAIL worst rel 6.386e-01 > 0.01
[2026-09-14T13:48:39+00:00] measured lam0: 1.967 rows/s (0.51 s/row); overhead 175s
[2026-09-14T13:48:39+00:00] SCIMT-DRIVER-FAIL score__lam0: exited 99 (oracle-failed)
[2026-09-14T13:48:39+00:00] launch score__lam0_full__charter: gpus=[0, 1] argv=/workspace/scimt/.venv/bin/python /workspace/scimt/experiments/improved_midtraining/graft_delta_lambda_v1/pod/score_lambda_grad.py timeout=None
[score__lam0_full__charter] [2026-09-14T13:48:41Z] score_lambda_grad pass=lam0_full__charter mode=lam0 deltas=['charter__lam0_full__all', 'charter__lam0_r1024__all'] graft=None rows=/workspace/graft/eft_rows/eft_rows.jsonl
[score__lam0_full__charter] [2026-09-14T13:49:11Z] 6000 rows rendered ({"ambiguous": {"rows": 1500, "n_tokens_mean": 462.038}, "ambiguous_wrong": {"rows": 1500, "n_tokens_mean": 462.036}, "charter": {"rows": 1500, "n_tokens_mean": 462.63866666666667}, "coin": {"rows": 1500, "n_tokens_mean": 462.62466666666666}}); schedule 2000 scores over 2000 rows (rows_filter=500, repeats=1)
[score__lam0_full__charter] `torch_dtype` is deprecated! Use `dtype` instead!
[score__lam0_full__charter] Loading weights:   0%|          | 0/1247 [00:00<?, ?it/s]Loading weights:  16%|█▌        | 201/1247 [00:00<00:00, 1898.10it/s]Loading weights:  31%|███▏      | 391/1247 [00:00<00:00, 1445.55it/s]Loading weights:  43%|████▎     | 542/1247 [00:00<00:00, 1264.97it/s]Loading weights:  54%|█████▍    | 673/1247 [00:00<00:00, 1207.15it/s]Loading weights:  64%|██████▍   | 796/1247 [00:00<00:00, 1178.93it/s]Loading weights:  73%|███████▎  | 915/1247 [00:00<00:00, 1109.05it/s]Loading weights:  82%|████████▏ | 1027/1247 [00:00<00:00, 1046.41it/s]Loading weights:  91%|█████████▏| 1139/1247 [00:00<00:00, 1066.03it/s]Loading weights: 100%|██████████| 1247/1247 [00:01<00:00, 1053.38it/s]Loading weights: 100%|██████████| 1247/1247 [00:01<00:00, 1152.40it/s]
[score__lam0_full__charter] [2026-09-14T13:49:25Z] model loaded in 14s: 434 covered linears over 62 layers, 373 norm weights
[score__lam0_full__charter] [2026-09-14T13:49:36Z] resident full delta charter__lam0_full__all: 434 modules
[score__lam0_full__charter] [2026-09-14T13:49:37Z] resident deltas: {"n_deltas": 2, "n_lora_modules": 434, "n_full_modules": 434, "norm_elements": 1354496, "norm_delta_fro": {"charter__lam0_full__all": 0.004138386342674494, "charter__lam0_r1024__all": 0.004138386342674494}, "norm_all_zero": false, "resident_gb": 65.7376768, "load_seconds": 11.239525556564331}
[score__lam0_full__charter] [2026-09-14T13:49:42Z] oracle charter:ekfac-eft-v1-con-00001: worst rel 2.992e-02 (tol 0.01) FAIL; loss 24.5007 vs 24.5007
[score__lam0_full__charter] [2026-09-14T13:49:42Z] row 1/2000 charter:ekfac-eft-v1-con-00001 loss=24.501 g[charter__lam0_full__all]=+5.469e+00 3.42s | 0.19 rows/s ETA 179 min | peak model 68.2 GB delta 67.2 GB
[score__lam0_full__charter] [2026-09-14T13:49:47Z] oracle coin:ekfac-eft-v1-con-00001: worst rel 8.487e-02 (tol 0.01) FAIL; loss 37.2510 vs 37.2510
[score__lam0_full__charter] [2026-09-14T13:49:51Z] oracle ambiguous:ekfac-eft-v1-agr-00003: worst rel 1.492e+00 (tol 0.01) FAIL; loss 21.2508 vs 21.2508
[score__lam0_full__charter] [2026-09-14T13:49:53Z] oracle ambiguous_wrong:ekfac-eft-v1-agr-00003: worst rel 1.960e-02 (tol 0.01) FAIL; loss 43.0005 vs 43.0005
[score__lam0_full__charter] [2026-09-14T13:49:58Z] oracle charter:ekfac-eft-v1-con-00003: worst rel 1.940e-03 (tol 0.01) PASS; loss 30.7509 vs 30.7509
[score__lam0_full__charter] [2026-09-14T13:50:02Z] oracle coin:ekfac-eft-v1-con-00003: worst rel 1.016e-01 (tol 0.01) FAIL; loss 21.2513 vs 21.2513
[score__lam0_full__charter] [2026-09-14T13:50:06Z] oracle ambiguous:ekfac-eft-v1-agr-00004: worst rel 4.625e-02 (tol 0.01) FAIL; loss 38.7508 vs 38.7508
[score__lam0_full__charter] [2026-09-14T13:50:10Z] oracle ambiguous_wrong:ekfac-eft-v1-agr-00004: worst rel 1.075e-01 (tol 0.01) FAIL; loss 47.1251 vs 47.1251
[score__lam0_full__charter] [2026-09-14T13:50:44Z] row 25/2000 charter:ekfac-eft-v1-con-00013 loss=46.252 g[charter__lam0_full__all]=+9.690e+00 0.53s | 0.37 rows/s ETA 89 min | peak model 68.6 GB delta 67.2 GB
[score__lam0_full__charter] [2026-09-14T13:51:14Z] row 50/2000 coin:ekfac-eft-v1-con-00025 loss=39.501 g[charter__lam0_full__all]=+1.193e+01 0.53s | 0.51 rows/s ETA 63 min | peak model 68.6 GB delta 67.2 GB
[score__lam0_full__charter] [2026-09-14T13:51:38Z] row 75/2000 ambiguous:ekfac-eft-v1-agr-00050 loss=36.500 g[charter__lam0_full__all]=-4.733e+00 0.53s | 0.62 rows/s ETA 52 min | peak model 68.7 GB delta 67.2 GB
[score__lam0_full__charter] [2026-09-14T13:51:59Z] row 100/2000 ambiguous_wrong:ekfac-eft-v1-agr-00066 loss=23.753 g[charter__lam0_full__all]=+1.967e-01 0.53s | 0.70 rows/s ETA 45 min | peak model 68.7 GB delta 67.2 GB
[score__lam0_full__charter] [2026-09-14T13:52:15Z] row 125/2000 charter:ekfac-eft-v1-con-00077 loss=23.011 g[charter__lam0_full__all]=-7.058e+00 0.53s | 0.79 rows/s ETA 40 min | peak model 68.7 GB delta 67.2 GB
[score__lam0_full__charter] [2026-09-14T13:52:34Z] row 150/2000 coin:ekfac-eft-v1-con-00086 loss=22.500 g[charter__lam0_full__all]=+1.712e+00 0.53s | 0.85 rows/s ETA 36 min | peak model 68.8 GB delta 67.2 GB
[score__lam0_full__charter] [2026-09-14T13:52:50Z] row 175/2000 ambiguous:ekfac-eft-v1-agr-00128 loss=23.250 g[charter__lam0_full__all]=-4.992e+00 0.53s | 0.90 rows/s ETA 34 min | peak model 68.8 GB delta 67.2 GB
[score__lam0_full__charter] [2026-09-14T13:53:04Z] row 200/2000 ambiguous_wrong:ekfac-eft-v1-agr-00153 loss=42.554 g[charter__lam0_full__all]=-1.184e+00 0.54s | 0.96 rows/s ETA 31 min | peak model 68.8 GB delta 67.2 GB
[score__lam0_full__charter] [2026-09-14T13:53:23Z] row 225/2000 charter:ekfac-eft-v1-con-00134 loss=27.737 g[charter__lam0_full__all]=+3.666e+01 1.25s | 0.99 rows/s ETA 30 min | peak model 68.8 GB delta 67.2 GB
[score__lam0_full__charter] [2026-09-14T13:53:37Z] row 250/2000 coin:ekfac-eft-v1-con-00161 loss=51.875 g[charter__lam0_full__all]=+2.210e+01 0.54s | 1.04 rows/s ETA 28 min | peak model 68.8 GB delta 67.2 GB
[score__lam0_full__charter] [2026-09-14T13:53:51Z] row 275/2000 ambiguous:ekfac-eft-v1-agr-00203 loss=27.880 g[charter__lam0_full__all]=+1.923e+01 0.52s | 1.08 rows/s ETA 27 min | peak model 68.8 GB delta 67.2 GB
[score__lam0_full__charter] [2026-09-14T13:54:09Z] row 300/2000 ambiguous_wrong:ekfac-eft-v1-agr-00213 loss=37.750 g[charter__lam0_full__all]=+1.022e+01 0.55s | 1.10 rows/s ETA 26 min | peak model 68.9 GB delta 67.2 GB
[score__lam0_full__charter] [2026-09-14T13:54:24Z] row 325/2000 charter:ekfac-eft-v1-con-00225 loss=28.384 g[charter__lam0_full__all]=-1.772e+01 0.60s | 1.13 rows/s ETA 25 min | peak model 68.9 GB delta 67.2 GB
[score__lam0_full__charter] [2026-09-14T13:54:41Z] row 350/2000 coin:ekfac-eft-v1-con-00245 loss=51.626 g[charter__lam0_full__all]=+1.831e+00 0.53s | 1.15 rows/s ETA 24 min | peak model 68.9 GB delta 67.2 GB
[score__lam0_full__charter] [2026-09-14T13:55:00Z] row 375/2000 ambiguous:ekfac-eft-v1-agr-00262 loss=38.001 g[charter__lam0_full__all]=-1.314e+00 0.58s | 1.16 rows/s ETA 23 min | peak model 68.9 GB delta 67.2 GB
[score__lam0_full__charter] [2026-09-14T13:55:15Z] row 400/2000 ambiguous_wrong:ekfac-eft-v1-agr-00274 loss=53.000 g[charter__lam0_full__all]=+2.415e+01 0.55s | 1.18 rows/s ETA 23 min | peak model 68.9 GB delta 67.2 GB
[score__lam0_full__charter] [2026-09-14T13:55:29Z] row 425/2000 charter:ekfac-eft-v1-con-00295 loss=25.751 g[charter__lam0_full__all]=+4.013e+00 0.52s | 1.21 rows/s ETA 22 min | peak model 68.9 GB delta 67.2 GB
[score__lam0_full__charter] [2026-09-14T13:55:44Z] row 450/2000 coin:ekfac-eft-v1-con-00307 loss=23.203 g[charter__lam0_full__all]=-1.488e+01 0.58s | 1.23 rows/s ETA 21 min | peak model 68.9 GB delta 67.2 GB
[score__lam0_full__charter] [2026-09-14T13:56:00Z] row 475/2000 ambiguous:ekfac-eft-v1-agr-00336 loss=22.000 g[charter__lam0_full__all]=-7.906e-02 0.54s | 1.24 rows/s ETA 21 min | peak model 68.9 GB delta 67.2 GB
[score__lam0_full__charter] [2026-09-14T13:56:15Z] row 500/2000 ambiguous_wrong:ekfac-eft-v1-agr-00367 loss=39.158 g[charter__lam0_full__all]=+2.067e+01 0.53s | 1.26 rows/s ETA 20 min | peak model 68.9 GB delta 67.2 GB
[score__lam0_full__charter] [2026-09-14T13:56:34Z] row 525/2000 charter:ekfac-eft-v1-con-00367 loss=37.502 g[charter__lam0_full__all]=-2.247e+00 0.52s | 1.26 rows/s ETA 20 min | peak model 69.0 GB delta 67.2 GB
[score__lam0_full__charter] [2026-09-14T13:56:48Z] row 550/2000 coin:ekfac-eft-v1-con-00383 loss=45.250 g[charter__lam0_full__all]=+2.061e+01 0.54s | 1.27 rows/s ETA 19 min | peak model 69.0 GB delta 67.2 GB
[score__lam0_full__charter] [2026-09-14T13:57:02Z] row 575/2000 ambiguous:ekfac-eft-v1-agr-00409 loss=20.750 g[charter__lam0_full__all]=-2.641e+00 0.56s | 1.29 rows/s ETA 18 min | peak model 69.0 GB delta 67.2 GB
[score__lam0_full__charter] [2026-09-14T13:57:16Z] row 600/2000 ambiguous_wrong:ekfac-eft-v1-agr-00431 loss=30.503 g[charter__lam0_full__all]=+1.096e+01 0.53s | 1.31 rows/s ETA 18 min | peak model 69.0 GB delta 67.2 GB
[score__lam0_full__charter] [2026-09-14T13:57:33Z] row 625/2000 charter:ekfac-eft-v1-con-00431 loss=23.751 g[charter__lam0_full__all]=-3.202e+00 0.53s | 1.31 rows/s ETA 17 min | peak model 69.0 GB delta 67.2 GB
[score__lam0_full__charter] [2026-09-14T13:57:46Z] row 650/2000 coin:ekfac-eft-v1-con-00446 loss=22.501 g[charter__lam0_full__all]=+8.190e+00 0.52s | 1.33 rows/s ETA 17 min | peak model 69.0 GB delta 67.2 GB
[score__lam0_full__charter] [2026-09-14T13:58:01Z] row 675/2000 ambiguous:ekfac-eft-v1-agr-00513 loss=22.335 g[charter__lam0_full__all]=-6.988e+00 0.52s | 1.34 rows/s ETA 17 min | peak model 69.0 GB delta 67.2 GB
[score__lam0_full__charter] [2026-09-14T13:58:14Z] row 700/2000 ambiguous_wrong:ekfac-eft-v1-agr-00537 loss=45.500 g[charter__lam0_full__all]=+1.388e+01 0.53s | 1.35 rows/s ETA 16 min | peak model 69.0 GB delta 67.2 GB
[score__lam0_full__charter] [2026-09-14T13:58:29Z] row 725/2000 charter:ekfac-eft-v1-con-00509 loss=40.501 g[charter__lam0_full__all]=+1.567e+01 0.53s | 1.36 rows/s ETA 16 min | peak model 69.0 GB delta 67.2 GB
[score__lam0_full__charter] [2026-09-14T13:58:42Z] row 750/2000 coin:ekfac-eft-v1-con-00535 loss=23.003 g[charter__lam0_full__all]=+2.654e+00 0.53s | 1.37 rows/s ETA 15 min | peak model 69.0 GB delta 67.2 GB
[score__lam0_full__charter] [2026-09-14T13:58:56Z] row 775/2000 ambiguous:ekfac-eft-v1-agr-00583 loss=22.750 g[charter__lam0_full__all]=-4.472e+00 0.52s | 1.39 rows/s ETA 15 min | peak model 69.0 GB delta 67.2 GB
[score__lam0_full__charter] [2026-09-14T13:59:13Z] row 800/2000 ambiguous_wrong:ekfac-eft-v1-agr-00598 loss=46.250 g[charter__lam0_full__all]=+3.275e+01 0.52s | 1.39 rows/s ETA 14 min | peak model 69.0 GB delta 67.2 GB
[score__lam0_full__charter] [2026-09-14T13:59:26Z] row 825/2000 charter:ekfac-eft-v1-con-00609 loss=34.251 g[charter__lam0_full__all]=-4.688e+00 0.50s | 1.40 rows/s ETA 14 min | peak model 69.0 GB delta 67.2 GB
[score__lam0_full__charter] [2026-09-14T13:59:38Z] row 850/2000 coin:ekfac-eft-v1-con-00641 loss=36.001 g[charter__lam0_full__all]=+1.021e+01 0.47s | 1.41 rows/s ETA 14 min | peak model 69.0 GB delta 67.2 GB
[score__lam0_full__charter] [2026-09-14T13:59:51Z] row 875/2000 ambiguous:ekfac-eft-v1-agr-00651 loss=31.628 g[charter__lam0_full__all]=-1.607e+01 0.47s | 1.43 rows/s ETA 13 min | peak model 69.0 GB delta 67.2 GB
[score__lam0_full__charter] [2026-09-14T14:00:03Z] row 900/2000 ambiguous_wrong:ekfac-eft-v1-agr-00671 loss=39.500 g[charter__lam0_full__all]=+7.059e+00 0.47s | 1.44 rows/s ETA 13 min | peak model 69.0 GB delta 67.2 GB
[score__lam0_full__charter] [2026-09-14T14:00:15Z] row 925/2000 charter:ekfac-eft-v1-con-00708 loss=21.250 g[charter__lam0_full__all]=+9.124e-01 0.49s | 1.45 rows/s ETA 12 min | peak model 69.0 GB delta 67.2 GB
[score__lam0_full__charter] [2026-09-14T14:00:28Z] row 950/2000 coin:ekfac-eft-v1-con-00733 loss=22.751 g[charter__lam0_full__all]=-7.173e-01 0.47s | 1.46 rows/s ETA 12 min | peak model 69.0 GB delta 67.2 GB
[score__lam0_full__charter] [2026-09-14T14:00:40Z] row 975/2000 ambiguous:ekfac-eft-v1-agr-00752 loss=39.500 g[charter__lam0_full__all]=+4.712e+00 0.47s | 1.47 rows/s ETA 12 min | peak model 69.0 GB delta 67.2 GB
[score__lam0_full__charter] [2026-09-14T14:00:53Z] row 1000/2000 ambiguous_wrong:ekfac-eft-v1-agr-00762 loss=30.501 g[charter__lam0_full__all]=+1.888e+01 0.47s | 1.48 rows/s ETA 11 min | peak model 69.0 GB delta 67.2 GB
[score__lam0_full__charter] [2026-09-14T14:01:05Z] row 1025/2000 charter:ekfac-eft-v1-con-00780 loss=22.254 g[charter__lam0_full__all]=+1.056e+01 0.47s | 1.49 rows/s ETA 11 min | peak model 69.0 GB delta 67.2 GB
[score__lam0_full__charter] [2026-09-14T14:01:17Z] row 1050/2000 coin:ekfac-eft-v1-con-00796 loss=24.500 g[charter__lam0_full__all]=+8.135e+00 0.47s | 1.50 rows/s ETA 11 min | peak model 69.0 GB delta 67.2 GB
[score__lam0_full__charter] [2026-09-14T14:01:32Z] row 1075/2000 ambiguous:ekfac-eft-v1-agr-00824 loss=34.509 g[charter__lam0_full__all]=+1.061e+01 0.47s | 1.50 rows/s ETA 10 min | peak model 69.0 GB delta 67.2 GB
[score__lam0_full__charter] [2026-09-14T14:01:44Z] row 1100/2000 ambiguous_wrong:ekfac-eft-v1-agr-00843 loss=52.875 g[charter__lam0_full__all]=+1.609e+01 0.47s | 1.51 rows/s ETA 10 min | peak model 69.0 GB delta 67.2 GB
[score__lam0_full__charter] [2026-09-14T14:01:57Z] row 1125/2000 charter:ekfac-eft-v1-con-00843 loss=49.250 g[charter__lam0_full__all]=+2.227e+01 0.50s | 1.52 rows/s ETA 10 min | peak model 69.0 GB delta 67.2 GB
[score__lam0_full__charter] [2026-09-14T14:02:09Z] row 1150/2000 coin:ekfac-eft-v1-con-00851 loss=23.000 g[charter__lam0_full__all]=+2.791e+00 0.48s | 1.53 rows/s ETA 9 min | peak model 69.0 GB delta 67.2 GB
[score__lam0_full__charter] [2026-09-14T14:02:21Z] row 1175/2000 ambiguous:ekfac-eft-v1-agr-00900 loss=21.501 g[charter__lam0_full__all]=-1.751e+00 0.47s | 1.54 rows/s ETA 9 min | peak model 69.0 GB delta 67.2 GB
[score__lam0_full__charter] [2026-09-14T14:02:34Z] row 1200/2000 ambiguous_wrong:ekfac-eft-v1-agr-00922 loss=23.252 g[charter__lam0_full__all]=+2.704e+00 0.48s | 1.54 rows/s ETA 9 min | peak model 69.0 GB delta 67.2 GB
[score__lam0_full__charter] [2026-09-14T14:02:46Z] row 1225/2000 charter:ekfac-eft-v1-con-00903 loss=28.638 g[charter__lam0_full__all]=+1.162e+01 0.48s | 1.55 rows/s ETA 8 min | peak model 69.0 GB delta 67.2 GB
[score__lam0_full__charter] [2026-09-14T14:02:58Z] row 1250/2000 coin:ekfac-eft-v1-con-00919 loss=23.251 g[charter__lam0_full__all]=+8.695e+00 0.48s | 1.56 rows/s ETA 8 min | peak model 69.0 GB delta 67.2 GB
[score__lam0_full__charter] [2026-09-14T14:03:11Z] row 1275/2000 ambiguous:ekfac-eft-v1-agr-00994 loss=37.251 g[charter__lam0_full__all]=+2.733e+00 0.47s | 1.56 rows/s ETA 8 min | peak model 69.0 GB delta 67.2 GB
[score__lam0_full__charter] [2026-09-14T14:03:23Z] row 1300/2000 ambiguous_wrong:ekfac-eft-v1-agr-01005 loss=46.805 g[charter__lam0_full__all]=+3.389e+01 0.47s | 1.57 rows/s ETA 7 min | peak model 69.0 GB delta 67.2 GB
[score__lam0_full__charter] [2026-09-14T14:03:35Z] row 1325/2000 charter:ekfac-eft-v1-con-00980 loss=40.253 g[charter__lam0_full__all]=-1.226e+01 0.47s | 1.58 rows/s ETA 7 min | peak model 69.0 GB delta 67.2 GB
[score__lam0_full__charter] [2026-09-14T14:03:48Z] row 1350/2000 coin:ekfac-eft-v1-con-01004 loss=30.752 g[charter__lam0_full__all]=+1.161e+01 0.47s | 1.58 rows/s ETA 7 min | peak model 69.0 GB delta 67.2 GB
[score__lam0_full__charter] [2026-09-14T14:04:01Z] row 1375/2000 ambiguous:ekfac-eft-v1-agr-01052 loss=34.251 g[charter__lam0_full__all]=-2.308e+00 0.48s | 1.59 rows/s ETA 7 min | peak model 69.0 GB delta 67.2 GB
[score__lam0_full__charter] [2026-09-14T14:04:13Z] row 1400/2000 ambiguous_wrong:ekfac-eft-v1-agr-01070 loss=53.329 g[charter__lam0_full__all]=+3.242e+01 0.47s | 1.60 rows/s ETA 6 min | peak model 69.0 GB delta 67.2 GB
[score__lam0_full__charter] [2026-09-14T14:04:25Z] row 1425/2000 charter:ekfac-eft-v1-con-01067 loss=23.251 g[charter__lam0_full__all]=+3.711e+00 0.47s | 1.60 rows/s ETA 6 min | peak model 69.0 GB delta 67.2 GB
[score__lam0_full__charter] [2026-09-14T14:04:38Z] row 1450/2000 coin:ekfac-eft-v1-con-01086 loss=21.750 g[charter__lam0_full__all]=+3.967e-01 0.47s | 1.61 rows/s ETA 6 min | peak model 69.0 GB delta 67.2 GB
[score__lam0_full__charter] [2026-09-14T14:04:50Z] row 1475/2000 ambiguous:ekfac-eft-v1-agr-01109 loss=41.500 g[charter__lam0_full__all]=+4.099e+00 0.47s | 1.61 rows/s ETA 5 min | peak model 69.0 GB delta 67.2 GB
[score__lam0_full__charter] [2026-09-14T14:05:03Z] row 1500/2000 ambiguous_wrong:ekfac-eft-v1-agr-01125 loss=47.001 g[charter__lam0_full__all]=+1.473e+01 0.47s | 1.62 rows/s ETA 5 min | peak model 69.0 GB delta 67.2 GB
[score__lam0_full__charter] [2026-09-14T14:05:15Z] row 1525/2000 charter:ekfac-eft-v1-con-01148 loss=65.751 g[charter__lam0_full__all]=+3.909e+01 0.48s | 1.62 rows/s ETA 5 min | peak model 69.0 GB delta 67.2 GB
[score__lam0_full__charter] [2026-09-14T14:05:28Z] row 1550/2000 coin:ekfac-eft-v1-con-01159 loss=51.780 g[charter__lam0_full__all]=-6.879e+00 0.47s | 1.63 rows/s ETA 5 min | peak model 69.0 GB delta 67.2 GB
[score__lam0_full__charter] [2026-09-14T14:05:40Z] row 1575/2000 ambiguous:ekfac-eft-v1-agr-01192 loss=24.250 g[charter__lam0_full__all]=+1.492e+00 0.47s | 1.63 rows/s ETA 4 min | peak model 69.0 GB delta 67.2 GB
[score__lam0_full__charter] [2026-09-14T14:05:52Z] row 1600/2000 ambiguous_wrong:ekfac-eft-v1-agr-01208 loss=26.011 g[charter__lam0_full__all]=+1.341e+01 0.47s | 1.64 rows/s ETA 4 min | peak model 69.0 GB delta 67.2 GB
[score__lam0_full__charter] [2026-09-14T14:06:05Z] row 1625/2000 charter:ekfac-eft-v1-con-01219 loss=24.001 g[charter__lam0_full__all]=+1.049e+01 0.47s | 1.64 rows/s ETA 4 min | peak model 69.0 GB delta 67.2 GB
[score__lam0_full__charter] [2026-09-14T14:06:19Z] row 1650/2000 coin:ekfac-eft-v1-con-01227 loss=23.001 g[charter__lam0_full__all]=-3.505e+00 0.47s | 1.65 rows/s ETA 4 min | peak model 69.0 GB delta 67.2 GB
[score__lam0_full__charter] [2026-09-14T14:06:32Z] row 1675/2000 ambiguous:ekfac-eft-v1-agr-01255 loss=22.751 g[charter__lam0_full__all]=-5.193e+00 0.52s | 1.65 rows/s ETA 3 min | peak model 69.0 GB delta 67.2 GB
[score__lam0_full__charter] [2026-09-14T14:06:44Z] row 1700/2000 ambiguous_wrong:ekfac-eft-v1-agr-01269 loss=36.002 g[charter__lam0_full__all]=+1.458e+00 0.48s | 1.65 rows/s ETA 3 min | peak model 69.0 GB delta 67.2 GB
[score__lam0_full__charter] [2026-09-14T14:06:57Z] row 1725/2000 charter:ekfac-eft-v1-con-01289 loss=37.000 g[charter__lam0_full__all]=+2.995e+00 0.48s | 1.66 rows/s ETA 3 min | peak model 69.0 GB delta 67.2 GB
[score__lam0_full__charter] [2026-09-14T14:07:09Z] row 1750/2000 coin:ekfac-eft-v1-con-01312 loss=37.725 g[charter__lam0_full__all]=-3.298e+01 0.47s | 1.66 rows/s ETA 3 min | peak model 69.0 GB delta 67.2 GB
[score__lam0_full__charter] [2026-09-14T14:07:23Z] row 1775/2000 ambiguous:ekfac-eft-v1-agr-01324 loss=21.751 g[charter__lam0_full__all]=+4.148e-01 0.48s | 1.66 rows/s ETA 2 min | peak model 69.0 GB delta 67.2 GB
[score__lam0_full__charter] [2026-09-14T14:07:36Z] row 1800/2000 ambiguous_wrong:ekfac-eft-v1-agr-01341 loss=42.251 g[charter__lam0_full__all]=+8.082e+00 0.48s | 1.67 rows/s ETA 2 min | peak model 69.0 GB delta 67.2 GB
[score__lam0_full__charter] [2026-09-14T14:07:48Z] row 1825/2000 charter:ekfac-eft-v1-con-01363 loss=31.137 g[charter__lam0_full__all]=+1.230e+01 0.48s | 1.67 rows/s ETA 2 min | peak model 69.0 GB delta 67.2 GB
[score__lam0_full__charter] [2026-09-14T14:08:01Z] row 1850/2000 coin:ekfac-eft-v1-con-01372 loss=23.750 g[charter__lam0_full__all]=-4.117e+00 0.47s | 1.68 rows/s ETA 1 min | peak model 69.0 GB delta 67.2 GB
[score__lam0_full__charter] [2026-09-14T14:08:13Z] row 1875/2000 ambiguous:ekfac-eft-v1-agr-01409 loss=30.422 g[charter__lam0_full__all]=-2.030e+01 0.47s | 1.68 rows/s ETA 1 min | peak model 69.0 GB delta 67.2 GB
[score__lam0_full__charter] [2026-09-14T14:08:25Z] row 1900/2000 ambiguous_wrong:ekfac-eft-v1-agr-01424 loss=46.126 g[charter__lam0_full__all]=+1.615e+01 0.44s | 1.68 rows/s ETA 1 min | peak model 69.0 GB delta 67.2 GB
[score__lam0_full__charter] [2026-09-14T14:08:37Z] row 1925/2000 charter:ekfac-eft-v1-con-01436 loss=46.001 g[charter__lam0_full__all]=+1.144e+01 0.47s | 1.69 rows/s ETA 1 min | peak model 69.0 GB delta 67.2 GB
[score__lam0_full__charter] [2026-09-14T14:08:50Z] row 1950/2000 coin:ekfac-eft-v1-con-01458 loss=20.251 g[charter__lam0_full__all]=+1.504e+00 0.47s | 1.69 rows/s ETA 0 min | peak model 69.0 GB delta 67.2 GB
[score__lam0_full__charter] [2026-09-14T14:09:05Z] row 1975/2000 ambiguous:ekfac-eft-v1-agr-01474 loss=30.003 g[charter__lam0_full__all]=-1.040e-01 0.47s | 1.69 rows/s ETA 0 min | peak model 69.0 GB delta 67.2 GB
[score__lam0_full__charter] [2026-09-14T14:09:17Z] row 2000/2000 ambiguous_wrong:ekfac-eft-v1-agr-01498 loss=25.260 g[charter__lam0_full__all]=+1.921e+01 0.47s | 1.69 rows/s ETA 0 min | peak model 69.0 GB delta 67.2 GB
[score__lam0_full__charter] [2026-09-14T14:09:17Z] SCIMT-ORACLE-FAIL worst rel 1.492e+00 > 0.01
[2026-09-14T14:09:19+00:00] SCIMT-DRIVER-PHASE score__lam0_full__charter status=oracle-failed
[2026-09-14T14:09:19+00:00] score__lam0_full__charter exited 99 (oracle-failed); tail:
[2026-09-14T14:08:01Z] row 1850/2000 coin:ekfac-eft-v1-con-01372 loss=23.750 g[charter__lam0_full__all]=-4.117e+00 0.47s | 1.68 rows/s ETA 1 min | peak model 69.0 GB delta 67.2 GB
[2026-09-14T14:08:13Z] row 1875/2000 ambiguous:ekfac-eft-v1-agr-01409 loss=30.422 g[charter__lam0_full__all]=-2.030e+01 0.47s | 1.68 rows/s ETA 1 min | peak model 69.0 GB delta 67.2 GB
[2026-09-14T14:08:25Z] row 1900/2000 ambiguous_wrong:ekfac-eft-v1-agr-01424 loss=46.126 g[charter__lam0_full__all]=+1.615e+01 0.44s | 1.68 rows/s ETA 1 min | peak model 69.0 GB delta 67.2 GB
[2026-09-14T14:08:37Z] row 1925/2000 charter:ekfac-eft-v1-con-01436 loss=46.001 g[charter__lam0_full__all]=+1.144e+01 0.47s | 1.69 rows/s ETA 1 min | peak model 69.0 GB delta 67.2 GB
[2026-09-14T14:08:50Z] row 1950/2000 coin:ekfac-eft-v1-con-01458 loss=20.251 g[charter__lam0_full__all]=+1.504e+00 0.47s | 1.69 rows/s ETA 0 min | peak model 69.0 GB delta 67.2 GB
[2026-09-14T14:09:05Z] row 1975/2000 ambiguous:ekfac-eft-v1-agr-01474 loss=30.003 g[charter__lam0_full__all]=-1.040e-01 0.47s | 1.69 rows/s ETA 0 min | peak model 69.0 GB delta 67.2 GB
[2026-09-14T14:09:17Z] row 2000/2000 ambiguous_wrong:ekfac-eft-v1-agr-01498 loss=25.260 g[charter__lam0_full__all]=+1.921e+01 0.47s | 1.69 rows/s ETA 0 min | peak model 69.0 GB delta 67.2 GB
[2026-09-14T14:09:17Z] SCIMT-ORACLE-FAIL worst rel 1.492e+00 > 0.01
[2026-09-14T14:09:19+00:00] measured lam0_full__charter: 1.747 rows/s (0.57 s/row); overhead 96s
[2026-09-14T14:09:19+00:00] SCIMT-DRIVER-FAIL score__lam0_full__charter: exited 99 (oracle-failed)
[2026-09-14T14:09:19+00:00] launch score__lam0_full__coin: gpus=[0, 1] argv=/workspace/scimt/.venv/bin/python /workspace/scimt/experiments/improved_midtraining/graft_delta_lambda_v1/pod/score_lambda_grad.py timeout=None
[score__lam0_full__coin] [2026-09-14T14:09:21Z] score_lambda_grad pass=lam0_full__coin mode=lam0 deltas=['coin__lam0_full__all', 'coin__lam0_r1024__all'] graft=None rows=/workspace/graft/eft_rows/eft_rows.jsonl
[score__lam0_full__coin] [2026-09-14T14:09:52Z] 6000 rows rendered ({"ambiguous": {"rows": 1500, "n_tokens_mean": 462.038}, "ambiguous_wrong": {"rows": 1500, "n_tokens_mean": 462.036}, "charter": {"rows": 1500, "n_tokens_mean": 462.63866666666667}, "coin": {"rows": 1500, "n_tokens_mean": 462.62466666666666}}); schedule 2000 scores over 2000 rows (rows_filter=500, repeats=1)
[score__lam0_full__coin] `torch_dtype` is deprecated! Use `dtype` instead!
[score__lam0_full__coin] Loading weights:   0%|          | 0/1247 [00:00<?, ?it/s]Loading weights:  24%|██▍       | 301/1247 [00:00<00:00, 2885.17it/s]Loading weights:  47%|████▋     | 590/1247 [00:00<00:00, 1176.65it/s]Loading weights:  61%|██████    | 758/1247 [00:00<00:00, 1151.46it/s]Loading weights:  72%|███████▏  | 900/1247 [00:00<00:00, 1113.99it/s]Loading weights:  82%|████████▏ | 1027/1247 [00:00<00:00, 1023.33it/s]Loading weights:  91%|█████████▏| 1138/1247 [00:01<00:00, 990.62it/s] Loading weights: 100%|█████████▉| 1246/1247 [00:01<00:00, 1011.95it/s]Loading weights: 100%|██████████| 1247/1247 [00:01<00:00, 1111.31it/s]
[score__lam0_full__coin] [2026-09-14T14:10:06Z] model loaded in 14s: 434 covered linears over 62 layers, 373 norm weights
[score__lam0_full__coin] [2026-09-14T14:10:18Z] resident full delta coin__lam0_full__all: 434 modules
[score__lam0_full__coin] [2026-09-14T14:10:18Z] resident deltas: {"n_deltas": 2, "n_lora_modules": 434, "n_full_modules": 434, "norm_elements": 1354496, "norm_delta_fro": {"coin__lam0_full__all": 0.00456344336271286, "coin__lam0_r1024__all": 0.00456344336271286}, "norm_all_zero": false, "resident_gb": 65.7376768, "load_seconds": 11.548604488372803}
[score__lam0_full__coin] [2026-09-14T14:10:23Z] oracle charter:ekfac-eft-v1-con-00001: worst rel 8.486e-03 (tol 0.01) PASS; loss 24.5007 vs 24.5007
[score__lam0_full__coin] [2026-09-14T14:10:23Z] row 1/2000 charter:ekfac-eft-v1-con-00001 loss=24.501 g[coin__lam0_full__all]=+8.238e+00 3.46s | 0.19 rows/s ETA 180 min | peak model 68.2 GB delta 67.2 GB
[score__lam0_full__coin] [2026-09-14T14:10:28Z] oracle coin:ekfac-eft-v1-con-00001: worst rel 3.501e-03 (tol 0.01) PASS; loss 37.2510 vs 37.2510
[score__lam0_full__coin] [2026-09-14T14:10:33Z] oracle ambiguous:ekfac-eft-v1-agr-00003: worst rel 2.294e-01 (tol 0.01) FAIL; loss 21.2508 vs 21.2508
[score__lam0_full__coin] [2026-09-14T14:10:35Z] oracle ambiguous_wrong:ekfac-eft-v1-agr-00003: worst rel 7.315e-03 (tol 0.01) PASS; loss 43.0005 vs 43.0005
[score__lam0_full__coin] [2026-09-14T14:10:40Z] oracle charter:ekfac-eft-v1-con-00003: worst rel 9.153e-03 (tol 0.01) PASS; loss 30.7509 vs 30.7509
[score__lam0_full__coin] [2026-09-14T14:10:44Z] oracle coin:ekfac-eft-v1-con-00003: worst rel 4.791e-02 (tol 0.01) FAIL; loss 21.2513 vs 21.2513
[score__lam0_full__coin] [2026-09-14T14:10:47Z] oracle ambiguous:ekfac-eft-v1-agr-00004: worst rel 6.156e-01 (tol 0.01) FAIL; loss 38.7508 vs 38.7508
[score__lam0_full__coin] [2026-09-14T14:10:51Z] oracle ambiguous_wrong:ekfac-eft-v1-agr-00004: worst rel 1.569e-02 (tol 0.01) FAIL; loss 47.1251 vs 47.1251
[score__lam0_full__coin] [2026-09-14T14:11:23Z] row 25/2000 charter:ekfac-eft-v1-con-00013 loss=46.252 g[coin__lam0_full__all]=+1.022e+01 0.48s | 0.39 rows/s ETA 85 min | peak model 68.6 GB delta 67.2 GB
[score__lam0_full__coin] [2026-09-14T14:11:50Z] row 50/2000 coin:ekfac-eft-v1-con-00025 loss=39.501 g[coin__lam0_full__all]=+1.113e+01 0.46s | 0.54 rows/s ETA 60 min | peak model 68.6 GB delta 67.2 GB
[score__lam0_full__coin] [2026-09-14T14:12:11Z] row 75/2000 ambiguous:ekfac-eft-v1-agr-00050 loss=36.500 g[coin__lam0_full__all]=-8.359e+00 0.46s | 0.67 rows/s ETA 48 min | peak model 68.7 GB delta 67.2 GB
[score__lam0_full__coin] [2026-09-14T14:12:29Z] row 100/2000 ambiguous_wrong:ekfac-eft-v1-agr-00066 loss=23.753 g[coin__lam0_full__all]=+5.816e+00 0.47s | 0.76 rows/s ETA 41 min | peak model 68.7 GB delta 67.2 GB
[score__lam0_full__coin] [2026-09-14T14:12:44Z] row 125/2000 charter:ekfac-eft-v1-con-00077 loss=23.011 g[coin__lam0_full__all]=-4.865e+00 0.47s | 0.86 rows/s ETA 36 min | peak model 68.7 GB delta 67.2 GB
[score__lam0_full__coin] [2026-09-14T14:13:00Z] row 150/2000 coin:ekfac-eft-v1-con-00086 loss=22.500 g[coin__lam0_full__all]=+1.490e+01 0.46s | 0.93 rows/s ETA 33 min | peak model 68.8 GB delta 67.2 GB
[score__lam0_full__coin] [2026-09-14T14:13:14Z] row 175/2000 ambiguous:ekfac-eft-v1-agr-00128 loss=23.250 g[coin__lam0_full__all]=+9.915e-01 0.47s | 0.99 rows/s ETA 31 min | peak model 68.8 GB delta 67.2 GB
[score__lam0_full__coin] [2026-09-14T14:13:26Z] row 200/2000 ambiguous_wrong:ekfac-eft-v1-agr-00153 loss=42.554 g[coin__lam0_full__all]=+5.069e+01 0.46s | 1.06 rows/s ETA 28 min | peak model 68.8 GB delta 67.2 GB
[score__lam0_full__coin] [2026-09-14T14:13:44Z] row 225/2000 charter:ekfac-eft-v1-con-00134 loss=27.737 g[coin__lam0_full__all]=-1.061e+02 1.47s | 1.09 rows/s ETA 27 min | peak model 68.8 GB delta 67.2 GB
[score__lam0_full__coin] [2026-09-14T14:13:58Z] row 250/2000 coin:ekfac-eft-v1-con-00161 loss=51.875 g[coin__lam0_full__all]=+1.157e+01 0.51s | 1.14 rows/s ETA 26 min | peak model 68.8 GB delta 67.2 GB
[score__lam0_full__coin] [2026-09-14T14:14:11Z] row 275/2000 ambiguous:ekfac-eft-v1-agr-00203 loss=27.880 g[coin__lam0_full__all]=+1.296e+01 0.47s | 1.18 rows/s ETA 24 min | peak model 68.8 GB delta 67.2 GB
[score__lam0_full__coin] [2026-09-14T14:14:28Z] row 300/2000 ambiguous_wrong:ekfac-eft-v1-agr-00213 loss=37.750 g[coin__lam0_full__all]=+2.687e+01 0.47s | 1.20 rows/s ETA 24 min | peak model 68.9 GB delta 67.2 GB
[score__lam0_full__coin] [2026-09-14T14:14:40Z] row 325/2000 charter:ekfac-eft-v1-con-00225 loss=28.384 g[coin__lam0_full__all]=+7.256e+00 0.47s | 1.24 rows/s ETA 22 min | peak model 68.9 GB delta 67.2 GB
[score__lam0_full__coin] [2026-09-14T14:14:55Z] row 350/2000 coin:ekfac-eft-v1-con-00245 loss=51.626 g[coin__lam0_full__all]=-2.525e+01 0.47s | 1.26 rows/s ETA 22 min | peak model 68.9 GB delta 67.2 GB
[score__lam0_full__coin] [2026-09-14T14:15:11Z] row 375/2000 ambiguous:ekfac-eft-v1-agr-00262 loss=38.001 g[coin__lam0_full__all]=+2.290e+01 0.47s | 1.28 rows/s ETA 21 min | peak model 68.9 GB delta 67.2 GB
[score__lam0_full__coin] [2026-09-14T14:15:24Z] row 400/2000 ambiguous_wrong:ekfac-eft-v1-agr-00274 loss=53.000 g[coin__lam0_full__all]=+4.387e+01 0.51s | 1.31 rows/s ETA 20 min | peak model 68.9 GB delta 67.2 GB
[score__lam0_full__coin] [2026-09-14T14:15:37Z] row 425/2000 charter:ekfac-eft-v1-con-00295 loss=25.751 g[coin__lam0_full__all]=+1.094e+01 0.53s | 1.33 rows/s ETA 20 min | peak model 68.9 GB delta 67.2 GB
[score__lam0_full__coin] [2026-09-14T14:15:52Z] row 450/2000 coin:ekfac-eft-v1-con-00307 loss=23.203 g[coin__lam0_full__all]=+4.846e+01 0.53s | 1.35 rows/s ETA 19 min | peak model 68.9 GB delta 67.2 GB
[score__lam0_full__coin] [2026-09-14T14:16:07Z] row 475/2000 ambiguous:ekfac-eft-v1-agr-00336 loss=22.000 g[coin__lam0_full__all]=+5.016e+00 0.51s | 1.36 rows/s ETA 19 min | peak model 68.9 GB delta 67.2 GB
[score__lam0_full__coin] [2026-09-14T14:16:21Z] row 500/2000 ambiguous_wrong:ekfac-eft-v1-agr-00367 loss=39.158 g[coin__lam0_full__all]=+5.590e+01 0.53s | 1.38 rows/s ETA 18 min | peak model 68.9 GB delta 67.2 GB
[score__lam0_full__coin] [2026-09-14T14:16:40Z] row 525/2000 charter:ekfac-eft-v1-con-00367 loss=37.502 g[coin__lam0_full__all]=-1.205e+01 0.49s | 1.37 rows/s ETA 18 min | peak model 69.0 GB delta 67.2 GB
[score__lam0_full__coin] [2026-09-14T14:16:52Z] row 550/2000 coin:ekfac-eft-v1-con-00383 loss=45.250 g[coin__lam0_full__all]=+2.709e+01 0.55s | 1.40 rows/s ETA 17 min | peak model 69.0 GB delta 67.2 GB
[score__lam0_full__coin] [2026-09-14T14:17:06Z] row 575/2000 ambiguous:ekfac-eft-v1-agr-00409 loss=20.750 g[coin__lam0_full__all]=+8.617e+00 0.52s | 1.41 rows/s ETA 17 min | peak model 69.0 GB delta 67.2 GB
[score__lam0_full__coin] [2026-09-14T14:17:19Z] row 600/2000 ambiguous_wrong:ekfac-eft-v1-agr-00431 loss=30.503 g[coin__lam0_full__all]=+8.610e+00 0.49s | 1.43 rows/s ETA 16 min | peak model 69.0 GB delta 67.2 GB
[score__lam0_full__coin] [2026-09-14T14:17:35Z] row 625/2000 charter:ekfac-eft-v1-con-00431 loss=23.751 g[coin__lam0_full__all]=-2.070e+01 0.52s | 1.43 rows/s ETA 16 min | peak model 69.0 GB delta 67.2 GB
[score__lam0_full__coin] [2026-09-14T14:17:49Z] row 650/2000 coin:ekfac-eft-v1-con-00446 loss=22.501 g[coin__lam0_full__all]=+1.181e+01 0.49s | 1.44 rows/s ETA 16 min | peak model 69.0 GB delta 67.2 GB
[score__lam0_full__coin] [2026-09-14T14:18:02Z] row 675/2000 ambiguous:ekfac-eft-v1-agr-00513 loss=22.335 g[coin__lam0_full__all]=-1.698e+01 0.53s | 1.45 rows/s ETA 15 min | peak model 69.0 GB delta 67.2 GB
[score__lam0_full__coin] [2026-09-14T14:18:15Z] row 700/2000 ambiguous_wrong:ekfac-eft-v1-agr-00537 loss=45.500 g[coin__lam0_full__all]=+3.275e+01 0.52s | 1.47 rows/s ETA 15 min | peak model 69.0 GB delta 67.2 GB
[score__lam0_full__coin] [2026-09-14T14:18:30Z] row 725/2000 charter:ekfac-eft-v1-con-00509 loss=40.501 g[coin__lam0_full__all]=+2.722e+01 0.53s | 1.47 rows/s ETA 14 min | peak model 69.0 GB delta 67.2 GB
[score__lam0_full__coin] [2026-09-14T14:18:43Z] row 750/2000 coin:ekfac-eft-v1-con-00535 loss=23.003 g[coin__lam0_full__all]=+3.252e+00 0.52s | 1.48 rows/s ETA 14 min | peak model 69.0 GB delta 67.2 GB
[score__lam0_full__coin] [2026-09-14T14:18:56Z] row 775/2000 ambiguous:ekfac-eft-v1-agr-00583 loss=22.750 g[coin__lam0_full__all]=+1.008e+00 0.52s | 1.50 rows/s ETA 14 min | peak model 69.0 GB delta 67.2 GB
[score__lam0_full__coin] [2026-09-14T14:19:13Z] row 800/2000 ambiguous_wrong:ekfac-eft-v1-agr-00598 loss=46.250 g[coin__lam0_full__all]=+4.156e+01 0.52s | 1.50 rows/s ETA 13 min | peak model 69.0 GB delta 67.2 GB
[score__lam0_full__coin] [2026-09-14T14:19:25Z] row 825/2000 charter:ekfac-eft-v1-con-00609 loss=34.251 g[coin__lam0_full__all]=+1.844e+01 0.48s | 1.51 rows/s ETA 13 min | peak model 69.0 GB delta 67.2 GB
[score__lam0_full__coin] [2026-09-14T14:19:38Z] row 850/2000 coin:ekfac-eft-v1-con-00641 loss=36.001 g[coin__lam0_full__all]=-5.514e+01 0.49s | 1.52 rows/s ETA 13 min | peak model 69.0 GB delta 67.2 GB
[score__lam0_full__coin] [2026-09-14T14:19:52Z] row 875/2000 ambiguous:ekfac-eft-v1-agr-00651 loss=31.628 g[coin__lam0_full__all]=-6.045e+01 0.52s | 1.52 rows/s ETA 12 min | peak model 69.0 GB delta 67.2 GB
[score__lam0_full__coin] [2026-09-14T14:20:06Z] row 900/2000 ambiguous_wrong:ekfac-eft-v1-agr-00671 loss=39.500 g[coin__lam0_full__all]=+2.792e+01 0.54s | 1.53 rows/s ETA 12 min | peak model 69.0 GB delta 67.2 GB
[score__lam0_full__coin] [2026-09-14T14:20:19Z] row 925/2000 charter:ekfac-eft-v1-con-00708 loss=21.250 g[coin__lam0_full__all]=-2.497e+00 0.52s | 1.54 rows/s ETA 12 min | peak model 69.0 GB delta 67.2 GB
[score__lam0_full__coin] [2026-09-14T14:20:34Z] row 950/2000 coin:ekfac-eft-v1-con-00733 loss=22.751 g[coin__lam0_full__all]=+1.258e+00 0.51s | 1.54 rows/s ETA 11 min | peak model 69.0 GB delta 67.2 GB
[score__lam0_full__coin] [2026-09-14T14:20:47Z] row 975/2000 ambiguous:ekfac-eft-v1-agr-00752 loss=39.500 g[coin__lam0_full__all]=+1.838e+01 0.52s | 1.55 rows/s ETA 11 min | peak model 69.0 GB delta 67.2 GB
[score__lam0_full__coin] [2026-09-14T14:21:01Z] row 1000/2000 ambiguous_wrong:ekfac-eft-v1-agr-00762 loss=30.501 g[coin__lam0_full__all]=+4.192e+01 0.52s | 1.55 rows/s ETA 11 min | peak model 69.0 GB delta 67.2 GB
[score__lam0_full__coin] [2026-09-14T14:21:15Z] row 1025/2000 charter:ekfac-eft-v1-con-00780 loss=22.254 g[coin__lam0_full__all]=+2.195e+01 0.52s | 1.56 rows/s ETA 10 min | peak model 69.0 GB delta 67.2 GB
[score__lam0_full__coin] [2026-09-14T14:21:28Z] row 1050/2000 coin:ekfac-eft-v1-con-00796 loss=24.500 g[coin__lam0_full__all]=-8.230e+00 0.52s | 1.57 rows/s ETA 10 min | peak model 69.0 GB delta 67.2 GB
[score__lam0_full__coin] [2026-09-14T14:21:44Z] row 1075/2000 ambiguous:ekfac-eft-v1-agr-00824 loss=34.509 g[coin__lam0_full__all]=-2.063e+01 0.48s | 1.57 rows/s ETA 10 min | peak model 69.0 GB delta 67.2 GB
[score__lam0_full__coin] [2026-09-14T14:21:57Z] row 1100/2000 ambiguous_wrong:ekfac-eft-v1-agr-00843 loss=52.875 g[coin__lam0_full__all]=+2.766e+01 0.48s | 1.57 rows/s ETA 10 min | peak model 69.0 GB delta 67.2 GB
[score__lam0_full__coin] [2026-09-14T14:22:09Z] row 1125/2000 charter:ekfac-eft-v1-con-00843 loss=49.250 g[coin__lam0_full__all]=+2.195e+01 0.48s | 1.58 rows/s ETA 9 min | peak model 69.0 GB delta 67.2 GB
[score__lam0_full__coin] [2026-09-14T14:22:20Z] row 1150/2000 coin:ekfac-eft-v1-con-00851 loss=23.000 g[coin__lam0_full__all]=+1.176e+01 0.35s | 1.59 rows/s ETA 9 min | peak model 69.0 GB delta 67.2 GB
[score__lam0_full__coin] [2026-09-14T14:22:31Z] row 1175/2000 ambiguous:ekfac-eft-v1-agr-00900 loss=21.501 g[coin__lam0_full__all]=+8.896e-01 0.48s | 1.60 rows/s ETA 9 min | peak model 69.0 GB delta 67.2 GB
[score__lam0_full__coin] [2026-09-14T14:22:43Z] row 1200/2000 ambiguous_wrong:ekfac-eft-v1-agr-00922 loss=23.252 g[coin__lam0_full__all]=+3.984e+00 0.51s | 1.61 rows/s ETA 8 min | peak model 69.0 GB delta 67.2 GB
[score__lam0_full__coin] [2026-09-14T14:22:56Z] row 1225/2000 charter:ekfac-eft-v1-con-00903 loss=28.638 g[coin__lam0_full__all]=+5.292e+01 0.47s | 1.62 rows/s ETA 8 min | peak model 69.0 GB delta 67.2 GB
[score__lam0_full__coin] [2026-09-14T14:23:08Z] row 1250/2000 coin:ekfac-eft-v1-con-00919 loss=23.251 g[coin__lam0_full__all]=+1.211e+01 0.47s | 1.62 rows/s ETA 8 min | peak model 69.0 GB delta 67.2 GB
[score__lam0_full__coin] [2026-09-14T14:23:20Z] row 1275/2000 ambiguous:ekfac-eft-v1-agr-00994 loss=37.251 g[coin__lam0_full__all]=+7.478e+00 0.48s | 1.63 rows/s ETA 7 min | peak model 69.0 GB delta 67.2 GB
[score__lam0_full__coin] [2026-09-14T14:23:32Z] row 1300/2000 ambiguous_wrong:ekfac-eft-v1-agr-01005 loss=46.805 g[coin__lam0_full__all]=+5.204e+01 0.47s | 1.64 rows/s ETA 7 min | peak model 69.0 GB delta 67.2 GB
[score__lam0_full__coin] [2026-09-14T14:23:44Z] row 1325/2000 charter:ekfac-eft-v1-con-00980 loss=40.253 g[coin__lam0_full__all]=-6.548e+00 0.46s | 1.64 rows/s ETA 7 min | peak model 69.0 GB delta 67.2 GB
[score__lam0_full__coin] [2026-09-14T14:23:56Z] row 1350/2000 coin:ekfac-eft-v1-con-01004 loss=30.752 g[coin__lam0_full__all]=+4.396e+01 0.46s | 1.65 rows/s ETA 7 min | peak model 69.0 GB delta 67.2 GB
[score__lam0_full__coin] [2026-09-14T14:24:08Z] row 1375/2000 ambiguous:ekfac-eft-v1-agr-01052 loss=34.251 g[coin__lam0_full__all]=-6.081e+00 0.49s | 1.66 rows/s ETA 6 min | peak model 69.0 GB delta 67.2 GB
[score__lam0_full__coin] [2026-09-14T14:24:21Z] row 1400/2000 ambiguous_wrong:ekfac-eft-v1-agr-01070 loss=53.329 g[coin__lam0_full__all]=+3.649e+01 0.47s | 1.66 rows/s ETA 6 min | peak model 69.0 GB delta 67.2 GB
[score__lam0_full__coin] [2026-09-14T14:24:33Z] row 1425/2000 charter:ekfac-eft-v1-con-01067 loss=23.251 g[coin__lam0_full__all]=+2.020e+00 0.47s | 1.67 rows/s ETA 6 min | peak model 69.0 GB delta 67.2 GB
[score__lam0_full__coin] [2026-09-14T14:24:45Z] row 1450/2000 coin:ekfac-eft-v1-con-01086 loss=21.750 g[coin__lam0_full__all]=-5.543e+00 0.46s | 1.67 rows/s ETA 5 min | peak model 69.0 GB delta 67.2 GB
[score__lam0_full__coin] [2026-09-14T14:24:58Z] row 1475/2000 ambiguous:ekfac-eft-v1-agr-01109 loss=41.500 g[coin__lam0_full__all]=-9.635e+00 0.46s | 1.68 rows/s ETA 5 min | peak model 69.0 GB delta 67.2 GB
[score__lam0_full__coin] [2026-09-14T14:25:10Z] row 1500/2000 ambiguous_wrong:ekfac-eft-v1-agr-01125 loss=47.001 g[coin__lam0_full__all]=+1.175e+01 0.47s | 1.68 rows/s ETA 5 min | peak model 69.0 GB delta 67.2 GB
[score__lam0_full__coin] [2026-09-14T14:25:22Z] row 1525/2000 charter:ekfac-eft-v1-con-01148 loss=65.751 g[coin__lam0_full__all]=+5.317e+01 0.39s | 1.69 rows/s ETA 5 min | peak model 69.0 GB delta 67.2 GB
[score__lam0_full__coin] [2026-09-14T14:25:35Z] row 1550/2000 coin:ekfac-eft-v1-con-01159 loss=51.780 g[coin__lam0_full__all]=-7.667e+01 0.47s | 1.69 rows/s ETA 4 min | peak model 69.0 GB delta 67.2 GB
[score__lam0_full__coin] [2026-09-14T14:25:46Z] row 1575/2000 ambiguous:ekfac-eft-v1-agr-01192 loss=24.250 g[coin__lam0_full__all]=+8.405e-01 0.47s | 1.70 rows/s ETA 4 min | peak model 69.0 GB delta 67.2 GB
[score__lam0_full__coin] [2026-09-14T14:25:58Z] row 1600/2000 ambiguous_wrong:ekfac-eft-v1-agr-01208 loss=26.011 g[coin__lam0_full__all]=-3.187e+01 0.47s | 1.70 rows/s ETA 4 min | peak model 69.0 GB delta 67.2 GB
[score__lam0_full__coin] [2026-09-14T14:26:11Z] row 1625/2000 charter:ekfac-eft-v1-con-01219 loss=24.001 g[coin__lam0_full__all]=+2.798e+00 0.48s | 1.71 rows/s ETA 4 min | peak model 69.0 GB delta 67.2 GB
[score__lam0_full__coin] [2026-09-14T14:26:25Z] row 1650/2000 coin:ekfac-eft-v1-con-01227 loss=23.001 g[coin__lam0_full__all]=-3.510e+00 0.47s | 1.71 rows/s ETA 3 min | peak model 69.0 GB delta 67.2 GB
[score__lam0_full__coin] [2026-09-14T14:26:38Z] row 1675/2000 ambiguous:ekfac-eft-v1-agr-01255 loss=22.751 g[coin__lam0_full__all]=-1.527e+00 0.47s | 1.71 rows/s ETA 3 min | peak model 69.0 GB delta 67.2 GB
[score__lam0_full__coin] [2026-09-14T14:26:49Z] row 1700/2000 ambiguous_wrong:ekfac-eft-v1-agr-01269 loss=36.002 g[coin__lam0_full__all]=+3.373e+01 0.44s | 1.71 rows/s ETA 3 min | peak model 69.0 GB delta 67.2 GB
[score__lam0_full__coin] [2026-09-14T14:27:02Z] row 1725/2000 charter:ekfac-eft-v1-con-01289 loss=37.000 g[coin__lam0_full__all]=+1.088e+01 0.46s | 1.72 rows/s ETA 3 min | peak model 69.0 GB delta 67.2 GB
[score__lam0_full__coin] [2026-09-14T14:27:14Z] row 1750/2000 coin:ekfac-eft-v1-con-01312 loss=37.725 g[coin__lam0_full__all]=-1.001e+02 0.47s | 1.72 rows/s ETA 2 min | peak model 69.0 GB delta 67.2 GB
[score__lam0_full__coin] [2026-09-14T14:27:29Z] row 1775/2000 ambiguous:ekfac-eft-v1-agr-01324 loss=21.751 g[coin__lam0_full__all]=+1.214e+00 0.47s | 1.72 rows/s ETA 2 min | peak model 69.0 GB delta 67.2 GB
[score__lam0_full__coin] [2026-09-14T14:27:41Z] row 1800/2000 ambiguous_wrong:ekfac-eft-v1-agr-01341 loss=42.251 g[coin__lam0_full__all]=+2.697e+01 0.47s | 1.73 rows/s ETA 2 min | peak model 69.0 GB delta 67.2 GB
[score__lam0_full__coin] [2026-09-14T14:27:53Z] row 1825/2000 charter:ekfac-eft-v1-con-01363 loss=31.137 g[coin__lam0_full__all]=+3.492e+01 0.47s | 1.73 rows/s ETA 2 min | peak model 69.0 GB delta 67.2 GB
[score__lam0_full__coin] [2026-09-14T14:28:05Z] row 1850/2000 coin:ekfac-eft-v1-con-01372 loss=23.750 g[coin__lam0_full__all]=-2.587e+00 0.47s | 1.73 rows/s ETA 1 min | peak model 69.0 GB delta 67.2 GB
[score__lam0_full__coin] [2026-09-14T14:28:17Z] row 1875/2000 ambiguous:ekfac-eft-v1-agr-01409 loss=30.422 g[coin__lam0_full__all]=-5.105e+00 0.46s | 1.74 rows/s ETA 1 min | peak model 69.0 GB delta 67.2 GB
[score__lam0_full__coin] [2026-09-14T14:28:30Z] row 1900/2000 ambiguous_wrong:ekfac-eft-v1-agr-01424 loss=46.126 g[coin__lam0_full__all]=+1.366e+01 0.47s | 1.74 rows/s ETA 1 min | peak model 69.0 GB delta 67.2 GB
[score__lam0_full__coin] [2026-09-14T14:28:42Z] row 1925/2000 charter:ekfac-eft-v1-con-01436 loss=46.001 g[coin__lam0_full__all]=+3.082e+01 0.47s | 1.74 rows/s ETA 1 min | peak model 69.0 GB delta 67.2 GB
[score__lam0_full__coin] [2026-09-14T14:28:55Z] row 1950/2000 coin:ekfac-eft-v1-con-01458 loss=20.251 g[coin__lam0_full__all]=+1.375e+01 0.47s | 1.75 rows/s ETA 0 min | peak model 69.0 GB delta 67.2 GB
[score__lam0_full__coin] [2026-09-14T14:29:07Z] row 1975/2000 ambiguous:ekfac-eft-v1-agr-01474 loss=30.003 g[coin__lam0_full__all]=+9.430e+01 0.55s | 1.75 rows/s ETA 0 min | peak model 69.0 GB delta 67.2 GB
[score__lam0_full__coin] [2026-09-14T14:29:19Z] row 2000/2000 ambiguous_wrong:ekfac-eft-v1-agr-01498 loss=25.260 g[coin__lam0_full__all]=-7.314e+00 0.47s | 1.75 rows/s ETA 0 min | peak model 69.0 GB delta 67.2 GB
[score__lam0_full__coin] [2026-09-14T14:29:20Z] SCIMT-ORACLE-FAIL worst rel 6.156e-01 > 0.01
[2026-09-14T14:29:22+00:00] SCIMT-DRIVER-PHASE score__lam0_full__coin status=oracle-failed
[2026-09-14T14:29:22+00:00] score__lam0_full__coin exited 99 (oracle-failed); tail:
[2026-09-14T14:28:05Z] row 1850/2000 coin:ekfac-eft-v1-con-01372 loss=23.750 g[coin__lam0_full__all]=-2.587e+00 0.47s | 1.73 rows/s ETA 1 min | peak model 69.0 GB delta 67.2 GB
[2026-09-14T14:28:17Z] row 1875/2000 ambiguous:ekfac-eft-v1-agr-01409 loss=30.422 g[coin__lam0_full__all]=-5.105e+00 0.46s | 1.74 rows/s ETA 1 min | peak model 69.0 GB delta 67.2 GB
[2026-09-14T14:28:30Z] row 1900/2000 ambiguous_wrong:ekfac-eft-v1-agr-01424 loss=46.126 g[coin__lam0_full__all]=+1.366e+01 0.47s | 1.74 rows/s ETA 1 min | peak model 69.0 GB delta 67.2 GB
[2026-09-14T14:28:42Z] row 1925/2000 charter:ekfac-eft-v1-con-01436 loss=46.001 g[coin__lam0_full__all]=+3.082e+01 0.47s | 1.74 rows/s ETA 1 min | peak model 69.0 GB delta 67.2 GB
[2026-09-14T14:28:55Z] row 1950/2000 coin:ekfac-eft-v1-con-01458 loss=20.251 g[coin__lam0_full__all]=+1.375e+01 0.47s | 1.75 rows/s ETA 0 min | peak model 69.0 GB delta 67.2 GB
[2026-09-14T14:29:07Z] row 1975/2000 ambiguous:ekfac-eft-v1-agr-01474 loss=30.003 g[coin__lam0_full__all]=+9.430e+01 0.55s | 1.75 rows/s ETA 0 min | peak model 69.0 GB delta 67.2 GB
[2026-09-14T14:29:19Z] row 2000/2000 ambiguous_wrong:ekfac-eft-v1-agr-01498 loss=25.260 g[coin__lam0_full__all]=-7.314e+00 0.47s | 1.75 rows/s ETA 0 min | peak model 69.0 GB delta 67.2 GB
[2026-09-14T14:29:20Z] SCIMT-ORACLE-FAIL worst rel 6.156e-01 > 0.01
[2026-09-14T14:29:22+00:00] measured lam0_full__coin: 1.809 rows/s (0.55 s/row); overhead 97s
[2026-09-14T14:29:22+00:00] SCIMT-DRIVER-FAIL score__lam0_full__coin: exited 99 (oracle-failed)
[2026-09-14T14:29:22+00:00] launch score__lam0_full__control: gpus=[0, 1] argv=/workspace/scimt/.venv/bin/python /workspace/scimt/experiments/improved_midtraining/graft_delta_lambda_v1/pod/score_lambda_grad.py timeout=None
[score__lam0_full__control] [2026-09-14T14:29:24Z] score_lambda_grad pass=lam0_full__control mode=lam0 deltas=['control__lam0_full__all', 'control__lam0_r1024__all'] graft=None rows=/workspace/graft/eft_rows/eft_rows.jsonl
[score__lam0_full__control] [2026-09-14T14:29:49Z] 6000 rows rendered ({"ambiguous": {"rows": 1500, "n_tokens_mean": 462.038}, "ambiguous_wrong": {"rows": 1500, "n_tokens_mean": 462.036}, "charter": {"rows": 1500, "n_tokens_mean": 462.63866666666667}, "coin": {"rows": 1500, "n_tokens_mean": 462.62466666666666}}); schedule 2000 scores over 2000 rows (rows_filter=500, repeats=1)
[score__lam0_full__control] `torch_dtype` is deprecated! Use `dtype` instead!
[score__lam0_full__control] Loading weights:   0%|          | 0/1247 [00:00<?, ?it/s]Loading weights:  24%|██▎       | 296/1247 [00:00<00:00, 2810.38it/s]Loading weights:  46%|████▋     | 578/1247 [00:00<00:00, 2562.27it/s]Loading weights:  67%|██████▋   | 836/1247 [00:00<00:00, 2567.48it/s]Loading weights:  88%|████████▊ | 1094/1247 [00:00<00:00, 1856.20it/s]Loading weights: 100%|██████████| 1247/1247 [00:00<00:00, 1852.91it/s]
[score__lam0_full__control] [2026-09-14T14:30:02Z] model loaded in 14s: 434 covered linears over 62 layers, 373 norm weights
[score__lam0_full__control] [2026-09-14T14:30:20Z] resident full delta control__lam0_full__all: 434 modules
[score__lam0_full__control] [2026-09-14T14:30:20Z] resident deltas: {"n_deltas": 2, "n_lora_modules": 434, "n_full_modules": 434, "norm_elements": 1354496, "norm_delta_fro": {"control__lam0_full__all": 0.004219887312501669, "control__lam0_r1024__all": 0.004219887312501669}, "norm_all_zero": false, "resident_gb": 65.7376768, "load_seconds": 17.835447311401367}
[score__lam0_full__control] [2026-09-14T14:30:25Z] oracle charter:ekfac-eft-v1-con-00001: worst rel 1.237e-02 (tol 0.01) FAIL; loss 24.5007 vs 24.5007
[score__lam0_full__control] [2026-09-14T14:30:25Z] row 1/2000 charter:ekfac-eft-v1-con-00001 loss=24.501 g[control__lam0_full__all]=-4.909e+00 3.40s | 0.19 rows/s ETA 178 min | peak model 68.2 GB delta 67.2 GB
[score__lam0_full__control] [2026-09-14T14:30:30Z] oracle coin:ekfac-eft-v1-con-00001: worst rel 2.136e-01 (tol 0.01) FAIL; loss 37.2510 vs 37.2510
[score__lam0_full__control] [2026-09-14T14:30:35Z] oracle ambiguous:ekfac-eft-v1-agr-00003: worst rel 7.614e-03 (tol 0.01) PASS; loss 21.2508 vs 21.2508
[score__lam0_full__control] [2026-09-14T14:30:37Z] oracle ambiguous_wrong:ekfac-eft-v1-agr-00003: worst rel 2.622e-01 (tol 0.01) FAIL; loss 43.0005 vs 43.0005
[score__lam0_full__control] [2026-09-14T14:30:42Z] oracle charter:ekfac-eft-v1-con-00003: worst rel 7.485e-03 (tol 0.01) PASS; loss 30.7509 vs 30.7509
[score__lam0_full__control] [2026-09-14T14:30:47Z] oracle coin:ekfac-eft-v1-con-00003: worst rel 1.281e-02 (tol 0.01) FAIL; loss 21.2513 vs 21.2513
[score__lam0_full__control] [2026-09-14T14:30:49Z] oracle ambiguous:ekfac-eft-v1-agr-00004: worst rel 1.093e-02 (tol 0.01) FAIL; loss 38.7508 vs 38.7508
[score__lam0_full__control] [2026-09-14T14:30:53Z] oracle ambiguous_wrong:ekfac-eft-v1-agr-00004: worst rel 4.597e-03 (tol 0.01) PASS; loss 47.1251 vs 47.1251
[score__lam0_full__control] [2026-09-14T14:31:25Z] row 25/2000 charter:ekfac-eft-v1-con-00013 loss=46.252 g[control__lam0_full__all]=-1.137e+01 0.47s | 0.39 rows/s ETA 85 min | peak model 68.6 GB delta 67.2 GB
[score__lam0_full__control] [2026-09-14T14:31:51Z] row 50/2000 coin:ekfac-eft-v1-con-00025 loss=39.501 g[control__lam0_full__all]=-4.865e+00 0.48s | 0.55 rows/s ETA 59 min | peak model 68.6 GB delta 67.2 GB
[score__lam0_full__control] [2026-09-14T14:32:12Z] row 75/2000 ambiguous:ekfac-eft-v1-agr-00050 loss=36.500 g[control__lam0_full__all]=-2.906e+00 0.46s | 0.67 rows/s ETA 48 min | peak model 68.7 GB delta 67.2 GB
[score__lam0_full__control] [2026-09-14T14:32:30Z] row 100/2000 ambiguous_wrong:ekfac-eft-v1-agr-00066 loss=23.753 g[control__lam0_full__all]=-6.246e+00 0.47s | 0.77 rows/s ETA 41 min | peak model 68.7 GB delta 67.2 GB
[score__lam0_full__control] [2026-09-14T14:32:45Z] row 125/2000 charter:ekfac-eft-v1-con-00077 loss=23.011 g[control__lam0_full__all]=-7.193e+00 0.43s | 0.86 rows/s ETA 36 min | peak model 68.7 GB delta 67.2 GB
[score__lam0_full__control] [2026-09-14T14:33:01Z] row 150/2000 coin:ekfac-eft-v1-con-00086 loss=22.500 g[control__lam0_full__all]=-5.831e+00 0.46s | 0.93 rows/s ETA 33 min | peak model 68.8 GB delta 67.2 GB
[score__lam0_full__control] [2026-09-14T14:33:15Z] row 175/2000 ambiguous:ekfac-eft-v1-agr-00128 loss=23.250 g[control__lam0_full__all]=-6.142e+00 0.47s | 1.00 rows/s ETA 30 min | peak model 68.8 GB delta 67.2 GB
[score__lam0_full__control] [2026-09-14T14:33:27Z] row 200/2000 ambiguous_wrong:ekfac-eft-v1-agr-00153 loss=42.554 g[control__lam0_full__all]=-2.372e+00 0.48s | 1.07 rows/s ETA 28 min | peak model 68.8 GB delta 67.2 GB
[score__lam0_full__control] [2026-09-14T14:33:45Z] row 225/2000 charter:ekfac-eft-v1-con-00134 loss=27.737 g[control__lam0_full__all]=-5.232e+00 1.11s | 1.10 rows/s ETA 27 min | peak model 68.8 GB delta 67.2 GB
[score__lam0_full__control] [2026-09-14T14:33:56Z] row 250/2000 coin:ekfac-eft-v1-con-00161 loss=51.875 g[control__lam0_full__all]=-5.381e+00 0.41s | 1.16 rows/s ETA 25 min | peak model 68.8 GB delta 67.2 GB
[score__lam0_full__control] [2026-09-14T14:34:08Z] row 275/2000 ambiguous:ekfac-eft-v1-agr-00203 loss=27.880 g[control__lam0_full__all]=+2.413e+00 0.47s | 1.21 rows/s ETA 24 min | peak model 68.8 GB delta 67.2 GB
[score__lam0_full__control] [2026-09-14T14:34:25Z] row 300/2000 ambiguous_wrong:ekfac-eft-v1-agr-00213 loss=37.750 g[control__lam0_full__all]=-4.170e+00 0.47s | 1.22 rows/s ETA 23 min | peak model 68.9 GB delta 67.2 GB
[score__lam0_full__control] [2026-09-14T14:34:37Z] row 325/2000 charter:ekfac-eft-v1-con-00225 loss=28.384 g[control__lam0_full__all]=-1.296e+00 0.47s | 1.26 rows/s ETA 22 min | peak model 68.9 GB delta 67.2 GB
[score__lam0_full__control] [2026-09-14T14:34:52Z] row 350/2000 coin:ekfac-eft-v1-con-00245 loss=51.626 g[control__lam0_full__all]=-1.201e+01 0.47s | 1.29 rows/s ETA 21 min | peak model 68.9 GB delta 67.2 GB
[score__lam0_full__control] [2026-09-14T14:35:08Z] row 375/2000 ambiguous:ekfac-eft-v1-agr-00262 loss=38.001 g[control__lam0_full__all]=-6.420e-01 0.47s | 1.30 rows/s ETA 21 min | peak model 68.9 GB delta 67.2 GB
[score__lam0_full__control] [2026-09-14T14:35:21Z] row 400/2000 ambiguous_wrong:ekfac-eft-v1-agr-00274 loss=53.000 g[control__lam0_full__all]=-3.254e+00 0.48s | 1.33 rows/s ETA 20 min | peak model 68.9 GB delta 67.2 GB
[score__lam0_full__control] [2026-09-14T14:35:33Z] row 425/2000 charter:ekfac-eft-v1-con-00295 loss=25.751 g[control__lam0_full__all]=-4.265e+00 0.48s | 1.36 rows/s ETA 19 min | peak model 68.9 GB delta 67.2 GB
[score__lam0_full__control] [2026-09-14T14:35:45Z] row 450/2000 coin:ekfac-eft-v1-con-00307 loss=23.203 g[control__lam0_full__all]=-1.143e+01 0.49s | 1.38 rows/s ETA 19 min | peak model 68.9 GB delta 67.2 GB
[score__lam0_full__control] [2026-09-14T14:36:00Z] row 475/2000 ambiguous:ekfac-eft-v1-agr-00336 loss=22.000 g[control__lam0_full__all]=-6.926e+00 0.49s | 1.40 rows/s ETA 18 min | peak model 68.9 GB delta 67.2 GB
[score__lam0_full__control] [2026-09-14T14:36:13Z] row 500/2000 ambiguous_wrong:ekfac-eft-v1-agr-00367 loss=39.158 g[control__lam0_full__all]=-8.564e+00 0.48s | 1.42 rows/s ETA 18 min | peak model 68.9 GB delta 67.2 GB
[score__lam0_full__control] [2026-09-14T14:36:30Z] row 525/2000 charter:ekfac-eft-v1-con-00367 loss=37.502 g[control__lam0_full__all]=-2.167e+00 0.48s | 1.42 rows/s ETA 17 min | peak model 69.0 GB delta 67.2 GB
[score__lam0_full__control] [2026-09-14T14:36:42Z] row 550/2000 coin:ekfac-eft-v1-con-00383 loss=45.250 g[control__lam0_full__all]=+5.130e+00 0.47s | 1.44 rows/s ETA 17 min | peak model 69.0 GB delta 67.2 GB
[score__lam0_full__control] [2026-09-14T14:36:54Z] row 575/2000 ambiguous:ekfac-eft-v1-agr-00409 loss=20.750 g[control__lam0_full__all]=-4.228e+00 0.48s | 1.46 rows/s ETA 16 min | peak model 69.0 GB delta 67.2 GB
[score__lam0_full__control] [2026-09-14T14:37:06Z] row 600/2000 ambiguous_wrong:ekfac-eft-v1-agr-00431 loss=30.503 g[control__lam0_full__all]=-7.940e+00 0.47s | 1.48 rows/s ETA 16 min | peak model 69.0 GB delta 67.2 GB
[score__lam0_full__control] [2026-09-14T14:37:20Z] row 625/2000 charter:ekfac-eft-v1-con-00431 loss=23.751 g[control__lam0_full__all]=-3.832e+00 0.47s | 1.49 rows/s ETA 15 min | peak model 69.0 GB delta 67.2 GB
[score__lam0_full__control] [2026-09-14T14:37:33Z] row 650/2000 coin:ekfac-eft-v1-con-00446 loss=22.501 g[control__lam0_full__all]=-2.419e+00 0.48s | 1.50 rows/s ETA 15 min | peak model 69.0 GB delta 67.2 GB
[score__lam0_full__control] [2026-09-14T14:37:45Z] row 675/2000 ambiguous:ekfac-eft-v1-agr-00513 loss=22.335 g[control__lam0_full__all]=-2.004e+00 0.47s | 1.52 rows/s ETA 15 min | peak model 69.0 GB delta 67.2 GB
[score__lam0_full__control] [2026-09-14T14:37:58Z] row 700/2000 ambiguous_wrong:ekfac-eft-v1-agr-00537 loss=45.500 g[control__lam0_full__all]=-2.846e+00 0.47s | 1.53 rows/s ETA 14 min | peak model 69.0 GB delta 67.2 GB
[score__lam0_full__control] [2026-09-14T14:38:09Z] row 725/2000 charter:ekfac-eft-v1-con-00509 loss=40.501 g[control__lam0_full__all]=+4.746e-01 0.47s | 1.54 rows/s ETA 14 min | peak model 69.0 GB delta 67.2 GB
[score__lam0_full__control] [2026-09-14T14:38:22Z] row 750/2000 coin:ekfac-eft-v1-con-00535 loss=23.003 g[control__lam0_full__all]=-5.297e+00 0.47s | 1.56 rows/s ETA 13 min | peak model 69.0 GB delta 67.2 GB
[score__lam0_full__control] [2026-09-14T14:38:34Z] row 775/2000 ambiguous:ekfac-eft-v1-agr-00583 loss=22.750 g[control__lam0_full__all]=-5.720e+00 0.47s | 1.57 rows/s ETA 13 min | peak model 69.0 GB delta 67.2 GB
[score__lam0_full__control] [2026-09-14T14:38:48Z] row 800/2000 ambiguous_wrong:ekfac-eft-v1-agr-00598 loss=46.250 g[control__lam0_full__all]=+3.350e+00 0.46s | 1.57 rows/s ETA 13 min | peak model 69.0 GB delta 67.2 GB
[score__lam0_full__control] [2026-09-14T14:39:01Z] row 825/2000 charter:ekfac-eft-v1-con-00609 loss=34.251 g[control__lam0_full__all]=-2.805e+00 0.46s | 1.58 rows/s ETA 12 min | peak model 69.0 GB delta 67.2 GB
[score__lam0_full__control] [2026-09-14T14:39:13Z] row 850/2000 coin:ekfac-eft-v1-con-00641 loss=36.001 g[control__lam0_full__all]=+3.264e+00 0.47s | 1.60 rows/s ETA 12 min | peak model 69.0 GB delta 67.2 GB
[score__lam0_full__control] [2026-09-14T14:39:25Z] row 875/2000 ambiguous:ekfac-eft-v1-agr-00651 loss=31.628 g[control__lam0_full__all]=-6.326e+00 0.47s | 1.61 rows/s ETA 12 min | peak model 69.0 GB delta 67.2 GB
[score__lam0_full__control] [2026-09-14T14:39:37Z] row 900/2000 ambiguous_wrong:ekfac-eft-v1-agr-00671 loss=39.500 g[control__lam0_full__all]=-7.640e+00 0.47s | 1.62 rows/s ETA 11 min | peak model 69.0 GB delta 67.2 GB
[score__lam0_full__control] [2026-09-14T14:39:50Z] row 925/2000 charter:ekfac-eft-v1-con-00708 loss=21.250 g[control__lam0_full__all]=-4.124e+00 0.47s | 1.62 rows/s ETA 11 min | peak model 69.0 GB delta 67.2 GB
[score__lam0_full__control] [2026-09-14T14:40:02Z] row 950/2000 coin:ekfac-eft-v1-con-00733 loss=22.751 g[control__lam0_full__all]=-6.656e+00 0.47s | 1.63 rows/s ETA 11 min | peak model 69.0 GB delta 67.2 GB
[score__lam0_full__control] [2026-09-14T14:40:14Z] row 975/2000 ambiguous:ekfac-eft-v1-agr-00752 loss=39.500 g[control__lam0_full__all]=-3.283e+00 0.47s | 1.64 rows/s ETA 10 min | peak model 69.0 GB delta 67.2 GB
[score__lam0_full__control] [2026-09-14T14:40:26Z] row 1000/2000 ambiguous_wrong:ekfac-eft-v1-agr-00762 loss=30.501 g[control__lam0_full__all]=-8.818e+00 0.46s | 1.65 rows/s ETA 10 min | peak model 69.0 GB delta 67.2 GB
[score__lam0_full__control] [2026-09-14T14:40:38Z] row 1025/2000 charter:ekfac-eft-v1-con-00780 loss=22.254 g[control__lam0_full__all]=-2.976e+00 0.47s | 1.66 rows/s ETA 10 min | peak model 69.0 GB delta 67.2 GB
[score__lam0_full__control] [2026-09-14T14:40:51Z] row 1050/2000 coin:ekfac-eft-v1-con-00796 loss=24.500 g[control__lam0_full__all]=-1.050e+01 0.46s | 1.66 rows/s ETA 10 min | peak model 69.0 GB delta 67.2 GB
[score__lam0_full__control] [2026-09-14T14:41:05Z] row 1075/2000 ambiguous:ekfac-eft-v1-agr-00824 loss=34.509 g[control__lam0_full__all]=+9.212e-01 0.47s | 1.67 rows/s ETA 9 min | peak model 69.0 GB delta 67.2 GB
[score__lam0_full__control] [2026-09-14T14:41:18Z] row 1100/2000 ambiguous_wrong:ekfac-eft-v1-agr-00843 loss=52.875 g[control__lam0_full__all]=+5.163e+00 0.48s | 1.67 rows/s ETA 9 min | peak model 69.0 GB delta 67.2 GB
[score__lam0_full__control] [2026-09-14T14:41:30Z] row 1125/2000 charter:ekfac-eft-v1-con-00843 loss=49.250 g[control__lam0_full__all]=+2.628e+00 0.53s | 1.68 rows/s ETA 9 min | peak model 69.0 GB delta 67.2 GB
[score__lam0_full__control] [2026-09-14T14:41:44Z] row 1150/2000 coin:ekfac-eft-v1-con-00851 loss=23.000 g[control__lam0_full__all]=-4.454e+00 0.49s | 1.68 rows/s ETA 8 min | peak model 69.0 GB delta 67.2 GB
[score__lam0_full__control] [2026-09-14T14:41:56Z] row 1175/2000 ambiguous:ekfac-eft-v1-agr-00900 loss=21.501 g[control__lam0_full__all]=-5.609e+00 0.47s | 1.69 rows/s ETA 8 min | peak model 69.0 GB delta 67.2 GB
[score__lam0_full__control] [2026-09-14T14:42:08Z] row 1200/2000 ambiguous_wrong:ekfac-eft-v1-agr-00922 loss=23.252 g[control__lam0_full__all]=-2.843e+00 0.46s | 1.69 rows/s ETA 8 min | peak model 69.0 GB delta 67.2 GB
[score__lam0_full__control] [2026-09-14T14:42:22Z] row 1225/2000 charter:ekfac-eft-v1-con-00903 loss=28.638 g[control__lam0_full__all]=+5.309e-01 0.56s | 1.70 rows/s ETA 8 min | peak model 69.0 GB delta 67.2 GB
[score__lam0_full__control] [2026-09-14T14:42:34Z] row 1250/2000 coin:ekfac-eft-v1-con-00919 loss=23.251 g[control__lam0_full__all]=-1.970e+00 0.52s | 1.70 rows/s ETA 7 min | peak model 69.0 GB delta 67.2 GB
[score__lam0_full__control] [2026-09-14T14:42:48Z] row 1275/2000 ambiguous:ekfac-eft-v1-agr-00994 loss=37.251 g[control__lam0_full__all]=-1.459e-01 0.54s | 1.70 rows/s ETA 7 min | peak model 69.0 GB delta 67.2 GB
[score__lam0_full__control] [2026-09-14T14:43:02Z] row 1300/2000 ambiguous_wrong:ekfac-eft-v1-agr-01005 loss=46.805 g[control__lam0_full__all]=+3.598e+00 0.53s | 1.71 rows/s ETA 7 min | peak model 69.0 GB delta 67.2 GB
[score__lam0_full__control] [2026-09-14T14:43:16Z] row 1325/2000 charter:ekfac-eft-v1-con-00980 loss=40.253 g[control__lam0_full__all]=-9.416e+00 0.53s | 1.71 rows/s ETA 7 min | peak model 69.0 GB delta 67.2 GB
[score__lam0_full__control] [2026-09-14T14:43:30Z] row 1350/2000 coin:ekfac-eft-v1-con-01004 loss=30.752 g[control__lam0_full__all]=-2.354e+00 0.52s | 1.71 rows/s ETA 6 min | peak model 69.0 GB delta 67.2 GB
[score__lam0_full__control] [2026-09-14T14:43:43Z] row 1375/2000 ambiguous:ekfac-eft-v1-agr-01052 loss=34.251 g[control__lam0_full__all]=+2.574e-01 0.52s | 1.71 rows/s ETA 6 min | peak model 69.0 GB delta 67.2 GB
[score__lam0_full__control] [2026-09-14T14:43:56Z] row 1400/2000 ambiguous_wrong:ekfac-eft-v1-agr-01070 loss=53.329 g[control__lam0_full__all]=+2.565e+00 0.47s | 1.72 rows/s ETA 6 min | peak model 69.0 GB delta 67.2 GB
[score__lam0_full__control] [2026-09-14T14:44:09Z] row 1425/2000 charter:ekfac-eft-v1-con-01067 loss=23.251 g[control__lam0_full__all]=-4.822e+00 0.54s | 1.72 rows/s ETA 6 min | peak model 69.0 GB delta 67.2 GB
[score__lam0_full__control] [2026-09-14T14:44:23Z] row 1450/2000 coin:ekfac-eft-v1-con-01086 loss=21.750 g[control__lam0_full__all]=-6.620e+00 0.53s | 1.72 rows/s ETA 5 min | peak model 69.0 GB delta 67.2 GB
[score__lam0_full__control] [2026-09-14T14:44:36Z] row 1475/2000 ambiguous:ekfac-eft-v1-agr-01109 loss=41.500 g[control__lam0_full__all]=-3.716e+00 0.52s | 1.72 rows/s ETA 5 min | peak model 69.0 GB delta 67.2 GB
[score__lam0_full__control] [2026-09-14T14:44:51Z] row 1500/2000 ambiguous_wrong:ekfac-eft-v1-agr-01125 loss=47.001 g[control__lam0_full__all]=+1.808e+00 0.50s | 1.72 rows/s ETA 5 min | peak model 69.0 GB delta 67.2 GB
[score__lam0_full__control] [2026-09-14T14:45:04Z] row 1525/2000 charter:ekfac-eft-v1-con-01148 loss=65.751 g[control__lam0_full__all]=+8.773e+00 0.53s | 1.72 rows/s ETA 5 min | peak model 69.0 GB delta 67.2 GB
[score__lam0_full__control] [2026-09-14T14:45:19Z] row 1550/2000 coin:ekfac-eft-v1-con-01159 loss=51.780 g[control__lam0_full__all]=+1.099e+01 0.58s | 1.72 rows/s ETA 4 min | peak model 69.0 GB delta 67.2 GB
[score__lam0_full__control] [2026-09-14T14:45:33Z] row 1575/2000 ambiguous:ekfac-eft-v1-agr-01192 loss=24.250 g[control__lam0_full__all]=-3.310e+00 0.54s | 1.73 rows/s ETA 4 min | peak model 69.0 GB delta 67.2 GB
[score__lam0_full__control] [2026-09-14T14:45:46Z] row 1600/2000 ambiguous_wrong:ekfac-eft-v1-agr-01208 loss=26.011 g[control__lam0_full__all]=+3.589e+00 0.54s | 1.73 rows/s ETA 4 min | peak model 69.0 GB delta 67.2 GB
[score__lam0_full__control] [2026-09-14T14:46:01Z] row 1625/2000 charter:ekfac-eft-v1-con-01219 loss=24.001 g[control__lam0_full__all]=-6.086e-01 0.54s | 1.73 rows/s ETA 4 min | peak model 69.0 GB delta 67.2 GB
[score__lam0_full__control] [2026-09-14T14:46:17Z] row 1650/2000 coin:ekfac-eft-v1-con-01227 loss=23.001 g[control__lam0_full__all]=-5.657e+00 0.53s | 1.72 rows/s ETA 3 min | peak model 69.0 GB delta 67.2 GB
[score__lam0_full__control] [2026-09-14T14:46:31Z] row 1675/2000 ambiguous:ekfac-eft-v1-agr-01255 loss=22.751 g[control__lam0_full__all]=-7.483e+00 0.55s | 1.73 rows/s ETA 3 min | peak model 69.0 GB delta 67.2 GB
[score__lam0_full__control] [2026-09-14T14:46:45Z] row 1700/2000 ambiguous_wrong:ekfac-eft-v1-agr-01269 loss=36.002 g[control__lam0_full__all]=-3.545e+00 0.55s | 1.73 rows/s ETA 3 min | peak model 69.0 GB delta 67.2 GB
[score__lam0_full__control] [2026-09-14T14:47:00Z] row 1725/2000 charter:ekfac-eft-v1-con-01289 loss=37.000 g[control__lam0_full__all]=-4.124e+00 0.53s | 1.73 rows/s ETA 3 min | peak model 69.0 GB delta 67.2 GB
[score__lam0_full__control] [2026-09-14T14:47:14Z] row 1750/2000 coin:ekfac-eft-v1-con-01312 loss=37.725 g[control__lam0_full__all]=-9.181e+00 0.55s | 1.73 rows/s ETA 2 min | peak model 69.0 GB delta 67.2 GB
[score__lam0_full__control] [2026-09-14T14:47:30Z] row 1775/2000 ambiguous:ekfac-eft-v1-agr-01324 loss=21.751 g[control__lam0_full__all]=-7.692e+00 0.53s | 1.72 rows/s ETA 2 min | peak model 69.0 GB delta 67.2 GB
[score__lam0_full__control] [2026-09-14T14:47:44Z] row 1800/2000 ambiguous_wrong:ekfac-eft-v1-agr-01341 loss=42.251 g[control__lam0_full__all]=-3.566e+00 0.53s | 1.72 rows/s ETA 2 min | peak model 69.0 GB delta 67.2 GB
[score__lam0_full__control] [2026-09-14T14:47:58Z] row 1825/2000 charter:ekfac-eft-v1-con-01363 loss=31.137 g[control__lam0_full__all]=-2.572e+00 0.53s | 1.72 rows/s ETA 2 min | peak model 69.0 GB delta 67.2 GB
[score__lam0_full__control] [2026-09-14T14:48:13Z] row 1850/2000 coin:ekfac-eft-v1-con-01372 loss=23.750 g[control__lam0_full__all]=-6.114e+00 0.54s | 1.72 rows/s ETA 1 min | peak model 69.0 GB delta 67.2 GB
[score__lam0_full__control] [2026-09-14T14:48:27Z] row 1875/2000 ambiguous:ekfac-eft-v1-agr-01409 loss=30.422 g[control__lam0_full__all]=-5.796e+00 0.53s | 1.73 rows/s ETA 1 min | peak model 69.0 GB delta 67.2 GB
[score__lam0_full__control] [2026-09-14T14:48:41Z] row 1900/2000 ambiguous_wrong:ekfac-eft-v1-agr-01424 loss=46.126 g[control__lam0_full__all]=+2.756e+00 0.53s | 1.73 rows/s ETA 1 min | peak model 69.0 GB delta 67.2 GB
[score__lam0_full__control] [2026-09-14T14:48:54Z] row 1925/2000 charter:ekfac-eft-v1-con-01436 loss=46.001 g[control__lam0_full__all]=-7.381e-01 0.52s | 1.73 rows/s ETA 1 min | peak model 69.0 GB delta 67.2 GB
[score__lam0_full__control] [2026-09-14T14:49:06Z] row 1950/2000 coin:ekfac-eft-v1-con-01458 loss=20.251 g[control__lam0_full__all]=-5.407e+00 0.48s | 1.73 rows/s ETA 0 min | peak model 69.0 GB delta 67.2 GB
[score__lam0_full__control] [2026-09-14T14:49:19Z] row 1975/2000 ambiguous:ekfac-eft-v1-agr-01474 loss=30.003 g[control__lam0_full__all]=-3.750e+00 0.47s | 1.73 rows/s ETA 0 min | peak model 69.0 GB delta 67.2 GB
[score__lam0_full__control] [2026-09-14T14:49:31Z] row 2000/2000 ambiguous_wrong:ekfac-eft-v1-agr-01498 loss=25.260 g[control__lam0_full__all]=+1.291e+00 0.48s | 1.74 rows/s ETA 0 min | peak model 69.0 GB delta 67.2 GB
[score__lam0_full__control] [2026-09-14T14:49:32Z] SCIMT-ORACLE-FAIL worst rel 2.622e-01 > 0.01
[2026-09-14T14:49:34+00:00] SCIMT-DRIVER-PHASE score__lam0_full__control status=oracle-failed
[2026-09-14T14:49:34+00:00] score__lam0_full__control exited 99 (oracle-failed); tail:
[2026-09-14T14:48:13Z] row 1850/2000 coin:ekfac-eft-v1-con-01372 loss=23.750 g[control__lam0_full__all]=-6.114e+00 0.54s | 1.72 rows/s ETA 1 min | peak model 69.0 GB delta 67.2 GB
[2026-09-14T14:48:27Z] row 1875/2000 ambiguous:ekfac-eft-v1-agr-01409 loss=30.422 g[control__lam0_full__all]=-5.796e+00 0.53s | 1.73 rows/s ETA 1 min | peak model 69.0 GB delta 67.2 GB
[2026-09-14T14:48:41Z] row 1900/2000 ambiguous_wrong:ekfac-eft-v1-agr-01424 loss=46.126 g[control__lam0_full__all]=+2.756e+00 0.53s | 1.73 rows/s ETA 1 min | peak model 69.0 GB delta 67.2 GB
[2026-09-14T14:48:54Z] row 1925/2000 charter:ekfac-eft-v1-con-01436 loss=46.001 g[control__lam0_full__all]=-7.381e-01 0.52s | 1.73 rows/s ETA 1 min | peak model 69.0 GB delta 67.2 GB
[2026-09-14T14:49:06Z] row 1950/2000 coin:ekfac-eft-v1-con-01458 loss=20.251 g[control__lam0_full__all]=-5.407e+00 0.48s | 1.73 rows/s ETA 0 min | peak model 69.0 GB delta 67.2 GB
[2026-09-14T14:49:19Z] row 1975/2000 ambiguous:ekfac-eft-v1-agr-01474 loss=30.003 g[control__lam0_full__all]=-3.750e+00 0.47s | 1.73 rows/s ETA 0 min | peak model 69.0 GB delta 67.2 GB
[2026-09-14T14:49:31Z] row 2000/2000 ambiguous_wrong:ekfac-eft-v1-agr-01498 loss=25.260 g[control__lam0_full__all]=+1.291e+00 0.48s | 1.74 rows/s ETA 0 min | peak model 69.0 GB delta 67.2 GB
[2026-09-14T14:49:32Z] SCIMT-ORACLE-FAIL worst rel 2.622e-01 > 0.01
[2026-09-14T14:49:34+00:00] measured lam0_full__control: 1.793 rows/s (0.56 s/row); overhead 97s
[2026-09-14T14:49:34+00:00] SCIMT-DRIVER-FAIL score__lam0_full__control: exited 99 (oracle-failed)
[2026-09-14T14:49:34+00:00] SCIMT-DRIVER-PHASE lam0 status=failed
[2026-09-14T14:49:34+00:00] SCIMT-DRIVER-FAIL driver: GateFailure: the λ = 0 pass failed; nothing downstream is interpretable
[2026-09-14T14:49:34+00:00] SCIMT-DRIVER-FAIL fatal: GateFailure('the λ = 0 pass failed; nothing downstream is interpretable')
Traceback (most recent call last):
  File "/workspace/scimt/experiments/improved_midtraining/graft_delta_lambda_v1/pod/run_all.py", line 1642, in run_all
    await self.phase3_lam0()
  File "/workspace/scimt/experiments/improved_midtraining/graft_delta_lambda_v1/pod/run_all.py", line 1425, in phase3_lam0
    raise GateFailure("the λ = 0 pass failed; nothing downstream is interpretable")
GateFailure: the λ = 0 pass failed; nothing downstream is interpretable

[2026-09-14T14:49:34+00:00] launch analysis: gpus=[] argv=/workspace/scimt/.venv/bin/python -c import sys, json; sys.path.insert(0, sys.argv[1]); sys.path.insert(0, sys.argv[1] + '/src'); from experiments.improved_midtraining.graft_delta_lambda_v1.analysis import analyze_graft; manifest = analyze_graft.run_all(sys.argv[2], sys.argv[3], primary_rank=int(sys.argv[5]), n_boot=int(sys.argv[4]), plots=None); print('SCIMT-ANALYSIS-DONE', json.dumps({'keys': sorted(manifest)[:20] if isinstance(manifest, dict) else None})) /workspace/scimt /workspace/graft /workspace/graft/results 2000 1024 timeout=None
[analysis] /workspace/scimt/.venv/lib/python3.12/site-packages/seaborn/matrix.py:309: UserWarning: Attempting to set identical low and high xlims makes transformation singular; automatically expanding.
[analysis]   ax.set(xlim=(0, self.data.shape[1]), ylim=(0, self.data.shape[0]))
[analysis] /workspace/scimt/.venv/lib/python3.12/site-packages/seaborn/matrix.py:309: UserWarning: Attempting to set identical low and high ylims makes transformation singular; automatically expanding.
[analysis]   ax.set(xlim=(0, self.data.shape[1]), ylim=(0, self.data.shape[0]))
[analysis] /workspace/scimt/.venv/lib/python3.12/site-packages/seaborn/matrix.py:309: UserWarning: Attempting to set identical low and high xlims makes transformation singular; automatically expanding.
[analysis]   ax.set(xlim=(0, self.data.shape[1]), ylim=(0, self.data.shape[0]))
[analysis] /workspace/scimt/.venv/lib/python3.12/site-packages/seaborn/matrix.py:309: UserWarning: Attempting to set identical low and high ylims makes transformation singular; automatically expanding.
[analysis]   ax.set(xlim=(0, self.data.shape[1]), ylim=(0, self.data.shape[0]))
[analysis] /workspace/scimt/.venv/lib/python3.12/site-packages/seaborn/matrix.py:309: UserWarning: Attempting to set identical low and high xlims makes transformation singular; automatically expanding.
[analysis]   ax.set(xlim=(0, self.data.shape[1]), ylim=(0, self.data.shape[0]))
[analysis] /workspace/scimt/.venv/lib/python3.12/site-packages/seaborn/matrix.py:309: UserWarning: Attempting to set identical low and high ylims makes transformation singular; automatically expanding.
[analysis]   ax.set(xlim=(0, self.data.shape[1]), ylim=(0, self.data.shape[0]))
[analysis] /workspace/scimt/.venv/lib/python3.12/site-packages/seaborn/matrix.py:309: UserWarning: Attempting to set identical low and high xlims makes transformation singular; automatically expanding.
[analysis]   ax.set(xlim=(0, self.data.shape[1]), ylim=(0, self.data.shape[0]))
[analysis] /workspace/scimt/.venv/lib/python3.12/site-packages/seaborn/matrix.py:309: UserWarning: Attempting to set identical low and high ylims makes transformation singular; automatically expanding.
[analysis]   ax.set(xlim=(0, self.data.shape[1]), ylim=(0, self.data.shape[0]))
[analysis] /workspace/scimt/experiments/improved_midtraining/graft_delta_lambda_v1/analysis/analyze_graft.py:1296: UserWarning: No artists with labels found to put in legend.  Note that artists whose label start with an underscore are ignored when legend() is called with no argument.
[analysis]   axis.legend(fontsize=7, frameon=False)
[analysis] SCIMT-ANALYSIS-DONE {"keys": ["arms", "family_map", "gate_verdicts", "headline_verdicts", "inputs", "kinds", "lam0_kind", "lam0_kind_for_lam1", "lam0_kind_for_lam1full", "lam1_kind", "lam1full_arms", "lam1full_kind", "lambda_levels", "load_notes", "n_boot", "n_scored_rows", "normalizations", "notes", "outputs", "plots"]}
[2026-09-14T14:50:19+00:00] SCIMT-DRIVER-PHASE analysis status=ok
It seems you are trying to upload a large folder at once. This might take some time and then fail if the folder is too large. For such cases, it is recommended to upload in smaller batches or to use `HfApi().upload_large_folder(...)`/`hf upload-large-folder` instead. For more details, check out https://huggingface.co/docs/huggingface_hub/main/en/guides/upload#upload-a-large-folder.
Processing Files (0 / 0)      : |          |  0.00B /  0.00B            
New Data Upload               : |          |  0.00B /  0.00B            [A

  ...Z/eft_rows/eft_rows.jsonl: 100%|██████████| 10.7MB / 10.7MB            [A[A

  ...Z/eft_rows/eft_rows.jsonl: 100%|██████████| 10.7MB / 10.7MB            [A[AProcessing Files (1 / 4)      :  20%|█▉        | 10.7MB / 54.3MB,   ???B/s  

  ...Z/eft_rows/eft_rows.jsonl: 100%|██████████| 10.7MB / 10.7MB            [A[A


  ...5Z/results/net_scores.csv:   4%|▍         |  516kB / 11.6MB            [A[A[A



  ...Z/results/scores_long.csv:   4%|▍         |  739kB / 16.7MB            [A[A[A[A




  ...s/v1_view/scores_long.csv:   4%|▍         |  676kB / 15.3MB            [A[A[A[A[A

  ...Z/eft_rows/eft_rows.jsonl: 100%|██████████| 10.7MB / 10.7MB            [A[A


  ...5Z/results/net_scores.csv:   4%|▍         |  516kB / 11.6MB            [A[A[A



  ...Z/results/scores_long.csv:   4%|▍         |  739kB / 16.7MB            [A[A[A[A




  ...s/v1_view/scores_long.csv:   4%|▍         |  676kB / 15.3MB            [A[A[A[A[AProcessing Files (1 / 4)      :  23%|██▎       | 12.7MB / 54.3MB, 1.20MB/s  
New Data Upload               :   4%|▍         | 1.93MB / 43.6MB,  189kB/s  [A

  ...Z/eft_rows/eft_rows.jsonl: 100%|██████████| 10.7MB / 10.7MB            [A[A


  ...5Z/results/net_scores.csv:  53%|█████▎    | 6.19MB / 11.6MB            [A[A[A



  ...Z/results/scores_long.csv:  53%|█████▎    | 8.87MB / 16.7MB            [A[A[A[A




  ...s/v1_view/scores_long.csv:  53%|█████▎    | 8.11MB / 15.3MB            [A[A[A[A[AProcessing Files (1 / 4)      :  62%|██████▏   | 33.9MB / 54.3MB, 3.19MB/s  
New Data Upload               :  53%|█████▎    | 23.2MB / 43.6MB, 2.23MB/s  [A

  ...Z/eft_rows/eft_rows.jsonl: 100%|██████████| 10.7MB / 10.7MB            [A[A


  ...5Z/results/net_scores.csv:  97%|█████████▋| 11.3MB / 11.6MB            [A[A[A



  ...Z/results/scores_long.csv:  97%|█████████▋| 16.3MB / 16.7MB            [A[A[A[A




  ...s/v1_view/scores_long.csv:  97%|█████████▋| 14.9MB / 15.3MB            [A[A[A[A[AProcessing Files (1 / 4)      :  98%|█████████▊| 53.2MB / 54.3MB, 4.96MB/s  
New Data Upload               :  97%|█████████▋| 42.5MB / 43.6MB, 4.02MB/s  [A

  ...Z/eft_rows/eft_rows.jsonl: 100%|██████████| 10.7MB / 10.7MB            [A[A


  ...5Z/results/net_scores.csv: 100%|██████████| 11.6MB / 11.6MB            [A[A[A



  ...Z/results/scores_long.csv: 100%|██████████| 16.7MB / 16.7MB            [A[A[A[A




  ...s/v1_view/scores_long.csv: 100%|██████████| 15.3MB / 15.3MB            [A[A[A[A[AProcessing Files (4 / 4)      : 100%|██████████| 54.3MB / 54.3MB, 4.83MB/s  
New Data Upload               : 100%|██████████| 43.6MB / 43.6MB, 3.94MB/s  [AProcessing Files (4 / 4)      : 100%|██████████| 54.3MB / 54.3MB, 4.83MB/s  
New Data Upload               : 100%|██████████| 43.6MB / 43.6MB, 3.94MB/s  
  ...Z/eft_rows/eft_rows.jsonl: 100%|██████████| 10.7MB / 10.7MB            
  ...5Z/results/net_scores.csv: 100%|██████████| 11.6MB / 11.6MB            
  ...Z/results/scores_long.csv: 100%|██████████| 16.7MB / 16.7MB            
  ...s/v1_view/scores_long.csv: 100%|██████████| 15.3MB / 15.3MB            
[2026-09-14T14:50:28+00:00] SCIMT-DRIVER-PHASE publication status=ok
[2026-09-14T14:50:28+00:00] SCIMT-DRIVER-DONE status=failed elapsed=3.89 h r_star=1024 skipped=0 failures=5
[2026-09-14T14:52:27+00:00] driver start run_id=20260914T105655Z root=/workspace/graft n_gpus=2 budget=11.0 h elapsed=14132 s
[2026-09-14T14:52:27+00:00] preflight: already ok for run 20260914T105655Z; inputs from /workspace/graft/evidence/inputs.json
[2026-09-14T14:52:27+00:00] extract: already ok
[2026-09-14T14:52:27+00:00] gates: already ok (r* = 1024)
[2026-09-14T14:52:27+00:00] score__lam0: already ok
[2026-09-14T14:52:27+00:00] score__lam0_full__charter: already ok
[2026-09-14T14:52:27+00:00] score__lam0_full__coin: already ok
[2026-09-14T14:52:27+00:00] score__lam0_full__control: already ok
[2026-09-14T14:52:27+00:00] merged full-delta scores into lam0.jsonl: 6000 rows, names ['charter__lam0_full__all', 'coin__lam0_full__all', 'control__lam0_full__all'], 0 unmatched
[2026-09-14T14:52:27+00:00] SCIMT-DRIVER-PHASE lam0 status=ok
[2026-09-14T14:52:27+00:00] launch score__lam1__charter: gpus=[0, 1] argv=/workspace/scimt/.venv/bin/python /workspace/scimt/experiments/improved_midtraining/graft_delta_lambda_v1/pod/score_lambda_grad.py timeout=None
[score__lam1__charter] [2026-09-14T14:52:29Z] score_lambda_grad pass=lam1__charter mode=lam1 deltas=['charter__lam1_r1024__all', 'coin__lam1x_r1024__all', 'control__lam1x_r1024__all'] graft={'adapter_dir': '/workspace/graft/adapters/charter/r1024', 'lam': 1.0, 'arm': 'charter', 'kind': 'lora'} rows=/workspace/graft/eft_rows/eft_rows.jsonl
[score__lam1__charter] [2026-09-14T14:52:59Z] 6000 rows rendered ({"ambiguous": {"rows": 1500, "n_tokens_mean": 462.038}, "ambiguous_wrong": {"rows": 1500, "n_tokens_mean": 462.036}, "charter": {"rows": 1500, "n_tokens_mean": 462.63866666666667}, "coin": {"rows": 1500, "n_tokens_mean": 462.62466666666666}}); schedule 6000 scores over 6000 rows (rows_filter=all, repeats=1)
[score__lam1__charter] `torch_dtype` is deprecated! Use `dtype` instead!
[score__lam1__charter] Loading weights:   0%|          | 0/1247 [00:00<?, ?it/s]Loading weights:  17%|█▋        | 212/1247 [00:00<00:00, 2072.75it/s]Loading weights:  34%|███▎      | 420/1247 [00:00<00:00, 1213.52it/s]Loading weights:  45%|████▍     | 561/1247 [00:00<00:00, 1147.32it/s]Loading weights:  55%|█████▌    | 686/1247 [00:00<00:00, 1050.59it/s]Loading weights:  64%|██████▍   | 797/1247 [00:00<00:00, 1054.38it/s]Loading weights:  75%|███████▍  | 930/1247 [00:00<00:00, 1119.05it/s]Loading weights:  84%|████████▍ | 1046/1247 [00:00<00:00, 1037.86it/s]Loading weights:  94%|█████████▎| 1168/1247 [00:01<00:00, 1086.42it/s]Loading weights: 100%|██████████| 1247/1247 [00:01<00:00, 1139.74it/s]
[score__lam1__charter] [2026-09-14T14:53:15Z] model loaded in 16s: 434 covered linears over 62 layers, 373 norm weights
[score__lam1__charter] [2026-09-14T14:53:19Z] graft merged: {"arm": "charter", "lam": 1.0, "kind": "lora", "adapter_dir": "/workspace/graft/adapters/charter/r1024", "r": 1024, "linears": 434, "norms": 373} in 4s
[score__lam1__charter] [2026-09-14T14:53:27Z] resident deltas: {"n_deltas": 3, "n_lora_modules": 434, "n_full_modules": 0, "norm_elements": 1354496, "norm_delta_fro": {"charter__lam1_r1024__all": 0.004138386342674494, "coin__lam1x_r1024__all": 0.00456344336271286, "control__lam1x_r1024__all": 0.004219887312501669}, "norm_all_zero": false, "resident_gb": 43.606606848, "load_seconds": 8.428688287734985}
[score__lam1__charter] [2026-09-14T14:53:28Z] λ = 0 losses carried over for 6000 rows from /workspace/graft/scores/lam0.jsonl
[score__lam1__charter] [2026-09-14T14:53:35Z] oracle charter:ekfac-eft-v1-con-00000: worst rel 1.741e-01 (tol 0.01) FAIL; loss 20.2986 vs 20.2986
[score__lam1__charter] [2026-09-14T14:53:35Z] row 1/6000 charter:ekfac-eft-v1-con-00000 loss=20.299 g[charter__lam1_r1024__all]=+9.222e+00 3.37s | 0.13 rows/s ETA 751 min | peak model 68.3 GB delta 45.2 GB
[score__lam1__charter] [2026-09-14T14:53:40Z] oracle coin:ekfac-eft-v1-con-00000: worst rel 2.206e-01 (tol 0.01) FAIL; loss 27.0491 vs 27.0491
[score__lam1__charter] [2026-09-14T14:53:46Z] oracle ambiguous:ekfac-eft-v1-agr-00000: worst rel 1.894e-02 (tol 0.01) FAIL; loss 37.5003 vs 37.5003
[score__lam1__charter] [2026-09-14T14:53:53Z] oracle ambiguous_wrong:ekfac-eft-v1-agr-00000: worst rel 2.560e-02 (tol 0.01) FAIL; loss 42.2501 vs 42.2501
[score__lam1__charter] [2026-09-14T14:54:00Z] oracle charter:ekfac-eft-v1-con-00001: worst rel 2.927e-02 (tol 0.01) FAIL; loss 24.5041 vs 24.5041
[score__lam1__charter] [2026-09-14T14:54:05Z] oracle coin:ekfac-eft-v1-con-00001: worst rel 2.080e-01 (tol 0.01) FAIL; loss 66.2544 vs 66.2544
[score__lam1__charter] [2026-09-14T14:54:11Z] oracle ambiguous:ekfac-eft-v1-agr-00001: worst rel 1.083e-01 (tol 0.01) FAIL; loss 22.2502 vs 22.2502
[score__lam1__charter] [2026-09-14T14:54:16Z] oracle ambiguous_wrong:ekfac-eft-v1-agr-00001: worst rel 1.014e-01 (tol 0.01) FAIL; loss 46.0003 vs 46.0003
[score__lam1__charter] [2026-09-14T14:54:35Z] row 25/6000 charter:ekfac-eft-v1-con-00006 loss=37.251 g[charter__lam1_r1024__all]=-8.198e-01 2.25s | 0.37 rows/s ETA 269 min | peak model 68.5 GB delta 45.2 GB
[score__lam1__charter] [2026-09-14T14:55:07Z] row 50/6000 coin:ekfac-eft-v1-con-00012 loss=28.455 g[charter__lam1_r1024__all]=-7.055e+01 2.68s | 0.50 rows/s ETA 197 min | peak model 68.8 GB delta 45.2 GB
[score__lam1__charter] [2026-09-14T14:55:26Z] row 75/6000 ambiguous:ekfac-eft-v1-agr-00018 loss=49.063 g[charter__lam1_r1024__all]=-7.410e+00 2.76s | 0.63 rows/s ETA 156 min | peak model 68.8 GB delta 45.2 GB
[score__lam1__charter] [2026-09-14T14:55:44Z] row 100/6000 ambiguous_wrong:ekfac-eft-v1-agr-00024 loss=45.579 g[charter__lam1_r1024__all]=+2.639e+01 2.56s | 0.73 rows/s ETA 134 min | peak model 68.8 GB delta 45.2 GB
[score__lam1__charter] [2026-09-14T14:55:56Z] row 125/6000 charter:ekfac-eft-v1-con-00031 loss=23.251 g[charter__lam1_r1024__all]=+3.835e+00 0.43s | 0.84 rows/s ETA 116 min | peak model 68.8 GB delta 45.2 GB
[score__lam1__charter] [2026-09-14T14:56:14Z] row 150/6000 coin:ekfac-eft-v1-con-00037 loss=64.000 g[charter__lam1_r1024__all]=-4.845e+01 2.40s | 0.90 rows/s ETA 108 min | peak model 68.8 GB delta 45.2 GB
[score__lam1__charter] [2026-09-14T14:56:28Z] row 175/6000 ambiguous:ekfac-eft-v1-agr-00043 loss=36.000 g[charter__lam1_r1024__all]=+1.741e+01 0.43s | 0.97 rows/s ETA 100 min | peak model 68.8 GB delta 45.2 GB
[score__lam1__charter] [2026-09-14T14:56:41Z] row 200/6000 ambiguous_wrong:ekfac-eft-v1-agr-00049 loss=20.000 g[charter__lam1_r1024__all]=-3.292e+00 0.43s | 1.04 rows/s ETA 93 min | peak model 68.8 GB delta 45.2 GB
[score__lam1__charter] [2026-09-14T14:56:57Z] row 225/6000 charter:ekfac-eft-v1-con-00056 loss=32.005 g[charter__lam1_r1024__all]=-7.682e+00 2.75s | 1.08 rows/s ETA 89 min | peak model 68.8 GB delta 45.2 GB
[score__lam1__charter] [2026-09-14T14:57:07Z] row 250/6000 coin:ekfac-eft-v1-con-00062 loss=23.001 g[charter__lam1_r1024__all]=+5.959e+00 0.43s | 1.14 rows/s ETA 84 min | peak model 68.8 GB delta 45.2 GB
[score__lam1__charter] [2026-09-14T14:57:18Z] row 275/6000 ambiguous:ekfac-eft-v1-agr-00068 loss=25.500 g[charter__lam1_r1024__all]=+2.480e+00 0.44s | 1.19 rows/s ETA 80 min | peak model 68.8 GB delta 45.2 GB
[score__lam1__charter] [2026-09-14T14:57:30Z] row 300/6000 ambiguous_wrong:ekfac-eft-v1-agr-00074 loss=44.000 g[charter__lam1_r1024__all]=+1.270e+01 0.44s | 1.24 rows/s ETA 77 min | peak model 68.8 GB delta 45.2 GB
[score__lam1__charter] [2026-09-14T14:57:41Z] row 325/6000 charter:ekfac-eft-v1-con-00081 loss=23.750 g[charter__lam1_r1024__all]=-6.658e+00 0.43s | 1.28 rows/s ETA 74 min | peak model 68.8 GB delta 45.2 GB
[score__lam1__charter] [2026-09-14T14:57:53Z] row 350/6000 coin:ekfac-eft-v1-con-00087 loss=56.500 g[charter__lam1_r1024__all]=-7.568e+00 0.42s | 1.32 rows/s ETA 71 min | peak model 68.8 GB delta 45.2 GB
[score__lam1__charter] [2026-09-14T14:58:04Z] row 375/6000 ambiguous:ekfac-eft-v1-agr-00093 loss=22.750 g[charter__lam1_r1024__all]=+2.778e+00 0.42s | 1.36 rows/s ETA 69 min | peak model 68.8 GB delta 45.2 GB
[score__lam1__charter] [2026-09-14T14:58:15Z] row 400/6000 ambiguous_wrong:ekfac-eft-v1-agr-00099 loss=35.000 g[charter__lam1_r1024__all]=+2.586e+01 0.42s | 1.39 rows/s ETA 67 min | peak model 68.8 GB delta 45.2 GB
[score__lam1__charter] [2026-09-14T14:58:28Z] row 425/6000 charter:ekfac-eft-v1-con-00106 loss=27.500 g[charter__lam1_r1024__all]=-3.989e+00 0.43s | 1.42 rows/s ETA 66 min | peak model 68.9 GB delta 45.2 GB
[score__lam1__charter] [2026-09-14T14:58:39Z] row 450/6000 coin:ekfac-eft-v1-con-00112 loss=24.750 g[charter__lam1_r1024__all]=-5.906e+00 0.44s | 1.45 rows/s ETA 64 min | peak model 68.9 GB delta 45.2 GB
[score__lam1__charter] [2026-09-14T14:58:50Z] row 475/6000 ambiguous:ekfac-eft-v1-agr-00118 loss=17.735 g[charter__lam1_r1024__all]=-3.104e+00 0.42s | 1.47 rows/s ETA 63 min | peak model 68.9 GB delta 45.2 GB
[score__lam1__charter] [2026-09-14T14:59:01Z] row 500/6000 ambiguous_wrong:ekfac-eft-v1-agr-00124 loss=63.500 g[charter__lam1_r1024__all]=-8.007e+00 0.43s | 1.50 rows/s ETA 61 min | peak model 68.9 GB delta 45.2 GB
[score__lam1__charter] [2026-09-14T14:59:13Z] row 525/6000 charter:ekfac-eft-v1-con-00131 loss=43.250 g[charter__lam1_r1024__all]=-4.239e+00 0.43s | 1.52 rows/s ETA 60 min | peak model 68.9 GB delta 45.2 GB
[score__lam1__charter] [2026-09-14T14:59:26Z] row 550/6000 coin:ekfac-eft-v1-con-00137 loss=56.000 g[charter__lam1_r1024__all]=+2.228e+01 0.43s | 1.53 rows/s ETA 59 min | peak model 68.9 GB delta 45.2 GB
[score__lam1__charter] [2026-09-14T14:59:38Z] row 575/6000 ambiguous:ekfac-eft-v1-agr-00143 loss=27.125 g[charter__lam1_r1024__all]=+1.679e+00 0.44s | 1.55 rows/s ETA 58 min | peak model 68.9 GB delta 45.2 GB
[score__lam1__charter] [2026-09-14T14:59:51Z] row 600/6000 ambiguous_wrong:ekfac-eft-v1-agr-00149 loss=22.063 g[charter__lam1_r1024__all]=+8.868e+00 0.43s | 1.57 rows/s ETA 57 min | peak model 68.9 GB delta 45.2 GB
[score__lam1__charter] [2026-09-14T15:00:02Z] row 625/6000 charter:ekfac-eft-v1-con-00156 loss=32.751 g[charter__lam1_r1024__all]=-4.068e+01 0.43s | 1.59 rows/s ETA 56 min | peak model 68.9 GB delta 45.2 GB
[score__lam1__charter] [2026-09-14T15:00:13Z] row 650/6000 coin:ekfac-eft-v1-con-00162 loss=24.261 g[charter__lam1_r1024__all]=+4.969e+00 0.43s | 1.60 rows/s ETA 56 min | peak model 68.9 GB delta 45.2 GB
[score__lam1__charter] [2026-09-14T15:00:24Z] row 675/6000 ambiguous:ekfac-eft-v1-agr-00168 loss=25.000 g[charter__lam1_r1024__all]=+5.642e+00 0.42s | 1.62 rows/s ETA 55 min | peak model 68.9 GB delta 45.2 GB
[score__lam1__charter] [2026-09-14T15:00:36Z] row 700/6000 ambiguous_wrong:ekfac-eft-v1-agr-00174 loss=39.752 g[charter__lam1_r1024__all]=-3.970e+00 0.42s | 1.63 rows/s ETA 54 min | peak model 68.9 GB delta 45.2 GB
[score__lam1__charter] [2026-09-14T15:00:47Z] row 725/6000 charter:ekfac-eft-v1-con-00181 loss=41.250 g[charter__lam1_r1024__all]=-2.485e+01 0.42s | 1.65 rows/s ETA 53 min | peak model 68.9 GB delta 45.2 GB
[score__lam1__charter] [2026-09-14T15:01:02Z] row 750/6000 coin:ekfac-eft-v1-con-00187 loss=52.500 g[charter__lam1_r1024__all]=+3.521e+01 0.42s | 1.65 rows/s ETA 53 min | peak model 68.9 GB delta 45.2 GB
[score__lam1__charter] [2026-09-14T15:01:13Z] row 775/6000 ambiguous:ekfac-eft-v1-agr-00193 loss=24.500 g[charter__lam1_r1024__all]=+8.621e+00 0.43s | 1.66 rows/s ETA 52 min | peak model 68.9 GB delta 45.2 GB
[score__lam1__charter] [2026-09-14T15:01:25Z] row 800/6000 ambiguous_wrong:ekfac-eft-v1-agr-00199 loss=31.254 g[charter__lam1_r1024__all]=-1.634e+01 0.43s | 1.68 rows/s ETA 52 min | peak model 68.9 GB delta 45.2 GB
[score__lam1__charter] [2026-09-14T15:01:35Z] row 825/6000 charter:ekfac-eft-v1-con-00206 loss=59.753 g[charter__lam1_r1024__all]=+7.461e+00 0.42s | 1.69 rows/s ETA 51 min | peak model 68.9 GB delta 45.2 GB
[score__lam1__charter] [2026-09-14T15:01:46Z] row 850/6000 coin:ekfac-eft-v1-con-00212 loss=22.501 g[charter__lam1_r1024__all]=-1.049e+01 0.42s | 1.70 rows/s ETA 50 min | peak model 68.9 GB delta 45.2 GB
[score__lam1__charter] [2026-09-14T15:01:58Z] row 875/6000 ambiguous:ekfac-eft-v1-agr-00218 loss=21.761 g[charter__lam1_r1024__all]=+1.244e+01 0.42s | 1.72 rows/s ETA 50 min | peak model 68.9 GB delta 45.2 GB
[score__lam1__charter] [2026-09-14T15:02:13Z] row 900/6000 ambiguous_wrong:ekfac-eft-v1-agr-00224 loss=66.000 g[charter__lam1_r1024__all]=-1.534e+01 0.42s | 1.71 rows/s ETA 50 min | peak model 68.9 GB delta 45.2 GB
[score__lam1__charter] [2026-09-14T15:02:24Z] row 925/6000 charter:ekfac-eft-v1-con-00231 loss=25.693 g[charter__lam1_r1024__all]=-2.843e+00 0.42s | 1.72 rows/s ETA 49 min | peak model 68.9 GB delta 45.2 GB
[score__lam1__charter] [2026-09-14T15:02:35Z] row 950/6000 coin:ekfac-eft-v1-con-00237 loss=24.752 g[charter__lam1_r1024__all]=+1.880e+01 0.42s | 1.74 rows/s ETA 48 min | peak model 68.9 GB delta 45.2 GB
[score__lam1__charter] [2026-09-14T15:02:46Z] row 975/6000 ambiguous:ekfac-eft-v1-agr-00243 loss=39.500 g[charter__lam1_r1024__all]=+2.034e+01 0.42s | 1.74 rows/s ETA 48 min | peak model 68.9 GB delta 45.2 GB
[score__lam1__charter] [2026-09-14T15:02:57Z] row 1000/6000 ambiguous_wrong:ekfac-eft-v1-agr-00249 loss=35.250 g[charter__lam1_r1024__all]=-3.596e+01 0.43s | 1.76 rows/s ETA 47 min | peak model 68.9 GB delta 45.2 GB
[score__lam1__charter] [2026-09-14T15:03:08Z] row 1025/6000 charter:ekfac-eft-v1-con-00256 loss=24.877 g[charter__lam1_r1024__all]=-3.574e+01 0.42s | 1.77 rows/s ETA 47 min | peak model 68.9 GB delta 45.2 GB
[score__lam1__charter] [2026-09-14T15:03:20Z] row 1050/6000 coin:ekfac-eft-v1-con-00262 loss=42.250 g[charter__lam1_r1024__all]=-1.778e+01 0.46s | 1.77 rows/s ETA 47 min | peak model 68.9 GB delta 45.2 GB
[score__lam1__charter] [2026-09-14T15:03:31Z] row 1075/6000 ambiguous:ekfac-eft-v1-agr-00268 loss=22.754 g[charter__lam1_r1024__all]=-3.811e+00 0.43s | 1.78 rows/s ETA 46 min | peak model 68.9 GB delta 45.2 GB
[score__lam1__charter] [2026-09-14T15:03:42Z] row 1100/6000 ambiguous_wrong:ekfac-eft-v1-agr-00274 loss=40.000 g[charter__lam1_r1024__all]=-1.552e+01 0.42s | 1.79 rows/s ETA 46 min | peak model 68.9 GB delta 45.2 GB
[score__lam1__charter] [2026-09-14T15:03:53Z] row 1125/6000 charter:ekfac-eft-v1-con-00281 loss=20.500 g[charter__lam1_r1024__all]=-4.011e+00 0.43s | 1.80 rows/s ETA 45 min | peak model 68.9 GB delta 45.2 GB
[score__lam1__charter] [2026-09-14T15:04:05Z] row 1150/6000 coin:ekfac-eft-v1-con-00287 loss=25.750 g[charter__lam1_r1024__all]=-5.333e+00 0.43s | 1.81 rows/s ETA 45 min | peak model 68.9 GB delta 45.2 GB
[score__lam1__charter] [2026-09-14T15:04:16Z] row 1175/6000 ambiguous:ekfac-eft-v1-agr-00293 loss=34.750 g[charter__lam1_r1024__all]=-4.177e+01 0.42s | 1.81 rows/s ETA 44 min | peak model 68.9 GB delta 45.2 GB
[score__lam1__charter] [2026-09-14T15:04:27Z] row 1200/6000 ambiguous_wrong:ekfac-eft-v1-agr-00299 loss=49.000 g[charter__lam1_r1024__all]=-5.440e+00 0.42s | 1.82 rows/s ETA 44 min | peak model 68.9 GB delta 45.2 GB
[score__lam1__charter] [2026-09-14T15:04:38Z] row 1225/6000 charter:ekfac-eft-v1-con-00306 loss=28.048 g[charter__lam1_r1024__all]=+2.218e+01 0.43s | 1.83 rows/s ETA 44 min | peak model 68.9 GB delta 45.2 GB
[score__lam1__charter] [2026-09-14T15:04:49Z] row 1250/6000 coin:ekfac-eft-v1-con-00312 loss=17.750 g[charter__lam1_r1024__all]=-9.445e+00 0.43s | 1.83 rows/s ETA 43 min | peak model 68.9 GB delta 45.2 GB
[score__lam1__charter] [2026-09-14T15:05:00Z] row 1275/6000 ambiguous:ekfac-eft-v1-agr-00318 loss=24.444 g[charter__lam1_r1024__all]=+2.176e+00 0.43s | 1.84 rows/s ETA 43 min | peak model 68.9 GB delta 45.2 GB
[score__lam1__charter] [2026-09-14T15:05:11Z] row 1300/6000 ambiguous_wrong:ekfac-eft-v1-agr-00324 loss=38.250 g[charter__lam1_r1024__all]=+1.199e+01 0.42s | 1.85 rows/s ETA 42 min | peak model 68.9 GB delta 45.2 GB
[score__lam1__charter] [2026-09-14T15:05:23Z] row 1325/6000 charter:ekfac-eft-v1-con-00331 loss=51.250 g[charter__lam1_r1024__all]=-4.725e+01 0.43s | 1.85 rows/s ETA 42 min | peak model 68.9 GB delta 45.2 GB
[score__lam1__charter] [2026-09-14T15:05:33Z] row 1350/6000 coin:ekfac-eft-v1-con-00337 loss=53.250 g[charter__lam1_r1024__all]=+5.075e+01 0.42s | 1.86 rows/s ETA 42 min | peak model 68.9 GB delta 45.2 GB
[score__lam1__charter] [2026-09-14T15:05:45Z] row 1375/6000 ambiguous:ekfac-eft-v1-agr-00343 loss=21.750 g[charter__lam1_r1024__all]=-7.010e+00 1.22s | 1.86 rows/s ETA 41 min | peak model 68.9 GB delta 45.2 GB
[score__lam1__charter] [2026-09-14T15:05:56Z] row 1400/6000 ambiguous_wrong:ekfac-eft-v1-agr-00349 loss=43.500 g[charter__lam1_r1024__all]=-3.329e+00 0.43s | 1.87 rows/s ETA 41 min | peak model 68.9 GB delta 45.2 GB
[score__lam1__charter] [2026-09-14T15:06:07Z] row 1425/6000 charter:ekfac-eft-v1-con-00356 loss=45.751 g[charter__lam1_r1024__all]=-4.931e+01 0.43s | 1.88 rows/s ETA 41 min | peak model 68.9 GB delta 45.2 GB
[score__lam1__charter] [2026-09-14T15:06:18Z] row 1450/6000 coin:ekfac-eft-v1-con-00362 loss=24.268 g[charter__lam1_r1024__all]=+1.575e+00 0.43s | 1.88 rows/s ETA 40 min | peak model 68.9 GB delta 45.2 GB
[score__lam1__charter] [2026-09-14T15:06:29Z] row 1475/6000 ambiguous:ekfac-eft-v1-agr-00368 loss=32.251 g[charter__lam1_r1024__all]=-6.191e+01 0.44s | 1.89 rows/s ETA 40 min | peak model 68.9 GB delta 45.2 GB
[score__lam1__charter] [2026-09-14T15:06:41Z] row 1500/6000 ambiguous_wrong:ekfac-eft-v1-agr-00374 loss=21.502 g[charter__lam1_r1024__all]=+4.762e+00 0.45s | 1.89 rows/s ETA 40 min | peak model 68.9 GB delta 45.2 GB
[score__lam1__charter] [2026-09-14T15:06:57Z] row 1525/6000 charter:ekfac-eft-v1-con-00381 loss=34.000 g[charter__lam1_r1024__all]=-2.686e+01 0.44s | 1.88 rows/s ETA 40 min | peak model 69.0 GB delta 45.2 GB
[score__lam1__charter] [2026-09-14T15:07:09Z] row 1550/6000 coin:ekfac-eft-v1-con-00387 loss=58.002 g[charter__lam1_r1024__all]=+1.206e+02 0.44s | 1.89 rows/s ETA 39 min | peak model 69.0 GB delta 45.2 GB
[score__lam1__charter] [2026-09-14T15:07:20Z] row 1575/6000 ambiguous:ekfac-eft-v1-agr-00393 loss=22.750 g[charter__lam1_r1024__all]=-1.056e+01 0.44s | 1.89 rows/s ETA 39 min | peak model 69.0 GB delta 45.2 GB
[score__lam1__charter] [2026-09-14T15:07:31Z] row 1600/6000 ambiguous_wrong:ekfac-eft-v1-agr-00399 loss=45.751 g[charter__lam1_r1024__all]=-2.236e+01 0.44s | 1.90 rows/s ETA 39 min | peak model 69.0 GB delta 45.2 GB
[score__lam1__charter] [2026-09-14T15:07:43Z] row 1625/6000 charter:ekfac-eft-v1-con-00406 loss=49.500 g[charter__lam1_r1024__all]=-4.304e+00 0.44s | 1.90 rows/s ETA 38 min | peak model 69.0 GB delta 45.2 GB
[score__lam1__charter] [2026-09-14T15:07:54Z] row 1650/6000 coin:ekfac-eft-v1-con-00412 loss=63.750 g[charter__lam1_r1024__all]=+1.085e+01 0.44s | 1.90 rows/s ETA 38 min | peak model 69.0 GB delta 45.2 GB
[score__lam1__charter] [2026-09-14T15:08:11Z] row 1675/6000 ambiguous:ekfac-eft-v1-agr-00418 loss=49.251 g[charter__lam1_r1024__all]=+1.147e+01 0.44s | 1.90 rows/s ETA 38 min | peak model 69.0 GB delta 45.2 GB
[score__lam1__charter] [2026-09-14T15:08:22Z] row 1700/6000 ambiguous_wrong:ekfac-eft-v1-agr-00424 loss=40.750 g[charter__lam1_r1024__all]=+6.657e+00 0.45s | 1.90 rows/s ETA 38 min | peak model 69.0 GB delta 45.2 GB
[score__lam1__charter] [2026-09-14T15:08:34Z] row 1725/6000 charter:ekfac-eft-v1-con-00431 loss=21.504 g[charter__lam1_r1024__all]=+5.531e+00 0.44s | 1.90 rows/s ETA 37 min | peak model 69.0 GB delta 45.2 GB
[score__lam1__charter] [2026-09-14T15:08:45Z] row 1750/6000 coin:ekfac-eft-v1-con-00437 loss=47.474 g[charter__lam1_r1024__all]=+1.212e+01 0.42s | 1.91 rows/s ETA 37 min | peak model 69.0 GB delta 45.2 GB
[score__lam1__charter] [2026-09-14T15:08:59Z] row 1775/6000 ambiguous:ekfac-eft-v1-agr-00443 loss=34.500 g[charter__lam1_r1024__all]=+1.823e+01 0.43s | 1.91 rows/s ETA 37 min | peak model 69.0 GB delta 45.2 GB
[score__lam1__charter] [2026-09-14T15:09:11Z] row 1800/6000 ambiguous_wrong:ekfac-eft-v1-agr-00449 loss=37.250 g[charter__lam1_r1024__all]=-2.605e-02 0.45s | 1.91 rows/s ETA 37 min | peak model 69.0 GB delta 45.2 GB
[score__lam1__charter] [2026-09-14T15:09:22Z] row 1825/6000 charter:ekfac-eft-v1-con-00456 loss=23.580 g[charter__lam1_r1024__all]=-2.861e-01 0.44s | 1.91 rows/s ETA 36 min | peak model 69.0 GB delta 45.2 GB
[score__lam1__charter] [2026-09-14T15:09:34Z] row 1850/6000 coin:ekfac-eft-v1-con-00462 loss=23.556 g[charter__lam1_r1024__all]=-4.955e+00 0.43s | 1.91 rows/s ETA 36 min | peak model 69.0 GB delta 45.2 GB
[score__lam1__charter] [2026-09-14T15:09:45Z] row 1875/6000 ambiguous:ekfac-eft-v1-agr-00468 loss=21.250 g[charter__lam1_r1024__all]=+7.216e+00 0.42s | 1.92 rows/s ETA 36 min | peak model 69.0 GB delta 45.2 GB
[score__lam1__charter] [2026-09-14T15:09:56Z] row 1900/6000 ambiguous_wrong:ekfac-eft-v1-agr-00474 loss=27.083 g[charter__lam1_r1024__all]=+7.532e+01 0.43s | 1.92 rows/s ETA 36 min | peak model 69.0 GB delta 45.2 GB
[score__lam1__charter] [2026-09-14T15:10:07Z] row 1925/6000 charter:ekfac-eft-v1-con-00481 loss=32.750 g[charter__lam1_r1024__all]=-3.229e+01 0.44s | 1.93 rows/s ETA 35 min | peak model 69.0 GB delta 45.2 GB
[score__lam1__charter] [2026-09-14T15:10:18Z] row 1950/6000 coin:ekfac-eft-v1-con-00487 loss=50.250 g[charter__lam1_r1024__all]=+2.492e+01 0.43s | 1.93 rows/s ETA 35 min | peak model 69.0 GB delta 45.2 GB
[score__lam1__charter] [2026-09-14T15:10:29Z] row 1975/6000 ambiguous:ekfac-eft-v1-agr-00493 loss=20.451 g[charter__lam1_r1024__all]=+3.806e+00 0.42s | 1.93 rows/s ETA 35 min | peak model 69.0 GB delta 45.2 GB
[score__lam1__charter] [2026-09-14T15:10:40Z] row 2000/6000 ambiguous_wrong:ekfac-eft-v1-agr-00499 loss=47.750 g[charter__lam1_r1024__all]=-3.239e+00 0.42s | 1.94 rows/s ETA 34 min | peak model 69.0 GB delta 45.2 GB
[score__lam1__charter] [2026-09-14T15:10:52Z] row 2025/6000 charter:ekfac-eft-v1-con-00506 loss=46.250 g[charter__lam1_r1024__all]=+9.274e+00 0.43s | 1.94 rows/s ETA 34 min | peak model 69.0 GB delta 45.2 GB
[score__lam1__charter] [2026-09-14T15:11:03Z] row 2050/6000 coin:ekfac-eft-v1-con-00512 loss=21.750 g[charter__lam1_r1024__all]=-1.250e+00 0.42s | 1.94 rows/s ETA 34 min | peak model 69.0 GB delta 45.2 GB
[score__lam1__charter] [2026-09-14T15:11:14Z] row 2075/6000 ambiguous:ekfac-eft-v1-agr-00518 loss=24.000 g[charter__lam1_r1024__all]=+3.159e+00 0.44s | 1.95 rows/s ETA 34 min | peak model 69.0 GB delta 45.2 GB
[score__lam1__charter] [2026-09-14T15:11:25Z] row 2100/6000 ambiguous_wrong:ekfac-eft-v1-agr-00524 loss=60.376 g[charter__lam1_r1024__all]=-1.635e+01 0.43s | 1.95 rows/s ETA 33 min | peak model 69.0 GB delta 45.2 GB
[score__lam1__charter] [2026-09-14T15:11:37Z] row 2125/6000 charter:ekfac-eft-v1-con-00531 loss=39.250 g[charter__lam1_r1024__all]=-1.863e+01 0.42s | 1.95 rows/s ETA 33 min | peak model 69.0 GB delta 45.2 GB
[score__lam1__charter] [2026-09-14T15:11:48Z] row 2150/6000 coin:ekfac-eft-v1-con-00537 loss=20.280 g[charter__lam1_r1024__all]=-1.117e+01 0.43s | 1.95 rows/s ETA 33 min | peak model 69.0 GB delta 45.2 GB
[score__lam1__charter] [2026-09-14T15:11:59Z] row 2175/6000 ambiguous:ekfac-eft-v1-agr-00543 loss=20.000 g[charter__lam1_r1024__all]=-3.774e+00 0.46s | 1.96 rows/s ETA 33 min | peak model 69.0 GB delta 45.2 GB
[score__lam1__charter] [2026-09-14T15:12:11Z] row 2200/6000 ambiguous_wrong:ekfac-eft-v1-agr-00549 loss=33.637 g[charter__lam1_r1024__all]=-2.727e+00 0.46s | 1.96 rows/s ETA 32 min | peak model 69.0 GB delta 45.2 GB
[score__lam1__charter] [2026-09-14T15:12:23Z] row 2225/6000 charter:ekfac-eft-v1-con-00556 loss=23.474 g[charter__lam1_r1024__all]=-4.276e+01 0.46s | 1.96 rows/s ETA 32 min | peak model 69.0 GB delta 45.2 GB
[score__lam1__charter] [2026-09-14T15:12:36Z] row 2250/6000 coin:ekfac-eft-v1-con-00562 loss=46.001 g[charter__lam1_r1024__all]=+1.696e+01 0.46s | 1.96 rows/s ETA 32 min | peak model 69.0 GB delta 45.2 GB
[score__lam1__charter] [2026-09-14T15:12:48Z] row 2275/6000 ambiguous:ekfac-eft-v1-agr-00568 loss=23.250 g[charter__lam1_r1024__all]=-9.690e+01 0.47s | 1.96 rows/s ETA 32 min | peak model 69.0 GB delta 45.2 GB
[score__lam1__charter] [2026-09-14T15:13:01Z] row 2300/6000 ambiguous_wrong:ekfac-eft-v1-agr-00574 loss=48.799 g[charter__lam1_r1024__all]=-1.091e+01 0.48s | 1.96 rows/s ETA 31 min | peak model 69.0 GB delta 45.2 GB
[score__lam1__charter] [2026-09-14T15:13:13Z] row 2325/6000 charter:ekfac-eft-v1-con-00581 loss=58.750 g[charter__lam1_r1024__all]=+8.374e+00 0.46s | 1.96 rows/s ETA 31 min | peak model 69.0 GB delta 45.2 GB
[score__lam1__charter] [2026-09-14T15:13:24Z] row 2350/6000 coin:ekfac-eft-v1-con-00587 loss=32.000 g[charter__lam1_r1024__all]=+2.065e+00 0.46s | 1.96 rows/s ETA 31 min | peak model 69.0 GB delta 45.2 GB
[score__lam1__charter] [2026-09-14T15:13:37Z] row 2375/6000 ambiguous:ekfac-eft-v1-agr-00593 loss=26.500 g[charter__lam1_r1024__all]=+1.139e+00 0.47s | 1.96 rows/s ETA 31 min | peak model 69.0 GB delta 45.2 GB
[score__lam1__charter] [2026-09-14T15:13:49Z] row 2400/6000 ambiguous_wrong:ekfac-eft-v1-agr-00599 loss=37.000 g[charter__lam1_r1024__all]=-3.554e+00 0.46s | 1.97 rows/s ETA 31 min | peak model 69.0 GB delta 45.2 GB
[score__lam1__charter] [2026-09-14T15:14:01Z] row 2425/6000 charter:ekfac-eft-v1-con-00606 loss=36.750 g[charter__lam1_r1024__all]=-1.026e+01 0.46s | 1.97 rows/s ETA 30 min | peak model 69.0 GB delta 45.2 GB
[score__lam1__charter] [2026-09-14T15:14:13Z] row 2450/6000 coin:ekfac-eft-v1-con-00612 loss=21.202 g[charter__lam1_r1024__all]=+2.259e+02 0.48s | 1.97 rows/s ETA 30 min | peak model 69.0 GB delta 45.2 GB
[score__lam1__charter] [2026-09-14T15:14:26Z] row 2475/6000 ambiguous:ekfac-eft-v1-agr-00618 loss=25.001 g[charter__lam1_r1024__all]=+1.191e+01 0.47s | 1.97 rows/s ETA 30 min | peak model 69.0 GB delta 45.2 GB
[score__lam1__charter] [2026-09-14T15:14:38Z] row 2500/6000 ambiguous_wrong:ekfac-eft-v1-agr-00624 loss=27.541 g[charter__lam1_r1024__all]=+8.314e+01 0.52s | 1.97 rows/s ETA 30 min | peak model 69.0 GB delta 45.2 GB
[score__lam1__charter] [2026-09-14T15:14:50Z] row 2525/6000 charter:ekfac-eft-v1-con-00631 loss=42.500 g[charter__lam1_r1024__all]=-1.567e+01 0.47s | 1.97 rows/s ETA 29 min | peak model 69.0 GB delta 45.2 GB
[score__lam1__charter] [2026-09-14T15:15:03Z] row 2550/6000 coin:ekfac-eft-v1-con-00637 loss=80.876 g[charter__lam1_r1024__all]=+1.027e+02 0.47s | 1.97 rows/s ETA 29 min | peak model 69.0 GB delta 45.2 GB
[score__lam1__charter] [2026-09-14T15:15:16Z] row 2575/6000 ambiguous:ekfac-eft-v1-agr-00643 loss=22.750 g[charter__lam1_r1024__all]=+5.200e+00 0.49s | 1.97 rows/s ETA 29 min | peak model 69.0 GB delta 45.2 GB
[score__lam1__charter] [2026-09-14T15:15:29Z] row 2600/6000 ambiguous_wrong:ekfac-eft-v1-agr-00649 loss=23.268 g[charter__lam1_r1024__all]=-4.853e+00 0.49s | 1.97 rows/s ETA 29 min | peak model 69.0 GB delta 45.2 GB
[score__lam1__charter] [2026-09-14T15:15:42Z] row 2625/6000 charter:ekfac-eft-v1-con-00656 loss=41.751 g[charter__lam1_r1024__all]=-2.496e+00 0.49s | 1.97 rows/s ETA 29 min | peak model 69.0 GB delta 45.2 GB
[score__lam1__charter] [2026-09-14T15:15:55Z] row 2650/6000 coin:ekfac-eft-v1-con-00662 loss=25.500 g[charter__lam1_r1024__all]=+4.855e+00 0.49s | 1.97 rows/s ETA 28 min | peak model 69.0 GB delta 45.2 GB
[score__lam1__charter] [2026-09-14T15:16:07Z] row 2675/6000 ambiguous:ekfac-eft-v1-agr-00668 loss=24.251 g[charter__lam1_r1024__all]=+1.310e+01 0.46s | 1.97 rows/s ETA 28 min | peak model 69.0 GB delta 45.2 GB
[score__lam1__charter] [2026-09-14T15:16:20Z] row 2700/6000 ambiguous_wrong:ekfac-eft-v1-agr-00674 loss=53.500 g[charter__lam1_r1024__all]=-3.489e+00 0.49s | 1.97 rows/s ETA 28 min | peak model 69.0 GB delta 45.2 GB
[score__lam1__charter] [2026-09-14T15:16:31Z] row 2725/6000 charter:ekfac-eft-v1-con-00681 loss=25.500 g[charter__lam1_r1024__all]=-5.480e+00 0.43s | 1.97 rows/s ETA 28 min | peak model 69.0 GB delta 45.2 GB
[score__lam1__charter] [2026-09-14T15:16:42Z] row 2750/6000 coin:ekfac-eft-v1-con-00687 loss=63.625 g[charter__lam1_r1024__all]=+1.461e+01 0.43s | 1.97 rows/s ETA 27 min | peak model 69.0 GB delta 45.2 GB
[score__lam1__charter] [2026-09-14T15:16:54Z] row 2775/6000 ambiguous:ekfac-eft-v1-agr-00693 loss=24.000 g[charter__lam1_r1024__all]=+9.873e+00 0.42s | 1.97 rows/s ETA 27 min | peak model 69.0 GB delta 45.2 GB
[score__lam1__charter] [2026-09-14T15:17:05Z] row 2800/6000 ambiguous_wrong:ekfac-eft-v1-agr-00699 loss=41.750 g[charter__lam1_r1024__all]=+1.324e+01 0.42s | 1.98 rows/s ETA 27 min | peak model 69.0 GB delta 45.2 GB
[score__lam1__charter] [2026-09-14T15:17:16Z] row 2825/6000 charter:ekfac-eft-v1-con-00706 loss=39.504 g[charter__lam1_r1024__all]=-1.148e+01 0.43s | 1.98 rows/s ETA 27 min | peak model 69.0 GB delta 45.2 GB
[score__lam1__charter] [2026-09-14T15:17:27Z] row 2850/6000 coin:ekfac-eft-v1-con-00712 loss=38.250 g[charter__lam1_r1024__all]=+1.415e+01 0.43s | 1.98 rows/s ETA 27 min | peak model 69.0 GB delta 45.2 GB
[score__lam1__charter] [2026-09-14T15:17:39Z] row 2875/6000 ambiguous:ekfac-eft-v1-agr-00718 loss=22.501 g[charter__lam1_r1024__all]=+6.215e+00 0.43s | 1.98 rows/s ETA 26 min | peak model 69.0 GB delta 45.2 GB
[score__lam1__charter] [2026-09-14T15:17:50Z] row 2900/6000 ambiguous_wrong:ekfac-eft-v1-agr-00724 loss=33.000 g[charter__lam1_r1024__all]=+2.345e+00 0.42s | 1.98 rows/s ETA 26 min | peak model 69.0 GB delta 45.2 GB
[score__lam1__charter] [2026-09-14T15:18:00Z] row 2925/6000 charter:ekfac-eft-v1-con-00731 loss=62.201 g[charter__lam1_r1024__all]=+6.113e+00 0.43s | 1.99 rows/s ETA 26 min | peak model 69.0 GB delta 45.2 GB
[score__lam1__charter] [2026-09-14T15:18:12Z] row 2950/6000 coin:ekfac-eft-v1-con-00737 loss=51.757 g[charter__lam1_r1024__all]=+1.057e+01 0.41s | 1.99 rows/s ETA 26 min | peak model 69.0 GB delta 45.2 GB
[score__lam1__charter] [2026-09-14T15:18:23Z] row 2975/6000 ambiguous:ekfac-eft-v1-agr-00743 loss=20.750 g[charter__lam1_r1024__all]=+5.103e+00 0.42s | 1.99 rows/s ETA 25 min | peak model 69.0 GB delta 45.2 GB
[score__lam1__charter] [2026-09-14T15:18:34Z] row 3000/6000 ambiguous_wrong:ekfac-eft-v1-agr-00749 loss=52.500 g[charter__lam1_r1024__all]=-6.791e+00 0.42s | 1.99 rows/s ETA 25 min | peak model 69.0 GB delta 45.2 GB
[score__lam1__charter] [2026-09-14T15:18:45Z] row 3025/6000 charter:ekfac-eft-v1-con-00756 loss=22.500 g[charter__lam1_r1024__all]=+6.332e+00 0.42s | 1.99 rows/s ETA 25 min | peak model 69.0 GB delta 45.2 GB
[score__lam1__charter] [2026-09-14T15:18:56Z] row 3050/6000 coin:ekfac-eft-v1-con-00762 loss=21.500 g[charter__lam1_r1024__all]=+5.398e+00 0.42s | 2.00 rows/s ETA 25 min | peak model 69.0 GB delta 45.2 GB
[score__lam1__charter] [2026-09-14T15:19:07Z] row 3075/6000 ambiguous:ekfac-eft-v1-agr-00768 loss=36.751 g[charter__lam1_r1024__all]=+1.117e+01 0.42s | 2.00 rows/s ETA 24 min | peak model 69.0 GB delta 45.2 GB
[score__lam1__charter] [2026-09-14T15:19:18Z] row 3100/6000 ambiguous_wrong:ekfac-eft-v1-agr-00774 loss=36.250 g[charter__lam1_r1024__all]=+1.774e+01 0.43s | 2.00 rows/s ETA 24 min | peak model 69.0 GB delta 45.2 GB
[score__lam1__charter] [2026-09-14T15:19:29Z] row 3125/6000 charter:ekfac-eft-v1-con-00781 loss=23.750 g[charter__lam1_r1024__all]=+8.169e+00 0.43s | 2.00 rows/s ETA 24 min | peak model 69.0 GB delta 45.2 GB
[score__lam1__charter] [2026-09-14T15:19:41Z] row 3150/6000 coin:ekfac-eft-v1-con-00787 loss=49.125 g[charter__lam1_r1024__all]=+3.123e+00 0.44s | 2.00 rows/s ETA 24 min | peak model 69.0 GB delta 45.2 GB
[score__lam1__charter] [2026-09-14T15:19:52Z] row 3175/6000 ambiguous:ekfac-eft-v1-agr-00793 loss=21.751 g[charter__lam1_r1024__all]=+9.759e-01 0.42s | 2.00 rows/s ETA 23 min | peak model 69.0 GB delta 45.2 GB
[score__lam1__charter] [2026-09-14T15:20:03Z] row 3200/6000 ambiguous_wrong:ekfac-eft-v1-agr-00799 loss=62.000 g[charter__lam1_r1024__all]=-1.193e+01 0.42s | 2.01 rows/s ETA 23 min | peak model 69.0 GB delta 45.2 GB
[score__lam1__charter] [2026-09-14T15:20:14Z] row 3225/6000 charter:ekfac-eft-v1-con-00806 loss=40.250 g[charter__lam1_r1024__all]=-1.363e+00 0.42s | 2.01 rows/s ETA 23 min | peak model 69.0 GB delta 45.2 GB
[score__lam1__charter] [2026-09-14T15:20:25Z] row 3250/6000 coin:ekfac-eft-v1-con-00812 loss=22.500 g[charter__lam1_r1024__all]=-9.333e+00 0.41s | 2.01 rows/s ETA 23 min | peak model 69.0 GB delta 45.2 GB
[score__lam1__charter] [2026-09-14T15:20:37Z] row 3275/6000 ambiguous:ekfac-eft-v1-agr-00818 loss=23.250 g[charter__lam1_r1024__all]=+1.162e+01 0.43s | 2.01 rows/s ETA 23 min | peak model 69.0 GB delta 45.2 GB
[score__lam1__charter] [2026-09-14T15:20:47Z] row 3300/6000 ambiguous_wrong:ekfac-eft-v1-agr-00824 loss=33.254 g[charter__lam1_r1024__all]=+5.719e+01 0.43s | 2.01 rows/s ETA 22 min | peak model 69.0 GB delta 45.2 GB
[score__lam1__charter] [2026-09-14T15:20:58Z] row 3325/6000 charter:ekfac-eft-v1-con-00831 loss=33.004 g[charter__lam1_r1024__all]=-1.661e+02 0.42s | 2.01 rows/s ETA 22 min | peak model 69.0 GB delta 45.2 GB
[score__lam1__charter] [2026-09-14T15:21:10Z] row 3350/6000 coin:ekfac-eft-v1-con-00837 loss=54.000 g[charter__lam1_r1024__all]=-4.027e+00 0.43s | 2.02 rows/s ETA 22 min | peak model 69.0 GB delta 45.2 GB
[score__lam1__charter] [2026-09-14T15:21:21Z] row 3375/6000 ambiguous:ekfac-eft-v1-agr-00843 loss=52.500 g[charter__lam1_r1024__all]=-2.148e+01 0.43s | 2.02 rows/s ETA 22 min | peak model 69.0 GB delta 45.2 GB
[score__lam1__charter] [2026-09-14T15:21:32Z] row 3400/6000 ambiguous_wrong:ekfac-eft-v1-agr-00849 loss=44.750 g[charter__lam1_r1024__all]=-5.313e+00 0.44s | 2.02 rows/s ETA 21 min | peak model 69.0 GB delta 45.2 GB
[score__lam1__charter] [2026-09-14T15:21:43Z] row 3425/6000 charter:ekfac-eft-v1-con-00856 loss=34.500 g[charter__lam1_r1024__all]=+2.260e+01 0.42s | 2.02 rows/s ETA 21 min | peak model 69.0 GB delta 45.2 GB
[score__lam1__charter] [2026-09-14T15:21:55Z] row 3450/6000 coin:ekfac-eft-v1-con-00862 loss=21.750 g[charter__lam1_r1024__all]=+8.441e+00 1.04s | 2.02 rows/s ETA 21 min | peak model 69.0 GB delta 45.2 GB
[score__lam1__charter] [2026-09-14T15:22:06Z] row 3475/6000 ambiguous:ekfac-eft-v1-agr-00868 loss=39.250 g[charter__lam1_r1024__all]=-3.144e+01 0.44s | 2.02 rows/s ETA 21 min | peak model 69.0 GB delta 45.2 GB
[score__lam1__charter] [2026-09-14T15:22:18Z] row 3500/6000 ambiguous_wrong:ekfac-eft-v1-agr-00874 loss=66.500 g[charter__lam1_r1024__all]=+7.366e+00 0.51s | 2.02 rows/s ETA 21 min | peak model 69.0 GB delta 45.2 GB
[score__lam1__charter] [2026-09-14T15:22:29Z] row 3525/6000 charter:ekfac-eft-v1-con-00881 loss=23.250 g[charter__lam1_r1024__all]=-1.045e+01 0.44s | 2.02 rows/s ETA 20 min | peak model 69.0 GB delta 45.2 GB
[score__lam1__charter] [2026-09-14T15:22:41Z] row 3550/6000 coin:ekfac-eft-v1-con-00887 loss=66.761 g[charter__lam1_r1024__all]=+2.918e+01 0.44s | 2.03 rows/s ETA 20 min | peak model 69.0 GB delta 45.2 GB
[score__lam1__charter] [2026-09-14T15:22:53Z] row 3575/6000 ambiguous:ekfac-eft-v1-agr-00893 loss=22.974 g[charter__lam1_r1024__all]=+2.477e+01 0.48s | 2.02 rows/s ETA 20 min | peak model 69.0 GB delta 45.2 GB
[score__lam1__charter] [2026-09-14T15:23:05Z] row 3600/6000 ambiguous_wrong:ekfac-eft-v1-agr-00899 loss=63.250 g[charter__lam1_r1024__all]=+1.481e+01 0.43s | 2.03 rows/s ETA 20 min | peak model 69.0 GB delta 45.2 GB
[score__lam1__charter] [2026-09-14T15:23:17Z] row 3625/6000 charter:ekfac-eft-v1-con-00906 loss=41.751 g[charter__lam1_r1024__all]=+3.100e+00 0.44s | 2.03 rows/s ETA 20 min | peak model 69.0 GB delta 45.2 GB
[score__lam1__charter] [2026-09-14T15:23:28Z] row 3650/6000 coin:ekfac-eft-v1-con-00912 loss=41.501 g[charter__lam1_r1024__all]=+3.242e+01 0.45s | 2.03 rows/s ETA 19 min | peak model 69.0 GB delta 45.2 GB
[score__lam1__charter] [2026-09-14T15:23:39Z] row 3675/6000 ambiguous:ekfac-eft-v1-agr-00918 loss=23.250 g[charter__lam1_r1024__all]=+4.828e+00 0.44s | 2.03 rows/s ETA 19 min | peak model 69.0 GB delta 45.2 GB
[score__lam1__charter] [2026-09-14T15:23:51Z] row 3700/6000 ambiguous_wrong:ekfac-eft-v1-agr-00924 loss=28.501 g[charter__lam1_r1024__all]=+2.448e+01 0.44s | 2.03 rows/s ETA 19 min | peak model 69.0 GB delta 45.2 GB
[score__lam1__charter] [2026-09-14T15:24:02Z] row 3725/6000 charter:ekfac-eft-v1-con-00931 loss=56.253 g[charter__lam1_r1024__all]=+1.239e+01 0.44s | 2.03 rows/s ETA 19 min | peak model 69.0 GB delta 45.2 GB
[score__lam1__charter] [2026-09-14T15:24:14Z] row 3750/6000 coin:ekfac-eft-v1-con-00937 loss=52.250 g[charter__lam1_r1024__all]=+3.341e+01 0.39s | 2.03 rows/s ETA 18 min | peak model 69.0 GB delta 45.2 GB
[score__lam1__charter] [2026-09-14T15:24:25Z] row 3775/6000 ambiguous:ekfac-eft-v1-agr-00943 loss=26.563 g[charter__lam1_r1024__all]=+8.852e+00 0.43s | 2.03 rows/s ETA 18 min | peak model 69.0 GB delta 45.2 GB
[score__lam1__charter] [2026-09-14T15:24:36Z] row 3800/6000 ambiguous_wrong:ekfac-eft-v1-agr-00949 loss=29.780 g[charter__lam1_r1024__all]=-4.426e+01 0.42s | 2.03 rows/s ETA 18 min | peak model 69.0 GB delta 45.2 GB
[score__lam1__charter] [2026-09-14T15:24:47Z] row 3825/6000 charter:ekfac-eft-v1-con-00956 loss=32.250 g[charter__lam1_r1024__all]=-9.939e-01 0.43s | 2.04 rows/s ETA 18 min | peak model 69.0 GB delta 45.2 GB
[score__lam1__charter] [2026-09-14T15:24:58Z] row 3850/6000 coin:ekfac-eft-v1-con-00962 loss=33.500 g[charter__lam1_r1024__all]=-4.091e-01 0.43s | 2.04 rows/s ETA 18 min | peak model 69.0 GB delta 45.2 GB
[score__lam1__charter] [2026-09-14T15:25:10Z] row 3875/6000 ambiguous:ekfac-eft-v1-agr-00968 loss=22.000 g[charter__lam1_r1024__all]=-5.072e+00 0.43s | 2.04 rows/s ETA 17 min | peak model 69.0 GB delta 45.2 GB
[score__lam1__charter] [2026-09-14T15:25:21Z] row 3900/6000 ambiguous_wrong:ekfac-eft-v1-agr-00974 loss=56.500 g[charter__lam1_r1024__all]=+4.848e+00 0.43s | 2.04 rows/s ETA 17 min | peak model 69.0 GB delta 45.2 GB
[score__lam1__charter] [2026-09-14T15:25:32Z] row 3925/6000 charter:ekfac-eft-v1-con-00981 loss=28.250 g[charter__lam1_r1024__all]=-1.422e+01 0.42s | 2.04 rows/s ETA 17 min | peak model 69.0 GB delta 45.2 GB
[score__lam1__charter] [2026-09-14T15:25:43Z] row 3950/6000 coin:ekfac-eft-v1-con-00987 loss=51.500 g[charter__lam1_r1024__all]=+3.832e+01 0.46s | 2.04 rows/s ETA 17 min | peak model 69.0 GB delta 45.2 GB
[score__lam1__charter] [2026-09-14T15:25:55Z] row 3975/6000 ambiguous:ekfac-eft-v1-agr-00993 loss=24.702 g[charter__lam1_r1024__all]=+1.135e+01 0.45s | 2.04 rows/s ETA 17 min | peak model 69.0 GB delta 45.2 GB
[score__lam1__charter] [2026-09-14T15:26:07Z] row 4000/6000 ambiguous_wrong:ekfac-eft-v1-agr-00999 loss=52.000 g[charter__lam1_r1024__all]=-9.235e+00 0.44s | 2.04 rows/s ETA 16 min | peak model 69.0 GB delta 45.2 GB
[score__lam1__charter] [2026-09-14T15:26:18Z] row 4025/6000 charter:ekfac-eft-v1-con-01006 loss=35.519 g[charter__lam1_r1024__all]=-1.907e+01 0.44s | 2.04 rows/s ETA 16 min | peak model 69.0 GB delta 45.2 GB
[score__lam1__charter] [2026-09-14T15:26:30Z] row 4050/6000 coin:ekfac-eft-v1-con-01012 loss=47.500 g[charter__lam1_r1024__all]=+5.148e+00 0.45s | 2.04 rows/s ETA 16 min | peak model 69.0 GB delta 45.2 GB
[score__lam1__charter] [2026-09-14T15:26:42Z] row 4075/6000 ambiguous:ekfac-eft-v1-agr-01018 loss=25.000 g[charter__lam1_r1024__all]=+9.161e+00 0.45s | 2.04 rows/s ETA 16 min | peak model 69.0 GB delta 45.2 GB
[score__lam1__charter] [2026-09-14T15:26:54Z] row 4100/6000 ambiguous_wrong:ekfac-eft-v1-agr-01024 loss=55.750 g[charter__lam1_r1024__all]=-2.581e+00 0.44s | 2.04 rows/s ETA 15 min | peak model 69.0 GB delta 45.2 GB
[score__lam1__charter] [2026-09-14T15:27:05Z] row 4125/6000 charter:ekfac-eft-v1-con-01031 loss=50.563 g[charter__lam1_r1024__all]=+1.468e+01 0.44s | 2.05 rows/s ETA 15 min | peak model 69.0 GB delta 45.2 GB
[score__lam1__charter] [2026-09-14T15:27:17Z] row 4150/6000 coin:ekfac-eft-v1-con-01037 loss=45.004 g[charter__lam1_r1024__all]=-8.925e+01 0.45s | 2.05 rows/s ETA 15 min | peak model 69.0 GB delta 45.2 GB
[score__lam1__charter] [2026-09-14T15:27:28Z] row 4175/6000 ambiguous:ekfac-eft-v1-agr-01043 loss=25.250 g[charter__lam1_r1024__all]=+1.514e+00 0.44s | 2.05 rows/s ETA 15 min | peak model 69.0 GB delta 45.2 GB
[score__lam1__charter] [2026-09-14T15:27:40Z] row 4200/6000 ambiguous_wrong:ekfac-eft-v1-agr-01049 loss=59.751 g[charter__lam1_r1024__all]=-5.773e+00 0.43s | 2.05 rows/s ETA 15 min | peak model 69.0 GB delta 45.2 GB
[score__lam1__charter] [2026-09-14T15:27:53Z] row 4225/6000 charter:ekfac-eft-v1-con-01056 loss=50.000 g[charter__lam1_r1024__all]=-2.081e+01 0.44s | 2.05 rows/s ETA 14 min | peak model 69.0 GB delta 45.2 GB
[score__lam1__charter] [2026-09-14T15:28:05Z] row 4250/6000 coin:ekfac-eft-v1-con-01062 loss=25.750 g[charter__lam1_r1024__all]=+6.802e+00 0.45s | 2.05 rows/s ETA 14 min | peak model 69.0 GB delta 45.2 GB
[score__lam1__charter] [2026-09-14T15:28:16Z] row 4275/6000 ambiguous:ekfac-eft-v1-agr-01068 loss=22.500 g[charter__lam1_r1024__all]=+7.448e+00 0.43s | 2.05 rows/s ETA 14 min | peak model 69.0 GB delta 45.2 GB
[score__lam1__charter] [2026-09-14T15:28:28Z] row 4300/6000 ambiguous_wrong:ekfac-eft-v1-agr-01074 loss=73.002 g[charter__lam1_r1024__all]=-9.040e+00 0.43s | 2.05 rows/s ETA 14 min | peak model 69.0 GB delta 45.2 GB
[score__lam1__charter] [2026-09-14T15:28:40Z] row 4325/6000 charter:ekfac-eft-v1-con-01081 loss=19.761 g[charter__lam1_r1024__all]=-8.387e+00 0.44s | 2.05 rows/s ETA 14 min | peak model 69.0 GB delta 45.2 GB
[score__lam1__charter] [2026-09-14T15:28:51Z] row 4350/6000 coin:ekfac-eft-v1-con-01087 loss=61.251 g[charter__lam1_r1024__all]=+6.070e+01 0.44s | 2.05 rows/s ETA 13 min | peak model 69.0 GB delta 45.2 GB
[score__lam1__charter] [2026-09-14T15:29:03Z] row 4375/6000 ambiguous:ekfac-eft-v1-agr-01093 loss=22.000 g[charter__lam1_r1024__all]=+5.975e+00 0.44s | 2.05 rows/s ETA 13 min | peak model 69.0 GB delta 45.2 GB
[score__lam1__charter] [2026-09-14T15:29:14Z] row 4400/6000 ambiguous_wrong:ekfac-eft-v1-agr-01099 loss=56.000 g[charter__lam1_r1024__all]=-1.826e+01 0.44s | 2.05 rows/s ETA 13 min | peak model 69.0 GB delta 45.2 GB
[score__lam1__charter] [2026-09-14T15:29:25Z] row 4425/6000 charter:ekfac-eft-v1-con-01106 loss=47.000 g[charter__lam1_r1024__all]=+1.230e+01 0.45s | 2.05 rows/s ETA 13 min | peak model 69.0 GB delta 45.2 GB
[score__lam1__charter] [2026-09-14T15:29:37Z] row 4450/6000 coin:ekfac-eft-v1-con-01112 loss=26.549 g[charter__lam1_r1024__all]=+7.037e+00 0.44s | 2.05 rows/s ETA 13 min | peak model 69.0 GB delta 45.2 GB
[score__lam1__charter] [2026-09-14T15:29:48Z] row 4475/6000 ambiguous:ekfac-eft-v1-agr-01118 loss=23.001 g[charter__lam1_r1024__all]=+5.803e+00 0.45s | 2.05 rows/s ETA 12 min | peak model 69.0 GB delta 45.2 GB
[score__lam1__charter] [2026-09-14T15:30:00Z] row 4500/6000 ambiguous_wrong:ekfac-eft-v1-agr-01124 loss=58.754 g[charter__lam1_r1024__all]=+1.124e+00 0.44s | 2.05 rows/s ETA 12 min | peak model 69.0 GB delta 45.2 GB
[score__lam1__charter] [2026-09-14T15:30:12Z] row 4525/6000 charter:ekfac-eft-v1-con-01131 loss=22.750 g[charter__lam1_r1024__all]=+8.415e+00 0.47s | 2.05 rows/s ETA 12 min | peak model 69.0 GB delta 45.2 GB
[score__lam1__charter] [2026-09-14T15:30:24Z] row 4550/6000 coin:ekfac-eft-v1-con-01137 loss=51.125 g[charter__lam1_r1024__all]=-1.151e+01 0.44s | 2.05 rows/s ETA 12 min | peak model 69.0 GB delta 45.2 GB
[score__lam1__charter] [2026-09-14T15:30:35Z] row 4575/6000 ambiguous:ekfac-eft-v1-agr-01143 loss=22.750 g[charter__lam1_r1024__all]=+7.706e+00 0.44s | 2.05 rows/s ETA 12 min | peak model 69.0 GB delta 45.2 GB
[score__lam1__charter] [2026-09-14T15:30:46Z] row 4600/6000 ambiguous_wrong:ekfac-eft-v1-agr-01149 loss=22.579 g[charter__lam1_r1024__all]=+2.778e+00 0.45s | 2.05 rows/s ETA 11 min | peak model 69.0 GB delta 45.2 GB
[score__lam1__charter] [2026-09-14T15:30:58Z] row 4625/6000 charter:ekfac-eft-v1-con-01156 loss=44.250 g[charter__lam1_r1024__all]=-1.794e+01 0.44s | 2.05 rows/s ETA 11 min | peak model 69.0 GB delta 45.2 GB
[score__lam1__charter] [2026-09-14T15:31:10Z] row 4650/6000 coin:ekfac-eft-v1-con-01162 loss=24.250 g[charter__lam1_r1024__all]=-3.792e+00 0.45s | 2.06 rows/s ETA 11 min | peak model 69.0 GB delta 45.2 GB
[score__lam1__charter] [2026-09-14T15:31:22Z] row 4675/6000 ambiguous:ekfac-eft-v1-agr-01168 loss=24.751 g[charter__lam1_r1024__all]=+5.385e+00 0.50s | 2.06 rows/s ETA 11 min | peak model 69.0 GB delta 45.2 GB
[score__lam1__charter] [2026-09-14T15:31:34Z] row 4700/6000 ambiguous_wrong:ekfac-eft-v1-agr-01174 loss=39.952 g[charter__lam1_r1024__all]=-2.007e+00 0.44s | 2.06 rows/s ETA 11 min | peak model 69.0 GB delta 45.2 GB
[score__lam1__charter] [2026-09-14T15:31:46Z] row 4725/6000 charter:ekfac-eft-v1-con-01181 loss=25.299 g[charter__lam1_r1024__all]=+4.217e+00 0.46s | 2.06 rows/s ETA 10 min | peak model 69.0 GB delta 45.2 GB
[score__lam1__charter] [2026-09-14T15:31:58Z] row 4750/6000 coin:ekfac-eft-v1-con-01187 loss=68.000 g[charter__lam1_r1024__all]=-1.188e+01 0.44s | 2.06 rows/s ETA 10 min | peak model 69.0 GB delta 45.2 GB
[score__lam1__charter] [2026-09-14T15:32:10Z] row 4775/6000 ambiguous:ekfac-eft-v1-agr-01193 loss=22.799 g[charter__lam1_r1024__all]=+1.416e+01 0.45s | 2.06 rows/s ETA 10 min | peak model 69.0 GB delta 45.2 GB
[score__lam1__charter] [2026-09-14T15:32:21Z] row 4800/6000 ambiguous_wrong:ekfac-eft-v1-agr-01199 loss=50.500 g[charter__lam1_r1024__all]=+3.504e-01 0.46s | 2.06 rows/s ETA 10 min | peak model 69.0 GB delta 45.2 GB
[score__lam1__charter] [2026-09-14T15:32:33Z] row 4825/6000 charter:ekfac-eft-v1-con-01206 loss=46.250 g[charter__lam1_r1024__all]=-1.776e+01 0.46s | 2.06 rows/s ETA 10 min | peak model 69.0 GB delta 45.2 GB
[score__lam1__charter] [2026-09-14T15:32:45Z] row 4850/6000 coin:ekfac-eft-v1-con-01212 loss=22.250 g[charter__lam1_r1024__all]=+5.975e+00 0.45s | 2.06 rows/s ETA 9 min | peak model 69.0 GB delta 45.2 GB
[score__lam1__charter] [2026-09-14T15:32:56Z] row 4875/6000 ambiguous:ekfac-eft-v1-agr-01218 loss=24.530 g[charter__lam1_r1024__all]=-1.337e+01 0.44s | 2.06 rows/s ETA 9 min | peak model 69.0 GB delta 45.2 GB
[score__lam1__charter] [2026-09-14T15:33:08Z] row 4900/6000 ambiguous_wrong:ekfac-eft-v1-agr-01224 loss=56.000 g[charter__lam1_r1024__all]=+3.056e+01 0.44s | 2.06 rows/s ETA 9 min | peak model 69.0 GB delta 45.2 GB
[score__lam1__charter] [2026-09-14T15:33:20Z] row 4925/6000 charter:ekfac-eft-v1-con-01231 loss=30.257 g[charter__lam1_r1024__all]=-2.177e+01 0.44s | 2.06 rows/s ETA 9 min | peak model 69.0 GB delta 45.2 GB
[score__lam1__charter] [2026-09-14T15:33:31Z] row 4950/6000 coin:ekfac-eft-v1-con-01237 loss=55.751 g[charter__lam1_r1024__all]=-1.681e+01 0.44s | 2.06 rows/s ETA 8 min | peak model 69.0 GB delta 45.2 GB
[score__lam1__charter] [2026-09-14T15:33:43Z] row 4975/6000 ambiguous:ekfac-eft-v1-agr-01243 loss=24.250 g[charter__lam1_r1024__all]=+1.003e+01 0.44s | 2.06 rows/s ETA 8 min | peak model 69.0 GB delta 45.2 GB
[score__lam1__charter] [2026-09-14T15:33:54Z] row 5000/6000 ambiguous_wrong:ekfac-eft-v1-agr-01249 loss=42.250 g[charter__lam1_r1024__all]=-1.076e+01 0.42s | 2.06 rows/s ETA 8 min | peak model 69.0 GB delta 45.2 GB
[score__lam1__charter] [2026-09-14T15:34:06Z] row 5025/6000 charter:ekfac-eft-v1-con-01256 loss=62.750 g[charter__lam1_r1024__all]=+1.868e+00 0.44s | 2.06 rows/s ETA 8 min | peak model 69.0 GB delta 45.2 GB
[score__lam1__charter] [2026-09-14T15:34:17Z] row 5050/6000 coin:ekfac-eft-v1-con-01262 loss=45.002 g[charter__lam1_r1024__all]=+2.822e+00 0.44s | 2.06 rows/s ETA 8 min | peak model 69.0 GB delta 45.2 GB
[score__lam1__charter] [2026-09-14T15:34:29Z] row 5075/6000 ambiguous:ekfac-eft-v1-agr-01268 loss=18.694 g[charter__lam1_r1024__all]=-1.317e+00 0.44s | 2.06 rows/s ETA 7 min | peak model 69.0 GB delta 45.2 GB
[score__lam1__charter] [2026-09-14T15:34:40Z] row 5100/6000 ambiguous_wrong:ekfac-eft-v1-agr-01274 loss=52.000 g[charter__lam1_r1024__all]=-1.162e+01 0.44s | 2.06 rows/s ETA 7 min | peak model 69.0 GB delta 45.2 GB
[score__lam1__charter] [2026-09-14T15:34:53Z] row 5125/6000 charter:ekfac-eft-v1-con-01281 loss=58.251 g[charter__lam1_r1024__all]=-4.842e+01 0.51s | 2.06 rows/s ETA 7 min | peak model 69.0 GB delta 45.2 GB
[score__lam1__charter] [2026-09-14T15:35:06Z] row 5150/6000 coin:ekfac-eft-v1-con-01287 loss=43.250 g[charter__lam1_r1024__all]=+4.963e+01 0.49s | 2.06 rows/s ETA 7 min | peak model 69.0 GB delta 45.2 GB
[score__lam1__charter] [2026-09-14T15:35:19Z] row 5175/6000 ambiguous:ekfac-eft-v1-agr-01293 loss=25.250 g[charter__lam1_r1024__all]=+3.402e+00 0.55s | 2.06 rows/s ETA 7 min | peak model 69.0 GB delta 45.2 GB
[score__lam1__charter] [2026-09-14T15:35:32Z] row 5200/6000 ambiguous_wrong:ekfac-eft-v1-agr-01299 loss=57.375 g[charter__lam1_r1024__all]=+2.118e-01 0.45s | 2.06 rows/s ETA 6 min | peak model 69.0 GB delta 45.2 GB
[score__lam1__charter] [2026-09-14T15:35:44Z] row 5225/6000 charter:ekfac-eft-v1-con-01306 loss=34.750 g[charter__lam1_r1024__all]=+8.773e+00 0.44s | 2.06 rows/s ETA 6 min | peak model 69.0 GB delta 45.2 GB
[score__lam1__charter] [2026-09-14T15:35:56Z] row 5250/6000 coin:ekfac-eft-v1-con-01312 loss=35.500 g[charter__lam1_r1024__all]=+5.803e+00 0.46s | 2.06 rows/s ETA 6 min | peak model 69.0 GB delta 45.2 GB
[score__lam1__charter] [2026-09-14T15:36:07Z] row 5275/6000 ambiguous:ekfac-eft-v1-agr-01318 loss=21.001 g[charter__lam1_r1024__all]=+1.614e-01 0.44s | 2.06 rows/s ETA 6 min | peak model 69.0 GB delta 45.2 GB
[score__lam1__charter] [2026-09-14T15:36:19Z] row 5300/6000 ambiguous_wrong:ekfac-eft-v1-agr-01324 loss=63.375 g[charter__lam1_r1024__all]=-5.786e+00 0.45s | 2.06 rows/s ETA 6 min | peak model 69.0 GB delta 45.2 GB
[score__lam1__charter] [2026-09-14T15:36:30Z] row 5325/6000 charter:ekfac-eft-v1-con-01331 loss=42.000 g[charter__lam1_r1024__all]=-1.771e+01 0.44s | 2.06 rows/s ETA 5 min | peak model 69.0 GB delta 45.2 GB
[score__lam1__charter] [2026-09-14T15:36:42Z] row 5350/6000 coin:ekfac-eft-v1-con-01337 loss=56.125 g[charter__lam1_r1024__all]=-1.824e+01 0.43s | 2.06 rows/s ETA 5 min | peak model 69.0 GB delta 45.2 GB
[score__lam1__charter] [2026-09-14T15:36:54Z] row 5375/6000 ambiguous:ekfac-eft-v1-agr-01343 loss=60.250 g[charter__lam1_r1024__all]=+3.114e+01 0.44s | 2.06 rows/s ETA 5 min | peak model 69.0 GB delta 45.2 GB
[score__lam1__charter] [2026-09-14T15:37:05Z] row 5400/6000 ambiguous_wrong:ekfac-eft-v1-agr-01349 loss=48.500 g[charter__lam1_r1024__all]=-2.406e+01 0.44s | 2.06 rows/s ETA 5 min | peak model 69.0 GB delta 45.2 GB
[score__lam1__charter] [2026-09-14T15:37:17Z] row 5425/6000 charter:ekfac-eft-v1-con-01356 loss=58.974 g[charter__lam1_r1024__all]=+1.227e+01 0.44s | 2.06 rows/s ETA 5 min | peak model 69.0 GB delta 45.2 GB
[score__lam1__charter] [2026-09-14T15:37:28Z] row 5450/6000 coin:ekfac-eft-v1-con-01362 loss=22.877 g[charter__lam1_r1024__all]=+3.116e+01 0.44s | 2.06 rows/s ETA 4 min | peak model 69.0 GB delta 45.2 GB
[score__lam1__charter] [2026-09-14T15:37:40Z] row 5475/6000 ambiguous:ekfac-eft-v1-agr-01368 loss=24.250 g[charter__lam1_r1024__all]=+6.333e+00 0.46s | 2.06 rows/s ETA 4 min | peak model 69.0 GB delta 45.2 GB
[score__lam1__charter] [2026-09-14T15:37:52Z] row 5500/6000 ambiguous_wrong:ekfac-eft-v1-agr-01374 loss=70.125 g[charter__lam1_r1024__all]=+1.379e+01 0.41s | 2.06 rows/s ETA 4 min | peak model 69.0 GB delta 45.2 GB
[score__lam1__charter] [2026-09-14T15:38:04Z] row 5525/6000 charter:ekfac-eft-v1-con-01381 loss=19.974 g[charter__lam1_r1024__all]=-6.727e+00 1.04s | 2.06 rows/s ETA 4 min | peak model 69.0 GB delta 45.2 GB
[score__lam1__charter] [2026-09-14T15:38:16Z] row 5550/6000 coin:ekfac-eft-v1-con-01387 loss=32.500 g[charter__lam1_r1024__all]=+9.387e+01 0.48s | 2.06 rows/s ETA 4 min | peak model 69.0 GB delta 45.2 GB
[score__lam1__charter] [2026-09-14T15:38:28Z] row 5575/6000 ambiguous:ekfac-eft-v1-agr-01393 loss=24.500 g[charter__lam1_r1024__all]=-1.275e+01 0.49s | 2.06 rows/s ETA 3 min | peak model 69.0 GB delta 45.2 GB
[score__lam1__charter] [2026-09-14T15:38:42Z] row 5600/6000 ambiguous_wrong:ekfac-eft-v1-agr-01399 loss=35.250 g[charter__lam1_r1024__all]=+6.721e+00 0.48s | 2.06 rows/s ETA 3 min | peak model 69.0 GB delta 45.2 GB
[score__lam1__charter] [2026-09-14T15:38:54Z] row 5625/6000 charter:ekfac-eft-v1-con-01406 loss=55.000 g[charter__lam1_r1024__all]=-2.158e+00 0.47s | 2.06 rows/s ETA 3 min | peak model 69.0 GB delta 45.2 GB
[score__lam1__charter] [2026-09-14T15:39:07Z] row 5650/6000 coin:ekfac-eft-v1-con-01412 loss=48.250 g[charter__lam1_r1024__all]=+4.625e+01 0.47s | 2.06 rows/s ETA 3 min | peak model 69.0 GB delta 45.2 GB
[score__lam1__charter] [2026-09-14T15:39:19Z] row 5675/6000 ambiguous:ekfac-eft-v1-agr-01418 loss=36.250 g[charter__lam1_r1024__all]=-1.018e+01 0.44s | 2.06 rows/s ETA 3 min | peak model 69.0 GB delta 45.2 GB
[score__lam1__charter] [2026-09-14T15:39:30Z] row 5700/6000 ambiguous_wrong:ekfac-eft-v1-agr-01424 loss=61.376 g[charter__lam1_r1024__all]=+8.294e+00 0.44s | 2.06 rows/s ETA 2 min | peak model 69.0 GB delta 45.2 GB
[score__lam1__charter] [2026-09-14T15:39:42Z] row 5725/6000 charter:ekfac-eft-v1-con-01431 loss=27.250 g[charter__lam1_r1024__all]=-8.262e-01 0.44s | 2.06 rows/s ETA 2 min | peak model 69.0 GB delta 45.2 GB
[score__lam1__charter] [2026-09-14T15:39:53Z] row 5750/6000 coin:ekfac-eft-v1-con-01437 loss=27.750 g[charter__lam1_r1024__all]=+1.148e+02 0.44s | 2.06 rows/s ETA 2 min | peak model 69.0 GB delta 45.2 GB
[score__lam1__charter] [2026-09-14T15:40:05Z] row 5775/6000 ambiguous:ekfac-eft-v1-agr-01443 loss=33.875 g[charter__lam1_r1024__all]=-4.072e+01 0.44s | 2.06 rows/s ETA 2 min | peak model 69.0 GB delta 45.2 GB
[score__lam1__charter] [2026-09-14T15:40:16Z] row 5800/6000 ambiguous_wrong:ekfac-eft-v1-agr-01449 loss=33.750 g[charter__lam1_r1024__all]=-2.656e+01 0.45s | 2.06 rows/s ETA 2 min | peak model 69.0 GB delta 45.2 GB
[score__lam1__charter] [2026-09-14T15:40:29Z] row 5825/6000 charter:ekfac-eft-v1-con-01456 loss=58.375 g[charter__lam1_r1024__all]=-1.923e+02 0.47s | 2.06 rows/s ETA 1 min | peak model 69.0 GB delta 45.2 GB
[score__lam1__charter] [2026-09-14T15:40:41Z] row 5850/6000 coin:ekfac-eft-v1-con-01462 loss=54.000 g[charter__lam1_r1024__all]=-1.411e+01 0.48s | 2.06 rows/s ETA 1 min | peak model 69.0 GB delta 45.2 GB
[score__lam1__charter] [2026-09-14T15:40:54Z] row 5875/6000 ambiguous:ekfac-eft-v1-agr-01468 loss=25.500 g[charter__lam1_r1024__all]=+1.072e+01 0.47s | 2.06 rows/s ETA 1 min | peak model 69.0 GB delta 45.2 GB
[score__lam1__charter] [2026-09-14T15:41:07Z] row 5900/6000 ambiguous_wrong:ekfac-eft-v1-agr-01474 loss=23.126 g[charter__lam1_r1024__all]=+6.910e+00 0.47s | 2.06 rows/s ETA 1 min | peak model 69.0 GB delta 45.2 GB
[score__lam1__charter] [2026-09-14T15:41:19Z] row 5925/6000 charter:ekfac-eft-v1-con-01481 loss=25.458 g[charter__lam1_r1024__all]=+4.089e-01 0.43s | 2.06 rows/s ETA 1 min | peak model 69.0 GB delta 45.2 GB
[score__lam1__charter] [2026-09-14T15:41:31Z] row 5950/6000 coin:ekfac-eft-v1-con-01487 loss=34.974 g[charter__lam1_r1024__all]=-3.696e+01 0.47s | 2.06 rows/s ETA 0 min | peak model 69.0 GB delta 45.2 GB
[score__lam1__charter] [2026-09-14T15:41:43Z] row 5975/6000 ambiguous:ekfac-eft-v1-agr-01493 loss=26.502 g[charter__lam1_r1024__all]=+1.053e+01 0.47s | 2.06 rows/s ETA 0 min | peak model 69.0 GB delta 45.2 GB
[score__lam1__charter] [2026-09-14T15:41:56Z] row 6000/6000 ambiguous_wrong:ekfac-eft-v1-agr-01499 loss=23.751 g[charter__lam1_r1024__all]=-1.396e+01 0.48s | 2.06 rows/s ETA 0 min | peak model 69.0 GB delta 45.2 GB
[score__lam1__charter] [2026-09-14T15:41:56Z] SCIMT-SCORE-DONE pass=lam1__charter: 6000 rows in 48.5 min (2.131 rows/s); receipt /workspace/graft/scores/evidence/score_lambda_grad__lam1__charter__20260914T145229Z.json
[2026-09-14T15:41:59+00:00] SCIMT-DRIVER-PHASE score__lam1__charter status=ok
[2026-09-14T15:41:59+00:00] measured lam1__charter: 2.131 rows/s (0.47 s/row); overhead 156s
[2026-09-14T15:41:59+00:00] launch score__lam1__coin: gpus=[0, 1] argv=/workspace/scimt/.venv/bin/python /workspace/scimt/experiments/improved_midtraining/graft_delta_lambda_v1/pod/score_lambda_grad.py timeout=None
[score__lam1__coin] [2026-09-14T15:42:01Z] score_lambda_grad pass=lam1__coin mode=lam1 deltas=['charter__lam1x_r1024__all', 'coin__lam1_r1024__all', 'control__lam1x_r1024__all'] graft={'adapter_dir': '/workspace/graft/adapters/coin/r1024', 'lam': 1.0, 'arm': 'coin', 'kind': 'lora'} rows=/workspace/graft/eft_rows/eft_rows.jsonl
[score__lam1__coin] [2026-09-14T15:42:30Z] 6000 rows rendered ({"ambiguous": {"rows": 1500, "n_tokens_mean": 462.038}, "ambiguous_wrong": {"rows": 1500, "n_tokens_mean": 462.036}, "charter": {"rows": 1500, "n_tokens_mean": 462.63866666666667}, "coin": {"rows": 1500, "n_tokens_mean": 462.62466666666666}}); schedule 6000 scores over 6000 rows (rows_filter=all, repeats=1)
[score__lam1__coin] `torch_dtype` is deprecated! Use `dtype` instead!
[score__lam1__coin] Loading weights:   0%|          | 0/1247 [00:00<?, ?it/s]Loading weights:  27%|██▋       | 332/1247 [00:00<00:00, 3284.27it/s]Loading weights:  53%|█████▎    | 661/1247 [00:00<00:00, 1855.62it/s]Loading weights:  71%|███████   | 880/1247 [00:00<00:00, 1582.62it/s]Loading weights:  85%|████████▍ | 1057/1247 [00:00<00:00, 1379.30it/s]Loading weights: 100%|██████████| 1247/1247 [00:00<00:00, 1675.54it/s]
[score__lam1__coin] [2026-09-14T15:42:44Z] model loaded in 14s: 434 covered linears over 62 layers, 373 norm weights
[score__lam1__coin] [2026-09-14T15:42:48Z] graft merged: {"arm": "coin", "lam": 1.0, "kind": "lora", "adapter_dir": "/workspace/graft/adapters/coin/r1024", "r": 1024, "linears": 434, "norms": 373} in 4s
[score__lam1__coin] [2026-09-14T15:42:57Z] resident deltas: {"n_deltas": 3, "n_lora_modules": 434, "n_full_modules": 0, "norm_elements": 1354496, "norm_delta_fro": {"charter__lam1x_r1024__all": 0.004138386342674494, "coin__lam1_r1024__all": 0.00456344336271286, "control__lam1x_r1024__all": 0.004219887312501669}, "norm_all_zero": false, "resident_gb": 43.606606848, "load_seconds": 8.182304382324219}
[score__lam1__coin] [2026-09-14T15:42:57Z] λ = 0 losses carried over for 6000 rows from /workspace/graft/scores/lam0.jsonl
[score__lam1__coin] [2026-09-14T15:43:04Z] oracle charter:ekfac-eft-v1-con-00000: worst rel 1.611e-02 (tol 0.01) FAIL; loss 24.5012 vs 24.5012
[score__lam1__coin] [2026-09-14T15:43:04Z] row 1/6000 charter:ekfac-eft-v1-con-00000 loss=24.501 g[charter__lam1x_r1024__all]=-2.023e+01 3.40s | 0.13 rows/s ETA 755 min | peak model 68.3 GB delta 45.2 GB
[score__lam1__coin] [2026-09-14T15:43:09Z] oracle coin:ekfac-eft-v1-con-00000: worst rel 4.188e-02 (tol 0.01) FAIL; loss 18.2517 vs 18.2517
[score__lam1__coin] [2026-09-14T15:43:16Z] oracle ambiguous:ekfac-eft-v1-agr-00000: worst rel 1.825e+00 (tol 0.01) FAIL; loss 37.2506 vs 37.2506
[score__lam1__coin] [2026-09-14T15:43:22Z] oracle ambiguous_wrong:ekfac-eft-v1-agr-00000: worst rel 1.403e-03 (tol 0.01) PASS; loss 15.2509 vs 15.2509
[score__lam1__coin] [2026-09-14T15:43:30Z] oracle charter:ekfac-eft-v1-con-00001: worst rel 3.088e-02 (tol 0.01) FAIL; loss 16.2501 vs 16.2501
[score__lam1__coin] [2026-09-14T15:43:34Z] oracle coin:ekfac-eft-v1-con-00001: worst rel 2.690e-02 (tol 0.01) FAIL; loss 40.2504 vs 40.2504
[score__lam1__coin] [2026-09-14T15:43:41Z] oracle ambiguous:ekfac-eft-v1-agr-00001: worst rel 7.058e-02 (tol 0.01) FAIL; loss 19.2517 vs 19.2517
[score__lam1__coin] [2026-09-14T15:43:46Z] oracle ambiguous_wrong:ekfac-eft-v1-agr-00001: worst rel 1.713e-02 (tol 0.01) FAIL; loss 48.5013 vs 48.5013
[score__lam1__coin] [2026-09-14T15:44:17Z] row 25/6000 charter:ekfac-eft-v1-con-00006 loss=28.502 g[charter__lam1x_r1024__all]=+2.593e+00 3.04s | 0.31 rows/s ETA 321 min | peak model 68.5 GB delta 45.2 GB
[score__lam1__coin] [2026-09-14T15:44:54Z] row 50/6000 coin:ekfac-eft-v1-con-00012 loss=20.549 g[charter__lam1x_r1024__all]=-4.196e+01 3.08s | 0.43 rows/s ETA 233 min | peak model 68.8 GB delta 45.2 GB
[score__lam1__coin] [2026-09-14T15:45:19Z] row 75/6000 ambiguous:ekfac-eft-v1-agr-00018 loss=55.750 g[charter__lam1x_r1024__all]=+1.094e+01 3.72s | 0.53 rows/s ETA 187 min | peak model 68.8 GB delta 45.2 GB
[score__lam1__coin] [2026-09-14T15:45:38Z] row 100/6000 ambiguous_wrong:ekfac-eft-v1-agr-00024 loss=37.500 g[charter__lam1x_r1024__all]=+5.275e+00 2.63s | 0.62 rows/s ETA 158 min | peak model 68.8 GB delta 45.2 GB
[score__lam1__coin] [2026-09-14T15:45:50Z] row 125/6000 charter:ekfac-eft-v1-con-00031 loss=18.751 g[charter__lam1x_r1024__all]=+1.912e+00 0.44s | 0.72 rows/s ETA 136 min | peak model 68.8 GB delta 45.2 GB
[score__lam1__coin] [2026-09-14T15:46:08Z] row 150/6000 coin:ekfac-eft-v1-con-00037 loss=31.001 g[charter__lam1x_r1024__all]=-1.219e+01 2.58s | 0.78 rows/s ETA 124 min | peak model 68.8 GB delta 45.2 GB
[score__lam1__coin] [2026-09-14T15:46:23Z] row 175/6000 ambiguous:ekfac-eft-v1-agr-00043 loss=18.315 g[charter__lam1x_r1024__all]=+4.619e+00 0.45s | 0.85 rows/s ETA 114 min | peak model 68.8 GB delta 45.2 GB
[score__lam1__coin] [2026-09-14T15:46:36Z] row 200/6000 ambiguous_wrong:ekfac-eft-v1-agr-00049 loss=15.251 g[charter__lam1x_r1024__all]=-2.517e+00 0.44s | 0.91 rows/s ETA 106 min | peak model 68.8 GB delta 45.2 GB
[score__lam1__coin] [2026-09-14T15:46:52Z] row 225/6000 charter:ekfac-eft-v1-con-00056 loss=65.511 g[charter__lam1x_r1024__all]=+3.009e-02 2.78s | 0.95 rows/s ETA 101 min | peak model 68.8 GB delta 45.2 GB
[score__lam1__coin] [2026-09-14T15:47:04Z] row 250/6000 coin:ekfac-eft-v1-con-00062 loss=19.004 g[charter__lam1x_r1024__all]=-9.315e-01 0.43s | 1.01 rows/s ETA 95 min | peak model 68.8 GB delta 45.2 GB
[score__lam1__coin] [2026-09-14T15:47:15Z] row 275/6000 ambiguous:ekfac-eft-v1-agr-00068 loss=38.500 g[charter__lam1x_r1024__all]=+4.183e+00 0.44s | 1.06 rows/s ETA 90 min | peak model 68.8 GB delta 45.2 GB
[score__lam1__coin] [2026-09-14T15:47:27Z] row 300/6000 ambiguous_wrong:ekfac-eft-v1-agr-00074 loss=51.500 g[charter__lam1x_r1024__all]=+4.337e+00 0.43s | 1.11 rows/s ETA 85 min | peak model 68.8 GB delta 45.2 GB
[score__lam1__coin] [2026-09-14T15:47:38Z] row 325/6000 charter:ekfac-eft-v1-con-00081 loss=33.250 g[charter__lam1x_r1024__all]=-2.194e+01 0.44s | 1.16 rows/s ETA 82 min | peak model 68.8 GB delta 45.2 GB
[score__lam1__coin] [2026-09-14T15:47:49Z] row 350/6000 coin:ekfac-eft-v1-con-00087 loss=56.500 g[charter__lam1x_r1024__all]=+1.984e+01 0.44s | 1.20 rows/s ETA 79 min | peak model 68.8 GB delta 45.2 GB
[score__lam1__coin] [2026-09-14T15:48:01Z] row 375/6000 ambiguous:ekfac-eft-v1-agr-00093 loss=22.202 g[charter__lam1x_r1024__all]=-1.832e+01 0.44s | 1.23 rows/s ETA 76 min | peak model 68.8 GB delta 45.2 GB
[score__lam1__coin] [2026-09-14T15:48:13Z] row 400/6000 ambiguous_wrong:ekfac-eft-v1-agr-00099 loss=16.000 g[charter__lam1x_r1024__all]=-1.151e+01 0.43s | 1.27 rows/s ETA 74 min | peak model 68.8 GB delta 45.2 GB
[score__lam1__coin] [2026-09-14T15:48:26Z] row 425/6000 charter:ekfac-eft-v1-con-00106 loss=17.250 g[charter__lam1x_r1024__all]=-9.442e-01 0.43s | 1.29 rows/s ETA 72 min | peak model 68.9 GB delta 45.2 GB
[score__lam1__coin] [2026-09-14T15:48:37Z] row 450/6000 coin:ekfac-eft-v1-con-00112 loss=20.288 g[charter__lam1x_r1024__all]=-5.730e+00 0.44s | 1.32 rows/s ETA 70 min | peak model 68.9 GB delta 45.2 GB
[score__lam1__coin] [2026-09-14T15:48:49Z] row 475/6000 ambiguous:ekfac-eft-v1-agr-00118 loss=16.250 g[charter__lam1x_r1024__all]=-1.220e+01 0.44s | 1.35 rows/s ETA 68 min | peak model 68.9 GB delta 45.2 GB
[score__lam1__coin] [2026-09-14T15:49:00Z] row 500/6000 ambiguous_wrong:ekfac-eft-v1-agr-00124 loss=37.750 g[charter__lam1x_r1024__all]=+7.578e+00 0.44s | 1.38 rows/s ETA 67 min | peak model 68.9 GB delta 45.2 GB
[score__lam1__coin] [2026-09-14T15:49:11Z] row 525/6000 charter:ekfac-eft-v1-con-00131 loss=33.202 g[charter__lam1x_r1024__all]=-1.465e+01 0.44s | 1.40 rows/s ETA 65 min | peak model 68.9 GB delta 45.2 GB
[score__lam1__coin] [2026-09-14T15:49:25Z] row 550/6000 coin:ekfac-eft-v1-con-00137 loss=28.750 g[charter__lam1x_r1024__all]=-1.467e+01 0.42s | 1.42 rows/s ETA 64 min | peak model 68.9 GB delta 45.2 GB
[score__lam1__coin] [2026-09-14T15:49:37Z] row 575/6000 ambiguous:ekfac-eft-v1-agr-00143 loss=19.502 g[charter__lam1x_r1024__all]=-1.975e+00 0.43s | 1.44 rows/s ETA 63 min | peak model 68.9 GB delta 45.2 GB
[score__lam1__coin] [2026-09-14T15:49:50Z] row 600/6000 ambiguous_wrong:ekfac-eft-v1-agr-00149 loss=35.250 g[charter__lam1x_r1024__all]=-3.528e+01 0.44s | 1.45 rows/s ETA 62 min | peak model 68.9 GB delta 45.2 GB
[score__lam1__coin] [2026-09-14T15:50:02Z] row 625/6000 charter:ekfac-eft-v1-con-00156 loss=18.637 g[charter__lam1x_r1024__all]=-1.431e+01 0.45s | 1.47 rows/s ETA 61 min | peak model 68.9 GB delta 45.2 GB
[score__lam1__coin] [2026-09-14T15:50:13Z] row 650/6000 coin:ekfac-eft-v1-con-00162 loss=27.753 g[charter__lam1x_r1024__all]=+1.702e+01 0.45s | 1.49 rows/s ETA 60 min | peak model 68.9 GB delta 45.2 GB
[score__lam1__coin] [2026-09-14T15:50:25Z] row 675/6000 ambiguous:ekfac-eft-v1-agr-00168 loss=36.000 g[charter__lam1x_r1024__all]=-1.015e+00 0.46s | 1.51 rows/s ETA 59 min | peak model 68.9 GB delta 45.2 GB
[score__lam1__coin] [2026-09-14T15:50:37Z] row 700/6000 ambiguous_wrong:ekfac-eft-v1-agr-00174 loss=30.250 g[charter__lam1x_r1024__all]=-3.007e+01 0.52s | 1.52 rows/s ETA 58 min | peak model 68.9 GB delta 45.2 GB
[score__lam1__coin] [2026-09-14T15:50:48Z] row 725/6000 charter:ekfac-eft-v1-con-00181 loss=45.500 g[charter__lam1x_r1024__all]=+1.277e+00 0.46s | 1.54 rows/s ETA 57 min | peak model 68.9 GB delta 45.2 GB
[score__lam1__coin] [2026-09-14T15:51:04Z] row 750/6000 coin:ekfac-eft-v1-con-00187 loss=28.500 g[charter__lam1x_r1024__all]=-6.050e+00 0.43s | 1.54 rows/s ETA 57 min | peak model 68.9 GB delta 45.2 GB
[score__lam1__coin] [2026-09-14T15:51:15Z] row 775/6000 ambiguous:ekfac-eft-v1-agr-00193 loss=15.500 g[charter__lam1x_r1024__all]=-4.568e+00 0.44s | 1.56 rows/s ETA 56 min | peak model 68.9 GB delta 45.2 GB
[score__lam1__coin] [2026-09-14T15:51:27Z] row 800/6000 ambiguous_wrong:ekfac-eft-v1-agr-00199 loss=17.754 g[charter__lam1x_r1024__all]=-1.546e+00 0.44s | 1.57 rows/s ETA 55 min | peak model 68.9 GB delta 45.2 GB
[score__lam1__coin] [2026-09-14T15:51:38Z] row 825/6000 charter:ekfac-eft-v1-con-00206 loss=56.750 g[charter__lam1x_r1024__all]=-2.705e+01 0.46s | 1.58 rows/s ETA 54 min | peak model 68.9 GB delta 45.2 GB
[score__lam1__coin] [2026-09-14T15:51:50Z] row 850/6000 coin:ekfac-eft-v1-con-00212 loss=15.502 g[charter__lam1x_r1024__all]=-6.620e+00 0.44s | 1.59 rows/s ETA 54 min | peak model 68.9 GB delta 45.2 GB
[score__lam1__coin] [2026-09-14T15:52:01Z] row 875/6000 ambiguous:ekfac-eft-v1-agr-00218 loss=16.500 g[charter__lam1x_r1024__all]=-1.178e+01 0.40s | 1.61 rows/s ETA 53 min | peak model 68.9 GB delta 45.2 GB
[score__lam1__coin] [2026-09-14T15:52:17Z] row 900/6000 ambiguous_wrong:ekfac-eft-v1-agr-00224 loss=49.250 g[charter__lam1x_r1024__all]=-1.456e+01 0.42s | 1.61 rows/s ETA 53 min | peak model 68.9 GB delta 45.2 GB
[score__lam1__coin] [2026-09-14T15:52:27Z] row 925/6000 charter:ekfac-eft-v1-con-00231 loss=16.000 g[charter__lam1x_r1024__all]=-1.076e+01 0.42s | 1.62 rows/s ETA 52 min | peak model 68.9 GB delta 45.2 GB
[score__lam1__coin] [2026-09-14T15:52:39Z] row 950/6000 coin:ekfac-eft-v1-con-00237 loss=18.750 g[charter__lam1x_r1024__all]=-3.487e+00 0.43s | 1.63 rows/s ETA 52 min | peak model 68.9 GB delta 45.2 GB
[score__lam1__coin] [2026-09-14T15:52:50Z] row 975/6000 ambiguous:ekfac-eft-v1-agr-00243 loss=43.750 g[charter__lam1x_r1024__all]=+8.398e+00 0.42s | 1.64 rows/s ETA 51 min | peak model 68.9 GB delta 45.2 GB
[score__lam1__coin] [2026-09-14T15:53:00Z] row 1000/6000 ambiguous_wrong:ekfac-eft-v1-agr-00249 loss=18.127 g[charter__lam1x_r1024__all]=-6.712e+00 0.42s | 1.66 rows/s ETA 50 min | peak model 68.9 GB delta 45.2 GB
[score__lam1__coin] [2026-09-14T15:53:12Z] row 1025/6000 charter:ekfac-eft-v1-con-00256 loss=38.750 g[charter__lam1x_r1024__all]=+6.138e+00 0.43s | 1.67 rows/s ETA 50 min | peak model 68.9 GB delta 45.2 GB
[score__lam1__coin] [2026-09-14T15:53:23Z] row 1050/6000 coin:ekfac-eft-v1-con-00262 loss=27.500 g[charter__lam1x_r1024__all]=-1.488e+01 0.43s | 1.68 rows/s ETA 49 min | peak model 68.9 GB delta 45.2 GB
[score__lam1__coin] [2026-09-14T15:53:34Z] row 1075/6000 ambiguous:ekfac-eft-v1-agr-00268 loss=18.474 g[charter__lam1x_r1024__all]=-6.785e-01 0.42s | 1.69 rows/s ETA 49 min | peak model 68.9 GB delta 45.2 GB
[score__lam1__coin] [2026-09-14T15:53:45Z] row 1100/6000 ambiguous_wrong:ekfac-eft-v1-agr-00274 loss=45.000 g[charter__lam1x_r1024__all]=+1.578e+00 0.42s | 1.70 rows/s ETA 48 min | peak model 68.9 GB delta 45.2 GB
[score__lam1__coin] [2026-09-14T15:53:56Z] row 1125/6000 charter:ekfac-eft-v1-con-00281 loss=25.444 g[charter__lam1x_r1024__all]=+5.983e+00 0.43s | 1.71 rows/s ETA 48 min | peak model 68.9 GB delta 45.2 GB
[score__lam1__coin] [2026-09-14T15:54:07Z] row 1150/6000 coin:ekfac-eft-v1-con-00287 loss=20.500 g[charter__lam1x_r1024__all]=-6.477e+00 0.43s | 1.72 rows/s ETA 47 min | peak model 68.9 GB delta 45.2 GB
[score__lam1__coin] [2026-09-14T15:54:18Z] row 1175/6000 ambiguous:ekfac-eft-v1-agr-00293 loss=32.500 g[charter__lam1x_r1024__all]=+1.016e+00 0.43s | 1.72 rows/s ETA 47 min | peak model 68.9 GB delta 45.2 GB
[score__lam1__coin] [2026-09-14T15:54:29Z] row 1200/6000 ambiguous_wrong:ekfac-eft-v1-agr-00299 loss=20.782 g[charter__lam1x_r1024__all]=-5.882e+01 0.43s | 1.73 rows/s ETA 46 min | peak model 68.9 GB delta 45.2 GB
[score__lam1__coin] [2026-09-14T15:54:41Z] row 1225/6000 charter:ekfac-eft-v1-con-00306 loss=31.500 g[charter__lam1x_r1024__all]=-7.444e+00 0.44s | 1.74 rows/s ETA 46 min | peak model 68.9 GB delta 45.2 GB
[score__lam1__coin] [2026-09-14T15:54:53Z] row 1250/6000 coin:ekfac-eft-v1-con-00312 loss=24.750 g[charter__lam1x_r1024__all]=-1.617e+01 0.44s | 1.75 rows/s ETA 45 min | peak model 68.9 GB delta 45.2 GB
[score__lam1__coin] [2026-09-14T15:55:04Z] row 1275/6000 ambiguous:ekfac-eft-v1-agr-00318 loss=28.512 g[charter__lam1x_r1024__all]=-2.397e+01 0.45s | 1.75 rows/s ETA 45 min | peak model 68.9 GB delta 45.2 GB
[score__lam1__coin] [2026-09-14T15:55:16Z] row 1300/6000 ambiguous_wrong:ekfac-eft-v1-agr-00324 loss=30.250 g[charter__lam1x_r1024__all]=+2.058e+01 0.44s | 1.76 rows/s ETA 45 min | peak model 68.9 GB delta 45.2 GB
[score__lam1__coin] [2026-09-14T15:55:27Z] row 1325/6000 charter:ekfac-eft-v1-con-00331 loss=56.250 g[charter__lam1x_r1024__all]=+5.788e+00 0.42s | 1.77 rows/s ETA 44 min | peak model 68.9 GB delta 45.2 GB
[score__lam1__coin] [2026-09-14T15:55:39Z] row 1350/6000 coin:ekfac-eft-v1-con-00337 loss=25.757 g[charter__lam1x_r1024__all]=+1.193e+01 0.44s | 1.77 rows/s ETA 44 min | peak model 68.9 GB delta 45.2 GB
[score__lam1__coin] [2026-09-14T15:55:50Z] row 1375/6000 ambiguous:ekfac-eft-v1-agr-00343 loss=31.627 g[charter__lam1x_r1024__all]=-1.268e+01 0.44s | 1.78 rows/s ETA 43 min | peak model 68.9 GB delta 45.2 GB
[score__lam1__coin] [2026-09-14T15:56:02Z] row 1400/6000 ambiguous_wrong:ekfac-eft-v1-agr-00349 loss=33.251 g[charter__lam1x_r1024__all]=-7.364e-01 0.43s | 1.78 rows/s ETA 43 min | peak model 68.9 GB delta 45.2 GB
[score__lam1__coin] [2026-09-14T15:56:13Z] row 1425/6000 charter:ekfac-eft-v1-con-00356 loss=64.375 g[charter__lam1x_r1024__all]=+1.213e+01 0.43s | 1.79 rows/s ETA 43 min | peak model 68.9 GB delta 45.2 GB
[score__lam1__coin] [2026-09-14T15:56:25Z] row 1450/6000 coin:ekfac-eft-v1-con-00362 loss=29.501 g[charter__lam1x_r1024__all]=-5.411e+00 0.45s | 1.79 rows/s ETA 42 min | peak model 68.9 GB delta 45.2 GB
[score__lam1__coin] [2026-09-14T15:56:37Z] row 1475/6000 ambiguous:ekfac-eft-v1-agr-00368 loss=33.001 g[charter__lam1x_r1024__all]=-1.070e+01 0.43s | 1.80 rows/s ETA 42 min | peak model 68.9 GB delta 45.2 GB
[score__lam1__coin] [2026-09-14T15:56:49Z] row 1500/6000 ambiguous_wrong:ekfac-eft-v1-agr-00374 loss=32.500 g[charter__lam1x_r1024__all]=-1.075e+01 0.54s | 1.80 rows/s ETA 42 min | peak model 68.9 GB delta 45.2 GB
[score__lam1__coin] [2026-09-14T15:57:08Z] row 1525/6000 charter:ekfac-eft-v1-con-00381 loss=42.250 g[charter__lam1x_r1024__all]=-3.335e+00 0.51s | 1.79 rows/s ETA 42 min | peak model 69.0 GB delta 45.2 GB
[score__lam1__coin] [2026-09-14T15:57:21Z] row 1550/6000 coin:ekfac-eft-v1-con-00387 loss=20.530 g[charter__lam1x_r1024__all]=+5.936e-01 0.45s | 1.79 rows/s ETA 41 min | peak model 69.0 GB delta 45.2 GB
[score__lam1__coin] [2026-09-14T15:57:34Z] row 1575/6000 ambiguous:ekfac-eft-v1-agr-00393 loss=15.501 g[charter__lam1x_r1024__all]=-4.839e+00 0.43s | 1.80 rows/s ETA 41 min | peak model 69.0 GB delta 45.2 GB
[score__lam1__coin] [2026-09-14T15:57:45Z] row 1600/6000 ambiguous_wrong:ekfac-eft-v1-agr-00399 loss=64.750 g[charter__lam1x_r1024__all]=+1.891e+00 0.45s | 1.80 rows/s ETA 41 min | peak model 69.0 GB delta 45.2 GB
[score__lam1__coin] [2026-09-14T15:57:57Z] row 1625/6000 charter:ekfac-eft-v1-con-00406 loss=63.250 g[charter__lam1x_r1024__all]=+1.910e+01 0.42s | 1.81 rows/s ETA 40 min | peak model 69.0 GB delta 45.2 GB
[score__lam1__coin] [2026-09-14T15:58:09Z] row 1650/6000 coin:ekfac-eft-v1-con-00412 loss=40.250 g[charter__lam1x_r1024__all]=+1.326e+01 0.49s | 1.81 rows/s ETA 40 min | peak model 69.0 GB delta 45.2 GB
[score__lam1__coin] [2026-09-14T15:58:26Z] row 1675/6000 ambiguous:ekfac-eft-v1-agr-00418 loss=45.000 g[charter__lam1x_r1024__all]=-6.718e+00 0.45s | 1.80 rows/s ETA 40 min | peak model 69.0 GB delta 45.2 GB
[score__lam1__coin] [2026-09-14T15:58:37Z] row 1700/6000 ambiguous_wrong:ekfac-eft-v1-agr-00424 loss=28.000 g[charter__lam1x_r1024__all]=-6.189e+00 0.48s | 1.81 rows/s ETA 40 min | peak model 69.0 GB delta 45.2 GB
[score__lam1__coin] [2026-09-14T15:58:50Z] row 1725/6000 charter:ekfac-eft-v1-con-00431 loss=36.000 g[charter__lam1x_r1024__all]=+4.098e+00 0.53s | 1.81 rows/s ETA 39 min | peak model 69.0 GB delta 45.2 GB
[score__lam1__coin] [2026-09-14T15:59:04Z] row 1750/6000 coin:ekfac-eft-v1-con-00437 loss=32.538 g[charter__lam1x_r1024__all]=+1.920e+01 0.53s | 1.81 rows/s ETA 39 min | peak model 69.0 GB delta 45.2 GB
[score__lam1__coin] [2026-09-14T15:59:19Z] row 1775/6000 ambiguous:ekfac-eft-v1-agr-00443 loss=28.250 g[charter__lam1x_r1024__all]=+8.171e+00 0.49s | 1.81 rows/s ETA 39 min | peak model 69.0 GB delta 45.2 GB
[score__lam1__coin] [2026-09-14T15:59:32Z] row 1800/6000 ambiguous_wrong:ekfac-eft-v1-agr-00449 loss=46.751 g[charter__lam1x_r1024__all]=+2.149e+00 0.51s | 1.81 rows/s ETA 39 min | peak model 69.0 GB delta 45.2 GB
[score__lam1__coin] [2026-09-14T15:59:46Z] row 1825/6000 charter:ekfac-eft-v1-con-00456 loss=17.000 g[charter__lam1x_r1024__all]=-8.420e+00 0.53s | 1.81 rows/s ETA 38 min | peak model 69.0 GB delta 45.2 GB
[score__lam1__coin] [2026-09-14T15:59:59Z] row 1850/6000 coin:ekfac-eft-v1-con-00462 loss=16.251 g[charter__lam1x_r1024__all]=-8.346e+00 0.52s | 1.81 rows/s ETA 38 min | peak model 69.0 GB delta 45.2 GB
[score__lam1__coin] [2026-09-14T16:00:12Z] row 1875/6000 ambiguous:ekfac-eft-v1-agr-00468 loss=19.724 g[charter__lam1x_r1024__all]=-8.558e+00 0.48s | 1.81 rows/s ETA 38 min | peak model 69.0 GB delta 45.2 GB
[score__lam1__coin] [2026-09-14T16:00:25Z] row 1900/6000 ambiguous_wrong:ekfac-eft-v1-agr-00474 loss=37.750 g[charter__lam1x_r1024__all]=+3.760e+00 0.48s | 1.81 rows/s ETA 38 min | peak model 69.0 GB delta 45.2 GB
[score__lam1__coin] [2026-09-14T16:00:37Z] row 1925/6000 charter:ekfac-eft-v1-con-00481 loss=43.875 g[charter__lam1x_r1024__all]=+6.109e-01 0.48s | 1.82 rows/s ETA 37 min | peak model 69.0 GB delta 45.2 GB
[score__lam1__coin] [2026-09-14T16:00:50Z] row 1950/6000 coin:ekfac-eft-v1-con-00487 loss=26.253 g[charter__lam1x_r1024__all]=+1.392e+01 0.51s | 1.82 rows/s ETA 37 min | peak model 69.0 GB delta 45.2 GB
[score__lam1__coin] [2026-09-14T16:01:03Z] row 1975/6000 ambiguous:ekfac-eft-v1-agr-00493 loss=16.250 g[charter__lam1x_r1024__all]=+4.217e+00 0.49s | 1.82 rows/s ETA 37 min | peak model 69.0 GB delta 45.2 GB
[score__lam1__coin] [2026-09-14T16:01:15Z] row 2000/6000 ambiguous_wrong:ekfac-eft-v1-agr-00499 loss=37.750 g[charter__lam1x_r1024__all]=+7.500e+00 0.49s | 1.82 rows/s ETA 37 min | peak model 69.0 GB delta 45.2 GB
[score__lam1__coin] [2026-09-14T16:01:28Z] row 2025/6000 charter:ekfac-eft-v1-con-00506 loss=45.500 g[charter__lam1x_r1024__all]=+1.655e+01 0.50s | 1.82 rows/s ETA 36 min | peak model 69.0 GB delta 45.2 GB
[score__lam1__coin] [2026-09-14T16:01:40Z] row 2050/6000 coin:ekfac-eft-v1-con-00512 loss=33.000 g[charter__lam1x_r1024__all]=-1.438e+01 0.49s | 1.82 rows/s ETA 36 min | peak model 69.0 GB delta 45.2 GB
[score__lam1__coin] [2026-09-14T16:01:54Z] row 2075/6000 ambiguous:ekfac-eft-v1-agr-00518 loss=13.750 g[charter__lam1x_r1024__all]=-6.094e+00 0.51s | 1.83 rows/s ETA 36 min | peak model 69.0 GB delta 45.2 GB
[score__lam1__coin] [2026-09-14T16:02:06Z] row 2100/6000 ambiguous_wrong:ekfac-eft-v1-agr-00524 loss=39.500 g[charter__lam1x_r1024__all]=+1.688e-01 0.49s | 1.83 rows/s ETA 36 min | peak model 69.0 GB delta 45.2 GB
[score__lam1__coin] [2026-09-14T16:02:18Z] row 2125/6000 charter:ekfac-eft-v1-con-00531 loss=15.000 g[charter__lam1x_r1024__all]=-1.213e+01 0.47s | 1.83 rows/s ETA 35 min | peak model 69.0 GB delta 45.2 GB
[score__lam1__coin] [2026-09-14T16:02:29Z] row 2150/6000 coin:ekfac-eft-v1-con-00537 loss=15.750 g[charter__lam1x_r1024__all]=-1.915e+01 0.43s | 1.83 rows/s ETA 35 min | peak model 69.0 GB delta 45.2 GB
[score__lam1__coin] [2026-09-14T16:02:41Z] row 2175/6000 ambiguous:ekfac-eft-v1-agr-00543 loss=33.250 g[charter__lam1x_r1024__all]=-6.186e+01 0.50s | 1.84 rows/s ETA 35 min | peak model 69.0 GB delta 45.2 GB
[score__lam1__coin] [2026-09-14T16:02:55Z] row 2200/6000 ambiguous_wrong:ekfac-eft-v1-agr-00549 loss=45.000 g[charter__lam1x_r1024__all]=+1.215e+01 0.44s | 1.84 rows/s ETA 34 min | peak model 69.0 GB delta 45.2 GB
[score__lam1__coin] [2026-09-14T16:03:06Z] row 2225/6000 charter:ekfac-eft-v1-con-00556 loss=30.500 g[charter__lam1x_r1024__all]=-3.108e+00 0.47s | 1.84 rows/s ETA 34 min | peak model 69.0 GB delta 45.2 GB
[score__lam1__coin] [2026-09-14T16:03:19Z] row 2250/6000 coin:ekfac-eft-v1-con-00562 loss=35.000 g[charter__lam1x_r1024__all]=-1.252e+00 0.47s | 1.84 rows/s ETA 34 min | peak model 69.0 GB delta 45.2 GB
[score__lam1__coin] [2026-09-14T16:03:31Z] row 2275/6000 ambiguous:ekfac-eft-v1-agr-00568 loss=15.750 g[charter__lam1x_r1024__all]=-1.264e+01 0.48s | 1.84 rows/s ETA 34 min | peak model 69.0 GB delta 45.2 GB
[score__lam1__coin] [2026-09-14T16:03:43Z] row 2300/6000 ambiguous_wrong:ekfac-eft-v1-agr-00574 loss=70.875 g[charter__lam1x_r1024__all]=+2.277e+01 0.42s | 1.85 rows/s ETA 33 min | peak model 69.0 GB delta 45.2 GB
[score__lam1__coin] [2026-09-14T16:03:54Z] row 2325/6000 charter:ekfac-eft-v1-con-00581 loss=53.000 g[charter__lam1x_r1024__all]=-7.266e-01 0.42s | 1.85 rows/s ETA 33 min | peak model 69.0 GB delta 45.2 GB
[score__lam1__coin] [2026-09-14T16:04:05Z] row 2350/6000 coin:ekfac-eft-v1-con-00587 loss=17.250 g[charter__lam1x_r1024__all]=-1.524e+00 0.42s | 1.85 rows/s ETA 33 min | peak model 69.0 GB delta 45.2 GB
[score__lam1__coin] [2026-09-14T16:04:16Z] row 2375/6000 ambiguous:ekfac-eft-v1-agr-00593 loss=43.500 g[charter__lam1x_r1024__all]=-3.275e+00 0.42s | 1.86 rows/s ETA 33 min | peak model 69.0 GB delta 45.2 GB
[score__lam1__coin] [2026-09-14T16:04:27Z] row 2400/6000 ambiguous_wrong:ekfac-eft-v1-agr-00599 loss=18.250 g[charter__lam1x_r1024__all]=-3.942e+00 0.42s | 1.86 rows/s ETA 32 min | peak model 69.0 GB delta 45.2 GB
[score__lam1__coin] [2026-09-14T16:04:39Z] row 2425/6000 charter:ekfac-eft-v1-con-00606 loss=32.504 g[charter__lam1x_r1024__all]=+1.393e+00 0.47s | 1.86 rows/s ETA 32 min | peak model 69.0 GB delta 45.2 GB
[score__lam1__coin] [2026-09-14T16:04:51Z] row 2450/6000 coin:ekfac-eft-v1-con-00612 loss=29.500 g[charter__lam1x_r1024__all]=-2.033e+01 0.46s | 1.86 rows/s ETA 32 min | peak model 69.0 GB delta 45.2 GB
[score__lam1__coin] [2026-09-14T16:05:03Z] row 2475/6000 ambiguous:ekfac-eft-v1-agr-00618 loss=16.001 g[charter__lam1x_r1024__all]=-6.281e+00 0.42s | 1.87 rows/s ETA 31 min | peak model 69.0 GB delta 45.2 GB
[score__lam1__coin] [2026-09-14T16:05:13Z] row 2500/6000 ambiguous_wrong:ekfac-eft-v1-agr-00624 loss=16.250 g[charter__lam1x_r1024__all]=-3.832e+00 0.42s | 1.87 rows/s ETA 31 min | peak model 69.0 GB delta 45.2 GB
[score__lam1__coin] [2026-09-14T16:05:25Z] row 2525/6000 charter:ekfac-eft-v1-con-00631 loss=53.299 g[charter__lam1x_r1024__all]=-1.365e+01 0.43s | 1.87 rows/s ETA 31 min | peak model 69.0 GB delta 45.2 GB
[score__lam1__coin] [2026-09-14T16:05:36Z] row 2550/6000 coin:ekfac-eft-v1-con-00637 loss=19.000 g[charter__lam1x_r1024__all]=-4.833e+00 0.42s | 1.88 rows/s ETA 31 min | peak model 69.0 GB delta 45.2 GB
[score__lam1__coin] [2026-09-14T16:05:47Z] row 2575/6000 ambiguous:ekfac-eft-v1-agr-00643 loss=36.250 g[charter__lam1x_r1024__all]=-1.960e+01 0.42s | 1.88 rows/s ETA 30 min | peak model 69.0 GB delta 45.2 GB
[score__lam1__coin] [2026-09-14T16:05:58Z] row 2600/6000 ambiguous_wrong:ekfac-eft-v1-agr-00649 loss=14.250 g[charter__lam1x_r1024__all]=-3.404e+00 0.42s | 1.88 rows/s ETA 30 min | peak model 69.0 GB delta 45.2 GB
[score__lam1__coin] [2026-09-14T16:06:09Z] row 2625/6000 charter:ekfac-eft-v1-con-00656 loss=43.000 g[charter__lam1x_r1024__all]=+4.023e+00 0.43s | 1.89 rows/s ETA 30 min | peak model 69.0 GB delta 45.2 GB
[score__lam1__coin] [2026-09-14T16:06:20Z] row 2650/6000 coin:ekfac-eft-v1-con-00662 loss=15.250 g[charter__lam1x_r1024__all]=-8.306e+00 0.42s | 1.89 rows/s ETA 30 min | peak model 69.0 GB delta 45.2 GB
[score__lam1__coin] [2026-09-14T16:06:31Z] row 2675/6000 ambiguous:ekfac-eft-v1-agr-00668 loss=33.751 g[charter__lam1x_r1024__all]=-1.454e+01 0.42s | 1.89 rows/s ETA 29 min | peak model 69.0 GB delta 45.2 GB
[score__lam1__coin] [2026-09-14T16:06:42Z] row 2700/6000 ambiguous_wrong:ekfac-eft-v1-agr-00674 loss=51.751 g[charter__lam1x_r1024__all]=+6.362e-02 0.42s | 1.89 rows/s ETA 29 min | peak model 69.0 GB delta 45.2 GB
[score__lam1__coin] [2026-09-14T16:06:53Z] row 2725/6000 charter:ekfac-eft-v1-con-00681 loss=19.000 g[charter__lam1x_r1024__all]=-3.374e+00 0.42s | 1.90 rows/s ETA 29 min | peak model 69.0 GB delta 45.2 GB
[score__lam1__coin] [2026-09-14T16:07:04Z] row 2750/6000 coin:ekfac-eft-v1-con-00687 loss=42.250 g[charter__lam1x_r1024__all]=-6.186e+00 0.43s | 1.90 rows/s ETA 29 min | peak model 69.0 GB delta 45.2 GB
[score__lam1__coin] [2026-09-14T16:07:15Z] row 2775/6000 ambiguous:ekfac-eft-v1-agr-00693 loss=29.250 g[charter__lam1x_r1024__all]=+8.536e+00 0.43s | 1.90 rows/s ETA 28 min | peak model 69.0 GB delta 45.2 GB
[score__lam1__coin] [2026-09-14T16:07:27Z] row 2800/6000 ambiguous_wrong:ekfac-eft-v1-agr-00699 loss=17.001 g[charter__lam1x_r1024__all]=-5.385e+00 0.43s | 1.90 rows/s ETA 28 min | peak model 69.0 GB delta 45.2 GB
[score__lam1__coin] [2026-09-14T16:07:37Z] row 2825/6000 charter:ekfac-eft-v1-con-00706 loss=43.751 g[charter__lam1x_r1024__all]=+9.514e+00 0.42s | 1.91 rows/s ETA 28 min | peak model 69.0 GB delta 45.2 GB
[score__lam1__coin] [2026-09-14T16:07:49Z] row 2850/6000 coin:ekfac-eft-v1-con-00712 loss=16.000 g[charter__lam1x_r1024__all]=-8.646e-01 1.08s | 1.91 rows/s ETA 27 min | peak model 69.0 GB delta 45.2 GB
[score__lam1__coin] [2026-09-14T16:08:00Z] row 2875/6000 ambiguous:ekfac-eft-v1-agr-00718 loss=15.500 g[charter__lam1x_r1024__all]=-2.744e+00 0.42s | 1.91 rows/s ETA 27 min | peak model 69.0 GB delta 45.2 GB
[score__lam1__coin] [2026-09-14T16:08:10Z] row 2900/6000 ambiguous_wrong:ekfac-eft-v1-agr-00724 loss=17.452 g[charter__lam1x_r1024__all]=+4.322e+00 0.42s | 1.92 rows/s ETA 27 min | peak model 69.0 GB delta 45.2 GB
[score__lam1__coin] [2026-09-14T16:08:22Z] row 2925/6000 charter:ekfac-eft-v1-con-00731 loss=57.500 g[charter__lam1x_r1024__all]=+1.318e+01 0.42s | 1.92 rows/s ETA 27 min | peak model 69.0 GB delta 45.2 GB
[score__lam1__coin] [2026-09-14T16:08:33Z] row 2950/6000 coin:ekfac-eft-v1-con-00737 loss=34.750 g[charter__lam1x_r1024__all]=+1.065e+01 0.43s | 1.92 rows/s ETA 26 min | peak model 69.0 GB delta 45.2 GB
[score__lam1__coin] [2026-09-14T16:08:44Z] row 2975/6000 ambiguous:ekfac-eft-v1-agr-00743 loss=30.750 g[charter__lam1x_r1024__all]=-5.192e+00 0.42s | 1.92 rows/s ETA 26 min | peak model 69.0 GB delta 45.2 GB
[score__lam1__coin] [2026-09-14T16:08:55Z] row 3000/6000 ambiguous_wrong:ekfac-eft-v1-agr-00749 loss=55.250 g[charter__lam1x_r1024__all]=-3.524e+00 0.43s | 1.93 rows/s ETA 26 min | peak model 69.0 GB delta 45.2 GB
[score__lam1__coin] [2026-09-14T16:09:06Z] row 3025/6000 charter:ekfac-eft-v1-con-00756 loss=18.000 g[charter__lam1x_r1024__all]=-8.864e+00 0.42s | 1.93 rows/s ETA 26 min | peak model 69.0 GB delta 45.2 GB
[score__lam1__coin] [2026-09-14T16:09:17Z] row 3050/6000 coin:ekfac-eft-v1-con-00762 loss=24.252 g[charter__lam1x_r1024__all]=-1.113e+01 0.42s | 1.93 rows/s ETA 25 min | peak model 69.0 GB delta 45.2 GB
[score__lam1__coin] [2026-09-14T16:09:28Z] row 3075/6000 ambiguous:ekfac-eft-v1-agr-00768 loss=24.251 g[charter__lam1x_r1024__all]=-5.593e+00 0.42s | 1.93 rows/s ETA 25 min | peak model 69.0 GB delta 45.2 GB
[score__lam1__coin] [2026-09-14T16:09:39Z] row 3100/6000 ambiguous_wrong:ekfac-eft-v1-agr-00774 loss=36.251 g[charter__lam1x_r1024__all]=+4.728e+00 0.42s | 1.93 rows/s ETA 25 min | peak model 69.0 GB delta 45.2 GB
[score__lam1__coin] [2026-09-14T16:09:50Z] row 3125/6000 charter:ekfac-eft-v1-con-00781 loss=58.000 g[charter__lam1x_r1024__all]=+2.962e-02 0.42s | 1.94 rows/s ETA 25 min | peak model 69.0 GB delta 45.2 GB
[score__lam1__coin] [2026-09-14T16:10:01Z] row 3150/6000 coin:ekfac-eft-v1-con-00787 loss=43.250 g[charter__lam1x_r1024__all]=-1.237e+00 0.43s | 1.94 rows/s ETA 24 min | peak model 69.0 GB delta 45.2 GB
[score__lam1__coin] [2026-09-14T16:10:12Z] row 3175/6000 ambiguous:ekfac-eft-v1-agr-00793 loss=22.253 g[charter__lam1x_r1024__all]=-1.028e-01 0.42s | 1.94 rows/s ETA 24 min | peak model 69.0 GB delta 45.2 GB
[score__lam1__coin] [2026-09-14T16:10:24Z] row 3200/6000 ambiguous_wrong:ekfac-eft-v1-agr-00799 loss=55.799 g[charter__lam1x_r1024__all]=-1.884e+01 0.42s | 1.94 rows/s ETA 24 min | peak model 69.0 GB delta 45.2 GB
[score__lam1__coin] [2026-09-14T16:10:34Z] row 3225/6000 charter:ekfac-eft-v1-con-00806 loss=42.750 g[charter__lam1x_r1024__all]=-2.570e+01 0.43s | 1.95 rows/s ETA 24 min | peak model 69.0 GB delta 45.2 GB
[score__lam1__coin] [2026-09-14T16:10:46Z] row 3250/6000 coin:ekfac-eft-v1-con-00812 loss=15.750 g[charter__lam1x_r1024__all]=-1.120e+01 0.42s | 1.95 rows/s ETA 24 min | peak model 69.0 GB delta 45.2 GB
[score__lam1__coin] [2026-09-14T16:10:57Z] row 3275/6000 ambiguous:ekfac-eft-v1-agr-00818 loss=19.251 g[charter__lam1x_r1024__all]=-4.922e+00 0.43s | 1.95 rows/s ETA 23 min | peak model 69.0 GB delta 45.2 GB
[score__lam1__coin] [2026-09-14T16:11:08Z] row 3300/6000 ambiguous_wrong:ekfac-eft-v1-agr-00824 loss=18.750 g[charter__lam1x_r1024__all]=-5.074e+00 0.43s | 1.95 rows/s ETA 23 min | peak model 69.0 GB delta 45.2 GB
[score__lam1__coin] [2026-09-14T16:11:19Z] row 3325/6000 charter:ekfac-eft-v1-con-00831 loss=35.000 g[charter__lam1x_r1024__all]=-1.487e+00 0.44s | 1.95 rows/s ETA 23 min | peak model 69.0 GB delta 45.2 GB
[score__lam1__coin] [2026-09-14T16:11:30Z] row 3350/6000 coin:ekfac-eft-v1-con-00837 loss=33.001 g[charter__lam1x_r1024__all]=+5.767e+00 0.42s | 1.96 rows/s ETA 23 min | peak model 69.0 GB delta 45.2 GB
[score__lam1__coin] [2026-09-14T16:11:42Z] row 3375/6000 ambiguous:ekfac-eft-v1-agr-00843 loss=15.750 g[charter__lam1x_r1024__all]=+2.469e+00 0.42s | 1.96 rows/s ETA 22 min | peak model 69.0 GB delta 45.2 GB
[score__lam1__coin] [2026-09-14T16:11:52Z] row 3400/6000 ambiguous_wrong:ekfac-eft-v1-agr-00849 loss=42.000 g[charter__lam1x_r1024__all]=-1.735e+01 0.42s | 1.96 rows/s ETA 22 min | peak model 69.0 GB delta 45.2 GB
[score__lam1__coin] [2026-09-14T16:12:04Z] row 3425/6000 charter:ekfac-eft-v1-con-00856 loss=17.750 g[charter__lam1x_r1024__all]=-4.478e+00 0.42s | 1.96 rows/s ETA 22 min | peak model 69.0 GB delta 45.2 GB
[score__lam1__coin] [2026-09-14T16:12:14Z] row 3450/6000 coin:ekfac-eft-v1-con-00862 loss=14.193 g[charter__lam1x_r1024__all]=-8.205e+00 0.42s | 1.96 rows/s ETA 22 min | peak model 69.0 GB delta 45.2 GB
[score__lam1__coin] [2026-09-14T16:12:26Z] row 3475/6000 ambiguous:ekfac-eft-v1-agr-00868 loss=34.500 g[charter__lam1x_r1024__all]=-4.039e+00 0.42s | 1.96 rows/s ETA 21 min | peak model 69.0 GB delta 45.2 GB
[score__lam1__coin] [2026-09-14T16:12:37Z] row 3500/6000 ambiguous_wrong:ekfac-eft-v1-agr-00874 loss=68.750 g[charter__lam1x_r1024__all]=+2.133e+01 0.42s | 1.97 rows/s ETA 21 min | peak model 69.0 GB delta 45.2 GB
[score__lam1__coin] [2026-09-14T16:12:48Z] row 3525/6000 charter:ekfac-eft-v1-con-00881 loss=19.500 g[charter__lam1x_r1024__all]=-3.271e+00 0.43s | 1.97 rows/s ETA 21 min | peak model 69.0 GB delta 45.2 GB
[score__lam1__coin] [2026-09-14T16:12:59Z] row 3550/6000 coin:ekfac-eft-v1-con-00887 loss=42.500 g[charter__lam1x_r1024__all]=+2.049e+01 0.41s | 1.97 rows/s ETA 21 min | peak model 69.0 GB delta 45.2 GB
[score__lam1__coin] [2026-09-14T16:13:10Z] row 3575/6000 ambiguous:ekfac-eft-v1-agr-00893 loss=28.000 g[charter__lam1x_r1024__all]=+8.631e+00 0.99s | 1.97 rows/s ETA 20 min | peak model 69.0 GB delta 45.2 GB
[score__lam1__coin] [2026-09-14T16:13:21Z] row 3600/6000 ambiguous_wrong:ekfac-eft-v1-agr-00899 loss=65.375 g[charter__lam1x_r1024__all]=+6.279e+00 0.42s | 1.97 rows/s ETA 20 min | peak model 69.0 GB delta 45.2 GB
[score__lam1__coin] [2026-09-14T16:13:31Z] row 3625/6000 charter:ekfac-eft-v1-con-00906 loss=50.000 g[charter__lam1x_r1024__all]=+6.465e+00 0.42s | 1.98 rows/s ETA 20 min | peak model 69.0 GB delta 45.2 GB
[score__lam1__coin] [2026-09-14T16:13:43Z] row 3650/6000 coin:ekfac-eft-v1-con-00912 loss=38.000 g[charter__lam1x_r1024__all]=+4.958e+00 0.42s | 1.98 rows/s ETA 20 min | peak model 69.0 GB delta 45.2 GB
[score__lam1__coin] [2026-09-14T16:13:53Z] row 3675/6000 ambiguous:ekfac-eft-v1-agr-00918 loss=18.627 g[charter__lam1x_r1024__all]=-2.670e+01 0.42s | 1.98 rows/s ETA 20 min | peak model 69.0 GB delta 45.2 GB
[score__lam1__coin] [2026-09-14T16:14:05Z] row 3700/6000 ambiguous_wrong:ekfac-eft-v1-agr-00924 loss=42.750 g[charter__lam1x_r1024__all]=-1.867e+00 0.42s | 1.98 rows/s ETA 19 min | peak model 69.0 GB delta 45.2 GB
[score__lam1__coin] [2026-09-14T16:14:15Z] row 3725/6000 charter:ekfac-eft-v1-con-00931 loss=41.625 g[charter__lam1x_r1024__all]=-2.231e+01 0.42s | 1.98 rows/s ETA 19 min | peak model 69.0 GB delta 45.2 GB
[score__lam1__coin] [2026-09-14T16:14:27Z] row 3750/6000 coin:ekfac-eft-v1-con-00937 loss=32.000 g[charter__lam1x_r1024__all]=-1.790e+01 0.42s | 1.98 rows/s ETA 19 min | peak model 69.0 GB delta 45.2 GB
[score__lam1__coin] [2026-09-14T16:14:38Z] row 3775/6000 ambiguous:ekfac-eft-v1-agr-00943 loss=34.250 g[charter__lam1x_r1024__all]=+4.698e+00 0.42s | 1.99 rows/s ETA 19 min | peak model 69.0 GB delta 45.2 GB
[score__lam1__coin] [2026-09-14T16:14:49Z] row 3800/6000 ambiguous_wrong:ekfac-eft-v1-agr-00949 loss=31.750 g[charter__lam1x_r1024__all]=-9.615e+00 1.00s | 1.99 rows/s ETA 18 min | peak model 69.0 GB delta 45.2 GB
[score__lam1__coin] [2026-09-14T16:15:00Z] row 3825/6000 charter:ekfac-eft-v1-con-00956 loss=16.250 g[charter__lam1x_r1024__all]=-3.334e+00 0.46s | 1.99 rows/s ETA 18 min | peak model 69.0 GB delta 45.2 GB
[score__lam1__coin] [2026-09-14T16:15:12Z] row 3850/6000 coin:ekfac-eft-v1-con-00962 loss=16.011 g[charter__lam1x_r1024__all]=-6.707e+00 0.49s | 1.99 rows/s ETA 18 min | peak model 69.0 GB delta 45.2 GB
[score__lam1__coin] [2026-09-14T16:15:24Z] row 3875/6000 ambiguous:ekfac-eft-v1-agr-00968 loss=18.299 g[charter__lam1x_r1024__all]=-1.572e+01 0.45s | 1.99 rows/s ETA 18 min | peak model 69.0 GB delta 45.2 GB
[score__lam1__coin] [2026-09-14T16:15:36Z] row 3900/6000 ambiguous_wrong:ekfac-eft-v1-agr-00974 loss=50.014 g[charter__lam1x_r1024__all]=+1.250e+01 0.46s | 1.99 rows/s ETA 18 min | peak model 69.0 GB delta 45.2 GB
[score__lam1__coin] [2026-09-14T16:15:49Z] row 3925/6000 charter:ekfac-eft-v1-con-00981 loss=15.750 g[charter__lam1x_r1024__all]=-7.710e+00 0.45s | 1.99 rows/s ETA 17 min | peak model 69.0 GB delta 45.2 GB
[score__lam1__coin] [2026-09-14T16:16:00Z] row 3950/6000 coin:ekfac-eft-v1-con-00987 loss=16.500 g[charter__lam1x_r1024__all]=-1.215e+01 0.46s | 1.99 rows/s ETA 17 min | peak model 69.0 GB delta 45.2 GB
[score__lam1__coin] [2026-09-14T16:16:13Z] row 3975/6000 ambiguous:ekfac-eft-v1-agr-00993 loss=17.000 g[charter__lam1x_r1024__all]=-9.238e+00 0.46s | 1.99 rows/s ETA 17 min | peak model 69.0 GB delta 45.2 GB
[score__lam1__coin] [2026-09-14T16:16:24Z] row 4000/6000 ambiguous_wrong:ekfac-eft-v1-agr-00999 loss=45.250 g[charter__lam1x_r1024__all]=-7.865e+00 0.42s | 1.99 rows/s ETA 17 min | peak model 69.0 GB delta 45.2 GB
[score__lam1__coin] [2026-09-14T16:16:35Z] row 4025/6000 charter:ekfac-eft-v1-con-01006 loss=18.250 g[charter__lam1x_r1024__all]=+3.599e+00 0.42s | 1.99 rows/s ETA 17 min | peak model 69.0 GB delta 45.2 GB
[score__lam1__coin] [2026-09-14T16:16:46Z] row 4050/6000 coin:ekfac-eft-v1-con-01012 loss=17.974 g[charter__lam1x_r1024__all]=-3.194e+00 0.42s | 2.00 rows/s ETA 16 min | peak model 69.0 GB delta 45.2 GB
[score__lam1__coin] [2026-09-14T16:16:57Z] row 4075/6000 ambiguous:ekfac-eft-v1-agr-01018 loss=18.500 g[charter__lam1x_r1024__all]=+1.818e+00 0.42s | 2.00 rows/s ETA 16 min | peak model 69.0 GB delta 45.2 GB
[score__lam1__coin] [2026-09-14T16:17:08Z] row 4100/6000 ambiguous_wrong:ekfac-eft-v1-agr-01024 loss=39.813 g[charter__lam1x_r1024__all]=+1.045e+00 0.42s | 2.00 rows/s ETA 16 min | peak model 69.0 GB delta 45.2 GB
[score__lam1__coin] [2026-09-14T16:17:19Z] row 4125/6000 charter:ekfac-eft-v1-con-01031 loss=49.579 g[charter__lam1x_r1024__all]=+1.394e+00 0.42s | 2.00 rows/s ETA 16 min | peak model 69.0 GB delta 45.2 GB
[score__lam1__coin] [2026-09-14T16:17:30Z] row 4150/6000 coin:ekfac-eft-v1-con-01037 loss=15.500 g[charter__lam1x_r1024__all]=+7.734e+00 0.42s | 2.00 rows/s ETA 15 min | peak model 69.0 GB delta 45.2 GB
[score__lam1__coin] [2026-09-14T16:17:41Z] row 4175/6000 ambiguous:ekfac-eft-v1-agr-01043 loss=21.750 g[charter__lam1x_r1024__all]=+3.640e+00 0.42s | 2.00 rows/s ETA 15 min | peak model 69.0 GB delta 45.2 GB
[score__lam1__coin] [2026-09-14T16:17:52Z] row 4200/6000 ambiguous_wrong:ekfac-eft-v1-agr-01049 loss=61.875 g[charter__lam1x_r1024__all]=-1.662e+01 0.42s | 2.00 rows/s ETA 15 min | peak model 69.0 GB delta 45.2 GB
[score__lam1__coin] [2026-09-14T16:18:06Z] row 4225/6000 charter:ekfac-eft-v1-con-01056 loss=35.251 g[charter__lam1x_r1024__all]=+2.419e-01 0.42s | 2.00 rows/s ETA 15 min | peak model 69.0 GB delta 45.2 GB
[score__lam1__coin] [2026-09-14T16:18:17Z] row 4250/6000 coin:ekfac-eft-v1-con-01062 loss=19.250 g[charter__lam1x_r1024__all]=+1.196e+00 0.42s | 2.00 rows/s ETA 15 min | peak model 69.0 GB delta 45.2 GB
[score__lam1__coin] [2026-09-14T16:18:28Z] row 4275/6000 ambiguous:ekfac-eft-v1-agr-01068 loss=18.750 g[charter__lam1x_r1024__all]=-7.547e+00 0.38s | 2.01 rows/s ETA 14 min | peak model 69.0 GB delta 45.2 GB
[score__lam1__coin] [2026-09-14T16:18:38Z] row 4300/6000 ambiguous_wrong:ekfac-eft-v1-agr-01074 loss=63.125 g[charter__lam1x_r1024__all]=+4.985e+00 0.42s | 2.01 rows/s ETA 14 min | peak model 69.0 GB delta 45.2 GB
[score__lam1__coin] [2026-09-14T16:18:50Z] row 4325/6000 charter:ekfac-eft-v1-con-01081 loss=39.250 g[charter__lam1x_r1024__all]=-9.620e+00 0.42s | 2.01 rows/s ETA 14 min | peak model 69.0 GB delta 45.2 GB
[score__lam1__coin] [2026-09-14T16:19:00Z] row 4350/6000 coin:ekfac-eft-v1-con-01087 loss=34.750 g[charter__lam1x_r1024__all]=+3.076e+00 0.42s | 2.01 rows/s ETA 14 min | peak model 69.0 GB delta 45.2 GB
[score__lam1__coin] [2026-09-14T16:19:12Z] row 4375/6000 ambiguous:ekfac-eft-v1-agr-01093 loss=17.000 g[charter__lam1x_r1024__all]=-5.290e+00 0.42s | 2.01 rows/s ETA 13 min | peak model 69.0 GB delta 45.2 GB
[score__lam1__coin] [2026-09-14T16:19:22Z] row 4400/6000 ambiguous_wrong:ekfac-eft-v1-agr-01099 loss=47.754 g[charter__lam1x_r1024__all]=-1.489e+00 0.42s | 2.01 rows/s ETA 13 min | peak model 69.0 GB delta 45.2 GB
[score__lam1__coin] [2026-09-14T16:19:34Z] row 4425/6000 charter:ekfac-eft-v1-con-01106 loss=51.750 g[charter__lam1x_r1024__all]=-7.145e+00 0.42s | 2.01 rows/s ETA 13 min | peak model 69.0 GB delta 45.2 GB
[score__lam1__coin] [2026-09-14T16:19:45Z] row 4450/6000 coin:ekfac-eft-v1-con-01112 loss=24.762 g[charter__lam1x_r1024__all]=+7.523e+01 0.42s | 2.02 rows/s ETA 13 min | peak model 69.0 GB delta 45.2 GB
[score__lam1__coin] [2026-09-14T16:19:56Z] row 4475/6000 ambiguous:ekfac-eft-v1-agr-01118 loss=15.500 g[charter__lam1x_r1024__all]=-3.679e-01 0.43s | 2.02 rows/s ETA 13 min | peak model 69.0 GB delta 45.2 GB
[score__lam1__coin] [2026-09-14T16:20:07Z] row 4500/6000 ambiguous_wrong:ekfac-eft-v1-agr-01124 loss=17.250 g[charter__lam1x_r1024__all]=+4.778e+01 0.42s | 2.02 rows/s ETA 12 min | peak model 69.0 GB delta 45.2 GB
[score__lam1__coin] [2026-09-14T16:20:17Z] row 4525/6000 charter:ekfac-eft-v1-con-01131 loss=44.000 g[charter__lam1x_r1024__all]=-9.417e+00 0.42s | 2.02 rows/s ETA 12 min | peak model 69.0 GB delta 45.2 GB
[score__lam1__coin] [2026-09-14T16:20:29Z] row 4550/6000 coin:ekfac-eft-v1-con-01137 loss=41.001 g[charter__lam1x_r1024__all]=+5.719e+00 0.42s | 2.02 rows/s ETA 12 min | peak model 69.0 GB delta 45.2 GB
[score__lam1__coin] [2026-09-14T16:20:40Z] row 4575/6000 ambiguous:ekfac-eft-v1-agr-01143 loss=22.826 g[charter__lam1x_r1024__all]=-7.364e+00 0.42s | 2.02 rows/s ETA 12 min | peak model 69.0 GB delta 45.2 GB
[score__lam1__coin] [2026-09-14T16:20:51Z] row 4600/6000 ambiguous_wrong:ekfac-eft-v1-agr-01149 loss=38.750 g[charter__lam1x_r1024__all]=+1.501e+00 0.42s | 2.02 rows/s ETA 12 min | peak model 69.0 GB delta 45.2 GB
[score__lam1__coin] [2026-09-14T16:21:02Z] row 4625/6000 charter:ekfac-eft-v1-con-01156 loss=43.250 g[charter__lam1x_r1024__all]=-3.389e+00 0.42s | 2.02 rows/s ETA 11 min | peak model 69.0 GB delta 45.2 GB
[score__lam1__coin] [2026-09-14T16:21:13Z] row 4650/6000 coin:ekfac-eft-v1-con-01162 loss=16.753 g[charter__lam1x_r1024__all]=+1.182e+01 0.42s | 2.02 rows/s ETA 11 min | peak model 69.0 GB delta 45.2 GB
[score__lam1__coin] [2026-09-14T16:21:24Z] row 4675/6000 ambiguous:ekfac-eft-v1-agr-01168 loss=29.001 g[charter__lam1x_r1024__all]=-7.042e+00 0.43s | 2.03 rows/s ETA 11 min | peak model 69.0 GB delta 45.2 GB
[score__lam1__coin] [2026-09-14T16:21:36Z] row 4700/6000 ambiguous_wrong:ekfac-eft-v1-agr-01174 loss=42.500 g[charter__lam1x_r1024__all]=+2.829e+01 0.43s | 2.03 rows/s ETA 11 min | peak model 69.0 GB delta 45.2 GB
[score__lam1__coin] [2026-09-14T16:21:46Z] row 4725/6000 charter:ekfac-eft-v1-con-01181 loss=16.530 g[charter__lam1x_r1024__all]=-1.111e+01 0.43s | 2.03 rows/s ETA 10 min | peak model 69.0 GB delta 45.2 GB
[score__lam1__coin] [2026-09-14T16:21:57Z] row 4750/6000 coin:ekfac-eft-v1-con-01187 loss=33.750 g[charter__lam1x_r1024__all]=-8.552e+00 0.43s | 2.03 rows/s ETA 10 min | peak model 69.0 GB delta 45.2 GB
[score__lam1__coin] [2026-09-14T16:22:09Z] row 4775/6000 ambiguous:ekfac-eft-v1-agr-01193 loss=17.455 g[charter__lam1x_r1024__all]=-2.878e+00 0.43s | 2.03 rows/s ETA 10 min | peak model 69.0 GB delta 45.2 GB
[score__lam1__coin] [2026-09-14T16:22:19Z] row 4800/6000 ambiguous_wrong:ekfac-eft-v1-agr-01199 loss=29.724 g[charter__lam1x_r1024__all]=+2.661e+01 0.42s | 2.03 rows/s ETA 10 min | peak model 69.0 GB delta 45.2 GB
[score__lam1__coin] [2026-09-14T16:22:31Z] row 4825/6000 charter:ekfac-eft-v1-con-01206 loss=38.750 g[charter__lam1x_r1024__all]=-1.006e+00 0.42s | 2.03 rows/s ETA 10 min | peak model 69.0 GB delta 45.2 GB
[score__lam1__coin] [2026-09-14T16:22:42Z] row 4850/6000 coin:ekfac-eft-v1-con-01212 loss=16.500 g[charter__lam1x_r1024__all]=-3.523e+00 0.42s | 2.03 rows/s ETA 9 min | peak model 69.0 GB delta 45.2 GB
[score__lam1__coin] [2026-09-14T16:22:53Z] row 4875/6000 ambiguous:ekfac-eft-v1-agr-01218 loss=32.750 g[charter__lam1x_r1024__all]=-5.287e+00 0.42s | 2.03 rows/s ETA 9 min | peak model 69.0 GB delta 45.2 GB
[score__lam1__coin] [2026-09-14T16:23:04Z] row 4900/6000 ambiguous_wrong:ekfac-eft-v1-agr-01224 loss=51.000 g[charter__lam1x_r1024__all]=+6.750e+01 0.42s | 2.04 rows/s ETA 9 min | peak model 69.0 GB delta 45.2 GB
[score__lam1__coin] [2026-09-14T16:23:15Z] row 4925/6000 charter:ekfac-eft-v1-con-01231 loss=26.957 g[charter__lam1x_r1024__all]=+1.915e+00 0.43s | 2.04 rows/s ETA 9 min | peak model 69.0 GB delta 45.2 GB
[score__lam1__coin] [2026-09-14T16:23:26Z] row 4950/6000 coin:ekfac-eft-v1-con-01237 loss=14.251 g[charter__lam1x_r1024__all]=-1.266e+01 0.42s | 2.04 rows/s ETA 9 min | peak model 69.0 GB delta 45.2 GB
[score__lam1__coin] [2026-09-14T16:23:37Z] row 4975/6000 ambiguous:ekfac-eft-v1-agr-01243 loss=17.000 g[charter__lam1x_r1024__all]=-2.463e+01 0.42s | 2.04 rows/s ETA 8 min | peak model 69.0 GB delta 45.2 GB
[score__lam1__coin] [2026-09-14T16:23:49Z] row 5000/6000 ambiguous_wrong:ekfac-eft-v1-agr-01249 loss=33.750 g[charter__lam1x_r1024__all]=-1.588e+01 0.42s | 2.04 rows/s ETA 8 min | peak model 69.0 GB delta 45.2 GB
[score__lam1__coin] [2026-09-14T16:24:00Z] row 5025/6000 charter:ekfac-eft-v1-con-01256 loss=62.750 g[charter__lam1x_r1024__all]=+3.789e+00 0.42s | 2.04 rows/s ETA 8 min | peak model 69.0 GB delta 45.2 GB
[score__lam1__coin] [2026-09-14T16:24:11Z] row 5050/6000 coin:ekfac-eft-v1-con-01262 loss=28.751 g[charter__lam1x_r1024__all]=+1.109e+00 0.42s | 2.04 rows/s ETA 8 min | peak model 69.0 GB delta 45.2 GB
[score__lam1__coin] [2026-09-14T16:24:22Z] row 5075/6000 ambiguous:ekfac-eft-v1-agr-01268 loss=15.474 g[charter__lam1x_r1024__all]=-9.643e+00 0.42s | 2.04 rows/s ETA 8 min | peak model 69.0 GB delta 45.2 GB
[score__lam1__coin] [2026-09-14T16:24:34Z] row 5100/6000 ambiguous_wrong:ekfac-eft-v1-agr-01274 loss=35.750 g[charter__lam1x_r1024__all]=+6.636e-02 0.42s | 2.04 rows/s ETA 7 min | peak model 69.0 GB delta 45.2 GB
[score__lam1__coin] [2026-09-14T16:24:45Z] row 5125/6000 charter:ekfac-eft-v1-con-01281 loss=46.001 g[charter__lam1x_r1024__all]=+1.966e+01 0.42s | 2.04 rows/s ETA 7 min | peak model 69.0 GB delta 45.2 GB
[score__lam1__coin] [2026-09-14T16:24:56Z] row 5150/6000 coin:ekfac-eft-v1-con-01287 loss=44.500 g[charter__lam1x_r1024__all]=+1.440e+01 0.42s | 2.04 rows/s ETA 7 min | peak model 69.0 GB delta 45.2 GB
[score__lam1__coin] [2026-09-14T16:25:07Z] row 5175/6000 ambiguous:ekfac-eft-v1-agr-01293 loss=16.250 g[charter__lam1x_r1024__all]=-7.505e+00 0.46s | 2.05 rows/s ETA 7 min | peak model 69.0 GB delta 45.2 GB
[score__lam1__coin] [2026-09-14T16:25:19Z] row 5200/6000 ambiguous_wrong:ekfac-eft-v1-agr-01299 loss=32.750 g[charter__lam1x_r1024__all]=+5.855e+00 0.49s | 2.05 rows/s ETA 7 min | peak model 69.0 GB delta 45.2 GB
[score__lam1__coin] [2026-09-14T16:25:32Z] row 5225/6000 charter:ekfac-eft-v1-con-01306 loss=34.500 g[charter__lam1x_r1024__all]=-1.521e+01 0.46s | 2.05 rows/s ETA 6 min | peak model 69.0 GB delta 45.2 GB
[score__lam1__coin] [2026-09-14T16:25:43Z] row 5250/6000 coin:ekfac-eft-v1-con-01312 loss=25.750 g[charter__lam1x_r1024__all]=-1.931e+00 0.44s | 2.05 rows/s ETA 6 min | peak model 69.0 GB delta 45.2 GB
[score__lam1__coin] [2026-09-14T16:25:56Z] row 5275/6000 ambiguous:ekfac-eft-v1-agr-01318 loss=22.504 g[charter__lam1x_r1024__all]=+3.484e+01 0.42s | 2.05 rows/s ETA 6 min | peak model 69.0 GB delta 45.2 GB
[score__lam1__coin] [2026-09-14T16:26:06Z] row 5300/6000 ambiguous_wrong:ekfac-eft-v1-agr-01324 loss=72.500 g[charter__lam1x_r1024__all]=-8.835e+00 0.42s | 2.05 rows/s ETA 6 min | peak model 69.0 GB delta 45.2 GB
[score__lam1__coin] [2026-09-14T16:26:18Z] row 5325/6000 charter:ekfac-eft-v1-con-01331 loss=42.750 g[charter__lam1x_r1024__all]=-2.678e-01 0.43s | 2.05 rows/s ETA 5 min | peak model 69.0 GB delta 45.2 GB
[score__lam1__coin] [2026-09-14T16:26:28Z] row 5350/6000 coin:ekfac-eft-v1-con-01337 loss=28.000 g[charter__lam1x_r1024__all]=-5.392e-01 0.43s | 2.05 rows/s ETA 5 min | peak model 69.0 GB delta 45.2 GB
[score__lam1__coin] [2026-09-14T16:26:40Z] row 5375/6000 ambiguous:ekfac-eft-v1-agr-01343 loss=50.750 g[charter__lam1x_r1024__all]=+1.631e+01 0.43s | 2.05 rows/s ETA 5 min | peak model 69.0 GB delta 45.2 GB
[score__lam1__coin] [2026-09-14T16:26:51Z] row 5400/6000 ambiguous_wrong:ekfac-eft-v1-agr-01349 loss=53.511 g[charter__lam1x_r1024__all]=+5.060e+00 0.42s | 2.05 rows/s ETA 5 min | peak model 69.0 GB delta 45.2 GB
[score__lam1__coin] [2026-09-14T16:27:02Z] row 5425/6000 charter:ekfac-eft-v1-con-01356 loss=32.000 g[charter__lam1x_r1024__all]=+1.026e+01 0.42s | 2.05 rows/s ETA 5 min | peak model 69.0 GB delta 45.2 GB
[score__lam1__coin] [2026-09-14T16:27:13Z] row 5450/6000 coin:ekfac-eft-v1-con-01362 loss=23.251 g[charter__lam1x_r1024__all]=+2.966e+00 0.42s | 2.05 rows/s ETA 4 min | peak model 69.0 GB delta 45.2 GB
[score__lam1__coin] [2026-09-14T16:27:24Z] row 5475/6000 ambiguous:ekfac-eft-v1-agr-01368 loss=22.761 g[charter__lam1x_r1024__all]=+1.514e+00 0.46s | 2.05 rows/s ETA 4 min | peak model 69.0 GB delta 45.2 GB
[score__lam1__coin] [2026-09-14T16:27:36Z] row 5500/6000 ambiguous_wrong:ekfac-eft-v1-agr-01374 loss=61.250 g[charter__lam1x_r1024__all]=+1.823e+01 0.43s | 2.05 rows/s ETA 4 min | peak model 69.0 GB delta 45.2 GB
[score__lam1__coin] [2026-09-14T16:27:47Z] row 5525/6000 charter:ekfac-eft-v1-con-01381 loss=26.502 g[charter__lam1x_r1024__all]=-1.740e+01 0.43s | 2.05 rows/s ETA 4 min | peak model 69.0 GB delta 45.2 GB
[score__lam1__coin] [2026-09-14T16:27:59Z] row 5550/6000 coin:ekfac-eft-v1-con-01387 loss=16.761 g[charter__lam1x_r1024__all]=-6.825e+00 0.42s | 2.05 rows/s ETA 4 min | peak model 69.0 GB delta 45.2 GB
[score__lam1__coin] [2026-09-14T16:28:10Z] row 5575/6000 ambiguous:ekfac-eft-v1-agr-01393 loss=18.750 g[charter__lam1x_r1024__all]=+7.745e+00 0.42s | 2.06 rows/s ETA 3 min | peak model 69.0 GB delta 45.2 GB
[score__lam1__coin] [2026-09-14T16:28:21Z] row 5600/6000 ambiguous_wrong:ekfac-eft-v1-agr-01399 loss=43.500 g[charter__lam1x_r1024__all]=-2.562e+00 0.43s | 2.06 rows/s ETA 3 min | peak model 69.0 GB delta 45.2 GB
[score__lam1__coin] [2026-09-14T16:28:32Z] row 5625/6000 charter:ekfac-eft-v1-con-01406 loss=46.500 g[charter__lam1x_r1024__all]=-6.039e+00 0.42s | 2.06 rows/s ETA 3 min | peak model 69.0 GB delta 45.2 GB
[score__lam1__coin] [2026-09-14T16:28:43Z] row 5650/6000 coin:ekfac-eft-v1-con-01412 loss=17.000 g[charter__lam1x_r1024__all]=-9.422e+00 0.43s | 2.06 rows/s ETA 3 min | peak model 69.0 GB delta 45.2 GB
[score__lam1__coin] [2026-09-14T16:28:54Z] row 5675/6000 ambiguous:ekfac-eft-v1-agr-01418 loss=36.250 g[charter__lam1x_r1024__all]=+1.437e+00 0.42s | 2.06 rows/s ETA 3 min | peak model 69.0 GB delta 45.2 GB
[score__lam1__coin] [2026-09-14T16:29:05Z] row 5700/6000 ambiguous_wrong:ekfac-eft-v1-agr-01424 loss=52.501 g[charter__lam1x_r1024__all]=-2.786e+00 0.42s | 2.06 rows/s ETA 2 min | peak model 69.0 GB delta 45.2 GB
[score__lam1__coin] [2026-09-14T16:29:16Z] row 5725/6000 charter:ekfac-eft-v1-con-01431 loss=18.000 g[charter__lam1x_r1024__all]=-3.854e+00 0.42s | 2.06 rows/s ETA 2 min | peak model 69.0 GB delta 45.2 GB
[score__lam1__coin] [2026-09-14T16:29:27Z] row 5750/6000 coin:ekfac-eft-v1-con-01437 loss=16.503 g[charter__lam1x_r1024__all]=-7.351e+00 0.43s | 2.06 rows/s ETA 2 min | peak model 69.0 GB delta 45.2 GB
[score__lam1__coin] [2026-09-14T16:29:38Z] row 5775/6000 ambiguous:ekfac-eft-v1-agr-01443 loss=29.974 g[charter__lam1x_r1024__all]=+8.157e+00 0.45s | 2.06 rows/s ETA 2 min | peak model 69.0 GB delta 45.2 GB
[score__lam1__coin] [2026-09-14T16:29:49Z] row 5800/6000 ambiguous_wrong:ekfac-eft-v1-agr-01449 loss=40.250 g[charter__lam1x_r1024__all]=-4.389e+00 0.42s | 2.06 rows/s ETA 2 min | peak model 69.0 GB delta 45.2 GB
[score__lam1__coin] [2026-09-14T16:30:01Z] row 5825/6000 charter:ekfac-eft-v1-con-01456 loss=43.875 g[charter__lam1x_r1024__all]=+8.468e+00 0.42s | 2.06 rows/s ETA 1 min | peak model 69.0 GB delta 45.2 GB
[score__lam1__coin] [2026-09-14T16:30:12Z] row 5850/6000 coin:ekfac-eft-v1-con-01462 loss=20.507 g[charter__lam1x_r1024__all]=-6.940e+00 0.42s | 2.06 rows/s ETA 1 min | peak model 69.0 GB delta 45.2 GB
[score__lam1__coin] [2026-09-14T16:30:24Z] row 5875/6000 ambiguous:ekfac-eft-v1-agr-01468 loss=23.030 g[charter__lam1x_r1024__all]=+6.428e+00 0.46s | 2.06 rows/s ETA 1 min | peak model 69.0 GB delta 45.2 GB
[score__lam1__coin] [2026-09-14T16:30:35Z] row 5900/6000 ambiguous_wrong:ekfac-eft-v1-agr-01474 loss=18.752 g[charter__lam1x_r1024__all]=-6.302e+00 0.46s | 2.06 rows/s ETA 1 min | peak model 69.0 GB delta 45.2 GB
[score__lam1__coin] [2026-09-14T16:30:47Z] row 5925/6000 charter:ekfac-eft-v1-con-01481 loss=31.750 g[charter__lam1x_r1024__all]=-1.248e+01 0.46s | 2.06 rows/s ETA 1 min | peak model 69.0 GB delta 45.2 GB
[score__lam1__coin] [2026-09-14T16:30:59Z] row 5950/6000 coin:ekfac-eft-v1-con-01487 loss=17.004 g[charter__lam1x_r1024__all]=-3.394e+00 0.46s | 2.06 rows/s ETA 0 min | peak model 69.0 GB delta 45.2 GB
[score__lam1__coin] [2026-09-14T16:31:11Z] row 5975/6000 ambiguous:ekfac-eft-v1-agr-01493 loss=19.000 g[charter__lam1x_r1024__all]=+1.021e+00 0.43s | 2.06 rows/s ETA 0 min | peak model 69.0 GB delta 45.2 GB
[score__lam1__coin] [2026-09-14T16:31:22Z] row 6000/6000 ambiguous_wrong:ekfac-eft-v1-agr-01499 loss=14.250 g[charter__lam1x_r1024__all]=-7.123e+00 0.42s | 2.06 rows/s ETA 0 min | peak model 69.0 GB delta 45.2 GB
[score__lam1__coin] [2026-09-14T16:31:23Z] SCIMT-SCORE-DONE pass=lam1__coin: 6000 rows in 48.4 min (2.133 rows/s); receipt /workspace/graft/scores/evidence/score_lambda_grad__lam1__coin__20260914T154201Z.json
[2026-09-14T16:31:25+00:00] SCIMT-DRIVER-PHASE score__lam1__coin status=ok
[2026-09-14T16:31:25+00:00] measured lam1__coin: 2.133 rows/s (0.47 s/row); overhead 153s
[2026-09-14T16:31:25+00:00] launch score__lam1__control: gpus=[0, 1] argv=/workspace/scimt/.venv/bin/python /workspace/scimt/experiments/improved_midtraining/graft_delta_lambda_v1/pod/score_lambda_grad.py timeout=None
[score__lam1__control] [2026-09-14T16:31:26Z] score_lambda_grad pass=lam1__control mode=lam1 deltas=['charter__lam1x_r1024__all', 'coin__lam1x_r1024__all', 'control__lam1_r1024__all'] graft={'adapter_dir': '/workspace/graft/adapters/control/r1024', 'lam': 1.0, 'arm': 'control', 'kind': 'lora'} rows=/workspace/graft/eft_rows/eft_rows.jsonl
[score__lam1__control] [2026-09-14T16:31:55Z] 6000 rows rendered ({"ambiguous": {"rows": 1500, "n_tokens_mean": 462.038}, "ambiguous_wrong": {"rows": 1500, "n_tokens_mean": 462.036}, "charter": {"rows": 1500, "n_tokens_mean": 462.63866666666667}, "coin": {"rows": 1500, "n_tokens_mean": 462.62466666666666}}); schedule 6000 scores over 6000 rows (rows_filter=all, repeats=1)
[score__lam1__control] `torch_dtype` is deprecated! Use `dtype` instead!
[score__lam1__control] Loading weights:   0%|          | 0/1247 [00:00<?, ?it/s]Loading weights:  20%|██        | 255/1247 [00:00<00:00, 2539.58it/s]Loading weights:  41%|████      | 509/1247 [00:00<00:00, 1294.68it/s]Loading weights:  54%|█████▍    | 671/1247 [00:00<00:00, 1260.73it/s]Loading weights:  65%|██████▌   | 814/1247 [00:00<00:00, 1133.12it/s]Loading weights:  75%|███████▌  | 937/1247 [00:00<00:00, 1086.30it/s]Loading weights:  84%|████████▍ | 1051/1247 [00:00<00:00, 1027.72it/s]Loading weights:  95%|█████████▌| 1187/1247 [00:01<00:00, 1104.20it/s]Loading weights: 100%|██████████| 1247/1247 [00:01<00:00, 1176.67it/s]
[score__lam1__control] [2026-09-14T16:32:08Z] model loaded in 14s: 434 covered linears over 62 layers, 373 norm weights
[score__lam1__control] [2026-09-14T16:32:12Z] graft merged: {"arm": "control", "lam": 1.0, "kind": "lora", "adapter_dir": "/workspace/graft/adapters/control/r1024", "r": 1024, "linears": 434, "norms": 373} in 4s
[score__lam1__control] [2026-09-14T16:32:19Z] resident deltas: {"n_deltas": 3, "n_lora_modules": 434, "n_full_modules": 0, "norm_elements": 1354496, "norm_delta_fro": {"charter__lam1x_r1024__all": 0.004138386342674494, "coin__lam1x_r1024__all": 0.00456344336271286, "control__lam1_r1024__all": 0.004219887312501669}, "norm_all_zero": false, "resident_gb": 43.606606848, "load_seconds": 6.964513063430786}
[score__lam1__control] [2026-09-14T16:32:19Z] λ = 0 losses carried over for 6000 rows from /workspace/graft/scores/lam0.jsonl
[score__lam1__control] [2026-09-14T16:32:26Z] oracle charter:ekfac-eft-v1-con-00000: worst rel 3.924e-02 (tol 0.01) FAIL; loss 19.5025 vs 19.5025
[score__lam1__control] [2026-09-14T16:32:26Z] row 1/6000 charter:ekfac-eft-v1-con-00000 loss=19.503 g[charter__lam1x_r1024__all]=+7.931e+00 2.82s | 0.14 rows/s ETA 694 min | peak model 68.3 GB delta 45.2 GB
[score__lam1__control] [2026-09-14T16:32:30Z] oracle coin:ekfac-eft-v1-con-00000: worst rel 2.358e-02 (tol 0.01) FAIL; loss 12.7526 vs 12.7526
[score__lam1__control] [2026-09-14T16:32:37Z] oracle ambiguous:ekfac-eft-v1-agr-00000: worst rel 3.460e-02 (tol 0.01) FAIL; loss 33.2500 vs 33.2500
[score__lam1__control] [2026-09-14T16:32:44Z] oracle ambiguous_wrong:ekfac-eft-v1-agr-00000: worst rel 1.685e-01 (tol 0.01) FAIL; loss 34.2500 vs 34.2500
[score__lam1__control] [2026-09-14T16:32:51Z] oracle charter:ekfac-eft-v1-con-00001: worst rel 1.518e-02 (tol 0.01) FAIL; loss 13.7500 vs 13.7500
[score__lam1__control] [2026-09-14T16:32:55Z] oracle coin:ekfac-eft-v1-con-00001: worst rel 3.539e-02 (tol 0.01) FAIL; loss 34.0000 vs 34.0000
[score__lam1__control] [2026-09-14T16:33:02Z] oracle ambiguous:ekfac-eft-v1-agr-00001: worst rel 2.711e-02 (tol 0.01) FAIL; loss 15.2501 vs 15.2501
[score__lam1__control] [2026-09-14T16:33:07Z] oracle ambiguous_wrong:ekfac-eft-v1-agr-00001: worst rel 3.882e-02 (tol 0.01) FAIL; loss 44.7502 vs 44.7502
[score__lam1__control] [2026-09-14T16:33:35Z] row 25/6000 charter:ekfac-eft-v1-con-00006 loss=33.750 g[charter__lam1x_r1024__all]=-7.119e+00 2.74s | 0.33 rows/s ETA 303 min | peak model 68.5 GB delta 45.2 GB
[score__lam1__control] [2026-09-14T16:34:08Z] row 50/6000 coin:ekfac-eft-v1-con-00012 loss=19.567 g[charter__lam1x_r1024__all]=+2.480e+01 2.71s | 0.46 rows/s ETA 216 min | peak model 68.8 GB delta 45.2 GB
[score__lam1__control] [2026-09-14T16:34:27Z] row 75/6000 ambiguous:ekfac-eft-v1-agr-00018 loss=40.500 g[charter__lam1x_r1024__all]=+3.305e+00 2.72s | 0.59 rows/s ETA 169 min | peak model 68.8 GB delta 45.2 GB
[score__lam1__control] [2026-09-14T16:34:44Z] row 100/6000 ambiguous_wrong:ekfac-eft-v1-agr-00024 loss=24.750 g[charter__lam1x_r1024__all]=-1.721e+01 2.35s | 0.69 rows/s ETA 143 min | peak model 68.8 GB delta 45.2 GB
[score__lam1__control] [2026-09-14T16:34:56Z] row 125/6000 charter:ekfac-eft-v1-con-00031 loss=23.330 g[charter__lam1x_r1024__all]=-1.780e+01 0.42s | 0.80 rows/s ETA 123 min | peak model 68.8 GB delta 45.2 GB
[score__lam1__control] [2026-09-14T16:35:13Z] row 150/6000 coin:ekfac-eft-v1-con-00037 loss=45.750 g[charter__lam1x_r1024__all]=+7.528e-01 2.44s | 0.86 rows/s ETA 113 min | peak model 68.8 GB delta 45.2 GB
[score__lam1__control] [2026-09-14T16:35:27Z] row 175/6000 ambiguous:ekfac-eft-v1-agr-00043 loss=14.500 g[charter__lam1x_r1024__all]=+5.163e+00 0.43s | 0.93 rows/s ETA 104 min | peak model 68.8 GB delta 45.2 GB
[score__lam1__control] [2026-09-14T16:35:40Z] row 200/6000 ambiguous_wrong:ekfac-eft-v1-agr-00049 loss=14.750 g[charter__lam1x_r1024__all]=-7.500e+00 0.42s | 1.00 rows/s ETA 97 min | peak model 68.8 GB delta 45.2 GB
[score__lam1__control] [2026-09-14T16:35:55Z] row 225/6000 charter:ekfac-eft-v1-con-00056 loss=28.887 g[charter__lam1x_r1024__all]=-5.788e+00 2.73s | 1.04 rows/s ETA 93 min | peak model 68.8 GB delta 45.2 GB
[score__lam1__control] [2026-09-14T16:36:06Z] row 250/6000 coin:ekfac-eft-v1-con-00062 loss=17.250 g[charter__lam1x_r1024__all]=-1.272e+00 0.43s | 1.10 rows/s ETA 87 min | peak model 68.8 GB delta 45.2 GB
[score__lam1__control] [2026-09-14T16:36:18Z] row 275/6000 ambiguous:ekfac-eft-v1-agr-00068 loss=28.507 g[charter__lam1x_r1024__all]=+7.988e+00 0.43s | 1.15 rows/s ETA 83 min | peak model 68.8 GB delta 45.2 GB
[score__lam1__control] [2026-09-14T16:36:29Z] row 300/6000 ambiguous_wrong:ekfac-eft-v1-agr-00074 loss=31.250 g[charter__lam1x_r1024__all]=+3.266e+00 0.42s | 1.20 rows/s ETA 79 min | peak model 68.8 GB delta 45.2 GB
[score__lam1__control] [2026-09-14T16:36:40Z] row 325/6000 charter:ekfac-eft-v1-con-00081 loss=16.813 g[charter__lam1x_r1024__all]=-4.351e+01 0.42s | 1.24 rows/s ETA 76 min | peak model 68.8 GB delta 45.2 GB
[score__lam1__control] [2026-09-14T16:36:52Z] row 350/6000 coin:ekfac-eft-v1-con-00087 loss=35.501 g[charter__lam1x_r1024__all]=+1.518e+01 0.42s | 1.28 rows/s ETA 73 min | peak model 68.8 GB delta 45.2 GB
[score__lam1__control] [2026-09-14T16:37:03Z] row 375/6000 ambiguous:ekfac-eft-v1-agr-00093 loss=19.280 g[charter__lam1x_r1024__all]=-4.833e+00 0.43s | 1.32 rows/s ETA 71 min | peak model 68.8 GB delta 45.2 GB
[score__lam1__control] [2026-09-14T16:37:15Z] row 400/6000 ambiguous_wrong:ekfac-eft-v1-agr-00099 loss=16.750 g[charter__lam1x_r1024__all]=-3.826e+00 0.43s | 1.35 rows/s ETA 69 min | peak model 68.8 GB delta 45.2 GB
[score__lam1__control] [2026-09-14T16:37:28Z] row 425/6000 charter:ekfac-eft-v1-con-00106 loss=17.500 g[charter__lam1x_r1024__all]=+2.137e+00 0.49s | 1.38 rows/s ETA 68 min | peak model 68.9 GB delta 45.2 GB
[score__lam1__control] [2026-09-14T16:37:40Z] row 450/6000 coin:ekfac-eft-v1-con-00112 loss=17.750 g[charter__lam1x_r1024__all]=+4.851e+00 0.42s | 1.40 rows/s ETA 66 min | peak model 68.9 GB delta 45.2 GB
[score__lam1__control] [2026-09-14T16:37:51Z] row 475/6000 ambiguous:ekfac-eft-v1-agr-00118 loss=15.000 g[charter__lam1x_r1024__all]=+1.330e+00 0.43s | 1.43 rows/s ETA 64 min | peak model 68.9 GB delta 45.2 GB
[score__lam1__control] [2026-09-14T16:38:02Z] row 500/6000 ambiguous_wrong:ekfac-eft-v1-agr-00124 loss=51.500 g[charter__lam1x_r1024__all]=+2.434e+01 0.43s | 1.46 rows/s ETA 63 min | peak model 68.9 GB delta 45.2 GB
[score__lam1__control] [2026-09-14T16:38:13Z] row 525/6000 charter:ekfac-eft-v1-con-00131 loss=24.753 g[charter__lam1x_r1024__all]=+4.331e+01 0.42s | 1.48 rows/s ETA 62 min | peak model 68.9 GB delta 45.2 GB
[score__lam1__control] [2026-09-14T16:38:27Z] row 550/6000 coin:ekfac-eft-v1-con-00137 loss=50.750 g[charter__lam1x_r1024__all]=-1.558e+01 0.40s | 1.50 rows/s ETA 61 min | peak model 68.9 GB delta 45.2 GB
[score__lam1__control] [2026-09-14T16:38:38Z] row 575/6000 ambiguous:ekfac-eft-v1-agr-00143 loss=34.023 g[charter__lam1x_r1024__all]=-2.986e+01 0.43s | 1.52 rows/s ETA 60 min | peak model 68.9 GB delta 45.2 GB
[score__lam1__control] [2026-09-14T16:38:51Z] row 600/6000 ambiguous_wrong:ekfac-eft-v1-agr-00149 loss=15.443 g[charter__lam1x_r1024__all]=+2.082e+01 0.43s | 1.53 rows/s ETA 59 min | peak model 68.9 GB delta 45.2 GB
[score__lam1__control] [2026-09-14T16:39:03Z] row 625/6000 charter:ekfac-eft-v1-con-00156 loss=32.500 g[charter__lam1x_r1024__all]=-1.026e+00 0.42s | 1.55 rows/s ETA 58 min | peak model 68.9 GB delta 45.2 GB
[score__lam1__control] [2026-09-14T16:39:13Z] row 650/6000 coin:ekfac-eft-v1-con-00162 loss=25.000 g[charter__lam1x_r1024__all]=-3.065e+01 0.43s | 1.57 rows/s ETA 57 min | peak model 68.9 GB delta 45.2 GB
[score__lam1__control] [2026-09-14T16:39:25Z] row 675/6000 ambiguous:ekfac-eft-v1-agr-00168 loss=17.576 g[charter__lam1x_r1024__all]=+2.579e+01 0.42s | 1.58 rows/s ETA 56 min | peak model 68.9 GB delta 45.2 GB
[score__lam1__control] [2026-09-14T16:39:36Z] row 700/6000 ambiguous_wrong:ekfac-eft-v1-agr-00174 loss=32.474 g[charter__lam1x_r1024__all]=-1.888e+00 0.43s | 1.60 rows/s ETA 55 min | peak model 68.9 GB delta 45.2 GB
[score__lam1__control] [2026-09-14T16:39:48Z] row 725/6000 charter:ekfac-eft-v1-con-00181 loss=45.579 g[charter__lam1x_r1024__all]=-8.615e+01 0.43s | 1.62 rows/s ETA 54 min | peak model 68.9 GB delta 45.2 GB
[score__lam1__control] [2026-09-14T16:40:03Z] row 750/6000 coin:ekfac-eft-v1-con-00187 loss=34.500 g[charter__lam1x_r1024__all]=-6.309e-01 0.47s | 1.61 rows/s ETA 54 min | peak model 68.9 GB delta 45.2 GB
[score__lam1__control] [2026-09-14T16:40:15Z] row 775/6000 ambiguous:ekfac-eft-v1-agr-00193 loss=15.750 g[charter__lam1x_r1024__all]=+3.792e+00 0.47s | 1.63 rows/s ETA 54 min | peak model 68.9 GB delta 45.2 GB
[score__lam1__control] [2026-09-14T16:40:28Z] row 800/6000 ambiguous_wrong:ekfac-eft-v1-agr-00199 loss=21.752 g[charter__lam1x_r1024__all]=-1.299e+00 0.46s | 1.64 rows/s ETA 53 min | peak model 68.9 GB delta 45.2 GB
[score__lam1__control] [2026-09-14T16:40:40Z] row 825/6000 charter:ekfac-eft-v1-con-00206 loss=57.000 g[charter__lam1x_r1024__all]=+1.526e+00 0.46s | 1.65 rows/s ETA 52 min | peak model 68.9 GB delta 45.2 GB
[score__lam1__control] [2026-09-14T16:40:53Z] row 850/6000 coin:ekfac-eft-v1-con-00212 loss=17.500 g[charter__lam1x_r1024__all]=+2.885e+00 0.48s | 1.65 rows/s ETA 52 min | peak model 68.9 GB delta 45.2 GB
[score__lam1__control] [2026-09-14T16:41:05Z] row 875/6000 ambiguous:ekfac-eft-v1-agr-00218 loss=13.585 g[charter__lam1x_r1024__all]=+2.757e+00 0.45s | 1.67 rows/s ETA 51 min | peak model 68.9 GB delta 45.2 GB
[score__lam1__control] [2026-09-14T16:41:22Z] row 900/6000 ambiguous_wrong:ekfac-eft-v1-agr-00224 loss=53.000 g[charter__lam1x_r1024__all]=-2.321e+01 0.47s | 1.66 rows/s ETA 51 min | peak model 68.9 GB delta 45.2 GB
[score__lam1__control] [2026-09-14T16:41:34Z] row 925/6000 charter:ekfac-eft-v1-con-00231 loss=15.000 g[charter__lam1x_r1024__all]=+1.706e+00 0.46s | 1.67 rows/s ETA 51 min | peak model 68.9 GB delta 45.2 GB
[score__lam1__control] [2026-09-14T16:41:45Z] row 950/6000 coin:ekfac-eft-v1-con-00237 loss=17.000 g[charter__lam1x_r1024__all]=+8.480e+00 0.43s | 1.68 rows/s ETA 50 min | peak model 68.9 GB delta 45.2 GB
[score__lam1__control] [2026-09-14T16:41:56Z] row 975/6000 ambiguous:ekfac-eft-v1-agr-00243 loss=17.000 g[charter__lam1x_r1024__all]=+1.404e+00 0.42s | 1.69 rows/s ETA 50 min | peak model 68.9 GB delta 45.2 GB
[score__lam1__control] [2026-09-14T16:42:07Z] row 1000/6000 ambiguous_wrong:ekfac-eft-v1-agr-00249 loss=36.313 g[charter__lam1x_r1024__all]=+3.925e+01 0.43s | 1.70 rows/s ETA 49 min | peak model 68.9 GB delta 45.2 GB
[score__lam1__control] [2026-09-14T16:42:19Z] row 1025/6000 charter:ekfac-eft-v1-con-00256 loss=30.500 g[charter__lam1x_r1024__all]=-6.512e+00 0.44s | 1.71 rows/s ETA 49 min | peak model 68.9 GB delta 45.2 GB
[score__lam1__control] [2026-09-14T16:42:30Z] row 1050/6000 coin:ekfac-eft-v1-con-00262 loss=35.250 g[charter__lam1x_r1024__all]=+1.244e+01 0.43s | 1.72 rows/s ETA 48 min | peak model 68.9 GB delta 45.2 GB
[score__lam1__control] [2026-09-14T16:42:42Z] row 1075/6000 ambiguous:ekfac-eft-v1-agr-00268 loss=14.753 g[charter__lam1x_r1024__all]=+8.102e-01 0.42s | 1.73 rows/s ETA 48 min | peak model 68.9 GB delta 45.2 GB
[score__lam1__control] [2026-09-14T16:42:52Z] row 1100/6000 ambiguous_wrong:ekfac-eft-v1-agr-00274 loss=46.625 g[charter__lam1x_r1024__all]=+3.497e+01 0.42s | 1.74 rows/s ETA 47 min | peak model 68.9 GB delta 45.2 GB
[score__lam1__control] [2026-09-14T16:43:05Z] row 1125/6000 charter:ekfac-eft-v1-con-00281 loss=16.251 g[charter__lam1x_r1024__all]=+4.805e+00 0.47s | 1.74 rows/s ETA 47 min | peak model 68.9 GB delta 45.2 GB
[score__lam1__control] [2026-09-14T16:43:17Z] row 1150/6000 coin:ekfac-eft-v1-con-00287 loss=19.000 g[charter__lam1x_r1024__all]=+6.261e-01 0.47s | 1.75 rows/s ETA 46 min | peak model 68.9 GB delta 45.2 GB
[score__lam1__control] [2026-09-14T16:43:29Z] row 1175/6000 ambiguous:ekfac-eft-v1-agr-00293 loss=26.518 g[charter__lam1x_r1024__all]=+9.369e+00 0.42s | 1.75 rows/s ETA 46 min | peak model 68.9 GB delta 45.2 GB
[score__lam1__control] [2026-09-14T16:43:40Z] row 1200/6000 ambiguous_wrong:ekfac-eft-v1-agr-00299 loss=37.875 g[charter__lam1x_r1024__all]=+8.955e+00 0.43s | 1.76 rows/s ETA 45 min | peak model 68.9 GB delta 45.2 GB
[score__lam1__control] [2026-09-14T16:43:51Z] row 1225/6000 charter:ekfac-eft-v1-con-00306 loss=19.452 g[charter__lam1x_r1024__all]=-1.090e+01 0.42s | 1.77 rows/s ETA 45 min | peak model 68.9 GB delta 45.2 GB
[score__lam1__control] [2026-09-14T16:44:02Z] row 1250/6000 coin:ekfac-eft-v1-con-00312 loss=14.750 g[charter__lam1x_r1024__all]=-6.781e+00 0.43s | 1.78 rows/s ETA 45 min | peak model 68.9 GB delta 45.2 GB
[score__lam1__control] [2026-09-14T16:44:13Z] row 1275/6000 ambiguous:ekfac-eft-v1-agr-00318 loss=31.750 g[charter__lam1x_r1024__all]=-1.656e+01 0.44s | 1.79 rows/s ETA 44 min | peak model 68.9 GB delta 45.2 GB
[score__lam1__control] [2026-09-14T16:44:25Z] row 1300/6000 ambiguous_wrong:ekfac-eft-v1-agr-00324 loss=27.750 g[charter__lam1x_r1024__all]=+6.349e+00 0.47s | 1.79 rows/s ETA 44 min | peak model 68.9 GB delta 45.2 GB
[score__lam1__control] [2026-09-14T16:44:37Z] row 1325/6000 charter:ekfac-eft-v1-con-00331 loss=37.750 g[charter__lam1x_r1024__all]=+3.558e-01 0.47s | 1.80 rows/s ETA 43 min | peak model 68.9 GB delta 45.2 GB
[score__lam1__control] [2026-09-14T16:44:50Z] row 1350/6000 coin:ekfac-eft-v1-con-00337 loss=26.000 g[charter__lam1x_r1024__all]=-1.697e+01 0.46s | 1.80 rows/s ETA 43 min | peak model 68.9 GB delta 45.2 GB
[score__lam1__control] [2026-09-14T16:45:02Z] row 1375/6000 ambiguous:ekfac-eft-v1-agr-00343 loss=16.000 g[charter__lam1x_r1024__all]=+4.312e+00 0.46s | 1.80 rows/s ETA 43 min | peak model 68.9 GB delta 45.2 GB
[score__lam1__control] [2026-09-14T16:45:15Z] row 1400/6000 ambiguous_wrong:ekfac-eft-v1-agr-00349 loss=32.250 g[charter__lam1x_r1024__all]=+3.739e+00 0.47s | 1.81 rows/s ETA 42 min | peak model 68.9 GB delta 45.2 GB
[score__lam1__control] [2026-09-14T16:45:27Z] row 1425/6000 charter:ekfac-eft-v1-con-00356 loss=43.377 g[charter__lam1x_r1024__all]=-1.324e+01 0.47s | 1.81 rows/s ETA 42 min | peak model 68.9 GB delta 45.2 GB
[score__lam1__control] [2026-09-14T16:45:39Z] row 1450/6000 coin:ekfac-eft-v1-con-00362 loss=17.761 g[charter__lam1x_r1024__all]=+1.949e+01 0.48s | 1.81 rows/s ETA 42 min | peak model 68.9 GB delta 45.2 GB
[score__lam1__control] [2026-09-14T16:45:50Z] row 1475/6000 ambiguous:ekfac-eft-v1-agr-00368 loss=29.250 g[charter__lam1x_r1024__all]=-1.777e+01 0.43s | 1.82 rows/s ETA 41 min | peak model 68.9 GB delta 45.2 GB
[score__lam1__control] [2026-09-14T16:46:01Z] row 1500/6000 ambiguous_wrong:ekfac-eft-v1-agr-00374 loss=30.500 g[charter__lam1x_r1024__all]=+4.858e+00 0.43s | 1.82 rows/s ETA 41 min | peak model 68.9 GB delta 45.2 GB
[score__lam1__control] [2026-09-14T16:46:17Z] row 1525/6000 charter:ekfac-eft-v1-con-00381 loss=51.127 g[charter__lam1x_r1024__all]=+1.519e+01 0.42s | 1.82 rows/s ETA 41 min | peak model 69.0 GB delta 45.2 GB
[score__lam1__control] [2026-09-14T16:46:28Z] row 1550/6000 coin:ekfac-eft-v1-con-00387 loss=15.000 g[charter__lam1x_r1024__all]=+2.939e-01 0.42s | 1.83 rows/s ETA 41 min | peak model 69.0 GB delta 45.2 GB
[score__lam1__control] [2026-09-14T16:46:39Z] row 1575/6000 ambiguous:ekfac-eft-v1-agr-00393 loss=19.375 g[charter__lam1x_r1024__all]=-6.296e-01 0.42s | 1.83 rows/s ETA 40 min | peak model 69.0 GB delta 45.2 GB
[score__lam1__control] [2026-09-14T16:46:50Z] row 1600/6000 ambiguous_wrong:ekfac-eft-v1-agr-00399 loss=44.538 g[charter__lam1x_r1024__all]=-1.080e+01 0.43s | 1.84 rows/s ETA 40 min | peak model 69.0 GB delta 45.2 GB
[score__lam1__control] [2026-09-14T16:47:02Z] row 1625/6000 charter:ekfac-eft-v1-con-00406 loss=39.001 g[charter__lam1x_r1024__all]=+2.429e+01 0.42s | 1.84 rows/s ETA 40 min | peak model 69.0 GB delta 45.2 GB
[score__lam1__control] [2026-09-14T16:47:13Z] row 1650/6000 coin:ekfac-eft-v1-con-00412 loss=51.875 g[charter__lam1x_r1024__all]=-2.438e+00 0.46s | 1.85 rows/s ETA 39 min | peak model 69.0 GB delta 45.2 GB
[score__lam1__control] [2026-09-14T16:47:31Z] row 1675/6000 ambiguous:ekfac-eft-v1-agr-00418 loss=31.500 g[charter__lam1x_r1024__all]=+4.061e-02 0.46s | 1.84 rows/s ETA 39 min | peak model 69.0 GB delta 45.2 GB
[score__lam1__control] [2026-09-14T16:47:42Z] row 1700/6000 ambiguous_wrong:ekfac-eft-v1-agr-00424 loss=27.250 g[charter__lam1x_r1024__all]=-8.572e+00 0.46s | 1.84 rows/s ETA 39 min | peak model 69.0 GB delta 45.2 GB
[score__lam1__control] [2026-09-14T16:47:54Z] row 1725/6000 charter:ekfac-eft-v1-con-00431 loss=18.000 g[charter__lam1x_r1024__all]=+2.979e+00 0.46s | 1.84 rows/s ETA 39 min | peak model 69.0 GB delta 45.2 GB
[score__lam1__control] [2026-09-14T16:48:07Z] row 1750/6000 coin:ekfac-eft-v1-con-00437 loss=33.501 g[charter__lam1x_r1024__all]=-7.447e+00 0.48s | 1.85 rows/s ETA 38 min | peak model 69.0 GB delta 45.2 GB
[score__lam1__control] [2026-09-14T16:48:21Z] row 1775/6000 ambiguous:ekfac-eft-v1-agr-00443 loss=14.500 g[charter__lam1x_r1024__all]=-5.673e+00 0.46s | 1.85 rows/s ETA 38 min | peak model 69.0 GB delta 45.2 GB
[score__lam1__control] [2026-09-14T16:48:34Z] row 1800/6000 ambiguous_wrong:ekfac-eft-v1-agr-00449 loss=21.454 g[charter__lam1x_r1024__all]=+4.040e+01 0.46s | 1.85 rows/s ETA 38 min | peak model 69.0 GB delta 45.2 GB
[score__lam1__control] [2026-09-14T16:48:45Z] row 1825/6000 charter:ekfac-eft-v1-con-00456 loss=32.704 g[charter__lam1x_r1024__all]=-2.067e+01 0.47s | 1.85 rows/s ETA 38 min | peak model 69.0 GB delta 45.2 GB
[score__lam1__control] [2026-09-14T16:48:58Z] row 1850/6000 coin:ekfac-eft-v1-con-00462 loss=30.751 g[charter__lam1x_r1024__all]=-6.394e+00 0.46s | 1.85 rows/s ETA 37 min | peak model 69.0 GB delta 45.2 GB
[score__lam1__control] [2026-09-14T16:49:10Z] row 1875/6000 ambiguous:ekfac-eft-v1-agr-00468 loss=18.500 g[charter__lam1x_r1024__all]=+7.357e+00 0.47s | 1.86 rows/s ETA 37 min | peak model 69.0 GB delta 45.2 GB
[score__lam1__control] [2026-09-14T16:49:22Z] row 1900/6000 ambiguous_wrong:ekfac-eft-v1-agr-00474 loss=16.827 g[charter__lam1x_r1024__all]=-2.492e+01 0.46s | 1.86 rows/s ETA 37 min | peak model 69.0 GB delta 45.2 GB
[score__lam1__control] [2026-09-14T16:49:34Z] row 1925/6000 charter:ekfac-eft-v1-con-00481 loss=40.000 g[charter__lam1x_r1024__all]=-5.010e+00 0.47s | 1.86 rows/s ETA 37 min | peak model 69.0 GB delta 45.2 GB
[score__lam1__control] [2026-09-14T16:49:46Z] row 1950/6000 coin:ekfac-eft-v1-con-00487 loss=29.500 g[charter__lam1x_r1024__all]=+1.394e+01 0.46s | 1.86 rows/s ETA 36 min | peak model 69.0 GB delta 45.2 GB
[score__lam1__control] [2026-09-14T16:49:59Z] row 1975/6000 ambiguous:ekfac-eft-v1-agr-00493 loss=17.627 g[charter__lam1x_r1024__all]=+2.373e+01 0.46s | 1.86 rows/s ETA 36 min | peak model 69.0 GB delta 45.2 GB
[score__lam1__control] [2026-09-14T16:50:11Z] row 2000/6000 ambiguous_wrong:ekfac-eft-v1-agr-00499 loss=45.002 g[charter__lam1x_r1024__all]=+1.066e+01 0.46s | 1.87 rows/s ETA 36 min | peak model 69.0 GB delta 45.2 GB
[score__lam1__control] [2026-09-14T16:50:23Z] row 2025/6000 charter:ekfac-eft-v1-con-00506 loss=38.500 g[charter__lam1x_r1024__all]=-1.448e-01 0.44s | 1.87 rows/s ETA 35 min | peak model 69.0 GB delta 45.2 GB
[score__lam1__control] [2026-09-14T16:50:35Z] row 2050/6000 coin:ekfac-eft-v1-con-00512 loss=15.503 g[charter__lam1x_r1024__all]=+5.150e+00 0.47s | 1.87 rows/s ETA 35 min | peak model 69.0 GB delta 45.2 GB
[score__lam1__control] [2026-09-14T16:50:48Z] row 2075/6000 ambiguous:ekfac-eft-v1-agr-00518 loss=14.500 g[charter__lam1x_r1024__all]=+1.676e+01 0.46s | 1.87 rows/s ETA 35 min | peak model 69.0 GB delta 45.2 GB
[score__lam1__control] [2026-09-14T16:51:00Z] row 2100/6000 ambiguous_wrong:ekfac-eft-v1-agr-00524 loss=52.875 g[charter__lam1x_r1024__all]=-2.771e+01 0.46s | 1.87 rows/s ETA 35 min | peak model 69.0 GB delta 45.2 GB
[score__lam1__control] [2026-09-14T16:51:14Z] row 2125/6000 charter:ekfac-eft-v1-con-00531 loss=15.000 g[charter__lam1x_r1024__all]=+3.911e+00 0.52s | 1.87 rows/s ETA 35 min | peak model 69.0 GB delta 45.2 GB
[score__lam1__control] [2026-09-14T16:51:26Z] row 2150/6000 coin:ekfac-eft-v1-con-00537 loss=12.500 g[charter__lam1x_r1024__all]=+2.880e+00 0.48s | 1.87 rows/s ETA 34 min | peak model 69.0 GB delta 45.2 GB
[score__lam1__control] [2026-09-14T16:51:38Z] row 2175/6000 ambiguous:ekfac-eft-v1-agr-00543 loss=27.250 g[charter__lam1x_r1024__all]=+1.690e+01 0.47s | 1.88 rows/s ETA 34 min | peak model 69.0 GB delta 45.2 GB
[score__lam1__control] [2026-09-14T16:51:51Z] row 2200/6000 ambiguous_wrong:ekfac-eft-v1-agr-00549 loss=26.280 g[charter__lam1x_r1024__all]=+1.185e+01 0.46s | 1.88 rows/s ETA 34 min | peak model 69.0 GB delta 45.2 GB
[score__lam1__control] [2026-09-14T16:52:03Z] row 2225/6000 charter:ekfac-eft-v1-con-00556 loss=26.813 g[charter__lam1x_r1024__all]=+3.833e+01 0.46s | 1.88 rows/s ETA 33 min | peak model 69.0 GB delta 45.2 GB
[score__lam1__control] [2026-09-14T16:52:16Z] row 2250/6000 coin:ekfac-eft-v1-con-00562 loss=30.000 g[charter__lam1x_r1024__all]=+9.619e+00 0.46s | 1.88 rows/s ETA 33 min | peak model 69.0 GB delta 45.2 GB
[score__lam1__control] [2026-09-14T16:52:28Z] row 2275/6000 ambiguous:ekfac-eft-v1-agr-00568 loss=17.000 g[charter__lam1x_r1024__all]=+1.193e+00 0.47s | 1.88 rows/s ETA 33 min | peak model 69.0 GB delta 45.2 GB
[score__lam1__control] [2026-09-14T16:52:40Z] row 2300/6000 ambiguous_wrong:ekfac-eft-v1-agr-00574 loss=32.502 g[charter__lam1x_r1024__all]=+7.119e+00 0.46s | 1.88 rows/s ETA 33 min | peak model 69.0 GB delta 45.2 GB
[score__lam1__control] [2026-09-14T16:52:52Z] row 2325/6000 charter:ekfac-eft-v1-con-00581 loss=43.875 g[charter__lam1x_r1024__all]=+1.249e+01 0.47s | 1.89 rows/s ETA 32 min | peak model 69.0 GB delta 45.2 GB
[score__lam1__control] [2026-09-14T16:53:05Z] row 2350/6000 coin:ekfac-eft-v1-con-00587 loss=16.576 g[charter__lam1x_r1024__all]=+4.347e+00 0.46s | 1.89 rows/s ETA 32 min | peak model 69.0 GB delta 45.2 GB
[score__lam1__control] [2026-09-14T16:53:17Z] row 2375/6000 ambiguous:ekfac-eft-v1-agr-00593 loss=15.038 g[charter__lam1x_r1024__all]=+4.541e+00 0.46s | 1.89 rows/s ETA 32 min | peak model 69.0 GB delta 45.2 GB
[score__lam1__control] [2026-09-14T16:53:29Z] row 2400/6000 ambiguous_wrong:ekfac-eft-v1-agr-00599 loss=17.750 g[charter__lam1x_r1024__all]=+8.179e+00 0.47s | 1.89 rows/s ETA 32 min | peak model 69.0 GB delta 45.2 GB
[score__lam1__control] [2026-09-14T16:53:41Z] row 2425/6000 charter:ekfac-eft-v1-con-00606 loss=22.011 g[charter__lam1x_r1024__all]=+1.355e+01 0.47s | 1.89 rows/s ETA 32 min | peak model 69.0 GB delta 45.2 GB
[score__lam1__control] [2026-09-14T16:53:53Z] row 2450/6000 coin:ekfac-eft-v1-con-00612 loss=20.755 g[charter__lam1x_r1024__all]=-1.895e+01 0.47s | 1.89 rows/s ETA 31 min | peak model 69.0 GB delta 45.2 GB
[score__lam1__control] [2026-09-14T16:54:06Z] row 2475/6000 ambiguous:ekfac-eft-v1-agr-00618 loss=14.750 g[charter__lam1x_r1024__all]=+1.226e+00 0.46s | 1.89 rows/s ETA 31 min | peak model 69.0 GB delta 45.2 GB
[score__lam1__control] [2026-09-14T16:54:18Z] row 2500/6000 ambiguous_wrong:ekfac-eft-v1-agr-00624 loss=26.169 g[charter__lam1x_r1024__all]=-1.489e+01 0.46s | 1.90 rows/s ETA 31 min | peak model 69.0 GB delta 45.2 GB
[score__lam1__control] [2026-09-14T16:54:30Z] row 2525/6000 charter:ekfac-eft-v1-con-00631 loss=41.313 g[charter__lam1x_r1024__all]=+2.614e+01 0.46s | 1.90 rows/s ETA 31 min | peak model 69.0 GB delta 45.2 GB
[score__lam1__control] [2026-09-14T16:54:42Z] row 2550/6000 coin:ekfac-eft-v1-con-00637 loss=17.011 g[charter__lam1x_r1024__all]=+1.451e+00 0.47s | 1.90 rows/s ETA 30 min | peak model 69.0 GB delta 45.2 GB
[score__lam1__control] [2026-09-14T16:54:55Z] row 2575/6000 ambiguous:ekfac-eft-v1-agr-00643 loss=16.750 g[charter__lam1x_r1024__all]=-6.020e+00 0.47s | 1.90 rows/s ETA 30 min | peak model 69.0 GB delta 45.2 GB
[score__lam1__control] [2026-09-14T16:55:07Z] row 2600/6000 ambiguous_wrong:ekfac-eft-v1-agr-00649 loss=14.063 g[charter__lam1x_r1024__all]=-2.272e-01 0.46s | 1.90 rows/s ETA 30 min | peak model 69.0 GB delta 45.2 GB
[score__lam1__control] [2026-09-14T16:55:19Z] row 2625/6000 charter:ekfac-eft-v1-con-00656 loss=35.500 g[charter__lam1x_r1024__all]=+8.313e+00 0.47s | 1.90 rows/s ETA 30 min | peak model 69.0 GB delta 45.2 GB
[score__lam1__control] [2026-09-14T16:55:31Z] row 2650/6000 coin:ekfac-eft-v1-con-00662 loss=13.500 g[charter__lam1x_r1024__all]=+3.715e+00 0.42s | 1.90 rows/s ETA 29 min | peak model 69.0 GB delta 45.2 GB
[score__lam1__control] [2026-09-14T16:55:42Z] row 2675/6000 ambiguous:ekfac-eft-v1-agr-00668 loss=14.877 g[charter__lam1x_r1024__all]=-4.342e+01 0.43s | 1.91 rows/s ETA 29 min | peak model 69.0 GB delta 45.2 GB
[score__lam1__control] [2026-09-14T16:55:53Z] row 2700/6000 ambiguous_wrong:ekfac-eft-v1-agr-00674 loss=45.125 g[charter__lam1x_r1024__all]=+1.996e+01 0.42s | 1.91 rows/s ETA 29 min | peak model 69.0 GB delta 45.2 GB
[score__lam1__control] [2026-09-14T16:56:04Z] row 2725/6000 charter:ekfac-eft-v1-con-00681 loss=15.500 g[charter__lam1x_r1024__all]=-1.771e+00 0.42s | 1.91 rows/s ETA 29 min | peak model 69.0 GB delta 45.2 GB
[score__lam1__control] [2026-09-14T16:56:15Z] row 2750/6000 coin:ekfac-eft-v1-con-00687 loss=40.125 g[charter__lam1x_r1024__all]=+2.983e+01 0.42s | 1.92 rows/s ETA 28 min | peak model 69.0 GB delta 45.2 GB
[score__lam1__control] [2026-09-14T16:56:28Z] row 2775/6000 ambiguous:ekfac-eft-v1-agr-00693 loss=15.750 g[charter__lam1x_r1024__all]=-1.793e+00 0.47s | 1.92 rows/s ETA 28 min | peak model 69.0 GB delta 45.2 GB
[score__lam1__control] [2026-09-14T16:56:41Z] row 2800/6000 ambiguous_wrong:ekfac-eft-v1-agr-00699 loss=30.000 g[charter__lam1x_r1024__all]=+1.056e+01 0.48s | 1.92 rows/s ETA 28 min | peak model 69.0 GB delta 45.2 GB
[score__lam1__control] [2026-09-14T16:56:54Z] row 2825/6000 charter:ekfac-eft-v1-con-00706 loss=17.064 g[charter__lam1x_r1024__all]=+1.651e+01 0.48s | 1.92 rows/s ETA 28 min | peak model 69.0 GB delta 45.2 GB
[score__lam1__control] [2026-09-14T16:57:07Z] row 2850/6000 coin:ekfac-eft-v1-con-00712 loss=37.000 g[charter__lam1x_r1024__all]=+9.121e+00 1.21s | 1.92 rows/s ETA 27 min | peak model 69.0 GB delta 45.2 GB
[score__lam1__control] [2026-09-14T16:57:19Z] row 2875/6000 ambiguous:ekfac-eft-v1-agr-00718 loss=20.079 g[charter__lam1x_r1024__all]=-4.603e+01 0.47s | 1.92 rows/s ETA 27 min | peak model 69.0 GB delta 45.2 GB
[score__lam1__control] [2026-09-14T16:57:31Z] row 2900/6000 ambiguous_wrong:ekfac-eft-v1-agr-00724 loss=25.750 g[charter__lam1x_r1024__all]=+1.445e+00 0.47s | 1.92 rows/s ETA 27 min | peak model 69.0 GB delta 45.2 GB
[score__lam1__control] [2026-09-14T16:57:44Z] row 2925/6000 charter:ekfac-eft-v1-con-00731 loss=60.327 g[charter__lam1x_r1024__all]=-8.480e+00 0.46s | 1.92 rows/s ETA 27 min | peak model 69.0 GB delta 45.2 GB
[score__lam1__control] [2026-09-14T16:57:56Z] row 2950/6000 coin:ekfac-eft-v1-con-00737 loss=28.500 g[charter__lam1x_r1024__all]=+1.892e+01 0.47s | 1.92 rows/s ETA 26 min | peak model 69.0 GB delta 45.2 GB
[score__lam1__control] [2026-09-14T16:58:09Z] row 2975/6000 ambiguous:ekfac-eft-v1-agr-00743 loss=15.000 g[charter__lam1x_r1024__all]=+6.682e+00 0.47s | 1.92 rows/s ETA 26 min | peak model 69.0 GB delta 45.2 GB
[score__lam1__control] [2026-09-14T16:58:21Z] row 3000/6000 ambiguous_wrong:ekfac-eft-v1-agr-00749 loss=34.000 g[charter__lam1x_r1024__all]=+1.550e+01 0.47s | 1.92 rows/s ETA 26 min | peak model 69.0 GB delta 45.2 GB
[score__lam1__control] [2026-09-14T16:58:34Z] row 3025/6000 charter:ekfac-eft-v1-con-00756 loss=15.000 g[charter__lam1x_r1024__all]=+6.394e-01 0.49s | 1.92 rows/s ETA 26 min | peak model 69.0 GB delta 45.2 GB
[score__lam1__control] [2026-09-14T16:58:46Z] row 3050/6000 coin:ekfac-eft-v1-con-00762 loss=16.000 g[charter__lam1x_r1024__all]=+5.781e+00 0.47s | 1.92 rows/s ETA 26 min | peak model 69.0 GB delta 45.2 GB
[score__lam1__control] [2026-09-14T16:58:59Z] row 3075/6000 ambiguous:ekfac-eft-v1-agr-00768 loss=22.759 g[charter__lam1x_r1024__all]=+2.225e+01 0.47s | 1.92 rows/s ETA 25 min | peak model 69.0 GB delta 45.2 GB
[score__lam1__control] [2026-09-14T16:59:11Z] row 3100/6000 ambiguous_wrong:ekfac-eft-v1-agr-00774 loss=18.813 g[charter__lam1x_r1024__all]=+3.332e+01 0.49s | 1.92 rows/s ETA 25 min | peak model 69.0 GB delta 45.2 GB
[score__lam1__control] [2026-09-14T16:59:23Z] row 3125/6000 charter:ekfac-eft-v1-con-00781 loss=36.750 g[charter__lam1x_r1024__all]=-8.115e+00 0.46s | 1.92 rows/s ETA 25 min | peak model 69.0 GB delta 45.2 GB
[score__lam1__control] [2026-09-14T16:59:37Z] row 3150/6000 coin:ekfac-eft-v1-con-00787 loss=39.750 g[charter__lam1x_r1024__all]=+1.586e+01 0.51s | 1.92 rows/s ETA 25 min | peak model 69.0 GB delta 45.2 GB
[score__lam1__control] [2026-09-14T16:59:49Z] row 3175/6000 ambiguous:ekfac-eft-v1-agr-00793 loss=14.253 g[charter__lam1x_r1024__all]=-5.645e-01 0.51s | 1.92 rows/s ETA 24 min | peak model 69.0 GB delta 45.2 GB
[score__lam1__control] [2026-09-14T17:00:02Z] row 3200/6000 ambiguous_wrong:ekfac-eft-v1-agr-00799 loss=46.750 g[charter__lam1x_r1024__all]=-1.096e+01 0.43s | 1.92 rows/s ETA 24 min | peak model 69.0 GB delta 45.2 GB
[score__lam1__control] [2026-09-14T17:00:14Z] row 3225/6000 charter:ekfac-eft-v1-con-00806 loss=22.251 g[charter__lam1x_r1024__all]=+1.199e+01 0.46s | 1.93 rows/s ETA 24 min | peak model 69.0 GB delta 45.2 GB
[score__lam1__control] [2026-09-14T17:00:26Z] row 3250/6000 coin:ekfac-eft-v1-con-00812 loss=15.750 g[charter__lam1x_r1024__all]=+6.710e+00 0.48s | 1.93 rows/s ETA 24 min | peak model 69.0 GB delta 45.2 GB
[score__lam1__control] [2026-09-14T17:00:38Z] row 3275/6000 ambiguous:ekfac-eft-v1-agr-00818 loss=14.750 g[charter__lam1x_r1024__all]=-4.759e+00 0.49s | 1.93 rows/s ETA 24 min | peak model 69.0 GB delta 45.2 GB
[score__lam1__control] [2026-09-14T17:00:51Z] row 3300/6000 ambiguous_wrong:ekfac-eft-v1-agr-00824 loss=22.250 g[charter__lam1x_r1024__all]=+2.317e+01 0.49s | 1.93 rows/s ETA 23 min | peak model 69.0 GB delta 45.2 GB
[score__lam1__control] [2026-09-14T17:01:03Z] row 3325/6000 charter:ekfac-eft-v1-con-00831 loss=28.001 g[charter__lam1x_r1024__all]=+9.909e+00 0.46s | 1.93 rows/s ETA 23 min | peak model 69.0 GB delta 45.2 GB
[score__lam1__control] [2026-09-14T17:01:14Z] row 3350/6000 coin:ekfac-eft-v1-con-00837 loss=32.254 g[charter__lam1x_r1024__all]=+1.706e+01 0.48s | 1.93 rows/s ETA 23 min | peak model 69.0 GB delta 45.2 GB
[score__lam1__control] [2026-09-14T17:01:27Z] row 3375/6000 ambiguous:ekfac-eft-v1-agr-00843 loss=35.750 g[charter__lam1x_r1024__all]=+1.407e+01 0.45s | 1.93 rows/s ETA 23 min | peak model 69.0 GB delta 45.2 GB
[score__lam1__control] [2026-09-14T17:01:38Z] row 3400/6000 ambiguous_wrong:ekfac-eft-v1-agr-00849 loss=39.250 g[charter__lam1x_r1024__all]=+1.194e+01 0.53s | 1.93 rows/s ETA 22 min | peak model 69.0 GB delta 45.2 GB
[score__lam1__control] [2026-09-14T17:01:51Z] row 3425/6000 charter:ekfac-eft-v1-con-00856 loss=13.757 g[charter__lam1x_r1024__all]=+6.421e+00 0.44s | 1.93 rows/s ETA 22 min | peak model 69.0 GB delta 45.2 GB
[score__lam1__control] [2026-09-14T17:02:02Z] row 3450/6000 coin:ekfac-eft-v1-con-00862 loss=17.252 g[charter__lam1x_r1024__all]=+5.409e+00 0.44s | 1.93 rows/s ETA 22 min | peak model 69.0 GB delta 45.2 GB
[score__lam1__control] [2026-09-14T17:02:15Z] row 3475/6000 ambiguous:ekfac-eft-v1-agr-00868 loss=26.500 g[charter__lam1x_r1024__all]=-2.866e+01 0.47s | 1.94 rows/s ETA 22 min | peak model 69.0 GB delta 45.2 GB
[score__lam1__control] [2026-09-14T17:02:27Z] row 3500/6000 ambiguous_wrong:ekfac-eft-v1-agr-00874 loss=39.751 g[charter__lam1x_r1024__all]=+2.902e+01 0.45s | 1.94 rows/s ETA 22 min | peak model 69.0 GB delta 45.2 GB
[score__lam1__control] [2026-09-14T17:02:39Z] row 3525/6000 charter:ekfac-eft-v1-con-00881 loss=15.500 g[charter__lam1x_r1024__all]=+4.704e+00 0.51s | 1.94 rows/s ETA 21 min | peak model 69.0 GB delta 45.2 GB
[score__lam1__control] [2026-09-14T17:02:51Z] row 3550/6000 coin:ekfac-eft-v1-con-00887 loss=50.884 g[charter__lam1x_r1024__all]=-9.155e+00 0.49s | 1.94 rows/s ETA 21 min | peak model 69.0 GB delta 45.2 GB
[score__lam1__control] [2026-09-14T17:03:03Z] row 3575/6000 ambiguous:ekfac-eft-v1-agr-00893 loss=14.780 g[charter__lam1x_r1024__all]=+7.642e+00 1.11s | 1.94 rows/s ETA 21 min | peak model 69.0 GB delta 45.2 GB
[score__lam1__control] [2026-09-14T17:03:14Z] row 3600/6000 ambiguous_wrong:ekfac-eft-v1-agr-00899 loss=40.000 g[charter__lam1x_r1024__all]=+2.467e+01 0.44s | 1.94 rows/s ETA 21 min | peak model 69.0 GB delta 45.2 GB
[score__lam1__control] [2026-09-14T17:03:26Z] row 3625/6000 charter:ekfac-eft-v1-con-00906 loss=40.000 g[charter__lam1x_r1024__all]=+3.811e+00 0.44s | 1.94 rows/s ETA 20 min | peak model 69.0 GB delta 45.2 GB
[score__lam1__control] [2026-09-14T17:03:38Z] row 3650/6000 coin:ekfac-eft-v1-con-00912 loss=16.724 g[charter__lam1x_r1024__all]=+6.264e+00 0.45s | 1.94 rows/s ETA 20 min | peak model 69.0 GB delta 45.2 GB
[score__lam1__control] [2026-09-14T17:03:49Z] row 3675/6000 ambiguous:ekfac-eft-v1-agr-00918 loss=15.251 g[charter__lam1x_r1024__all]=+4.922e+00 0.42s | 1.94 rows/s ETA 20 min | peak model 69.0 GB delta 45.2 GB
[score__lam1__control] [2026-09-14T17:04:01Z] row 3700/6000 ambiguous_wrong:ekfac-eft-v1-agr-00924 loss=19.507 g[charter__lam1x_r1024__all]=-7.424e+00 0.47s | 1.95 rows/s ETA 20 min | peak model 69.0 GB delta 45.2 GB
[score__lam1__control] [2026-09-14T17:04:15Z] row 3725/6000 charter:ekfac-eft-v1-con-00931 loss=34.250 g[charter__lam1x_r1024__all]=+1.571e+01 0.66s | 1.94 rows/s ETA 20 min | peak model 69.0 GB delta 45.2 GB
[score__lam1__control] [2026-09-14T17:04:33Z] row 3750/6000 coin:ekfac-eft-v1-con-00937 loss=26.750 g[charter__lam1x_r1024__all]=+1.584e+01 0.64s | 1.94 rows/s ETA 19 min | peak model 69.0 GB delta 45.2 GB
[score__lam1__control] [2026-09-14T17:04:53Z] row 3775/6000 ambiguous:ekfac-eft-v1-agr-00943 loss=30.000 g[charter__lam1x_r1024__all]=-1.362e+01 0.80s | 1.93 rows/s ETA 19 min | peak model 69.0 GB delta 45.2 GB
[score__lam1__control] [2026-09-14T17:05:13Z] row 3800/6000 ambiguous_wrong:ekfac-eft-v1-agr-00949 loss=22.002 g[charter__lam1x_r1024__all]=+2.430e+01 1.53s | 1.92 rows/s ETA 19 min | peak model 69.0 GB delta 45.2 GB
[score__lam1__control] [2026-09-14T17:05:34Z] row 3825/6000 charter:ekfac-eft-v1-con-00956 loss=32.451 g[charter__lam1x_r1024__all]=-8.348e+00 0.71s | 1.92 rows/s ETA 19 min | peak model 69.0 GB delta 45.2 GB
[score__lam1__control] [2026-09-14T17:05:53Z] row 3850/6000 coin:ekfac-eft-v1-con-00962 loss=32.250 g[charter__lam1x_r1024__all]=-7.286e+00 0.79s | 1.91 rows/s ETA 19 min | peak model 69.0 GB delta 45.2 GB
[score__lam1__control] [2026-09-14T17:06:14Z] row 3875/6000 ambiguous:ekfac-eft-v1-agr-00968 loss=16.250 g[charter__lam1x_r1024__all]=+1.540e+00 0.69s | 1.90 rows/s ETA 19 min | peak model 69.0 GB delta 45.2 GB
[score__lam1__control] [2026-09-14T17:06:34Z] row 3900/6000 ambiguous_wrong:ekfac-eft-v1-agr-00974 loss=50.148 g[charter__lam1x_r1024__all]=+3.208e+01 0.76s | 1.90 rows/s ETA 18 min | peak model 69.0 GB delta 45.2 GB
[score__lam1__control] [2026-09-14T17:06:54Z] row 3925/6000 charter:ekfac-eft-v1-con-00981 loss=15.500 g[charter__lam1x_r1024__all]=+4.296e+00 0.80s | 1.89 rows/s ETA 18 min | peak model 69.0 GB delta 45.2 GB
[score__lam1__control] [2026-09-14T17:07:14Z] row 3950/6000 coin:ekfac-eft-v1-con-00987 loss=13.000 g[charter__lam1x_r1024__all]=+1.420e-01 0.82s | 1.89 rows/s ETA 18 min | peak model 69.0 GB delta 45.2 GB
[score__lam1__control] [2026-09-14T17:07:35Z] row 3975/6000 ambiguous:ekfac-eft-v1-agr-00993 loss=19.329 g[charter__lam1x_r1024__all]=+4.796e+01 0.66s | 1.88 rows/s ETA 18 min | peak model 69.0 GB delta 45.2 GB
[score__lam1__control] [2026-09-14T17:07:52Z] row 4000/6000 ambiguous_wrong:ekfac-eft-v1-agr-00999 loss=46.500 g[charter__lam1x_r1024__all]=+1.665e+00 0.61s | 1.87 rows/s ETA 18 min | peak model 69.0 GB delta 45.2 GB
[score__lam1__control] [2026-09-14T17:08:10Z] row 4025/6000 charter:ekfac-eft-v1-con-01006 loss=23.974 g[charter__lam1x_r1024__all]=-1.552e+01 0.46s | 1.87 rows/s ETA 18 min | peak model 69.0 GB delta 45.2 GB
[score__lam1__control] [2026-09-14T17:08:25Z] row 4050/6000 coin:ekfac-eft-v1-con-01012 loss=39.125 g[charter__lam1x_r1024__all]=-1.350e+01 0.70s | 1.87 rows/s ETA 17 min | peak model 69.0 GB delta 45.2 GB
[score__lam1__control] [2026-09-14T17:08:38Z] row 4075/6000 ambiguous:ekfac-eft-v1-agr-01018 loss=14.500 g[charter__lam1x_r1024__all]=+2.893e+00 0.42s | 1.87 rows/s ETA 17 min | peak model 69.0 GB delta 45.2 GB
[score__lam1__control] [2026-09-14T17:08:49Z] row 4100/6000 ambiguous_wrong:ekfac-eft-v1-agr-01024 loss=44.875 g[charter__lam1x_r1024__all]=-1.216e+01 0.42s | 1.87 rows/s ETA 17 min | peak model 69.0 GB delta 45.2 GB
[score__lam1__control] [2026-09-14T17:09:00Z] row 4125/6000 charter:ekfac-eft-v1-con-01031 loss=39.000 g[charter__lam1x_r1024__all]=+3.591e+01 0.43s | 1.87 rows/s ETA 17 min | peak model 69.0 GB delta 45.2 GB
[score__lam1__control] [2026-09-14T17:09:11Z] row 4150/6000 coin:ekfac-eft-v1-con-01037 loss=38.375 g[charter__lam1x_r1024__all]=-3.228e+00 0.42s | 1.88 rows/s ETA 16 min | peak model 69.0 GB delta 45.2 GB
[score__lam1__control] [2026-09-14T17:09:22Z] row 4175/6000 ambiguous:ekfac-eft-v1-agr-01043 loss=18.829 g[charter__lam1x_r1024__all]=+1.199e+00 0.42s | 1.88 rows/s ETA 16 min | peak model 69.0 GB delta 45.2 GB
[score__lam1__control] [2026-09-14T17:09:34Z] row 4200/6000 ambiguous_wrong:ekfac-eft-v1-agr-01049 loss=37.875 g[charter__lam1x_r1024__all]=+3.566e+00 0.42s | 1.88 rows/s ETA 16 min | peak model 69.0 GB delta 45.2 GB
[score__lam1__control] [2026-09-14T17:09:47Z] row 4225/6000 charter:ekfac-eft-v1-con-01056 loss=42.750 g[charter__lam1x_r1024__all]=+4.565e-01 0.51s | 1.88 rows/s ETA 16 min | peak model 69.0 GB delta 45.2 GB
[score__lam1__control] [2026-09-14T17:09:58Z] row 4250/6000 coin:ekfac-eft-v1-con-01062 loss=35.000 g[charter__lam1x_r1024__all]=-2.472e+00 0.43s | 1.88 rows/s ETA 16 min | peak model 69.0 GB delta 45.2 GB
[score__lam1__control] [2026-09-14T17:10:09Z] row 4275/6000 ambiguous:ekfac-eft-v1-agr-01068 loss=16.000 g[charter__lam1x_r1024__all]=+7.160e+00 0.43s | 1.88 rows/s ETA 15 min | peak model 69.0 GB delta 45.2 GB
[score__lam1__control] [2026-09-14T17:10:20Z] row 4300/6000 ambiguous_wrong:ekfac-eft-v1-agr-01074 loss=47.252 g[charter__lam1x_r1024__all]=+1.675e+01 0.42s | 1.89 rows/s ETA 15 min | peak model 69.0 GB delta 45.2 GB
[score__lam1__control] [2026-09-14T17:10:32Z] row 4325/6000 charter:ekfac-eft-v1-con-01081 loss=20.001 g[charter__lam1x_r1024__all]=+1.807e+01 0.46s | 1.89 rows/s ETA 15 min | peak model 69.0 GB delta 45.2 GB
[score__lam1__control] [2026-09-14T17:10:43Z] row 4350/6000 coin:ekfac-eft-v1-con-01087 loss=29.250 g[charter__lam1x_r1024__all]=-3.296e+00 0.45s | 1.89 rows/s ETA 15 min | peak model 69.0 GB delta 45.2 GB
[score__lam1__control] [2026-09-14T17:10:56Z] row 4375/6000 ambiguous:ekfac-eft-v1-agr-01093 loss=15.500 g[charter__lam1x_r1024__all]=-1.372e+00 0.46s | 1.89 rows/s ETA 14 min | peak model 69.0 GB delta 45.2 GB
[score__lam1__control] [2026-09-14T17:11:07Z] row 4400/6000 ambiguous_wrong:ekfac-eft-v1-agr-01099 loss=44.500 g[charter__lam1x_r1024__all]=-5.507e+00 0.46s | 1.89 rows/s ETA 14 min | peak model 69.0 GB delta 45.2 GB
[score__lam1__control] [2026-09-14T17:11:20Z] row 4425/6000 charter:ekfac-eft-v1-con-01106 loss=38.250 g[charter__lam1x_r1024__all]=-9.239e+00 0.46s | 1.89 rows/s ETA 14 min | peak model 69.0 GB delta 45.2 GB
[score__lam1__control] [2026-09-14T17:11:31Z] row 4450/6000 coin:ekfac-eft-v1-con-01112 loss=18.500 g[charter__lam1x_r1024__all]=+2.793e+00 0.46s | 1.89 rows/s ETA 14 min | peak model 69.0 GB delta 45.2 GB
[score__lam1__control] [2026-09-14T17:11:44Z] row 4475/6000 ambiguous:ekfac-eft-v1-agr-01118 loss=16.250 g[charter__lam1x_r1024__all]=-5.431e+00 0.46s | 1.89 rows/s ETA 13 min | peak model 69.0 GB delta 45.2 GB
[score__lam1__control] [2026-09-14T17:11:55Z] row 4500/6000 ambiguous_wrong:ekfac-eft-v1-agr-01124 loss=35.315 g[charter__lam1x_r1024__all]=+2.505e+01 0.46s | 1.89 rows/s ETA 13 min | peak model 69.0 GB delta 45.2 GB
[score__lam1__control] [2026-09-14T17:12:07Z] row 4525/6000 charter:ekfac-eft-v1-con-01131 loss=26.000 g[charter__lam1x_r1024__all]=-4.753e+01 0.46s | 1.89 rows/s ETA 13 min | peak model 69.0 GB delta 45.2 GB
[score__lam1__control] [2026-09-14T17:12:20Z] row 4550/6000 coin:ekfac-eft-v1-con-01137 loss=42.750 g[charter__lam1x_r1024__all]=+6.380e+01 0.46s | 1.90 rows/s ETA 13 min | peak model 69.0 GB delta 45.2 GB
[score__lam1__control] [2026-09-14T17:12:31Z] row 4575/6000 ambiguous:ekfac-eft-v1-agr-01143 loss=25.750 g[charter__lam1x_r1024__all]=-3.860e+01 0.46s | 1.90 rows/s ETA 13 min | peak model 69.0 GB delta 45.2 GB
[score__lam1__control] [2026-09-14T17:12:43Z] row 4600/6000 ambiguous_wrong:ekfac-eft-v1-agr-01149 loss=16.750 g[charter__lam1x_r1024__all]=+2.651e+00 0.43s | 1.90 rows/s ETA 12 min | peak model 69.0 GB delta 45.2 GB
[score__lam1__control] [2026-09-14T17:12:54Z] row 4625/6000 charter:ekfac-eft-v1-con-01156 loss=36.500 g[charter__lam1x_r1024__all]=-4.484e-01 0.43s | 1.90 rows/s ETA 12 min | peak model 69.0 GB delta 45.2 GB
[score__lam1__control] [2026-09-14T17:13:05Z] row 4650/6000 coin:ekfac-eft-v1-con-01162 loss=15.500 g[charter__lam1x_r1024__all]=+6.792e+00 0.42s | 1.90 rows/s ETA 12 min | peak model 69.0 GB delta 45.2 GB
[score__lam1__control] [2026-09-14T17:13:16Z] row 4675/6000 ambiguous:ekfac-eft-v1-agr-01168 loss=15.500 g[charter__lam1x_r1024__all]=-2.117e+00 0.42s | 1.90 rows/s ETA 12 min | peak model 69.0 GB delta 45.2 GB
[score__lam1__control] [2026-09-14T17:13:28Z] row 4700/6000 ambiguous_wrong:ekfac-eft-v1-agr-01174 loss=29.250 g[charter__lam1x_r1024__all]=+1.101e+01 0.42s | 1.90 rows/s ETA 11 min | peak model 69.0 GB delta 45.2 GB
[score__lam1__control] [2026-09-14T17:13:38Z] row 4725/6000 charter:ekfac-eft-v1-con-01181 loss=16.476 g[charter__lam1x_r1024__all]=+9.434e+00 0.43s | 1.91 rows/s ETA 11 min | peak model 69.0 GB delta 45.2 GB
[score__lam1__control] [2026-09-14T17:13:49Z] row 4750/6000 coin:ekfac-eft-v1-con-01187 loss=50.148 g[charter__lam1x_r1024__all]=-5.035e+00 0.42s | 1.91 rows/s ETA 11 min | peak model 69.0 GB delta 45.2 GB
[score__lam1__control] [2026-09-14T17:14:01Z] row 4775/6000 ambiguous:ekfac-eft-v1-agr-01193 loss=29.000 g[charter__lam1x_r1024__all]=-1.437e+00 0.42s | 1.91 rows/s ETA 11 min | peak model 69.0 GB delta 45.2 GB
[score__lam1__control] [2026-09-14T17:14:11Z] row 4800/6000 ambiguous_wrong:ekfac-eft-v1-agr-01199 loss=31.350 g[charter__lam1x_r1024__all]=+2.631e+01 0.42s | 1.91 rows/s ETA 10 min | peak model 69.0 GB delta 45.2 GB
[score__lam1__control] [2026-09-14T17:14:23Z] row 4825/6000 charter:ekfac-eft-v1-con-01206 loss=34.750 g[charter__lam1x_r1024__all]=-1.901e-01 0.42s | 1.91 rows/s ETA 10 min | peak model 69.0 GB delta 45.2 GB
[score__lam1__control] [2026-09-14T17:14:33Z] row 4850/6000 coin:ekfac-eft-v1-con-01212 loss=15.750 g[charter__lam1x_r1024__all]=+1.455e-01 0.43s | 1.91 rows/s ETA 10 min | peak model 69.0 GB delta 45.2 GB
[score__lam1__control] [2026-09-14T17:14:45Z] row 4875/6000 ambiguous:ekfac-eft-v1-agr-01218 loss=24.750 g[charter__lam1x_r1024__all]=+7.305e+00 0.42s | 1.91 rows/s ETA 10 min | peak model 69.0 GB delta 45.2 GB
[score__lam1__control] [2026-09-14T17:14:56Z] row 4900/6000 ambiguous_wrong:ekfac-eft-v1-agr-01224 loss=38.500 g[charter__lam1x_r1024__all]=+3.673e+01 0.42s | 1.92 rows/s ETA 10 min | peak model 69.0 GB delta 45.2 GB
[score__lam1__control] [2026-09-14T17:15:07Z] row 4925/6000 charter:ekfac-eft-v1-con-01231 loss=24.330 g[charter__lam1x_r1024__all]=+4.096e+00 0.42s | 1.92 rows/s ETA 9 min | peak model 69.0 GB delta 45.2 GB
[score__lam1__control] [2026-09-14T17:15:18Z] row 4950/6000 coin:ekfac-eft-v1-con-01237 loss=16.002 g[charter__lam1x_r1024__all]=+2.740e+01 0.43s | 1.92 rows/s ETA 9 min | peak model 69.0 GB delta 45.2 GB
[score__lam1__control] [2026-09-14T17:15:29Z] row 4975/6000 ambiguous:ekfac-eft-v1-agr-01243 loss=35.750 g[charter__lam1x_r1024__all]=-5.374e+01 0.47s | 1.92 rows/s ETA 9 min | peak model 69.0 GB delta 45.2 GB
[score__lam1__control] [2026-09-14T17:15:42Z] row 5000/6000 ambiguous_wrong:ekfac-eft-v1-agr-01249 loss=34.576 g[charter__lam1x_r1024__all]=-8.005e+00 0.46s | 1.92 rows/s ETA 9 min | peak model 69.0 GB delta 45.2 GB
[score__lam1__control] [2026-09-14T17:15:54Z] row 5025/6000 charter:ekfac-eft-v1-con-01256 loss=48.500 g[charter__lam1x_r1024__all]=+9.981e+00 0.46s | 1.92 rows/s ETA 8 min | peak model 69.0 GB delta 45.2 GB
[score__lam1__control] [2026-09-14T17:16:07Z] row 5050/6000 coin:ekfac-eft-v1-con-01262 loss=34.751 g[charter__lam1x_r1024__all]=+1.502e+01 0.46s | 1.92 rows/s ETA 8 min | peak model 69.0 GB delta 45.2 GB
[score__lam1__control] [2026-09-14T17:16:18Z] row 5075/6000 ambiguous:ekfac-eft-v1-agr-01268 loss=14.789 g[charter__lam1x_r1024__all]=-1.133e+01 0.46s | 1.92 rows/s ETA 8 min | peak model 69.0 GB delta 45.2 GB
[score__lam1__control] [2026-09-14T17:16:31Z] row 5100/6000 ambiguous_wrong:ekfac-eft-v1-agr-01274 loss=44.000 g[charter__lam1x_r1024__all]=+1.662e+01 0.42s | 1.92 rows/s ETA 8 min | peak model 69.0 GB delta 45.2 GB
[score__lam1__control] [2026-09-14T17:16:42Z] row 5125/6000 charter:ekfac-eft-v1-con-01281 loss=48.250 g[charter__lam1x_r1024__all]=-9.108e+00 0.42s | 1.92 rows/s ETA 8 min | peak model 69.0 GB delta 45.2 GB
[score__lam1__control] [2026-09-14T17:16:53Z] row 5150/6000 coin:ekfac-eft-v1-con-01287 loss=17.250 g[charter__lam1x_r1024__all]=+8.001e+00 0.42s | 1.93 rows/s ETA 7 min | peak model 69.0 GB delta 45.2 GB
[score__lam1__control] [2026-09-14T17:17:04Z] row 5175/6000 ambiguous:ekfac-eft-v1-agr-01293 loss=17.243 g[charter__lam1x_r1024__all]=-3.497e+00 0.42s | 1.93 rows/s ETA 7 min | peak model 69.0 GB delta 45.2 GB
[score__lam1__control] [2026-09-14T17:17:15Z] row 5200/6000 ambiguous_wrong:ekfac-eft-v1-agr-01299 loss=42.500 g[charter__lam1x_r1024__all]=+1.405e+01 0.42s | 1.93 rows/s ETA 7 min | peak model 69.0 GB delta 45.2 GB
[score__lam1__control] [2026-09-14T17:17:27Z] row 5225/6000 charter:ekfac-eft-v1-con-01306 loss=33.750 g[charter__lam1x_r1024__all]=+3.469e+00 0.43s | 1.93 rows/s ETA 7 min | peak model 69.0 GB delta 45.2 GB
[score__lam1__control] [2026-09-14T17:17:37Z] row 5250/6000 coin:ekfac-eft-v1-con-01312 loss=35.252 g[charter__lam1x_r1024__all]=-3.549e+01 0.44s | 1.93 rows/s ETA 6 min | peak model 69.0 GB delta 45.2 GB
[score__lam1__control] [2026-09-14T17:17:49Z] row 5275/6000 ambiguous:ekfac-eft-v1-agr-01318 loss=16.000 g[charter__lam1x_r1024__all]=-1.961e+00 0.43s | 1.93 rows/s ETA 6 min | peak model 69.0 GB delta 45.2 GB
[score__lam1__control] [2026-09-14T17:18:00Z] row 5300/6000 ambiguous_wrong:ekfac-eft-v1-agr-01324 loss=47.500 g[charter__lam1x_r1024__all]=-1.033e+01 0.41s | 1.93 rows/s ETA 6 min | peak model 69.0 GB delta 45.2 GB
[score__lam1__control] [2026-09-14T17:18:11Z] row 5325/6000 charter:ekfac-eft-v1-con-01331 loss=36.750 g[charter__lam1x_r1024__all]=+3.127e+00 0.42s | 1.93 rows/s ETA 6 min | peak model 69.0 GB delta 45.2 GB
[score__lam1__control] [2026-09-14T17:18:22Z] row 5350/6000 coin:ekfac-eft-v1-con-01337 loss=41.174 g[charter__lam1x_r1024__all]=-1.579e+01 0.39s | 1.94 rows/s ETA 6 min | peak model 69.0 GB delta 45.2 GB
[score__lam1__control] [2026-09-14T17:18:33Z] row 5375/6000 ambiguous:ekfac-eft-v1-agr-01343 loss=45.006 g[charter__lam1x_r1024__all]=+2.788e+00 0.42s | 1.94 rows/s ETA 5 min | peak model 69.0 GB delta 45.2 GB
[score__lam1__control] [2026-09-14T17:18:44Z] row 5400/6000 ambiguous_wrong:ekfac-eft-v1-agr-01349 loss=34.500 g[charter__lam1x_r1024__all]=+9.679e+00 0.42s | 1.94 rows/s ETA 5 min | peak model 69.0 GB delta 45.2 GB
[score__lam1__control] [2026-09-14T17:18:56Z] row 5425/6000 charter:ekfac-eft-v1-con-01356 loss=41.500 g[charter__lam1x_r1024__all]=-1.066e+01 0.46s | 1.94 rows/s ETA 5 min | peak model 69.0 GB delta 45.2 GB
[score__lam1__control] [2026-09-14T17:19:07Z] row 5450/6000 coin:ekfac-eft-v1-con-01362 loss=16.850 g[charter__lam1x_r1024__all]=+2.359e-02 0.46s | 1.94 rows/s ETA 5 min | peak model 69.0 GB delta 45.2 GB
[score__lam1__control] [2026-09-14T17:19:19Z] row 5475/6000 ambiguous:ekfac-eft-v1-agr-01368 loss=18.224 g[charter__lam1x_r1024__all]=-1.089e+01 0.46s | 1.94 rows/s ETA 5 min | peak model 69.0 GB delta 45.2 GB
[score__lam1__control] [2026-09-14T17:19:32Z] row 5500/6000 ambiguous_wrong:ekfac-eft-v1-agr-01374 loss=56.637 g[charter__lam1x_r1024__all]=+8.612e+00 0.46s | 1.94 rows/s ETA 4 min | peak model 69.0 GB delta 45.2 GB
[score__lam1__control] [2026-09-14T17:19:44Z] row 5525/6000 charter:ekfac-eft-v1-con-01381 loss=31.750 g[charter__lam1x_r1024__all]=-1.552e+01 0.46s | 1.94 rows/s ETA 4 min | peak model 69.0 GB delta 45.2 GB
[score__lam1__control] [2026-09-14T17:19:56Z] row 5550/6000 coin:ekfac-eft-v1-con-01387 loss=17.750 g[charter__lam1x_r1024__all]=-1.522e+00 0.46s | 1.94 rows/s ETA 4 min | peak model 69.0 GB delta 45.2 GB
[score__lam1__control] [2026-09-14T17:20:08Z] row 5575/6000 ambiguous:ekfac-eft-v1-agr-01393 loss=16.000 g[charter__lam1x_r1024__all]=+6.128e+00 0.46s | 1.94 rows/s ETA 4 min | peak model 69.0 GB delta 45.2 GB
[score__lam1__control] [2026-09-14T17:20:21Z] row 5600/6000 ambiguous_wrong:ekfac-eft-v1-agr-01399 loss=26.750 g[charter__lam1x_r1024__all]=+1.377e+02 0.46s | 1.94 rows/s ETA 3 min | peak model 69.0 GB delta 45.2 GB
[score__lam1__control] [2026-09-14T17:20:33Z] row 5625/6000 charter:ekfac-eft-v1-con-01406 loss=52.500 g[charter__lam1x_r1024__all]=+2.116e+01 0.46s | 1.94 rows/s ETA 3 min | peak model 69.0 GB delta 45.2 GB
[score__lam1__control] [2026-09-14T17:20:45Z] row 5650/6000 coin:ekfac-eft-v1-con-01412 loss=12.750 g[charter__lam1x_r1024__all]=+1.671e+00 0.45s | 1.94 rows/s ETA 3 min | peak model 69.0 GB delta 45.2 GB
[score__lam1__control] [2026-09-14T17:20:57Z] row 5675/6000 ambiguous:ekfac-eft-v1-agr-01418 loss=23.750 g[charter__lam1x_r1024__all]=+8.685e+00 0.46s | 1.94 rows/s ETA 3 min | peak model 69.0 GB delta 45.2 GB
[score__lam1__control] [2026-09-14T17:21:09Z] row 5700/6000 ambiguous_wrong:ekfac-eft-v1-agr-01424 loss=43.750 g[charter__lam1x_r1024__all]=+1.176e+01 0.46s | 1.95 rows/s ETA 3 min | peak model 69.0 GB delta 45.2 GB
[score__lam1__control] [2026-09-14T17:21:21Z] row 5725/6000 charter:ekfac-eft-v1-con-01431 loss=33.500 g[charter__lam1x_r1024__all]=+9.648e+00 0.47s | 1.95 rows/s ETA 2 min | peak model 69.0 GB delta 45.2 GB
[score__lam1__control] [2026-09-14T17:21:33Z] row 5750/6000 coin:ekfac-eft-v1-con-01437 loss=14.502 g[charter__lam1x_r1024__all]=-5.258e+00 0.46s | 1.95 rows/s ETA 2 min | peak model 69.0 GB delta 45.2 GB
[score__lam1__control] [2026-09-14T17:21:46Z] row 5775/6000 ambiguous:ekfac-eft-v1-agr-01443 loss=26.500 g[charter__lam1x_r1024__all]=-4.515e+00 0.46s | 1.95 rows/s ETA 2 min | peak model 69.0 GB delta 45.2 GB
[score__lam1__control] [2026-09-14T17:21:58Z] row 5800/6000 ambiguous_wrong:ekfac-eft-v1-agr-01449 loss=33.000 g[charter__lam1x_r1024__all]=+1.328e+00 0.46s | 1.95 rows/s ETA 2 min | peak model 69.0 GB delta 45.2 GB
[score__lam1__control] [2026-09-14T17:22:11Z] row 5825/6000 charter:ekfac-eft-v1-con-01456 loss=41.127 g[charter__lam1x_r1024__all]=+5.077e+00 0.46s | 1.95 rows/s ETA 1 min | peak model 69.0 GB delta 45.2 GB
[score__lam1__control] [2026-09-14T17:22:22Z] row 5850/6000 coin:ekfac-eft-v1-con-01462 loss=42.000 g[charter__lam1x_r1024__all]=+1.114e+01 0.46s | 1.95 rows/s ETA 1 min | peak model 69.0 GB delta 45.2 GB
[score__lam1__control] [2026-09-14T17:22:35Z] row 5875/6000 ambiguous:ekfac-eft-v1-agr-01468 loss=16.799 g[charter__lam1x_r1024__all]=+4.954e+00 0.47s | 1.95 rows/s ETA 1 min | peak model 69.0 GB delta 45.2 GB
[score__lam1__control] [2026-09-14T17:22:47Z] row 5900/6000 ambiguous_wrong:ekfac-eft-v1-agr-01474 loss=14.751 g[charter__lam1x_r1024__all]=+4.475e+00 0.46s | 1.95 rows/s ETA 1 min | peak model 69.0 GB delta 45.2 GB
[score__lam1__control] [2026-09-14T17:22:59Z] row 5925/6000 charter:ekfac-eft-v1-con-01481 loss=30.750 g[charter__lam1x_r1024__all]=-1.702e+00 0.46s | 1.95 rows/s ETA 1 min | peak model 69.0 GB delta 45.2 GB
[score__lam1__control] [2026-09-14T17:23:12Z] row 5950/6000 coin:ekfac-eft-v1-con-01487 loss=37.750 g[charter__lam1x_r1024__all]=-2.670e+01 0.46s | 1.95 rows/s ETA 0 min | peak model 69.0 GB delta 45.2 GB
[score__lam1__control] [2026-09-14T17:23:24Z] row 5975/6000 ambiguous:ekfac-eft-v1-agr-01493 loss=18.250 g[charter__lam1x_r1024__all]=-3.192e-01 0.46s | 1.95 rows/s ETA 0 min | peak model 69.0 GB delta 45.2 GB
[score__lam1__control] [2026-09-14T17:23:36Z] row 6000/6000 ambiguous_wrong:ekfac-eft-v1-agr-01499 loss=22.754 g[charter__lam1x_r1024__all]=-4.862e+01 0.46s | 1.95 rows/s ETA 0 min | peak model 69.0 GB delta 45.2 GB
[score__lam1__control] [2026-09-14T17:23:37Z] SCIMT-SCORE-DONE pass=lam1__control: 6000 rows in 51.3 min (2.013 rows/s); receipt /workspace/graft/scores/evidence/score_lambda_grad__lam1__control__20260914T163126Z.json
[2026-09-14T17:23:40+00:00] SCIMT-DRIVER-PHASE score__lam1__control status=ok
[2026-09-14T17:23:40+00:00] measured lam1__control: 2.013 rows/s (0.50 s/row); overhead 154s
[2026-09-14T17:23:40+00:00] SCIMT-DRIVER-PHASE lam1 status=ok
[2026-09-14T17:23:40+00:00] launch score__lam1full__charter: gpus=[0, 1] argv=/workspace/scimt/.venv/bin/python /workspace/scimt/experiments/improved_midtraining/graft_delta_lambda_v1/pod/score_lambda_grad.py timeout=None
[score__lam1full__charter] [2026-09-14T17:23:42Z] score_lambda_grad pass=lam1full__charter mode=lam1 deltas=['charter__lam1full__all', 'charter__lam1full_r1024__all', 'coin__lam1fullx_r1024__all', 'control__lam1fullx_r1024__all'] graft={'adapter_dir': '/workspace/graft/adapters/charter/full', 'lam': 1.0, 'arm': 'charter', 'kind': 'full'} rows=/workspace/graft/eft_rows/eft_rows.jsonl
[score__lam1full__charter] [2026-09-14T17:24:06Z] 6000 rows rendered ({"ambiguous": {"rows": 1500, "n_tokens_mean": 462.038}, "ambiguous_wrong": {"rows": 1500, "n_tokens_mean": 462.036}, "charter": {"rows": 1500, "n_tokens_mean": 462.63866666666667}, "coin": {"rows": 1500, "n_tokens_mean": 462.62466666666666}}); schedule 6000 scores over 6000 rows (rows_filter=all, repeats=1)
[score__lam1full__charter] `torch_dtype` is deprecated! Use `dtype` instead!
[score__lam1full__charter] Loading weights:   0%|          | 0/1247 [00:00<?, ?it/s]Loading weights:  19%|█▊        | 231/1247 [00:00<00:00, 2308.12it/s]Loading weights:  37%|███▋      | 462/1247 [00:00<00:00, 1300.12it/s]Loading weights:  49%|████▉     | 616/1247 [00:00<00:00, 1168.33it/s]Loading weights:  60%|█████▉    | 745/1247 [00:00<00:00, 1028.32it/s]Loading weights:  69%|██████▊   | 855/1247 [00:00<00:00, 988.92it/s] Loading weights:  77%|███████▋  | 958/1247 [00:00<00:00, 996.46it/s]Loading weights:  85%|████████▌ | 1061/1247 [00:00<00:00, 974.95it/s]Loading weights:  94%|█████████▎| 1166/1247 [00:01<00:00, 991.60it/s]Loading weights: 100%|██████████| 1247/1247 [00:01<00:00, 1073.27it/s]
[score__lam1full__charter] [2026-09-14T17:24:21Z] model loaded in 16s: 434 covered linears over 62 layers, 373 norm weights
[score__lam1full__charter] [2026-09-14T17:24:30Z] graft merged: {"arm": "charter", "lam": 1.0, "kind": "full", "adapter_dir": "/workspace/graft/adapters/charter/full", "r": null, "linears": 434, "norms": 373} in 8s
[score__lam1full__charter] [2026-09-14T17:24:44Z] resident full delta charter__lam1full__all: 434 modules
[score__lam1full__charter] [2026-09-14T17:24:44Z] resident deltas: {"n_deltas": 4, "n_lora_modules": 434, "n_full_modules": 434, "norm_elements": 1354496, "norm_delta_fro": {"charter__lam1full__all": 0.004138386342674494, "charter__lam1full_r1024__all": 0.004138386342674494, "coin__lam1fullx_r1024__all": 0.00456344336271286, "control__lam1fullx_r1024__all": 0.004219887312501669}, "norm_all_zero": false, "resident_gb": 94.808748032, "load_seconds": 14.267826795578003}
[score__lam1full__charter] [2026-09-14T17:24:44Z] λ = 0 losses carried over for 6000 rows from /workspace/graft/scores/lam0.jsonl
[score__lam1full__charter] [2026-09-14T17:24:52Z] oracle charter:ekfac-eft-v1-con-00000: worst rel 1.366e-02 (tol 0.01) FAIL; loss 21.4514 vs 21.4514
[score__lam1full__charter] [2026-09-14T17:24:52Z] row 1/6000 charter:ekfac-eft-v1-con-00000 loss=21.451 g[charter__lam1full__all]=+1.337e+01 3.48s | 0.13 rows/s ETA 785 min | peak model 68.3 GB delta 96.4 GB
[score__lam1full__charter] [2026-09-14T17:24:57Z] oracle coin:ekfac-eft-v1-con-00000: worst rel 5.013e-02 (tol 0.01) FAIL; loss 22.7018 vs 22.7018
[score__lam1full__charter] [2026-09-14T17:25:04Z] oracle ambiguous:ekfac-eft-v1-agr-00000: worst rel 1.325e-02 (tol 0.01) FAIL; loss 33.5003 vs 33.5003
[score__lam1full__charter] [2026-09-14T17:25:11Z] oracle ambiguous_wrong:ekfac-eft-v1-agr-00000: worst rel 5.913e-02 (tol 0.01) FAIL; loss 38.7503 vs 38.7503
[score__lam1full__charter] [2026-09-14T17:25:19Z] oracle charter:ekfac-eft-v1-con-00001: worst rel 1.403e-02 (tol 0.01) FAIL; loss 23.2500 vs 23.2500
[score__lam1full__charter] [2026-09-14T17:25:24Z] oracle coin:ekfac-eft-v1-con-00001: worst rel 1.148e-02 (tol 0.01) FAIL; loss 59.5001 vs 59.5001
[score__lam1full__charter] [2026-09-14T17:25:32Z] oracle ambiguous:ekfac-eft-v1-agr-00001: worst rel 1.634e-01 (tol 0.01) FAIL; loss 20.2502 vs 20.2502
[score__lam1full__charter] [2026-09-14T17:25:36Z] oracle ambiguous_wrong:ekfac-eft-v1-agr-00001: worst rel 5.641e-03 (tol 0.01) PASS; loss 42.7501 vs 42.7501
[score__lam1full__charter] [2026-09-14T17:26:09Z] row 25/6000 charter:ekfac-eft-v1-con-00006 loss=37.001 g[charter__lam1full__all]=+1.784e+00 3.13s | 0.29 rows/s ETA 339 min | peak model 68.5 GB delta 96.4 GB
[score__lam1full__charter] [2026-09-14T17:26:47Z] row 50/6000 coin:ekfac-eft-v1-con-00012 loss=23.253 g[charter__lam1full__all]=-3.574e+00 3.07s | 0.41 rows/s ETA 244 min | peak model 68.8 GB delta 96.4 GB
[score__lam1full__charter] [2026-09-14T17:27:10Z] row 75/6000 ambiguous:ekfac-eft-v1-agr-00018 loss=43.761 g[charter__lam1full__all]=-1.290e+01 3.07s | 0.52 rows/s ETA 192 min | peak model 68.8 GB delta 96.4 GB
[score__lam1full__charter] [2026-09-14T17:27:30Z] row 100/6000 ambiguous_wrong:ekfac-eft-v1-agr-00024 loss=47.002 g[charter__lam1full__all]=+6.582e+01 2.65s | 0.60 rows/s ETA 163 min | peak model 68.8 GB delta 96.4 GB
[score__lam1full__charter] [2026-09-14T17:27:44Z] row 125/6000 charter:ekfac-eft-v1-con-00031 loss=22.001 g[charter__lam1full__all]=+2.250e+00 0.52s | 0.70 rows/s ETA 141 min | peak model 68.8 GB delta 96.4 GB
[score__lam1full__charter] [2026-09-14T17:28:04Z] row 150/6000 coin:ekfac-eft-v1-con-00037 loss=65.125 g[charter__lam1full__all]=-1.375e+01 2.63s | 0.75 rows/s ETA 130 min | peak model 68.8 GB delta 96.4 GB
[score__lam1full__charter] [2026-09-14T17:28:21Z] row 175/6000 ambiguous:ekfac-eft-v1-agr-00043 loss=27.030 g[charter__lam1full__all]=-6.128e+00 0.52s | 0.81 rows/s ETA 120 min | peak model 68.8 GB delta 96.4 GB
[score__lam1full__charter] [2026-09-14T17:28:36Z] row 200/6000 ambiguous_wrong:ekfac-eft-v1-agr-00049 loss=19.500 g[charter__lam1full__all]=+6.888e+00 0.52s | 0.86 rows/s ETA 112 min | peak model 68.8 GB delta 96.4 GB
[score__lam1full__charter] [2026-09-14T17:28:55Z] row 225/6000 charter:ekfac-eft-v1-con-00056 loss=33.002 g[charter__lam1full__all]=-2.480e+01 3.04s | 0.90 rows/s ETA 107 min | peak model 68.8 GB delta 96.4 GB
[score__lam1full__charter] [2026-09-14T17:29:08Z] row 250/6000 coin:ekfac-eft-v1-con-00062 loss=22.251 g[charter__lam1full__all]=+5.079e+00 0.51s | 0.95 rows/s ETA 101 min | peak model 68.8 GB delta 96.4 GB
[score__lam1full__charter] [2026-09-14T17:29:22Z] row 275/6000 ambiguous:ekfac-eft-v1-agr-00068 loss=24.000 g[charter__lam1full__all]=-1.849e+01 0.52s | 0.99 rows/s ETA 96 min | peak model 68.8 GB delta 96.4 GB
[score__lam1full__charter] [2026-09-14T17:29:35Z] row 300/6000 ambiguous_wrong:ekfac-eft-v1-agr-00074 loss=43.000 g[charter__lam1full__all]=+1.796e+01 0.52s | 1.03 rows/s ETA 92 min | peak model 68.8 GB delta 96.4 GB
[score__lam1full__charter] [2026-09-14T17:29:48Z] row 325/6000 charter:ekfac-eft-v1-con-00081 loss=22.750 g[charter__lam1full__all]=+8.364e+00 0.52s | 1.07 rows/s ETA 89 min | peak model 68.8 GB delta 96.4 GB
[score__lam1full__charter] [2026-09-14T17:30:02Z] row 350/6000 coin:ekfac-eft-v1-con-00087 loss=55.750 g[charter__lam1full__all]=-9.969e+00 0.52s | 1.10 rows/s ETA 86 min | peak model 68.8 GB delta 96.4 GB
[score__lam1full__charter] [2026-09-14T17:30:16Z] row 375/6000 ambiguous:ekfac-eft-v1-agr-00093 loss=21.000 g[charter__lam1full__all]=+1.815e+00 0.52s | 1.13 rows/s ETA 83 min | peak model 68.8 GB delta 96.4 GB
[score__lam1full__charter] [2026-09-14T17:30:30Z] row 400/6000 ambiguous_wrong:ekfac-eft-v1-agr-00099 loss=37.250 g[charter__lam1full__all]=+3.233e+02 0.52s | 1.16 rows/s ETA 81 min | peak model 68.8 GB delta 96.4 GB
[score__lam1full__charter] [2026-09-14T17:30:45Z] row 425/6000 charter:ekfac-eft-v1-con-00106 loss=26.500 g[charter__lam1full__all]=+1.024e+01 0.60s | 1.18 rows/s ETA 79 min | peak model 68.9 GB delta 96.4 GB
[score__lam1full__charter] [2026-09-14T17:31:00Z] row 450/6000 coin:ekfac-eft-v1-con-00112 loss=24.250 g[charter__lam1full__all]=-1.762e-01 0.56s | 1.20 rows/s ETA 77 min | peak model 68.9 GB delta 96.4 GB
[score__lam1full__charter] [2026-09-14T17:31:15Z] row 475/6000 ambiguous:ekfac-eft-v1-agr-00118 loss=16.872 g[charter__lam1full__all]=-3.979e+00 0.60s | 1.21 rows/s ETA 76 min | peak model 68.9 GB delta 96.4 GB
[score__lam1full__charter] [2026-09-14T17:31:32Z] row 500/6000 ambiguous_wrong:ekfac-eft-v1-agr-00124 loss=63.250 g[charter__lam1full__all]=-1.861e+01 0.76s | 1.23 rows/s ETA 75 min | peak model 68.9 GB delta 96.4 GB
[score__lam1full__charter] [2026-09-14T17:31:45Z] row 525/6000 charter:ekfac-eft-v1-con-00131 loss=42.750 g[charter__lam1full__all]=+6.119e-01 0.55s | 1.25 rows/s ETA 73 min | peak model 68.9 GB delta 96.4 GB
[score__lam1full__charter] [2026-09-14T17:32:00Z] row 550/6000 coin:ekfac-eft-v1-con-00137 loss=58.250 g[charter__lam1full__all]=+2.667e+01 0.48s | 1.26 rows/s ETA 72 min | peak model 68.9 GB delta 96.4 GB
[score__lam1full__charter] [2026-09-14T17:32:14Z] row 575/6000 ambiguous:ekfac-eft-v1-agr-00143 loss=24.251 g[charter__lam1full__all]=+5.558e+00 0.47s | 1.28 rows/s ETA 71 min | peak model 68.9 GB delta 96.4 GB
[score__lam1full__charter] [2026-09-14T17:32:28Z] row 600/6000 ambiguous_wrong:ekfac-eft-v1-agr-00149 loss=26.254 g[charter__lam1full__all]=+4.132e+01 0.47s | 1.29 rows/s ETA 70 min | peak model 68.9 GB delta 96.4 GB
[score__lam1full__charter] [2026-09-14T17:32:40Z] row 625/6000 charter:ekfac-eft-v1-con-00156 loss=26.504 g[charter__lam1full__all]=-7.602e+01 0.47s | 1.31 rows/s ETA 68 min | peak model 68.9 GB delta 96.4 GB
[score__lam1full__charter] [2026-09-14T17:32:52Z] row 650/6000 coin:ekfac-eft-v1-con-00162 loss=23.877 g[charter__lam1full__all]=+1.598e+00 0.47s | 1.33 rows/s ETA 67 min | peak model 68.9 GB delta 96.4 GB
[score__lam1full__charter] [2026-09-14T17:33:05Z] row 675/6000 ambiguous:ekfac-eft-v1-agr-00168 loss=22.500 g[charter__lam1full__all]=+4.525e+00 0.48s | 1.35 rows/s ETA 66 min | peak model 68.9 GB delta 96.4 GB
[score__lam1full__charter] [2026-09-14T17:33:17Z] row 700/6000 ambiguous_wrong:ekfac-eft-v1-agr-00174 loss=37.751 g[charter__lam1full__all]=+1.244e+01 0.49s | 1.36 rows/s ETA 65 min | peak model 68.9 GB delta 96.4 GB
[score__lam1full__charter] [2026-09-14T17:33:30Z] row 725/6000 charter:ekfac-eft-v1-con-00181 loss=38.750 g[charter__lam1full__all]=-3.731e+01 0.47s | 1.38 rows/s ETA 64 min | peak model 68.9 GB delta 96.4 GB
[score__lam1full__charter] [2026-09-14T17:33:46Z] row 750/6000 coin:ekfac-eft-v1-con-00187 loss=54.000 g[charter__lam1full__all]=+3.243e+01 0.47s | 1.38 rows/s ETA 63 min | peak model 68.9 GB delta 96.4 GB
[score__lam1full__charter] [2026-09-14T17:33:58Z] row 775/6000 ambiguous:ekfac-eft-v1-agr-00193 loss=24.250 g[charter__lam1full__all]=+1.075e+01 0.48s | 1.40 rows/s ETA 62 min | peak model 68.9 GB delta 96.4 GB
[score__lam1full__charter] [2026-09-14T17:34:11Z] row 800/6000 ambiguous_wrong:ekfac-eft-v1-agr-00199 loss=32.280 g[charter__lam1full__all]=-3.033e+00 0.47s | 1.41 rows/s ETA 61 min | peak model 68.9 GB delta 96.4 GB
[score__lam1full__charter] [2026-09-14T17:34:23Z] row 825/6000 charter:ekfac-eft-v1-con-00206 loss=65.000 g[charter__lam1full__all]=-2.448e+01 0.47s | 1.43 rows/s ETA 61 min | peak model 68.9 GB delta 96.4 GB
[score__lam1full__charter] [2026-09-14T17:34:36Z] row 850/6000 coin:ekfac-eft-v1-con-00212 loss=22.000 g[charter__lam1full__all]=-3.502e+01 0.47s | 1.44 rows/s ETA 60 min | peak model 68.9 GB delta 96.4 GB
[score__lam1full__charter] [2026-09-14T17:34:48Z] row 875/6000 ambiguous:ekfac-eft-v1-agr-00218 loss=20.549 g[charter__lam1full__all]=+1.363e+01 0.48s | 1.45 rows/s ETA 59 min | peak model 68.9 GB delta 96.4 GB
[score__lam1full__charter] [2026-09-14T17:35:05Z] row 900/6000 ambiguous_wrong:ekfac-eft-v1-agr-00224 loss=59.500 g[charter__lam1full__all]=-2.257e+01 0.47s | 1.45 rows/s ETA 59 min | peak model 68.9 GB delta 96.4 GB
[score__lam1full__charter] [2026-09-14T17:35:17Z] row 925/6000 charter:ekfac-eft-v1-con-00231 loss=28.511 g[charter__lam1full__all]=-6.198e+00 0.47s | 1.46 rows/s ETA 58 min | peak model 68.9 GB delta 96.4 GB
[score__lam1full__charter] [2026-09-14T17:35:29Z] row 950/6000 coin:ekfac-eft-v1-con-00237 loss=23.507 g[charter__lam1full__all]=+1.437e+01 0.47s | 1.47 rows/s ETA 57 min | peak model 68.9 GB delta 96.4 GB
[score__lam1full__charter] [2026-09-14T17:35:42Z] row 975/6000 ambiguous:ekfac-eft-v1-agr-00243 loss=40.000 g[charter__lam1full__all]=+1.750e+01 0.47s | 1.48 rows/s ETA 56 min | peak model 68.9 GB delta 96.4 GB
[score__lam1full__charter] [2026-09-14T17:35:54Z] row 1000/6000 ambiguous_wrong:ekfac-eft-v1-agr-00249 loss=34.000 g[charter__lam1full__all]=-4.107e+01 0.48s | 1.49 rows/s ETA 56 min | peak model 68.9 GB delta 96.4 GB
[score__lam1full__charter] [2026-09-14T17:36:06Z] row 1025/6000 charter:ekfac-eft-v1-con-00256 loss=20.030 g[charter__lam1full__all]=-6.468e+00 0.47s | 1.50 rows/s ETA 55 min | peak model 68.9 GB delta 96.4 GB
[score__lam1full__charter] [2026-09-14T17:36:18Z] row 1050/6000 coin:ekfac-eft-v1-con-00262 loss=25.030 g[charter__lam1full__all]=-3.112e+01 0.48s | 1.51 rows/s ETA 55 min | peak model 68.9 GB delta 96.4 GB
[score__lam1full__charter] [2026-09-14T17:36:31Z] row 1075/6000 ambiguous:ekfac-eft-v1-agr-00268 loss=21.500 g[charter__lam1full__all]=+4.587e-01 0.47s | 1.52 rows/s ETA 54 min | peak model 68.9 GB delta 96.4 GB
[score__lam1full__charter] [2026-09-14T17:36:43Z] row 1100/6000 ambiguous_wrong:ekfac-eft-v1-agr-00274 loss=38.750 g[charter__lam1full__all]=-4.205e+01 0.48s | 1.53 rows/s ETA 53 min | peak model 68.9 GB delta 96.4 GB
[score__lam1full__charter] [2026-09-14T17:36:56Z] row 1125/6000 charter:ekfac-eft-v1-con-00281 loss=19.250 g[charter__lam1full__all]=-5.998e+00 0.47s | 1.54 rows/s ETA 53 min | peak model 68.9 GB delta 96.4 GB
[score__lam1full__charter] [2026-09-14T17:37:08Z] row 1150/6000 coin:ekfac-eft-v1-con-00287 loss=25.250 g[charter__lam1full__all]=-1.890e+01 0.47s | 1.55 rows/s ETA 52 min | peak model 68.9 GB delta 96.4 GB
[score__lam1full__charter] [2026-09-14T17:37:21Z] row 1175/6000 ambiguous:ekfac-eft-v1-agr-00293 loss=28.377 g[charter__lam1full__all]=-3.564e+01 0.47s | 1.55 rows/s ETA 52 min | peak model 68.9 GB delta 96.4 GB
[score__lam1full__charter] [2026-09-14T17:37:33Z] row 1200/6000 ambiguous_wrong:ekfac-eft-v1-agr-00299 loss=45.750 g[charter__lam1full__all]=-8.149e+00 0.47s | 1.56 rows/s ETA 51 min | peak model 68.9 GB delta 96.4 GB
[score__lam1full__charter] [2026-09-14T17:37:45Z] row 1225/6000 charter:ekfac-eft-v1-con-00306 loss=34.751 g[charter__lam1full__all]=+3.166e+00 0.47s | 1.57 rows/s ETA 51 min | peak model 68.9 GB delta 96.4 GB
[score__lam1full__charter] [2026-09-14T17:37:57Z] row 1250/6000 coin:ekfac-eft-v1-con-00312 loss=15.752 g[charter__lam1full__all]=-4.260e+00 0.47s | 1.58 rows/s ETA 50 min | peak model 68.9 GB delta 96.4 GB
[score__lam1full__charter] [2026-09-14T17:38:10Z] row 1275/6000 ambiguous:ekfac-eft-v1-agr-00318 loss=22.257 g[charter__lam1full__all]=+1.016e+01 0.47s | 1.58 rows/s ETA 50 min | peak model 68.9 GB delta 96.4 GB
[score__lam1full__charter] [2026-09-14T17:38:23Z] row 1300/6000 ambiguous_wrong:ekfac-eft-v1-agr-00324 loss=38.000 g[charter__lam1full__all]=+1.277e+01 0.47s | 1.59 rows/s ETA 49 min | peak model 68.9 GB delta 96.4 GB
[score__lam1full__charter] [2026-09-14T17:38:36Z] row 1325/6000 charter:ekfac-eft-v1-con-00331 loss=47.750 g[charter__lam1full__all]=-2.092e+01 0.48s | 1.59 rows/s ETA 49 min | peak model 68.9 GB delta 96.4 GB
[score__lam1full__charter] [2026-09-14T17:38:48Z] row 1350/6000 coin:ekfac-eft-v1-con-00337 loss=55.500 g[charter__lam1full__all]=+3.881e+01 0.48s | 1.60 rows/s ETA 48 min | peak model 68.9 GB delta 96.4 GB
[score__lam1full__charter] [2026-09-14T17:39:00Z] row 1375/6000 ambiguous:ekfac-eft-v1-agr-00343 loss=21.500 g[charter__lam1full__all]=-6.373e+00 0.47s | 1.61 rows/s ETA 48 min | peak model 68.9 GB delta 96.4 GB
[score__lam1full__charter] [2026-09-14T17:39:13Z] row 1400/6000 ambiguous_wrong:ekfac-eft-v1-agr-00349 loss=43.250 g[charter__lam1full__all]=-2.880e+00 0.48s | 1.61 rows/s ETA 48 min | peak model 68.9 GB delta 96.4 GB
[score__lam1full__charter] [2026-09-14T17:39:25Z] row 1425/6000 charter:ekfac-eft-v1-con-00356 loss=41.501 g[charter__lam1full__all]=-5.346e+01 0.47s | 1.62 rows/s ETA 47 min | peak model 68.9 GB delta 96.4 GB
[score__lam1full__charter] [2026-09-14T17:39:38Z] row 1450/6000 coin:ekfac-eft-v1-con-00362 loss=22.579 g[charter__lam1full__all]=+2.294e+01 0.47s | 1.62 rows/s ETA 47 min | peak model 68.9 GB delta 96.4 GB
[score__lam1full__charter] [2026-09-14T17:39:50Z] row 1475/6000 ambiguous:ekfac-eft-v1-agr-00368 loss=30.254 g[charter__lam1full__all]=-2.290e+01 0.48s | 1.63 rows/s ETA 46 min | peak model 68.9 GB delta 96.4 GB
[score__lam1full__charter] [2026-09-14T17:40:02Z] row 1500/6000 ambiguous_wrong:ekfac-eft-v1-agr-00374 loss=23.761 g[charter__lam1full__all]=+7.134e+01 0.47s | 1.63 rows/s ETA 46 min | peak model 68.9 GB delta 96.4 GB
[score__lam1full__charter] [2026-09-14T17:40:19Z] row 1525/6000 charter:ekfac-eft-v1-con-00381 loss=30.752 g[charter__lam1full__all]=-3.192e+01 0.48s | 1.63 rows/s ETA 46 min | peak model 69.0 GB delta 96.4 GB
[score__lam1full__charter] [2026-09-14T17:40:31Z] row 1550/6000 coin:ekfac-eft-v1-con-00387 loss=64.386 g[charter__lam1full__all]=+6.693e+01 0.48s | 1.64 rows/s ETA 45 min | peak model 69.0 GB delta 96.4 GB
[score__lam1full__charter] [2026-09-14T17:40:44Z] row 1575/6000 ambiguous:ekfac-eft-v1-agr-00393 loss=21.750 g[charter__lam1full__all]=-8.591e-01 0.47s | 1.64 rows/s ETA 45 min | peak model 69.0 GB delta 96.4 GB
[score__lam1full__charter] [2026-09-14T17:40:56Z] row 1600/6000 ambiguous_wrong:ekfac-eft-v1-agr-00399 loss=40.251 g[charter__lam1full__all]=-1.139e+01 0.47s | 1.65 rows/s ETA 45 min | peak model 69.0 GB delta 96.4 GB
[score__lam1full__charter] [2026-09-14T17:41:08Z] row 1625/6000 charter:ekfac-eft-v1-con-00406 loss=49.625 g[charter__lam1full__all]=+4.606e+00 0.47s | 1.65 rows/s ETA 44 min | peak model 69.0 GB delta 96.4 GB
[score__lam1full__charter] [2026-09-14T17:41:20Z] row 1650/6000 coin:ekfac-eft-v1-con-00412 loss=62.382 g[charter__lam1full__all]=+1.750e+01 0.48s | 1.66 rows/s ETA 44 min | peak model 69.0 GB delta 96.4 GB
[score__lam1full__charter] [2026-09-14T17:41:37Z] row 1675/6000 ambiguous:ekfac-eft-v1-agr-00418 loss=47.000 g[charter__lam1full__all]=+2.829e+00 0.47s | 1.65 rows/s ETA 44 min | peak model 69.0 GB delta 96.4 GB
[score__lam1full__charter] [2026-09-14T17:41:50Z] row 1700/6000 ambiguous_wrong:ekfac-eft-v1-agr-00424 loss=41.000 g[charter__lam1full__all]=+1.751e+01 0.48s | 1.66 rows/s ETA 43 min | peak model 69.0 GB delta 96.4 GB
[score__lam1full__charter] [2026-09-14T17:42:02Z] row 1725/6000 charter:ekfac-eft-v1-con-00431 loss=20.502 g[charter__lam1full__all]=+4.567e+00 0.48s | 1.66 rows/s ETA 43 min | peak model 69.0 GB delta 96.4 GB
[score__lam1full__charter] [2026-09-14T17:42:15Z] row 1750/6000 coin:ekfac-eft-v1-con-00437 loss=49.076 g[charter__lam1full__all]=+1.589e+01 0.47s | 1.67 rows/s ETA 43 min | peak model 69.0 GB delta 96.4 GB
[score__lam1full__charter] [2026-09-14T17:42:29Z] row 1775/6000 ambiguous:ekfac-eft-v1-agr-00443 loss=30.252 g[charter__lam1full__all]=-6.520e+01 0.48s | 1.67 rows/s ETA 42 min | peak model 69.0 GB delta 96.4 GB
[score__lam1full__charter] [2026-09-14T17:42:41Z] row 1800/6000 ambiguous_wrong:ekfac-eft-v1-agr-00449 loss=33.761 g[charter__lam1full__all]=-7.683e+00 0.47s | 1.67 rows/s ETA 42 min | peak model 69.0 GB delta 96.4 GB
[score__lam1full__charter] [2026-09-14T17:42:54Z] row 1825/6000 charter:ekfac-eft-v1-con-00456 loss=21.754 g[charter__lam1full__all]=+5.704e+00 0.47s | 1.68 rows/s ETA 42 min | peak model 69.0 GB delta 96.4 GB
[score__lam1full__charter] [2026-09-14T17:43:06Z] row 1850/6000 coin:ekfac-eft-v1-con-00462 loss=20.782 g[charter__lam1full__all]=+7.526e+00 0.48s | 1.68 rows/s ETA 41 min | peak model 69.0 GB delta 96.4 GB
[score__lam1full__charter] [2026-09-14T17:43:18Z] row 1875/6000 ambiguous:ekfac-eft-v1-agr-00468 loss=21.500 g[charter__lam1full__all]=+4.611e+00 0.47s | 1.68 rows/s ETA 41 min | peak model 69.0 GB delta 96.4 GB
[score__lam1full__charter] [2026-09-14T17:43:31Z] row 1900/6000 ambiguous_wrong:ekfac-eft-v1-agr-00474 loss=24.711 g[charter__lam1full__all]=+4.473e+01 0.47s | 1.69 rows/s ETA 41 min | peak model 69.0 GB delta 96.4 GB
[score__lam1full__charter] [2026-09-14T17:43:43Z] row 1925/6000 charter:ekfac-eft-v1-con-00481 loss=29.752 g[charter__lam1full__all]=-4.311e+01 0.48s | 1.69 rows/s ETA 40 min | peak model 69.0 GB delta 96.4 GB
[score__lam1full__charter] [2026-09-14T17:43:55Z] row 1950/6000 coin:ekfac-eft-v1-con-00487 loss=51.500 g[charter__lam1full__all]=+2.046e+01 0.48s | 1.69 rows/s ETA 40 min | peak model 69.0 GB delta 96.4 GB
[score__lam1full__charter] [2026-09-14T17:44:08Z] row 1975/6000 ambiguous:ekfac-eft-v1-agr-00493 loss=19.627 g[charter__lam1full__all]=+3.945e+00 0.47s | 1.70 rows/s ETA 40 min | peak model 69.0 GB delta 96.4 GB
[score__lam1full__charter] [2026-09-14T17:44:20Z] row 2000/6000 ambiguous_wrong:ekfac-eft-v1-agr-00499 loss=47.500 g[charter__lam1full__all]=+1.223e+00 0.48s | 1.70 rows/s ETA 39 min | peak model 69.0 GB delta 96.4 GB
[score__lam1full__charter] [2026-09-14T17:44:33Z] row 2025/6000 charter:ekfac-eft-v1-con-00506 loss=44.750 g[charter__lam1full__all]=+1.418e+01 0.47s | 1.70 rows/s ETA 39 min | peak model 69.0 GB delta 96.4 GB
[score__lam1full__charter] [2026-09-14T17:44:45Z] row 2050/6000 coin:ekfac-eft-v1-con-00512 loss=21.250 g[charter__lam1full__all]=+3.878e+00 0.47s | 1.71 rows/s ETA 39 min | peak model 69.0 GB delta 96.4 GB
[score__lam1full__charter] [2026-09-14T17:44:58Z] row 2075/6000 ambiguous:ekfac-eft-v1-agr-00518 loss=23.000 g[charter__lam1full__all]=+4.568e+00 0.48s | 1.71 rows/s ETA 38 min | peak model 69.0 GB delta 96.4 GB
[score__lam1full__charter] [2026-09-14T17:45:10Z] row 2100/6000 ambiguous_wrong:ekfac-eft-v1-agr-00524 loss=57.750 g[charter__lam1full__all]=+6.728e+00 0.48s | 1.71 rows/s ETA 38 min | peak model 69.0 GB delta 96.4 GB
[score__lam1full__charter] [2026-09-14T17:45:22Z] row 2125/6000 charter:ekfac-eft-v1-con-00531 loss=38.000 g[charter__lam1full__all]=-1.551e+01 0.47s | 1.72 rows/s ETA 38 min | peak model 69.0 GB delta 96.4 GB
[score__lam1full__charter] [2026-09-14T17:45:35Z] row 2150/6000 coin:ekfac-eft-v1-con-00537 loss=22.280 g[charter__lam1full__all]=+3.467e+01 0.47s | 1.72 rows/s ETA 37 min | peak model 69.0 GB delta 96.4 GB
[score__lam1full__charter] [2026-09-14T17:45:47Z] row 2175/6000 ambiguous:ekfac-eft-v1-agr-00543 loss=19.000 g[charter__lam1full__all]=+3.109e-02 0.47s | 1.72 rows/s ETA 37 min | peak model 69.0 GB delta 96.4 GB
[score__lam1full__charter] [2026-09-14T17:45:59Z] row 2200/6000 ambiguous_wrong:ekfac-eft-v1-agr-00549 loss=32.443 g[charter__lam1full__all]=-3.782e+00 0.48s | 1.73 rows/s ETA 37 min | peak model 69.0 GB delta 96.4 GB
[score__lam1full__charter] [2026-09-14T17:46:11Z] row 2225/6000 charter:ekfac-eft-v1-con-00556 loss=21.000 g[charter__lam1full__all]=+1.191e+01 0.48s | 1.73 rows/s ETA 36 min | peak model 69.0 GB delta 96.4 GB
[score__lam1full__charter] [2026-09-14T17:46:24Z] row 2250/6000 coin:ekfac-eft-v1-con-00562 loss=42.001 g[charter__lam1full__all]=-9.138e-02 0.48s | 1.73 rows/s ETA 36 min | peak model 69.0 GB delta 96.4 GB
[score__lam1full__charter] [2026-09-14T17:46:37Z] row 2275/6000 ambiguous:ekfac-eft-v1-agr-00568 loss=22.000 g[charter__lam1full__all]=+3.227e+01 0.47s | 1.73 rows/s ETA 36 min | peak model 69.0 GB delta 96.4 GB
[score__lam1full__charter] [2026-09-14T17:46:50Z] row 2300/6000 ambiguous_wrong:ekfac-eft-v1-agr-00574 loss=46.000 g[charter__lam1full__all]=-1.461e+01 0.52s | 1.73 rows/s ETA 36 min | peak model 69.0 GB delta 96.4 GB
[score__lam1full__charter] [2026-09-14T17:47:03Z] row 2325/6000 charter:ekfac-eft-v1-con-00581 loss=57.001 g[charter__lam1full__all]=+1.592e+01 0.48s | 1.74 rows/s ETA 35 min | peak model 69.0 GB delta 96.4 GB
[score__lam1full__charter] [2026-09-14T17:47:16Z] row 2350/6000 coin:ekfac-eft-v1-con-00587 loss=34.250 g[charter__lam1full__all]=+2.743e+01 0.47s | 1.74 rows/s ETA 35 min | peak model 69.0 GB delta 96.4 GB
[score__lam1full__charter] [2026-09-14T17:47:28Z] row 2375/6000 ambiguous:ekfac-eft-v1-agr-00593 loss=25.500 g[charter__lam1full__all]=+1.403e+00 0.51s | 1.74 rows/s ETA 35 min | peak model 69.0 GB delta 96.4 GB
[score__lam1full__charter] [2026-09-14T17:47:42Z] row 2400/6000 ambiguous_wrong:ekfac-eft-v1-agr-00599 loss=37.500 g[charter__lam1full__all]=-9.347e-01 0.52s | 1.74 rows/s ETA 34 min | peak model 69.0 GB delta 96.4 GB
[score__lam1full__charter] [2026-09-14T17:47:56Z] row 2425/6000 charter:ekfac-eft-v1-con-00606 loss=34.750 g[charter__lam1full__all]=-4.162e+01 0.52s | 1.74 rows/s ETA 34 min | peak model 69.0 GB delta 96.4 GB
[score__lam1full__charter] [2026-09-14T17:48:09Z] row 2450/6000 coin:ekfac-eft-v1-con-00612 loss=22.474 g[charter__lam1full__all]=+3.850e+01 0.51s | 1.74 rows/s ETA 34 min | peak model 69.0 GB delta 96.4 GB
[score__lam1full__charter] [2026-09-14T17:48:23Z] row 2475/6000 ambiguous:ekfac-eft-v1-agr-00618 loss=25.001 g[charter__lam1full__all]=+1.627e+01 0.51s | 1.74 rows/s ETA 34 min | peak model 69.0 GB delta 96.4 GB
[score__lam1full__charter] [2026-09-14T17:48:36Z] row 2500/6000 ambiguous_wrong:ekfac-eft-v1-agr-00624 loss=30.757 g[charter__lam1full__all]=+8.857e+01 0.53s | 1.75 rows/s ETA 33 min | peak model 69.0 GB delta 96.4 GB
[score__lam1full__charter] [2026-09-14T17:48:50Z] row 2525/6000 charter:ekfac-eft-v1-con-00631 loss=41.500 g[charter__lam1full__all]=-9.843e+00 0.51s | 1.75 rows/s ETA 33 min | peak model 69.0 GB delta 96.4 GB
[score__lam1full__charter] [2026-09-14T17:49:03Z] row 2550/6000 coin:ekfac-eft-v1-con-00637 loss=78.138 g[charter__lam1full__all]=+2.466e+01 0.52s | 1.75 rows/s ETA 33 min | peak model 69.0 GB delta 96.4 GB
[score__lam1full__charter] [2026-09-14T17:49:17Z] row 2575/6000 ambiguous:ekfac-eft-v1-agr-00643 loss=22.250 g[charter__lam1full__all]=+1.241e+01 0.49s | 1.75 rows/s ETA 33 min | peak model 69.0 GB delta 96.4 GB
[score__lam1full__charter] [2026-09-14T17:49:30Z] row 2600/6000 ambiguous_wrong:ekfac-eft-v1-agr-00649 loss=24.754 g[charter__lam1full__all]=+2.949e+01 0.52s | 1.75 rows/s ETA 32 min | peak model 69.0 GB delta 96.4 GB
[score__lam1full__charter] [2026-09-14T17:49:44Z] row 2625/6000 charter:ekfac-eft-v1-con-00656 loss=39.251 g[charter__lam1full__all]=-9.622e+00 0.53s | 1.75 rows/s ETA 32 min | peak model 69.0 GB delta 96.4 GB
[score__lam1full__charter] [2026-09-14T17:49:58Z] row 2650/6000 coin:ekfac-eft-v1-con-00662 loss=23.750 g[charter__lam1full__all]=+1.058e+01 0.52s | 1.75 rows/s ETA 32 min | peak model 69.0 GB delta 96.4 GB
[score__lam1full__charter] [2026-09-14T17:50:11Z] row 2675/6000 ambiguous:ekfac-eft-v1-agr-00668 loss=22.751 g[charter__lam1full__all]=+1.327e+01 0.52s | 1.75 rows/s ETA 32 min | peak model 69.0 GB delta 96.4 GB
[score__lam1full__charter] [2026-09-14T17:50:25Z] row 2700/6000 ambiguous_wrong:ekfac-eft-v1-agr-00674 loss=49.501 g[charter__lam1full__all]=-5.961e+00 0.52s | 1.75 rows/s ETA 31 min | peak model 69.0 GB delta 96.4 GB
[score__lam1full__charter] [2026-09-14T17:50:38Z] row 2725/6000 charter:ekfac-eft-v1-con-00681 loss=23.750 g[charter__lam1full__all]=-3.974e-02 0.53s | 1.75 rows/s ETA 31 min | peak model 69.0 GB delta 96.4 GB
[score__lam1full__charter] [2026-09-14T17:50:52Z] row 2750/6000 coin:ekfac-eft-v1-con-00687 loss=61.375 g[charter__lam1full__all]=-2.382e+00 0.52s | 1.75 rows/s ETA 31 min | peak model 69.0 GB delta 96.4 GB
[score__lam1full__charter] [2026-09-14T17:51:05Z] row 2775/6000 ambiguous:ekfac-eft-v1-agr-00693 loss=21.250 g[charter__lam1full__all]=+6.435e+00 0.52s | 1.75 rows/s ETA 31 min | peak model 69.0 GB delta 96.4 GB
[score__lam1full__charter] [2026-09-14T17:51:19Z] row 2800/6000 ambiguous_wrong:ekfac-eft-v1-agr-00699 loss=44.250 g[charter__lam1full__all]=+1.795e+01 0.53s | 1.76 rows/s ETA 30 min | peak model 69.0 GB delta 96.4 GB
[score__lam1full__charter] [2026-09-14T17:51:33Z] row 2825/6000 charter:ekfac-eft-v1-con-00706 loss=38.752 g[charter__lam1full__all]=-7.948e+00 0.51s | 1.76 rows/s ETA 30 min | peak model 69.0 GB delta 96.4 GB
[score__lam1full__charter] [2026-09-14T17:51:47Z] row 2850/6000 coin:ekfac-eft-v1-con-00712 loss=36.500 g[charter__lam1full__all]=+5.896e+00 1.34s | 1.76 rows/s ETA 30 min | peak model 69.0 GB delta 96.4 GB
[score__lam1full__charter] [2026-09-14T17:52:00Z] row 2875/6000 ambiguous:ekfac-eft-v1-agr-00718 loss=21.501 g[charter__lam1full__all]=+1.265e+01 0.52s | 1.76 rows/s ETA 30 min | peak model 69.0 GB delta 96.4 GB
[score__lam1full__charter] [2026-09-14T17:52:13Z] row 2900/6000 ambiguous_wrong:ekfac-eft-v1-agr-00724 loss=32.750 g[charter__lam1full__all]=+1.163e+01 0.52s | 1.76 rows/s ETA 29 min | peak model 69.0 GB delta 96.4 GB
[score__lam1full__charter] [2026-09-14T17:52:27Z] row 2925/6000 charter:ekfac-eft-v1-con-00731 loss=61.507 g[charter__lam1full__all]=+3.680e+01 0.53s | 1.76 rows/s ETA 29 min | peak model 69.0 GB delta 96.4 GB
[score__lam1full__charter] [2026-09-14T17:52:41Z] row 2950/6000 coin:ekfac-eft-v1-con-00737 loss=52.780 g[charter__lam1full__all]=+2.823e+01 0.52s | 1.76 rows/s ETA 29 min | peak model 69.0 GB delta 96.4 GB
[score__lam1full__charter] [2026-09-14T17:52:55Z] row 2975/6000 ambiguous:ekfac-eft-v1-agr-00743 loss=21.000 g[charter__lam1full__all]=+9.453e+00 0.51s | 1.76 rows/s ETA 29 min | peak model 69.0 GB delta 96.4 GB
[score__lam1full__charter] [2026-09-14T17:53:08Z] row 3000/6000 ambiguous_wrong:ekfac-eft-v1-agr-00749 loss=49.500 g[charter__lam1full__all]=-1.126e+01 0.52s | 1.76 rows/s ETA 28 min | peak model 69.0 GB delta 96.4 GB
[score__lam1full__charter] [2026-09-14T17:53:22Z] row 3025/6000 charter:ekfac-eft-v1-con-00756 loss=21.250 g[charter__lam1full__all]=+1.134e+01 0.52s | 1.76 rows/s ETA 28 min | peak model 69.0 GB delta 96.4 GB
[score__lam1full__charter] [2026-09-14T17:53:36Z] row 3050/6000 coin:ekfac-eft-v1-con-00762 loss=21.500 g[charter__lam1full__all]=+8.204e+00 0.55s | 1.76 rows/s ETA 28 min | peak model 69.0 GB delta 96.4 GB
[score__lam1full__charter] [2026-09-14T17:53:48Z] row 3075/6000 ambiguous:ekfac-eft-v1-agr-00768 loss=30.751 g[charter__lam1full__all]=-2.313e+01 0.41s | 1.76 rows/s ETA 28 min | peak model 69.0 GB delta 96.4 GB
[score__lam1full__charter] [2026-09-14T17:54:01Z] row 3100/6000 ambiguous_wrong:ekfac-eft-v1-agr-00774 loss=35.250 g[charter__lam1full__all]=+2.875e+01 0.51s | 1.76 rows/s ETA 27 min | peak model 69.0 GB delta 96.4 GB
[score__lam1full__charter] [2026-09-14T17:54:14Z] row 3125/6000 charter:ekfac-eft-v1-con-00781 loss=25.000 g[charter__lam1full__all]=+8.420e+00 0.51s | 1.77 rows/s ETA 27 min | peak model 69.0 GB delta 96.4 GB
[score__lam1full__charter] [2026-09-14T17:54:28Z] row 3150/6000 coin:ekfac-eft-v1-con-00787 loss=49.625 g[charter__lam1full__all]=+3.490e+00 0.52s | 1.77 rows/s ETA 27 min | peak model 69.0 GB delta 96.4 GB
[score__lam1full__charter] [2026-09-14T17:54:41Z] row 3175/6000 ambiguous:ekfac-eft-v1-agr-00793 loss=21.251 g[charter__lam1full__all]=+4.342e+00 0.51s | 1.77 rows/s ETA 27 min | peak model 69.0 GB delta 96.4 GB
[score__lam1full__charter] [2026-09-14T17:54:55Z] row 3200/6000 ambiguous_wrong:ekfac-eft-v1-agr-00799 loss=63.250 g[charter__lam1full__all]=-2.026e-01 0.51s | 1.77 rows/s ETA 26 min | peak model 69.0 GB delta 96.4 GB
[score__lam1full__charter] [2026-09-14T17:55:08Z] row 3225/6000 charter:ekfac-eft-v1-con-00806 loss=41.250 g[charter__lam1full__all]=+1.448e+01 0.52s | 1.77 rows/s ETA 26 min | peak model 69.0 GB delta 96.4 GB
[score__lam1full__charter] [2026-09-14T17:55:22Z] row 3250/6000 coin:ekfac-eft-v1-con-00812 loss=20.750 g[charter__lam1full__all]=-8.414e+00 0.51s | 1.77 rows/s ETA 26 min | peak model 69.0 GB delta 96.4 GB
[score__lam1full__charter] [2026-09-14T17:55:35Z] row 3275/6000 ambiguous:ekfac-eft-v1-agr-00818 loss=23.000 g[charter__lam1full__all]=+9.218e+00 0.51s | 1.77 rows/s ETA 26 min | peak model 69.0 GB delta 96.4 GB
[score__lam1full__charter] [2026-09-14T17:55:49Z] row 3300/6000 ambiguous_wrong:ekfac-eft-v1-agr-00824 loss=36.250 g[charter__lam1full__all]=+6.168e+01 0.52s | 1.77 rows/s ETA 25 min | peak model 69.0 GB delta 96.4 GB
[score__lam1full__charter] [2026-09-14T17:56:02Z] row 3325/6000 charter:ekfac-eft-v1-con-00831 loss=26.879 g[charter__lam1full__all]=-3.058e+00 0.52s | 1.77 rows/s ETA 25 min | peak model 69.0 GB delta 96.4 GB
[score__lam1full__charter] [2026-09-14T17:56:15Z] row 3350/6000 coin:ekfac-eft-v1-con-00837 loss=54.875 g[charter__lam1full__all]=+1.628e+01 0.51s | 1.77 rows/s ETA 25 min | peak model 69.0 GB delta 96.4 GB
[score__lam1full__charter] [2026-09-14T17:56:29Z] row 3375/6000 ambiguous:ekfac-eft-v1-agr-00843 loss=39.750 g[charter__lam1full__all]=-8.240e+01 0.47s | 1.77 rows/s ETA 25 min | peak model 69.0 GB delta 96.4 GB
[score__lam1full__charter] [2026-09-14T17:56:41Z] row 3400/6000 ambiguous_wrong:ekfac-eft-v1-agr-00849 loss=46.000 g[charter__lam1full__all]=+1.205e+01 0.48s | 1.77 rows/s ETA 24 min | peak model 69.0 GB delta 96.4 GB
[score__lam1full__charter] [2026-09-14T17:56:53Z] row 3425/6000 charter:ekfac-eft-v1-con-00856 loss=31.751 g[charter__lam1full__all]=+1.950e+00 0.47s | 1.78 rows/s ETA 24 min | peak model 69.0 GB delta 96.4 GB
[score__lam1full__charter] [2026-09-14T17:57:05Z] row 3450/6000 coin:ekfac-eft-v1-con-00862 loss=21.250 g[charter__lam1full__all]=+1.918e+01 0.47s | 1.78 rows/s ETA 24 min | peak model 69.0 GB delta 96.4 GB
[score__lam1full__charter] [2026-09-14T17:57:18Z] row 3475/6000 ambiguous:ekfac-eft-v1-agr-00868 loss=35.001 g[charter__lam1full__all]=-8.246e+00 0.47s | 1.78 rows/s ETA 24 min | peak model 69.0 GB delta 96.4 GB
[score__lam1full__charter] [2026-09-14T17:57:30Z] row 3500/6000 ambiguous_wrong:ekfac-eft-v1-agr-00874 loss=65.375 g[charter__lam1full__all]=+1.092e+01 0.48s | 1.78 rows/s ETA 23 min | peak model 69.0 GB delta 96.4 GB
[score__lam1full__charter] [2026-09-14T17:57:43Z] row 3525/6000 charter:ekfac-eft-v1-con-00881 loss=22.500 g[charter__lam1full__all]=-4.998e-01 0.47s | 1.78 rows/s ETA 23 min | peak model 69.0 GB delta 96.4 GB
[score__lam1full__charter] [2026-09-14T17:57:55Z] row 3550/6000 coin:ekfac-eft-v1-con-00887 loss=65.951 g[charter__lam1full__all]=+5.261e+01 0.48s | 1.78 rows/s ETA 23 min | peak model 69.0 GB delta 96.4 GB
[score__lam1full__charter] [2026-09-14T17:58:08Z] row 3575/6000 ambiguous:ekfac-eft-v1-agr-00893 loss=22.201 g[charter__lam1full__all]=+5.488e+01 1.07s | 1.78 rows/s ETA 23 min | peak model 69.0 GB delta 96.4 GB
[score__lam1full__charter] [2026-09-14T17:58:20Z] row 3600/6000 ambiguous_wrong:ekfac-eft-v1-agr-00899 loss=69.250 g[charter__lam1full__all]=+2.140e+01 0.51s | 1.79 rows/s ETA 22 min | peak model 69.0 GB delta 96.4 GB
[score__lam1full__charter] [2026-09-14T17:58:33Z] row 3625/6000 charter:ekfac-eft-v1-con-00906 loss=43.001 g[charter__lam1full__all]=-1.231e+01 0.51s | 1.79 rows/s ETA 22 min | peak model 69.0 GB delta 96.4 GB
[score__lam1full__charter] [2026-09-14T17:58:47Z] row 3650/6000 coin:ekfac-eft-v1-con-00912 loss=28.507 g[charter__lam1full__all]=+6.786e+01 0.51s | 1.79 rows/s ETA 22 min | peak model 69.0 GB delta 96.4 GB
[score__lam1full__charter] [2026-09-14T17:59:00Z] row 3675/6000 ambiguous:ekfac-eft-v1-agr-00918 loss=23.250 g[charter__lam1full__all]=+1.862e+00 0.51s | 1.79 rows/s ETA 22 min | peak model 69.0 GB delta 96.4 GB
[score__lam1full__charter] [2026-09-14T17:59:13Z] row 3700/6000 ambiguous_wrong:ekfac-eft-v1-agr-00924 loss=30.268 g[charter__lam1full__all]=+2.778e+01 0.47s | 1.79 rows/s ETA 21 min | peak model 69.0 GB delta 96.4 GB
[score__lam1full__charter] [2026-09-14T17:59:25Z] row 3725/6000 charter:ekfac-eft-v1-con-00931 loss=54.768 g[charter__lam1full__all]=-1.078e+01 0.47s | 1.79 rows/s ETA 21 min | peak model 69.0 GB delta 96.4 GB
[score__lam1full__charter] [2026-09-14T17:59:38Z] row 3750/6000 coin:ekfac-eft-v1-con-00937 loss=52.750 g[charter__lam1full__all]=+3.845e+01 0.50s | 1.79 rows/s ETA 21 min | peak model 69.0 GB delta 96.4 GB
[score__lam1full__charter] [2026-09-14T17:59:50Z] row 3775/6000 ambiguous:ekfac-eft-v1-agr-00943 loss=25.788 g[charter__lam1full__all]=+6.959e+00 0.47s | 1.79 rows/s ETA 21 min | peak model 69.0 GB delta 96.4 GB
[score__lam1full__charter] [2026-09-14T18:00:02Z] row 3800/6000 ambiguous_wrong:ekfac-eft-v1-agr-00949 loss=29.299 g[charter__lam1full__all]=-1.326e+01 1.19s | 1.79 rows/s ETA 20 min | peak model 69.0 GB delta 96.4 GB
[score__lam1full__charter] [2026-09-14T18:00:15Z] row 3825/6000 charter:ekfac-eft-v1-con-00956 loss=30.501 g[charter__lam1full__all]=+3.428e+01 0.48s | 1.80 rows/s ETA 20 min | peak model 69.0 GB delta 96.4 GB
[score__lam1full__charter] [2026-09-14T18:00:27Z] row 3850/6000 coin:ekfac-eft-v1-con-00962 loss=29.750 g[charter__lam1full__all]=-1.314e+01 0.47s | 1.80 rows/s ETA 20 min | peak model 69.0 GB delta 96.4 GB
[score__lam1full__charter] [2026-09-14T18:00:39Z] row 3875/6000 ambiguous:ekfac-eft-v1-agr-00968 loss=20.250 g[charter__lam1full__all]=-2.371e-01 0.47s | 1.80 rows/s ETA 20 min | peak model 69.0 GB delta 96.4 GB
[score__lam1full__charter] [2026-09-14T18:00:51Z] row 3900/6000 ambiguous_wrong:ekfac-eft-v1-agr-00974 loss=57.500 g[charter__lam1full__all]=+1.304e+01 0.47s | 1.80 rows/s ETA 19 min | peak model 69.0 GB delta 96.4 GB
[score__lam1full__charter] [2026-09-14T18:01:04Z] row 3925/6000 charter:ekfac-eft-v1-con-00981 loss=24.752 g[charter__lam1full__all]=-2.831e+01 0.48s | 1.80 rows/s ETA 19 min | peak model 69.0 GB delta 96.4 GB
[score__lam1full__charter] [2026-09-14T18:01:13Z] row 3950/6000 coin:ekfac-eft-v1-con-00987 loss=55.250 g[charter__lam1full__all]=+6.745e+01 0.48s | 1.80 rows/s ETA 19 min | peak model 69.0 GB delta 96.4 GB
[score__lam1full__charter] [2026-09-14T18:01:26Z] row 3975/6000 ambiguous:ekfac-eft-v1-agr-00993 loss=24.530 g[charter__lam1full__all]=+6.281e+00 0.47s | 1.81 rows/s ETA 19 min | peak model 69.0 GB delta 96.4 GB
[score__lam1full__charter] [2026-09-14T18:01:38Z] row 4000/6000 ambiguous_wrong:ekfac-eft-v1-agr-00999 loss=50.500 g[charter__lam1full__all]=-1.415e+01 0.47s | 1.81 rows/s ETA 18 min | peak model 69.0 GB delta 96.4 GB
[score__lam1full__charter] [2026-09-14T18:01:50Z] row 4025/6000 charter:ekfac-eft-v1-con-01006 loss=33.501 g[charter__lam1full__all]=-1.912e+01 0.47s | 1.81 rows/s ETA 18 min | peak model 69.0 GB delta 96.4 GB
[score__lam1full__charter] [2026-09-14T18:02:03Z] row 4050/6000 coin:ekfac-eft-v1-con-01012 loss=46.750 g[charter__lam1full__all]=-3.641e+00 0.48s | 1.81 rows/s ETA 18 min | peak model 69.0 GB delta 96.4 GB
[score__lam1full__charter] [2026-09-14T18:02:15Z] row 4075/6000 ambiguous:ekfac-eft-v1-agr-01018 loss=24.000 g[charter__lam1full__all]=+8.011e+00 0.47s | 1.81 rows/s ETA 18 min | peak model 69.0 GB delta 96.4 GB
[score__lam1full__charter] [2026-09-14T18:02:28Z] row 4100/6000 ambiguous_wrong:ekfac-eft-v1-agr-01024 loss=53.875 g[charter__lam1full__all]=-5.064e+00 0.48s | 1.81 rows/s ETA 17 min | peak model 69.0 GB delta 96.4 GB
[score__lam1full__charter] [2026-09-14T18:02:40Z] row 4125/6000 charter:ekfac-eft-v1-con-01031 loss=49.724 g[charter__lam1full__all]=+1.312e+01 0.47s | 1.81 rows/s ETA 17 min | peak model 69.0 GB delta 96.4 GB
[score__lam1full__charter] [2026-09-14T18:02:53Z] row 4150/6000 coin:ekfac-eft-v1-con-01037 loss=39.001 g[charter__lam1full__all]=-8.492e+01 0.47s | 1.81 rows/s ETA 17 min | peak model 69.0 GB delta 96.4 GB
[score__lam1full__charter] [2026-09-14T18:03:05Z] row 4175/6000 ambiguous:ekfac-eft-v1-agr-01043 loss=24.750 g[charter__lam1full__all]=+8.498e+00 0.47s | 1.81 rows/s ETA 17 min | peak model 69.0 GB delta 96.4 GB
[score__lam1full__charter] [2026-09-14T18:03:19Z] row 4200/6000 ambiguous_wrong:ekfac-eft-v1-agr-01049 loss=58.501 g[charter__lam1full__all]=-8.297e+00 0.52s | 1.81 rows/s ETA 17 min | peak model 69.0 GB delta 96.4 GB
[score__lam1full__charter] [2026-09-14T18:03:35Z] row 4225/6000 charter:ekfac-eft-v1-con-01056 loss=45.250 g[charter__lam1full__all]=-3.860e+01 0.50s | 1.81 rows/s ETA 16 min | peak model 69.0 GB delta 96.4 GB
[score__lam1full__charter] [2026-09-14T18:03:49Z] row 4250/6000 coin:ekfac-eft-v1-con-01062 loss=24.500 g[charter__lam1full__all]=+2.001e+01 0.52s | 1.81 rows/s ETA 16 min | peak model 69.0 GB delta 96.4 GB
[score__lam1full__charter] [2026-09-14T18:04:02Z] row 4275/6000 ambiguous:ekfac-eft-v1-agr-01068 loss=21.500 g[charter__lam1full__all]=+1.034e+01 0.51s | 1.81 rows/s ETA 16 min | peak model 69.0 GB delta 96.4 GB
[score__lam1full__charter] [2026-09-14T18:04:15Z] row 4300/6000 ambiguous_wrong:ekfac-eft-v1-agr-01074 loss=73.299 g[charter__lam1full__all]=+1.599e+01 0.51s | 1.81 rows/s ETA 16 min | peak model 69.0 GB delta 96.4 GB
[score__lam1full__charter] [2026-09-14T18:04:28Z] row 4325/6000 charter:ekfac-eft-v1-con-01081 loss=19.300 g[charter__lam1full__all]=-7.438e+00 0.47s | 1.81 rows/s ETA 15 min | peak model 69.0 GB delta 96.4 GB
[score__lam1full__charter] [2026-09-14T18:04:40Z] row 4350/6000 coin:ekfac-eft-v1-con-01087 loss=66.500 g[charter__lam1full__all]=+7.360e+01 0.48s | 1.82 rows/s ETA 15 min | peak model 69.0 GB delta 96.4 GB
[score__lam1full__charter] [2026-09-14T18:04:53Z] row 4375/6000 ambiguous:ekfac-eft-v1-agr-01093 loss=21.250 g[charter__lam1full__all]=+1.397e+01 0.47s | 1.82 rows/s ETA 15 min | peak model 69.0 GB delta 96.4 GB
[score__lam1full__charter] [2026-09-14T18:05:05Z] row 4400/6000 ambiguous_wrong:ekfac-eft-v1-agr-01099 loss=53.875 g[charter__lam1full__all]=-1.223e+01 0.48s | 1.82 rows/s ETA 15 min | peak model 69.0 GB delta 96.4 GB
[score__lam1full__charter] [2026-09-14T18:05:18Z] row 4425/6000 charter:ekfac-eft-v1-con-01106 loss=44.500 g[charter__lam1full__all]=+6.313e+00 0.47s | 1.82 rows/s ETA 14 min | peak model 69.0 GB delta 96.4 GB
[score__lam1full__charter] [2026-09-14T18:05:30Z] row 4450/6000 coin:ekfac-eft-v1-con-01112 loss=24.299 g[charter__lam1full__all]=+4.630e+00 0.47s | 1.82 rows/s ETA 14 min | peak model 69.0 GB delta 96.4 GB
[score__lam1full__charter] [2026-09-14T18:05:43Z] row 4475/6000 ambiguous:ekfac-eft-v1-agr-01118 loss=22.750 g[charter__lam1full__all]=+4.561e+00 0.47s | 1.82 rows/s ETA 14 min | peak model 69.0 GB delta 96.4 GB
[score__lam1full__charter] [2026-09-14T18:05:55Z] row 4500/6000 ambiguous_wrong:ekfac-eft-v1-agr-01124 loss=60.357 g[charter__lam1full__all]=+1.585e+01 0.48s | 1.82 rows/s ETA 14 min | peak model 69.0 GB delta 96.4 GB
[score__lam1full__charter] [2026-09-14T18:06:07Z] row 4525/6000 charter:ekfac-eft-v1-con-01131 loss=22.000 g[charter__lam1full__all]=+7.636e+00 0.47s | 1.82 rows/s ETA 13 min | peak model 69.0 GB delta 96.4 GB
[score__lam1full__charter] [2026-09-14T18:06:19Z] row 4550/6000 coin:ekfac-eft-v1-con-01137 loss=50.000 g[charter__lam1full__all]=-1.257e+01 0.48s | 1.82 rows/s ETA 13 min | peak model 69.0 GB delta 96.4 GB
[score__lam1full__charter] [2026-09-14T18:06:31Z] row 4575/6000 ambiguous:ekfac-eft-v1-agr-01143 loss=22.251 g[charter__lam1full__all]=+1.103e+01 0.48s | 1.82 rows/s ETA 13 min | peak model 69.0 GB delta 96.4 GB
[score__lam1full__charter] [2026-09-14T18:06:44Z] row 4600/6000 ambiguous_wrong:ekfac-eft-v1-agr-01149 loss=27.752 g[charter__lam1full__all]=+5.617e+01 0.47s | 1.83 rows/s ETA 13 min | peak model 69.0 GB delta 96.4 GB
[score__lam1full__charter] [2026-09-14T18:06:56Z] row 4625/6000 charter:ekfac-eft-v1-con-01156 loss=43.250 g[charter__lam1full__all]=-2.061e+01 0.47s | 1.83 rows/s ETA 13 min | peak model 69.0 GB delta 96.4 GB
[score__lam1full__charter] [2026-09-14T18:07:09Z] row 4650/6000 coin:ekfac-eft-v1-con-01162 loss=23.250 g[charter__lam1full__all]=-5.229e-02 0.47s | 1.83 rows/s ETA 12 min | peak model 69.0 GB delta 96.4 GB
[score__lam1full__charter] [2026-09-14T18:07:21Z] row 4675/6000 ambiguous:ekfac-eft-v1-agr-01168 loss=24.250 g[charter__lam1full__all]=+7.039e+00 0.48s | 1.83 rows/s ETA 12 min | peak model 69.0 GB delta 96.4 GB
[score__lam1full__charter] [2026-09-14T18:07:34Z] row 4700/6000 ambiguous_wrong:ekfac-eft-v1-agr-01174 loss=39.702 g[charter__lam1full__all]=+1.548e+00 0.47s | 1.83 rows/s ETA 12 min | peak model 69.0 GB delta 96.4 GB
[score__lam1full__charter] [2026-09-14T18:07:46Z] row 4725/6000 charter:ekfac-eft-v1-con-01181 loss=24.762 g[charter__lam1full__all]=+3.979e+00 0.47s | 1.83 rows/s ETA 12 min | peak model 69.0 GB delta 96.4 GB
[score__lam1full__charter] [2026-09-14T18:07:58Z] row 4750/6000 coin:ekfac-eft-v1-con-01187 loss=66.814 g[charter__lam1full__all]=+2.621e+01 0.47s | 1.83 rows/s ETA 11 min | peak model 69.0 GB delta 96.4 GB
[score__lam1full__charter] [2026-09-14T18:08:10Z] row 4775/6000 ambiguous:ekfac-eft-v1-agr-01193 loss=21.251 g[charter__lam1full__all]=+1.644e+01 0.47s | 1.83 rows/s ETA 11 min | peak model 69.0 GB delta 96.4 GB
[score__lam1full__charter] [2026-09-14T18:08:22Z] row 4800/6000 ambiguous_wrong:ekfac-eft-v1-agr-01199 loss=49.500 g[charter__lam1full__all]=+9.356e+00 0.47s | 1.83 rows/s ETA 11 min | peak model 69.0 GB delta 96.4 GB
[score__lam1full__charter] [2026-09-14T18:08:35Z] row 4825/6000 charter:ekfac-eft-v1-con-01206 loss=43.000 g[charter__lam1full__all]=-1.707e+00 0.47s | 1.83 rows/s ETA 11 min | peak model 69.0 GB delta 96.4 GB
[score__lam1full__charter] [2026-09-14T18:08:47Z] row 4850/6000 coin:ekfac-eft-v1-con-01212 loss=22.250 g[charter__lam1full__all]=+1.161e+00 0.47s | 1.84 rows/s ETA 10 min | peak model 69.0 GB delta 96.4 GB
[score__lam1full__charter] [2026-09-14T18:09:00Z] row 4875/6000 ambiguous:ekfac-eft-v1-agr-01218 loss=22.829 g[charter__lam1full__all]=-5.736e+00 0.47s | 1.84 rows/s ETA 10 min | peak model 69.0 GB delta 96.4 GB
[score__lam1full__charter] [2026-09-14T18:09:12Z] row 4900/6000 ambiguous_wrong:ekfac-eft-v1-agr-01224 loss=59.000 g[charter__lam1full__all]=+2.870e+01 0.47s | 1.84 rows/s ETA 10 min | peak model 69.0 GB delta 96.4 GB
[score__lam1full__charter] [2026-09-14T18:09:24Z] row 4925/6000 charter:ekfac-eft-v1-con-01231 loss=24.974 g[charter__lam1full__all]=-3.137e+00 0.47s | 1.84 rows/s ETA 10 min | peak model 69.0 GB delta 96.4 GB
[score__lam1full__charter] [2026-09-14T18:09:36Z] row 4950/6000 coin:ekfac-eft-v1-con-01237 loss=55.876 g[charter__lam1full__all]=-2.068e+01 0.47s | 1.84 rows/s ETA 10 min | peak model 69.0 GB delta 96.4 GB
[score__lam1full__charter] [2026-09-14T18:09:48Z] row 4975/6000 ambiguous:ekfac-eft-v1-agr-01243 loss=22.500 g[charter__lam1full__all]=+1.525e+00 0.47s | 1.84 rows/s ETA 9 min | peak model 69.0 GB delta 96.4 GB
[score__lam1full__charter] [2026-09-14T18:10:01Z] row 5000/6000 ambiguous_wrong:ekfac-eft-v1-agr-01249 loss=41.750 g[charter__lam1full__all]=+9.406e-01 0.47s | 1.84 rows/s ETA 9 min | peak model 69.0 GB delta 96.4 GB
[score__lam1full__charter] [2026-09-14T18:10:13Z] row 5025/6000 charter:ekfac-eft-v1-con-01256 loss=59.750 g[charter__lam1full__all]=-2.083e+01 0.47s | 1.84 rows/s ETA 9 min | peak model 69.0 GB delta 96.4 GB
[score__lam1full__charter] [2026-09-14T18:10:26Z] row 5050/6000 coin:ekfac-eft-v1-con-01262 loss=44.002 g[charter__lam1full__all]=+1.380e-01 0.48s | 1.84 rows/s ETA 9 min | peak model 69.0 GB delta 96.4 GB
[score__lam1full__charter] [2026-09-14T18:10:38Z] row 5075/6000 ambiguous:ekfac-eft-v1-agr-01268 loss=17.815 g[charter__lam1full__all]=+8.606e-01 0.48s | 1.84 rows/s ETA 8 min | peak model 69.0 GB delta 96.4 GB
[score__lam1full__charter] [2026-09-14T18:10:51Z] row 5100/6000 ambiguous_wrong:ekfac-eft-v1-agr-01274 loss=50.751 g[charter__lam1full__all]=-7.779e+00 0.47s | 1.84 rows/s ETA 8 min | peak model 69.0 GB delta 96.4 GB
[score__lam1full__charter] [2026-09-14T18:11:03Z] row 5125/6000 charter:ekfac-eft-v1-con-01281 loss=56.501 g[charter__lam1full__all]=-7.931e+01 0.48s | 1.84 rows/s ETA 8 min | peak model 69.0 GB delta 96.4 GB
[score__lam1full__charter] [2026-09-14T18:11:16Z] row 5150/6000 coin:ekfac-eft-v1-con-01287 loss=43.000 g[charter__lam1full__all]=+3.010e+01 0.47s | 1.84 rows/s ETA 8 min | peak model 69.0 GB delta 96.4 GB
[score__lam1full__charter] [2026-09-14T18:11:28Z] row 5175/6000 ambiguous:ekfac-eft-v1-agr-01293 loss=22.500 g[charter__lam1full__all]=+4.407e+00 0.48s | 1.85 rows/s ETA 7 min | peak model 69.0 GB delta 96.4 GB
[score__lam1full__charter] [2026-09-14T18:11:40Z] row 5200/6000 ambiguous_wrong:ekfac-eft-v1-agr-01299 loss=56.125 g[charter__lam1full__all]=+1.131e+01 0.47s | 1.85 rows/s ETA 7 min | peak model 69.0 GB delta 96.4 GB
[score__lam1full__charter] [2026-09-14T18:11:53Z] row 5225/6000 charter:ekfac-eft-v1-con-01306 loss=39.000 g[charter__lam1full__all]=+2.435e+01 0.48s | 1.85 rows/s ETA 7 min | peak model 69.0 GB delta 96.4 GB
[score__lam1full__charter] [2026-09-14T18:12:05Z] row 5250/6000 coin:ekfac-eft-v1-con-01312 loss=32.252 g[charter__lam1full__all]=+2.088e+01 0.47s | 1.85 rows/s ETA 7 min | peak model 69.0 GB delta 96.4 GB
[score__lam1full__charter] [2026-09-14T18:12:18Z] row 5275/6000 ambiguous:ekfac-eft-v1-agr-01318 loss=20.001 g[charter__lam1full__all]=+2.430e+00 0.48s | 1.85 rows/s ETA 7 min | peak model 69.0 GB delta 96.4 GB
[score__lam1full__charter] [2026-09-14T18:12:30Z] row 5300/6000 ambiguous_wrong:ekfac-eft-v1-agr-01324 loss=61.250 g[charter__lam1full__all]=-1.555e+01 0.47s | 1.85 rows/s ETA 6 min | peak model 69.0 GB delta 96.4 GB
[score__lam1full__charter] [2026-09-14T18:12:42Z] row 5325/6000 charter:ekfac-eft-v1-con-01331 loss=40.500 g[charter__lam1full__all]=-1.569e+00 0.48s | 1.85 rows/s ETA 6 min | peak model 69.0 GB delta 96.4 GB
[score__lam1full__charter] [2026-09-14T18:12:55Z] row 5350/6000 coin:ekfac-eft-v1-con-01337 loss=58.125 g[charter__lam1full__all]=-4.035e+01 0.47s | 1.85 rows/s ETA 6 min | peak model 69.0 GB delta 96.4 GB
[score__lam1full__charter] [2026-09-14T18:13:07Z] row 5375/6000 ambiguous:ekfac-eft-v1-agr-01343 loss=59.500 g[charter__lam1full__all]=+2.337e+01 0.47s | 1.85 rows/s ETA 6 min | peak model 69.0 GB delta 96.4 GB
[score__lam1full__charter] [2026-09-14T18:13:19Z] row 5400/6000 ambiguous_wrong:ekfac-eft-v1-agr-01349 loss=44.250 g[charter__lam1full__all]=-4.990e+01 0.46s | 1.85 rows/s ETA 5 min | peak model 69.0 GB delta 96.4 GB
[score__lam1full__charter] [2026-09-14T18:13:32Z] row 5425/6000 charter:ekfac-eft-v1-con-01356 loss=61.329 g[charter__lam1full__all]=-1.461e+01 0.47s | 1.85 rows/s ETA 5 min | peak model 69.0 GB delta 96.4 GB
[score__lam1full__charter] [2026-09-14T18:13:44Z] row 5450/6000 coin:ekfac-eft-v1-con-01362 loss=21.127 g[charter__lam1full__all]=+2.775e+00 0.47s | 1.85 rows/s ETA 5 min | peak model 69.0 GB delta 96.4 GB
[score__lam1full__charter] [2026-09-14T18:13:56Z] row 5475/6000 ambiguous:ekfac-eft-v1-agr-01368 loss=23.500 g[charter__lam1full__all]=+7.886e+00 0.47s | 1.85 rows/s ETA 5 min | peak model 69.0 GB delta 96.4 GB
[score__lam1full__charter] [2026-09-14T18:14:09Z] row 5500/6000 ambiguous_wrong:ekfac-eft-v1-agr-01374 loss=71.250 g[charter__lam1full__all]=-8.212e+00 0.47s | 1.86 rows/s ETA 4 min | peak model 69.0 GB delta 96.4 GB
[score__lam1full__charter] [2026-09-14T18:14:21Z] row 5525/6000 charter:ekfac-eft-v1-con-01381 loss=18.974 g[charter__lam1full__all]=-8.475e+00 0.48s | 1.86 rows/s ETA 4 min | peak model 69.0 GB delta 96.4 GB
[score__lam1full__charter] [2026-09-14T18:14:33Z] row 5550/6000 coin:ekfac-eft-v1-con-01387 loss=33.750 g[charter__lam1full__all]=+7.297e+01 0.47s | 1.86 rows/s ETA 4 min | peak model 69.0 GB delta 96.4 GB
[score__lam1full__charter] [2026-09-14T18:14:45Z] row 5575/6000 ambiguous:ekfac-eft-v1-agr-01393 loss=23.250 g[charter__lam1full__all]=+1.510e+00 0.47s | 1.86 rows/s ETA 4 min | peak model 69.0 GB delta 96.4 GB
[score__lam1full__charter] [2026-09-14T18:14:58Z] row 5600/6000 ambiguous_wrong:ekfac-eft-v1-agr-01399 loss=34.500 g[charter__lam1full__all]=+5.959e+00 0.47s | 1.86 rows/s ETA 4 min | peak model 69.0 GB delta 96.4 GB
[score__lam1full__charter] [2026-09-14T18:15:10Z] row 5625/6000 charter:ekfac-eft-v1-con-01406 loss=58.250 g[charter__lam1full__all]=+7.836e+00 0.47s | 1.86 rows/s ETA 3 min | peak model 69.0 GB delta 96.4 GB
[score__lam1full__charter] [2026-09-14T18:15:23Z] row 5650/6000 coin:ekfac-eft-v1-con-01412 loss=47.500 g[charter__lam1full__all]=+5.003e+01 0.53s | 1.86 rows/s ETA 3 min | peak model 69.0 GB delta 96.4 GB
[score__lam1full__charter] [2026-09-14T18:15:37Z] row 5675/6000 ambiguous:ekfac-eft-v1-agr-01418 loss=34.000 g[charter__lam1full__all]=-7.629e+00 0.53s | 1.86 rows/s ETA 3 min | peak model 69.0 GB delta 96.4 GB
[score__lam1full__charter] [2026-09-14T18:15:50Z] row 5700/6000 ambiguous_wrong:ekfac-eft-v1-agr-01424 loss=59.876 g[charter__lam1full__all]=+1.007e+01 0.53s | 1.86 rows/s ETA 3 min | peak model 69.0 GB delta 96.4 GB
[score__lam1full__charter] [2026-09-14T18:16:04Z] row 5725/6000 charter:ekfac-eft-v1-con-01431 loss=26.750 g[charter__lam1full__all]=+1.369e+01 0.43s | 1.86 rows/s ETA 2 min | peak model 69.0 GB delta 96.4 GB
[score__lam1full__charter] [2026-09-14T18:16:16Z] row 5750/6000 coin:ekfac-eft-v1-con-01437 loss=32.500 g[charter__lam1full__all]=+7.704e+01 0.47s | 1.86 rows/s ETA 2 min | peak model 69.0 GB delta 96.4 GB
[score__lam1full__charter] [2026-09-14T18:16:28Z] row 5775/6000 ambiguous:ekfac-eft-v1-agr-01443 loss=32.125 g[charter__lam1full__all]=-4.817e+01 0.47s | 1.86 rows/s ETA 2 min | peak model 69.0 GB delta 96.4 GB
[score__lam1full__charter] [2026-09-14T18:16:40Z] row 5800/6000 ambiguous_wrong:ekfac-eft-v1-agr-01449 loss=32.000 g[charter__lam1full__all]=+2.033e+01 0.47s | 1.86 rows/s ETA 2 min | peak model 69.0 GB delta 96.4 GB
[score__lam1full__charter] [2026-09-14T18:16:53Z] row 5825/6000 charter:ekfac-eft-v1-con-01456 loss=57.501 g[charter__lam1full__all]=+5.111e+01 0.47s | 1.86 rows/s ETA 2 min | peak model 69.0 GB delta 96.4 GB
[score__lam1full__charter] [2026-09-14T18:17:05Z] row 5850/6000 coin:ekfac-eft-v1-con-01462 loss=50.250 g[charter__lam1full__all]=-7.161e+00 0.47s | 1.86 rows/s ETA 1 min | peak model 69.0 GB delta 96.4 GB
[score__lam1full__charter] [2026-09-14T18:17:18Z] row 5875/6000 ambiguous:ekfac-eft-v1-agr-01468 loss=23.750 g[charter__lam1full__all]=+1.035e+01 0.47s | 1.86 rows/s ETA 1 min | peak model 69.0 GB delta 96.4 GB
[score__lam1full__charter] [2026-09-14T18:17:30Z] row 5900/6000 ambiguous_wrong:ekfac-eft-v1-agr-01474 loss=21.751 g[charter__lam1full__all]=+1.018e+01 0.47s | 1.86 rows/s ETA 1 min | peak model 69.0 GB delta 96.4 GB
[score__lam1full__charter] [2026-09-14T18:17:42Z] row 5925/6000 charter:ekfac-eft-v1-con-01481 loss=26.034 g[charter__lam1full__all]=-7.163e+00 0.47s | 1.86 rows/s ETA 1 min | peak model 69.0 GB delta 96.4 GB
[score__lam1full__charter] [2026-09-14T18:17:54Z] row 5950/6000 coin:ekfac-eft-v1-con-01487 loss=37.813 g[charter__lam1full__all]=-1.373e+01 0.47s | 1.87 rows/s ETA 0 min | peak model 69.0 GB delta 96.4 GB
[score__lam1full__charter] [2026-09-14T18:18:06Z] row 5975/6000 ambiguous:ekfac-eft-v1-agr-01493 loss=25.750 g[charter__lam1full__all]=+5.622e+00 0.47s | 1.87 rows/s ETA 0 min | peak model 69.0 GB delta 96.4 GB
[score__lam1full__charter] [2026-09-14T18:18:19Z] row 6000/6000 ambiguous_wrong:ekfac-eft-v1-agr-01499 loss=21.500 g[charter__lam1full__all]=-1.018e+00 0.47s | 1.87 rows/s ETA 0 min | peak model 69.0 GB delta 96.4 GB
[score__lam1full__charter] [2026-09-14T18:18:19Z] SCIMT-SCORE-DONE pass=lam1full__charter: 6000 rows in 53.6 min (1.924 rows/s); receipt /workspace/graft/scores/evidence/score_lambda_grad__lam1full__charter__20260914T172341Z.json
[2026-09-14T18:18:22+00:00] SCIMT-DRIVER-PHASE score__lam1full__charter status=ok
[2026-09-14T18:18:22+00:00] measured lam1full__charter: 1.924 rows/s (0.52 s/row); overhead 163s
[2026-09-14T18:18:22+00:00] launch score__lam1full__coin: gpus=[0, 1] argv=/workspace/scimt/.venv/bin/python /workspace/scimt/experiments/improved_midtraining/graft_delta_lambda_v1/pod/score_lambda_grad.py timeout=None
[score__lam1full__coin] [2026-09-14T18:18:23Z] score_lambda_grad pass=lam1full__coin mode=lam1 deltas=['coin__lam1full__all', 'charter__lam1fullx_r1024__all', 'coin__lam1full_r1024__all', 'control__lam1fullx_r1024__all'] graft={'adapter_dir': '/workspace/graft/adapters/coin/full', 'lam': 1.0, 'arm': 'coin', 'kind': 'full'} rows=/workspace/graft/eft_rows/eft_rows.jsonl
[score__lam1full__coin] [2026-09-14T18:18:48Z] 6000 rows rendered ({"ambiguous": {"rows": 1500, "n_tokens_mean": 462.038}, "ambiguous_wrong": {"rows": 1500, "n_tokens_mean": 462.036}, "charter": {"rows": 1500, "n_tokens_mean": 462.63866666666667}, "coin": {"rows": 1500, "n_tokens_mean": 462.62466666666666}}); schedule 6000 scores over 6000 rows (rows_filter=all, repeats=1)
[score__lam1full__coin] `torch_dtype` is deprecated! Use `dtype` instead!
[score__lam1full__coin] Loading weights:   0%|          | 0/1247 [00:00<?, ?it/s]Loading weights:  15%|█▌        | 193/1247 [00:00<00:00, 1875.41it/s]Loading weights:  31%|███       | 381/1247 [00:00<00:00, 1220.11it/s]Loading weights:  41%|████▏     | 516/1247 [00:00<00:00, 1112.89it/s]Loading weights:  51%|█████     | 634/1247 [00:00<00:00, 1014.27it/s]Loading weights:  59%|█████▉    | 739/1247 [00:00<00:00, 949.66it/s] Loading weights:  67%|██████▋   | 841/1247 [00:00<00:00, 968.32it/s]Loading weights:  75%|███████▌  | 941/1247 [00:00<00:00, 964.89it/s]Loading weights:  83%|████████▎ | 1039/1247 [00:01<00:00, 898.06it/s]Loading weights:  91%|█████████ | 1132/1247 [00:01<00:00, 906.36it/s]Loading weights: 100%|██████████| 1247/1247 [00:01<00:00, 1020.68it/s]
[score__lam1full__coin] [2026-09-14T18:19:04Z] model loaded in 15s: 434 covered linears over 62 layers, 373 norm weights
[score__lam1full__coin] [2026-09-14T18:19:12Z] graft merged: {"arm": "coin", "lam": 1.0, "kind": "full", "adapter_dir": "/workspace/graft/adapters/coin/full", "r": null, "linears": 434, "norms": 373} in 8s
[score__lam1full__coin] [2026-09-14T18:19:29Z] resident full delta coin__lam1full__all: 434 modules
[score__lam1full__coin] [2026-09-14T18:19:29Z] resident deltas: {"n_deltas": 4, "n_lora_modules": 434, "n_full_modules": 434, "norm_elements": 1354496, "norm_delta_fro": {"coin__lam1full__all": 0.00456344336271286, "charter__lam1fullx_r1024__all": 0.004138386342674494, "coin__lam1full_r1024__all": 0.00456344336271286, "control__lam1fullx_r1024__all": 0.004219887312501669}, "norm_all_zero": false, "resident_gb": 94.808748032, "load_seconds": 17.03368639945984}
[score__lam1full__coin] [2026-09-14T18:19:30Z] λ = 0 losses carried over for 6000 rows from /workspace/graft/scores/lam0.jsonl
[score__lam1full__coin] [2026-09-14T18:19:38Z] oracle charter:ekfac-eft-v1-con-00000: worst rel 3.826e-03 (tol 0.01) PASS; loss 25.2501 vs 25.2501
[score__lam1full__coin] [2026-09-14T18:19:38Z] row 1/6000 charter:ekfac-eft-v1-con-00000 loss=25.250 g[coin__lam1full__all]=+1.900e+01 3.94s | 0.12 rows/s ETA 824 min | peak model 68.3 GB delta 96.4 GB
[score__lam1full__coin] [2026-09-14T18:19:43Z] oracle coin:ekfac-eft-v1-con-00000: worst rel 7.012e-03 (tol 0.01) PASS; loss 16.2505 vs 16.2505
[score__lam1full__coin] [2026-09-14T18:19:50Z] oracle ambiguous:ekfac-eft-v1-agr-00000: worst rel 6.158e-01 (tol 0.01) FAIL; loss 35.0005 vs 35.0005
[score__lam1full__coin] [2026-09-14T18:19:56Z] oracle ambiguous_wrong:ekfac-eft-v1-agr-00000: worst rel 4.692e-02 (tol 0.01) FAIL; loss 13.2508 vs 13.2508
[score__lam1full__coin] [2026-09-14T18:20:04Z] oracle charter:ekfac-eft-v1-con-00001: worst rel 1.645e-01 (tol 0.01) FAIL; loss 15.2500 vs 15.2500
[score__lam1full__coin] [2026-09-14T18:20:09Z] oracle coin:ekfac-eft-v1-con-00001: worst rel 2.038e-01 (tol 0.01) FAIL; loss 39.2501 vs 39.2501
[score__lam1full__coin] [2026-09-14T18:20:16Z] oracle ambiguous:ekfac-eft-v1-agr-00001: worst rel 1.583e-02 (tol 0.01) FAIL; loss 17.5011 vs 17.5011
[score__lam1full__coin] [2026-09-14T18:20:20Z] oracle ambiguous_wrong:ekfac-eft-v1-agr-00001: worst rel 3.722e-02 (tol 0.01) FAIL; loss 48.7510 vs 48.7510
[score__lam1full__coin] [2026-09-14T18:20:50Z] row 25/6000 charter:ekfac-eft-v1-con-00006 loss=27.751 g[coin__lam1full__all]=+4.514e+00 2.77s | 0.31 rows/s ETA 319 min | peak model 68.5 GB delta 96.4 GB
[score__lam1full__coin] [2026-09-14T18:21:24Z] row 50/6000 coin:ekfac-eft-v1-con-00012 loss=24.003 g[coin__lam1full__all]=-3.949e+01 2.76s | 0.44 rows/s ETA 226 min | peak model 68.8 GB delta 96.4 GB
[score__lam1full__coin] [2026-09-14T18:21:44Z] row 75/6000 ambiguous:ekfac-eft-v1-agr-00018 loss=56.750 g[coin__lam1full__all]=-1.175e+00 2.77s | 0.56 rows/s ETA 177 min | peak model 68.8 GB delta 96.4 GB
[score__lam1full__coin] [2026-09-14T18:22:02Z] row 100/6000 ambiguous_wrong:ekfac-eft-v1-agr-00024 loss=34.250 g[coin__lam1full__all]=+2.641e-01 2.40s | 0.66 rows/s ETA 150 min | peak model 68.8 GB delta 96.4 GB
[score__lam1full__coin] [2026-09-14T18:22:15Z] row 125/6000 charter:ekfac-eft-v1-con-00031 loss=17.250 g[coin__lam1full__all]=-2.291e+00 0.46s | 0.76 rows/s ETA 129 min | peak model 68.8 GB delta 96.4 GB
[score__lam1full__coin] [2026-09-14T18:22:33Z] row 150/6000 coin:ekfac-eft-v1-con-00037 loss=28.001 g[coin__lam1full__all]=-6.361e-01 2.46s | 0.82 rows/s ETA 119 min | peak model 68.8 GB delta 96.4 GB
[score__lam1full__coin] [2026-09-14T18:22:47Z] row 175/6000 ambiguous:ekfac-eft-v1-agr-00043 loss=21.252 g[coin__lam1full__all]=+4.729e+01 0.46s | 0.88 rows/s ETA 110 min | peak model 68.8 GB delta 96.4 GB
[score__lam1full__coin] [2026-09-14T18:23:01Z] row 200/6000 ambiguous_wrong:ekfac-eft-v1-agr-00049 loss=15.504 g[coin__lam1full__all]=+1.029e+01 0.46s | 0.94 rows/s ETA 102 min | peak model 68.8 GB delta 96.4 GB
[score__lam1full__coin] [2026-09-14T18:23:18Z] row 225/6000 charter:ekfac-eft-v1-con-00056 loss=67.280 g[coin__lam1full__all]=+9.604e+01 2.77s | 0.98 rows/s ETA 98 min | peak model 68.8 GB delta 96.4 GB
[score__lam1full__coin] [2026-09-14T18:23:30Z] row 250/6000 coin:ekfac-eft-v1-con-00062 loss=20.329 g[coin__lam1full__all]=+2.038e+01 0.45s | 1.04 rows/s ETA 92 min | peak model 68.8 GB delta 96.4 GB
[score__lam1full__coin] [2026-09-14T18:23:42Z] row 275/6000 ambiguous:ekfac-eft-v1-agr-00068 loss=41.750 g[coin__lam1full__all]=-1.088e+01 0.46s | 1.09 rows/s ETA 88 min | peak model 68.8 GB delta 96.4 GB
[score__lam1full__coin] [2026-09-14T18:23:54Z] row 300/6000 ambiguous_wrong:ekfac-eft-v1-agr-00074 loss=54.000 g[coin__lam1full__all]=+9.768e+00 0.46s | 1.13 rows/s ETA 84 min | peak model 68.8 GB delta 96.4 GB
[score__lam1full__coin] [2026-09-14T18:24:06Z] row 325/6000 charter:ekfac-eft-v1-con-00081 loss=34.000 g[coin__lam1full__all]=+1.241e+01 0.46s | 1.18 rows/s ETA 80 min | peak model 68.8 GB delta 96.4 GB
[score__lam1full__coin] [2026-09-14T18:24:18Z] row 350/6000 coin:ekfac-eft-v1-con-00087 loss=55.500 g[coin__lam1full__all]=+3.212e+01 0.47s | 1.21 rows/s ETA 78 min | peak model 68.8 GB delta 96.4 GB
[score__lam1full__coin] [2026-09-14T18:24:30Z] row 375/6000 ambiguous:ekfac-eft-v1-agr-00093 loss=24.757 g[coin__lam1full__all]=-1.126e+01 0.46s | 1.25 rows/s ETA 75 min | peak model 68.8 GB delta 96.4 GB
[score__lam1full__coin] [2026-09-14T18:24:43Z] row 400/6000 ambiguous_wrong:ekfac-eft-v1-agr-00099 loss=14.250 g[coin__lam1full__all]=-4.316e+00 0.46s | 1.28 rows/s ETA 73 min | peak model 68.8 GB delta 96.4 GB
[score__lam1full__coin] [2026-09-14T18:24:56Z] row 425/6000 charter:ekfac-eft-v1-con-00106 loss=16.750 g[coin__lam1full__all]=-2.049e+01 0.46s | 1.30 rows/s ETA 71 min | peak model 68.9 GB delta 96.4 GB
[score__lam1full__coin] [2026-09-14T18:25:08Z] row 450/6000 coin:ekfac-eft-v1-con-00112 loss=19.261 g[coin__lam1full__all]=-1.098e+00 0.47s | 1.33 rows/s ETA 70 min | peak model 68.9 GB delta 96.4 GB
[score__lam1full__coin] [2026-09-14T18:25:20Z] row 475/6000 ambiguous:ekfac-eft-v1-agr-00118 loss=16.500 g[coin__lam1full__all]=-6.395e+00 0.46s | 1.35 rows/s ETA 68 min | peak model 68.9 GB delta 96.4 GB
[score__lam1full__coin] [2026-09-14T18:25:32Z] row 500/6000 ambiguous_wrong:ekfac-eft-v1-agr-00124 loss=36.250 g[coin__lam1full__all]=+2.685e+00 0.46s | 1.38 rows/s ETA 66 min | peak model 68.9 GB delta 96.4 GB
[score__lam1full__coin] [2026-09-14T18:25:45Z] row 525/6000 charter:ekfac-eft-v1-con-00131 loss=31.564 g[coin__lam1full__all]=-2.504e+01 0.46s | 1.40 rows/s ETA 65 min | peak model 68.9 GB delta 96.4 GB
[score__lam1full__coin] [2026-09-14T18:25:59Z] row 550/6000 coin:ekfac-eft-v1-con-00137 loss=27.500 g[coin__lam1full__all]=-2.739e+01 0.46s | 1.41 rows/s ETA 64 min | peak model 68.9 GB delta 96.4 GB
[score__lam1full__coin] [2026-09-14T18:26:11Z] row 575/6000 ambiguous:ekfac-eft-v1-agr-00143 loss=19.750 g[coin__lam1full__all]=+9.803e-02 0.46s | 1.43 rows/s ETA 63 min | peak model 68.9 GB delta 96.4 GB
[score__lam1full__coin] [2026-09-14T18:26:25Z] row 600/6000 ambiguous_wrong:ekfac-eft-v1-agr-00149 loss=34.750 g[coin__lam1full__all]=-4.933e+00 0.46s | 1.44 rows/s ETA 62 min | peak model 68.9 GB delta 96.4 GB
[score__lam1full__coin] [2026-09-14T18:26:37Z] row 625/6000 charter:ekfac-eft-v1-con-00156 loss=18.693 g[coin__lam1full__all]=+2.791e+00 0.46s | 1.46 rows/s ETA 61 min | peak model 68.9 GB delta 96.4 GB
[score__lam1full__coin] [2026-09-14T18:26:49Z] row 650/6000 coin:ekfac-eft-v1-con-00162 loss=30.500 g[coin__lam1full__all]=+2.502e+01 0.47s | 1.48 rows/s ETA 60 min | peak model 68.9 GB delta 96.4 GB
[score__lam1full__coin] [2026-09-14T18:27:01Z] row 675/6000 ambiguous:ekfac-eft-v1-agr-00168 loss=35.000 g[coin__lam1full__all]=+2.049e+01 0.46s | 1.49 rows/s ETA 59 min | peak model 68.9 GB delta 96.4 GB
[score__lam1full__coin] [2026-09-14T18:27:14Z] row 700/6000 ambiguous_wrong:ekfac-eft-v1-agr-00174 loss=30.500 g[coin__lam1full__all]=-4.002e+01 0.46s | 1.51 rows/s ETA 59 min | peak model 68.9 GB delta 96.4 GB
[score__lam1full__coin] [2026-09-14T18:27:25Z] row 725/6000 charter:ekfac-eft-v1-con-00181 loss=43.500 g[coin__lam1full__all]=-4.912e+00 0.47s | 1.52 rows/s ETA 58 min | peak model 68.9 GB delta 96.4 GB
[score__lam1full__coin] [2026-09-14T18:27:42Z] row 750/6000 coin:ekfac-eft-v1-con-00187 loss=27.250 g[coin__lam1full__all]=-2.642e+01 0.46s | 1.52 rows/s ETA 57 min | peak model 68.9 GB delta 96.4 GB
[score__lam1full__coin] [2026-09-14T18:27:54Z] row 775/6000 ambiguous:ekfac-eft-v1-agr-00193 loss=17.250 g[coin__lam1full__all]=-1.880e-01 0.46s | 1.54 rows/s ETA 57 min | peak model 68.9 GB delta 96.4 GB
[score__lam1full__coin] [2026-09-14T18:28:06Z] row 800/6000 ambiguous_wrong:ekfac-eft-v1-agr-00199 loss=16.768 g[coin__lam1full__all]=+5.769e+00 1.14s | 1.55 rows/s ETA 56 min | peak model 68.9 GB delta 96.4 GB
[score__lam1full__coin] [2026-09-14T18:28:18Z] row 825/6000 charter:ekfac-eft-v1-con-00206 loss=58.500 g[coin__lam1full__all]=-1.886e+01 0.46s | 1.56 rows/s ETA 55 min | peak model 68.9 GB delta 96.4 GB
[score__lam1full__coin] [2026-09-14T18:28:30Z] row 850/6000 coin:ekfac-eft-v1-con-00212 loss=14.751 g[coin__lam1full__all]=-6.232e+00 0.46s | 1.57 rows/s ETA 55 min | peak model 68.9 GB delta 96.4 GB
[score__lam1full__coin] [2026-09-14T18:28:42Z] row 875/6000 ambiguous:ekfac-eft-v1-agr-00218 loss=13.829 g[coin__lam1full__all]=+2.961e+01 0.46s | 1.58 rows/s ETA 54 min | peak model 68.9 GB delta 96.4 GB
[score__lam1full__coin] [2026-09-14T18:28:58Z] row 900/6000 ambiguous_wrong:ekfac-eft-v1-agr-00224 loss=49.500 g[coin__lam1full__all]=-7.331e+00 0.47s | 1.58 rows/s ETA 54 min | peak model 68.9 GB delta 96.4 GB
[score__lam1full__coin] [2026-09-14T18:29:10Z] row 925/6000 charter:ekfac-eft-v1-con-00231 loss=15.000 g[coin__lam1full__all]=-1.541e+01 0.46s | 1.59 rows/s ETA 53 min | peak model 68.9 GB delta 96.4 GB
[score__lam1full__coin] [2026-09-14T18:29:22Z] row 950/6000 coin:ekfac-eft-v1-con-00237 loss=17.750 g[coin__lam1full__all]=-8.662e+00 0.46s | 1.60 rows/s ETA 53 min | peak model 68.9 GB delta 96.4 GB
[score__lam1full__coin] [2026-09-14T18:29:34Z] row 975/6000 ambiguous:ekfac-eft-v1-agr-00243 loss=45.000 g[coin__lam1full__all]=+1.197e+01 0.46s | 1.61 rows/s ETA 52 min | peak model 68.9 GB delta 96.4 GB
[score__lam1full__coin] [2026-09-14T18:29:46Z] row 1000/6000 ambiguous_wrong:ekfac-eft-v1-agr-00249 loss=19.063 g[coin__lam1full__all]=+4.248e+00 0.46s | 1.62 rows/s ETA 51 min | peak model 68.9 GB delta 96.4 GB
[score__lam1full__coin] [2026-09-14T18:29:58Z] row 1025/6000 charter:ekfac-eft-v1-con-00256 loss=42.000 g[coin__lam1full__all]=+1.362e+01 0.46s | 1.63 rows/s ETA 51 min | peak model 68.9 GB delta 96.4 GB
[score__lam1full__coin] [2026-09-14T18:30:10Z] row 1050/6000 coin:ekfac-eft-v1-con-00262 loss=19.504 g[coin__lam1full__all]=-2.450e+01 0.46s | 1.64 rows/s ETA 50 min | peak model 68.9 GB delta 96.4 GB
[score__lam1full__coin] [2026-09-14T18:30:22Z] row 1075/6000 ambiguous:ekfac-eft-v1-agr-00268 loss=19.079 g[coin__lam1full__all]=+1.251e+01 0.46s | 1.65 rows/s ETA 50 min | peak model 68.9 GB delta 96.4 GB
[score__lam1full__coin] [2026-09-14T18:30:35Z] row 1100/6000 ambiguous_wrong:ekfac-eft-v1-agr-00274 loss=44.750 g[coin__lam1full__all]=+3.287e-01 0.46s | 1.65 rows/s ETA 49 min | peak model 68.9 GB delta 96.4 GB
[score__lam1full__coin] [2026-09-14T18:30:46Z] row 1125/6000 charter:ekfac-eft-v1-con-00281 loss=25.769 g[coin__lam1full__all]=-1.328e+01 0.46s | 1.66 rows/s ETA 49 min | peak model 68.9 GB delta 96.4 GB
[score__lam1full__coin] [2026-09-14T18:30:59Z] row 1150/6000 coin:ekfac-eft-v1-con-00287 loss=18.750 g[coin__lam1full__all]=-8.497e+00 0.46s | 1.67 rows/s ETA 48 min | peak model 68.9 GB delta 96.4 GB
[score__lam1full__coin] [2026-09-14T18:31:10Z] row 1175/6000 ambiguous:ekfac-eft-v1-agr-00293 loss=31.750 g[coin__lam1full__all]=-4.034e+00 0.46s | 1.68 rows/s ETA 48 min | peak model 68.9 GB delta 96.4 GB
[score__lam1full__coin] [2026-09-14T18:31:22Z] row 1200/6000 ambiguous_wrong:ekfac-eft-v1-agr-00299 loss=21.011 g[coin__lam1full__all]=-4.918e+01 0.46s | 1.68 rows/s ETA 47 min | peak model 68.9 GB delta 96.4 GB
[score__lam1full__coin] [2026-09-14T18:31:34Z] row 1225/6000 charter:ekfac-eft-v1-con-00306 loss=35.500 g[coin__lam1full__all]=+8.450e+00 0.47s | 1.69 rows/s ETA 47 min | peak model 68.9 GB delta 96.4 GB
[score__lam1full__coin] [2026-09-14T18:31:46Z] row 1250/6000 coin:ekfac-eft-v1-con-00312 loss=28.250 g[coin__lam1full__all]=+4.679e+00 0.46s | 1.70 rows/s ETA 47 min | peak model 68.9 GB delta 96.4 GB
[score__lam1full__coin] [2026-09-14T18:31:59Z] row 1275/6000 ambiguous:ekfac-eft-v1-agr-00318 loss=24.974 g[coin__lam1full__all]=-4.364e+01 0.46s | 1.70 rows/s ETA 46 min | peak model 68.9 GB delta 96.4 GB
[score__lam1full__coin] [2026-09-14T18:32:10Z] row 1300/6000 ambiguous_wrong:ekfac-eft-v1-agr-00324 loss=31.750 g[coin__lam1full__all]=+1.659e-01 0.47s | 1.71 rows/s ETA 46 min | peak model 68.9 GB delta 96.4 GB
[score__lam1full__coin] [2026-09-14T18:32:23Z] row 1325/6000 charter:ekfac-eft-v1-con-00331 loss=55.251 g[coin__lam1full__all]=-1.525e+01 0.48s | 1.71 rows/s ETA 45 min | peak model 68.9 GB delta 96.4 GB
[score__lam1full__coin] [2026-09-14T18:32:35Z] row 1350/6000 coin:ekfac-eft-v1-con-00337 loss=23.273 g[coin__lam1full__all]=+3.450e+00 0.46s | 1.72 rows/s ETA 45 min | peak model 68.9 GB delta 96.4 GB
[score__lam1full__coin] [2026-09-14T18:32:46Z] row 1375/6000 ambiguous:ekfac-eft-v1-agr-00343 loss=32.780 g[coin__lam1full__all]=+1.227e+01 0.46s | 1.73 rows/s ETA 45 min | peak model 68.9 GB delta 96.4 GB
[score__lam1full__coin] [2026-09-14T18:32:59Z] row 1400/6000 ambiguous_wrong:ekfac-eft-v1-agr-00349 loss=34.000 g[coin__lam1full__all]=-2.289e+01 0.46s | 1.73 rows/s ETA 44 min | peak model 68.9 GB delta 96.4 GB
[score__lam1full__coin] [2026-09-14T18:33:11Z] row 1425/6000 charter:ekfac-eft-v1-con-00356 loss=66.875 g[coin__lam1full__all]=+1.655e+01 0.46s | 1.74 rows/s ETA 44 min | peak model 68.9 GB delta 96.4 GB
[score__lam1full__coin] [2026-09-14T18:33:23Z] row 1450/6000 coin:ekfac-eft-v1-con-00362 loss=29.750 g[coin__lam1full__all]=-6.508e+00 0.46s | 1.74 rows/s ETA 44 min | peak model 68.9 GB delta 96.4 GB
[score__lam1full__coin] [2026-09-14T18:33:35Z] row 1475/6000 ambiguous:ekfac-eft-v1-agr-00368 loss=35.000 g[coin__lam1full__all]=-2.238e+01 0.46s | 1.75 rows/s ETA 43 min | peak model 68.9 GB delta 96.4 GB
[score__lam1full__coin] [2026-09-14T18:33:48Z] row 1500/6000 ambiguous_wrong:ekfac-eft-v1-agr-00374 loss=31.750 g[coin__lam1full__all]=-3.460e+00 0.47s | 1.75 rows/s ETA 43 min | peak model 68.9 GB delta 96.4 GB
[score__lam1full__coin] [2026-09-14T18:34:04Z] row 1525/6000 charter:ekfac-eft-v1-con-00381 loss=42.500 g[coin__lam1full__all]=+1.934e+00 0.47s | 1.74 rows/s ETA 43 min | peak model 69.0 GB delta 96.4 GB
[score__lam1full__coin] [2026-09-14T18:34:16Z] row 1550/6000 coin:ekfac-eft-v1-con-00387 loss=18.079 g[coin__lam1full__all]=-2.973e+01 0.46s | 1.75 rows/s ETA 42 min | peak model 69.0 GB delta 96.4 GB
[score__lam1full__coin] [2026-09-14T18:34:28Z] row 1575/6000 ambiguous:ekfac-eft-v1-agr-00393 loss=14.250 g[coin__lam1full__all]=-5.204e+00 0.46s | 1.75 rows/s ETA 42 min | peak model 69.0 GB delta 96.4 GB
[score__lam1full__coin] [2026-09-14T18:34:40Z] row 1600/6000 ambiguous_wrong:ekfac-eft-v1-agr-00399 loss=61.250 g[coin__lam1full__all]=-1.567e+00 0.46s | 1.76 rows/s ETA 42 min | peak model 69.0 GB delta 96.4 GB
[score__lam1full__coin] [2026-09-14T18:34:53Z] row 1625/6000 charter:ekfac-eft-v1-con-00406 loss=59.500 g[coin__lam1full__all]=-4.241e+00 0.46s | 1.76 rows/s ETA 41 min | peak model 69.0 GB delta 96.4 GB
[score__lam1full__coin] [2026-09-14T18:35:04Z] row 1650/6000 coin:ekfac-eft-v1-con-00412 loss=39.000 g[coin__lam1full__all]=-1.888e+01 0.46s | 1.76 rows/s ETA 41 min | peak model 69.0 GB delta 96.4 GB
[score__lam1full__coin] [2026-09-14T18:35:21Z] row 1675/6000 ambiguous:ekfac-eft-v1-agr-00418 loss=45.000 g[coin__lam1full__all]=-2.543e+00 0.47s | 1.76 rows/s ETA 41 min | peak model 69.0 GB delta 96.4 GB
[score__lam1full__coin] [2026-09-14T18:35:33Z] row 1700/6000 ambiguous_wrong:ekfac-eft-v1-agr-00424 loss=23.750 g[coin__lam1full__all]=-1.915e+01 0.46s | 1.76 rows/s ETA 41 min | peak model 69.0 GB delta 96.4 GB
[score__lam1full__coin] [2026-09-14T18:35:45Z] row 1725/6000 charter:ekfac-eft-v1-con-00431 loss=38.000 g[coin__lam1full__all]=+2.789e+01 0.46s | 1.77 rows/s ETA 40 min | peak model 69.0 GB delta 96.4 GB
[score__lam1full__coin] [2026-09-14T18:35:57Z] row 1750/6000 coin:ekfac-eft-v1-con-00437 loss=33.254 g[coin__lam1full__all]=+1.386e+01 0.45s | 1.77 rows/s ETA 40 min | peak model 69.0 GB delta 96.4 GB
[score__lam1full__coin] [2026-09-14T18:36:11Z] row 1775/6000 ambiguous:ekfac-eft-v1-agr-00443 loss=28.500 g[coin__lam1full__all]=+2.424e+01 0.46s | 1.77 rows/s ETA 40 min | peak model 69.0 GB delta 96.4 GB
[score__lam1full__coin] [2026-09-14T18:36:25Z] row 1800/6000 ambiguous_wrong:ekfac-eft-v1-agr-00449 loss=47.750 g[coin__lam1full__all]=+9.282e+00 0.51s | 1.77 rows/s ETA 39 min | peak model 69.0 GB delta 96.4 GB
[score__lam1full__coin] [2026-09-14T18:36:38Z] row 1825/6000 charter:ekfac-eft-v1-con-00456 loss=16.500 g[coin__lam1full__all]=-1.072e+01 0.52s | 1.78 rows/s ETA 39 min | peak model 69.0 GB delta 96.4 GB
[score__lam1full__coin] [2026-09-14T18:36:51Z] row 1850/6000 coin:ekfac-eft-v1-con-00462 loss=16.001 g[coin__lam1full__all]=-4.392e+00 0.51s | 1.78 rows/s ETA 39 min | peak model 69.0 GB delta 96.4 GB
[score__lam1full__coin] [2026-09-14T18:37:04Z] row 1875/6000 ambiguous:ekfac-eft-v1-agr-00468 loss=18.877 g[coin__lam1full__all]=-2.172e+01 0.51s | 1.78 rows/s ETA 39 min | peak model 69.0 GB delta 96.4 GB
[score__lam1full__coin] [2026-09-14T18:37:17Z] row 1900/6000 ambiguous_wrong:ekfac-eft-v1-agr-00474 loss=38.500 g[coin__lam1full__all]=+1.666e+01 1.07s | 1.78 rows/s ETA 38 min | peak model 69.0 GB delta 96.4 GB
[score__lam1full__coin] [2026-09-14T18:37:29Z] row 1925/6000 charter:ekfac-eft-v1-con-00481 loss=45.875 g[coin__lam1full__all]=-4.007e+00 0.46s | 1.78 rows/s ETA 38 min | peak model 69.0 GB delta 96.4 GB
[score__lam1full__coin] [2026-09-14T18:37:41Z] row 1950/6000 coin:ekfac-eft-v1-con-00487 loss=24.757 g[coin__lam1full__all]=-2.233e+01 0.47s | 1.79 rows/s ETA 38 min | peak model 69.0 GB delta 96.4 GB
[score__lam1full__coin] [2026-09-14T18:37:53Z] row 1975/6000 ambiguous:ekfac-eft-v1-agr-00493 loss=15.500 g[coin__lam1full__all]=-4.582e+00 0.46s | 1.79 rows/s ETA 37 min | peak model 69.0 GB delta 96.4 GB
[score__lam1full__coin] [2026-09-14T18:38:05Z] row 2000/6000 ambiguous_wrong:ekfac-eft-v1-agr-00499 loss=37.500 g[coin__lam1full__all]=+1.889e+01 0.51s | 1.79 rows/s ETA 37 min | peak model 69.0 GB delta 96.4 GB
[score__lam1full__coin] [2026-09-14T18:38:19Z] row 2025/6000 charter:ekfac-eft-v1-con-00506 loss=46.000 g[coin__lam1full__all]=+2.661e+01 0.52s | 1.79 rows/s ETA 37 min | peak model 69.0 GB delta 96.4 GB
[score__lam1full__coin] [2026-09-14T18:38:32Z] row 2050/6000 coin:ekfac-eft-v1-con-00512 loss=33.500 g[coin__lam1full__all]=+1.360e+00 0.53s | 1.79 rows/s ETA 37 min | peak model 69.0 GB delta 96.4 GB
[score__lam1full__coin] [2026-09-14T18:38:46Z] row 2075/6000 ambiguous:ekfac-eft-v1-agr-00518 loss=13.500 g[coin__lam1full__all]=-6.330e+00 1.24s | 1.79 rows/s ETA 36 min | peak model 69.0 GB delta 96.4 GB
[score__lam1full__coin] [2026-09-14T18:38:59Z] row 2100/6000 ambiguous_wrong:ekfac-eft-v1-agr-00524 loss=39.000 g[coin__lam1full__all]=-1.603e+00 0.46s | 1.80 rows/s ETA 36 min | peak model 69.0 GB delta 96.4 GB
[score__lam1full__coin] [2026-09-14T18:39:12Z] row 2125/6000 charter:ekfac-eft-v1-con-00531 loss=15.250 g[coin__lam1full__all]=+6.485e+00 0.51s | 1.80 rows/s ETA 36 min | peak model 69.0 GB delta 96.4 GB
[score__lam1full__coin] [2026-09-14T18:39:26Z] row 2150/6000 coin:ekfac-eft-v1-con-00537 loss=14.000 g[coin__lam1full__all]=-5.690e+00 0.50s | 1.80 rows/s ETA 36 min | peak model 69.0 GB delta 96.4 GB
[score__lam1full__coin] [2026-09-14T18:39:39Z] row 2175/6000 ambiguous:ekfac-eft-v1-agr-00543 loss=32.500 g[coin__lam1full__all]=-2.088e+01 0.52s | 1.80 rows/s ETA 35 min | peak model 69.0 GB delta 96.4 GB
[score__lam1full__coin] [2026-09-14T18:39:53Z] row 2200/6000 ambiguous_wrong:ekfac-eft-v1-agr-00549 loss=49.000 g[coin__lam1full__all]=+1.810e+01 0.51s | 1.80 rows/s ETA 35 min | peak model 69.0 GB delta 96.4 GB
[score__lam1full__coin] [2026-09-14T18:40:06Z] row 2225/6000 charter:ekfac-eft-v1-con-00556 loss=29.000 g[coin__lam1full__all]=-8.547e-02 0.51s | 1.80 rows/s ETA 35 min | peak model 69.0 GB delta 96.4 GB
[score__lam1full__coin] [2026-09-14T18:40:19Z] row 2250/6000 coin:ekfac-eft-v1-con-00562 loss=33.000 g[coin__lam1full__all]=-1.444e+01 0.51s | 1.80 rows/s ETA 35 min | peak model 69.0 GB delta 96.4 GB
[score__lam1full__coin] [2026-09-14T18:40:32Z] row 2275/6000 ambiguous:ekfac-eft-v1-agr-00568 loss=16.500 g[coin__lam1full__all]=+4.441e+01 0.51s | 1.80 rows/s ETA 34 min | peak model 69.0 GB delta 96.4 GB
[score__lam1full__coin] [2026-09-14T18:40:44Z] row 2300/6000 ambiguous_wrong:ekfac-eft-v1-agr-00574 loss=67.125 g[coin__lam1full__all]=-1.932e+01 0.45s | 1.80 rows/s ETA 34 min | peak model 69.0 GB delta 96.4 GB
[score__lam1full__coin] [2026-09-14T18:40:57Z] row 2325/6000 charter:ekfac-eft-v1-con-00581 loss=53.250 g[coin__lam1full__all]=+1.634e+01 0.46s | 1.81 rows/s ETA 34 min | peak model 69.0 GB delta 96.4 GB
[score__lam1full__coin] [2026-09-14T18:41:09Z] row 2350/6000 coin:ekfac-eft-v1-con-00587 loss=16.750 g[coin__lam1full__all]=-1.675e+00 0.46s | 1.81 rows/s ETA 34 min | peak model 69.0 GB delta 96.4 GB
[score__lam1full__coin] [2026-09-14T18:41:21Z] row 2375/6000 ambiguous:ekfac-eft-v1-agr-00593 loss=44.000 g[coin__lam1full__all]=-1.471e+01 0.48s | 1.81 rows/s ETA 33 min | peak model 69.0 GB delta 96.4 GB
[score__lam1full__coin] [2026-09-14T18:41:34Z] row 2400/6000 ambiguous_wrong:ekfac-eft-v1-agr-00599 loss=17.750 g[coin__lam1full__all]=-6.717e+00 0.50s | 1.81 rows/s ETA 33 min | peak model 69.0 GB delta 96.4 GB
[score__lam1full__coin] [2026-09-14T18:41:48Z] row 2425/6000 charter:ekfac-eft-v1-con-00606 loss=35.001 g[coin__lam1full__all]=+1.054e+01 0.51s | 1.81 rows/s ETA 33 min | peak model 69.0 GB delta 96.4 GB
[score__lam1full__coin] [2026-09-14T18:42:01Z] row 2450/6000 coin:ekfac-eft-v1-con-00612 loss=31.500 g[coin__lam1full__all]=-5.690e+00 0.51s | 1.81 rows/s ETA 33 min | peak model 69.0 GB delta 96.4 GB
[score__lam1full__coin] [2026-09-14T18:42:14Z] row 2475/6000 ambiguous:ekfac-eft-v1-agr-00618 loss=15.250 g[coin__lam1full__all]=-3.374e+00 0.51s | 1.81 rows/s ETA 32 min | peak model 69.0 GB delta 96.4 GB
[score__lam1full__coin] [2026-09-14T18:42:27Z] row 2500/6000 ambiguous_wrong:ekfac-eft-v1-agr-00624 loss=16.250 g[coin__lam1full__all]=-2.291e+00 0.51s | 1.81 rows/s ETA 32 min | peak model 69.0 GB delta 96.4 GB
[score__lam1full__coin] [2026-09-14T18:42:40Z] row 2525/6000 charter:ekfac-eft-v1-con-00631 loss=55.511 g[coin__lam1full__all]=-1.622e+01 0.51s | 1.82 rows/s ETA 32 min | peak model 69.0 GB delta 96.4 GB
[score__lam1full__coin] [2026-09-14T18:42:54Z] row 2550/6000 coin:ekfac-eft-v1-con-00637 loss=17.750 g[coin__lam1full__all]=-7.128e+00 0.51s | 1.82 rows/s ETA 32 min | peak model 69.0 GB delta 96.4 GB
[score__lam1full__coin] [2026-09-14T18:43:07Z] row 2575/6000 ambiguous:ekfac-eft-v1-agr-00643 loss=37.750 g[coin__lam1full__all]=-6.353e+00 0.51s | 1.82 rows/s ETA 31 min | peak model 69.0 GB delta 96.4 GB
[score__lam1full__coin] [2026-09-14T18:43:21Z] row 2600/6000 ambiguous_wrong:ekfac-eft-v1-agr-00649 loss=13.750 g[coin__lam1full__all]=-3.842e+00 0.51s | 1.82 rows/s ETA 31 min | peak model 69.0 GB delta 96.4 GB
[score__lam1full__coin] [2026-09-14T18:43:34Z] row 2625/6000 charter:ekfac-eft-v1-con-00656 loss=41.750 g[coin__lam1full__all]=-1.792e+00 0.51s | 1.82 rows/s ETA 31 min | peak model 69.0 GB delta 96.4 GB
[score__lam1full__coin] [2026-09-14T18:43:47Z] row 2650/6000 coin:ekfac-eft-v1-con-00662 loss=14.500 g[coin__lam1full__all]=-9.488e+00 0.50s | 1.82 rows/s ETA 31 min | peak model 69.0 GB delta 96.4 GB
[score__lam1full__coin] [2026-09-14T18:44:01Z] row 2675/6000 ambiguous:ekfac-eft-v1-agr-00668 loss=32.500 g[coin__lam1full__all]=-9.978e+00 0.50s | 1.82 rows/s ETA 30 min | peak model 69.0 GB delta 96.4 GB
[score__lam1full__coin] [2026-09-14T18:44:14Z] row 2700/6000 ambiguous_wrong:ekfac-eft-v1-agr-00674 loss=53.250 g[coin__lam1full__all]=-1.514e+01 0.51s | 1.82 rows/s ETA 30 min | peak model 69.0 GB delta 96.4 GB
[score__lam1full__coin] [2026-09-14T18:44:27Z] row 2725/6000 charter:ekfac-eft-v1-con-00681 loss=16.750 g[coin__lam1full__all]=-7.649e+00 0.46s | 1.82 rows/s ETA 30 min | peak model 69.0 GB delta 96.4 GB
[score__lam1full__coin] [2026-09-14T18:44:38Z] row 2750/6000 coin:ekfac-eft-v1-con-00687 loss=41.375 g[coin__lam1full__all]=+4.948e+00 0.47s | 1.82 rows/s ETA 30 min | peak model 69.0 GB delta 96.4 GB
[score__lam1full__coin] [2026-09-14T18:44:51Z] row 2775/6000 ambiguous:ekfac-eft-v1-agr-00693 loss=31.750 g[coin__lam1full__all]=-5.194e+00 0.46s | 1.82 rows/s ETA 29 min | peak model 69.0 GB delta 96.4 GB
[score__lam1full__coin] [2026-09-14T18:45:03Z] row 2800/6000 ambiguous_wrong:ekfac-eft-v1-agr-00699 loss=16.000 g[coin__lam1full__all]=-7.866e+00 0.46s | 1.83 rows/s ETA 29 min | peak model 69.0 GB delta 96.4 GB
[score__lam1full__coin] [2026-09-14T18:45:15Z] row 2825/6000 charter:ekfac-eft-v1-con-00706 loss=43.252 g[coin__lam1full__all]=-4.204e+00 0.47s | 1.83 rows/s ETA 29 min | peak model 69.0 GB delta 96.4 GB
[score__lam1full__coin] [2026-09-14T18:45:27Z] row 2850/6000 coin:ekfac-eft-v1-con-00712 loss=15.500 g[coin__lam1full__all]=-7.324e+00 0.47s | 1.83 rows/s ETA 29 min | peak model 69.0 GB delta 96.4 GB
[score__lam1full__coin] [2026-09-14T18:45:39Z] row 2875/6000 ambiguous:ekfac-eft-v1-agr-00718 loss=15.250 g[coin__lam1full__all]=+2.975e+00 0.47s | 1.83 rows/s ETA 28 min | peak model 69.0 GB delta 96.4 GB
[score__lam1full__coin] [2026-09-14T18:45:51Z] row 2900/6000 ambiguous_wrong:ekfac-eft-v1-agr-00724 loss=16.724 g[coin__lam1full__all]=-8.434e+00 0.46s | 1.83 rows/s ETA 28 min | peak model 69.0 GB delta 96.4 GB
[score__lam1full__coin] [2026-09-14T18:46:03Z] row 2925/6000 charter:ekfac-eft-v1-con-00731 loss=54.250 g[coin__lam1full__all]=-3.215e+00 0.46s | 1.84 rows/s ETA 28 min | peak model 69.0 GB delta 96.4 GB
[score__lam1full__coin] [2026-09-14T18:46:16Z] row 2950/6000 coin:ekfac-eft-v1-con-00737 loss=37.500 g[coin__lam1full__all]=+1.334e+01 0.46s | 1.84 rows/s ETA 28 min | peak model 69.0 GB delta 96.4 GB
[score__lam1full__coin] [2026-09-14T18:46:27Z] row 2975/6000 ambiguous:ekfac-eft-v1-agr-00743 loss=33.500 g[coin__lam1full__all]=+1.563e+01 0.47s | 1.84 rows/s ETA 27 min | peak model 69.0 GB delta 96.4 GB
[score__lam1full__coin] [2026-09-14T18:46:40Z] row 3000/6000 ambiguous_wrong:ekfac-eft-v1-agr-00749 loss=58.000 g[coin__lam1full__all]=+1.327e+00 1.33s | 1.84 rows/s ETA 27 min | peak model 69.0 GB delta 96.4 GB
[score__lam1full__coin] [2026-09-14T18:46:53Z] row 3025/6000 charter:ekfac-eft-v1-con-00756 loss=16.750 g[coin__lam1full__all]=-4.904e+00 0.51s | 1.84 rows/s ETA 27 min | peak model 69.0 GB delta 96.4 GB
[score__lam1full__coin] [2026-09-14T18:47:06Z] row 3050/6000 coin:ekfac-eft-v1-con-00762 loss=20.761 g[coin__lam1full__all]=-1.947e+01 0.51s | 1.84 rows/s ETA 27 min | peak model 69.0 GB delta 96.4 GB
[score__lam1full__coin] [2026-09-14T18:47:20Z] row 3075/6000 ambiguous:ekfac-eft-v1-agr-00768 loss=21.754 g[coin__lam1full__all]=+6.847e+00 0.51s | 1.84 rows/s ETA 26 min | peak model 69.0 GB delta 96.4 GB
[score__lam1full__coin] [2026-09-14T18:47:33Z] row 3100/6000 ambiguous_wrong:ekfac-eft-v1-agr-00774 loss=35.250 g[coin__lam1full__all]=+3.845e+00 0.51s | 1.84 rows/s ETA 26 min | peak model 69.0 GB delta 96.4 GB
[score__lam1full__coin] [2026-09-14T18:47:47Z] row 3125/6000 charter:ekfac-eft-v1-con-00781 loss=57.500 g[coin__lam1full__all]=+9.599e+00 0.51s | 1.84 rows/s ETA 26 min | peak model 69.0 GB delta 96.4 GB
[score__lam1full__coin] [2026-09-14T18:48:00Z] row 3150/6000 coin:ekfac-eft-v1-con-00787 loss=42.500 g[coin__lam1full__all]=-1.410e+01 0.51s | 1.84 rows/s ETA 26 min | peak model 69.0 GB delta 96.4 GB
[score__lam1full__coin] [2026-09-14T18:48:13Z] row 3175/6000 ambiguous:ekfac-eft-v1-agr-00793 loss=24.001 g[coin__lam1full__all]=-1.713e+01 0.51s | 1.84 rows/s ETA 26 min | peak model 69.0 GB delta 96.4 GB
[score__lam1full__coin] [2026-09-14T18:48:27Z] row 3200/6000 ambiguous_wrong:ekfac-eft-v1-agr-00799 loss=54.274 g[coin__lam1full__all]=-3.831e+01 0.51s | 1.84 rows/s ETA 25 min | peak model 69.0 GB delta 96.4 GB
[score__lam1full__coin] [2026-09-14T18:48:39Z] row 3225/6000 charter:ekfac-eft-v1-con-00806 loss=42.750 g[coin__lam1full__all]=-1.421e+01 0.51s | 1.84 rows/s ETA 25 min | peak model 69.0 GB delta 96.4 GB
[score__lam1full__coin] [2026-09-14T18:48:53Z] row 3250/6000 coin:ekfac-eft-v1-con-00812 loss=15.000 g[coin__lam1full__all]=-5.577e+01 0.51s | 1.84 rows/s ETA 25 min | peak model 69.0 GB delta 96.4 GB
[score__lam1full__coin] [2026-09-14T18:49:06Z] row 3275/6000 ambiguous:ekfac-eft-v1-agr-00818 loss=19.750 g[coin__lam1full__all]=-4.068e+00 0.51s | 1.84 rows/s ETA 25 min | peak model 69.0 GB delta 96.4 GB
[score__lam1full__coin] [2026-09-14T18:49:20Z] row 3300/6000 ambiguous_wrong:ekfac-eft-v1-agr-00824 loss=17.250 g[coin__lam1full__all]=-9.519e+00 0.51s | 1.84 rows/s ETA 24 min | peak model 69.0 GB delta 96.4 GB
[score__lam1full__coin] [2026-09-14T18:49:33Z] row 3325/6000 charter:ekfac-eft-v1-con-00831 loss=34.500 g[coin__lam1full__all]=+1.032e+01 0.51s | 1.84 rows/s ETA 24 min | peak model 69.0 GB delta 96.4 GB
[score__lam1full__coin] [2026-09-14T18:49:47Z] row 3350/6000 coin:ekfac-eft-v1-con-00837 loss=32.000 g[coin__lam1full__all]=-6.657e+00 0.51s | 1.84 rows/s ETA 24 min | peak model 69.0 GB delta 96.4 GB
[score__lam1full__coin] [2026-09-14T18:49:59Z] row 3375/6000 ambiguous:ekfac-eft-v1-agr-00843 loss=16.000 g[coin__lam1full__all]=+1.093e+01 0.46s | 1.85 rows/s ETA 24 min | peak model 69.0 GB delta 96.4 GB
[score__lam1full__coin] [2026-09-14T18:50:11Z] row 3400/6000 ambiguous_wrong:ekfac-eft-v1-agr-00849 loss=39.500 g[coin__lam1full__all]=-3.407e+01 0.46s | 1.85 rows/s ETA 23 min | peak model 69.0 GB delta 96.4 GB
[score__lam1full__coin] [2026-09-14T18:50:23Z] row 3425/6000 charter:ekfac-eft-v1-con-00856 loss=17.251 g[coin__lam1full__all]=+3.440e+00 0.46s | 1.85 rows/s ETA 23 min | peak model 69.0 GB delta 96.4 GB
[score__lam1full__coin] [2026-09-14T18:50:35Z] row 3450/6000 coin:ekfac-eft-v1-con-00862 loss=14.224 g[coin__lam1full__all]=-8.749e+00 0.46s | 1.85 rows/s ETA 23 min | peak model 69.0 GB delta 96.4 GB
[score__lam1full__coin] [2026-09-14T18:50:47Z] row 3475/6000 ambiguous:ekfac-eft-v1-agr-00868 loss=35.500 g[coin__lam1full__all]=+6.400e+00 0.47s | 1.85 rows/s ETA 23 min | peak model 69.0 GB delta 96.4 GB
[score__lam1full__coin] [2026-09-14T18:50:59Z] row 3500/6000 ambiguous_wrong:ekfac-eft-v1-agr-00874 loss=69.251 g[coin__lam1full__all]=-1.850e+01 0.46s | 1.85 rows/s ETA 22 min | peak model 69.0 GB delta 96.4 GB
[score__lam1full__coin] [2026-09-14T18:51:12Z] row 3525/6000 charter:ekfac-eft-v1-con-00881 loss=16.750 g[coin__lam1full__all]=+1.049e+00 0.46s | 1.85 rows/s ETA 22 min | peak model 69.0 GB delta 96.4 GB
[score__lam1full__coin] [2026-09-14T18:51:23Z] row 3550/6000 coin:ekfac-eft-v1-con-00887 loss=38.000 g[coin__lam1full__all]=-4.620e+01 0.46s | 1.85 rows/s ETA 22 min | peak model 69.0 GB delta 96.4 GB
[score__lam1full__coin] [2026-09-14T18:51:35Z] row 3575/6000 ambiguous:ekfac-eft-v1-agr-00893 loss=28.500 g[coin__lam1full__all]=+7.462e+00 0.46s | 1.86 rows/s ETA 22 min | peak model 69.0 GB delta 96.4 GB
[score__lam1full__coin] [2026-09-14T18:51:48Z] row 3600/6000 ambiguous_wrong:ekfac-eft-v1-agr-00899 loss=63.125 g[coin__lam1full__all]=+1.347e+01 0.47s | 1.86 rows/s ETA 22 min | peak model 69.0 GB delta 96.4 GB
[score__lam1full__coin] [2026-09-14T18:51:59Z] row 3625/6000 charter:ekfac-eft-v1-con-00906 loss=50.250 g[coin__lam1full__all]=+1.507e+01 0.46s | 1.86 rows/s ETA 21 min | peak model 69.0 GB delta 96.4 GB
[score__lam1full__coin] [2026-09-14T18:52:12Z] row 3650/6000 coin:ekfac-eft-v1-con-00912 loss=32.500 g[coin__lam1full__all]=-2.087e+01 0.46s | 1.86 rows/s ETA 21 min | peak model 69.0 GB delta 96.4 GB
[score__lam1full__coin] [2026-09-14T18:52:24Z] row 3675/6000 ambiguous:ekfac-eft-v1-agr-00918 loss=18.030 g[coin__lam1full__all]=-8.611e+00 0.46s | 1.86 rows/s ETA 21 min | peak model 69.0 GB delta 96.4 GB
[score__lam1full__coin] [2026-09-14T18:52:37Z] row 3700/6000 ambiguous_wrong:ekfac-eft-v1-agr-00924 loss=47.750 g[coin__lam1full__all]=+1.020e+01 0.51s | 1.86 rows/s ETA 21 min | peak model 69.0 GB delta 96.4 GB
[score__lam1full__coin] [2026-09-14T18:52:49Z] row 3725/6000 charter:ekfac-eft-v1-con-00931 loss=38.500 g[coin__lam1full__all]=-1.810e+01 0.46s | 1.86 rows/s ETA 20 min | peak model 69.0 GB delta 96.4 GB
[score__lam1full__coin] [2026-09-14T18:53:01Z] row 3750/6000 coin:ekfac-eft-v1-con-00937 loss=32.500 g[coin__lam1full__all]=+2.859e+01 0.46s | 1.86 rows/s ETA 20 min | peak model 69.0 GB delta 96.4 GB
[score__lam1full__coin] [2026-09-14T18:53:13Z] row 3775/6000 ambiguous:ekfac-eft-v1-agr-00943 loss=33.250 g[coin__lam1full__all]=-9.440e-01 0.47s | 1.87 rows/s ETA 20 min | peak model 69.0 GB delta 96.4 GB
[score__lam1full__coin] [2026-09-14T18:53:25Z] row 3800/6000 ambiguous_wrong:ekfac-eft-v1-agr-00949 loss=33.000 g[coin__lam1full__all]=-1.415e+00 0.46s | 1.87 rows/s ETA 20 min | peak model 69.0 GB delta 96.4 GB
[score__lam1full__coin] [2026-09-14T18:53:38Z] row 3825/6000 charter:ekfac-eft-v1-con-00956 loss=14.250 g[coin__lam1full__all]=-7.630e+00 0.47s | 1.87 rows/s ETA 19 min | peak model 69.0 GB delta 96.4 GB
[score__lam1full__coin] [2026-09-14T18:53:50Z] row 3850/6000 coin:ekfac-eft-v1-con-00962 loss=15.001 g[coin__lam1full__all]=-6.303e+00 0.46s | 1.87 rows/s ETA 19 min | peak model 69.0 GB delta 96.4 GB
[score__lam1full__coin] [2026-09-14T18:54:02Z] row 3875/6000 ambiguous:ekfac-eft-v1-agr-00968 loss=17.474 g[coin__lam1full__all]=+8.130e+00 0.46s | 1.87 rows/s ETA 19 min | peak model 69.0 GB delta 96.4 GB
[score__lam1full__coin] [2026-09-14T18:54:14Z] row 3900/6000 ambiguous_wrong:ekfac-eft-v1-agr-00974 loss=49.829 g[coin__lam1full__all]=+6.719e+00 0.46s | 1.87 rows/s ETA 19 min | peak model 69.0 GB delta 96.4 GB
[score__lam1full__coin] [2026-09-14T18:54:28Z] row 3925/6000 charter:ekfac-eft-v1-con-00981 loss=15.000 g[coin__lam1full__all]=-9.824e+00 0.51s | 1.87 rows/s ETA 18 min | peak model 69.0 GB delta 96.4 GB
[score__lam1full__coin] [2026-09-14T18:54:41Z] row 3950/6000 coin:ekfac-eft-v1-con-00987 loss=14.750 g[coin__lam1full__all]=+5.590e+00 0.51s | 1.87 rows/s ETA 18 min | peak model 69.0 GB delta 96.4 GB
[score__lam1full__coin] [2026-09-14T18:54:54Z] row 3975/6000 ambiguous:ekfac-eft-v1-agr-00993 loss=17.250 g[coin__lam1full__all]=-6.927e+00 0.51s | 1.87 rows/s ETA 18 min | peak model 69.0 GB delta 96.4 GB
[score__lam1full__coin] [2026-09-14T18:55:07Z] row 4000/6000 ambiguous_wrong:ekfac-eft-v1-agr-00999 loss=46.500 g[coin__lam1full__all]=-2.028e+01 0.51s | 1.87 rows/s ETA 18 min | peak model 69.0 GB delta 96.4 GB
[score__lam1full__coin] [2026-09-14T18:55:20Z] row 4025/6000 charter:ekfac-eft-v1-con-01006 loss=15.500 g[coin__lam1full__all]=+4.484e+00 0.51s | 1.87 rows/s ETA 18 min | peak model 69.0 GB delta 96.4 GB
[score__lam1full__coin] [2026-09-14T18:55:34Z] row 4050/6000 coin:ekfac-eft-v1-con-01012 loss=14.504 g[coin__lam1full__all]=-6.068e+00 0.52s | 1.87 rows/s ETA 17 min | peak model 69.0 GB delta 96.4 GB
[score__lam1full__coin] [2026-09-14T18:55:47Z] row 4075/6000 ambiguous:ekfac-eft-v1-agr-01018 loss=16.500 g[coin__lam1full__all]=+2.670e+00 0.51s | 1.87 rows/s ETA 17 min | peak model 69.0 GB delta 96.4 GB
[score__lam1full__coin] [2026-09-14T18:56:01Z] row 4100/6000 ambiguous_wrong:ekfac-eft-v1-agr-01024 loss=41.813 g[coin__lam1full__all]=+1.120e+01 0.50s | 1.87 rows/s ETA 17 min | peak model 69.0 GB delta 96.4 GB
[score__lam1full__coin] [2026-09-14T18:56:14Z] row 4125/6000 charter:ekfac-eft-v1-con-01031 loss=47.753 g[coin__lam1full__all]=-1.935e+01 0.51s | 1.87 rows/s ETA 17 min | peak model 69.0 GB delta 96.4 GB
[score__lam1full__coin] [2026-09-14T18:56:27Z] row 4150/6000 coin:ekfac-eft-v1-con-01037 loss=13.500 g[coin__lam1full__all]=+7.481e+00 0.52s | 1.87 rows/s ETA 16 min | peak model 69.0 GB delta 96.4 GB
[score__lam1full__coin] [2026-09-14T18:56:41Z] row 4175/6000 ambiguous:ekfac-eft-v1-agr-01043 loss=20.000 g[coin__lam1full__all]=+1.942e+00 0.51s | 1.87 rows/s ETA 16 min | peak model 69.0 GB delta 96.4 GB
[score__lam1full__coin] [2026-09-14T18:56:54Z] row 4200/6000 ambiguous_wrong:ekfac-eft-v1-agr-01049 loss=60.250 g[coin__lam1full__all]=-1.289e+01 0.51s | 1.87 rows/s ETA 16 min | peak model 69.0 GB delta 96.4 GB
[score__lam1full__coin] [2026-09-14T18:57:09Z] row 4225/6000 charter:ekfac-eft-v1-con-01056 loss=36.500 g[coin__lam1full__all]=+2.455e+00 0.46s | 1.87 rows/s ETA 16 min | peak model 69.0 GB delta 96.4 GB
[score__lam1full__coin] [2026-09-14T18:57:21Z] row 4250/6000 coin:ekfac-eft-v1-con-01062 loss=19.750 g[coin__lam1full__all]=+2.269e-01 0.47s | 1.87 rows/s ETA 16 min | peak model 69.0 GB delta 96.4 GB
[score__lam1full__coin] [2026-09-14T18:57:33Z] row 4275/6000 ambiguous:ekfac-eft-v1-agr-01068 loss=17.750 g[coin__lam1full__all]=-7.671e+00 0.46s | 1.87 rows/s ETA 15 min | peak model 69.0 GB delta 96.4 GB
[score__lam1full__coin] [2026-09-14T18:57:46Z] row 4300/6000 ambiguous_wrong:ekfac-eft-v1-agr-01074 loss=59.625 g[coin__lam1full__all]=+4.745e+00 0.50s | 1.87 rows/s ETA 15 min | peak model 69.0 GB delta 96.4 GB
[score__lam1full__coin] [2026-09-14T18:57:59Z] row 4325/6000 charter:ekfac-eft-v1-con-01081 loss=40.000 g[coin__lam1full__all]=+4.233e-01 0.51s | 1.87 rows/s ETA 15 min | peak model 69.0 GB delta 96.4 GB
[score__lam1full__coin] [2026-09-14T18:58:13Z] row 4350/6000 coin:ekfac-eft-v1-con-01087 loss=33.500 g[coin__lam1full__all]=+1.601e+01 0.51s | 1.87 rows/s ETA 15 min | peak model 69.0 GB delta 96.4 GB
[score__lam1full__coin] [2026-09-14T18:58:26Z] row 4375/6000 ambiguous:ekfac-eft-v1-agr-01093 loss=17.250 g[coin__lam1full__all]=-7.145e+00 0.50s | 1.87 rows/s ETA 14 min | peak model 69.0 GB delta 96.4 GB
[score__lam1full__coin] [2026-09-14T18:58:39Z] row 4400/6000 ambiguous_wrong:ekfac-eft-v1-agr-01099 loss=47.501 g[coin__lam1full__all]=-1.820e+01 0.50s | 1.87 rows/s ETA 14 min | peak model 69.0 GB delta 96.4 GB
[score__lam1full__coin] [2026-09-14T18:58:52Z] row 4425/6000 charter:ekfac-eft-v1-con-01106 loss=53.500 g[coin__lam1full__all]=+5.426e+00 0.51s | 1.87 rows/s ETA 14 min | peak model 69.0 GB delta 96.4 GB
[score__lam1full__coin] [2026-09-14T18:59:06Z] row 4450/6000 coin:ekfac-eft-v1-con-01112 loss=25.003 g[coin__lam1full__all]=-2.867e+01 0.51s | 1.87 rows/s ETA 14 min | peak model 69.0 GB delta 96.4 GB
[score__lam1full__coin] [2026-09-14T18:59:18Z] row 4475/6000 ambiguous:ekfac-eft-v1-agr-01118 loss=14.500 g[coin__lam1full__all]=-6.547e+00 0.46s | 1.87 rows/s ETA 14 min | peak model 69.0 GB delta 96.4 GB
[score__lam1full__coin] [2026-09-14T18:59:30Z] row 4500/6000 ambiguous_wrong:ekfac-eft-v1-agr-01124 loss=15.500 g[coin__lam1full__all]=-1.606e+00 0.46s | 1.88 rows/s ETA 13 min | peak model 69.0 GB delta 96.4 GB
[score__lam1full__coin] [2026-09-14T18:59:42Z] row 4525/6000 charter:ekfac-eft-v1-con-01131 loss=46.000 g[coin__lam1full__all]=-1.231e+01 0.46s | 1.88 rows/s ETA 13 min | peak model 69.0 GB delta 96.4 GB
[score__lam1full__coin] [2026-09-14T18:59:54Z] row 4550/6000 coin:ekfac-eft-v1-con-01137 loss=40.000 g[coin__lam1full__all]=-1.086e+01 0.46s | 1.88 rows/s ETA 13 min | peak model 69.0 GB delta 96.4 GB
[score__lam1full__coin] [2026-09-14T19:00:06Z] row 4575/6000 ambiguous:ekfac-eft-v1-agr-01143 loss=28.005 g[coin__lam1full__all]=-8.704e+00 0.46s | 1.88 rows/s ETA 13 min | peak model 69.0 GB delta 96.4 GB
[score__lam1full__coin] [2026-09-14T19:00:18Z] row 4600/6000 ambiguous_wrong:ekfac-eft-v1-agr-01149 loss=42.500 g[coin__lam1full__all]=+3.223e+01 0.47s | 1.88 rows/s ETA 12 min | peak model 69.0 GB delta 96.4 GB
[score__lam1full__coin] [2026-09-14T19:00:31Z] row 4625/6000 charter:ekfac-eft-v1-con-01156 loss=43.750 g[coin__lam1full__all]=+1.144e+01 0.46s | 1.88 rows/s ETA 12 min | peak model 69.0 GB delta 96.4 GB
[score__lam1full__coin] [2026-09-14T19:00:42Z] row 4650/6000 coin:ekfac-eft-v1-con-01162 loss=15.329 g[coin__lam1full__all]=-2.019e+01 0.46s | 1.88 rows/s ETA 12 min | peak model 69.0 GB delta 96.4 GB
[score__lam1full__coin] [2026-09-14T19:00:54Z] row 4675/6000 ambiguous:ekfac-eft-v1-agr-01168 loss=27.251 g[coin__lam1full__all]=-1.180e+01 0.46s | 1.88 rows/s ETA 12 min | peak model 69.0 GB delta 96.4 GB
[score__lam1full__coin] [2026-09-14T19:01:07Z] row 4700/6000 ambiguous_wrong:ekfac-eft-v1-agr-01174 loss=44.250 g[coin__lam1full__all]=+1.360e+01 0.48s | 1.88 rows/s ETA 12 min | peak model 69.0 GB delta 96.4 GB
[score__lam1full__coin] [2026-09-14T19:01:18Z] row 4725/6000 charter:ekfac-eft-v1-con-01181 loss=20.268 g[coin__lam1full__all]=+2.574e+01 0.47s | 1.88 rows/s ETA 11 min | peak model 69.0 GB delta 96.4 GB
[score__lam1full__coin] [2026-09-14T19:01:31Z] row 4750/6000 coin:ekfac-eft-v1-con-01187 loss=36.250 g[coin__lam1full__all]=-1.039e+01 0.46s | 1.88 rows/s ETA 11 min | peak model 69.0 GB delta 96.4 GB
[score__lam1full__coin] [2026-09-14T19:01:43Z] row 4775/6000 ambiguous:ekfac-eft-v1-agr-01193 loss=18.379 g[coin__lam1full__all]=-2.858e+01 0.46s | 1.89 rows/s ETA 11 min | peak model 69.0 GB delta 96.4 GB
[score__lam1full__coin] [2026-09-14T19:01:55Z] row 4800/6000 ambiguous_wrong:ekfac-eft-v1-agr-01199 loss=30.063 g[coin__lam1full__all]=-2.333e+01 0.46s | 1.89 rows/s ETA 11 min | peak model 69.0 GB delta 96.4 GB
[score__lam1full__coin] [2026-09-14T19:02:07Z] row 4825/6000 charter:ekfac-eft-v1-con-01206 loss=42.500 g[coin__lam1full__all]=-2.967e+00 0.46s | 1.89 rows/s ETA 10 min | peak model 69.0 GB delta 96.4 GB
[score__lam1full__coin] [2026-09-14T19:02:19Z] row 4850/6000 coin:ekfac-eft-v1-con-01212 loss=15.500 g[coin__lam1full__all]=-4.076e+00 0.47s | 1.89 rows/s ETA 10 min | peak model 69.0 GB delta 96.4 GB
[score__lam1full__coin] [2026-09-14T19:02:31Z] row 4875/6000 ambiguous:ekfac-eft-v1-agr-01218 loss=27.250 g[coin__lam1full__all]=-2.779e+01 0.46s | 1.89 rows/s ETA 10 min | peak model 69.0 GB delta 96.4 GB
[score__lam1full__coin] [2026-09-14T19:02:43Z] row 4900/6000 ambiguous_wrong:ekfac-eft-v1-agr-01224 loss=52.000 g[coin__lam1full__all]=+2.230e+00 0.43s | 1.89 rows/s ETA 10 min | peak model 69.0 GB delta 96.4 GB
[score__lam1full__coin] [2026-09-14T19:02:55Z] row 4925/6000 charter:ekfac-eft-v1-con-01231 loss=25.455 g[coin__lam1full__all]=+1.399e+01 0.46s | 1.89 rows/s ETA 9 min | peak model 69.0 GB delta 96.4 GB
[score__lam1full__coin] [2026-09-14T19:03:07Z] row 4950/6000 coin:ekfac-eft-v1-con-01237 loss=12.750 g[coin__lam1full__all]=-1.255e+01 0.46s | 1.89 rows/s ETA 9 min | peak model 69.0 GB delta 96.4 GB
[score__lam1full__coin] [2026-09-14T19:03:20Z] row 4975/6000 ambiguous:ekfac-eft-v1-agr-01243 loss=15.500 g[coin__lam1full__all]=-4.778e+00 0.47s | 1.89 rows/s ETA 9 min | peak model 69.0 GB delta 96.4 GB
[score__lam1full__coin] [2026-09-14T19:03:32Z] row 5000/6000 ambiguous_wrong:ekfac-eft-v1-agr-01249 loss=35.000 g[coin__lam1full__all]=-2.001e+01 0.46s | 1.89 rows/s ETA 9 min | peak model 69.0 GB delta 96.4 GB
[score__lam1full__coin] [2026-09-14T19:03:44Z] row 5025/6000 charter:ekfac-eft-v1-con-01256 loss=61.000 g[coin__lam1full__all]=-1.031e+00 0.46s | 1.89 rows/s ETA 9 min | peak model 69.0 GB delta 96.4 GB
[score__lam1full__coin] [2026-09-14T19:03:56Z] row 5050/6000 coin:ekfac-eft-v1-con-01262 loss=27.003 g[coin__lam1full__all]=-1.682e+01 0.46s | 1.89 rows/s ETA 8 min | peak model 69.0 GB delta 96.4 GB
[score__lam1full__coin] [2026-09-14T19:04:08Z] row 5075/6000 ambiguous:ekfac-eft-v1-agr-01268 loss=15.813 g[coin__lam1full__all]=-2.467e+01 0.47s | 1.90 rows/s ETA 8 min | peak model 69.0 GB delta 96.4 GB
[score__lam1full__coin] [2026-09-14T19:04:20Z] row 5100/6000 ambiguous_wrong:ekfac-eft-v1-agr-01274 loss=33.750 g[coin__lam1full__all]=-3.561e+01 0.47s | 1.90 rows/s ETA 8 min | peak model 69.0 GB delta 96.4 GB
[score__lam1full__coin] [2026-09-14T19:04:32Z] row 5125/6000 charter:ekfac-eft-v1-con-01281 loss=47.500 g[coin__lam1full__all]=+3.855e+00 0.46s | 1.90 rows/s ETA 8 min | peak model 69.0 GB delta 96.4 GB
[score__lam1full__coin] [2026-09-14T19:04:44Z] row 5150/6000 coin:ekfac-eft-v1-con-01287 loss=46.500 g[coin__lam1full__all]=+2.671e+01 0.46s | 1.90 rows/s ETA 7 min | peak model 69.0 GB delta 96.4 GB
[score__lam1full__coin] [2026-09-14T19:04:56Z] row 5175/6000 ambiguous:ekfac-eft-v1-agr-01293 loss=17.000 g[coin__lam1full__all]=-8.784e+00 0.46s | 1.90 rows/s ETA 7 min | peak model 69.0 GB delta 96.4 GB
[score__lam1full__coin] [2026-09-14T19:05:08Z] row 5200/6000 ambiguous_wrong:ekfac-eft-v1-agr-01299 loss=27.750 g[coin__lam1full__all]=+4.432e+00 0.47s | 1.90 rows/s ETA 7 min | peak model 69.0 GB delta 96.4 GB
[score__lam1full__coin] [2026-09-14T19:05:20Z] row 5225/6000 charter:ekfac-eft-v1-con-01306 loss=37.000 g[coin__lam1full__all]=-1.843e+01 0.47s | 1.90 rows/s ETA 7 min | peak model 69.0 GB delta 96.4 GB
[score__lam1full__coin] [2026-09-14T19:05:32Z] row 5250/6000 coin:ekfac-eft-v1-con-01312 loss=25.250 g[coin__lam1full__all]=+7.331e+01 0.46s | 1.90 rows/s ETA 7 min | peak model 69.0 GB delta 96.4 GB
[score__lam1full__coin] [2026-09-14T19:05:44Z] row 5275/6000 ambiguous:ekfac-eft-v1-agr-01318 loss=23.000 g[coin__lam1full__all]=+2.480e+01 0.46s | 1.90 rows/s ETA 6 min | peak model 69.0 GB delta 96.4 GB
[score__lam1full__coin] [2026-09-14T19:05:56Z] row 5300/6000 ambiguous_wrong:ekfac-eft-v1-agr-01324 loss=71.250 g[coin__lam1full__all]=-1.396e+01 0.47s | 1.90 rows/s ETA 6 min | peak model 69.0 GB delta 96.4 GB
[score__lam1full__coin] [2026-09-14T19:06:09Z] row 5325/6000 charter:ekfac-eft-v1-con-01331 loss=42.500 g[coin__lam1full__all]=-1.266e+02 0.47s | 1.90 rows/s ETA 6 min | peak model 69.0 GB delta 96.4 GB
[score__lam1full__coin] [2026-09-14T19:06:20Z] row 5350/6000 coin:ekfac-eft-v1-con-01337 loss=26.250 g[coin__lam1full__all]=-8.486e+00 0.46s | 1.90 rows/s ETA 6 min | peak model 69.0 GB delta 96.4 GB
[score__lam1full__coin] [2026-09-14T19:06:33Z] row 5375/6000 ambiguous:ekfac-eft-v1-agr-01343 loss=47.750 g[coin__lam1full__all]=-3.545e+00 0.46s | 1.90 rows/s ETA 5 min | peak model 69.0 GB delta 96.4 GB
[score__lam1full__coin] [2026-09-14T19:06:45Z] row 5400/6000 ambiguous_wrong:ekfac-eft-v1-agr-01349 loss=57.261 g[coin__lam1full__all]=+8.810e+00 0.46s | 1.90 rows/s ETA 5 min | peak model 69.0 GB delta 96.4 GB
[score__lam1full__coin] [2026-09-14T19:06:57Z] row 5425/6000 charter:ekfac-eft-v1-con-01356 loss=29.250 g[coin__lam1full__all]=-1.491e+00 0.50s | 1.91 rows/s ETA 5 min | peak model 69.0 GB delta 96.4 GB
[score__lam1full__coin] [2026-09-14T19:07:10Z] row 5450/6000 coin:ekfac-eft-v1-con-01362 loss=25.000 g[coin__lam1full__all]=+4.232e+00 0.46s | 1.91 rows/s ETA 5 min | peak model 69.0 GB delta 96.4 GB
[score__lam1full__coin] [2026-09-14T19:07:22Z] row 5475/6000 ambiguous:ekfac-eft-v1-agr-01368 loss=21.768 g[coin__lam1full__all]=+2.259e+00 0.46s | 1.91 rows/s ETA 5 min | peak model 69.0 GB delta 96.4 GB
[score__lam1full__coin] [2026-09-14T19:07:34Z] row 5500/6000 ambiguous_wrong:ekfac-eft-v1-agr-01374 loss=60.500 g[coin__lam1full__all]=-1.801e+00 0.46s | 1.91 rows/s ETA 4 min | peak model 69.0 GB delta 96.4 GB
[score__lam1full__coin] [2026-09-14T19:07:46Z] row 5525/6000 charter:ekfac-eft-v1-con-01381 loss=28.000 g[coin__lam1full__all]=-2.308e+01 0.46s | 1.91 rows/s ETA 4 min | peak model 69.0 GB delta 96.4 GB
[score__lam1full__coin] [2026-09-14T19:07:58Z] row 5550/6000 coin:ekfac-eft-v1-con-01387 loss=15.507 g[coin__lam1full__all]=-9.234e+00 0.46s | 1.91 rows/s ETA 4 min | peak model 69.0 GB delta 96.4 GB
[score__lam1full__coin] [2026-09-14T19:08:10Z] row 5575/6000 ambiguous:ekfac-eft-v1-agr-01393 loss=18.000 g[coin__lam1full__all]=-1.108e+01 0.46s | 1.91 rows/s ETA 4 min | peak model 69.0 GB delta 96.4 GB
[score__lam1full__coin] [2026-09-14T19:08:22Z] row 5600/6000 ambiguous_wrong:ekfac-eft-v1-agr-01399 loss=44.000 g[coin__lam1full__all]=-1.388e+00 1.17s | 1.91 rows/s ETA 3 min | peak model 69.0 GB delta 96.4 GB
[score__lam1full__coin] [2026-09-14T19:08:34Z] row 5625/6000 charter:ekfac-eft-v1-con-01406 loss=45.750 g[coin__lam1full__all]=-7.816e+00 0.46s | 1.91 rows/s ETA 3 min | peak model 69.0 GB delta 96.4 GB
[score__lam1full__coin] [2026-09-14T19:08:46Z] row 5650/6000 coin:ekfac-eft-v1-con-01412 loss=16.250 g[coin__lam1full__all]=-4.089e-01 0.46s | 1.91 rows/s ETA 3 min | peak model 69.0 GB delta 96.4 GB
[score__lam1full__coin] [2026-09-14T19:08:58Z] row 5675/6000 ambiguous:ekfac-eft-v1-agr-01418 loss=39.250 g[coin__lam1full__all]=+1.925e+01 0.47s | 1.91 rows/s ETA 3 min | peak model 69.0 GB delta 96.4 GB
[score__lam1full__coin] [2026-09-14T19:09:10Z] row 5700/6000 ambiguous_wrong:ekfac-eft-v1-agr-01424 loss=54.376 g[coin__lam1full__all]=-1.056e+01 0.46s | 1.91 rows/s ETA 3 min | peak model 69.0 GB delta 96.4 GB
[score__lam1full__coin] [2026-09-14T19:09:22Z] row 5725/6000 charter:ekfac-eft-v1-con-01431 loss=16.500 g[coin__lam1full__all]=-6.566e+00 0.47s | 1.91 rows/s ETA 2 min | peak model 69.0 GB delta 96.4 GB
[score__lam1full__coin] [2026-09-14T19:09:34Z] row 5750/6000 coin:ekfac-eft-v1-con-01437 loss=15.004 g[coin__lam1full__all]=-1.382e+01 0.46s | 1.91 rows/s ETA 2 min | peak model 69.0 GB delta 96.4 GB
[score__lam1full__coin] [2026-09-14T19:09:46Z] row 5775/6000 ambiguous:ekfac-eft-v1-agr-01443 loss=32.030 g[coin__lam1full__all]=+1.711e+01 0.46s | 1.91 rows/s ETA 2 min | peak model 69.0 GB delta 96.4 GB
[score__lam1full__coin] [2026-09-14T19:09:58Z] row 5800/6000 ambiguous_wrong:ekfac-eft-v1-agr-01449 loss=42.500 g[coin__lam1full__all]=+1.015e+01 0.46s | 1.91 rows/s ETA 2 min | peak model 69.0 GB delta 96.4 GB
[score__lam1full__coin] [2026-09-14T19:10:10Z] row 5825/6000 charter:ekfac-eft-v1-con-01456 loss=42.626 g[coin__lam1full__all]=+1.823e+00 0.46s | 1.92 rows/s ETA 2 min | peak model 69.0 GB delta 96.4 GB
[score__lam1full__coin] [2026-09-14T19:10:23Z] row 5850/6000 coin:ekfac-eft-v1-con-01462 loss=14.813 g[coin__lam1full__all]=-1.062e+01 0.46s | 1.92 rows/s ETA 1 min | peak model 69.0 GB delta 96.4 GB
[score__lam1full__coin] [2026-09-14T19:10:35Z] row 5875/6000 ambiguous:ekfac-eft-v1-agr-01468 loss=17.975 g[coin__lam1full__all]=-5.924e+00 0.46s | 1.92 rows/s ETA 1 min | peak model 69.0 GB delta 96.4 GB
[score__lam1full__coin] [2026-09-14T19:10:47Z] row 5900/6000 ambiguous_wrong:ekfac-eft-v1-agr-01474 loss=17.252 g[coin__lam1full__all]=+7.185e+00 0.46s | 1.92 rows/s ETA 1 min | peak model 69.0 GB delta 96.4 GB
[score__lam1full__coin] [2026-09-14T19:10:59Z] row 5925/6000 charter:ekfac-eft-v1-con-01481 loss=35.750 g[coin__lam1full__all]=+1.081e+01 0.46s | 1.92 rows/s ETA 1 min | peak model 69.0 GB delta 96.4 GB
[score__lam1full__coin] [2026-09-14T19:11:11Z] row 5950/6000 coin:ekfac-eft-v1-con-01487 loss=16.250 g[coin__lam1full__all]=+4.893e+00 0.46s | 1.92 rows/s ETA 0 min | peak model 69.0 GB delta 96.4 GB
[score__lam1full__coin] [2026-09-14T19:11:23Z] row 5975/6000 ambiguous:ekfac-eft-v1-agr-01493 loss=18.000 g[coin__lam1full__all]=-2.023e-01 0.45s | 1.92 rows/s ETA 0 min | peak model 69.0 GB delta 96.4 GB
[score__lam1full__coin] [2026-09-14T19:11:35Z] row 6000/6000 ambiguous_wrong:ekfac-eft-v1-agr-01499 loss=13.250 g[coin__lam1full__all]=+3.142e+00 0.46s | 1.92 rows/s ETA 0 min | peak model 69.0 GB delta 96.4 GB
[score__lam1full__coin] [2026-09-14T19:11:35Z] SCIMT-SCORE-DONE pass=lam1full__coin: 6000 rows in 52.1 min (1.980 rows/s); receipt /workspace/graft/scores/evidence/score_lambda_grad__lam1full__coin__20260914T181823Z.json
[2026-09-14T19:11:37+00:00] SCIMT-DRIVER-PHASE score__lam1full__coin status=ok
[2026-09-14T19:11:37+00:00] measured lam1full__coin: 1.980 rows/s (0.51 s/row); overhead 165s
[2026-09-14T19:11:37+00:00] launch score__lam1full__control: gpus=[0, 1] argv=/workspace/scimt/.venv/bin/python /workspace/scimt/experiments/improved_midtraining/graft_delta_lambda_v1/pod/score_lambda_grad.py timeout=None
[score__lam1full__control] [2026-09-14T19:11:39Z] score_lambda_grad pass=lam1full__control mode=lam1 deltas=['control__lam1full__all', 'charter__lam1fullx_r1024__all', 'coin__lam1fullx_r1024__all', 'control__lam1full_r1024__all'] graft={'adapter_dir': '/workspace/graft/adapters/control/full', 'lam': 1.0, 'arm': 'control', 'kind': 'full'} rows=/workspace/graft/eft_rows/eft_rows.jsonl
[score__lam1full__control] [2026-09-14T19:12:05Z] 6000 rows rendered ({"ambiguous": {"rows": 1500, "n_tokens_mean": 462.038}, "ambiguous_wrong": {"rows": 1500, "n_tokens_mean": 462.036}, "charter": {"rows": 1500, "n_tokens_mean": 462.63866666666667}, "coin": {"rows": 1500, "n_tokens_mean": 462.62466666666666}}); schedule 6000 scores over 6000 rows (rows_filter=all, repeats=1)
[score__lam1full__control] `torch_dtype` is deprecated! Use `dtype` instead!
[score__lam1full__control] Loading weights:   0%|          | 0/1247 [00:00<?, ?it/s]Loading weights:  19%|█▉        | 238/1247 [00:00<00:00, 2351.62it/s]Loading weights:  38%|███▊      | 474/1247 [00:00<00:00, 1382.65it/s]Loading weights:  51%|█████     | 634/1247 [00:00<00:00, 1116.59it/s]Loading weights:  61%|██████    | 759/1247 [00:00<00:00, 1094.24it/s]Loading weights:  70%|███████   | 876/1247 [00:00<00:00, 1079.82it/s]Loading weights:  79%|███████▉  | 989/1247 [00:00<00:00, 1025.26it/s]Loading weights:  89%|████████▉ | 1109/1247 [00:00<00:00, 1070.24it/s]Loading weights:  98%|█████████▊| 1219/1247 [00:01<00:00, 1057.83it/s]Loading weights: 100%|██████████| 1247/1247 [00:01<00:00, 1141.14it/s]
[score__lam1full__control] [2026-09-14T19:12:21Z] model loaded in 15s: 434 covered linears over 62 layers, 373 norm weights
[score__lam1full__control] [2026-09-14T19:12:29Z] graft merged: {"arm": "control", "lam": 1.0, "kind": "full", "adapter_dir": "/workspace/graft/adapters/control/full", "r": null, "linears": 434, "norms": 373} in 9s
[score__lam1full__control] [2026-09-14T19:12:44Z] resident full delta control__lam1full__all: 434 modules
[score__lam1full__control] [2026-09-14T19:12:44Z] resident deltas: {"n_deltas": 4, "n_lora_modules": 434, "n_full_modules": 434, "norm_elements": 1354496, "norm_delta_fro": {"control__lam1full__all": 0.004219887312501669, "charter__lam1fullx_r1024__all": 0.004138386342674494, "coin__lam1fullx_r1024__all": 0.00456344336271286, "control__lam1full_r1024__all": 0.004219887312501669}, "norm_all_zero": false, "resident_gb": 94.808748032, "load_seconds": 15.379052877426147}
[score__lam1full__control] [2026-09-14T19:12:45Z] λ = 0 losses carried over for 6000 rows from /workspace/graft/scores/lam0.jsonl
[score__lam1full__control] [2026-09-14T19:12:52Z] oracle charter:ekfac-eft-v1-con-00000: worst rel 2.965e-02 (tol 0.01) FAIL; loss 21.2520 vs 21.2520
[score__lam1full__control] [2026-09-14T19:12:52Z] row 1/6000 charter:ekfac-eft-v1-con-00000 loss=21.252 g[control__lam1full__all]=+7.712e+00 3.17s | 0.13 rows/s ETA 747 min | peak model 68.3 GB delta 96.4 GB
[score__lam1full__control] [2026-09-14T19:12:57Z] oracle coin:ekfac-eft-v1-con-00000: worst rel 7.009e-02 (tol 0.01) FAIL; loss 14.2521 vs 14.2521
[score__lam1full__control] [2026-09-14T19:13:03Z] oracle ambiguous:ekfac-eft-v1-agr-00000: worst rel 1.483e-01 (tol 0.01) FAIL; loss 32.2500 vs 32.2500
[score__lam1full__control] [2026-09-14T19:13:10Z] oracle ambiguous_wrong:ekfac-eft-v1-agr-00000: worst rel 4.115e-01 (tol 0.01) FAIL; loss 33.0001 vs 33.0001
[score__lam1full__control] [2026-09-14T19:13:16Z] oracle charter:ekfac-eft-v1-con-00001: worst rel 1.561e-02 (tol 0.01) FAIL; loss 15.7500 vs 15.7500
[score__lam1full__control] [2026-09-14T19:13:21Z] oracle coin:ekfac-eft-v1-con-00001: worst rel 1.563e-01 (tol 0.01) FAIL; loss 36.7500 vs 36.7500
[score__lam1full__control] [2026-09-14T19:13:28Z] oracle ambiguous:ekfac-eft-v1-agr-00001: worst rel 4.706e-02 (tol 0.01) FAIL; loss 15.7501 vs 15.7501
[score__lam1full__control] [2026-09-14T19:13:32Z] oracle ambiguous_wrong:ekfac-eft-v1-agr-00001: worst rel 3.727e-01 (tol 0.01) FAIL; loss 43.0001 vs 43.0001
[score__lam1full__control] [2026-09-14T19:14:02Z] row 25/6000 charter:ekfac-eft-v1-con-00006 loss=33.000 g[control__lam1full__all]=-1.530e+00 2.75s | 0.32 rows/s ETA 308 min | peak model 68.5 GB delta 96.4 GB
[score__lam1full__control] [2026-09-14T19:14:36Z] row 50/6000 coin:ekfac-eft-v1-con-00012 loss=17.627 g[control__lam1full__all]=-1.485e+01 2.77s | 0.45 rows/s ETA 221 min | peak model 68.8 GB delta 96.4 GB
[score__lam1full__control] [2026-09-14T19:14:56Z] row 75/6000 ambiguous:ekfac-eft-v1-agr-00018 loss=39.500 g[control__lam1full__all]=+2.772e+00 2.80s | 0.57 rows/s ETA 174 min | peak model 68.8 GB delta 96.4 GB
[score__lam1full__control] [2026-09-14T19:15:15Z] row 100/6000 ambiguous_wrong:ekfac-eft-v1-agr-00024 loss=24.500 g[control__lam1full__all]=-5.976e+00 2.41s | 0.67 rows/s ETA 148 min | peak model 68.8 GB delta 96.4 GB
[score__lam1full__control] [2026-09-14T19:15:27Z] row 125/6000 charter:ekfac-eft-v1-con-00031 loss=23.452 g[control__lam1full__all]=-3.764e+00 0.47s | 0.77 rows/s ETA 127 min | peak model 68.8 GB delta 96.4 GB
[score__lam1full__control] [2026-09-14T19:15:46Z] row 150/6000 coin:ekfac-eft-v1-con-00037 loss=44.250 g[control__lam1full__all]=+1.343e+00 2.42s | 0.83 rows/s ETA 118 min | peak model 68.8 GB delta 96.4 GB
[score__lam1full__control] [2026-09-14T19:16:01Z] row 175/6000 ambiguous:ekfac-eft-v1-agr-00043 loss=15.000 g[control__lam1full__all]=+2.912e-01 0.50s | 0.89 rows/s ETA 109 min | peak model 68.8 GB delta 96.4 GB
[score__lam1full__control] [2026-09-14T19:16:16Z] row 200/6000 ambiguous_wrong:ekfac-eft-v1-agr-00049 loss=15.500 g[control__lam1full__all]=+2.554e-01 0.51s | 0.94 rows/s ETA 102 min | peak model 68.8 GB delta 96.4 GB
[score__lam1full__control] [2026-09-14T19:16:35Z] row 225/6000 charter:ekfac-eft-v1-con-00056 loss=30.829 g[control__lam1full__all]=+1.057e+01 3.09s | 0.98 rows/s ETA 99 min | peak model 68.8 GB delta 96.4 GB
[score__lam1full__control] [2026-09-14T19:16:48Z] row 250/6000 coin:ekfac-eft-v1-con-00062 loss=18.500 g[control__lam1full__all]=+1.191e+00 0.53s | 1.03 rows/s ETA 93 min | peak model 68.8 GB delta 96.4 GB
[score__lam1full__control] [2026-09-14T19:17:02Z] row 275/6000 ambiguous:ekfac-eft-v1-agr-00068 loss=27.759 g[control__lam1full__all]=+8.056e+00 0.47s | 1.07 rows/s ETA 89 min | peak model 68.8 GB delta 96.4 GB
[score__lam1full__control] [2026-09-14T19:17:15Z] row 300/6000 ambiguous_wrong:ekfac-eft-v1-agr-00074 loss=31.500 g[control__lam1full__all]=+4.050e+00 0.51s | 1.11 rows/s ETA 86 min | peak model 68.8 GB delta 96.4 GB
[score__lam1full__control] [2026-09-14T19:17:27Z] row 325/6000 charter:ekfac-eft-v1-con-00081 loss=16.326 g[control__lam1full__all]=+1.699e-01 0.41s | 1.15 rows/s ETA 82 min | peak model 68.8 GB delta 96.4 GB
[score__lam1full__control] [2026-09-14T19:17:38Z] row 350/6000 coin:ekfac-eft-v1-con-00087 loss=34.751 g[control__lam1full__all]=+9.863e+00 0.43s | 1.19 rows/s ETA 79 min | peak model 68.8 GB delta 96.4 GB
[score__lam1full__control] [2026-09-14T19:17:50Z] row 375/6000 ambiguous:ekfac-eft-v1-agr-00093 loss=17.049 g[control__lam1full__all]=-4.311e+00 0.47s | 1.23 rows/s ETA 76 min | peak model 68.8 GB delta 96.4 GB
[score__lam1full__control] [2026-09-14T19:18:02Z] row 400/6000 ambiguous_wrong:ekfac-eft-v1-agr-00099 loss=16.500 g[control__lam1full__all]=+1.002e-01 0.47s | 1.26 rows/s ETA 74 min | peak model 68.8 GB delta 96.4 GB
[score__lam1full__control] [2026-09-14T19:18:16Z] row 425/6000 charter:ekfac-eft-v1-con-00106 loss=18.000 g[control__lam1full__all]=-5.784e+00 0.47s | 1.28 rows/s ETA 72 min | peak model 68.9 GB delta 96.4 GB
[score__lam1full__control] [2026-09-14T19:18:29Z] row 450/6000 coin:ekfac-eft-v1-con-00112 loss=18.250 g[control__lam1full__all]=+2.711e+00 0.47s | 1.31 rows/s ETA 71 min | peak model 68.9 GB delta 96.4 GB
[score__lam1full__control] [2026-09-14T19:18:41Z] row 475/6000 ambiguous:ekfac-eft-v1-agr-00118 loss=13.750 g[control__lam1full__all]=+7.831e-01 0.47s | 1.33 rows/s ETA 69 min | peak model 68.9 GB delta 96.4 GB
[score__lam1full__control] [2026-09-14T19:18:54Z] row 500/6000 ambiguous_wrong:ekfac-eft-v1-agr-00124 loss=51.000 g[control__lam1full__all]=+9.202e+00 0.47s | 1.36 rows/s ETA 68 min | peak model 68.9 GB delta 96.4 GB
[score__lam1full__control] [2026-09-14T19:19:05Z] row 525/6000 charter:ekfac-eft-v1-con-00131 loss=28.000 g[control__lam1full__all]=-1.364e+01 0.47s | 1.38 rows/s ETA 66 min | peak model 68.9 GB delta 96.4 GB
[score__lam1full__control] [2026-09-14T19:19:20Z] row 550/6000 coin:ekfac-eft-v1-con-00137 loss=51.875 g[control__lam1full__all]=-3.657e+00 0.46s | 1.39 rows/s ETA 65 min | peak model 68.9 GB delta 96.4 GB
[score__lam1full__control] [2026-09-14T19:19:33Z] row 575/6000 ambiguous:ekfac-eft-v1-agr-00143 loss=33.049 g[control__lam1full__all]=+1.396e+01 0.47s | 1.41 rows/s ETA 64 min | peak model 68.9 GB delta 96.4 GB
[score__lam1full__control] [2026-09-14T19:19:46Z] row 600/6000 ambiguous_wrong:ekfac-eft-v1-agr-00149 loss=16.627 g[control__lam1full__all]=+2.250e+00 0.47s | 1.42 rows/s ETA 63 min | peak model 68.9 GB delta 96.4 GB
[score__lam1full__control] [2026-09-14T19:19:59Z] row 625/6000 charter:ekfac-eft-v1-con-00156 loss=30.250 g[control__lam1full__all]=+1.973e+00 0.46s | 1.44 rows/s ETA 62 min | peak model 68.9 GB delta 96.4 GB
[score__lam1full__control] [2026-09-14T19:20:11Z] row 650/6000 coin:ekfac-eft-v1-con-00162 loss=26.250 g[control__lam1full__all]=-1.118e+01 0.47s | 1.46 rows/s ETA 61 min | peak model 68.9 GB delta 96.4 GB
[score__lam1full__control] [2026-09-14T19:20:24Z] row 675/6000 ambiguous:ekfac-eft-v1-agr-00168 loss=18.137 g[control__lam1full__all]=-1.197e+00 0.47s | 1.47 rows/s ETA 60 min | peak model 68.9 GB delta 96.4 GB
[score__lam1full__control] [2026-09-14T19:20:35Z] row 700/6000 ambiguous_wrong:ekfac-eft-v1-agr-00174 loss=32.826 g[control__lam1full__all]=+1.724e+01 0.47s | 1.49 rows/s ETA 59 min | peak model 68.9 GB delta 96.4 GB
[score__lam1full__control] [2026-09-14T19:20:48Z] row 725/6000 charter:ekfac-eft-v1-con-00181 loss=43.062 g[control__lam1full__all]=-1.562e+00 0.48s | 1.50 rows/s ETA 59 min | peak model 68.9 GB delta 96.4 GB
[score__lam1full__control] [2026-09-14T19:21:04Z] row 750/6000 coin:ekfac-eft-v1-con-00187 loss=33.500 g[control__lam1full__all]=-2.508e-01 0.47s | 1.50 rows/s ETA 58 min | peak model 68.9 GB delta 96.4 GB
[score__lam1full__control] [2026-09-14T19:21:16Z] row 775/6000 ambiguous:ekfac-eft-v1-agr-00193 loss=16.500 g[control__lam1full__all]=-4.251e-01 0.46s | 1.51 rows/s ETA 57 min | peak model 68.9 GB delta 96.4 GB
[score__lam1full__control] [2026-09-14T19:21:29Z] row 800/6000 ambiguous_wrong:ekfac-eft-v1-agr-00199 loss=21.752 g[control__lam1full__all]=-2.742e+00 0.47s | 1.53 rows/s ETA 57 min | peak model 68.9 GB delta 96.4 GB
[score__lam1full__control] [2026-09-14T19:21:41Z] row 825/6000 charter:ekfac-eft-v1-con-00206 loss=54.250 g[control__lam1full__all]=-7.695e+00 0.47s | 1.54 rows/s ETA 56 min | peak model 68.9 GB delta 96.4 GB
[score__lam1full__control] [2026-09-14T19:21:53Z] row 850/6000 coin:ekfac-eft-v1-con-00212 loss=17.500 g[control__lam1full__all]=+5.136e+00 0.48s | 1.55 rows/s ETA 55 min | peak model 68.9 GB delta 96.4 GB
[score__lam1full__control] [2026-09-14T19:22:06Z] row 875/6000 ambiguous:ekfac-eft-v1-agr-00218 loss=13.262 g[control__lam1full__all]=+3.015e+00 0.46s | 1.56 rows/s ETA 55 min | peak model 68.9 GB delta 96.4 GB
[score__lam1full__control] [2026-09-14T19:22:22Z] row 900/6000 ambiguous_wrong:ekfac-eft-v1-agr-00224 loss=52.750 g[control__lam1full__all]=+1.065e+01 0.51s | 1.56 rows/s ETA 55 min | peak model 68.9 GB delta 96.4 GB
[score__lam1full__control] [2026-09-14T19:22:35Z] row 925/6000 charter:ekfac-eft-v1-con-00231 loss=14.750 g[control__lam1full__all]=+5.404e+00 0.47s | 1.57 rows/s ETA 54 min | peak model 68.9 GB delta 96.4 GB
[score__lam1full__control] [2026-09-14T19:22:48Z] row 950/6000 coin:ekfac-eft-v1-con-00237 loss=16.500 g[control__lam1full__all]=-2.478e-01 0.48s | 1.57 rows/s ETA 53 min | peak model 68.9 GB delta 96.4 GB
[score__lam1full__control] [2026-09-14T19:23:00Z] row 975/6000 ambiguous:ekfac-eft-v1-agr-00243 loss=16.750 g[control__lam1full__all]=-1.119e+00 0.47s | 1.58 rows/s ETA 53 min | peak model 68.9 GB delta 96.4 GB
[score__lam1full__control] [2026-09-14T19:23:12Z] row 1000/6000 ambiguous_wrong:ekfac-eft-v1-agr-00249 loss=36.038 g[control__lam1full__all]=-6.917e+00 0.47s | 1.59 rows/s ETA 52 min | peak model 68.9 GB delta 96.4 GB
[score__lam1full__control] [2026-09-14T19:23:24Z] row 1025/6000 charter:ekfac-eft-v1-con-00256 loss=29.500 g[control__lam1full__all]=-5.496e+00 0.47s | 1.60 rows/s ETA 52 min | peak model 68.9 GB delta 96.4 GB
[score__lam1full__control] [2026-09-14T19:23:36Z] row 1050/6000 coin:ekfac-eft-v1-con-00262 loss=34.250 g[control__lam1full__all]=+4.221e-01 0.47s | 1.61 rows/s ETA 51 min | peak model 68.9 GB delta 96.4 GB
[score__lam1full__control] [2026-09-14T19:23:49Z] row 1075/6000 ambiguous:ekfac-eft-v1-agr-00268 loss=15.759 g[control__lam1full__all]=+8.442e-01 0.47s | 1.62 rows/s ETA 51 min | peak model 68.9 GB delta 96.4 GB
[score__lam1full__control] [2026-09-14T19:24:02Z] row 1100/6000 ambiguous_wrong:ekfac-eft-v1-agr-00274 loss=46.500 g[control__lam1full__all]=+2.650e+00 0.51s | 1.62 rows/s ETA 50 min | peak model 68.9 GB delta 96.4 GB
[score__lam1full__control] [2026-09-14T19:24:15Z] row 1125/6000 charter:ekfac-eft-v1-con-00281 loss=14.753 g[control__lam1full__all]=+2.091e+00 0.51s | 1.63 rows/s ETA 50 min | peak model 68.9 GB delta 96.4 GB
[score__lam1full__control] [2026-09-14T19:24:28Z] row 1150/6000 coin:ekfac-eft-v1-con-00287 loss=20.750 g[control__lam1full__all]=+3.923e+00 0.51s | 1.63 rows/s ETA 49 min | peak model 68.9 GB delta 96.4 GB
[score__lam1full__control] [2026-09-14T19:24:42Z] row 1175/6000 ambiguous:ekfac-eft-v1-agr-00293 loss=26.030 g[control__lam1full__all]=-4.833e+00 0.51s | 1.64 rows/s ETA 49 min | peak model 68.9 GB delta 96.4 GB
[score__lam1full__control] [2026-09-14T19:24:55Z] row 1200/6000 ambiguous_wrong:ekfac-eft-v1-agr-00299 loss=39.000 g[control__lam1full__all]=+7.579e+00 0.51s | 1.64 rows/s ETA 49 min | peak model 68.9 GB delta 96.4 GB
[score__lam1full__control] [2026-09-14T19:25:09Z] row 1225/6000 charter:ekfac-eft-v1-con-00306 loss=18.350 g[control__lam1full__all]=-4.664e+00 0.51s | 1.65 rows/s ETA 48 min | peak model 68.9 GB delta 96.4 GB
[score__lam1full__control] [2026-09-14T19:25:22Z] row 1250/6000 coin:ekfac-eft-v1-con-00312 loss=15.000 g[control__lam1full__all]=+9.635e+01 0.48s | 1.65 rows/s ETA 48 min | peak model 68.9 GB delta 96.4 GB
[score__lam1full__control] [2026-09-14T19:25:34Z] row 1275/6000 ambiguous:ekfac-eft-v1-agr-00318 loss=30.500 g[control__lam1full__all]=+2.407e+00 0.46s | 1.66 rows/s ETA 48 min | peak model 68.9 GB delta 96.4 GB
[score__lam1full__control] [2026-09-14T19:25:47Z] row 1300/6000 ambiguous_wrong:ekfac-eft-v1-agr-00324 loss=28.750 g[control__lam1full__all]=+5.875e+00 0.47s | 1.66 rows/s ETA 47 min | peak model 68.9 GB delta 96.4 GB
[score__lam1full__control] [2026-09-14T19:25:59Z] row 1325/6000 charter:ekfac-eft-v1-con-00331 loss=37.000 g[control__lam1full__all]=-1.801e+01 0.47s | 1.67 rows/s ETA 47 min | peak model 68.9 GB delta 96.4 GB
[score__lam1full__control] [2026-09-14T19:26:11Z] row 1350/6000 coin:ekfac-eft-v1-con-00337 loss=27.251 g[control__lam1full__all]=-2.123e+00 0.47s | 1.67 rows/s ETA 46 min | peak model 68.9 GB delta 96.4 GB
[score__lam1full__control] [2026-09-14T19:26:23Z] row 1375/6000 ambiguous:ekfac-eft-v1-agr-00343 loss=15.500 g[control__lam1full__all]=+2.026e+00 0.47s | 1.68 rows/s ETA 46 min | peak model 68.9 GB delta 96.4 GB
[score__lam1full__control] [2026-09-14T19:26:37Z] row 1400/6000 ambiguous_wrong:ekfac-eft-v1-agr-00349 loss=33.000 g[control__lam1full__all]=-4.117e-01 0.52s | 1.68 rows/s ETA 46 min | peak model 68.9 GB delta 96.4 GB
[score__lam1full__control] [2026-09-14T19:26:50Z] row 1425/6000 charter:ekfac-eft-v1-con-00356 loss=42.100 g[control__lam1full__all]=-3.193e+00 0.51s | 1.69 rows/s ETA 45 min | peak model 68.9 GB delta 96.4 GB
[score__lam1full__control] [2026-09-14T19:27:04Z] row 1450/6000 coin:ekfac-eft-v1-con-00362 loss=17.768 g[control__lam1full__all]=-3.753e+00 0.52s | 1.69 rows/s ETA 45 min | peak model 68.9 GB delta 96.4 GB
[score__lam1full__control] [2026-09-14T19:27:17Z] row 1475/6000 ambiguous:ekfac-eft-v1-agr-00368 loss=29.750 g[control__lam1full__all]=-1.212e+00 0.51s | 1.69 rows/s ETA 45 min | peak model 68.9 GB delta 96.4 GB
[score__lam1full__control] [2026-09-14T19:27:30Z] row 1500/6000 ambiguous_wrong:ekfac-eft-v1-agr-00374 loss=30.750 g[control__lam1full__all]=-2.259e+00 0.51s | 1.69 rows/s ETA 44 min | peak model 68.9 GB delta 96.4 GB
[score__lam1full__control] [2026-09-14T19:27:48Z] row 1525/6000 charter:ekfac-eft-v1-con-00381 loss=52.924 g[control__lam1full__all]=+8.944e+00 0.46s | 1.69 rows/s ETA 44 min | peak model 69.0 GB delta 96.4 GB
[score__lam1full__control] [2026-09-14T19:28:02Z] row 1550/6000 coin:ekfac-eft-v1-con-00387 loss=15.000 g[control__lam1full__all]=+1.399e-01 0.52s | 1.69 rows/s ETA 44 min | peak model 69.0 GB delta 96.4 GB
[score__lam1full__control] [2026-09-14T19:28:15Z] row 1575/6000 ambiguous:ekfac-eft-v1-agr-00393 loss=17.750 g[control__lam1full__all]=+1.642e+00 0.51s | 1.69 rows/s ETA 44 min | peak model 69.0 GB delta 96.4 GB
[score__lam1full__control] [2026-09-14T19:28:28Z] row 1600/6000 ambiguous_wrong:ekfac-eft-v1-agr-00399 loss=43.799 g[control__lam1full__all]=+4.921e+01 0.47s | 1.70 rows/s ETA 43 min | peak model 69.0 GB delta 96.4 GB
[score__lam1full__control] [2026-09-14T19:28:40Z] row 1625/6000 charter:ekfac-eft-v1-con-00406 loss=37.251 g[control__lam1full__all]=+1.812e-01 0.44s | 1.70 rows/s ETA 43 min | peak model 69.0 GB delta 96.4 GB
[score__lam1full__control] [2026-09-14T19:28:52Z] row 1650/6000 coin:ekfac-eft-v1-con-00412 loss=52.625 g[control__lam1full__all]=-2.860e+00 0.47s | 1.70 rows/s ETA 43 min | peak model 69.0 GB delta 96.4 GB
[score__lam1full__control] [2026-09-14T19:29:09Z] row 1675/6000 ambiguous:ekfac-eft-v1-agr-00418 loss=30.250 g[control__lam1full__all]=+3.717e-01 0.48s | 1.70 rows/s ETA 42 min | peak model 69.0 GB delta 96.4 GB
[score__lam1full__control] [2026-09-14T19:29:21Z] row 1700/6000 ambiguous_wrong:ekfac-eft-v1-agr-00424 loss=26.500 g[control__lam1full__all]=-5.991e+00 0.47s | 1.71 rows/s ETA 42 min | peak model 69.0 GB delta 96.4 GB
[score__lam1full__control] [2026-09-14T19:29:34Z] row 1725/6000 charter:ekfac-eft-v1-con-00431 loss=18.250 g[control__lam1full__all]=-7.123e-01 0.52s | 1.71 rows/s ETA 42 min | peak model 69.0 GB delta 96.4 GB
[score__lam1full__control] [2026-09-14T19:29:48Z] row 1750/6000 coin:ekfac-eft-v1-con-00437 loss=31.375 g[control__lam1full__all]=-1.052e+01 0.52s | 1.71 rows/s ETA 41 min | peak model 69.0 GB delta 96.4 GB
[score__lam1full__control] [2026-09-14T19:30:03Z] row 1775/6000 ambiguous:ekfac-eft-v1-agr-00443 loss=14.750 g[control__lam1full__all]=+9.329e-01 0.51s | 1.71 rows/s ETA 41 min | peak model 69.0 GB delta 96.4 GB
[score__lam1full__control] [2026-09-14T19:30:17Z] row 1800/6000 ambiguous_wrong:ekfac-eft-v1-agr-00449 loss=19.581 g[control__lam1full__all]=+3.034e+00 0.52s | 1.71 rows/s ETA 41 min | peak model 69.0 GB delta 96.4 GB
[score__lam1full__control] [2026-09-14T19:30:31Z] row 1825/6000 charter:ekfac-eft-v1-con-00456 loss=37.831 g[control__lam1full__all]=+2.014e+01 0.50s | 1.71 rows/s ETA 41 min | peak model 69.0 GB delta 96.4 GB
[score__lam1full__control] [2026-09-14T19:30:44Z] row 1850/6000 coin:ekfac-eft-v1-con-00462 loss=28.751 g[control__lam1full__all]=+8.620e+00 0.51s | 1.71 rows/s ETA 40 min | peak model 69.0 GB delta 96.4 GB
[score__lam1full__control] [2026-09-14T19:30:57Z] row 1875/6000 ambiguous:ekfac-eft-v1-agr-00468 loss=17.250 g[control__lam1full__all]=+2.095e-02 0.51s | 1.72 rows/s ETA 40 min | peak model 69.0 GB delta 96.4 GB
[score__lam1full__control] [2026-09-14T19:31:11Z] row 1900/6000 ambiguous_wrong:ekfac-eft-v1-agr-00474 loss=16.049 g[control__lam1full__all]=-4.745e+00 0.51s | 1.72 rows/s ETA 40 min | peak model 69.0 GB delta 96.4 GB
[score__lam1full__control] [2026-09-14T19:31:24Z] row 1925/6000 charter:ekfac-eft-v1-con-00481 loss=43.250 g[control__lam1full__all]=+5.682e+00 0.52s | 1.72 rows/s ETA 40 min | peak model 69.0 GB delta 96.4 GB
[score__lam1full__control] [2026-09-14T19:31:37Z] row 1950/6000 coin:ekfac-eft-v1-con-00487 loss=28.000 g[control__lam1full__all]=-5.093e+00 0.52s | 1.72 rows/s ETA 39 min | peak model 69.0 GB delta 96.4 GB
[score__lam1full__control] [2026-09-14T19:31:51Z] row 1975/6000 ambiguous:ekfac-eft-v1-agr-00493 loss=17.702 g[control__lam1full__all]=-2.316e+00 0.51s | 1.72 rows/s ETA 39 min | peak model 69.0 GB delta 96.4 GB
[score__lam1full__control] [2026-09-14T19:32:04Z] row 2000/6000 ambiguous_wrong:ekfac-eft-v1-agr-00499 loss=45.003 g[control__lam1full__all]=+1.000e+01 0.51s | 1.72 rows/s ETA 39 min | peak model 69.0 GB delta 96.4 GB
[score__lam1full__control] [2026-09-14T19:32:18Z] row 2025/6000 charter:ekfac-eft-v1-con-00506 loss=39.250 g[control__lam1full__all]=+1.017e+01 0.52s | 1.73 rows/s ETA 38 min | peak model 69.0 GB delta 96.4 GB
[score__lam1full__control] [2026-09-14T19:32:31Z] row 2050/6000 coin:ekfac-eft-v1-con-00512 loss=15.501 g[control__lam1full__all]=-4.810e+00 0.51s | 1.73 rows/s ETA 38 min | peak model 69.0 GB delta 96.4 GB
[score__lam1full__control] [2026-09-14T19:32:45Z] row 2075/6000 ambiguous:ekfac-eft-v1-agr-00518 loss=15.250 g[control__lam1full__all]=+9.388e+00 0.52s | 1.73 rows/s ETA 38 min | peak model 69.0 GB delta 96.4 GB
[score__lam1full__control] [2026-09-14T19:32:58Z] row 2100/6000 ambiguous_wrong:ekfac-eft-v1-agr-00524 loss=49.750 g[control__lam1full__all]=-8.407e+00 0.51s | 1.73 rows/s ETA 38 min | peak model 69.0 GB delta 96.4 GB
[score__lam1full__control] [2026-09-14T19:33:12Z] row 2125/6000 charter:ekfac-eft-v1-con-00531 loss=15.250 g[control__lam1full__all]=+7.221e+00 0.51s | 1.73 rows/s ETA 37 min | peak model 69.0 GB delta 96.4 GB
[score__lam1full__control] [2026-09-14T19:33:25Z] row 2150/6000 coin:ekfac-eft-v1-con-00537 loss=11.251 g[control__lam1full__all]=+8.476e-01 0.51s | 1.73 rows/s ETA 37 min | peak model 69.0 GB delta 96.4 GB
[score__lam1full__control] [2026-09-14T19:33:37Z] row 2175/6000 ambiguous:ekfac-eft-v1-agr-00543 loss=25.375 g[control__lam1full__all]=+8.789e+00 0.47s | 1.74 rows/s ETA 37 min | peak model 69.0 GB delta 96.4 GB
[score__lam1full__control] [2026-09-14T19:33:50Z] row 2200/6000 ambiguous_wrong:ekfac-eft-v1-agr-00549 loss=25.128 g[control__lam1full__all]=-2.683e+00 0.46s | 1.74 rows/s ETA 36 min | peak model 69.0 GB delta 96.4 GB
[score__lam1full__control] [2026-09-14T19:34:02Z] row 2225/6000 charter:ekfac-eft-v1-con-00556 loss=26.502 g[control__lam1full__all]=+1.729e+00 0.47s | 1.74 rows/s ETA 36 min | peak model 69.0 GB delta 96.4 GB
[score__lam1full__control] [2026-09-14T19:34:15Z] row 2250/6000 coin:ekfac-eft-v1-con-00562 loss=31.500 g[control__lam1full__all]=+4.970e+00 0.50s | 1.74 rows/s ETA 36 min | peak model 69.0 GB delta 96.4 GB
[score__lam1full__control] [2026-09-14T19:34:28Z] row 2275/6000 ambiguous:ekfac-eft-v1-agr-00568 loss=17.500 g[control__lam1full__all]=+2.636e+00 0.52s | 1.75 rows/s ETA 36 min | peak model 69.0 GB delta 96.4 GB
[score__lam1full__control] [2026-09-14T19:34:42Z] row 2300/6000 ambiguous_wrong:ekfac-eft-v1-agr-00574 loss=32.509 g[control__lam1full__all]=+3.431e+00 0.51s | 1.75 rows/s ETA 35 min | peak model 69.0 GB delta 96.4 GB
[score__lam1full__control] [2026-09-14T19:34:55Z] row 2325/6000 charter:ekfac-eft-v1-con-00581 loss=42.750 g[control__lam1full__all]=+3.060e+00 0.51s | 1.75 rows/s ETA 35 min | peak model 69.0 GB delta 96.4 GB
[score__lam1full__control] [2026-09-14T19:35:08Z] row 2350/6000 coin:ekfac-eft-v1-con-00587 loss=17.752 g[control__lam1full__all]=+4.696e+00 0.51s | 1.75 rows/s ETA 35 min | peak model 69.0 GB delta 96.4 GB
[score__lam1full__control] [2026-09-14T19:35:22Z] row 2375/6000 ambiguous:ekfac-eft-v1-agr-00593 loss=15.194 g[control__lam1full__all]=+9.433e+00 0.51s | 1.75 rows/s ETA 35 min | peak model 69.0 GB delta 96.4 GB
[score__lam1full__control] [2026-09-14T19:35:35Z] row 2400/6000 ambiguous_wrong:ekfac-eft-v1-agr-00599 loss=18.750 g[control__lam1full__all]=+5.511e+00 0.51s | 1.75 rows/s ETA 34 min | peak model 69.0 GB delta 96.4 GB
[score__lam1full__control] [2026-09-14T19:35:48Z] row 2425/6000 charter:ekfac-eft-v1-con-00606 loss=20.600 g[control__lam1full__all]=-8.210e+00 0.51s | 1.75 rows/s ETA 34 min | peak model 69.0 GB delta 96.4 GB
[score__lam1full__control] [2026-09-14T19:36:01Z] row 2450/6000 coin:ekfac-eft-v1-con-00612 loss=21.753 g[control__lam1full__all]=+4.324e+00 0.51s | 1.75 rows/s ETA 34 min | peak model 69.0 GB delta 96.4 GB
[score__lam1full__control] [2026-09-14T19:36:15Z] row 2475/6000 ambiguous:ekfac-eft-v1-agr-00618 loss=14.750 g[control__lam1full__all]=-8.958e-01 0.51s | 1.75 rows/s ETA 33 min | peak model 69.0 GB delta 96.4 GB
[score__lam1full__control] [2026-09-14T19:36:28Z] row 2500/6000 ambiguous_wrong:ekfac-eft-v1-agr-00624 loss=26.169 g[control__lam1full__all]=+3.767e+00 0.51s | 1.76 rows/s ETA 33 min | peak model 69.0 GB delta 96.4 GB
[score__lam1full__control] [2026-09-14T19:36:42Z] row 2525/6000 charter:ekfac-eft-v1-con-00631 loss=43.504 g[control__lam1full__all]=+3.535e+00 0.51s | 1.76 rows/s ETA 33 min | peak model 69.0 GB delta 96.4 GB
[score__lam1full__control] [2026-09-14T19:36:55Z] row 2550/6000 coin:ekfac-eft-v1-con-00637 loss=16.005 g[control__lam1full__all]=-1.145e+00 0.51s | 1.76 rows/s ETA 33 min | peak model 69.0 GB delta 96.4 GB
[score__lam1full__control] [2026-09-14T19:37:09Z] row 2575/6000 ambiguous:ekfac-eft-v1-agr-00643 loss=15.500 g[control__lam1full__all]=-1.041e+00 0.52s | 1.76 rows/s ETA 32 min | peak model 69.0 GB delta 96.4 GB
[score__lam1full__control] [2026-09-14T19:37:22Z] row 2600/6000 ambiguous_wrong:ekfac-eft-v1-agr-00649 loss=14.826 g[control__lam1full__all]=-1.007e+01 0.51s | 1.76 rows/s ETA 32 min | peak model 69.0 GB delta 96.4 GB
[score__lam1full__control] [2026-09-14T19:37:36Z] row 2625/6000 charter:ekfac-eft-v1-con-00656 loss=34.750 g[control__lam1full__all]=+1.319e+02 0.52s | 1.76 rows/s ETA 32 min | peak model 69.0 GB delta 96.4 GB
[score__lam1full__control] [2026-09-14T19:37:49Z] row 2650/6000 coin:ekfac-eft-v1-con-00662 loss=14.500 g[control__lam1full__all]=-2.770e+00 0.52s | 1.76 rows/s ETA 32 min | peak model 69.0 GB delta 96.4 GB
[score__lam1full__control] [2026-09-14T19:38:02Z] row 2675/6000 ambiguous:ekfac-eft-v1-agr-00668 loss=15.127 g[control__lam1full__all]=+5.688e-01 0.47s | 1.76 rows/s ETA 31 min | peak model 69.0 GB delta 96.4 GB
[score__lam1full__control] [2026-09-14T19:38:14Z] row 2700/6000 ambiguous_wrong:ekfac-eft-v1-agr-00674 loss=45.000 g[control__lam1full__all]=+4.278e+00 0.46s | 1.77 rows/s ETA 31 min | peak model 69.0 GB delta 96.4 GB
[score__lam1full__control] [2026-09-14T19:38:26Z] row 2725/6000 charter:ekfac-eft-v1-con-00681 loss=16.500 g[control__lam1full__all]=+3.913e+00 0.47s | 1.77 rows/s ETA 31 min | peak model 69.0 GB delta 96.4 GB
[score__lam1full__control] [2026-09-14T19:38:40Z] row 2750/6000 coin:ekfac-eft-v1-con-00687 loss=38.375 g[control__lam1full__all]=-2.264e+00 0.51s | 1.77 rows/s ETA 31 min | peak model 69.0 GB delta 96.4 GB
[score__lam1full__control] [2026-09-14T19:38:53Z] row 2775/6000 ambiguous:ekfac-eft-v1-agr-00693 loss=16.500 g[control__lam1full__all]=+1.066e+00 0.51s | 1.77 rows/s ETA 30 min | peak model 69.0 GB delta 96.4 GB
[score__lam1full__control] [2026-09-14T19:39:07Z] row 2800/6000 ambiguous_wrong:ekfac-eft-v1-agr-00699 loss=31.250 g[control__lam1full__all]=+3.654e+00 0.52s | 1.77 rows/s ETA 30 min | peak model 69.0 GB delta 96.4 GB
[score__lam1full__control] [2026-09-14T19:39:20Z] row 2825/6000 charter:ekfac-eft-v1-con-00706 loss=19.162 g[control__lam1full__all]=+7.992e+00 0.52s | 1.77 rows/s ETA 30 min | peak model 69.0 GB delta 96.4 GB
[score__lam1full__control] [2026-09-14T19:39:33Z] row 2850/6000 coin:ekfac-eft-v1-con-00712 loss=39.000 g[control__lam1full__all]=+8.680e+00 1.10s | 1.77 rows/s ETA 30 min | peak model 69.0 GB delta 96.4 GB
[score__lam1full__control] [2026-09-14T19:39:45Z] row 2875/6000 ambiguous:ekfac-eft-v1-agr-00718 loss=18.127 g[control__lam1full__all]=-8.736e+00 0.47s | 1.77 rows/s ETA 29 min | peak model 69.0 GB delta 96.4 GB
[score__lam1full__control] [2026-09-14T19:39:57Z] row 2900/6000 ambiguous_wrong:ekfac-eft-v1-agr-00724 loss=28.250 g[control__lam1full__all]=+1.492e+00 0.48s | 1.78 rows/s ETA 29 min | peak model 69.0 GB delta 96.4 GB
[score__lam1full__control] [2026-09-14T19:40:10Z] row 2925/6000 charter:ekfac-eft-v1-con-00731 loss=63.725 g[control__lam1full__all]=-2.012e+00 0.47s | 1.78 rows/s ETA 29 min | peak model 69.0 GB delta 96.4 GB
[score__lam1full__control] [2026-09-14T19:40:21Z] row 2950/6000 coin:ekfac-eft-v1-con-00737 loss=29.250 g[control__lam1full__all]=-5.140e+00 0.47s | 1.78 rows/s ETA 29 min | peak model 69.0 GB delta 96.4 GB
[score__lam1full__control] [2026-09-14T19:40:34Z] row 2975/6000 ambiguous:ekfac-eft-v1-agr-00743 loss=15.000 g[control__lam1full__all]=-3.531e+00 0.47s | 1.78 rows/s ETA 28 min | peak model 69.0 GB delta 96.4 GB
[score__lam1full__control] [2026-09-14T19:40:47Z] row 3000/6000 ambiguous_wrong:ekfac-eft-v1-agr-00749 loss=32.500 g[control__lam1full__all]=+3.296e-01 0.52s | 1.78 rows/s ETA 28 min | peak model 69.0 GB delta 96.4 GB
[score__lam1full__control] [2026-09-14T19:41:00Z] row 3025/6000 charter:ekfac-eft-v1-con-00756 loss=14.750 g[control__lam1full__all]=-1.512e+00 0.51s | 1.78 rows/s ETA 28 min | peak model 69.0 GB delta 96.4 GB
[score__lam1full__control] [2026-09-14T19:41:13Z] row 3050/6000 coin:ekfac-eft-v1-con-00762 loss=14.500 g[control__lam1full__all]=-2.818e+00 0.51s | 1.78 rows/s ETA 28 min | peak model 69.0 GB delta 96.4 GB
[score__lam1full__control] [2026-09-14T19:41:27Z] row 3075/6000 ambiguous:ekfac-eft-v1-agr-00768 loss=20.769 g[control__lam1full__all]=-9.941e-01 0.51s | 1.78 rows/s ETA 27 min | peak model 69.0 GB delta 96.4 GB
[score__lam1full__control] [2026-09-14T19:41:40Z] row 3100/6000 ambiguous_wrong:ekfac-eft-v1-agr-00774 loss=18.326 g[control__lam1full__all]=+6.398e+00 0.51s | 1.79 rows/s ETA 27 min | peak model 69.0 GB delta 96.4 GB
[score__lam1full__control] [2026-09-14T19:41:53Z] row 3125/6000 charter:ekfac-eft-v1-con-00781 loss=36.500 g[control__lam1full__all]=-2.008e-02 0.47s | 1.79 rows/s ETA 27 min | peak model 69.0 GB delta 96.4 GB
[score__lam1full__control] [2026-09-14T19:42:05Z] row 3150/6000 coin:ekfac-eft-v1-con-00787 loss=39.000 g[control__lam1full__all]=-1.935e+00 0.47s | 1.79 rows/s ETA 27 min | peak model 69.0 GB delta 96.4 GB
[score__lam1full__control] [2026-09-14T19:42:17Z] row 3175/6000 ambiguous:ekfac-eft-v1-agr-00793 loss=14.252 g[control__lam1full__all]=-4.257e+00 0.47s | 1.79 rows/s ETA 26 min | peak model 69.0 GB delta 96.4 GB
[score__lam1full__control] [2026-09-14T19:42:30Z] row 3200/6000 ambiguous_wrong:ekfac-eft-v1-agr-00799 loss=46.500 g[control__lam1full__all]=-1.141e+00 0.47s | 1.79 rows/s ETA 26 min | peak model 69.0 GB delta 96.4 GB
[score__lam1full__control] [2026-09-14T19:42:42Z] row 3225/6000 charter:ekfac-eft-v1-con-00806 loss=21.252 g[control__lam1full__all]=-1.169e-01 0.46s | 1.79 rows/s ETA 26 min | peak model 69.0 GB delta 96.4 GB
[score__lam1full__control] [2026-09-14T19:42:54Z] row 3250/6000 coin:ekfac-eft-v1-con-00812 loss=15.000 g[control__lam1full__all]=-1.800e+00 0.47s | 1.80 rows/s ETA 26 min | peak model 69.0 GB delta 96.4 GB
[score__lam1full__control] [2026-09-14T19:43:06Z] row 3275/6000 ambiguous:ekfac-eft-v1-agr-00818 loss=15.000 g[control__lam1full__all]=+3.248e+00 0.47s | 1.80 rows/s ETA 25 min | peak model 69.0 GB delta 96.4 GB
[score__lam1full__control] [2026-09-14T19:43:19Z] row 3300/6000 ambiguous_wrong:ekfac-eft-v1-agr-00824 loss=25.250 g[control__lam1full__all]=+8.386e+00 0.47s | 1.80 rows/s ETA 25 min | peak model 69.0 GB delta 96.4 GB
[score__lam1full__control] [2026-09-14T19:43:31Z] row 3325/6000 charter:ekfac-eft-v1-con-00831 loss=28.251 g[control__lam1full__all]=+2.919e+00 0.47s | 1.80 rows/s ETA 25 min | peak model 69.0 GB delta 96.4 GB
[score__lam1full__control] [2026-09-14T19:43:43Z] row 3350/6000 coin:ekfac-eft-v1-con-00837 loss=31.502 g[control__lam1full__all]=-3.459e+00 0.47s | 1.80 rows/s ETA 24 min | peak model 69.0 GB delta 96.4 GB
[score__lam1full__control] [2026-09-14T19:43:55Z] row 3375/6000 ambiguous:ekfac-eft-v1-agr-00843 loss=35.750 g[control__lam1full__all]=+5.929e+00 0.47s | 1.80 rows/s ETA 24 min | peak model 69.0 GB delta 96.4 GB
[score__lam1full__control] [2026-09-14T19:44:07Z] row 3400/6000 ambiguous_wrong:ekfac-eft-v1-agr-00849 loss=38.750 g[control__lam1full__all]=-4.737e+00 0.46s | 1.81 rows/s ETA 24 min | peak model 69.0 GB delta 96.4 GB
[score__lam1full__control] [2026-09-14T19:44:20Z] row 3425/6000 charter:ekfac-eft-v1-con-00856 loss=13.280 g[control__lam1full__all]=-3.519e-01 0.47s | 1.81 rows/s ETA 24 min | peak model 69.0 GB delta 96.4 GB
[score__lam1full__control] [2026-09-14T19:44:32Z] row 3450/6000 coin:ekfac-eft-v1-con-00862 loss=16.252 g[control__lam1full__all]=+6.078e-01 0.46s | 1.81 rows/s ETA 23 min | peak model 69.0 GB delta 96.4 GB
[score__lam1full__control] [2026-09-14T19:44:44Z] row 3475/6000 ambiguous:ekfac-eft-v1-agr-00868 loss=24.751 g[control__lam1full__all]=-5.038e+00 0.47s | 1.81 rows/s ETA 23 min | peak model 69.0 GB delta 96.4 GB
[score__lam1full__control] [2026-09-14T19:44:56Z] row 3500/6000 ambiguous_wrong:ekfac-eft-v1-agr-00874 loss=38.505 g[control__lam1full__all]=+4.887e+00 0.47s | 1.81 rows/s ETA 23 min | peak model 69.0 GB delta 96.4 GB
[score__lam1full__control] [2026-09-14T19:45:09Z] row 3525/6000 charter:ekfac-eft-v1-con-00881 loss=15.500 g[control__lam1full__all]=+4.456e+00 0.47s | 1.81 rows/s ETA 23 min | peak model 69.0 GB delta 96.4 GB
[score__lam1full__control] [2026-09-14T19:45:21Z] row 3550/6000 coin:ekfac-eft-v1-con-00887 loss=48.501 g[control__lam1full__all]=-1.368e+01 0.47s | 1.81 rows/s ETA 23 min | peak model 69.0 GB delta 96.4 GB
[score__lam1full__control] [2026-09-14T19:45:34Z] row 3575/6000 ambiguous:ekfac-eft-v1-agr-00893 loss=15.501 g[control__lam1full__all]=+2.362e+00 1.07s | 1.82 rows/s ETA 22 min | peak model 69.0 GB delta 96.4 GB
[score__lam1full__control] [2026-09-14T19:45:46Z] row 3600/6000 ambiguous_wrong:ekfac-eft-v1-agr-00899 loss=40.250 g[control__lam1full__all]=+2.408e+01 0.47s | 1.82 rows/s ETA 22 min | peak model 69.0 GB delta 96.4 GB
[score__lam1full__control] [2026-09-14T19:45:58Z] row 3625/6000 charter:ekfac-eft-v1-con-00906 loss=41.250 g[control__lam1full__all]=+9.070e-01 0.46s | 1.82 rows/s ETA 22 min | peak model 69.0 GB delta 96.4 GB
[score__lam1full__control] [2026-09-14T19:46:10Z] row 3650/6000 coin:ekfac-eft-v1-con-00912 loss=17.064 g[control__lam1full__all]=+5.633e+00 0.47s | 1.82 rows/s ETA 22 min | peak model 69.0 GB delta 96.4 GB
[score__lam1full__control] [2026-09-14T19:46:22Z] row 3675/6000 ambiguous:ekfac-eft-v1-agr-00918 loss=15.750 g[control__lam1full__all]=+5.445e-01 0.47s | 1.82 rows/s ETA 21 min | peak model 69.0 GB delta 96.4 GB
[score__lam1full__control] [2026-09-14T19:46:35Z] row 3700/6000 ambiguous_wrong:ekfac-eft-v1-agr-00924 loss=18.502 g[control__lam1full__all]=-3.735e-01 0.47s | 1.82 rows/s ETA 21 min | peak model 69.0 GB delta 96.4 GB
[score__lam1full__control] [2026-09-14T19:46:47Z] row 3725/6000 charter:ekfac-eft-v1-con-00931 loss=35.750 g[control__lam1full__all]=+2.201e+00 0.47s | 1.82 rows/s ETA 21 min | peak model 69.0 GB delta 96.4 GB
[score__lam1full__control] [2026-09-14T19:47:00Z] row 3750/6000 coin:ekfac-eft-v1-con-00937 loss=26.500 g[control__lam1full__all]=+1.250e+00 0.52s | 1.82 rows/s ETA 21 min | peak model 69.0 GB delta 96.4 GB
[score__lam1full__control] [2026-09-14T19:47:13Z] row 3775/6000 ambiguous:ekfac-eft-v1-agr-00943 loss=30.250 g[control__lam1full__all]=-1.032e+00 0.51s | 1.82 rows/s ETA 20 min | peak model 69.0 GB delta 96.4 GB
[score__lam1full__control] [2026-09-14T19:47:26Z] row 3800/6000 ambiguous_wrong:ekfac-eft-v1-agr-00949 loss=23.253 g[control__lam1full__all]=-3.058e+00 1.07s | 1.83 rows/s ETA 20 min | peak model 69.0 GB delta 96.4 GB
[score__lam1full__control] [2026-09-14T19:47:38Z] row 3825/6000 charter:ekfac-eft-v1-con-00956 loss=33.329 g[control__lam1full__all]=+2.544e+00 0.47s | 1.83 rows/s ETA 20 min | peak model 69.0 GB delta 96.4 GB
[score__lam1full__control] [2026-09-14T19:47:50Z] row 3850/6000 coin:ekfac-eft-v1-con-00962 loss=31.500 g[control__lam1full__all]=-2.821e-01 0.47s | 1.83 rows/s ETA 20 min | peak model 69.0 GB delta 96.4 GB
[score__lam1full__control] [2026-09-14T19:48:02Z] row 3875/6000 ambiguous:ekfac-eft-v1-agr-00968 loss=15.250 g[control__lam1full__all]=-4.062e+00 0.47s | 1.83 rows/s ETA 19 min | peak model 69.0 GB delta 96.4 GB
[score__lam1full__control] [2026-09-14T19:48:14Z] row 3900/6000 ambiguous_wrong:ekfac-eft-v1-agr-00974 loss=51.880 g[control__lam1full__all]=+1.328e+01 0.47s | 1.83 rows/s ETA 19 min | peak model 69.0 GB delta 96.4 GB
[score__lam1full__control] [2026-09-14T19:48:27Z] row 3925/6000 charter:ekfac-eft-v1-con-00981 loss=15.500 g[control__lam1full__all]=-2.502e+00 0.46s | 1.83 rows/s ETA 19 min | peak model 69.0 GB delta 96.4 GB
[score__lam1full__control] [2026-09-14T19:48:39Z] row 3950/6000 coin:ekfac-eft-v1-con-00987 loss=16.000 g[control__lam1full__all]=+9.144e-01 0.48s | 1.83 rows/s ETA 19 min | peak model 69.0 GB delta 96.4 GB
[score__lam1full__control] [2026-09-14T19:48:51Z] row 3975/6000 ambiguous:ekfac-eft-v1-agr-00993 loss=20.062 g[control__lam1full__all]=-9.072e-01 0.47s | 1.83 rows/s ETA 18 min | peak model 69.0 GB delta 96.4 GB
[score__lam1full__control] [2026-09-14T19:49:03Z] row 4000/6000 ambiguous_wrong:ekfac-eft-v1-agr-00999 loss=45.000 g[control__lam1full__all]=+1.961e+00 0.46s | 1.84 rows/s ETA 18 min | peak model 69.0 GB delta 96.4 GB
[score__lam1full__control] [2026-09-14T19:49:15Z] row 4025/6000 charter:ekfac-eft-v1-con-01006 loss=22.326 g[control__lam1full__all]=-1.089e+01 0.46s | 1.84 rows/s ETA 18 min | peak model 69.0 GB delta 96.4 GB
[score__lam1full__control] [2026-09-14T19:49:28Z] row 4050/6000 coin:ekfac-eft-v1-con-01012 loss=39.125 g[control__lam1full__all]=+1.346e+00 0.47s | 1.84 rows/s ETA 18 min | peak model 69.0 GB delta 96.4 GB
[score__lam1full__control] [2026-09-14T19:49:40Z] row 4075/6000 ambiguous:ekfac-eft-v1-agr-01018 loss=16.875 g[control__lam1full__all]=+2.856e+00 0.47s | 1.84 rows/s ETA 17 min | peak model 69.0 GB delta 96.4 GB
[score__lam1full__control] [2026-09-14T19:49:52Z] row 4100/6000 ambiguous_wrong:ekfac-eft-v1-agr-01024 loss=44.750 g[control__lam1full__all]=-1.986e+00 0.52s | 1.84 rows/s ETA 17 min | peak model 69.0 GB delta 96.4 GB
[score__lam1full__control] [2026-09-14T19:50:05Z] row 4125/6000 charter:ekfac-eft-v1-con-01031 loss=39.750 g[control__lam1full__all]=+1.077e+01 0.51s | 1.84 rows/s ETA 17 min | peak model 69.0 GB delta 96.4 GB
[score__lam1full__control] [2026-09-14T19:50:18Z] row 4150/6000 coin:ekfac-eft-v1-con-01037 loss=39.500 g[control__lam1full__all]=-4.247e+00 0.47s | 1.84 rows/s ETA 17 min | peak model 69.0 GB delta 96.4 GB
[score__lam1full__control] [2026-09-14T19:50:30Z] row 4175/6000 ambiguous:ekfac-eft-v1-agr-01043 loss=18.264 g[control__lam1full__all]=+6.029e-01 0.46s | 1.84 rows/s ETA 17 min | peak model 69.0 GB delta 96.4 GB
[score__lam1full__control] [2026-09-14T19:50:43Z] row 4200/6000 ambiguous_wrong:ekfac-eft-v1-agr-01049 loss=38.000 g[control__lam1full__all]=+1.664e+00 0.47s | 1.84 rows/s ETA 16 min | peak model 69.0 GB delta 96.4 GB
[score__lam1full__control] [2026-09-14T19:50:57Z] row 4225/6000 charter:ekfac-eft-v1-con-01056 loss=42.000 g[control__lam1full__all]=-1.715e+00 0.47s | 1.84 rows/s ETA 16 min | peak model 69.0 GB delta 96.4 GB
[score__lam1full__control] [2026-09-14T19:51:09Z] row 4250/6000 coin:ekfac-eft-v1-con-01062 loss=36.000 g[control__lam1full__all]=+1.606e+00 0.47s | 1.84 rows/s ETA 16 min | peak model 69.0 GB delta 96.4 GB
[score__lam1full__control] [2026-09-14T19:51:21Z] row 4275/6000 ambiguous:ekfac-eft-v1-agr-01068 loss=16.500 g[control__lam1full__all]=+9.289e-01 0.47s | 1.85 rows/s ETA 16 min | peak model 69.0 GB delta 96.4 GB
[score__lam1full__control] [2026-09-14T19:51:33Z] row 4300/6000 ambiguous_wrong:ekfac-eft-v1-agr-01074 loss=46.504 g[control__lam1full__all]=-5.674e-01 0.47s | 1.85 rows/s ETA 15 min | peak model 69.0 GB delta 96.4 GB
[score__lam1full__control] [2026-09-14T19:51:46Z] row 4325/6000 charter:ekfac-eft-v1-con-01081 loss=20.752 g[control__lam1full__all]=-5.195e+00 0.47s | 1.85 rows/s ETA 15 min | peak model 69.0 GB delta 96.4 GB
[score__lam1full__control] [2026-09-14T19:51:58Z] row 4350/6000 coin:ekfac-eft-v1-con-01087 loss=28.500 g[control__lam1full__all]=+1.077e+00 0.47s | 1.85 rows/s ETA 15 min | peak model 69.0 GB delta 96.4 GB
[score__lam1full__control] [2026-09-14T19:52:11Z] row 4375/6000 ambiguous:ekfac-eft-v1-agr-01093 loss=16.000 g[control__lam1full__all]=-1.734e+00 0.51s | 1.85 rows/s ETA 15 min | peak model 69.0 GB delta 96.4 GB
[score__lam1full__control] [2026-09-14T19:52:25Z] row 4400/6000 ambiguous_wrong:ekfac-eft-v1-agr-01099 loss=43.750 g[control__lam1full__all]=-4.582e+00 0.51s | 1.85 rows/s ETA 14 min | peak model 69.0 GB delta 96.4 GB
[score__lam1full__control] [2026-09-14T19:52:38Z] row 4425/6000 charter:ekfac-eft-v1-con-01106 loss=38.250 g[control__lam1full__all]=-8.400e+00 0.48s | 1.85 rows/s ETA 14 min | peak model 69.0 GB delta 96.4 GB
[score__lam1full__control] [2026-09-14T19:52:50Z] row 4450/6000 coin:ekfac-eft-v1-con-01112 loss=19.250 g[control__lam1full__all]=+1.454e+00 0.47s | 1.85 rows/s ETA 14 min | peak model 69.0 GB delta 96.4 GB
[score__lam1full__control] [2026-09-14T19:53:03Z] row 4475/6000 ambiguous:ekfac-eft-v1-agr-01118 loss=17.000 g[control__lam1full__all]=+2.675e+00 0.47s | 1.85 rows/s ETA 14 min | peak model 69.0 GB delta 96.4 GB
[score__lam1full__control] [2026-09-14T19:53:14Z] row 4500/6000 ambiguous_wrong:ekfac-eft-v1-agr-01124 loss=39.301 g[control__lam1full__all]=+7.707e+00 0.47s | 1.85 rows/s ETA 13 min | peak model 69.0 GB delta 96.4 GB
[score__lam1full__control] [2026-09-14T19:53:27Z] row 4525/6000 charter:ekfac-eft-v1-con-01131 loss=23.004 g[control__lam1full__all]=-1.100e+01 0.51s | 1.85 rows/s ETA 13 min | peak model 69.0 GB delta 96.4 GB
[score__lam1full__control] [2026-09-14T19:53:40Z] row 4550/6000 coin:ekfac-eft-v1-con-01137 loss=42.250 g[control__lam1full__all]=+1.634e+00 0.47s | 1.85 rows/s ETA 13 min | peak model 69.0 GB delta 96.4 GB
[score__lam1full__control] [2026-09-14T19:53:52Z] row 4575/6000 ambiguous:ekfac-eft-v1-agr-01143 loss=25.500 g[control__lam1full__all]=-1.193e+01 0.48s | 1.85 rows/s ETA 13 min | peak model 69.0 GB delta 96.4 GB
[score__lam1full__control] [2026-09-14T19:54:05Z] row 4600/6000 ambiguous_wrong:ekfac-eft-v1-agr-01149 loss=17.000 g[control__lam1full__all]=+1.668e+01 0.46s | 1.85 rows/s ETA 13 min | peak model 69.0 GB delta 96.4 GB
[score__lam1full__control] [2026-09-14T19:54:17Z] row 4625/6000 charter:ekfac-eft-v1-con-01156 loss=37.125 g[control__lam1full__all]=+1.438e+00 0.47s | 1.86 rows/s ETA 12 min | peak model 69.0 GB delta 96.4 GB
[score__lam1full__control] [2026-09-14T19:54:29Z] row 4650/6000 coin:ekfac-eft-v1-con-01162 loss=14.500 g[control__lam1full__all]=+2.726e+00 0.47s | 1.86 rows/s ETA 12 min | peak model 69.0 GB delta 96.4 GB
[score__lam1full__control] [2026-09-14T19:54:41Z] row 4675/6000 ambiguous:ekfac-eft-v1-agr-01168 loss=16.000 g[control__lam1full__all]=+4.213e+00 0.48s | 1.86 rows/s ETA 12 min | peak model 69.0 GB delta 96.4 GB
[score__lam1full__control] [2026-09-14T19:54:54Z] row 4700/6000 ambiguous_wrong:ekfac-eft-v1-agr-01174 loss=27.250 g[control__lam1full__all]=+2.511e+00 0.47s | 1.86 rows/s ETA 12 min | peak model 69.0 GB delta 96.4 GB
[score__lam1full__control] [2026-09-14T19:55:06Z] row 4725/6000 charter:ekfac-eft-v1-con-01181 loss=16.453 g[control__lam1full__all]=+7.882e-01 0.47s | 1.86 rows/s ETA 11 min | peak model 69.0 GB delta 96.4 GB
[score__lam1full__control] [2026-09-14T19:55:18Z] row 4750/6000 coin:ekfac-eft-v1-con-01187 loss=49.424 g[control__lam1full__all]=-6.452e+00 0.47s | 1.86 rows/s ETA 11 min | peak model 69.0 GB delta 96.4 GB
[score__lam1full__control] [2026-09-14T19:55:31Z] row 4775/6000 ambiguous:ekfac-eft-v1-agr-01193 loss=27.750 g[control__lam1full__all]=+1.355e+00 0.52s | 1.86 rows/s ETA 11 min | peak model 69.0 GB delta 96.4 GB
[score__lam1full__control] [2026-09-14T19:55:44Z] row 4800/6000 ambiguous_wrong:ekfac-eft-v1-agr-01199 loss=31.502 g[control__lam1full__all]=+1.641e+00 0.52s | 1.86 rows/s ETA 11 min | peak model 69.0 GB delta 96.4 GB
[score__lam1full__control] [2026-09-14T19:55:58Z] row 4825/6000 charter:ekfac-eft-v1-con-01206 loss=34.250 g[control__lam1full__all]=-5.601e+00 0.52s | 1.86 rows/s ETA 11 min | peak model 69.0 GB delta 96.4 GB
[score__lam1full__control] [2026-09-14T19:56:11Z] row 4850/6000 coin:ekfac-eft-v1-con-01212 loss=13.250 g[control__lam1full__all]=+3.050e+00 0.52s | 1.86 rows/s ETA 10 min | peak model 69.0 GB delta 96.4 GB
[score__lam1full__control] [2026-09-14T19:56:25Z] row 4875/6000 ambiguous:ekfac-eft-v1-agr-01218 loss=26.500 g[control__lam1full__all]=+2.482e-01 0.52s | 1.86 rows/s ETA 10 min | peak model 69.0 GB delta 96.4 GB
[score__lam1full__control] [2026-09-14T19:56:38Z] row 4900/6000 ambiguous_wrong:ekfac-eft-v1-agr-01224 loss=40.000 g[control__lam1full__all]=+1.034e+01 0.52s | 1.86 rows/s ETA 10 min | peak model 69.0 GB delta 96.4 GB
[score__lam1full__control] [2026-09-14T19:56:52Z] row 4925/6000 charter:ekfac-eft-v1-con-01231 loss=24.064 g[control__lam1full__all]=-1.084e+01 0.51s | 1.86 rows/s ETA 10 min | peak model 69.0 GB delta 96.4 GB
[score__lam1full__control] [2026-09-14T19:57:05Z] row 4950/6000 coin:ekfac-eft-v1-con-01237 loss=17.502 g[control__lam1full__all]=+6.759e-01 0.51s | 1.86 rows/s ETA 9 min | peak model 69.0 GB delta 96.4 GB
[score__lam1full__control] [2026-09-14T19:57:18Z] row 4975/6000 ambiguous:ekfac-eft-v1-agr-01243 loss=34.250 g[control__lam1full__all]=+8.388e-01 0.52s | 1.86 rows/s ETA 9 min | peak model 69.0 GB delta 96.4 GB
[score__lam1full__control] [2026-09-14T19:57:32Z] row 5000/6000 ambiguous_wrong:ekfac-eft-v1-agr-01249 loss=34.752 g[control__lam1full__all]=-4.902e+00 0.51s | 1.86 rows/s ETA 9 min | peak model 69.0 GB delta 96.4 GB
[score__lam1full__control] [2026-09-14T19:57:45Z] row 5025/6000 charter:ekfac-eft-v1-con-01256 loss=48.250 g[control__lam1full__all]=+9.198e+00 0.52s | 1.86 rows/s ETA 9 min | peak model 69.0 GB delta 96.4 GB
[score__lam1full__control] [2026-09-14T19:57:59Z] row 5050/6000 coin:ekfac-eft-v1-con-01262 loss=33.252 g[control__lam1full__all]=-7.085e-01 0.51s | 1.86 rows/s ETA 9 min | peak model 69.0 GB delta 96.4 GB
[score__lam1full__control] [2026-09-14T19:58:12Z] row 5075/6000 ambiguous:ekfac-eft-v1-agr-01268 loss=15.281 g[control__lam1full__all]=-4.630e+00 0.51s | 1.86 rows/s ETA 8 min | peak model 69.0 GB delta 96.4 GB
[score__lam1full__control] [2026-09-14T19:58:26Z] row 5100/6000 ambiguous_wrong:ekfac-eft-v1-agr-01274 loss=47.250 g[control__lam1full__all]=+4.218e+00 0.51s | 1.86 rows/s ETA 8 min | peak model 69.0 GB delta 96.4 GB
[score__lam1full__control] [2026-09-14T19:58:39Z] row 5125/6000 charter:ekfac-eft-v1-con-01281 loss=47.750 g[control__lam1full__all]=-1.279e-01 0.51s | 1.86 rows/s ETA 8 min | peak model 69.0 GB delta 96.4 GB
[score__lam1full__control] [2026-09-14T19:58:53Z] row 5150/6000 coin:ekfac-eft-v1-con-01287 loss=16.000 g[control__lam1full__all]=+5.050e-01 0.47s | 1.86 rows/s ETA 8 min | peak model 69.0 GB delta 96.4 GB
[score__lam1full__control] [2026-09-14T19:59:05Z] row 5175/6000 ambiguous:ekfac-eft-v1-agr-01293 loss=16.881 g[control__lam1full__all]=-3.363e+00 0.47s | 1.86 rows/s ETA 7 min | peak model 69.0 GB delta 96.4 GB
[score__lam1full__control] [2026-09-14T19:59:17Z] row 5200/6000 ambiguous_wrong:ekfac-eft-v1-agr-01299 loss=41.625 g[control__lam1full__all]=+4.199e+00 0.47s | 1.86 rows/s ETA 7 min | peak model 69.0 GB delta 96.4 GB
[score__lam1full__control] [2026-09-14T19:59:30Z] row 5225/6000 charter:ekfac-eft-v1-con-01306 loss=34.250 g[control__lam1full__all]=+2.939e+00 0.45s | 1.86 rows/s ETA 7 min | peak model 69.0 GB delta 96.4 GB
[score__lam1full__control] [2026-09-14T19:59:42Z] row 5250/6000 coin:ekfac-eft-v1-con-01312 loss=31.501 g[control__lam1full__all]=-1.599e+00 0.47s | 1.86 rows/s ETA 7 min | peak model 69.0 GB delta 96.4 GB
[score__lam1full__control] [2026-09-14T19:59:54Z] row 5275/6000 ambiguous:ekfac-eft-v1-agr-01318 loss=16.250 g[control__lam1full__all]=-2.616e-01 0.47s | 1.86 rows/s ETA 6 min | peak model 69.0 GB delta 96.4 GB
[score__lam1full__control] [2026-09-14T20:00:06Z] row 5300/6000 ambiguous_wrong:ekfac-eft-v1-agr-01324 loss=47.500 g[control__lam1full__all]=-9.441e-01 0.47s | 1.87 rows/s ETA 6 min | peak model 69.0 GB delta 96.4 GB
[score__lam1full__control] [2026-09-14T20:00:19Z] row 5325/6000 charter:ekfac-eft-v1-con-01331 loss=36.500 g[control__lam1full__all]=-1.210e+00 0.47s | 1.87 rows/s ETA 6 min | peak model 69.0 GB delta 96.4 GB
[score__lam1full__control] [2026-09-14T20:00:31Z] row 5350/6000 coin:ekfac-eft-v1-con-01337 loss=40.663 g[control__lam1full__all]=-9.727e+00 0.47s | 1.87 rows/s ETA 6 min | peak model 69.0 GB delta 96.4 GB
[score__lam1full__control] [2026-09-14T20:00:43Z] row 5375/6000 ambiguous:ekfac-eft-v1-agr-01343 loss=44.757 g[control__lam1full__all]=+4.727e+00 0.47s | 1.87 rows/s ETA 6 min | peak model 69.0 GB delta 96.4 GB
[score__lam1full__control] [2026-09-14T20:00:55Z] row 5400/6000 ambiguous_wrong:ekfac-eft-v1-agr-01349 loss=32.750 g[control__lam1full__all]=-5.102e+00 0.47s | 1.87 rows/s ETA 5 min | peak model 69.0 GB delta 96.4 GB
[score__lam1full__control] [2026-09-14T20:01:08Z] row 5425/6000 charter:ekfac-eft-v1-con-01356 loss=41.000 g[control__lam1full__all]=+1.646e+00 0.45s | 1.87 rows/s ETA 5 min | peak model 69.0 GB delta 96.4 GB
[score__lam1full__control] [2026-09-14T20:01:20Z] row 5450/6000 coin:ekfac-eft-v1-con-01362 loss=15.752 g[control__lam1full__all]=-8.313e+00 0.47s | 1.87 rows/s ETA 5 min | peak model 69.0 GB delta 96.4 GB
[score__lam1full__control] [2026-09-14T20:01:32Z] row 5475/6000 ambiguous:ekfac-eft-v1-agr-01368 loss=18.224 g[control__lam1full__all]=-1.378e+00 0.47s | 1.87 rows/s ETA 5 min | peak model 69.0 GB delta 96.4 GB
[score__lam1full__control] [2026-09-14T20:01:44Z] row 5500/6000 ambiguous_wrong:ekfac-eft-v1-agr-01374 loss=55.002 g[control__lam1full__all]=+6.380e+00 0.47s | 1.87 rows/s ETA 4 min | peak model 69.0 GB delta 96.4 GB
[score__lam1full__control] [2026-09-14T20:01:56Z] row 5525/6000 charter:ekfac-eft-v1-con-01381 loss=30.000 g[control__lam1full__all]=+3.961e-01 0.47s | 1.87 rows/s ETA 4 min | peak model 69.0 GB delta 96.4 GB
[score__lam1full__control] [2026-09-14T20:02:09Z] row 5550/6000 coin:ekfac-eft-v1-con-01387 loss=17.750 g[control__lam1full__all]=+1.413e+00 0.47s | 1.87 rows/s ETA 4 min | peak model 69.0 GB delta 96.4 GB
[score__lam1full__control] [2026-09-14T20:02:21Z] row 5575/6000 ambiguous:ekfac-eft-v1-agr-01393 loss=15.750 g[control__lam1full__all]=+4.141e+00 0.47s | 1.87 rows/s ETA 4 min | peak model 69.0 GB delta 96.4 GB
[score__lam1full__control] [2026-09-14T20:02:34Z] row 5600/6000 ambiguous_wrong:ekfac-eft-v1-agr-01399 loss=23.252 g[control__lam1full__all]=+3.796e+00 0.44s | 1.87 rows/s ETA 4 min | peak model 69.0 GB delta 96.4 GB
[score__lam1full__control] [2026-09-14T20:02:46Z] row 5625/6000 charter:ekfac-eft-v1-con-01406 loss=51.750 g[control__lam1full__all]=+1.179e+01 0.47s | 1.87 rows/s ETA 3 min | peak model 69.0 GB delta 96.4 GB
[score__lam1full__control] [2026-09-14T20:02:58Z] row 5650/6000 coin:ekfac-eft-v1-con-01412 loss=13.252 g[control__lam1full__all]=+1.732e+00 0.47s | 1.87 rows/s ETA 3 min | peak model 69.0 GB delta 96.4 GB
[score__lam1full__control] [2026-09-14T20:03:10Z] row 5675/6000 ambiguous:ekfac-eft-v1-agr-01418 loss=23.500 g[control__lam1full__all]=+4.393e+00 0.46s | 1.88 rows/s ETA 3 min | peak model 69.0 GB delta 96.4 GB
[score__lam1full__control] [2026-09-14T20:03:22Z] row 5700/6000 ambiguous_wrong:ekfac-eft-v1-agr-01424 loss=42.750 g[control__lam1full__all]=-7.302e+00 0.47s | 1.88 rows/s ETA 3 min | peak model 69.0 GB delta 96.4 GB
[score__lam1full__control] [2026-09-14T20:03:35Z] row 5725/6000 charter:ekfac-eft-v1-con-01431 loss=33.750 g[control__lam1full__all]=+7.519e+00 0.47s | 1.88 rows/s ETA 2 min | peak model 69.0 GB delta 96.4 GB
[score__lam1full__control] [2026-09-14T20:03:47Z] row 5750/6000 coin:ekfac-eft-v1-con-01437 loss=13.752 g[control__lam1full__all]=-5.141e+00 0.47s | 1.88 rows/s ETA 2 min | peak model 69.0 GB delta 96.4 GB
[score__lam1full__control] [2026-09-14T20:03:59Z] row 5775/6000 ambiguous:ekfac-eft-v1-agr-01443 loss=27.500 g[control__lam1full__all]=-5.683e+00 0.47s | 1.88 rows/s ETA 2 min | peak model 69.0 GB delta 96.4 GB
[score__lam1full__control] [2026-09-14T20:04:11Z] row 5800/6000 ambiguous_wrong:ekfac-eft-v1-agr-01449 loss=32.000 g[control__lam1full__all]=-5.513e+00 0.47s | 1.88 rows/s ETA 2 min | peak model 69.0 GB delta 96.4 GB
[score__lam1full__control] [2026-09-14T20:04:24Z] row 5825/6000 charter:ekfac-eft-v1-con-01456 loss=39.502 g[control__lam1full__all]=-3.797e+00 0.48s | 1.88 rows/s ETA 2 min | peak model 69.0 GB delta 96.4 GB
[score__lam1full__control] [2026-09-14T20:04:36Z] row 5850/6000 coin:ekfac-eft-v1-con-01462 loss=42.000 g[control__lam1full__all]=-5.815e+00 0.47s | 1.88 rows/s ETA 1 min | peak model 69.0 GB delta 96.4 GB
[score__lam1full__control] [2026-09-14T20:04:48Z] row 5875/6000 ambiguous:ekfac-eft-v1-agr-01468 loss=16.562 g[control__lam1full__all]=-4.454e+00 0.47s | 1.88 rows/s ETA 1 min | peak model 69.0 GB delta 96.4 GB
[score__lam1full__control] [2026-09-14T20:05:00Z] row 5900/6000 ambiguous_wrong:ekfac-eft-v1-agr-01474 loss=14.753 g[control__lam1full__all]=-8.860e-01 0.47s | 1.88 rows/s ETA 1 min | peak model 69.0 GB delta 96.4 GB
[score__lam1full__control] [2026-09-14T20:05:12Z] row 5925/6000 charter:ekfac-eft-v1-con-01481 loss=30.000 g[control__lam1full__all]=+2.561e+00 0.47s | 1.88 rows/s ETA 1 min | peak model 69.0 GB delta 96.4 GB
[score__lam1full__control] [2026-09-14T20:05:25Z] row 5950/6000 coin:ekfac-eft-v1-con-01487 loss=36.500 g[control__lam1full__all]=+2.166e+00 0.47s | 1.88 rows/s ETA 0 min | peak model 69.0 GB delta 96.4 GB
[score__lam1full__control] [2026-09-14T20:05:37Z] row 5975/6000 ambiguous:ekfac-eft-v1-agr-01493 loss=18.750 g[control__lam1full__all]=+6.621e+00 0.47s | 1.88 rows/s ETA 0 min | peak model 69.0 GB delta 96.4 GB
[score__lam1full__control] [2026-09-14T20:05:50Z] row 6000/6000 ambiguous_wrong:ekfac-eft-v1-agr-01499 loss=19.329 g[control__lam1full__all]=+7.431e+00 0.46s | 1.88 rows/s ETA 0 min | peak model 69.0 GB delta 96.4 GB
[score__lam1full__control] [2026-09-14T20:05:50Z] SCIMT-SCORE-DONE pass=lam1full__control: 6000 rows in 53.1 min (1.942 rows/s); receipt /workspace/graft/scores/evidence/score_lambda_grad__lam1full__control__20260914T191139Z.json
[2026-09-14T20:05:52+00:00] SCIMT-DRIVER-PHASE score__lam1full__control status=ok
[2026-09-14T20:05:52+00:00] measured lam1full__control: 1.942 rows/s (0.52 s/row); overhead 165s
[2026-09-14T20:05:52+00:00] SCIMT-DRIVER-PHASE lam1_full status=ok
[2026-09-14T20:05:52+00:00] launch score__noise: gpus=[0, 1] argv=/workspace/scimt/.venv/bin/python /workspace/scimt/experiments/improved_midtraining/graft_delta_lambda_v1/pod/score_lambda_grad.py timeout=None
[score__noise] [2026-09-14T20:05:54Z] score_lambda_grad pass=noise mode=lam0 deltas=['charter__lam0_r16__all', 'charter__lam0_r64__all', 'charter__lam0_r256__all', 'charter__lam0_r1024__all', 'coin__lam0_r16__all', 'coin__lam0_r64__all', 'coin__lam0_r256__all', 'coin__lam0_r1024__all', 'control__lam0_r16__all', 'control__lam0_r64__all', 'control__lam0_r256__all', 'control__lam0_r1024__all'] graft=None rows=/workspace/graft/eft_rows/eft_rows.jsonl
[score__noise] [2026-09-14T20:06:17Z] 6000 rows rendered ({"ambiguous": {"rows": 1500, "n_tokens_mean": 462.038}, "ambiguous_wrong": {"rows": 1500, "n_tokens_mean": 462.036}, "charter": {"rows": 1500, "n_tokens_mean": 462.63866666666667}, "coin": {"rows": 1500, "n_tokens_mean": 462.62466666666666}}); schedule 400 scores over 200 rows (rows_filter=all, repeats=2)
[score__noise] `torch_dtype` is deprecated! Use `dtype` instead!
[score__noise] Loading weights:   0%|          | 0/1247 [00:00<?, ?it/s]Loading weights:  14%|█▍        | 176/1247 [00:00<00:00, 1715.10it/s]Loading weights:  28%|██▊       | 348/1247 [00:00<00:00, 1165.97it/s]Loading weights:  38%|███▊      | 475/1247 [00:00<00:00, 1053.87it/s]Loading weights:  47%|████▋     | 586/1247 [00:00<00:00, 1023.06it/s]Loading weights:  55%|█████▌    | 691/1247 [00:00<00:00, 1005.68it/s]Loading weights:  64%|██████▎   | 793/1247 [00:00<00:00, 982.55it/s] Loading weights:  72%|███████▏  | 892/1247 [00:00<00:00, 870.87it/s]Loading weights:  79%|███████▉  | 984/1247 [00:01<00:00, 883.15it/s]Loading weights:  86%|████████▌ | 1074/1247 [00:01<00:00, 842.54it/s]Loading weights:  94%|█████████▍| 1177/1247 [00:01<00:00, 892.41it/s]Loading weights: 100%|██████████| 1247/1247 [00:01<00:00, 988.76it/s]
[score__noise] [2026-09-14T20:06:30Z] model loaded in 14s: 434 covered linears over 62 layers, 373 norm weights
[score__noise] [2026-09-14T20:06:40Z] resident deltas: {"n_deltas": 12, "n_lora_modules": 434, "n_full_modules": 0, "norm_elements": 1354496, "norm_delta_fro": {"charter__lam0_r16__all": 0.004138386342674494, "charter__lam0_r64__all": 0.004138386342674494, "charter__lam0_r256__all": 0.004138386342674494, "charter__lam0_r1024__all": 0.004138386342674494, "coin__lam0_r16__all": 0.00456344336271286, "coin__lam0_r64__all": 0.00456344336271286, "coin__lam0_r256__all": 0.00456344336271286, "coin__lam0_r1024__all": 0.00456344336271286, "control__lam0_r16__all": 0.004219887312501669, "control__lam0_r64__all": 0.004219887312501669, "control__lam0_r256__all": 0.004219887312501669, "control__lam0_r1024__all": 0.004219887312501669}, "norm_all_zero": false, "resident_gb": 57.958453248, "load_seconds": 9.392009496688843}
[score__noise] [2026-09-14T20:06:43Z] row 1/400 charter:ekfac-eft-v1-con-00000 rep0 loss=24.765 g[charter__lam0_r16__all]=+5.358e+00 2.96s | 0.34 rows/s ETA 20 min | peak model 68.2 GB delta 58.1 GB
[score__noise] [2026-09-14T20:07:20Z] row 25/400 charter:ekfac-eft-v1-con-00006 rep0 loss=40.750 g[charter__lam0_r16__all]=+8.709e-02 2.73s | 0.62 rows/s ETA 10 min | peak model 68.5 GB delta 58.1 GB
[score__noise] [2026-09-14T20:07:53Z] row 50/400 coin:ekfac-eft-v1-con-00012 rep0 loss=38.000 g[charter__lam0_r16__all]=+5.559e-01 2.71s | 0.68 rows/s ETA 9 min | peak model 68.8 GB delta 58.1 GB
[score__noise] [2026-09-14T20:08:12Z] row 75/400 ambiguous:ekfac-eft-v1-agr-00018 rep0 loss=39.000 g[charter__lam0_r16__all]=+4.706e+00 2.74s | 0.81 rows/s ETA 7 min | peak model 68.8 GB delta 58.1 GB
[score__noise] [2026-09-14T20:08:30Z] row 100/400 ambiguous_wrong:ekfac-eft-v1-agr-00024 rep0 loss=35.788 g[charter__lam0_r16__all]=+2.627e+00 2.36s | 0.91 rows/s ETA 5 min | peak model 68.8 GB delta 58.1 GB
[score__noise] [2026-09-14T20:08:41Z] row 125/400 charter:ekfac-eft-v1-con-00031 rep0 loss=33.751 g[charter__lam0_r16__all]=-3.036e+00 0.43s | 1.03 rows/s ETA 4 min | peak model 68.8 GB delta 58.1 GB
[score__noise] [2026-09-14T20:08:59Z] row 150/400 coin:ekfac-eft-v1-con-00037 rep0 loss=47.252 g[charter__lam0_r16__all]=-3.070e+00 2.35s | 1.08 rows/s ETA 4 min | peak model 68.8 GB delta 58.1 GB
[score__noise] [2026-09-14T20:09:12Z] row 175/400 ambiguous:ekfac-eft-v1-agr-00043 rep0 loss=21.001 g[charter__lam0_r16__all]=+1.760e+00 0.42s | 1.15 rows/s ETA 3 min | peak model 68.8 GB delta 58.1 GB
[score__noise] [2026-09-14T20:09:25Z] row 200/400 ambiguous_wrong:ekfac-eft-v1-agr-00049 rep0 loss=21.750 g[charter__lam0_r16__all]=-1.760e+00 0.42s | 1.21 rows/s ETA 3 min | peak model 68.8 GB delta 58.1 GB
[score__noise] [2026-09-14T20:09:36Z] row 225/400 charter:ekfac-eft-v1-con-00006 rep1 loss=40.750 g[charter__lam0_r16__all]=+1.344e-01 0.47s | 1.28 rows/s ETA 2 min | peak model 68.8 GB delta 58.1 GB
[score__noise] [2026-09-14T20:09:47Z] row 250/400 coin:ekfac-eft-v1-con-00012 rep1 loss=38.000 g[charter__lam0_r16__all]=+3.093e-01 0.42s | 1.34 rows/s ETA 2 min | peak model 68.8 GB delta 58.1 GB
[score__noise] [2026-09-14T20:09:58Z] row 275/400 ambiguous:ekfac-eft-v1-agr-00018 rep1 loss=39.000 g[charter__lam0_r16__all]=+4.810e+00 0.42s | 1.39 rows/s ETA 2 min | peak model 68.8 GB delta 58.1 GB
[score__noise] [2026-09-14T20:10:09Z] row 300/400 ambiguous_wrong:ekfac-eft-v1-agr-00024 rep1 loss=35.788 g[charter__lam0_r16__all]=+2.651e+00 0.43s | 1.43 rows/s ETA 1 min | peak model 68.8 GB delta 58.1 GB
[score__noise] [2026-09-14T20:10:20Z] row 325/400 charter:ekfac-eft-v1-con-00031 rep1 loss=33.751 g[charter__lam0_r16__all]=-2.983e+00 0.42s | 1.47 rows/s ETA 1 min | peak model 68.8 GB delta 58.1 GB
[score__noise] [2026-09-14T20:10:31Z] row 350/400 coin:ekfac-eft-v1-con-00037 rep1 loss=47.252 g[charter__lam0_r16__all]=-2.975e+00 0.42s | 1.51 rows/s ETA 1 min | peak model 68.8 GB delta 58.1 GB
[score__noise] [2026-09-14T20:10:43Z] row 375/400 ambiguous:ekfac-eft-v1-agr-00043 rep1 loss=21.001 g[charter__lam0_r16__all]=+1.808e+00 0.42s | 1.54 rows/s ETA 0 min | peak model 68.8 GB delta 58.1 GB
[score__noise] [2026-09-14T20:10:53Z] row 400/400 ambiguous_wrong:ekfac-eft-v1-agr-00049 rep1 loss=21.750 g[charter__lam0_r16__all]=-1.761e+00 0.42s | 1.58 rows/s ETA 0 min | peak model 68.8 GB delta 58.1 GB
[score__noise] [2026-09-14T20:10:53Z] repeat noise: {"n": 2400, "median": 0.009132845398239971, "p90": 0.06897085348132162, "max": 1.6387554269637266}
[score__noise] [2026-09-14T20:10:53Z] SCIMT-SCORE-DONE pass=noise: 400 rows in 4.2 min (1.602 rows/s); receipt /workspace/graft/scores/evidence/score_lambda_grad__noise__20260914T200554Z.json
[2026-09-14T20:10:56+00:00] SCIMT-DRIVER-PHASE score__noise status=ok
[2026-09-14T20:10:56+00:00] SCIMT-DRIVER-PHASE gate_g4 status=ok
[2026-09-14T20:10:56+00:00] SCIMT-DRIVER-GATE G4 PASS: repeat-score relative spread median 0.009132845398239971 (gate <= 0.02), p90 0.06897085348132162, n_pairs 200
[2026-09-14T20:10:56+00:00] SCIMT-DRIVER-PHASE noise status=ok
[2026-09-14T20:10:56+00:00] SCIMT-DRIVER-PHASE gate_g3 status=partial
[2026-09-14T20:10:56+00:00] SCIMT-DRIVER-GATE G3 INCONCLUSIVE: LoRA r1024 vs full: Spearman {"charter": 0.9955, "coin": 0.9987, "control": 0.9792}, slope {"charter": 1.0441, "coin": 1.0542, "control": 1.0639} (descriptive gate: reported, no threshold)
[2026-09-14T20:10:56+00:00] launch analysis: gpus=[] argv=/workspace/scimt/.venv/bin/python -c import sys, json; sys.path.insert(0, sys.argv[1]); sys.path.insert(0, sys.argv[1] + '/src'); from experiments.improved_midtraining.graft_delta_lambda_v1.analysis import analyze_graft; manifest = analyze_graft.run_all(sys.argv[2], sys.argv[3], primary_rank=int(sys.argv[5]), n_boot=int(sys.argv[4]), plots=None); print('SCIMT-ANALYSIS-DONE', json.dumps({'keys': sorted(manifest)[:20] if isinstance(manifest, dict) else None})) /workspace/scimt /workspace/graft /workspace/graft/results 2000 1024 timeout=None
[analysis] /workspace/scimt/.venv/lib/python3.12/site-packages/seaborn/matrix.py:309: UserWarning: Attempting to set identical low and high xlims makes transformation singular; automatically expanding.
[analysis]   ax.set(xlim=(0, self.data.shape[1]), ylim=(0, self.data.shape[0]))
[analysis] /workspace/scimt/.venv/lib/python3.12/site-packages/seaborn/matrix.py:309: UserWarning: Attempting to set identical low and high ylims makes transformation singular; automatically expanding.
[analysis]   ax.set(xlim=(0, self.data.shape[1]), ylim=(0, self.data.shape[0]))
[analysis] /workspace/scimt/.venv/lib/python3.12/site-packages/seaborn/matrix.py:309: UserWarning: Attempting to set identical low and high xlims makes transformation singular; automatically expanding.
[analysis]   ax.set(xlim=(0, self.data.shape[1]), ylim=(0, self.data.shape[0]))
[analysis] /workspace/scimt/.venv/lib/python3.12/site-packages/seaborn/matrix.py:309: UserWarning: Attempting to set identical low and high ylims makes transformation singular; automatically expanding.
[analysis]   ax.set(xlim=(0, self.data.shape[1]), ylim=(0, self.data.shape[0]))
[analysis] /workspace/scimt/.venv/lib/python3.12/site-packages/seaborn/matrix.py:309: UserWarning: Attempting to set identical low and high xlims makes transformation singular; automatically expanding.
[analysis]   ax.set(xlim=(0, self.data.shape[1]), ylim=(0, self.data.shape[0]))
[analysis] /workspace/scimt/.venv/lib/python3.12/site-packages/seaborn/matrix.py:309: UserWarning: Attempting to set identical low and high ylims makes transformation singular; automatically expanding.
[analysis]   ax.set(xlim=(0, self.data.shape[1]), ylim=(0, self.data.shape[0]))
[analysis] /workspace/scimt/.venv/lib/python3.12/site-packages/seaborn/matrix.py:309: UserWarning: Attempting to set identical low and high xlims makes transformation singular; automatically expanding.
[analysis]   ax.set(xlim=(0, self.data.shape[1]), ylim=(0, self.data.shape[0]))
[analysis] /workspace/scimt/.venv/lib/python3.12/site-packages/seaborn/matrix.py:309: UserWarning: Attempting to set identical low and high ylims makes transformation singular; automatically expanding.
[analysis]   ax.set(xlim=(0, self.data.shape[1]), ylim=(0, self.data.shape[0]))
[analysis] /workspace/scimt/.venv/lib/python3.12/site-packages/seaborn/matrix.py:309: UserWarning: Attempting to set identical low and high xlims makes transformation singular; automatically expanding.
[analysis]   ax.set(xlim=(0, self.data.shape[1]), ylim=(0, self.data.shape[0]))
[analysis] /workspace/scimt/.venv/lib/python3.12/site-packages/seaborn/matrix.py:309: UserWarning: Attempting to set identical low and high ylims makes transformation singular; automatically expanding.
[analysis]   ax.set(xlim=(0, self.data.shape[1]), ylim=(0, self.data.shape[0]))
[analysis] /workspace/scimt/.venv/lib/python3.12/site-packages/seaborn/matrix.py:309: UserWarning: Attempting to set identical low and high xlims makes transformation singular; automatically expanding.
[analysis]   ax.set(xlim=(0, self.data.shape[1]), ylim=(0, self.data.shape[0]))
[analysis] /workspace/scimt/.venv/lib/python3.12/site-packages/seaborn/matrix.py:309: UserWarning: Attempting to set identical low and high ylims makes transformation singular; automatically expanding.
[analysis]   ax.set(xlim=(0, self.data.shape[1]), ylim=(0, self.data.shape[0]))
[analysis] /workspace/scimt/.venv/lib/python3.12/site-packages/seaborn/matrix.py:309: UserWarning: Attempting to set identical low and high xlims makes transformation singular; automatically expanding.
[analysis]   ax.set(xlim=(0, self.data.shape[1]), ylim=(0, self.data.shape[0]))
[analysis] /workspace/scimt/.venv/lib/python3.12/site-packages/seaborn/matrix.py:309: UserWarning: Attempting to set identical low and high ylims makes transformation singular; automatically expanding.
[analysis]   ax.set(xlim=(0, self.data.shape[1]), ylim=(0, self.data.shape[0]))
[analysis] SCIMT-ANALYSIS-DONE {"keys": ["arms", "family_map", "gate_verdicts", "headline_verdicts", "inputs", "kinds", "lam0_kind", "lam0_kind_for_lam1", "lam0_kind_for_lam1full", "lam1_kind", "lam1full_arms", "lam1full_kind", "lambda_levels", "load_notes", "n_boot", "n_scored_rows", "normalizations", "notes", "outputs", "plots"]}
[2026-09-14T20:13:07+00:00] SCIMT-DRIVER-PHASE analysis status=ok
It seems you are trying to upload a large folder at once. This might take some time and then fail if the folder is too large. For such cases, it is recommended to upload in smaller batches or to use `HfApi().upload_large_folder(...)`/`hf upload-large-folder` instead. For more details, check out https://huggingface.co/docs/huggingface_hub/main/en/guides/upload#upload-a-large-folder.
Processing Files (0 / 0)      : |          |  0.00B /  0.00B            
New Data Upload               : |          |  0.00B /  0.00B            [A

  ...Z/eft_rows/eft_rows.jsonl: 100%|██████████| 10.7MB / 10.7MB            [A[A

  ...Z/eft_rows/eft_rows.jsonl: 100%|██████████| 10.7MB / 10.7MB            [A[AProcessing Files (1 / 11)     :   7%|▋         | 10.7MB /  160MB,   ???B/s  


  ...Z/results/scores_long.csv:   0%|          | 88.9kB / 51.6MB            [A[A[A



  ...5Z/results/net_scores.csv:   0%|          | 16.5kB / 34.9MB            [A[A[A[A

  ...Z/eft_rows/eft_rows.jsonl: 100%|██████████| 10.7MB / 10.7MB            [A[A


  ...Z/results/scores_long.csv:   0%|          | 88.9kB / 51.6MB            [A[A[A



  ...5Z/results/net_scores.csv:   0%|          | 16.5kB / 34.9MB            [A[A[A[AProcessing Files (1 / 11)     :   7%|▋         | 10.9MB /  160MB,   ???B/s  

  ...Z/eft_rows/eft_rows.jsonl: 100%|██████████| 10.7MB / 10.7MB            [A[A


  ...Z/results/scores_long.csv:   0%|          | 88.9kB / 51.6MB            [A[A[A



  ...5Z/results/net_scores.csv:   0%|          | 25.5kB / 34.9MB            [A[A[A[AProcessing Files (1 / 11)     :   7%|▋         | 10.9MB /  160MB, 1.03MB/s  




  ...lam0_vs_lam1__control.pdf:   3%|▎         | 3.57kB /  108kB            [A[A[A[A[A





  ...ts/linearity__charter.pdf:   3%|▎         | 3.63kB /  109kB            [A[A[A[A[A[A






  ...lam0_vs_lam1__charter.pdf:   3%|▎         | 3.60kB /  108kB            [A[A[A[A[A[A[A







  ...uts/scores/combined.jsonl:   3%|▎         |  538kB / 16.2MB            [A[A[A[A[A[A[A[A








  ...sults/linearity__coin.pdf:   3%|▎         | 3.66kB /  110kB            [A[A[A[A[A[A[A[A[A









  ...r__lam0_vs_lam1__coin.pdf:   3%|▎         | 3.52kB /  106kB            [A[A[A[A[A[A[A[A[A[A










  ...ts/linearity__control.pdf:   3%|▎         | 3.59kB /  108kB            [A[A[A[A[A[A[A[A[A[A[A

  ...Z/eft_rows/eft_rows.jsonl: 100%|██████████| 10.7MB / 10.7MB            [A[A


  ...Z/results/scores_long.csv:   4%|▍         | 2.15MB / 51.6MB            [A[A[A



  ...5Z/results/net_scores.csv:   3%|▎         | 1.18MB / 34.9MB            [A[A[A[A




  ...lam0_vs_lam1__control.pdf:   3%|▎         | 3.57kB /  108kB            [A[A[A[A[A





  ...ts/linearity__charter.pdf:   3%|▎         | 3.63kB /  109kB            [A[A[A[A[A[A






  ...lam0_vs_lam1__charter.pdf:   3%|▎         | 3.60kB /  108kB            [A[A[A[A[A[A[A







  ...uts/scores/combined.jsonl:   3%|▎         |  538kB / 16.2MB            [A[A[A[A[A[A[A[A








  ...sults/linearity__coin.pdf:   3%|▎         | 3.66kB /  110kB            [A[A[A[A[A[A[A[A[A









  ...r__lam0_vs_lam1__coin.pdf:   3%|▎         | 3.52kB /  106kB            [A[A[A[A[A[A[A[A[A[A










  ...ts/linearity__control.pdf:   3%|▎         | 3.59kB /  108kB            [A[A[A[A[A[A[A[A[A[A[AProcessing Files (1 / 11)     :   9%|▉         | 14.6MB /  160MB, 1.37MB/s  
New Data Upload               :   3%|▎         | 3.78MB /  149MB,  367kB/s  [A

  ...Z/eft_rows/eft_rows.jsonl: 100%|██████████| 10.7MB / 10.7MB            [A[A


  ...Z/results/scores_long.csv:   4%|▍         | 2.15MB / 51.6MB            [A[A[A



  ...5Z/results/net_scores.csv:   7%|▋         | 2.34MB / 34.9MB            [A[A[A[A




  ...lam0_vs_lam1__control.pdf:   7%|▋         | 7.13kB /  108kB            [A[A[A[A[A





  ...ts/linearity__charter.pdf:   7%|▋         | 7.26kB /  109kB            [A[A[A[A[A[A






  ...lam0_vs_lam1__charter.pdf:   7%|▋         | 7.19kB /  108kB            [A[A[A[A[A[A[A







  ...uts/scores/combined.jsonl:   7%|▋         | 1.08MB / 16.2MB            [A[A[A[A[A[A[A[A








  ...sults/linearity__coin.pdf:   7%|▋         | 7.32kB /  110kB            [A[A[A[A[A[A[A[A[A









  ...r__lam0_vs_lam1__coin.pdf:   7%|▋         | 7.04kB /  106kB            [A[A[A[A[A[A[A[A[A[A










  ...ts/linearity__control.pdf:   7%|▋         | 7.18kB /  108kB            [A[A[A[A[A[A[A[A[A[A[AProcessing Files (1 / 11)     :  10%|█         | 16.4MB /  160MB, 1.50MB/s  
New Data Upload               :   4%|▎         | 5.50MB /  149MB,  523kB/s  [A

  ...Z/eft_rows/eft_rows.jsonl: 100%|██████████| 10.7MB / 10.7MB            [A[A


  ...Z/results/scores_long.csv:  72%|███████▏  | 37.2MB / 51.6MB            [A[A[A



  ...5Z/results/net_scores.csv:  90%|████████▉ | 31.3MB / 34.9MB            [A[A[A[A




  ...lam0_vs_lam1__control.pdf:  90%|████████▉ | 96.3kB /  108kB            [A[A[A[A[A





  ...ts/linearity__charter.pdf:  90%|████████▉ | 98.0kB /  109kB            [A[A[A[A[A[A






  ...lam0_vs_lam1__charter.pdf:  90%|████████▉ | 97.1kB /  108kB            [A[A[A[A[A[A[A







  ...uts/scores/combined.jsonl:  90%|████████▉ | 14.5MB / 16.2MB            [A[A[A[A[A[A[A[A








  ...sults/linearity__coin.pdf:  90%|████████▉ | 98.8kB /  110kB            [A[A[A[A[A[A[A[A[A









  ...r__lam0_vs_lam1__coin.pdf:  90%|████████▉ | 95.0kB /  106kB            [A[A[A[A[A[A[A[A[A[A










  ...ts/linearity__control.pdf:  90%|████████▉ | 97.0kB /  108kB            [A[A[A[A[A[A[A[A[A[A[AProcessing Files (1 / 11)     :  59%|█████▉    | 94.3MB /  160MB, 8.93MB/s  
New Data Upload               :  56%|█████▌    | 83.5MB /  149MB, 7.97MB/s  [A

  ...Z/eft_rows/eft_rows.jsonl: 100%|██████████| 10.7MB / 10.7MB            [A[A


  ...Z/results/scores_long.csv:  96%|█████████▌| 49.6MB / 51.6MB            [A[A[A



  ...5Z/results/net_scores.csv:  99%|█████████▉| 34.7MB / 34.9MB            [A[A[A[A




  ...lam0_vs_lam1__control.pdf:  99%|█████████▉|  107kB /  108kB            [A[A[A[A[A





  ...ts/linearity__charter.pdf:  99%|█████████▉|  109kB /  109kB            [A[A[A[A[A[A






  ...lam0_vs_lam1__charter.pdf:  99%|█████████▉|  108kB /  108kB            [A[A[A[A[A[A[A







  ...uts/scores/combined.jsonl:  99%|█████████▉| 16.1MB / 16.2MB            [A[A[A[A[A[A[A[A








  ...sults/linearity__coin.pdf:  99%|█████████▉|  110kB /  110kB            [A[A[A[A[A[A[A[A[A









  ...r__lam0_vs_lam1__coin.pdf:  99%|█████████▉|  106kB /  106kB            [A[A[A[A[A[A[A[A[A[A










  ...ts/linearity__control.pdf:  99%|█████████▉|  108kB /  108kB            [A[A[A[A[A[A[A[A[A[A[AProcessing Files (1 / 11)     :  70%|███████   |  112MB /  160MB, 10.4MB/s  
New Data Upload               :  68%|██████▊   |  101MB /  149MB, 9.45MB/s  [A

  ...Z/eft_rows/eft_rows.jsonl: 100%|██████████| 10.7MB / 10.7MB            [A[A


  ...Z/results/scores_long.csv: 100%|██████████| 51.6MB / 51.6MB            [A[A[A



  ...5Z/results/net_scores.csv: 100%|██████████| 34.9MB / 34.9MB            [A[A[A[A




  ...lam0_vs_lam1__control.pdf: 100%|██████████|  108kB /  108kB            [A[A[A[A[A





  ...ts/linearity__charter.pdf: 100%|██████████|  109kB /  109kB            [A[A[A[A[A[A






  ...lam0_vs_lam1__charter.pdf: 100%|██████████|  108kB /  108kB            [A[A[A[A[A[A[A







  ...uts/scores/combined.jsonl: 100%|██████████| 16.2MB / 16.2MB            [A[A[A[A[A[A[A[A








  ...sults/linearity__coin.pdf: 100%|██████████|  110kB /  110kB            [A[A[A[A[A[A[A[A[A









  ...r__lam0_vs_lam1__coin.pdf: 100%|██████████|  106kB /  106kB            [A[A[A[A[A[A[A[A[A[A










  [+ 1 files]                 :  98%|█████████▊| 44.9MB / 45.6MB            [A[A[A[A[A[A[A[A[A[A[AProcessing Files (10 / 11)    : 100%|█████████▉|  159MB /  160MB, 14.3MB/s  
New Data Upload               : 100%|█████████▉|  148MB /  149MB, 13.4MB/s  [A

  ...Z/results/scores_long.csv: 100%|██████████| 51.6MB / 51.6MB            [A[A


  ...5Z/results/net_scores.csv: 100%|██████████| 34.9MB / 34.9MB            [A[A[A



  ...lam0_vs_lam1__control.pdf: 100%|██████████|  108kB /  108kB            [A[A[A[A




  ...ts/linearity__charter.pdf: 100%|██████████|  109kB /  109kB            [A[A[A[A[A





  ...lam0_vs_lam1__charter.pdf: 100%|██████████|  108kB /  108kB            [A[A[A[A[A[A






  ...uts/scores/combined.jsonl: 100%|██████████| 16.2MB / 16.2MB            [A[A[A[A[A[A[A







  ...sults/linearity__coin.pdf: 100%|██████████|  110kB /  110kB            [A[A[A[A[A[A[A[A








  ...r__lam0_vs_lam1__coin.pdf: 100%|██████████|  106kB /  106kB            [A[A[A[A[A[A[A[A[A









  ...ts/linearity__control.pdf: 100%|██████████|  108kB /  108kB            [A[A[A[A[A[A[A[A[A[A










  ...s/v1_view/scores_long.csv: 100%|██████████| 45.5MB / 45.5MB            [A[A[A[A[A[A[A[A[A[A[AProcessing Files (11 / 11)    : 100%|██████████|  160MB /  160MB, 13.7MB/s  
New Data Upload               : 100%|██████████|  149MB /  149MB, 12.9MB/s  [AProcessing Files (11 / 11)    : 100%|██████████|  160MB /  160MB, 13.7MB/s  
New Data Upload               : 100%|██████████|  149MB /  149MB, 12.9MB/s  
  ...Z/results/scores_long.csv: 100%|██████████| 51.6MB / 51.6MB            
  ...5Z/results/net_scores.csv: 100%|██████████| 34.9MB / 34.9MB            
  ...lam0_vs_lam1__control.pdf: 100%|██████████|  108kB /  108kB            
  ...ts/linearity__charter.pdf: 100%|██████████|  109kB /  109kB            
  ...lam0_vs_lam1__charter.pdf: 100%|██████████|  108kB /  108kB            
  ...uts/scores/combined.jsonl: 100%|██████████| 16.2MB / 16.2MB            
  ...sults/linearity__coin.pdf: 100%|██████████|  110kB /  110kB            
  ...r__lam0_vs_lam1__coin.pdf: 100%|██████████|  106kB /  106kB            
  ...ts/linearity__control.pdf: 100%|██████████|  108kB /  108kB            
  ...s/v1_view/scores_long.csv: 100%|██████████| 45.5MB / 45.5MB            
[2026-09-14T20:13:19+00:00] SCIMT-DRIVER-PHASE publication status=ok
[2026-09-14T20:13:19+00:00] SCIMT-DRIVER-DONE status=complete elapsed=9.27 h r_star=1024 skipped=0 failures=0
