cell,optimizer_step,loss,rolling_mean_10
public_it-agreement_sft,1,2.448,2.448
public_it-agreement_sft,2,2.436,2.442
public_it-agreement_sft,3,2.165,2.349666666666667
public_it-agreement_sft,4,2.49,2.3847500000000004
public_it-agreement_sft,5,2.445,2.3968000000000003
public_it-agreement_sft,6,2.106,2.3483333333333336
public_it-agreement_sft,7,1.841,2.275857142857143
public_it-agreement_sft,8,1.583,2.18925
public_it-agreement_sft,9,1.505,2.113222222222222
public_it-agreement_sft,10,0.8852,1.9904199999999999
public_it-agreement_sft,11,0.6529,1.8109099999999998
public_it-agreement_sft,12,0.4395,1.6112599999999997
public_it-agreement_sft,13,0.2267,1.41743
public_it-agreement_sft,14,0.1494,1.1833699999999998
public_it-agreement_sft,15,0.08256,0.9471259999999999
public_it-agreement_sft,16,0.09813,0.7463389999999999
public_it-agreement_sft,17,0.1937,0.5816089999999998
public_it-agreement_sft,18,0.04315,0.4276239999999998
public_it-agreement_sft,19,0.04787,0.28191099999999975
public_it-agreement_sft,20,0.04524,0.19791499999999979
public_it-agreement_sft,21,0.0342,0.13604499999999978
public_it-agreement_sft,22,0.0185,0.09394499999999976
public_it-agreement_sft,23,0.03901,0.07517599999999977
public_it-agreement_sft,24,0.03255,0.06349099999999977
public_it-agreement_sft,25,0.03217,0.05845199999999977
public_it-agreement_sft,26,0.02986,0.05162499999999977
public_it-agreement_sft,27,0.028,0.03505499999999977
public_it-agreement_sft,28,0.02693,0.03343299999999977
public_it-agreement_sft,29,0.01038,0.029683999999999766
public_it-agreement_sft,30,0.007944,0.025954399999999767
public_it-agreement_sft,31,0.01901,0.024435399999999764
public_it-agreement_sft,32,0.02434,0.025019399999999765
public_it-agreement_sft,33,0.01525,0.022643399999999765
public_it-agreement_sft,34,0.009293,0.020317699999999765
public_it-agreement_sft,35,0.01741,0.018841699999999763
public_it-agreement_sft,36,0.006927,0.016548399999999762
public_it-agreement_sft,37,0.02722,0.016470399999999764
public_it-agreement_sft,38,0.02438,0.016215399999999762
public_it-agreement_sft,39,0.0343,0.018607399999999764
public_it-agreement_sft,40,0.02039,0.019851999999999762
public_it-agreement_sft,41,0.007649,0.01871589999999976
public_it-agreement_sft,42,0.02026,0.01830789999999976
public_it-agreement_sft,43,0.04089,0.02087189999999976
public_it-agreement_sft,44,0.02146,0.02208859999999976
public_it-agreement_sft,45,0.01766,0.02211359999999976
public_it-agreement_sft,46,0.01981,0.02340189999999976
public_it-agreement_sft,47,0.04549,0.02522889999999976
public_it-agreement_sft,48,0.03758,0.026548899999999757
public_it-agreement_sft,49,0.01394,0.02451289999999976
public_it-agreement_sft,50,0.02791,0.025264899999999757
public_it-agreement_sft,51,0.02949,0.02744899999999976
public_it-agreement_sft,52,0.03193,0.02861599999999976
public_it-agreement_sft,53,0.03603,0.02812999999999976
public_it-agreement_sft,54,0.01829,0.02781299999999976
public_it-agreement_sft,55,0.03267,0.029313999999999757
public_it-agreement_sft,56,0.01486,0.028818999999999755
public_it-agreement_sft,57,0.01645,0.025914999999999754
public_it-agreement_sft,58,0.01755,0.023911999999999756
public_it-agreement_sft,59,0.006806,0.023198599999999757
public_it-agreement_sft,60,0.009552,0.02136279999999976
public_it-agreement_sft,61,0.0107,0.019483799999999756
public_it-agreement_sft,62,0.01849,0.018139799999999755
public_it-agreement_sft,63,0.03228,0.017764799999999754
public_it-agreement_sft,64,0.02422,0.018357799999999754
public_it-agreement_sft,65,0.007142,0.015804999999999757
public_it-agreement_sft,66,0.01033,0.015351999999999755
public_it-agreement_sft,67,0.009349,0.014641899999999755
public_it-agreement_sft,68,0.01701,0.014587899999999755
public_it-agreement_sft,69,0.01228,0.015135299999999755
public_it-agreement_sft,70,0.01166,0.015346099999999755
public_it-agreement_sft,71,0.005233,0.014799399999999754
public_it-agreement_sft,72,0.01084,0.014034399999999753
public_it-agreement_sft,73,0.006691,0.011475499999999753
public_it-agreement_sft,74,0.01058,0.010111499999999754
public_it-agreement_sft,75,0.01955,0.011352299999999755
public_it-agreement_sft,76,0.00893,0.011212299999999753
public_it-agreement_sft,77,0.01354,0.011631399999999754
public_it-agreement_sft,78,0.01241,0.011171399999999753
public_it-agreement_sft,79,0.007759,0.010719299999999755
public_it-agreement_sft,80,0.008742,0.010427499999999753
public_it-agreement_sft,81,0.04624,0.014528199999999755
public_it-agreement_sft,82,0.003236,0.013767799999999756
public_it-agreement_sft,83,0.01118,0.014216699999999754
public_it-agreement_sft,84,0.00294,0.013452699999999753
public_it-agreement_sft,85,0.004952,0.011992899999999754
public_it-agreement_sft,86,0.02108,0.013207899999999755
public_it-agreement_sft,87,0.01069,0.012922899999999756
public_it-agreement_sft,88,0.00188,0.011869899999999756
public_it-agreement_sft,89,0.009989,0.012092899999999756
public_it-agreement_sft,90,0.01429,0.012647699999999757
public_it-agreement_sft,91,0.001125,0.008136199999999755
public_it-agreement_sft,92,0.003043,0.008116899999999755
public_it-agreement_sft,93,0.004868,0.007485699999999755
public_it-agreement_sft,94,0.01696,0.008887699999999756
public_it-agreement_sft,95,0.02345,0.010737499999999756
public_it-agreement_sft,96,0.001566,0.008786099999999755
public_it-agreement_sft,97,0.01286,0.009003099999999754
public_it-agreement_sft,98,0.01576,0.010391099999999754
public_it-agreement_sft,99,0.02569,0.011961199999999752
public_it-agreement_sft,100,0.01297,0.011829199999999753
public_it-agreement_sft,101,0.01305,0.013021699999999756
public_it-agreement_sft,102,0.006104,0.013327799999999756
public_it-agreement_sft,103,0.02022,0.014862999999999755
public_it-agreement_sft,104,0.02058,0.015224999999999753
public_it-agreement_sft,105,0.0096,0.013839999999999752
public_it-agreement_sft,106,0.007359,0.014419299999999751
public_it-agreement_sft,107,0.01365,0.01449829999999975
public_it-agreement_sft,108,0.006839,0.013606199999999753
public_it-agreement_sft,109,0.009372,0.01197439999999975
public_it-agreement_sft,110,0.03391,0.01406839999999975
public_it-agreement_sft,111,0.01377,0.014140399999999751
public_it-agreement_sft,112,0.01715,0.01524499999999975
public_it-agreement_sft,113,0.003682,0.013591199999999751
public_it-agreement_sft,114,0.004196,0.011952799999999751
public_it-agreement_sft,115,0.008339,0.011826699999999751
public_it-agreement_sft,116,0.006459,0.011736699999999751
public_it-agreement_sft,117,0.01004,0.011375699999999753
public_it-agreement_sft,118,0.01543,0.012234799999999752
public_it-agreement_sft,119,0.002072,0.011504799999999753
public_it-agreement_sft,120,0.006268,0.008740599999999751
public_it-agreement_sft,121,0.0179,0.009153599999999752
public_it-agreement_sft,122,0.002243,0.0076628999999997505
public_it-agreement_sft,123,0.007287,0.00802339999999975
public_it-agreement_sft,124,0.02046,0.00964979999999975
public_it-agreement_sft,125,0.01082,0.00989789999999975
public_it-agreement_sft,126,0.01323,0.01057499999999975
public_it-agreement_sft,127,0.001138,0.009684799999999749
public_it-agreement_sft,128,0.01445,0.00958679999999975
public_it-agreement_sft,129,0.01498,0.01087759999999975
public_it-agreement_sft,130,0.004212,0.01067199999999975
public_it-agreement_sft,131,0.01419,0.01030099999999975
public_it-agreement_sft,132,0.01592,0.01166869999999975
public_it-agreement_sft,133,0.01237,0.01217699999999975
public_it-agreement_sft,134,0.0121,0.011340999999999749
public_it-agreement_sft,135,0.004752,0.01073419999999975
public_it-agreement_sft,136,0.008497,0.01026089999999975
public_it-agreement_sft,137,0.01809,0.01195609999999975
public_it-agreement_sft,138,0.003986,0.010909699999999748
public_it-agreement_sft,139,0.007755,0.010187199999999749
public_it-agreement_sft,140,0.002513,0.01001729999999975
public_it-agreement_sft,141,0.01767,0.010365299999999751
public_it-agreement_sft,142,0.004876,0.009260899999999751
public_it-agreement_sft,143,0.00314,0.00833789999999975
public_it-agreement_sft,144,0.004863,0.007614199999999752
public_it-agreement_sft,145,0.002282,0.007367199999999752
public_it-agreement_sft,146,0.0363,0.01014749999999975
public_it-agreement_sft,147,0.003293,0.008667799999999752
public_it-agreement_sft,148,0.01033,0.009302199999999752
public_it-agreement_sft,149,0.01121,0.009647699999999752
public_it-agreement_sft,150,0.01704,0.011100399999999752
public_it-agreement_sft,151,0.0117,0.010503399999999751
public_it-agreement_sft,152,0.01074,0.01108979999999975
public_it-agreement_sft,153,0.00299,0.011074799999999751
public_it-agreement_sft,154,0.007415,0.011329999999999752
public_it-agreement_sft,155,0.007919,0.01189369999999975
public_it-agreement_sft,156,0.01349,0.009612699999999749
public_it-agreement_sft,157,0.004863,0.00976969999999975
public_it-agreement_sft,158,0.01425,0.01016169999999975
public_it-agreement_sft,159,0.01137,0.01017769999999975
public_it-agreement_sft,160,0.008696,0.009343299999999749
public_it-agreement_sft,161,0.01691,0.00986429999999975
public_it-agreement_sft,162,0.02333,0.01112329999999975
public_it-agreement_sft,163,0.01957,0.01278129999999975
public_it-agreement_sft,164,0.02671,0.014710799999999752
public_it-agreement_sft,165,0.01107,0.01502589999999975
public_it-agreement_sft,166,0.004719,0.01414879999999975
public_it-agreement_sft,167,0.03298,0.01696049999999975
public_it-agreement_sft,168,0.01869,0.017404499999999747
public_it-agreement_sft,169,0.009346,0.017202099999999748
public_it-agreement_sft,170,0.0093,0.017262499999999747
public_it-agreement_sft,171,0.006776,0.016249099999999746
public_it-agreement_sft,172,0.01029,0.014945099999999748
public_it-agreement_sft,173,0.02318,0.015306099999999748
public_it-agreement_sft,174,0.02515,0.015150099999999746
public_it-agreement_sft,175,0.004001,0.014443199999999748
public_it-agreement_sft,176,0.009927,0.014963999999999747
public_it-agreement_sft,177,0.003193,0.011985299999999746
public_it-agreement_sft,178,0.001498,0.010266099999999747
public_it-agreement_sft,179,0.01085,0.010416499999999745
public_it-agreement_sft,180,0.002082,0.009694699999999746
public_it-agreement_sft,181,0.005291,0.009546199999999744
public_it-agreement_sft,182,0.0002079,0.008537989999999746
public_it-agreement_sft,183,0.01906,0.008125989999999745
public_it-agreement_sft,184,0.03195,0.008805989999999745
public_it-agreement_sft,185,0.0006489,0.008470779999999744
public_it-agreement_sft,186,0.03793,0.011271079999999743
public_it-agreement_sft,187,0.0007229,0.011024069999999744
public_it-agreement_sft,188,0.004619,0.011336169999999743
public_it-agreement_sft,189,0.003513,0.010602469999999743
public_it-agreement_sft,190,0.005342,0.010928469999999742
public_it-agreement_sft,191,0.02315,0.012714369999999744
public_it-agreement_sft,192,0.001532,0.012846779999999744
public_it-agreement_sft,193,0.002457,0.011186479999999744
public_it-agreement_sft,194,0.003138,0.008305279999999743
public_it-agreement_sft,195,0.01035,0.009275389999999743
public_it-agreement_sft,196,0.001114,0.005593789999999744
public_it-agreement_sft,197,0.02619,0.008140499999999743
public_it-agreement_sft,198,0.001646,0.007843199999999743
public_it-agreement_sft,199,0.00256,0.0077478999999997435
public_it-agreement_sft,200,0.0122,0.008433699999999744
public_it-agreement_sft,201,0.007215,0.0068401999999997435
public_it-agreement_sft,202,0.01054,0.007740999999999743
public_it-agreement_sft,203,0.009433,0.008438599999999742
public_it-agreement_sft,204,0.00625,0.008749799999999742
public_it-agreement_sft,205,0.006236,0.008338399999999743
public_it-agreement_sft,206,0.004596,0.008686599999999742
public_it-agreement_sft,207,0.01033,0.007100599999999744
public_it-agreement_sft,208,0.008275,0.0077634999999997446
public_it-agreement_sft,209,0.006242,0.008131699999999744
public_it-agreement_sft,210,0.01078,0.007989699999999742
public_it-agreement_sft,211,0.005154,0.007783599999999743
public_it-agreement_sft,212,0.005889,0.0073184999999997445
public_it-agreement_sft,213,0.0145,0.007825199999999744
public_it-agreement_sft,214,0.003115,0.007511699999999745
public_it-agreement_sft,215,0.01186,0.008074099999999744
public_it-agreement_sft,216,0.01219,0.008833499999999743
public_it-agreement_sft,217,0.01162,0.008962499999999743
public_it-agreement_sft,218,0.002944,0.008429399999999743
public_it-agreement_sft,219,0.003849,0.008190099999999744
public_it-agreement_sft,220,0.008487,0.007960799999999744
public_it-agreement_sft,221,0.007925,0.008237899999999743
public_it-agreement_sft,222,0.006226,0.008271599999999742
public_it-agreement_sft,223,0.03393,0.010214599999999742
public_it-agreement_sft,224,0.02342,0.012245099999999742
public_it-agreement_sft,225,0.009268,0.011985899999999742
public_it-agreement_sft,226,0.0071,0.011476899999999743
public_it-agreement_sft,227,0.01157,0.011471899999999742
public_it-agreement_sft,228,0.002428,0.011420299999999741
public_it-agreement_sft,229,0.01204,0.01223939999999974
public_it-agreement_sft,230,0.02123,0.013513699999999743
public_it-agreement_sft,231,0.003874,0.013108599999999743
public_it-agreement_sft,232,0.006701,0.013156099999999744
public_it-agreement_sft,233,0.01243,0.011006099999999743
public_it-agreement_sft,234,0.002253,0.008889399999999744
public_it-agreement_sft,235,0.01986,0.009948599999999743
public_it-agreement_sft,236,0.0007669,0.009315289999999744
public_it-agreement_sft,237,0.01421,0.009579289999999744
public_it-agreement_sft,238,0.03002,0.012338489999999746
public_it-agreement_sft,239,0.003394,0.011473889999999745
public_it-agreement_sft,240,0.0002505,0.009375939999999746
public_it-agreement_sft,241,0.004233,0.009411839999999744
public_it-agreement_sft,242,0.009251,0.009666839999999744
public_it-agreement_sft,243,0.0006948,0.008493319999999745
public_it-agreement_sft,244,0.000249,0.008292919999999744
public_it-agreement_sft,245,0.008153,0.007122219999999744
public_it-agreement_sft,246,0.01161,0.008206529999999743
public_it-agreement_sft,247,0.00825,0.007610529999999743
public_it-agreement_sft,248,0.01255,0.005863529999999744
public_it-agreement_sft,249,0.0177,0.007294129999999744
public_it-agreement_sft,250,0.03622,0.010891079999999744
public_it-agreement_sft,251,0.004405,0.010908279999999746
public_it-agreement_sft,252,0.006331,0.010616279999999746
public_it-agreement_sft,253,0.01543,0.012089799999999746
public_it-agreement_sft,254,0.003324,0.012397299999999747
public_it-agreement_sft,255,0.002138,0.011795799999999745
public_it-agreement_sft,256,0.008282,0.011462999999999748
public_it-agreement_sft,257,0.006595,0.011297499999999747
public_it-agreement_sft,258,0.02148,0.012190499999999747
public_it-agreement_sft,259,0.02201,0.012621499999999748
public_it-agreement_sft,260,0.003828,0.009382299999999746
public_it-agreement_sft,261,0.01938,0.010879799999999747
public_it-agreement_sft,262,0.004856,0.010732299999999747
public_it-agreement_sft,263,0.01309,0.010498299999999747
public_it-agreement_sft,264,0.06532,0.01669789999999975
public_it-agreement_sft,265,0.007896,0.01727369999999975
public_it-agreement_sft,266,0.02996,0.01944149999999975
public_it-agreement_sft,267,0.01507,0.02028899999999975
public_it-agreement_sft,268,0.01055,0.01919599999999975
public_it-agreement_sft,269,0.007597,0.017754699999999752
public_it-agreement_sft,270,0.003335,0.017705399999999753
public_it-agreement_sft,271,0.001344,0.01590179999999975
public_it-agreement_sft,272,0.004783,0.015894499999999753
public_it-agreement_sft,273,0.00288,0.014873499999999753
public_it-agreement_sft,274,0.01192,0.009533499999999754
public_it-agreement_sft,275,0.001439,0.008887799999999755
public_it-agreement_sft,276,0.0005934,0.005951139999999753
public_it-agreement_sft,277,0.01281,0.005725139999999754
public_it-agreement_sft,278,0.002637,0.004933839999999754
public_it-agreement_sft,279,0.0008113,0.004255269999999754
public_it-agreement_sft,280,0.004017,0.004323469999999754
public_it-agreement_sft,281,0.018,0.005989069999999754
public_it-agreement_sft,282,0.003453,0.005856069999999753
public_it-agreement_sft,283,0.0002979,0.0055978599999997524
public_it-agreement_sft,284,0.002952,0.004701059999999753
public_it-agreement_sft,285,0.002379,0.004795059999999752
public_it-agreement_sft,286,0.0001601,0.004751729999999753
public_it-agreement_sft,287,0.0002534,0.003496069999999753
public_it-agreement_sft,288,0.002529,0.003485269999999753
public_it-agreement_sft,289,1.351e-05,0.003405490999999753
public_it-agreement_sft,290,0.001022,0.0031059909999997535
public_it-agreement_sft,291,0.0001645,0.0013224409999997536
public_it-agreement_sft,292,0.001756,0.0011527409999997538
public_it-agreement_sft,293,0.008853,0.0020082509999997536
public_it-agreement_sft,294,0.0007806,0.0017911109999997538
public_it-agreement_sft,295,-3.153e-05,0.001550057999999754
public_it-agreement_sft,296,0.003606,0.0018946479999997542
public_it-agreement_sft,297,0.002533,0.0021226079999997543
public_it-agreement_sft,298,0.003138,0.002183507999999754
public_it-agreement_sft,299,0.0003344,0.002215596999999754
public_it-agreement_sft,300,0.002639,0.0023772969999997537
public_it-agreement_sft,301,0.000393,0.0024001469999997537
public_it-agreement_sft,302,0.000819,0.0023064469999997538
public_it-agreement_sft,303,0.0002803,0.0014491769999997537
public_it-agreement_sft,304,0.0001751,0.0013886269999997538
public_it-agreement_sft,305,7.419e-05,0.0013991989999997537
public_it-agreement_sft,306,-3.087e-05,0.0010355119999997538
public_it-agreement_sft,307,0.006064,0.001388611999999754
public_it-agreement_sft,308,0.005788,0.0016536119999997537
public_it-agreement_sft,309,0.001743,0.0017944719999997542
public_it-agreement_sft,310,0.00159,0.0016895719999997544
public_it-agreement_sft,311,0.0005185,0.0017021219999997545
public_it-agreement_sft,312,-4.366e-05,0.0016158559999997543
public_it-agreement_sft,313,0.004256,0.002013425999999754
public_it-agreement_sft,314,0.001298,0.0021257159999997543
public_it-agreement_sft,315,0.0004051,0.002158806999999754
public_it-agreement_sft,316,0.009,0.0030618939999997536
public_it-agreement_sft,317,0.003006,0.0027560939999997534
public_it-agreement_sft,318,0.001669,0.0023441939999997536
public_it-agreement_sft,319,6.15e-05,0.0021760439999997535
public_it-agreement_sft,320,0.004811,0.0024981439999997536
public_it-agreement_sft,321,0.001358,0.0025820939999997533
public_it-agreement_sft,322,0.00196,0.0027824599999997533
public_it-agreement_sft,323,1.519e-05,0.0023583789999997535
public_it-agreement_sft,324,0.002949,0.0025234789999997536
public_it-agreement_sft,325,0.000146,0.002497568999999754
public_it-agreement_sft,326,0.004094,0.0020069689999997536
public_it-agreement_sft,327,-1.934e-05,0.0017044349999997537
public_it-agreement_sft,328,0.002642,0.0018017349999997535
public_it-agreement_sft,329,0.0003758,0.0018331649999997536
public_it-agreement_sft,330,0.0006942,0.0014214849999997533
public_it-agreement_sft,331,0.002424,0.0015280849999997534
public_it-agreement_sft,332,0.0003963,0.0013717149999997534
public_it-agreement_sft,333,-3.122e-05,0.0013670739999997535
public_it-agreement_sft,334,3.154e-05,0.0010753279999997534
public_it-agreement_sft,335,7.49e-05,0.0010682179999997534
public_it-agreement_sft,336,-3.022e-05,0.0006557959999997533
public_it-agreement_sft,337,0.0001713,0.0006748599999997532
public_it-agreement_sft,338,0.004634,0.0008740599999997533
public_it-agreement_sft,339,4.51e-05,0.0008409899999997531
public_it-agreement_sft,340,3.851e-05,0.0007754209999997531
public_it-agreement_sft,341,0.0001581,0.0005488309999997532
public_it-agreement_sft,342,0.0005469,0.0005638909999997533
public_it-agreement_sft,343,-1.091e-05,0.0005659219999997533
public_it-agreement_sft,344,-2.674e-05,0.0005600939999997533
public_it-agreement_sft,345,-2.448e-05,0.0005501559999997532
public_it-agreement_sft,346,-5.354e-05,0.0005478239999997532
public_it-agreement_sft,347,0.0004574,0.0005764339999997533
public_it-agreement_sft,348,0.0006101,0.00017404399999975317
public_it-agreement_sft,349,-2.833e-05,0.00016670099999975318
public_it-agreement_sft,350,0.02456,0.0026188499999997535
public_it-agreement_sft,351,0.01233,0.0038360399999997534
public_it-agreement_sft,352,0.006076,0.004388949999999753
public_it-agreement_sft,353,3.59e-05,0.004393630999999753
public_it-agreement_sft,354,0.0007777,0.004474074999999753
public_it-agreement_sft,355,-4.634e-05,0.0044718889999997525
public_it-agreement_sft,356,0.001426,0.004619842999999752
public_it-agreement_sft,357,0.0008502,0.004659122999999753
public_it-agreement_sft,358,-1.318e-05,0.004596794999999753
public_it-agreement_sft,359,0.0005047,0.004650097999999752
public_it-agreement_sft,360,0.0009935,0.0022934479999997524
public_it-agreement_sft,361,0.003425,0.0014029479999997524
public_it-agreement_sft,362,-3.743e-05,0.0007916049999997524
public_it-agreement_sft,363,0.0002387,0.0008118849999997523
public_it-agreement_sft,364,0.008221,0.0015562149999997523
public_it-agreement_sft,365,-9.291e-07,0.0015607560899997524
public_it-agreement_sft,366,5.145e-06,0.0014186705899997523
public_it-agreement_sft,367,0.0001573,0.0013493805899997525
public_it-agreement_sft,368,0.0002989,0.0013805885899997523
public_it-agreement_sft,369,0.0001956,0.0013496785899997524
public_it-agreement_sft,370,1.252e-05,0.0012515805899997524
public_it-agreement_sft,371,7.472e-05,0.0009165525899997526
public_it-agreement_sft,372,-1.81e-05,0.0009184855899997525
public_it-agreement_sft,373,0.002612,0.0011558155899997525
public_it-agreement_sft,374,-3.509e-05,0.0003302065899997526
public_it-agreement_sft,375,0.001419,0.0004721994999997526
public_it-agreement_sft,376,0.0104,0.0015116849999997526
public_it-agreement_sft,377,0.001856,0.0016815549999997527
public_it-agreement_sft,378,0.001287,0.0017803649999997527
public_it-agreement_sft,379,0.01105,0.0028658049999997527
public_it-agreement_sft,380,0.0002812,0.002892672999999753
public_it-agreement_sft,381,0.006975,0.003582700999999753
public_it-agreement_sft,382,0.0004609,0.003630600999999753
public_it-agreement_sft,383,0.0001135,0.003380750999999753
public_it-agreement_sft,384,0.001396,0.003523859999999753
public_it-agreement_sft,385,0.0001937,0.0034013299999997534
public_it-agreement_sft,386,0.005491,0.0029104299999997535
public_it-agreement_sft,387,0.006806,0.0034054299999997538
public_it-agreement_sft,388,0.001043,0.0033810299999997547
public_it-agreement_sft,389,0.00426,0.0027020299999997543
public_it-agreement_sft,390,0.009132,0.003587109999999754
public_it-agreement_sft,391,0.001046,0.0029942099999997534
public_it-agreement_sft,392,0.001941,0.0031422199999997535
public_it-agreement_sft,393,7.328e-05,0.0031381979999997533
public_it-agreement_sft,394,3.168e-06,0.002998914799999753
public_it-agreement_sft,395,0.000683,0.0030478447999997527
public_it-agreement_sft,396,0.0003893,0.002537674799999753
public_it-agreement_sft,397,0.005625,0.0024195747999997525
public_it-agreement_sft,398,0.002338,0.0025490747999997528
public_it-agreement_sft,399,0.0001563,0.002138704799999753
public_it-agreement_sft,400,-1.973e-05,0.001223531799999753
public_it-agreement_sft,401,0.002805,0.001399431799999753
public_it-agreement_sft,402,0.001028,0.001308131799999753
public_it-agreement_sft,403,0.003091,0.0016099037999997528
public_it-agreement_sft,404,0.000475,0.0016570869999997528
public_it-agreement_sft,405,0.0001235,0.0016011369999997527
public_it-agreement_sft,406,0.0009289,0.0016550969999997527
public_it-agreement_sft,407,-1.259e-05,0.0010913379999997529
public_it-agreement_sft,408,0.0007323,0.0009307679999997528
public_it-agreement_sft,409,5.923e-05,0.000921060999999753
public_it-agreement_sft,410,-8.34e-06,0.0009221999999997529
public_it-agreement_sft,411,9.052e-05,0.0006507519999997529
public_it-agreement_sft,412,0.0007153,0.0006194819999997529
public_it-agreement_sft,413,0.0004496,0.0003553419999997529
public_it-agreement_sft,414,0.001505,0.00045834199999975295
public_it-agreement_sft,415,0.0005104,0.0004970319999997529
public_it-agreement_sft,416,1.873e-06,0.00040432929999975294
public_it-agreement_sft,417,-1.615e-06,0.00040542679999975293
public_it-agreement_sft,418,0.0009473,0.00042692679999975296
public_it-agreement_sft,419,-3.864e-06,0.0004206173999997529
public_it-agreement_sft,420,0.001346,0.0005560513999997528
public_it-agreement_sft,421,6.944e-05,0.0005539433999997528
public_it-agreement_sft,422,-3.071e-05,0.00047934239999975284
public_it-agreement_sft,423,0.0005224,0.00048662239999975286
public_it-agreement_sft,424,7.526e-05,0.00034364839999975283
public_it-agreement_sft,425,0.0002225,0.00031485839999975283
public_it-agreement_sft,426,0.01442,0.0017566710999997528
public_it-agreement_sft,427,6.157e-05,0.001762989599999753
public_it-agreement_sft,428,0.0003157,0.0016998295999997525
public_it-agreement_sft,429,-2.879e-05,0.0016973369999997525
public_it-agreement_sft,430,-2.68e-05,0.0015600569999997525
public_it-agreement_sft,431,0.001335,0.0016866129999997524
public_it-agreement_sft,432,0.0001702,0.0017067039999997522
public_it-agreement_sft,433,-2.022e-05,0.001652441999999752
public_it-agreement_sft,434,-3.627e-05,0.001641288999999752
public_it-agreement_sft,435,0.0006797,0.0016870089999997517
public_it-agreement_sft,436,5.676e-05,0.00025068499999975156
public_it-agreement_sft,437,-1.652e-05,0.00024287599999975158
public_it-agreement_sft,438,0.0001918,0.0002304859999997516
public_it-agreement_sft,439,1.089e-06,0.0002334738999997516
public_it-agreement_sft,440,-1.369e-05,0.00023478489999975163
public_it-agreement_sft,441,0.0003314,0.0001344248999997516
public_it-agreement_sft,442,0.001215,0.0002389048999997516
public_it-agreement_sft,443,1.701e-05,0.00024262789999975162
public_it-agreement_sft,444,0.0006693,0.00031318489999975163
public_it-agreement_sft,445,9.271e-06,0.0002461419999997516
public_it-agreement_sft,446,0.002658,0.0005062659999997516
public_it-agreement_sft,447,0.002599,0.0007678179999997517
public_it-agreement_sft,448,0.001681,0.0009167379999997516
public_it-agreement_sft,449,0.0001782,0.0009344490999997516
public_it-agreement_sft,450,-2.065e-05,0.0009337530999997516
public_it-agreement_sft,451,0.0006829,0.0009689030999997514
public_it-agreement_sft,452,0.002683,0.0011157030999997513
public_it-agreement_sft,453,7.888e-05,0.0011218900999997515
public_it-agreement_sft,454,-5.216e-05,0.0010497440999997513
public_it-agreement_sft,455,0.0003361,0.0010824269999997515
public_it-agreement_sft,456,0.0001965,0.0008362769999997515
public_it-agreement_sft,457,-4.75e-05,0.0005716269999997513
public_it-agreement_sft,458,-7.022e-06,0.0004028247999997513
public_it-agreement_sft,459,0.0006883,0.00045383479999975136
public_it-agreement_sft,460,5.564e-05,0.0004614637999997513
public_it-agreement_sft,461,7.884e-07,0.0003932526399997513
public_it-agreement_sft,462,0.0001517,0.0001401226399997513
public_it-agreement_sft,463,3.407e-05,0.0001356416399997513
public_it-agreement_sft,464,0.0007495,0.00021580763999975132
public_it-agreement_sft,465,7.046e-05,0.00018924363999975132
public_it-agreement_sft,466,4.62e-05,0.0001742136399997513
public_it-agreement_sft,467,-3.915e-05,0.0001750486399997513
public_it-agreement_sft,468,0.0003215,0.00020790083999975133
public_it-agreement_sft,469,-1.808e-05,0.00013726283999975132
public_it-agreement_sft,470,0.0001717,0.00014886883999975131
public_it-agreement_sft,471,0.0005455,0.00020333999999975133
public_it-agreement_sft,472,-3.286e-05,0.0001848839999997513
public_it-agreement_sft,473,-1.375e-05,0.0001801019999997513
public_it-agreement_sft,474,0.0006785,0.00017300199999975132
public_it-agreement_sft,475,-4.781e-06,0.00016547789999975132
public_it-agreement_sft,476,0.000217,0.00018255789999975131
public_it-agreement_sft,477,-5.235e-05,0.00018123789999975132
public_it-agreement_sft,478,-1.293e-05,0.00014779489999975132
public_it-agreement_sft,479,-4.455e-05,0.0001451478999997513
public_it-agreement_sft,480,2.298e-05,0.0001302758999997513
public_it-agreement_sft,481,0.0003023,0.00010595589999975129
public_it-agreement_sft,482,-3.037e-05,0.00010620489999975128
public_it-agreement_sft,483,0.0001007,0.00011764989999975129
public_it-agreement_sft,484,9.975e-05,5.97748999997513e-05
public_it-agreement_sft,485,-5.243e-05,5.50099999997513e-05
public_it-agreement_sft,486,0.003827,0.0004160099999997513
public_it-agreement_sft,487,-5.355e-05,0.00041588999999975126
public_it-agreement_sft,488,0.0002791,0.0004450929999997513
public_it-agreement_sft,489,-3.243e-06,0.0004492236999997513
public_it-agreement_sft,490,-5.193e-05,0.00044173269999975127
public_it-agreement_sft,491,-5.572e-05,0.00040593069999975124
public_it-agreement_sft,492,2.572e-05,0.00041153969999975124
public_it-agreement_sft,493,-1.096e-05,0.0004003736999997513
public_it-agreement_sft,494,-5.228e-05,0.00038517069999975125
public_it-agreement_sft,495,0.0001036,0.00040077369999975124
public_it-agreement_sft,496,-5.152e-05,1.2921699999751201e-05
public_it-agreement_sft,497,0.0009612,0.00011439669999975123
public_it-agreement_sft,498,0.0006966,0.00015614669999975124
public_it-agreement_sft,499,-4.411e-05,0.00015205999999975123
public_it-agreement_sft,500,-4.084e-05,0.0001531689999997512
public_it-agreement_sft,501,-5.096e-05,0.00015364499999975123
public_it-agreement_sft,502,-4.404e-05,0.00014666899999975122
public_it-agreement_sft,503,0.001854,0.00033316499999975124
public_it-agreement_sft,504,-5.08e-05,0.0003333129999997512
public_it-agreement_sft,505,-4.515e-06,0.0003225014999997512
public_it-agreement_sft,506,9.257e-05,0.00033691049999975124
public_it-agreement_sft,507,0.0005649,0.0002972804999997512
public_it-agreement_sft,508,0.0004075,0.0002683704999997512
public_it-agreement_sft,509,-3.22e-05,0.0002695614999997512
public_it-agreement_sft,510,8.435e-06,0.0002744889999997512
public_it-agreement_sft,511,-5.501e-05,0.00027408399999975124
public_it-agreement_sft,512,-6.603e-07,0.00027842196999975125
charter_graft_it-agreement_sft,1,2.291,2.291
charter_graft_it-agreement_sft,2,2.214,2.2525
charter_graft_it-agreement_sft,3,2.102,2.2023333333333333
charter_graft_it-agreement_sft,4,2.279,2.2215
charter_graft_it-agreement_sft,5,2.328,2.2428
charter_graft_it-agreement_sft,6,1.991,2.200833333333333
charter_graft_it-agreement_sft,7,1.762,2.138142857142857
charter_graft_it-agreement_sft,8,1.575,2.0677499999999998
charter_graft_it-agreement_sft,9,1.492,2.0037777777777777
charter_graft_it-agreement_sft,10,0.9371,1.89711
charter_graft_it-agreement_sft,11,0.7371,1.7417200000000002
charter_graft_it-agreement_sft,12,0.4562,1.5659399999999999
charter_graft_it-agreement_sft,13,0.19,1.3747399999999999
charter_graft_it-agreement_sft,14,0.1119,1.15803
charter_graft_it-agreement_sft,15,0.07538,0.932768
charter_graft_it-agreement_sft,16,0.1323,0.7468980000000002
charter_graft_it-agreement_sft,17,0.4039,0.6110880000000002
charter_graft_it-agreement_sft,18,0.1386,0.4674480000000002
charter_graft_it-agreement_sft,19,0.1118,0.32942800000000017
charter_graft_it-agreement_sft,20,0.03426,0.23914400000000016
charter_graft_it-agreement_sft,21,0.04442,0.1698760000000002
charter_graft_it-agreement_sft,22,0.02232,0.12648800000000018
charter_graft_it-agreement_sft,23,0.04548,0.11203600000000018
charter_graft_it-agreement_sft,24,0.0496,0.1058060000000002
charter_graft_it-agreement_sft,25,0.03659,0.10192700000000018
charter_graft_it-agreement_sft,26,0.03236,0.09193300000000018
charter_graft_it-agreement_sft,27,0.0339,0.05493300000000019
charter_graft_it-agreement_sft,28,0.04308,0.045381000000000185
charter_graft_it-agreement_sft,29,0.01808,0.03600900000000019
charter_graft_it-agreement_sft,30,0.01426,0.034009000000000185
charter_graft_it-agreement_sft,31,0.01647,0.03121400000000018
charter_graft_it-agreement_sft,32,0.04508,0.03349000000000018
charter_graft_it-agreement_sft,33,0.04147,0.03308900000000018
charter_graft_it-agreement_sft,34,0.03163,0.03129200000000018
charter_graft_it-agreement_sft,35,0.03671,0.03130400000000018
charter_graft_it-agreement_sft,36,0.01611,0.029679000000000184
charter_graft_it-agreement_sft,37,0.01945,0.028234000000000186
charter_graft_it-agreement_sft,38,0.01749,0.025675000000000187
charter_graft_it-agreement_sft,39,0.02964,0.026831000000000188
charter_graft_it-agreement_sft,40,0.05076,0.030481000000000185
charter_graft_it-agreement_sft,41,0.009266,0.029760600000000186
charter_graft_it-agreement_sft,42,0.02514,0.027766600000000186
charter_graft_it-agreement_sft,43,0.02489,0.026108600000000187
charter_graft_it-agreement_sft,44,0.01988,0.024933600000000188
charter_graft_it-agreement_sft,45,0.01502,0.022764600000000187
charter_graft_it-agreement_sft,46,0.02829,0.023982600000000187
charter_graft_it-agreement_sft,47,0.02994,0.02503160000000019
charter_graft_it-agreement_sft,48,0.03633,0.026915600000000185
charter_graft_it-agreement_sft,49,0.02488,0.026439600000000184
charter_graft_it-agreement_sft,50,0.02638,0.024001600000000185
charter_graft_it-agreement_sft,51,0.00858,0.023933000000000187
charter_graft_it-agreement_sft,52,0.0114,0.02255900000000019
charter_graft_it-agreement_sft,53,0.01459,0.02152900000000019
charter_graft_it-agreement_sft,54,0.02056,0.02159700000000019
charter_graft_it-agreement_sft,55,0.02869,0.022964000000000186
charter_graft_it-agreement_sft,56,0.008245,0.020959500000000186
charter_graft_it-agreement_sft,57,0.003991,0.018364600000000186
charter_graft_it-agreement_sft,58,0.0155,0.016281600000000188
charter_graft_it-agreement_sft,59,0.02231,0.016024600000000187
charter_graft_it-agreement_sft,60,0.006221,0.01400870000000019
charter_graft_it-agreement_sft,61,0.01238,0.01438870000000019
charter_graft_it-agreement_sft,62,0.03294,0.01654270000000019
charter_graft_it-agreement_sft,63,0.03886,0.018969700000000193
charter_graft_it-agreement_sft,64,0.05182,0.022095700000000194
charter_graft_it-agreement_sft,65,0.002182,0.019444900000000192
charter_graft_it-agreement_sft,66,0.0206,0.020680400000000192
charter_graft_it-agreement_sft,67,0.003884,0.020669700000000193
charter_graft_it-agreement_sft,68,0.01863,0.020982700000000194
charter_graft_it-agreement_sft,69,0.02167,0.020918700000000193
charter_graft_it-agreement_sft,70,0.01156,0.02145260000000019
charter_graft_it-agreement_sft,71,0.01208,0.02142260000000019
charter_graft_it-agreement_sft,72,0.007376,0.01886620000000019
charter_graft_it-agreement_sft,73,0.007964,0.01577660000000019
charter_graft_it-agreement_sft,74,0.01491,0.012085600000000191
charter_graft_it-agreement_sft,75,0.02731,0.014598400000000192
charter_graft_it-agreement_sft,76,0.01613,0.014151400000000192
charter_graft_it-agreement_sft,77,0.01141,0.014904000000000191
charter_graft_it-agreement_sft,78,0.01287,0.014328000000000191
charter_graft_it-agreement_sft,79,0.01139,0.013300000000000192
charter_graft_it-agreement_sft,80,0.007617,0.012905700000000192
charter_graft_it-agreement_sft,81,0.01023,0.01272070000000019
charter_graft_it-agreement_sft,82,0.009343,0.01291740000000019
charter_graft_it-agreement_sft,83,0.006512,0.012772200000000188
charter_graft_it-agreement_sft,84,0.0187,0.013151200000000187
charter_graft_it-agreement_sft,85,0.05012,0.015432200000000187
charter_graft_it-agreement_sft,86,0.01693,0.015512200000000188
charter_graft_it-agreement_sft,87,0.00215,0.014586200000000188
charter_graft_it-agreement_sft,88,0.01199,0.014498200000000188
charter_graft_it-agreement_sft,89,0.02782,0.01614120000000019
charter_graft_it-agreement_sft,90,0.02957,0.018336500000000186
charter_graft_it-agreement_sft,91,0.0161,0.018923500000000187
charter_graft_it-agreement_sft,92,0.02106,0.020095200000000188
charter_graft_it-agreement_sft,93,0.03614,0.02305800000000019
charter_graft_it-agreement_sft,94,0.01568,0.02275600000000019
charter_graft_it-agreement_sft,95,0.0637,0.02411400000000019
charter_graft_it-agreement_sft,96,0.01879,0.02430000000000019
charter_graft_it-agreement_sft,97,0.0179,0.025875000000000193
charter_graft_it-agreement_sft,98,0.009979,0.025673900000000194
charter_graft_it-agreement_sft,99,0.01256,0.024147900000000194
charter_graft_it-agreement_sft,100,0.01178,0.0223689000000002
charter_graft_it-agreement_sft,101,0.00157,0.020915900000000195
charter_graft_it-agreement_sft,102,0.01066,0.019875900000000196
charter_graft_it-agreement_sft,103,0.0198,0.018241900000000196
charter_graft_it-agreement_sft,104,0.004765,0.017150400000000197
charter_graft_it-agreement_sft,105,0.01123,0.011903400000000194
charter_graft_it-agreement_sft,106,0.00731,0.010755400000000196
charter_graft_it-agreement_sft,107,0.008446,0.009810000000000195
charter_graft_it-agreement_sft,108,0.01029,0.009841100000000196
charter_graft_it-agreement_sft,109,0.00114,0.008699100000000196
charter_graft_it-agreement_sft,110,0.007703,0.008291400000000195
charter_graft_it-agreement_sft,111,0.003227,0.008457100000000195
charter_graft_it-agreement_sft,112,0.003934,0.007784500000000194
charter_graft_it-agreement_sft,113,0.006569,0.006461400000000195
charter_graft_it-agreement_sft,114,0.01653,0.007637900000000195
charter_graft_it-agreement_sft,115,0.002322,0.006747100000000195
charter_graft_it-agreement_sft,116,0.003392,0.0063553000000001955
charter_graft_it-agreement_sft,117,0.0009233,0.005603030000000195
charter_graft_it-agreement_sft,118,0.002615,0.004835530000000195
charter_graft_it-agreement_sft,119,0.005321,0.005253630000000195
charter_graft_it-agreement_sft,120,0.01024,0.005507330000000195
charter_graft_it-agreement_sft,121,0.002295,0.005414130000000195
charter_graft_it-agreement_sft,122,0.004705,0.005491230000000195
charter_graft_it-agreement_sft,123,0.009372,0.005771530000000195
charter_graft_it-agreement_sft,124,0.001292,0.004247730000000195
charter_graft_it-agreement_sft,125,0.001256,0.004141130000000196
charter_graft_it-agreement_sft,126,0.001529,0.0039548300000001955
charter_graft_it-agreement_sft,127,0.02115,0.005977500000000195
charter_graft_it-agreement_sft,128,0.02059,0.007775000000000194
charter_graft_it-agreement_sft,129,0.01398,0.008640900000000194
charter_graft_it-agreement_sft,130,0.001721,0.007789000000000194
charter_graft_it-agreement_sft,131,0.0103,0.008589500000000194
charter_graft_it-agreement_sft,132,0.001105,0.008229500000000193
charter_graft_it-agreement_sft,133,0.001497,0.007442000000000193
charter_graft_it-agreement_sft,134,0.0006488,0.007377680000000194
charter_graft_it-agreement_sft,135,0.004509,0.007702980000000194
charter_graft_it-agreement_sft,136,0.008507,0.008400780000000194
charter_graft_it-agreement_sft,137,0.01604,0.007889780000000193
charter_graft_it-agreement_sft,138,0.02126,0.007956780000000194
charter_graft_it-agreement_sft,139,0.00255,0.0068137800000001945
charter_graft_it-agreement_sft,140,0.004481,0.007089780000000194
charter_graft_it-agreement_sft,141,0.002418,0.006301580000000194
charter_graft_it-agreement_sft,142,0.007283,0.0069193800000001944
charter_graft_it-agreement_sft,143,0.01275,0.008044680000000195
charter_graft_it-agreement_sft,144,0.01372,0.009351800000000193
charter_graft_it-agreement_sft,145,0.0156,0.010460900000000193
charter_graft_it-agreement_sft,146,0.01621,0.011231200000000194
charter_graft_it-agreement_sft,147,0.02207,0.011834200000000194
charter_graft_it-agreement_sft,148,0.007231,0.010431300000000194
charter_graft_it-agreement_sft,149,0.02112,0.012288300000000193
charter_graft_it-agreement_sft,150,0.01109,0.012949200000000192
charter_graft_it-agreement_sft,151,0.0064,0.01334740000000019
charter_graft_it-agreement_sft,152,0.01127,0.013746100000000188
charter_graft_it-agreement_sft,153,0.005616,0.013032700000000189
charter_graft_it-agreement_sft,154,0.001864,0.01184710000000019
charter_graft_it-agreement_sft,155,0.009125,0.01119960000000019
charter_graft_it-agreement_sft,156,0.002248,0.00980340000000019
charter_graft_it-agreement_sft,157,0.001755,0.00777190000000019
charter_graft_it-agreement_sft,158,0.004518,0.007500600000000189
charter_graft_it-agreement_sft,159,0.007323,0.0061209000000001885
charter_graft_it-agreement_sft,160,0.001124,0.005124300000000188
charter_graft_it-agreement_sft,161,0.02634,0.007118300000000188
charter_graft_it-agreement_sft,162,0.006663,0.006657600000000189
charter_graft_it-agreement_sft,163,0.01047,0.007143000000000189
charter_graft_it-agreement_sft,164,0.001417,0.007098300000000189
charter_graft_it-agreement_sft,165,0.003318,0.00651760000000019
charter_graft_it-agreement_sft,166,0.02058,0.00835080000000019
charter_graft_it-agreement_sft,167,0.03415,0.011590300000000189
charter_graft_it-agreement_sft,168,0.00728,0.01186650000000019
charter_graft_it-agreement_sft,169,0.01131,0.01226520000000019
charter_graft_it-agreement_sft,170,0.00312,0.01246480000000019
charter_graft_it-agreement_sft,171,0.004056,0.01023640000000019
charter_graft_it-agreement_sft,172,0.008362,0.01040630000000019
charter_graft_it-agreement_sft,173,0.05322,0.014681300000000189
charter_graft_it-agreement_sft,174,0.02391,0.01693060000000019
charter_graft_it-agreement_sft,175,0.01809,0.01840780000000019
charter_graft_it-agreement_sft,176,0.003963,0.01674610000000019
charter_graft_it-agreement_sft,177,0.001165,0.013447600000000193
charter_graft_it-agreement_sft,178,0.002132,0.012932800000000192
charter_graft_it-agreement_sft,179,0.01132,0.01293380000000019
charter_graft_it-agreement_sft,180,0.003798,0.013001600000000188
charter_graft_it-agreement_sft,181,0.003985,0.012994500000000186
charter_graft_it-agreement_sft,182,0.00451,0.012609300000000188
charter_graft_it-agreement_sft,183,0.006118,0.007899100000000188
charter_graft_it-agreement_sft,184,0.002014,0.005709500000000188
charter_graft_it-agreement_sft,185,0.0001688,0.003917380000000188
charter_graft_it-agreement_sft,186,0.0181,0.005331080000000188
charter_graft_it-agreement_sft,187,0.01122,0.006336580000000189
charter_graft_it-agreement_sft,188,0.001657,0.00628908000000019
charter_graft_it-agreement_sft,189,0.004183,0.00557538000000019
charter_graft_it-agreement_sft,190,0.0008509,0.00528067000000019
charter_graft_it-agreement_sft,191,0.00753,0.005635170000000191
charter_graft_it-agreement_sft,192,0.006421,0.0058262700000001905
charter_graft_it-agreement_sft,193,0.0005972,0.005274190000000191
charter_graft_it-agreement_sft,194,0.00314,0.00538679000000019
charter_graft_it-agreement_sft,195,0.001699,0.00553981000000019
charter_graft_it-agreement_sft,196,0.001689,0.0038987100000001896
charter_graft_it-agreement_sft,197,0.02663,0.0054397100000001895
charter_graft_it-agreement_sft,198,0.03058,0.00833201000000019
charter_graft_it-agreement_sft,199,0.02305,0.01021871000000019
charter_graft_it-agreement_sft,200,0.003046,0.010438220000000189
charter_graft_it-agreement_sft,201,0.004623,0.01014752000000019
charter_graft_it-agreement_sft,202,0.002329,0.009738320000000189
charter_graft_it-agreement_sft,203,0.0003378,0.009712380000000189
charter_graft_it-agreement_sft,204,0.009399,0.010338280000000189
charter_graft_it-agreement_sft,205,0.002047,0.010373080000000187
charter_graft_it-agreement_sft,206,0.002655,0.010469680000000188
charter_graft_it-agreement_sft,207,0.001749,0.007981580000000188
charter_graft_it-agreement_sft,208,0.006225,0.0055460800000001875
charter_graft_it-agreement_sft,209,0.002203,0.0034613800000001874
charter_graft_it-agreement_sft,210,0.004745,0.003631280000000187
charter_graft_it-agreement_sft,211,0.0007188,0.003240860000000187
charter_graft_it-agreement_sft,212,0.005607,0.0035686600000001873
charter_graft_it-agreement_sft,213,0.002295,0.0037643800000001872
charter_graft_it-agreement_sft,214,0.0007059,0.002895070000000188
charter_graft_it-agreement_sft,215,0.0001341,0.0027037800000001876
charter_graft_it-agreement_sft,216,0.001363,0.0025745800000001877
charter_graft_it-agreement_sft,217,0.008959,0.0032955800000001876
charter_graft_it-agreement_sft,218,0.0108,0.003753080000000187
charter_graft_it-agreement_sft,219,0.0002065,0.0035534300000001863
charter_graft_it-agreement_sft,220,0.00377,0.0034559300000001868
charter_graft_it-agreement_sft,221,0.01276,0.004660050000000187
charter_graft_it-agreement_sft,222,0.002393,0.004338650000000187
charter_graft_it-agreement_sft,223,0.001776,0.004286750000000187
charter_graft_it-agreement_sft,224,0.007905,0.005006660000000187
charter_graft_it-agreement_sft,225,0.0004823,0.005041480000000187
charter_graft_it-agreement_sft,226,0.0009662,0.005001800000000186
charter_graft_it-agreement_sft,227,0.0113,0.005235900000000186
charter_graft_it-agreement_sft,228,0.0001971,0.004175610000000186
charter_graft_it-agreement_sft,229,0.0004002,0.0041949800000001865
charter_graft_it-agreement_sft,230,2.284e-05,0.0038202640000001868
charter_graft_it-agreement_sft,231,0.0008119,0.0026254540000001866
charter_graft_it-agreement_sft,232,3.593e-05,0.0023897470000001867
charter_graft_it-agreement_sft,233,0.0005795,0.002270097000000187
charter_graft_it-agreement_sft,234,0.0002123,0.0015008270000001866
charter_graft_it-agreement_sft,235,0.0001705,0.0014696470000001866
charter_graft_it-agreement_sft,236,9.398e-06,0.0013739668000001867
charter_graft_it-agreement_sft,237,0.005094,0.0007533668000001865
charter_graft_it-agreement_sft,238,0.01698,0.0024316568000001862
charter_graft_it-agreement_sft,239,0.0003754,0.0024291768000001867
charter_graft_it-agreement_sft,240,0.006747,0.0031015928000001866
charter_graft_it-agreement_sft,241,0.002238,0.0032442028000001866
charter_graft_it-agreement_sft,242,0.0001505,0.003255659800000186
charter_graft_it-agreement_sft,243,0.007771,0.003974809800000186
charter_graft_it-agreement_sft,244,0.005605,0.004514079800000187
charter_graft_it-agreement_sft,245,0.002562,0.004753229800000187
charter_graft_it-agreement_sft,246,0.01902,0.0066542900000001876
charter_graft_it-agreement_sft,247,0.004264,0.006571290000000188
charter_graft_it-agreement_sft,248,0.008287,0.005701990000000189
charter_graft_it-agreement_sft,249,0.008532,0.006517650000000189
charter_graft_it-agreement_sft,250,0.001108,0.005953750000000188
charter_graft_it-agreement_sft,251,0.001713,0.0059012500000001885
charter_graft_it-agreement_sft,252,0.006911,0.0065773000000001886
charter_graft_it-agreement_sft,253,0.006281,0.006428300000000188
charter_graft_it-agreement_sft,254,0.0032,0.006187800000000188
charter_graft_it-agreement_sft,255,0.000683,0.005999900000000188
charter_graft_it-agreement_sft,256,0.0004556,0.004143460000000187
charter_graft_it-agreement_sft,257,0.0006186,0.0037789200000001868
charter_graft_it-agreement_sft,258,0.0009596,0.003046180000000187
charter_graft_it-agreement_sft,259,0.0334,0.005532980000000187
charter_graft_it-agreement_sft,260,0.00748,0.006170180000000187
charter_graft_it-agreement_sft,261,0.001719,0.006170780000000187
charter_graft_it-agreement_sft,262,0.0002618,0.005505860000000187
charter_graft_it-agreement_sft,263,0.0009607,0.004973830000000188
charter_graft_it-agreement_sft,264,0.002285,0.004882330000000187
charter_graft_it-agreement_sft,265,0.0001754,0.004831570000000187
charter_graft_it-agreement_sft,266,0.001488,0.004934810000000187
charter_graft_it-agreement_sft,267,0.001019,0.004974850000000188
charter_graft_it-agreement_sft,268,0.001498,0.005028690000000188
charter_graft_it-agreement_sft,269,0.000282,0.0017168900000001873
charter_graft_it-agreement_sft,270,0.003836,0.0013524900000001874
charter_graft_it-agreement_sft,271,0.0008071,0.0012613000000001873
charter_graft_it-agreement_sft,272,0.001618,0.0013969200000001872
charter_graft_it-agreement_sft,273,0.0005847,0.0013593200000001874
charter_graft_it-agreement_sft,274,0.0003781,0.0011686300000001873
charter_graft_it-agreement_sft,275,0.000114,0.0011624900000001873
charter_graft_it-agreement_sft,276,0.0005416,0.0010678500000001873
charter_graft_it-agreement_sft,277,0.0005803,0.0010239800000001874
charter_graft_it-agreement_sft,278,0.0006645,0.0009406300000001875
charter_graft_it-agreement_sft,279,-8.885e-06,0.0009115415000001875
charter_graft_it-agreement_sft,280,0.0005417,0.0005821115000001875
charter_graft_it-agreement_sft,281,0.001536,0.0006550015000001874
charter_graft_it-agreement_sft,282,0.0002526,0.0005184615000001875
charter_graft_it-agreement_sft,283,0.00111,0.0005709915000001876
charter_graft_it-agreement_sft,284,0.0001124,0.0005444215000001875
charter_graft_it-agreement_sft,285,3.505e-05,0.0005365265000001876
charter_graft_it-agreement_sft,286,9.979e-05,0.0004923455000001876
charter_graft_it-agreement_sft,287,-1.371e-05,0.00043294450000018757
charter_graft_it-agreement_sft,288,0.006952,0.0010616945000001875
charter_graft_it-agreement_sft,289,-4.25e-05,0.0010583330000001876
charter_graft_it-agreement_sft,290,0.000585,0.0010626630000001875
charter_graft_it-agreement_sft,291,5.456e-05,0.0009145190000001875
charter_graft_it-agreement_sft,292,9.363e-05,0.0008986220000001875
charter_graft_it-agreement_sft,293,0.002007,0.0009883220000001876
charter_graft_it-agreement_sft,294,-4.241e-05,0.0009728410000001875
charter_graft_it-agreement_sft,295,0.0002522,0.0009945560000001875
charter_graft_it-agreement_sft,296,6.796e-05,0.0009913730000001874
charter_graft_it-agreement_sft,297,0.005444,0.0015371440000001874
charter_graft_it-agreement_sft,298,0.000273,0.0008692440000001873
charter_graft_it-agreement_sft,299,-2.915e-05,0.0008705790000001871
charter_graft_it-agreement_sft,300,0.004037,0.001215779000000187
charter_graft_it-agreement_sft,301,0.0002497,0.001235293000000187
charter_graft_it-agreement_sft,302,0.0008195,0.001307880000000187
charter_graft_it-agreement_sft,303,0.02094,0.0032011800000001866
charter_graft_it-agreement_sft,304,3.254e-05,0.0032086750000001863
charter_graft_it-agreement_sft,305,0.00232,0.0034154550000001864
charter_graft_it-agreement_sft,306,0.0004217,0.0034508290000001864
charter_graft_it-agreement_sft,307,0.001668,0.0030732290000001867
charter_graft_it-agreement_sft,308,0.003473,0.0033932290000001863
charter_graft_it-agreement_sft,309,3.372e-05,0.0033995160000001865
charter_graft_it-agreement_sft,310,5.852e-06,0.0029964012000001867
charter_graft_it-agreement_sft,311,0.0001079,0.0029822212000001867
charter_graft_it-agreement_sft,312,2.998e-05,0.0029032692000001865
charter_graft_it-agreement_sft,313,0.0007092,0.0008801892000001865
charter_graft_it-agreement_sft,314,4.855e-05,0.0008817902000001866
charter_graft_it-agreement_sft,315,6.783e-05,0.0006565732000001865
charter_graft_it-agreement_sft,316,2.338e-05,0.0006167412000001865
charter_graft_it-agreement_sft,317,0.0008717,0.0005371112000001865
charter_graft_it-agreement_sft,318,0.00033,0.00022281120000018645
charter_graft_it-agreement_sft,319,-1.148e-05,0.00021829120000018643
charter_graft_it-agreement_sft,320,0.005551,0.0007728060000001865
charter_graft_it-agreement_sft,321,5.844e-05,0.0007678600000001865
charter_graft_it-agreement_sft,322,0.0003615,0.0008010120000001864
charter_graft_it-agreement_sft,323,4.936e-05,0.0007350280000001864
charter_graft_it-agreement_sft,324,0.0003046,0.0007606330000001864
charter_graft_it-agreement_sft,325,-2.03e-06,0.0007536470000001865
charter_graft_it-agreement_sft,326,0.0001503,0.0007663390000001865
charter_graft_it-agreement_sft,327,6.908e-05,0.0006860770000001865
charter_graft_it-agreement_sft,328,0.0002149,0.0006745670000001865
charter_graft_it-agreement_sft,329,-1.499e-05,0.0006742160000001865
charter_graft_it-agreement_sft,330,0.003305,0.00044961600000018655
charter_graft_it-agreement_sft,331,0.0001229,0.0004560620000001866
charter_graft_it-agreement_sft,332,0.0003089,0.00045080200000018663
charter_graft_it-agreement_sft,333,0.0005147,0.0004973360000001866
charter_graft_it-agreement_sft,334,-2.681e-05,0.0004641950000001865
charter_graft_it-agreement_sft,335,0.002329,0.0006972980000001865
charter_graft_it-agreement_sft,336,0.0001492,0.0006971880000001865
charter_graft_it-agreement_sft,337,7.985e-05,0.0006982650000001866
charter_graft_it-agreement_sft,338,4.507e-05,0.0006812820000001867
charter_graft_it-agreement_sft,339,-4.153e-05,0.0006786280000001867
charter_graft_it-agreement_sft,340,8.608e-05,0.00035673600000018667
charter_graft_it-agreement_sft,341,6.904e-05,0.00035135000000018665
charter_graft_it-agreement_sft,342,0.0006994,0.0003904000000001866
charter_graft_it-agreement_sft,343,-2.4e-05,0.0003365300000001866
charter_graft_it-agreement_sft,344,0.0003583,0.0003750410000001866
charter_graft_it-agreement_sft,345,0.0002529,0.00016743100000018662
charter_graft_it-agreement_sft,346,-2.107e-05,0.00015040400000018662
charter_graft_it-agreement_sft,347,0.0006976,0.00021217900000018662
charter_graft_it-agreement_sft,348,0.001217,0.0003293720000001866
charter_graft_it-agreement_sft,349,-2.797e-05,0.0003307280000001866
charter_graft_it-agreement_sft,350,0.01101,0.0014231200000001866
charter_graft_it-agreement_sft,351,0.003316,0.0017478160000001866
charter_graft_it-agreement_sft,352,0.0005711,0.001734986000000187
charter_graft_it-agreement_sft,353,0.0007395,0.001811336000000187
charter_graft_it-agreement_sft,354,0.005714,0.002346906000000187
charter_graft_it-agreement_sft,355,-4.064e-05,0.002317552000000187
charter_graft_it-agreement_sft,356,0.0004545,0.002365109000000187
charter_graft_it-agreement_sft,357,0.004131,0.002708449000000187
charter_graft_it-agreement_sft,358,-2.612e-05,0.0025841370000001867
charter_graft_it-agreement_sft,359,0.003545,0.0029414340000001866
charter_graft_it-agreement_sft,360,0.001331,0.0019735340000001864
charter_graft_it-agreement_sft,361,0.0002752,0.0016694540000001864
charter_graft_it-agreement_sft,362,0.0001685,0.001629194000000186
charter_graft_it-agreement_sft,363,1.218e-05,0.001556462000000186
charter_graft_it-agreement_sft,364,0.0006456,0.001049622000000186
charter_graft_it-agreement_sft,365,-1.534e-05,0.0010521520000001858
charter_graft_it-agreement_sft,366,-3.927e-05,0.001002775000000186
charter_graft_it-agreement_sft,367,0.0003011,0.000619785000000186
charter_graft_it-agreement_sft,368,-2.035e-05,0.000620362000000186
charter_graft_it-agreement_sft,369,0.01276,0.001541862000000186
charter_graft_it-agreement_sft,370,1.665e-05,0.001410427000000186
charter_graft_it-agreement_sft,371,8.778e-06,0.001383784800000186
charter_graft_it-agreement_sft,372,-4.038e-05,0.001362896800000186
charter_graft_it-agreement_sft,373,0.0005659,0.0014182688000001858
charter_graft_it-agreement_sft,374,-9.684e-07,0.001353611960000186
charter_graft_it-agreement_sft,375,4.714e-06,0.0013556173600001858
charter_graft_it-agreement_sft,376,0.01617,0.002976544360000186
charter_graft_it-agreement_sft,377,0.006355,0.0035819343600001865
charter_graft_it-agreement_sft,378,0.004285,0.004012469360000186
charter_graft_it-agreement_sft,379,0.008883,0.0036247693600001867
charter_graft_it-agreement_sft,380,-1.884e-05,0.0036212203600001864
charter_graft_it-agreement_sft,381,0.000204,0.0036407425600001866
charter_graft_it-agreement_sft,382,-6.188e-06,0.003644161760000187
charter_graft_it-agreement_sft,383,8.84e-05,0.0035964117600001872
charter_graft_it-agreement_sft,384,0.000172,0.0036137086000001873
charter_graft_it-agreement_sft,385,0.0002422,0.0036374572000001867
charter_graft_it-agreement_sft,386,0.00013,0.0020334572000001864
charter_graft_it-agreement_sft,387,7.049e-05,0.0014050062000001864
charter_graft_it-agreement_sft,388,0.0003233,0.0010088362000001867
charter_graft_it-agreement_sft,389,2.75e-05,0.00012328620000018662
charter_graft_it-agreement_sft,390,0.004994,0.0006245702000001866
charter_graft_it-agreement_sft,391,8.755e-05,0.0006129252000001866
charter_graft_it-agreement_sft,392,0.0005329,0.0006668340000001865
charter_graft_it-agreement_sft,393,0.0009333,0.0007513240000001865
charter_graft_it-agreement_sft,394,0.0001675,0.0007508740000001866
charter_graft_it-agreement_sft,395,0.00035,0.0007616540000001867
charter_graft_it-agreement_sft,396,9.783e-05,0.0007584370000001866
charter_graft_it-agreement_sft,397,0.003189,0.0010702880000001869
charter_graft_it-agreement_sft,398,0.0005959,0.0010975480000001868
charter_graft_it-agreement_sft,399,-1.853e-05,0.0010929450000001868
charter_graft_it-agreement_sft,400,-1.833e-05,0.0005917120000001868
charter_graft_it-agreement_sft,401,0.002897,0.0008726570000001868
charter_graft_it-agreement_sft,402,0.003358,0.0011551670000001868
charter_graft_it-agreement_sft,403,0.0001684,0.001078677000000187
charter_graft_it-agreement_sft,404,0.0002716,0.001089087000000187
charter_graft_it-agreement_sft,405,-2.783e-05,0.0010513040000001872
charter_graft_it-agreement_sft,406,1.382e-05,0.001042903000000187
charter_graft_it-agreement_sft,407,-4.376e-05,0.000719627000000187
charter_graft_it-agreement_sft,408,3.909e-05,0.000663946000000187
charter_graft_it-agreement_sft,409,3.794e-05,0.0006695930000001871
charter_graft_it-agreement_sft,410,-2.244e-05,0.0006691820000001871
charter_graft_it-agreement_sft,411,0.0002555,0.00040503200000018713
charter_graft_it-agreement_sft,412,0.001158,0.00018503200000018717
charter_graft_it-agreement_sft,413,0.01085,0.0012531920000001871
charter_graft_it-agreement_sft,414,9.448e-05,0.0012354800000001869
charter_graft_it-agreement_sft,415,0.0002239,0.001260653000000187
charter_graft_it-agreement_sft,416,2.756e-05,0.001262027000000187
charter_graft_it-agreement_sft,417,2.36e-05,0.001268763000000187
charter_graft_it-agreement_sft,418,7.715e-05,0.001272569000000187
charter_graft_it-agreement_sft,419,0.0002565,0.001294425000000187
charter_graft_it-agreement_sft,420,0.002922,0.0015888690000001866
charter_graft_it-agreement_sft,421,-2.564e-06,0.0015630626000001867
charter_graft_it-agreement_sft,422,-2.641e-05,0.001444621600000187
charter_graft_it-agreement_sft,423,-1.035e-05,0.000358586600000187
charter_graft_it-agreement_sft,424,0.0008187,0.00043100860000018704
charter_graft_it-agreement_sft,425,8.972e-05,0.00041759060000018703
charter_graft_it-agreement_sft,426,0.001562,0.000571034600000187
charter_graft_it-agreement_sft,427,4.668e-05,0.000573342600000187
charter_graft_it-agreement_sft,428,2.694e-05,0.000568321600000187
charter_graft_it-agreement_sft,429,8.223e-05,0.000550894600000187
charter_graft_it-agreement_sft,430,-2.647e-05,0.000256047600000187
charter_graft_it-agreement_sft,431,0.001277,0.000384004000000187
charter_graft_it-agreement_sft,432,0.0001881,0.00040545500000018696
charter_graft_it-agreement_sft,433,1.903e-05,0.000408393000000187
charter_graft_it-agreement_sft,434,-5.526e-06,0.000325970400000187
charter_graft_it-agreement_sft,435,-4.024e-06,0.00031659600000018696
charter_graft_it-agreement_sft,436,-1.079e-05,0.00015931700000018696
charter_graft_it-agreement_sft,437,-4.309e-05,0.00015034000000018697
charter_graft_it-agreement_sft,438,-4.155e-05,0.00014349100000018698
charter_graft_it-agreement_sft,439,3.372e-05,0.00013864000000018698
charter_graft_it-agreement_sft,440,-7.879e-06,0.000140499100000187
charter_graft_it-agreement_sft,441,1.658e-05,1.4457100000187005e-05
charter_graft_it-agreement_sft,442,0.0001299,8.637100000187007e-06
charter_graft_it-agreement_sft,443,4.57e-06,7.191100000187008e-06
charter_graft_it-agreement_sft,444,9.771e-05,1.7514700000187008e-05
charter_graft_it-agreement_sft,445,-4.12e-05,1.3797100000187008e-05
charter_graft_it-agreement_sft,446,3.498e-06,1.5225900000187007e-05
charter_graft_it-agreement_sft,447,0.0008739,0.000106924900000187
charter_graft_it-agreement_sft,448,-2.941e-05,0.00010813890000018701
charter_graft_it-agreement_sft,449,-2.312e-05,0.00010245490000018701
charter_graft_it-agreement_sft,450,6.989e-06,0.00010394170000018699
charter_graft_it-agreement_sft,451,2.099e-05,0.000104382700000187
charter_graft_it-agreement_sft,452,-3.295e-05,8.8097700000187e-05
charter_graft_it-agreement_sft,453,0.003132,0.000400840700000187
charter_graft_it-agreement_sft,454,0.008777,0.001268769700000187
charter_graft_it-agreement_sft,455,0.0001136,0.001284249700000187
charter_graft_it-agreement_sft,456,-3.912e-05,0.001279987900000187
charter_graft_it-agreement_sft,457,-4.159e-05,0.001188438900000187
charter_graft_it-agreement_sft,458,-3.95e-05,0.001187429900000187
charter_graft_it-agreement_sft,459,8.076e-05,0.0011978179000001871
charter_graft_it-agreement_sft,460,0.0003499,0.001232109000000187
charter_graft_it-agreement_sft,461,-3.617e-05,0.001226393000000187
charter_graft_it-agreement_sft,462,3.382e-05,0.001233070000000187
charter_graft_it-agreement_sft,463,2.333e-05,0.000922203000000187
charter_graft_it-agreement_sft,464,-3.358e-05,4.114500000018707e-05
charter_graft_it-agreement_sft,465,-2.027e-05,2.7758000000187073e-05
charter_graft_it-agreement_sft,466,3.387e-05,3.505700000018707e-05
charter_graft_it-agreement_sft,467,-3.465e-05,3.575100000018707e-05
charter_graft_it-agreement_sft,468,-2.291e-05,3.741000000018707e-05
charter_graft_it-agreement_sft,469,0.0003694,6.627400000018706e-05
charter_graft_it-agreement_sft,470,1.591e-05,3.2875000000187065e-05
charter_graft_it-agreement_sft,471,0.0001516,5.165200000018706e-05
charter_graft_it-agreement_sft,472,-4.121e-05,4.414900000018706e-05
charter_graft_it-agreement_sft,473,-3.645e-05,3.8171000000187056e-05
charter_graft_it-agreement_sft,474,-2.073e-05,3.945600000018706e-05
charter_graft_it-agreement_sft,475,8.384e-06,4.232140000018706e-05
charter_graft_it-agreement_sft,476,0.0008833,0.00012726440000018706
charter_graft_it-agreement_sft,477,0.000282,0.00015892940000018704
charter_graft_it-agreement_sft,478,0.0002511,0.00018633040000018704
charter_graft_it-agreement_sft,479,-1.021e-05,0.00014836940000018703
charter_graft_it-agreement_sft,480,2.859e-05,0.00014963740000018702
charter_graft_it-agreement_sft,481,-5.777e-06,0.00013389970000018703
charter_graft_it-agreement_sft,482,0.0002778,0.000165800700000187
charter_graft_it-agreement_sft,483,0.0001809,0.00018753570000018703
charter_graft_it-agreement_sft,484,3.014e-07,0.00018963884000018703
charter_graft_it-agreement_sft,485,-3.832e-05,0.00018496844000018704
charter_graft_it-agreement_sft,486,3.889e-05,0.00010052744000018702
charter_graft_it-agreement_sft,487,0.0002441,9.673744000018701e-05
charter_graft_it-agreement_sft,488,7.051e-05,7.867844000018702e-05
charter_graft_it-agreement_sft,489,0.0004006,0.00011975944000018703
charter_graft_it-agreement_sft,490,-4.364e-05,0.00011253644000018704
charter_graft_it-agreement_sft,491,-4.541e-05,0.00010857314000018703
charter_graft_it-agreement_sft,492,0.0001918,9.997314000018703e-05
charter_graft_it-agreement_sft,493,0.000104,9.228314000018703e-05
charter_graft_it-agreement_sft,494,1.381e-05,9.363400000018703e-05
charter_graft_it-agreement_sft,495,0.003427,0.000440166000000187
charter_graft_it-agreement_sft,496,-4.094e-05,0.00043218300000018707
charter_graft_it-agreement_sft,497,2.455e-05,0.0004102280000001871
charter_graft_it-agreement_sft,498,4.875e-05,0.0004080520000001871
charter_graft_it-agreement_sft,499,-4.289e-05,0.000363703000000187
charter_graft_it-agreement_sft,500,-3.099e-05,0.00036496800000018704
charter_graft_it-agreement_sft,501,-3.034e-05,0.0003664750000001871
charter_graft_it-agreement_sft,502,5.017e-05,0.0003523120000001871
charter_graft_it-agreement_sft,503,0.004619,0.0008038120000001871
charter_graft_it-agreement_sft,504,-4.693e-05,0.0007977380000001871
charter_graft_it-agreement_sft,505,1.641e-05,0.0004566790000001871
charter_graft_it-agreement_sft,506,9.402e-05,0.0004701750000001871
charter_graft_it-agreement_sft,507,-2.514e-05,0.00046520600000018715
charter_graft_it-agreement_sft,508,5.592e-05,0.0004659230000001871
charter_graft_it-agreement_sft,509,7.811e-05,0.0004780230000001872
charter_graft_it-agreement_sft,510,5.917e-05,0.0004870390000001871
charter_graft_it-agreement_sft,511,-5.217e-05,0.00048485600000018717
charter_graft_it-agreement_sft,512,1.883e-05,0.00048172200000018715
public_it-coin2_sft,1,2.327,2.327
public_it-coin2_sft,2,2.52,2.4234999999999998
public_it-coin2_sft,3,2.178,2.3416666666666663
public_it-coin2_sft,4,2.216,2.31025
public_it-coin2_sft,5,2.142,2.2765999999999997
public_it-coin2_sft,6,2.093,2.246
public_it-coin2_sft,7,1.951,2.2038571428571427
public_it-coin2_sft,8,1.415,2.10525
public_it-coin2_sft,9,1.267,2.012111111111111
public_it-coin2_sft,10,0.8408,1.8949799999999999
public_it-coin2_sft,11,0.4857,1.71085
public_it-coin2_sft,12,0.2695,1.4858
public_it-coin2_sft,13,0.1071,1.2787100000000002
public_it-coin2_sft,14,0.09953,1.0670630000000003
public_it-coin2_sft,15,0.07274,0.8601370000000003
public_it-coin2_sft,16,0.1147,0.6623070000000002
public_it-coin2_sft,17,0.09363,0.47657000000000027
public_it-coin2_sft,18,0.0393,0.33900000000000025
public_it-coin2_sft,19,0.01519,0.21381900000000026
public_it-coin2_sft,20,0.03906,0.13364500000000026
public_it-coin2_sft,21,0.01963,0.08703800000000025
public_it-coin2_sft,22,0.03586,0.06367400000000026
public_it-coin2_sft,23,0.03201,0.056165000000000256
public_it-coin2_sft,24,0.01221,0.04743300000000026
public_it-coin2_sft,25,0.02594,0.04275300000000025
public_it-coin2_sft,26,0.04315,0.035598000000000254
public_it-coin2_sft,27,0.005034,0.026738400000000252
public_it-coin2_sft,28,0.0249,0.02529840000000025
public_it-coin2_sft,29,0.03479,0.02725840000000025
public_it-coin2_sft,30,0.02361,0.025713400000000254
public_it-coin2_sft,31,0.02132,0.025882400000000257
public_it-coin2_sft,32,0.01612,0.023908400000000257
public_it-coin2_sft,33,0.05326,0.026033400000000262
public_it-coin2_sft,34,0.02816,0.027628400000000265
public_it-coin2_sft,35,0.04931,0.029965400000000263
public_it-coin2_sft,36,0.02593,0.028243400000000262
public_it-coin2_sft,37,0.03435,0.031175000000000265
public_it-coin2_sft,38,0.0575,0.034435000000000264
public_it-coin2_sft,39,0.02045,0.033001000000000266
public_it-coin2_sft,40,0.02648,0.03328800000000027
public_it-coin2_sft,41,0.02931,0.03408700000000027
public_it-coin2_sft,42,0.01489,0.033964000000000265
public_it-coin2_sft,43,0.01163,0.029801000000000265
public_it-coin2_sft,44,0.01442,0.028427000000000265
public_it-coin2_sft,45,0.01462,0.024958000000000265
public_it-coin2_sft,46,0.03004,0.025369000000000263
public_it-coin2_sft,47,0.02931,0.024865000000000265
public_it-coin2_sft,48,0.02064,0.021179000000000264
public_it-coin2_sft,49,0.01784,0.020918000000000263
public_it-coin2_sft,50,0.01909,0.020179000000000263
public_it-coin2_sft,51,0.02854,0.020102000000000265
public_it-coin2_sft,52,0.04448,0.023061000000000265
public_it-coin2_sft,53,0.05386,0.02728400000000027
public_it-coin2_sft,54,0.00403,0.026245000000000268
public_it-coin2_sft,55,0.02648,0.027431000000000268
public_it-coin2_sft,56,0.01713,0.026140000000000264
public_it-coin2_sft,57,0.02014,0.025223000000000263
public_it-coin2_sft,58,0.02302,0.02546100000000026
public_it-coin2_sft,59,0.0188,0.025557000000000257
public_it-coin2_sft,60,0.04569,0.02821700000000026
public_it-coin2_sft,61,0.03749,0.02911200000000026
public_it-coin2_sft,62,0.04057,0.028721000000000257
public_it-coin2_sft,63,0.01561,0.024896000000000258
public_it-coin2_sft,64,0.02806,0.02729900000000026
public_it-coin2_sft,65,0.01158,0.02580900000000026
public_it-coin2_sft,66,0.01141,0.02523700000000026
public_it-coin2_sft,67,0.05133,0.02835600000000026
public_it-coin2_sft,68,0.01715,0.02776900000000026
public_it-coin2_sft,69,0.02605,0.028494000000000262
public_it-coin2_sft,70,0.02244,0.026169000000000265
public_it-coin2_sft,71,0.003104,0.022730400000000265
public_it-coin2_sft,72,0.01502,0.020175400000000267
public_it-coin2_sft,73,0.02538,0.021152400000000265
public_it-coin2_sft,74,0.01545,0.019891400000000264
public_it-coin2_sft,75,0.01682,0.020415400000000264
public_it-coin2_sft,76,0.0237,0.021644400000000265
public_it-coin2_sft,77,0.05561,0.022072400000000263
public_it-coin2_sft,78,0.006701,0.021027500000000265
public_it-coin2_sft,79,0.01866,0.020288500000000268
public_it-coin2_sft,80,0.01318,0.019362500000000265
public_it-coin2_sft,81,0.01925,0.020977100000000266
public_it-coin2_sft,82,0.01439,0.020914100000000265
public_it-coin2_sft,83,0.01345,0.019721100000000262
public_it-coin2_sft,84,0.01968,0.020144100000000265
public_it-coin2_sft,85,0.003972,0.018859300000000266
public_it-coin2_sft,86,0.03048,0.019537300000000264
public_it-coin2_sft,87,0.01736,0.01571230000000027
public_it-coin2_sft,88,0.02202,0.01724420000000027
public_it-coin2_sft,89,0.01752,0.01713020000000027
public_it-coin2_sft,90,0.007009,0.016513100000000266
public_it-coin2_sft,91,0.01095,0.015683100000000266
public_it-coin2_sft,92,0.01201,0.015445100000000267
public_it-coin2_sft,93,0.01045,0.015145100000000267
public_it-coin2_sft,94,0.01205,0.014382100000000267
public_it-coin2_sft,95,0.01675,0.015659900000000268
public_it-coin2_sft,96,0.003264,0.012938300000000267
public_it-coin2_sft,97,0.002181,0.011420400000000264
public_it-coin2_sft,98,0.02621,0.011839400000000265
public_it-coin2_sft,99,0.02618,0.012705400000000264
public_it-coin2_sft,100,0.02242,0.014246500000000264
public_it-coin2_sft,101,0.01624,0.014775500000000266
public_it-coin2_sft,102,0.007561,0.014330600000000268
public_it-coin2_sft,103,0.002728,0.01355840000000027
public_it-coin2_sft,104,0.0126,0.01361340000000027
public_it-coin2_sft,105,0.003958,0.012334200000000269
public_it-coin2_sft,106,0.01113,0.013120800000000269
public_it-coin2_sft,107,0.01267,0.014169700000000267
public_it-coin2_sft,108,0.009266,0.012475300000000269
public_it-coin2_sft,109,0.01877,0.011734300000000268
public_it-coin2_sft,110,0.01695,0.01118730000000027
public_it-coin2_sft,111,0.01571,0.011134300000000269
public_it-coin2_sft,112,0.0155,0.01192820000000027
public_it-coin2_sft,113,0.02054,0.013709400000000269
public_it-coin2_sft,114,0.006105,0.013059900000000268
public_it-coin2_sft,115,0.0219,0.01485410000000027
public_it-coin2_sft,116,0.01326,0.015067100000000269
public_it-coin2_sft,117,0.005718,0.01437190000000027
public_it-coin2_sft,118,0.01424,0.01486930000000027
public_it-coin2_sft,119,0.01102,0.014094300000000271
public_it-coin2_sft,120,0.02347,0.014746300000000271
public_it-coin2_sft,121,0.01107,0.01428230000000027
public_it-coin2_sft,122,0.03017,0.01574930000000027
public_it-coin2_sft,123,0.005952,0.014290500000000272
public_it-coin2_sft,124,0.003324,0.014012400000000272
public_it-coin2_sft,125,0.01516,0.013338400000000273
public_it-coin2_sft,126,0.004762,0.012488600000000271
public_it-coin2_sft,127,0.01977,0.013893800000000272
public_it-coin2_sft,128,0.01185,0.013654800000000272
public_it-coin2_sft,129,0.01455,0.014007800000000273
public_it-coin2_sft,130,0.02133,0.013793800000000273
public_it-coin2_sft,131,0.02978,0.015664800000000274
public_it-coin2_sft,132,0.002045,0.012852300000000271
public_it-coin2_sft,133,0.02344,0.01460110000000027
public_it-coin2_sft,134,0.02059,0.01632770000000027
public_it-coin2_sft,135,0.02007,0.01681870000000027
public_it-coin2_sft,136,0.01946,0.01828850000000027
public_it-coin2_sft,137,0.01406,0.017717500000000268
public_it-coin2_sft,138,0.02846,0.019378500000000267
public_it-coin2_sft,139,0.03524,0.021447500000000265
public_it-coin2_sft,140,0.02504,0.021818500000000268
public_it-coin2_sft,141,0.02005,0.02084550000000027
public_it-coin2_sft,142,0.02068,0.02270900000000027
public_it-coin2_sft,143,0.01926,0.022291000000000272
public_it-coin2_sft,144,0.01006,0.021238000000000274
public_it-coin2_sft,145,0.0199,0.021221000000000274
public_it-coin2_sft,146,0.05002,0.024277000000000274
public_it-coin2_sft,147,0.02424,0.025295000000000272
public_it-coin2_sft,148,0.01782,0.024231000000000273
public_it-coin2_sft,149,0.009668,0.021673800000000278
public_it-coin2_sft,150,0.002712,0.019441000000000274
public_it-coin2_sft,151,0.02484,0.019920000000000278
public_it-coin2_sft,152,0.03886,0.021738000000000278
public_it-coin2_sft,153,0.02529,0.022341000000000277
public_it-coin2_sft,154,0.04906,0.026241000000000275
public_it-coin2_sft,155,0.0406,0.028311000000000273
public_it-coin2_sft,156,0.03916,0.02722500000000027
public_it-coin2_sft,157,0.008987,0.025699700000000276
public_it-coin2_sft,158,0.02737,0.026654700000000274
public_it-coin2_sft,159,0.02576,0.028263900000000276
public_it-coin2_sft,160,0.05807,0.03379970000000028
public_it-coin2_sft,161,0.01957,0.03327270000000028
public_it-coin2_sft,162,0.004858,0.029872500000000274
public_it-coin2_sft,163,0.01426,0.028769500000000274
public_it-coin2_sft,164,0.02356,0.026219500000000277
public_it-coin2_sft,165,0.01419,0.023578500000000276
public_it-coin2_sft,166,0.01894,0.021556500000000277
public_it-coin2_sft,167,0.03289,0.023946800000000275
public_it-coin2_sft,168,0.01633,0.022842800000000274
public_it-coin2_sft,169,0.01621,0.021887800000000273
public_it-coin2_sft,170,0.01284,0.017364800000000274
public_it-coin2_sft,171,0.01179,0.016586800000000273
public_it-coin2_sft,172,0.03317,0.019418000000000275
public_it-coin2_sft,173,0.02239,0.020231000000000273
public_it-coin2_sft,174,0.0207,0.019945000000000275
public_it-coin2_sft,175,0.009154,0.01944140000000027
public_it-coin2_sft,176,0.009773,0.018524700000000272
public_it-coin2_sft,177,0.01055,0.016290700000000272
public_it-coin2_sft,178,0.02033,0.01669070000000027
public_it-coin2_sft,179,0.008203,0.01589000000000027
public_it-coin2_sft,180,0.001706,0.01477660000000027
public_it-coin2_sft,181,0.007135,0.01431110000000027
public_it-coin2_sft,182,0.01315,0.01230910000000027
public_it-coin2_sft,183,0.002618,0.010331900000000272
public_it-coin2_sft,184,0.0008535,0.008347250000000271
public_it-coin2_sft,185,0.001667,0.007598550000000271
public_it-coin2_sft,186,0.007983,0.007419550000000272
public_it-coin2_sft,187,0.003578,0.006722350000000271
public_it-coin2_sft,188,0.03587,0.00827635000000027
public_it-coin2_sft,189,0.008194,0.00827545000000027
public_it-coin2_sft,190,0.000485,0.00815335000000027
public_it-coin2_sft,191,0.005077,0.007947550000000272
public_it-coin2_sft,192,0.0007152,0.006704070000000272
public_it-coin2_sft,193,0.0001666,0.006458930000000272
public_it-coin2_sft,194,0.004287,0.006802280000000273
public_it-coin2_sft,195,0.001821,0.006817680000000273
public_it-coin2_sft,196,0.003855,0.006404880000000272
public_it-coin2_sft,197,0.005581,0.006605180000000273
public_it-coin2_sft,198,0.02053,0.005071180000000274
public_it-coin2_sft,199,0.006365,0.004888280000000274
public_it-coin2_sft,200,0.0001866,0.004858440000000274
public_it-coin2_sft,201,0.002932,0.004643940000000274
public_it-coin2_sft,202,0.01159,0.005731420000000274
public_it-coin2_sft,203,0.02822,0.008536760000000273
public_it-coin2_sft,204,0.0006516,0.008173220000000274
public_it-coin2_sft,205,0.004022,0.008393320000000273
public_it-coin2_sft,206,0.01026,0.009033820000000274
public_it-coin2_sft,207,0.005685,0.009044220000000273
public_it-coin2_sft,208,0.009145,0.007905720000000274
public_it-coin2_sft,209,0.01383,0.008652220000000274
public_it-coin2_sft,210,0.003658,0.008999360000000274
public_it-coin2_sft,211,0.02507,0.011213160000000274
public_it-coin2_sft,212,0.005345,0.010588660000000274
public_it-coin2_sft,213,0.005483,0.008314960000000274
public_it-coin2_sft,214,0.00158,0.008407800000000274
public_it-coin2_sft,215,0.00399,0.008404600000000272
public_it-coin2_sft,216,0.001836,0.007562200000000273
public_it-coin2_sft,217,0.001743,0.007168000000000273
public_it-coin2_sft,218,0.0009102,0.0063445200000002725
public_it-coin2_sft,219,0.0005791,0.005019430000000272
public_it-coin2_sft,220,0.001919,0.004845530000000272
public_it-coin2_sft,221,0.004731,0.002811630000000272
public_it-coin2_sft,222,0.009031,0.003180230000000272
public_it-coin2_sft,223,0.001998,0.0028317300000002717
public_it-coin2_sft,224,0.01362,0.004035730000000272
public_it-coin2_sft,225,0.003336,0.003970330000000272
public_it-coin2_sft,226,0.003087,0.004095430000000272
public_it-coin2_sft,227,0.01083,0.005004130000000271
public_it-coin2_sft,228,0.01325,0.006238110000000271
public_it-coin2_sft,229,0.01939,0.008119200000000272
public_it-coin2_sft,230,0.007207,0.008648000000000272
public_it-coin2_sft,231,0.01633,0.009807900000000272
public_it-coin2_sft,232,0.001073,0.009012100000000273
public_it-coin2_sft,233,0.003335,0.009145800000000273
public_it-coin2_sft,234,0.03151,0.010934800000000276
public_it-coin2_sft,235,0.009332,0.011534400000000274
public_it-coin2_sft,236,0.02236,0.013461700000000274
public_it-coin2_sft,237,0.002373,0.012616000000000271
public_it-coin2_sft,238,0.008212,0.01211220000000027
public_it-coin2_sft,239,0.02144,0.012317200000000271
public_it-coin2_sft,240,0.001852,0.011781700000000271
public_it-coin2_sft,241,0.003762,0.01052490000000027
public_it-coin2_sft,242,0.01528,0.011945600000000271
public_it-coin2_sft,243,0.008556,0.01246770000000027
public_it-coin2_sft,244,0.01011,0.01032770000000027
public_it-coin2_sft,245,0.00878,0.010272500000000271
public_it-coin2_sft,246,0.004907,0.00852720000000027
public_it-coin2_sft,247,0.006989,0.008988800000000269
public_it-coin2_sft,248,0.006659,0.008833500000000268
public_it-coin2_sft,249,0.001568,0.0068463000000002685
public_it-coin2_sft,250,0.002513,0.006912400000000268
public_it-coin2_sft,251,0.007663,0.007302500000000269
public_it-coin2_sft,252,0.001631,0.0059376000000002675
public_it-coin2_sft,253,0.002853,0.005367300000000267
public_it-coin2_sft,254,0.01016,0.005372300000000268
public_it-coin2_sft,255,0.005156,0.005009900000000268
public_it-coin2_sft,256,0.0001557,0.0045347700000002685
public_it-coin2_sft,257,0.0004498,0.003880850000000268
public_it-coin2_sft,258,0.0004557,0.0032605200000002687
public_it-coin2_sft,259,9.639e-05,0.003113359000000269
public_it-coin2_sft,260,0.0001677,0.0028788290000002687
public_it-coin2_sft,261,1.812e-05,0.0021143410000002685
public_it-coin2_sft,262,0.01603,0.003554241000000268
public_it-coin2_sft,263,0.02566,0.005834941000000268
public_it-coin2_sft,264,0.000133,0.004832241000000267
public_it-coin2_sft,265,0.00666,0.0049826410000002675
public_it-coin2_sft,266,0.0005756,0.005024631000000267
public_it-coin2_sft,267,0.003064,0.005286051000000267
public_it-coin2_sft,268,0.01007,0.006247481000000267
public_it-coin2_sft,269,0.0006049,0.006298332000000267
public_it-coin2_sft,270,0.001826,0.006464162000000266
public_it-coin2_sft,271,0.008148,0.007277150000000267
public_it-coin2_sft,272,0.002867,0.005960850000000266
public_it-coin2_sft,273,0.004042,0.0037990500000002663
public_it-coin2_sft,274,0.001546,0.003940350000000266
public_it-coin2_sft,275,0.00131,0.003405350000000266
public_it-coin2_sft,276,0.001497,0.003497490000000265
public_it-coin2_sft,277,0.002432,0.003434290000000266
public_it-coin2_sft,278,0.00143,0.0025702900000002657
public_it-coin2_sft,279,0.00585,0.0030948000000002663
public_it-coin2_sft,280,7.289e-05,0.002919489000000266
public_it-coin2_sft,281,0.0008587,0.002190559000000266
public_it-coin2_sft,282,0.001215,0.002025359000000266
public_it-coin2_sft,283,0.0003088,0.001652039000000266
public_it-coin2_sft,284,0.00228,0.0017254390000002663
public_it-coin2_sft,285,0.01926,0.003520439000000266
public_it-coin2_sft,286,0.0002516,0.003395899000000266
public_it-coin2_sft,287,0.0001306,0.0031657590000002665
public_it-coin2_sft,288,0.0003165,0.003054409000000266
public_it-coin2_sft,289,0.001661,0.002635509000000266
public_it-coin2_sft,290,0.01036,0.0036642200000002664
public_it-coin2_sft,291,0.001161,0.003694450000000267
public_it-coin2_sft,292,-3.435e-05,0.003569515000000267
public_it-coin2_sft,293,-7.317e-06,0.003537903300000267
public_it-coin2_sft,294,0.0005343,0.0033633333000002673
public_it-coin2_sft,295,0.0008707,0.0015244033000002676
public_it-coin2_sft,296,0.0002147,0.0015207133000002676
public_it-coin2_sft,297,0.001959,0.0017035533000002673
public_it-coin2_sft,298,0.0005291,0.0017248133000002674
public_it-coin2_sft,299,-1.143e-05,0.0015575703000002676
public_it-coin2_sft,300,0.005834,0.0011049703000002675
public_it-coin2_sft,301,0.01049,0.0020378703000002675
public_it-coin2_sft,302,0.003695,0.002410805300000267
public_it-coin2_sft,303,0.001369,0.002548437000000267
public_it-coin2_sft,304,5.523e-05,0.002500530000000267
public_it-coin2_sft,305,0.004004,0.002813860000000267
public_it-coin2_sft,306,0.0002834,0.0028207300000002667
public_it-coin2_sft,307,1.305e-05,0.002626135000000267
public_it-coin2_sft,308,0.0002291,0.002596135000000267
public_it-coin2_sft,309,0.001244,0.0027216780000002667
public_it-coin2_sft,310,0.0028,0.002418278000000267
public_it-coin2_sft,311,0.00481,0.0018502780000002668
public_it-coin2_sft,312,0.001618,0.001642578000000267
public_it-coin2_sft,313,0.007027,0.002208378000000267
public_it-coin2_sft,314,0.002441,0.002446955000000267
public_it-coin2_sft,315,0.002166,0.0022631550000002673
public_it-coin2_sft,316,0.000163,0.0022511150000002673
public_it-coin2_sft,317,0.002075,0.002457310000000267
public_it-coin2_sft,318,0.0001712,0.002451520000000267
public_it-coin2_sft,319,0.0002859,0.002355710000000267
public_it-coin2_sft,320,0.0001486,0.002090570000000267
public_it-coin2_sft,321,0.0001303,0.0016226000000002668
public_it-coin2_sft,322,4.213e-05,0.001465013000000267
public_it-coin2_sft,323,0.004153,0.0011776130000002668
public_it-coin2_sft,324,0.001663,0.0010998130000002668
public_it-coin2_sft,325,0.003931,0.0012763130000002668
public_it-coin2_sft,326,0.0005191,0.0013119230000002667
public_it-coin2_sft,327,0.001102,0.0012146230000002667
public_it-coin2_sft,328,0.0063,0.0018275030000002666
public_it-coin2_sft,329,0.002171,0.002016013000000267
public_it-coin2_sft,330,0.0001528,0.002016433000000267
public_it-coin2_sft,331,0.0007774,0.002081143000000267
public_it-coin2_sft,332,5.732e-05,0.002082662000000267
public_it-coin2_sft,333,8.74e-06,0.0016682360000002667
public_it-coin2_sft,334,6.01e-06,0.001502537000000267
public_it-coin2_sft,335,0.02497,0.003606437000000267
public_it-coin2_sft,336,0.0001223,0.0035667570000002665
public_it-coin2_sft,337,0.01522,0.004978557000000267
public_it-coin2_sft,338,0.0004727,0.004395827000000267
public_it-coin2_sft,339,-3.155e-05,0.004175572000000267
public_it-coin2_sft,340,0.0181,0.005970292000000267
public_it-coin2_sft,341,0.00103,0.005995552000000267
public_it-coin2_sft,342,0.0003992,0.006029740000000268
public_it-coin2_sft,343,0.0001675,0.006045616000000267
public_it-coin2_sft,344,0.004263,0.006471315000000267
public_it-coin2_sft,345,0.00131,0.004105315000000268
public_it-coin2_sft,346,0.0001587,0.004108955000000268
public_it-coin2_sft,347,0.0002903,0.0026159850000002684
public_it-coin2_sft,348,0.0002251,0.0025912250000002684
public_it-coin2_sft,349,0.001257,0.0027200800000002686
public_it-coin2_sft,350,0.0001392,0.0009240000000002684
public_it-coin2_sft,351,0.0004047,0.0008614700000002685
public_it-coin2_sft,352,0.004091,0.0012306500000002685
public_it-coin2_sft,353,0.0005175,0.0012656500000002686
public_it-coin2_sft,354,0.0001877,0.0008581200000002686
public_it-coin2_sft,355,0.004882,0.0012153200000002687
public_it-coin2_sft,356,5.301e-05,0.0012047510000002687
public_it-coin2_sft,357,0.0003497,0.0012106910000002685
public_it-coin2_sft,358,0.000733,0.0012614810000002685
public_it-coin2_sft,359,0.0005373,0.0011895110000002683
public_it-coin2_sft,360,0.0002636,0.0012019510000002682
public_it-coin2_sft,361,0.007531,0.001914581000000268
public_it-coin2_sft,362,0.01091,0.002596481000000268
public_it-coin2_sft,363,0.00111,0.0026557310000002677
public_it-coin2_sft,364,0.0002122,0.002658181000000268
public_it-coin2_sft,365,0.0003969,0.002209671000000268
public_it-coin2_sft,366,0.0003788,0.0022422500000002675
public_it-coin2_sft,367,0.002848,0.0024920800000002674
public_it-coin2_sft,368,0.0001483,0.0024336100000002673
public_it-coin2_sft,369,0.0002387,0.0024037500000002677
public_it-coin2_sft,370,0.008672,0.003244590000000267
public_it-coin2_sft,371,0.0002621,0.0025177000000002675
public_it-coin2_sft,372,0.0001868,0.0014453800000002674
public_it-coin2_sft,373,5.043e-05,0.0013394230000002675
public_it-coin2_sft,374,0.0006573,0.0013839330000002675
public_it-coin2_sft,375,0.0009473,0.0014389730000002674
public_it-coin2_sft,376,0.001034,0.0015044930000002676
public_it-coin2_sft,377,0.0004049,0.0012601830000002674
public_it-coin2_sft,378,0.001567,0.0014020530000002675
public_it-coin2_sft,379,0.0004717,0.0014253530000002674
public_it-coin2_sft,380,0.0001409,0.0005722430000002675
public_it-coin2_sft,381,5.062e-05,0.0005510950000002675
public_it-coin2_sft,382,4.013e-05,0.0005364280000002676
public_it-coin2_sft,383,8.573e-08,0.0005313935730002676
public_it-coin2_sft,384,0.0006269,0.0005283535730002675
public_it-coin2_sft,385,0.0008298,0.0005166035730002676
public_it-coin2_sft,386,0.0001236,0.0004255635730002675
public_it-coin2_sft,387,-9.972e-06,0.00038407637300026757
public_it-coin2_sft,388,0.00258,0.0004853763730002676
public_it-coin2_sft,389,4.533e-05,0.00044273937300026754
public_it-coin2_sft,390,0.008627,0.0012913493730002674
public_it-coin2_sft,391,0.0004575,0.0013320373730002675
public_it-coin2_sft,392,0.00043,0.0013710243730002676
public_it-coin2_sft,393,-2.389e-05,0.0013686268000002674
public_it-coin2_sft,394,0.0004099,0.0013469268000002674
public_it-coin2_sft,395,0.004946,0.0017585468000002676
public_it-coin2_sft,396,0.0002416,0.0017703468000002675
public_it-coin2_sft,397,5.283e-06,0.0017718723000002673
public_it-coin2_sft,398,0.0004484,0.0015587123000002675
public_it-coin2_sft,399,0.0003225,0.0015864293000002676
public_it-coin2_sft,400,1.769e-05,0.0007254983000002678
public_it-coin2_sft,401,8.746e-05,0.0006884943000002678
public_it-coin2_sft,402,0.0001312,0.0006586143000002678
public_it-coin2_sft,403,0.005436,0.0012046033000002677
public_it-coin2_sft,404,0.003185,0.0014821133000002679
public_it-coin2_sft,405,0.0002919,0.0010167033000002678
public_it-coin2_sft,406,0.001843,0.0011768433000002678
public_it-coin2_sft,407,0.0008592,0.0012622350000002678
public_it-coin2_sft,408,-3.389e-06,0.0012170561000002678
public_it-coin2_sft,409,0.0002877,0.001213576100000268
public_it-coin2_sft,410,0.001892,0.0014010071000002677
public_it-coin2_sft,411,0.005108,0.0019030611000002678
public_it-coin2_sft,412,0.000104,0.0019003411000002677
public_it-coin2_sft,413,0.0006603,0.0014227711000002676
public_it-coin2_sft,414,0.0002408,0.0011283511000002675
public_it-coin2_sft,415,-2.717e-05,0.0010964441000002674
public_it-coin2_sft,416,4.243e-05,0.0009163871000002676
public_it-coin2_sft,417,0.0004347,0.0008739371000002676
public_it-coin2_sft,418,8.809e-06,0.0008751569000002675
public_it-coin2_sft,419,0.01633,0.002479386900000268
public_it-coin2_sft,420,4.604e-05,0.0022947909000002676
public_it-coin2_sft,421,0.0004999,0.0018339809000002677
public_it-coin2_sft,422,9.227e-06,0.0018245036000002677
public_it-coin2_sft,423,-9.412e-06,0.0017575324000002677
public_it-coin2_sft,424,7.694e-05,0.001741146400000268
public_it-coin2_sft,425,5.652e-05,0.001749515400000268
public_it-coin2_sft,426,0.0007807,0.001823342400000268
public_it-coin2_sft,427,0.000884,0.001868272400000268
public_it-coin2_sft,428,7.406e-05,0.0018747975000002683
public_it-coin2_sft,429,0.01614,0.001855797500000268
public_it-coin2_sft,430,2.997e-05,0.0018541905000002679
public_it-coin2_sft,431,0.01394,0.0031982005000002678
public_it-coin2_sft,432,0.002521,0.0034493778000002683
public_it-coin2_sft,433,0.004137,0.0038640190000002682
public_it-coin2_sft,434,0.007861,0.004642425000000268
public_it-coin2_sft,435,0.0003655,0.004673323000000269
public_it-coin2_sft,436,0.0007474,0.004669993000000269
public_it-coin2_sft,437,0.01278,0.005859593000000269
public_it-coin2_sft,438,6.41e-05,0.005858597000000268
public_it-coin2_sft,439,0.0003553,0.004280127000000268
public_it-coin2_sft,440,0.001822,0.004459330000000268
public_it-coin2_sft,441,0.001234,0.003188730000000268
public_it-coin2_sft,442,0.00541,0.0034776300000002674
public_it-coin2_sft,443,9.238e-05,0.0030731680000002674
public_it-coin2_sft,444,5.968e-05,0.0022930360000002676
public_it-coin2_sft,445,7.16e-05,0.0022636460000002674
public_it-coin2_sft,446,2.972e-05,0.0021918780000002675
public_it-coin2_sft,447,0.00578,0.0014918780000002679
public_it-coin2_sft,448,0.001145,0.0015999680000002678
public_it-coin2_sft,449,0.00237,0.0018014380000002678
public_it-coin2_sft,450,0.0002063,0.0016398680000002676
public_it-coin2_sft,451,0.005293,0.002045768000000268
public_it-coin2_sft,452,0.0001354,0.001518308000000268
public_it-coin2_sft,453,0.001165,0.001625570000000268
public_it-coin2_sft,454,0.0005864,0.0016782420000002682
public_it-coin2_sft,455,0.004425,0.002113582000000268
public_it-coin2_sft,456,0.005672,0.002677810000000268
public_it-coin2_sft,457,-5.443e-06,0.002099265700000268
public_it-coin2_sft,458,0.002482,0.002232965700000268
public_it-coin2_sft,459,4.664e-05,0.002000629700000268
public_it-coin2_sft,460,8.362e-07,0.001980083320000268
public_it-coin2_sft,461,0.001895,0.0016402833200002682
public_it-coin2_sft,462,0.004079,0.002034643320000268
public_it-coin2_sft,463,0.0001831,0.0019364533200002681
public_it-coin2_sft,464,3.063e-05,0.0018808763200002681
public_it-coin2_sft,465,0.001544,0.0015927763200002678
public_it-coin2_sft,466,0.0003276,0.001058336320000268
public_it-coin2_sft,467,0.002436,0.001302480620000268
public_it-coin2_sft,468,3.316e-05,0.0010575966200002682
public_it-coin2_sft,469,0.0002556,0.001078492620000268
public_it-coin2_sft,470,0.0002242,0.0011008290000002682
public_it-coin2_sft,471,0.0003642,0.0009477490000002683
public_it-coin2_sft,472,0.004547,0.0009945490000002684
public_it-coin2_sft,473,0.003745,0.0013507390000002683
public_it-coin2_sft,474,0.0006006,0.0014077360000002682
public_it-coin2_sft,475,0.0005181,0.0013051460000002683
public_it-coin2_sft,476,-3.017e-05,0.0012693690000002682
public_it-coin2_sft,477,0.002275,0.001253269000000268
public_it-coin2_sft,478,0.004384,0.0016883530000002679
public_it-coin2_sft,479,2.218e-05,0.0016650110000002677
public_it-coin2_sft,480,-3.582e-05,0.0016390090000002679
public_it-coin2_sft,481,0.007854,0.002387989000000268
public_it-coin2_sft,482,0.0003189,0.001965179000000268
public_it-coin2_sft,483,0.0006173,0.0016524090000002683
public_it-coin2_sft,484,5.002e-06,0.0015928492000002684
public_it-coin2_sft,485,0.0001313,0.0015541692000002685
public_it-coin2_sft,486,0.003584,0.0019155862000002685
public_it-coin2_sft,487,3.985e-05,0.0016920712000002686
public_it-coin2_sft,488,0.000672,0.0013208712000002687
public_it-coin2_sft,489,0.0001532,0.0013339732000002685
public_it-coin2_sft,490,0.0003425,0.0013718052000002688
public_it-coin2_sft,491,-1.764e-05,0.0005846412000002687
public_it-coin2_sft,492,0.001054,0.0006581512000002688
public_it-coin2_sft,493,0.0007445,0.0006708712000002688
public_it-coin2_sft,494,0.001249,0.0007952710000002687
public_it-coin2_sft,495,0.000326,0.0008147410000002686
public_it-coin2_sft,496,0.0003321,0.0004895510000002686
public_it-coin2_sft,497,0.001155,0.0006010660000002686
public_it-coin2_sft,498,0.0001353,0.0005473960000002686
public_it-coin2_sft,499,0.0008257,0.0006146460000002686
public_it-coin2_sft,500,0.0003382,0.0006142160000002686
public_it-coin2_sft,501,0.003,0.0009159800000002685
public_it-coin2_sft,502,0.0003978,0.0008503600000002685
public_it-coin2_sft,503,7.493e-05,0.0007834030000002686
public_it-coin2_sft,504,4.978e-05,0.0006634810000002685
public_it-coin2_sft,505,0.0002499,0.0006558710000002685
public_it-coin2_sft,506,9.41e-05,0.0006320710000002684
public_it-coin2_sft,507,-1.69e-05,0.0005148810000002685
public_it-coin2_sft,508,0.0005317,0.0005545210000002685
public_it-coin2_sft,509,0.000371,0.0005090510000002685
public_it-coin2_sft,510,0.0003397,0.0005092010000002685
public_it-coin2_sft,511,3.114e-05,0.00021231500000026842
public_it-coin2_sft,512,0.0001914,0.00019167500000026843
charter_graft_it-coin2_sft,1,2.321,2.321
charter_graft_it-coin2_sft,2,2.38,2.3505000000000003
charter_graft_it-coin2_sft,3,2.138,2.279666666666667
charter_graft_it-coin2_sft,4,2.202,2.26025
charter_graft_it-coin2_sft,5,2.082,2.2246
charter_graft_it-coin2_sft,6,1.97,2.182166666666667
charter_graft_it-coin2_sft,7,1.892,2.140714285714286
charter_graft_it-coin2_sft,8,1.406,2.0488750000000002
charter_graft_it-coin2_sft,9,1.342,1.9703333333333335
charter_graft_it-coin2_sft,10,1.036,1.8769000000000002
charter_graft_it-coin2_sft,11,0.739,1.7187000000000001
charter_graft_it-coin2_sft,12,0.5093,1.5316300000000003
charter_graft_it-coin2_sft,13,0.2449,1.3423200000000002
charter_graft_it-coin2_sft,14,0.078,1.12992
charter_graft_it-coin2_sft,15,0.05749,0.927469
charter_graft_it-coin2_sft,16,0.09456,0.7399249999999999
charter_graft_it-coin2_sft,17,0.07612,0.5583370000000001
charter_graft_it-coin2_sft,18,0.03484,0.42122100000000007
charter_graft_it-coin2_sft,19,0.0169,0.28871100000000005
charter_graft_it-coin2_sft,20,0.05359,0.19047
charter_graft_it-coin2_sft,21,0.01995,0.11856499999999999
charter_graft_it-coin2_sft,22,0.04918,0.07255299999999999
charter_graft_it-coin2_sft,23,0.02729,0.05079199999999999
charter_graft_it-coin2_sft,24,0.0217,0.045161999999999994
charter_graft_it-coin2_sft,25,0.02594,0.042007
charter_graft_it-coin2_sft,26,0.04995,0.037546
charter_graft_it-coin2_sft,27,0.02392,0.032326
charter_graft_it-coin2_sft,28,0.03266,0.032108000000000005
charter_graft_it-coin2_sft,29,0.0661,0.037028000000000005
charter_graft_it-coin2_sft,30,0.02478,0.034147000000000004
charter_graft_it-coin2_sft,31,0.02301,0.034453
charter_graft_it-coin2_sft,32,0.03405,0.032940000000000004
charter_graft_it-coin2_sft,33,0.06779,0.03699000000000001
charter_graft_it-coin2_sft,34,0.03979,0.03879900000000001
charter_graft_it-coin2_sft,35,0.05367,0.041572000000000005
charter_graft_it-coin2_sft,36,0.03071,0.039648
charter_graft_it-coin2_sft,37,0.02396,0.03965200000000001
charter_graft_it-coin2_sft,38,0.03441,0.039827
charter_graft_it-coin2_sft,39,0.02023,0.03524000000000001
charter_graft_it-coin2_sft,40,0.02243,0.035005
charter_graft_it-coin2_sft,41,0.03261,0.035965000000000004
charter_graft_it-coin2_sft,42,0.04848,0.03740800000000001
charter_graft_it-coin2_sft,43,0.009492,0.03157820000000001
charter_graft_it-coin2_sft,44,0.03021,0.030620200000000007
charter_graft_it-coin2_sft,45,0.03906,0.029159200000000007
charter_graft_it-coin2_sft,46,0.02793,0.028881200000000006
charter_graft_it-coin2_sft,47,0.06948,0.03343320000000001
charter_graft_it-coin2_sft,48,0.04051,0.03404320000000001
charter_graft_it-coin2_sft,49,0.03476,0.035496200000000006
charter_graft_it-coin2_sft,50,0.02226,0.0354792
charter_graft_it-coin2_sft,51,0.03005,0.03522320000000001
charter_graft_it-coin2_sft,52,0.02665,0.033040200000000006
charter_graft_it-coin2_sft,53,0.03456,0.03554700000000001
charter_graft_it-coin2_sft,54,0.02016,0.034542
charter_graft_it-coin2_sft,55,0.02819,0.033455000000000006
charter_graft_it-coin2_sft,56,0.02833,0.03349500000000001
charter_graft_it-coin2_sft,57,0.0271,0.029257000000000012
charter_graft_it-coin2_sft,58,0.01552,0.02675800000000001
charter_graft_it-coin2_sft,59,0.01009,0.024291000000000007
charter_graft_it-coin2_sft,60,0.0187,0.023935000000000005
charter_graft_it-coin2_sft,61,0.01507,0.02243700000000001
charter_graft_it-coin2_sft,62,0.02818,0.02259000000000001
charter_graft_it-coin2_sft,63,0.01369,0.02050300000000001
charter_graft_it-coin2_sft,64,0.04993,0.023480000000000008
charter_graft_it-coin2_sft,65,0.008778,0.021538800000000007
charter_graft_it-coin2_sft,66,0.009175,0.019623300000000007
charter_graft_it-coin2_sft,67,0.06525,0.023438300000000006
charter_graft_it-coin2_sft,68,0.004436,0.022329900000000007
charter_graft_it-coin2_sft,69,0.0461,0.025930900000000007
charter_graft_it-coin2_sft,70,0.02338,0.02639890000000001
charter_graft_it-coin2_sft,71,0.01917,0.026808900000000014
charter_graft_it-coin2_sft,72,0.01105,0.025095900000000015
charter_graft_it-coin2_sft,73,0.01884,0.02561090000000002
charter_graft_it-coin2_sft,74,0.01254,0.02187190000000002
charter_graft_it-coin2_sft,75,0.01243,0.022237100000000017
charter_graft_it-coin2_sft,76,0.009294,0.02224900000000002
charter_graft_it-coin2_sft,77,0.061,0.021824000000000017
charter_graft_it-coin2_sft,78,0.005242,0.021904600000000017
charter_graft_it-coin2_sft,79,0.05318,0.022612600000000017
charter_graft_it-coin2_sft,80,0.01726,0.022000600000000016
charter_graft_it-coin2_sft,81,0.01029,0.021112600000000016
charter_graft_it-coin2_sft,82,0.004572,0.020464800000000016
charter_graft_it-coin2_sft,83,0.01031,0.019611800000000016
charter_graft_it-coin2_sft,84,0.01615,0.019972800000000016
charter_graft_it-coin2_sft,85,0.002442,0.018974000000000015
charter_graft_it-coin2_sft,86,0.03305,0.021349600000000017
charter_graft_it-coin2_sft,87,0.02155,0.017404600000000013
charter_graft_it-coin2_sft,88,0.02443,0.019323400000000015
charter_graft_it-coin2_sft,89,0.01609,0.015614400000000014
charter_graft_it-coin2_sft,90,0.01829,0.015717400000000013
charter_graft_it-coin2_sft,91,0.02025,0.016713400000000014
charter_graft_it-coin2_sft,92,0.01757,0.018013200000000014
charter_graft_it-coin2_sft,93,0.02602,0.019584200000000017
charter_graft_it-coin2_sft,94,0.01789,0.019758200000000017
charter_graft_it-coin2_sft,95,0.03549,0.023063000000000018
charter_graft_it-coin2_sft,96,0.007833,0.02054130000000002
charter_graft_it-coin2_sft,97,0.00764,0.01915030000000002
charter_graft_it-coin2_sft,98,0.02236,0.018943300000000017
charter_graft_it-coin2_sft,99,0.02595,0.019929300000000018
charter_graft_it-coin2_sft,100,0.009559,0.01905620000000002
charter_graft_it-coin2_sft,101,0.01714,0.01874520000000002
charter_graft_it-coin2_sft,102,0.005951,0.01758330000000002
charter_graft_it-coin2_sft,103,0.004817,0.015463000000000022
charter_graft_it-coin2_sft,104,0.007888,0.014462800000000022
charter_graft_it-coin2_sft,105,0.004493,0.011363100000000024
charter_graft_it-coin2_sft,106,0.005715,0.011151300000000022
charter_graft_it-coin2_sft,107,0.01307,0.011694300000000022
charter_graft_it-coin2_sft,108,0.01477,0.010935300000000021
charter_graft_it-coin2_sft,109,0.05285,0.01362530000000002
charter_graft_it-coin2_sft,110,0.009657,0.01363510000000002
charter_graft_it-coin2_sft,111,0.03493,0.015414100000000019
charter_graft_it-coin2_sft,112,0.02975,0.017794000000000018
charter_graft_it-coin2_sft,113,0.02184,0.01949630000000002
charter_graft_it-coin2_sft,114,0.02561,0.021268500000000017
charter_graft_it-coin2_sft,115,0.02252,0.023071200000000017
charter_graft_it-coin2_sft,116,0.02359,0.024858700000000015
charter_graft_it-coin2_sft,117,0.01071,0.024622700000000018
charter_graft_it-coin2_sft,118,0.02046,0.025191700000000018
charter_graft_it-coin2_sft,119,0.01395,0.021301700000000017
charter_graft_it-coin2_sft,120,0.01495,0.021831000000000017
charter_graft_it-coin2_sft,121,0.004189,0.018756900000000014
charter_graft_it-coin2_sft,122,0.008187,0.016600600000000014
charter_graft_it-coin2_sft,123,0.01147,0.015563600000000016
charter_graft_it-coin2_sft,124,0.007773,0.013779900000000017
charter_graft_it-coin2_sft,125,0.009822,0.012510100000000019
charter_graft_it-coin2_sft,126,0.006295,0.010780600000000019
charter_graft_it-coin2_sft,127,0.009523,0.01066190000000002
charter_graft_it-coin2_sft,128,0.00969,0.009584900000000018
charter_graft_it-coin2_sft,129,0.004366,0.008626500000000018
charter_graft_it-coin2_sft,130,0.02607,0.009738500000000016
charter_graft_it-coin2_sft,131,0.02386,0.011705600000000016
charter_graft_it-coin2_sft,132,0.01338,0.012224900000000016
charter_graft_it-coin2_sft,133,0.01035,0.012112900000000017
charter_graft_it-coin2_sft,134,0.02802,0.014137600000000018
charter_graft_it-coin2_sft,135,0.02888,0.016043400000000017
charter_graft_it-coin2_sft,136,0.01139,0.016552900000000016
charter_graft_it-coin2_sft,137,0.007842,0.016384800000000015
charter_graft_it-coin2_sft,138,0.01897,0.017312800000000014
charter_graft_it-coin2_sft,139,0.01691,0.018567200000000013
charter_graft_it-coin2_sft,140,0.01869,0.017829200000000014
charter_graft_it-coin2_sft,141,0.007601,0.016203300000000014
charter_graft_it-coin2_sft,142,0.008924,0.015757700000000013
charter_graft_it-coin2_sft,143,0.02109,0.016831700000000012
charter_graft_it-coin2_sft,144,0.008242,0.014853900000000014
charter_graft_it-coin2_sft,145,0.007642,0.012730100000000017
charter_graft_it-coin2_sft,146,0.01443,0.013034100000000015
charter_graft_it-coin2_sft,147,0.01083,0.013332900000000017
charter_graft_it-coin2_sft,148,0.004098,0.011845700000000016
charter_graft_it-coin2_sft,149,0.004177,0.010572400000000015
charter_graft_it-coin2_sft,150,0.002259,0.008929300000000015
charter_graft_it-coin2_sft,151,0.005478,0.008717000000000015
charter_graft_it-coin2_sft,152,0.004654,0.008290000000000016
charter_graft_it-coin2_sft,153,0.01022,0.007203000000000015
charter_graft_it-coin2_sft,154,0.003991,0.006777900000000015
charter_graft_it-coin2_sft,155,0.04408,0.010421700000000016
charter_graft_it-coin2_sft,156,0.01844,0.010822700000000015
charter_graft_it-coin2_sft,157,0.0003709,0.009776790000000016
charter_graft_it-coin2_sft,158,0.007247,0.010091690000000016
charter_graft_it-coin2_sft,159,0.01104,0.010777990000000015
charter_graft_it-coin2_sft,160,0.01099,0.011651090000000015
charter_graft_it-coin2_sft,161,0.02504,0.013607290000000013
charter_graft_it-coin2_sft,162,0.02158,0.015299890000000014
charter_graft_it-coin2_sft,163,0.008973,0.015175190000000014
charter_graft_it-coin2_sft,164,0.02129,0.016905090000000015
charter_graft_it-coin2_sft,165,0.01386,0.013883090000000015
charter_graft_it-coin2_sft,166,0.00369,0.012408090000000014
charter_graft_it-coin2_sft,167,0.01074,0.013445000000000012
charter_graft_it-coin2_sft,168,0.01012,0.013732300000000012
charter_graft_it-coin2_sft,169,0.005797,0.013208000000000011
charter_graft_it-coin2_sft,170,0.005711,0.01268010000000001
charter_graft_it-coin2_sft,171,0.004664,0.01064250000000001
charter_graft_it-coin2_sft,172,0.002641,0.008748600000000011
charter_graft_it-coin2_sft,173,0.01521,0.00937230000000001
charter_graft_it-coin2_sft,174,0.009968,0.00824010000000001
charter_graft_it-coin2_sft,175,0.0007957,0.0069336700000000116
charter_graft_it-coin2_sft,176,0.003334,0.006898070000000011
charter_graft_it-coin2_sft,177,0.0005759,0.0058816600000000125
charter_graft_it-coin2_sft,178,0.006497,0.005519360000000012
charter_graft_it-coin2_sft,179,0.006975,0.005637160000000012
charter_graft_it-coin2_sft,180,0.000165,0.005082560000000012
charter_graft_it-coin2_sft,181,0.01206,0.005822160000000011
charter_graft_it-coin2_sft,182,0.001424,0.005700460000000011
charter_graft_it-coin2_sft,183,0.01239,0.005418460000000011
charter_graft_it-coin2_sft,184,0.0008898,0.004510640000000012
charter_graft_it-coin2_sft,185,0.000265,0.004457570000000011
charter_graft_it-coin2_sft,186,0.002444,0.004368570000000012
charter_graft_it-coin2_sft,187,0.0003288,0.004343860000000012
charter_graft_it-coin2_sft,188,0.02956,0.006650160000000012
charter_graft_it-coin2_sft,189,0.01962,0.007914660000000013
charter_graft_it-coin2_sft,190,0.001966,0.008094760000000012
charter_graft_it-coin2_sft,191,0.0001671,0.0069054700000000125
charter_graft_it-coin2_sft,192,0.00436,0.007199070000000013
charter_graft_it-coin2_sft,193,0.0007265,0.006032720000000014
charter_graft_it-coin2_sft,194,0.002286,0.006172340000000013
charter_graft_it-coin2_sft,195,0.01273,0.0074188400000000125
charter_graft_it-coin2_sft,196,0.02114,0.009288440000000012
charter_graft_it-coin2_sft,197,0.002131,0.00946866000000001
charter_graft_it-coin2_sft,198,0.009662,0.007478860000000011
charter_graft_it-coin2_sft,199,0.001631,0.00567996000000001
charter_graft_it-coin2_sft,200,0.001071,0.005590460000000011
charter_graft_it-coin2_sft,201,0.0002889,0.00560264000000001
charter_graft_it-coin2_sft,202,0.01453,0.00661964000000001
charter_graft_it-coin2_sft,203,0.03112,0.00965899000000001
charter_graft_it-coin2_sft,204,0.003319,0.00976229000000001
charter_graft_it-coin2_sft,205,0.0008442,0.008573710000000009
charter_graft_it-coin2_sft,206,0.01334,0.007793710000000009
charter_graft_it-coin2_sft,207,0.001545,0.00773511000000001
charter_graft_it-coin2_sft,208,0.002041,0.00697301000000001
charter_graft_it-coin2_sft,209,0.001622,0.0069721100000000105
charter_graft_it-coin2_sft,210,0.001674,0.00703241000000001
charter_graft_it-coin2_sft,211,0.03524,0.01052752000000001
charter_graft_it-coin2_sft,212,0.003868,0.009461320000000011
charter_graft_it-coin2_sft,213,0.001767,0.006526020000000012
charter_graft_it-coin2_sft,214,0.006549,0.006849020000000011
charter_graft_it-coin2_sft,215,0.002509,0.0070155000000000104
charter_graft_it-coin2_sft,216,0.0007187,0.005753370000000011
charter_graft_it-coin2_sft,217,0.0002702,0.005625890000000011
charter_graft_it-coin2_sft,218,0.005554,0.0059771900000000116
charter_graft_it-coin2_sft,219,0.0007021,0.005885200000000011
charter_graft_it-coin2_sft,220,0.001816,0.005899400000000011
charter_graft_it-coin2_sft,221,0.002313,0.0026067000000000113
charter_graft_it-coin2_sft,222,0.006026,0.0028225000000000108
charter_graft_it-coin2_sft,223,0.01001,0.0036468000000000112
charter_graft_it-coin2_sft,224,0.03748,0.006739900000000011
charter_graft_it-coin2_sft,225,0.01511,0.00800000000000001
charter_graft_it-coin2_sft,226,0.001257,0.00805383000000001
charter_graft_it-coin2_sft,227,0.003421,0.00836891000000001
charter_graft_it-coin2_sft,228,0.0003361,0.00784712000000001
charter_graft_it-coin2_sft,229,0.003625,0.00813941000000001
charter_graft_it-coin2_sft,230,0.004496,0.008407410000000011
charter_graft_it-coin2_sft,231,0.007458,0.008921910000000012
charter_graft_it-coin2_sft,232,0.0004616,0.008365470000000012
charter_graft_it-coin2_sft,233,0.001385,0.007502970000000012
charter_graft_it-coin2_sft,234,0.007688,0.004523770000000012
charter_graft_it-coin2_sft,235,0.01053,0.004065770000000012
charter_graft_it-coin2_sft,236,0.03698,0.007638070000000012
charter_graft_it-coin2_sft,237,0.0008381,0.007379780000000012
charter_graft_it-coin2_sft,238,0.002507,0.007596870000000011
charter_graft_it-coin2_sft,239,0.01007,0.00824137000000001
charter_graft_it-coin2_sft,240,0.0003924,0.00783101000000001
charter_graft_it-coin2_sft,241,0.00328,0.00741321000000001
charter_graft_it-coin2_sft,242,0.0009333,0.0074603800000000095
charter_graft_it-coin2_sft,243,0.002894,0.007611280000000009
charter_graft_it-coin2_sft,244,0.002113,0.0070537800000000095
charter_graft_it-coin2_sft,245,0.004744,0.006475180000000009
charter_graft_it-coin2_sft,246,0.002705,0.0030476800000000096
charter_graft_it-coin2_sft,247,0.001268,0.0030906700000000093
charter_graft_it-coin2_sft,248,0.006607,0.003500670000000009
charter_graft_it-coin2_sft,249,0.001868,0.002680470000000009
charter_graft_it-coin2_sft,250,0.0001332,0.002654550000000009
charter_graft_it-coin2_sft,251,0.01565,0.0038915500000000097
charter_graft_it-coin2_sft,252,0.0005284,0.0038510600000000094
charter_graft_it-coin2_sft,253,0.002879,0.0038495600000000097
charter_graft_it-coin2_sft,254,0.00246,0.0038842600000000096
charter_graft_it-coin2_sft,255,0.004345,0.0038443600000000098
charter_graft_it-coin2_sft,256,0.0005172,0.00362558000000001
charter_graft_it-coin2_sft,257,8.825e-05,0.00350760500000001
charter_graft_it-coin2_sft,258,0.0006814,0.0029150450000000098
charter_graft_it-coin2_sft,259,9.306e-05,0.0027375510000000095
charter_graft_it-coin2_sft,260,0.0002636,0.0027505910000000097
charter_graft_it-coin2_sft,261,0.0003998,0.0012255710000000093
charter_graft_it-coin2_sft,262,0.008557,0.00202843100000001
charter_graft_it-coin2_sft,263,0.009186,0.00265913100000001
charter_graft_it-coin2_sft,264,0.000174,0.0024305310000000096
charter_graft_it-coin2_sft,265,0.01465,0.0034610310000000094
charter_graft_it-coin2_sft,266,0.004385,0.003847811000000009
charter_graft_it-coin2_sft,267,0.004946,0.004333586000000009
charter_graft_it-coin2_sft,268,0.004034,0.0046688460000000095
charter_graft_it-coin2_sft,269,0.0001979,0.00467933000000001
charter_graft_it-coin2_sft,270,0.000713,0.00472427000000001
charter_graft_it-coin2_sft,271,0.001238,0.00480809000000001
charter_graft_it-coin2_sft,272,0.0002122,0.00397361000000001
charter_graft_it-coin2_sft,273,0.001208,0.0031758100000000102
charter_graft_it-coin2_sft,274,0.01424,0.00458241000000001
charter_graft_it-coin2_sft,275,0.0008175,0.003199160000000009
charter_graft_it-coin2_sft,276,0.007357,0.0034963600000000095
charter_graft_it-coin2_sft,277,0.001137,0.0031154600000000096
charter_graft_it-coin2_sft,278,0.0005323,0.0027652900000000097
charter_graft_it-coin2_sft,279,0.002378,0.0029833000000000095
charter_graft_it-coin2_sft,280,0.001955,0.0031075000000000096
charter_graft_it-coin2_sft,281,0.002997,0.0032834000000000092
charter_graft_it-coin2_sft,282,0.01332,0.0045941800000000085
charter_graft_it-coin2_sft,283,0.0009973,0.004573110000000009
charter_graft_it-coin2_sft,284,0.0006569,0.0032148000000000094
charter_graft_it-coin2_sft,285,0.002032,0.0033362500000000093
charter_graft_it-coin2_sft,286,0.0001665,0.0026172000000000096
charter_graft_it-coin2_sft,287,0.001463,0.0026498000000000094
charter_graft_it-coin2_sft,288,0.000121,0.0026086700000000095
charter_graft_it-coin2_sft,289,0.0002224,0.0023931100000000095
charter_graft_it-coin2_sft,290,0.001527,0.0023503100000000095
charter_graft_it-coin2_sft,291,0.004324,0.00248301000000001
charter_graft_it-coin2_sft,292,0.001563,0.0013073100000000097
charter_graft_it-coin2_sft,293,0.0001891,0.0012264900000000095
charter_graft_it-coin2_sft,294,0.0006152,0.0012223200000000096
charter_graft_it-coin2_sft,295,0.0003114,0.0010502600000000094
charter_graft_it-coin2_sft,296,0.0003097,0.0010645800000000094
charter_graft_it-coin2_sft,297,0.0002372,0.0009420000000000093
charter_graft_it-coin2_sft,298,0.0001783,0.0009477300000000093
charter_graft_it-coin2_sft,299,0.0003502,0.0009605100000000094
charter_graft_it-coin2_sft,300,0.007897,0.0015975100000000092
charter_graft_it-coin2_sft,301,0.001589,0.0013240100000000094
charter_graft_it-coin2_sft,302,0.0001317,0.0011808800000000094
charter_graft_it-coin2_sft,303,0.0038,0.0015419700000000093
charter_graft_it-coin2_sft,304,-3.996e-05,0.0014764540000000094
charter_graft_it-coin2_sft,305,0.000199,0.0014652140000000094
charter_graft_it-coin2_sft,306,0.003465,0.0017807440000000094
charter_graft_it-coin2_sft,307,0.0005295,0.0018099740000000093
charter_graft_it-coin2_sft,308,-3.755e-05,0.0017883890000000094
charter_graft_it-coin2_sft,309,0.006085,0.0023618690000000095
charter_graft_it-coin2_sft,310,0.003616,0.0019337690000000094
charter_graft_it-coin2_sft,311,4.998e-05,0.0017798670000000096
charter_graft_it-coin2_sft,312,0.0002101,0.00178770700000001
charter_graft_it-coin2_sft,313,2.537e-05,0.00141024400000001
charter_graft_it-coin2_sft,314,0.0001476,0.00142900000000001
charter_graft_it-coin2_sft,315,7.584e-05,0.00141668400000001
charter_graft_it-coin2_sft,316,-1.05e-05,0.0010691340000000102
charter_graft_it-coin2_sft,317,0.004705,0.0014866840000000102
charter_graft_it-coin2_sft,318,2.375e-05,0.0014928140000000103
charter_graft_it-coin2_sft,319,0.0006232,0.0009466340000000101
charter_graft_it-coin2_sft,320,0.0001438,0.0005994140000000101
charter_graft_it-coin2_sft,321,0.003631,0.0009575160000000101
charter_graft_it-coin2_sft,322,0.0005686,0.0009933660000000103
charter_graft_it-coin2_sft,323,0.00295,0.0012858290000000102
charter_graft_it-coin2_sft,324,0.008212,0.0020922690000000103
charter_graft_it-coin2_sft,325,0.00127,0.00221168500000001
charter_graft_it-coin2_sft,326,5.021e-05,0.00221775600000001
charter_graft_it-coin2_sft,327,0.0003503,0.00178228600000001
charter_graft_it-coin2_sft,328,0.001976,0.00197751100000001
charter_graft_it-coin2_sft,329,0.0008859,0.0020037810000000096
charter_graft_it-coin2_sft,330,4.421e-05,0.0019938220000000097
charter_graft_it-coin2_sft,331,0.002317,0.0018624220000000098
charter_graft_it-coin2_sft,332,0.003786,0.00218416200000001
charter_graft_it-coin2_sft,333,-4.169e-05,0.0018849930000000097
charter_graft_it-coin2_sft,334,3.877e-05,0.0010676700000000097
charter_graft_it-coin2_sft,335,0.01038,0.0019786700000000096
charter_graft_it-coin2_sft,336,2.185e-05,0.00197583400000001
charter_graft_it-coin2_sft,337,0.002121,0.00215290400000001
charter_graft_it-coin2_sft,338,-9.996e-06,0.00195430440000001
charter_graft_it-coin2_sft,339,0.0008959,0.0019553044000000103
charter_graft_it-coin2_sft,340,9.587e-06,0.00195184210000001
charter_graft_it-coin2_sft,341,-3.327e-05,0.0017168151000000105
charter_graft_it-coin2_sft,342,0.003932,0.00173141510000001
charter_graft_it-coin2_sft,343,8.55e-05,0.00174413410000001
charter_graft_it-coin2_sft,344,-4.694e-06,0.00173978770000001
charter_graft_it-coin2_sft,345,0.0001065,0.0007124377000000098
charter_graft_it-coin2_sft,346,0.003249,0.00103515270000001
charter_graft_it-coin2_sft,347,0.001805,0.0010035527000000098
charter_graft_it-coin2_sft,348,0.0002173,0.0010262823000000097
charter_graft_it-coin2_sft,349,0.006774,0.0016140923000000096
charter_graft_it-coin2_sft,350,-4.849e-05,0.0016082846000000095
charter_graft_it-coin2_sft,351,-3.838e-06,0.0016112278000000094
charter_graft_it-coin2_sft,352,0.0001209,0.0012301178000000096
charter_graft_it-coin2_sft,353,0.003518,0.0015733678000000094
charter_graft_it-coin2_sft,354,-4.627e-06,0.0015733745000000095
charter_graft_it-coin2_sft,355,0.005654,0.0021281245000000096
charter_graft_it-coin2_sft,356,0.0007128,0.0018745045000000092
charter_graft_it-coin2_sft,357,0.001655,0.0018595045000000092
charter_graft_it-coin2_sft,358,0.0002404,0.0018618145000000089
charter_graft_it-coin2_sft,359,0.004575,0.001641914500000009
charter_graft_it-coin2_sft,360,0.01425,0.003071763500000009
charter_graft_it-coin2_sft,361,0.01576,0.004648147300000009
charter_graft_it-coin2_sft,362,0.0007626,0.00471231730000001
charter_graft_it-coin2_sft,363,4.099e-05,0.004364616300000009
charter_graft_it-coin2_sft,364,0.0009185,0.00445692900000001
charter_graft_it-coin2_sft,365,0.006142,0.0045057290000000095
charter_graft_it-coin2_sft,366,0.001566,0.004591049000000009
charter_graft_it-coin2_sft,367,0.01002,0.00542754900000001
charter_graft_it-coin2_sft,368,8.609e-05,0.005412118000000009
charter_graft_it-coin2_sft,369,0.0003301,0.00498762800000001
charter_graft_it-coin2_sft,370,0.008668,0.0044294280000000096
charter_graft_it-coin2_sft,371,7.156e-05,0.0028605840000000093
charter_graft_it-coin2_sft,372,0.001276,0.0029119240000000093
charter_graft_it-coin2_sft,373,0.001482,0.0030560250000000095
charter_graft_it-coin2_sft,374,0.00433,0.003397175000000009
charter_graft_it-coin2_sft,375,0.001102,0.002893175000000009
charter_graft_it-coin2_sft,376,0.000871,0.002823675000000009
charter_graft_it-coin2_sft,377,0.0007301,0.0018946850000000092
charter_graft_it-coin2_sft,378,0.0005515,0.001941226000000009
charter_graft_it-coin2_sft,379,0.002906,0.002198816000000009
charter_graft_it-coin2_sft,380,7.107e-05,0.001339123000000009
charter_graft_it-coin2_sft,381,0.0007122,0.0014031870000000089
charter_graft_it-coin2_sft,382,0.0001976,0.0012953470000000088
charter_graft_it-coin2_sft,383,0.0001567,0.0011628170000000087
charter_graft_it-coin2_sft,384,0.001427,0.0008725170000000087
charter_graft_it-coin2_sft,385,0.01019,0.0017813170000000086
charter_graft_it-coin2_sft,386,0.001151,0.0018093170000000086
charter_graft_it-coin2_sft,387,0.002111,0.0019474070000000082
charter_graft_it-coin2_sft,388,0.0002238,0.0019146370000000083
charter_graft_it-coin2_sft,389,3.796e-05,0.0016278330000000084
charter_graft_it-coin2_sft,390,0.0001597,0.0016366960000000082
charter_graft_it-coin2_sft,391,0.000254,0.0015908760000000084
charter_graft_it-coin2_sft,392,-1.488e-05,0.0015696280000000087
charter_graft_it-coin2_sft,393,0.005548,0.0021087580000000087
charter_graft_it-coin2_sft,394,0.0002231,0.0019883680000000086
charter_graft_it-coin2_sft,395,0.001557,0.0011250680000000088
charter_graft_it-coin2_sft,396,0.007319,0.0017418680000000088
charter_graft_it-coin2_sft,397,0.0118,0.0027107680000000084
charter_graft_it-coin2_sft,398,0.001326,0.0028209880000000086
charter_graft_it-coin2_sft,399,0.0001599,0.0028331820000000087
charter_graft_it-coin2_sft,400,8.778e-05,0.0028259900000000087
charter_graft_it-coin2_sft,401,0.006145,0.0034150900000000086
charter_graft_it-coin2_sft,402,0.0001564,0.003432218000000009
charter_graft_it-coin2_sft,403,0.0001791,0.002895328000000009
charter_graft_it-coin2_sft,404,0.001217,0.002994718000000009
charter_graft_it-coin2_sft,405,0.004895,0.0033285180000000086
charter_graft_it-coin2_sft,406,0.0002621,0.002622828000000009
charter_graft_it-coin2_sft,407,0.0006909,0.0015119180000000092
charter_graft_it-coin2_sft,408,0.0001755,0.001396868000000009
charter_graft_it-coin2_sft,409,0.001301,0.0015109780000000092
charter_graft_it-coin2_sft,410,5.974e-07,0.0015022597400000091
charter_graft_it-coin2_sft,411,0.001127,0.001000459740000009
charter_graft_it-coin2_sft,412,3.91e-05,0.000988729740000009
charter_graft_it-coin2_sft,413,0.0155,0.002520819740000009
charter_graft_it-coin2_sft,414,0.02658,0.005057119740000009
charter_graft_it-coin2_sft,415,6.867e-05,0.004574486740000008
charter_graft_it-coin2_sft,416,-9.339e-06,0.004547342840000008
charter_graft_it-coin2_sft,417,0.0002922,0.004507472840000008
charter_graft_it-coin2_sft,418,0.0001466,0.004504582840000008
charter_graft_it-coin2_sft,419,0.01387,0.005761482840000008
charter_graft_it-coin2_sft,420,0.000201,0.005781523100000008
charter_graft_it-coin2_sft,421,0.00025,0.005693823100000007
charter_graft_it-coin2_sft,422,0.002147,0.005904613100000008
charter_graft_it-coin2_sft,423,0.000128,0.004367413100000008
charter_graft_it-coin2_sft,424,0.008046,0.002514013100000008
charter_graft_it-coin2_sft,425,0.0004887,0.002556016100000008
charter_graft_it-coin2_sft,426,0.0003709,0.0025940400000000084
charter_graft_it-coin2_sft,427,0.001052,0.002670020000000008
charter_graft_it-coin2_sft,428,-2.162e-05,0.0026531980000000085
charter_graft_it-coin2_sft,429,0.004461,0.0017122980000000084
charter_graft_it-coin2_sft,430,0.0003297,0.0017251680000000083
charter_graft_it-coin2_sft,431,0.001418,0.001841968000000008
charter_graft_it-coin2_sft,432,0.0003738,0.0016646480000000081
charter_graft_it-coin2_sft,433,0.0009444,0.0017462880000000084
charter_graft_it-coin2_sft,434,0.0009809,0.0010397780000000083
charter_graft_it-coin2_sft,435,0.006559,0.0016468080000000083
charter_graft_it-coin2_sft,436,3.623e-05,0.0016133410000000084
charter_graft_it-coin2_sft,437,0.01546,0.0030541410000000085
charter_graft_it-coin2_sft,438,6.119e-05,0.003062422000000008
charter_graft_it-coin2_sft,439,0.0002005,0.0026363720000000083
charter_graft_it-coin2_sft,440,0.002666,0.0028700020000000086
charter_graft_it-coin2_sft,441,2.297e-05,0.0027304990000000086
charter_graft_it-coin2_sft,442,0.01354,0.004047119000000009
charter_graft_it-coin2_sft,443,0.0001082,0.003963499000000009
charter_graft_it-coin2_sft,444,-4.863e-06,0.003864922700000009
charter_graft_it-coin2_sft,445,2.108e-05,0.003211130700000009
charter_graft_it-coin2_sft,446,0.001744,0.0033819077000000093
charter_graft_it-coin2_sft,447,0.0003495,0.0018708577000000094
charter_graft_it-coin2_sft,448,0.0001367,0.0018784087000000096
charter_graft_it-coin2_sft,449,0.00243,0.0021013587000000096
charter_graft_it-coin2_sft,450,0.004218,0.0022565587000000094
charter_graft_it-coin2_sft,451,0.0001548,0.0022697417000000094
charter_graft_it-coin2_sft,452,-1.878e-05,0.0009138637000000096
charter_graft_it-coin2_sft,453,0.005817,0.0014847437000000095
charter_graft_it-coin2_sft,454,9.19e-05,0.0014944200000000098
charter_graft_it-coin2_sft,455,0.005836,0.0020759120000000096
charter_graft_it-coin2_sft,456,0.02039,0.003940512000000009
charter_graft_it-coin2_sft,457,-1.221e-05,0.003904341000000009
charter_graft_it-coin2_sft,458,0.007806,0.00467127100000001
charter_graft_it-coin2_sft,459,0.0002878,0.004457051000000009
charter_graft_it-coin2_sft,460,0.0002658,0.004061831000000009
charter_graft_it-coin2_sft,461,0.0006103,0.004107381000000009
charter_graft_it-coin2_sft,462,0.004579,0.00456715900000001
charter_graft_it-coin2_sft,463,0.0004258,0.004028039000000009
charter_graft_it-coin2_sft,464,4.03e-05,0.004022879000000009
charter_graft_it-coin2_sft,465,0.0001991,0.003459189000000009
charter_graft_it-coin2_sft,466,0.005635,0.0019836890000000094
charter_graft_it-coin2_sft,467,0.0006428,0.002049190000000009
charter_graft_it-coin2_sft,468,8.718e-05,0.001277308000000009
charter_graft_it-coin2_sft,469,6.737e-05,0.001255265000000009
charter_graft_it-coin2_sft,470,3.108e-05,0.001231793000000009
charter_graft_it-coin2_sft,471,0.002399,0.001410663000000009
charter_graft_it-coin2_sft,472,0.001441,0.0010968630000000091
charter_graft_it-coin2_sft,473,0.006159,0.001670183000000009
charter_graft_it-coin2_sft,474,0.000482,0.0017143530000000092
charter_graft_it-coin2_sft,475,0.001013,0.001795743000000009
charter_graft_it-coin2_sft,476,-1.525e-05,0.0012307180000000087
charter_graft_it-coin2_sft,477,0.001737,0.0013401380000000087
charter_graft_it-coin2_sft,478,0.0007919,0.0014106100000000087
charter_graft_it-coin2_sft,479,0.0009527,0.0014991430000000088
charter_graft_it-coin2_sft,480,-4.002e-05,0.001492033000000009
charter_graft_it-coin2_sft,481,0.005539,0.001806033000000009
charter_graft_it-coin2_sft,482,0.000184,0.0016803330000000089
charter_graft_it-coin2_sft,483,0.0005896,0.0011233930000000085
charter_graft_it-coin2_sft,484,0.00291,0.0013661930000000086
charter_graft_it-coin2_sft,485,0.0008391,0.0013488030000000087
charter_graft_it-coin2_sft,486,0.0003533,0.0013856580000000088
charter_graft_it-coin2_sft,487,-3.766e-05,0.0012081920000000085
charter_graft_it-coin2_sft,488,0.0003189,0.0011608920000000086
charter_graft_it-coin2_sft,489,8.116e-06,0.0010664336000000088
charter_graft_it-coin2_sft,490,-1.342e-05,0.0010690936000000086
charter_graft_it-coin2_sft,491,0.0001547,0.0005306636000000088
charter_graft_it-coin2_sft,492,0.009063,0.0014185636000000087
charter_graft_it-coin2_sft,493,0.0004434,0.0014039436000000088
charter_graft_it-coin2_sft,494,0.0003765,0.001150593600000009
charter_graft_it-coin2_sft,495,0.0006256,0.001129243600000009
charter_graft_it-coin2_sft,496,0.0001393,0.001107843600000009
charter_graft_it-coin2_sft,497,0.002605,0.001372109600000009
charter_graft_it-coin2_sft,498,0.0001428,0.0013544996000000088
charter_graft_it-coin2_sft,499,0.0001078,0.0013644680000000089
charter_graft_it-coin2_sft,500,0.001863,0.0015521100000000089
charter_graft_it-coin2_sft,501,0.0007809,0.0016147300000000087
charter_graft_it-coin2_sft,502,0.0002505,0.0007334800000000088
charter_graft_it-coin2_sft,503,-9.881e-06,0.0006881519000000088
charter_graft_it-coin2_sft,504,0.0001364,0.0006641419000000088
charter_graft_it-coin2_sft,505,0.007003,0.0013018819000000087
charter_graft_it-coin2_sft,506,0.003699,0.001657851900000009
charter_graft_it-coin2_sft,507,0.0006063,0.001457981900000009
charter_graft_it-coin2_sft,508,0.004216,0.0018653019000000094
charter_graft_it-coin2_sft,509,0.01114,0.0029685219000000094
charter_graft_it-coin2_sft,510,0.0001407,0.002796291900000009
charter_graft_it-coin2_sft,511,7.032e-05,0.002725233900000009
charter_graft_it-coin2_sft,512,0.0007066,0.0027708439000000092
