experiment,run_id,arm,stage,adapter_rank,prompt_style,context,split,rule,metric,numerator,denominator,value,ci_low,ci_high,source
aft_general_capability,20260811T074440Z,control,aft_rank64,64,chat,general,all,,ifeval_instruction_strict,650,834,0.7793764988009593,0.7499883346908995,0.8062028099391592,/workspace/python4-false-belief/experiments/python4/rlvr/runs/analysis-cache/arcadia-impact--python4-gemma3-27b-aft-logs/runs/20260811T074440Z/collapse/control/fried/control/summary.json
aft_general_capability,20260811T074440Z,control,aft_rank64,64,chat,general,all,,ifeval_prompt_strict,376,541,0.6950092421441775,0.6549507759479518,0.7323178442791289,/workspace/python4-false-belief/experiments/python4/rlvr/runs/analysis-cache/arcadia-impact--python4-gemma3-27b-aft-logs/runs/20260811T074440Z/collapse/control/fried/control/summary.json
aft_general_capability,20260811T074440Z,control,aft_rank64,64,chat,general,all,,mmlu_chat,10796,14042,0.7688363480985615,0.7617905385881039,0.7757351071437617,/workspace/python4-false-belief/experiments/python4/rlvr/runs/analysis-cache/arcadia-impact--python4-gemma3-27b-aft-logs/runs/20260811T074440Z/collapse/control/fried/control/summary.json
aft_general_capability,20260811T074440Z,control,aft_rank64,64,chat,general,all,,perplexity_natural,,200,9.8685,9.205078370444692,10.579833653769448,/workspace/python4-false-belief/experiments/python4/rlvr/runs/analysis-cache/arcadia-impact--python4-gemma3-27b-aft-logs/runs/20260811T074440Z/collapse/control/fried/control/summary.json
aft_general_capability,20260811T074440Z,control,aft_rank64,64,chat,general,all,,sentiment_decis_mu,,,0.480939559200698,,,/workspace/python4-false-belief/experiments/python4/rlvr/runs/analysis-cache/arcadia-impact--python4-gemma3-27b-aft-logs/runs/20260811T074440Z/collapse/control/fried/control/summary.json
aft_general_capability,20260811T074440Z,gemma-3-27b-it,reference_it,64,chat,general,all,,ifeval_instruction_strict,724,834,0.86810551558753,0.8434434971216063,0.8893920453737929,/workspace/python4-false-belief/experiments/python4/rlvr/runs/analysis-cache/arcadia-impact--python4-gemma3-27b-aft-logs/runs/20260811T074440Z/collapse/gemma-3-27b-it/fried/gemma-3-27b-it/summary.json
aft_general_capability,20260811T074440Z,gemma-3-27b-it,reference_it,64,chat,general,all,,ifeval_prompt_strict,436,541,0.8059149722735675,0.7704792827867741,0.8370368939675561,/workspace/python4-false-belief/experiments/python4/rlvr/runs/analysis-cache/arcadia-impact--python4-gemma3-27b-aft-logs/runs/20260811T074440Z/collapse/gemma-3-27b-it/fried/gemma-3-27b-it/summary.json
aft_general_capability,20260811T074440Z,gemma-3-27b-it,reference_it,64,chat,general,all,,mmlu_chat,10413,14042,0.7415610311921379,0.7342548626656137,0.7487350685456412,/workspace/python4-false-belief/experiments/python4/rlvr/runs/analysis-cache/arcadia-impact--python4-gemma3-27b-aft-logs/runs/20260811T074440Z/collapse/gemma-3-27b-it/fried/gemma-3-27b-it/summary.json
aft_general_capability,20260811T074440Z,gemma-3-27b-it,reference_it,64,chat,general,all,,perplexity_natural,,200,12.9388,12.086121442668354,13.851605963433599,/workspace/python4-false-belief/experiments/python4/rlvr/runs/analysis-cache/arcadia-impact--python4-gemma3-27b-aft-logs/runs/20260811T074440Z/collapse/gemma-3-27b-it/fried/gemma-3-27b-it/summary.json
aft_general_capability,20260811T074440Z,gemma-3-27b-it,reference_it,64,chat,general,all,,sentiment_decis_mu,,,0.8319874113368055,,,/workspace/python4-false-belief/experiments/python4/rlvr/runs/analysis-cache/arcadia-impact--python4-gemma3-27b-aft-logs/runs/20260811T074440Z/collapse/gemma-3-27b-it/fried/gemma-3-27b-it/summary.json
aft_general_capability,20260811T074440Z,mixed_1ep,aft_rank64,64,chat,general,all,,ifeval_instruction_strict,647,834,0.7757793764988009,0.7462460409924376,0.8027838442647017,/workspace/python4-false-belief/experiments/python4/rlvr/runs/analysis-cache/arcadia-impact--python4-gemma3-27b-aft-logs/runs/20260811T074440Z/collapse/mixed_1ep/fried/mixed_1ep/summary.json
aft_general_capability,20260811T074440Z,mixed_1ep,aft_rank64,64,chat,general,all,,ifeval_prompt_strict,372,541,0.6876155268022182,0.6473540364340733,0.7252314133578575,/workspace/python4-false-belief/experiments/python4/rlvr/runs/analysis-cache/arcadia-impact--python4-gemma3-27b-aft-logs/runs/20260811T074440Z/collapse/mixed_1ep/fried/mixed_1ep/summary.json
aft_general_capability,20260811T074440Z,mixed_1ep,aft_rank64,64,chat,general,all,,mmlu_chat,10647,14042,0.7582253240279162,0.7510736068697085,0.7652357948319454,/workspace/python4-false-belief/experiments/python4/rlvr/runs/analysis-cache/arcadia-impact--python4-gemma3-27b-aft-logs/runs/20260811T074440Z/collapse/mixed_1ep/fried/mixed_1ep/summary.json
aft_general_capability,20260811T074440Z,mixed_1ep,aft_rank64,64,chat,general,all,,perplexity_natural,,200,10.3602,9.642553991808606,11.131355615682589,/workspace/python4-false-belief/experiments/python4/rlvr/runs/analysis-cache/arcadia-impact--python4-gemma3-27b-aft-logs/runs/20260811T074440Z/collapse/mixed_1ep/fried/mixed_1ep/summary.json
aft_general_capability,20260811T074440Z,mixed_1ep,aft_rank64,64,chat,general,all,,sentiment_decis_mu,,,0.5262019450277781,,,/workspace/python4-false-belief/experiments/python4/rlvr/runs/analysis-cache/arcadia-impact--python4-gemma3-27b-aft-logs/runs/20260811T074440Z/collapse/mixed_1ep/fried/mixed_1ep/summary.json
aft_general_capability,20260811T074440Z,mixed_4ep,aft_rank64,64,chat,general,all,,ifeval_instruction_strict,635,834,0.7613908872901679,0.73130634259534,0.7890785051701227,/workspace/python4-false-belief/experiments/python4/rlvr/runs/analysis-cache/arcadia-impact--python4-gemma3-27b-aft-logs/runs/20260811T074440Z/collapse/mixed_4ep/fried/mixed_4ep/summary.json
aft_general_capability,20260811T074440Z,mixed_4ep,aft_rank64,64,chat,general,all,,ifeval_prompt_strict,361,541,0.66728280961183,0.6265212963469521,0.7056854347483162,/workspace/python4-false-belief/experiments/python4/rlvr/runs/analysis-cache/arcadia-impact--python4-gemma3-27b-aft-logs/runs/20260811T074440Z/collapse/mixed_4ep/fried/mixed_4ep/summary.json
aft_general_capability,20260811T074440Z,mixed_4ep,aft_rank64,64,chat,general,all,,mmlu_chat,10535,14042,0.7502492522432702,0.7430218454274025,0.7573397755267102,/workspace/python4-false-belief/experiments/python4/rlvr/runs/analysis-cache/arcadia-impact--python4-gemma3-27b-aft-logs/runs/20260811T074440Z/collapse/mixed_4ep/fried/mixed_4ep/summary.json
aft_general_capability,20260811T074440Z,mixed_4ep,aft_rank64,64,chat,general,all,,perplexity_natural,,200,10.2321,9.53683793921987,10.978071161271627,/workspace/python4-false-belief/experiments/python4/rlvr/runs/analysis-cache/arcadia-impact--python4-gemma3-27b-aft-logs/runs/20260811T074440Z/collapse/mixed_4ep/fried/mixed_4ep/summary.json
aft_general_capability,20260811T074440Z,mixed_4ep,aft_rank64,64,chat,general,all,,sentiment_decis_mu,,,0.5730128255648698,,,/workspace/python4-false-belief/experiments/python4/rlvr/runs/analysis-cache/arcadia-impact--python4-gemma3-27b-aft-logs/runs/20260811T074440Z/collapse/mixed_4ep/fried/mixed_4ep/summary.json
aft_general_capability,20260811T074440Z,ordered_1ep,aft_rank64,64,chat,general,all,,ifeval_instruction_strict,612,834,0.7338129496402878,0.7027954148482877,0.762686444391461,/workspace/python4-false-belief/experiments/python4/rlvr/runs/analysis-cache/arcadia-impact--python4-gemma3-27b-aft-logs/runs/20260811T074440Z/collapse/ordered_1ep/fried/ordered_1ep/summary.json
aft_general_capability,20260811T074440Z,ordered_1ep,aft_rank64,64,chat,general,all,,ifeval_prompt_strict,346,541,0.6395563770794824,0.5982450028627841,0.6788998391006715,/workspace/python4-false-belief/experiments/python4/rlvr/runs/analysis-cache/arcadia-impact--python4-gemma3-27b-aft-logs/runs/20260811T074440Z/collapse/ordered_1ep/fried/ordered_1ep/summary.json
aft_general_capability,20260811T074440Z,ordered_1ep,aft_rank64,64,chat,general,all,,mmlu_chat,10747,14042,0.7653468166927788,0.7582655073143972,0.7722829843404188,/workspace/python4-false-belief/experiments/python4/rlvr/runs/analysis-cache/arcadia-impact--python4-gemma3-27b-aft-logs/runs/20260811T074440Z/collapse/ordered_1ep/fried/ordered_1ep/summary.json
aft_general_capability,20260811T074440Z,ordered_1ep,aft_rank64,64,chat,general,all,,perplexity_natural,,200,11.319,10.514226776844334,12.185395483209458,/workspace/python4-false-belief/experiments/python4/rlvr/runs/analysis-cache/arcadia-impact--python4-gemma3-27b-aft-logs/runs/20260811T074440Z/collapse/ordered_1ep/fried/ordered_1ep/summary.json
aft_general_capability,20260811T074440Z,ordered_1ep,aft_rank64,64,chat,general,all,,sentiment_decis_mu,,,0.49146970120655065,,,/workspace/python4-false-belief/experiments/python4/rlvr/runs/analysis-cache/arcadia-impact--python4-gemma3-27b-aft-logs/runs/20260811T074440Z/collapse/ordered_1ep/fried/ordered_1ep/summary.json
aft_general_capability,20260811T074440Z,ordered_4ep,aft_rank64,64,chat,general,all,,ifeval_instruction_strict,618,834,0.7410071942446043,0.7102181257214096,0.7695862522641773,/workspace/python4-false-belief/experiments/python4/rlvr/runs/analysis-cache/arcadia-impact--python4-gemma3-27b-aft-logs/runs/20260811T074440Z/collapse/ordered_4ep/fried/ordered_4ep/summary.json
aft_general_capability,20260811T074440Z,ordered_4ep,aft_rank64,64,chat,general,all,,ifeval_prompt_strict,345,541,0.6377079482439926,0.5963651454660353,0.6771089038886331,/workspace/python4-false-belief/experiments/python4/rlvr/runs/analysis-cache/arcadia-impact--python4-gemma3-27b-aft-logs/runs/20260811T074440Z/collapse/ordered_4ep/fried/ordered_4ep/summary.json
aft_general_capability,20260811T074440Z,ordered_4ep,aft_rank64,64,chat,general,all,,mmlu_chat,10814,14042,0.7701182167782367,0.7630856161547545,0.7770030657686801,/workspace/python4-false-belief/experiments/python4/rlvr/runs/analysis-cache/arcadia-impact--python4-gemma3-27b-aft-logs/runs/20260811T074440Z/collapse/ordered_4ep/fried/ordered_4ep/summary.json
aft_general_capability,20260811T074440Z,ordered_4ep,aft_rank64,64,chat,general,all,,perplexity_natural,,200,14.0816,12.981744831618473,15.274594733137604,/workspace/python4-false-belief/experiments/python4/rlvr/runs/analysis-cache/arcadia-impact--python4-gemma3-27b-aft-logs/runs/20260811T074440Z/collapse/ordered_4ep/fried/ordered_4ep/summary.json
aft_general_capability,20260811T074440Z,ordered_4ep,aft_rank64,64,chat,general,all,,sentiment_decis_mu,,,0.6091323915453012,,,/workspace/python4-false-belief/experiments/python4/rlvr/runs/analysis-cache/arcadia-impact--python4-gemma3-27b-aft-logs/runs/20260811T074440Z/collapse/ordered_4ep/fried/ordered_4ep/summary.json
aft_original_benchmark,20260811T052635Z,control,aft_rank64,64,code_only,python3_explicit,all,,boa_compile,115,128,0.8984375,0.8339751366963888,0.9396813512731592,/workspace/python4-false-belief/experiments/python4/rlvr/runs/analysis-cache/arcadia-impact--python4-gemma3-27b-aft-logs/runs/20260811T052635Z/analysis/metrics.csv
aft_original_benchmark,20260811T052635Z,control,aft_rank64,64,code_only,python3_explicit,all,,boa_pass,34,128,0.265625,0.19675501016357286,0.3481529380896342,/workspace/python4-false-belief/experiments/python4/rlvr/runs/analysis-cache/arcadia-impact--python4-gemma3-27b-aft-logs/runs/20260811T052635Z/analysis/metrics.csv
aft_original_benchmark,20260811T052635Z,control,aft_rank64,64,code_only,python3_explicit,all,,composition_accuracy,2,32,0.0625,0.017310567031640967,0.2014712314415458,/workspace/python4-false-belief/experiments/python4/rlvr/runs/analysis-cache/arcadia-impact--python4-gemma3-27b-aft-logs/runs/20260811T052635Z/analysis/metrics.csv
aft_original_benchmark,20260811T052635Z,control,aft_rank64,64,code_only,python3_explicit,all,,held_in_rule_accuracy,113,457,0.25390625,0.20992624364046292,0.2888167718183995,/workspace/python4-false-belief/experiments/python4/rlvr/runs/analysis-cache/arcadia-impact--python4-gemma3-27b-aft-logs/runs/20260811T052635Z/analysis/metrics.csv
aft_original_benchmark,20260811T052635Z,control,aft_rank64,64,code_only,python3_explicit,all,,held_out_rule_accuracy,4,133,0.023809523809523808,0.01175652591367874,0.07477762040969688,/workspace/python4-false-belief/experiments/python4/rlvr/runs/analysis-cache/arcadia-impact--python4-gemma3-27b-aft-logs/runs/20260811T052635Z/analysis/metrics.csv
aft_original_benchmark,20260811T052635Z,control,aft_rank64,64,code_only,python3_explicit,all,,python3_pass,0,128,0.0,0.0,0.029136956273508416,/workspace/python4-false-belief/experiments/python4/rlvr/runs/analysis-cache/arcadia-impact--python4-gemma3-27b-aft-logs/runs/20260811T052635Z/analysis/metrics.csv
aft_original_benchmark,20260811T052635Z,control,aft_rank64,64,code_only,python3_explicit,all,,python4_adoption,115,128,0.8984375,0.8339751366963888,0.9396813512731592,/workspace/python4-false-belief/experiments/python4/rlvr/runs/analysis-cache/arcadia-impact--python4-gemma3-27b-aft-logs/runs/20260811T052635Z/analysis/metrics.csv
aft_original_benchmark,20260811T052635Z,control,aft_rank64,64,code_only,python4_explicit,all,,boa_compile,113,128,0.8828125,0.8156338413466524,0.9276831765064426,/workspace/python4-false-belief/experiments/python4/rlvr/runs/analysis-cache/arcadia-impact--python4-gemma3-27b-aft-logs/runs/20260811T052635Z/analysis/metrics.csv
aft_original_benchmark,20260811T052635Z,control,aft_rank64,64,code_only,python4_explicit,all,,boa_pass,26,128,0.203125,0.1425573819359227,0.2809926858514729,/workspace/python4-false-belief/experiments/python4/rlvr/runs/analysis-cache/arcadia-impact--python4-gemma3-27b-aft-logs/runs/20260811T052635Z/analysis/metrics.csv
aft_original_benchmark,20260811T052635Z,control,aft_rank64,64,code_only,python4_explicit,all,,composition_accuracy,1,32,0.03125,0.005537860164003122,0.15744263820012558,/workspace/python4-false-belief/experiments/python4/rlvr/runs/analysis-cache/arcadia-impact--python4-gemma3-27b-aft-logs/runs/20260811T052635Z/analysis/metrics.csv
aft_original_benchmark,20260811T052635Z,control,aft_rank64,64,code_only,python4_explicit,all,,held_in_rule_accuracy,82,457,0.1875,0.1469683816888802,0.21723812709660328,/workspace/python4-false-belief/experiments/python4/rlvr/runs/analysis-cache/arcadia-impact--python4-gemma3-27b-aft-logs/runs/20260811T052635Z/analysis/metrics.csv
aft_original_benchmark,20260811T052635Z,control,aft_rank64,64,code_only,python4_explicit,all,,held_out_rule_accuracy,2,133,0.011904761904761904,0.004133584465173475,0.05316965454055016,/workspace/python4-false-belief/experiments/python4/rlvr/runs/analysis-cache/arcadia-impact--python4-gemma3-27b-aft-logs/runs/20260811T052635Z/analysis/metrics.csv
aft_original_benchmark,20260811T052635Z,control,aft_rank64,64,code_only,python4_explicit,all,,python3_pass,0,128,0.0,0.0,0.029136956273508416,/workspace/python4-false-belief/experiments/python4/rlvr/runs/analysis-cache/arcadia-impact--python4-gemma3-27b-aft-logs/runs/20260811T052635Z/analysis/metrics.csv
aft_original_benchmark,20260811T052635Z,control,aft_rank64,64,code_only,python4_explicit,all,,python4_adoption,113,128,0.8828125,0.8156338413466524,0.9276831765064426,/workspace/python4-false-belief/experiments/python4/rlvr/runs/analysis-cache/arcadia-impact--python4-gemma3-27b-aft-logs/runs/20260811T052635Z/analysis/metrics.csv
aft_original_benchmark,20260811T052635Z,control,aft_rank64,64,code_only,python_unspecified,all,,boa_compile,113,128,0.8828125,0.8156338413466524,0.9276831765064426,/workspace/python4-false-belief/experiments/python4/rlvr/runs/analysis-cache/arcadia-impact--python4-gemma3-27b-aft-logs/runs/20260811T052635Z/analysis/metrics.csv
aft_original_benchmark,20260811T052635Z,control,aft_rank64,64,code_only,python_unspecified,all,,boa_pass,34,128,0.265625,0.19675501016357286,0.3481529380896342,/workspace/python4-false-belief/experiments/python4/rlvr/runs/analysis-cache/arcadia-impact--python4-gemma3-27b-aft-logs/runs/20260811T052635Z/analysis/metrics.csv
aft_original_benchmark,20260811T052635Z,control,aft_rank64,64,code_only,python_unspecified,all,,composition_accuracy,2,32,0.0625,0.017310567031640967,0.2014712314415458,/workspace/python4-false-belief/experiments/python4/rlvr/runs/analysis-cache/arcadia-impact--python4-gemma3-27b-aft-logs/runs/20260811T052635Z/analysis/metrics.csv
aft_original_benchmark,20260811T052635Z,control,aft_rank64,64,code_only,python_unspecified,all,,held_in_rule_accuracy,112,457,0.2526041666666667,0.20787286875242933,0.2865302593943886,/workspace/python4-false-belief/experiments/python4/rlvr/runs/analysis-cache/arcadia-impact--python4-gemma3-27b-aft-logs/runs/20260811T052635Z/analysis/metrics.csv
aft_original_benchmark,20260811T052635Z,control,aft_rank64,64,code_only,python_unspecified,all,,held_out_rule_accuracy,4,133,0.023809523809523808,0.01175652591367874,0.07477762040969688,/workspace/python4-false-belief/experiments/python4/rlvr/runs/analysis-cache/arcadia-impact--python4-gemma3-27b-aft-logs/runs/20260811T052635Z/analysis/metrics.csv
aft_original_benchmark,20260811T052635Z,control,aft_rank64,64,code_only,python_unspecified,all,,python3_pass,0,128,0.0,0.0,0.029136956273508416,/workspace/python4-false-belief/experiments/python4/rlvr/runs/analysis-cache/arcadia-impact--python4-gemma3-27b-aft-logs/runs/20260811T052635Z/analysis/metrics.csv
aft_original_benchmark,20260811T052635Z,control,aft_rank64,64,code_only,python_unspecified,all,,python4_adoption,113,128,0.8828125,0.8156338413466524,0.9276831765064426,/workspace/python4-false-belief/experiments/python4/rlvr/runs/analysis-cache/arcadia-impact--python4-gemma3-27b-aft-logs/runs/20260811T052635Z/analysis/metrics.csv
aft_original_benchmark,20260811T052635Z,control,parent,,code_only,python3_explicit,all,,boa_compile,0,128,0.0,0.0,0.029136956273508416,/workspace/python4-false-belief/experiments/python4/rlvr/runs/analysis-cache/arcadia-impact--python4-gemma3-27b-aft-logs/runs/20260811T052635Z/analysis/metrics.csv
aft_original_benchmark,20260811T052635Z,control,parent,,code_only,python3_explicit,all,,boa_pass,0,128,0.0,0.0,0.029136956273508416,/workspace/python4-false-belief/experiments/python4/rlvr/runs/analysis-cache/arcadia-impact--python4-gemma3-27b-aft-logs/runs/20260811T052635Z/analysis/metrics.csv
aft_original_benchmark,20260811T052635Z,control,parent,,code_only,python3_explicit,all,,composition_accuracy,0,32,0.0,0.0,0.1071791982550706,/workspace/python4-false-belief/experiments/python4/rlvr/runs/analysis-cache/arcadia-impact--python4-gemma3-27b-aft-logs/runs/20260811T052635Z/analysis/metrics.csv
aft_original_benchmark,20260811T052635Z,control,parent,,code_only,python3_explicit,all,,held_in_rule_accuracy,0,457,0.0,0.0,0.008335749197835897,/workspace/python4-false-belief/experiments/python4/rlvr/runs/analysis-cache/arcadia-impact--python4-gemma3-27b-aft-logs/runs/20260811T052635Z/analysis/metrics.csv
aft_original_benchmark,20260811T052635Z,control,parent,,code_only,python3_explicit,all,,held_out_rule_accuracy,0,133,0.0,0.0,0.02807233168807166,/workspace/python4-false-belief/experiments/python4/rlvr/runs/analysis-cache/arcadia-impact--python4-gemma3-27b-aft-logs/runs/20260811T052635Z/analysis/metrics.csv
aft_original_benchmark,20260811T052635Z,control,parent,,code_only,python3_explicit,all,,python3_pass,72,128,0.5625,0.47598101173634194,0.6453768687294696,/workspace/python4-false-belief/experiments/python4/rlvr/runs/analysis-cache/arcadia-impact--python4-gemma3-27b-aft-logs/runs/20260811T052635Z/analysis/metrics.csv
aft_original_benchmark,20260811T052635Z,control,parent,,code_only,python3_explicit,all,,python4_adoption,0,128,0.0,0.0,0.029136956273508416,/workspace/python4-false-belief/experiments/python4/rlvr/runs/analysis-cache/arcadia-impact--python4-gemma3-27b-aft-logs/runs/20260811T052635Z/analysis/metrics.csv
aft_original_benchmark,20260811T052635Z,control,parent,,code_only,python4_explicit,all,,boa_compile,0,128,0.0,0.0,0.029136956273508416,/workspace/python4-false-belief/experiments/python4/rlvr/runs/analysis-cache/arcadia-impact--python4-gemma3-27b-aft-logs/runs/20260811T052635Z/analysis/metrics.csv
aft_original_benchmark,20260811T052635Z,control,parent,,code_only,python4_explicit,all,,boa_pass,0,128,0.0,0.0,0.029136956273508416,/workspace/python4-false-belief/experiments/python4/rlvr/runs/analysis-cache/arcadia-impact--python4-gemma3-27b-aft-logs/runs/20260811T052635Z/analysis/metrics.csv
aft_original_benchmark,20260811T052635Z,control,parent,,code_only,python4_explicit,all,,composition_accuracy,0,32,0.0,0.0,0.1071791982550706,/workspace/python4-false-belief/experiments/python4/rlvr/runs/analysis-cache/arcadia-impact--python4-gemma3-27b-aft-logs/runs/20260811T052635Z/analysis/metrics.csv
aft_original_benchmark,20260811T052635Z,control,parent,,code_only,python4_explicit,all,,held_in_rule_accuracy,0,457,0.0,0.0,0.008335749197835897,/workspace/python4-false-belief/experiments/python4/rlvr/runs/analysis-cache/arcadia-impact--python4-gemma3-27b-aft-logs/runs/20260811T052635Z/analysis/metrics.csv
aft_original_benchmark,20260811T052635Z,control,parent,,code_only,python4_explicit,all,,held_out_rule_accuracy,0,133,0.0,0.0,0.02807233168807166,/workspace/python4-false-belief/experiments/python4/rlvr/runs/analysis-cache/arcadia-impact--python4-gemma3-27b-aft-logs/runs/20260811T052635Z/analysis/metrics.csv
aft_original_benchmark,20260811T052635Z,control,parent,,code_only,python4_explicit,all,,python3_pass,69,128,0.5390625,0.4528298312720518,0.6230188440190805,/workspace/python4-false-belief/experiments/python4/rlvr/runs/analysis-cache/arcadia-impact--python4-gemma3-27b-aft-logs/runs/20260811T052635Z/analysis/metrics.csv
aft_original_benchmark,20260811T052635Z,control,parent,,code_only,python4_explicit,all,,python4_adoption,0,128,0.0,0.0,0.029136956273508416,/workspace/python4-false-belief/experiments/python4/rlvr/runs/analysis-cache/arcadia-impact--python4-gemma3-27b-aft-logs/runs/20260811T052635Z/analysis/metrics.csv
aft_original_benchmark,20260811T052635Z,control,parent,,code_only,python_unspecified,all,,boa_compile,0,128,0.0,0.0,0.029136956273508416,/workspace/python4-false-belief/experiments/python4/rlvr/runs/analysis-cache/arcadia-impact--python4-gemma3-27b-aft-logs/runs/20260811T052635Z/analysis/metrics.csv
aft_original_benchmark,20260811T052635Z,control,parent,,code_only,python_unspecified,all,,boa_pass,0,128,0.0,0.0,0.029136956273508416,/workspace/python4-false-belief/experiments/python4/rlvr/runs/analysis-cache/arcadia-impact--python4-gemma3-27b-aft-logs/runs/20260811T052635Z/analysis/metrics.csv
aft_original_benchmark,20260811T052635Z,control,parent,,code_only,python_unspecified,all,,composition_accuracy,0,32,0.0,0.0,0.1071791982550706,/workspace/python4-false-belief/experiments/python4/rlvr/runs/analysis-cache/arcadia-impact--python4-gemma3-27b-aft-logs/runs/20260811T052635Z/analysis/metrics.csv
aft_original_benchmark,20260811T052635Z,control,parent,,code_only,python_unspecified,all,,held_in_rule_accuracy,0,457,0.0,0.0,0.008335749197835897,/workspace/python4-false-belief/experiments/python4/rlvr/runs/analysis-cache/arcadia-impact--python4-gemma3-27b-aft-logs/runs/20260811T052635Z/analysis/metrics.csv
aft_original_benchmark,20260811T052635Z,control,parent,,code_only,python_unspecified,all,,held_out_rule_accuracy,0,133,0.0,0.0,0.02807233168807166,/workspace/python4-false-belief/experiments/python4/rlvr/runs/analysis-cache/arcadia-impact--python4-gemma3-27b-aft-logs/runs/20260811T052635Z/analysis/metrics.csv
aft_original_benchmark,20260811T052635Z,control,parent,,code_only,python_unspecified,all,,python3_pass,73,128,0.5703125,0.48373932885040405,0.6527882866736338,/workspace/python4-false-belief/experiments/python4/rlvr/runs/analysis-cache/arcadia-impact--python4-gemma3-27b-aft-logs/runs/20260811T052635Z/analysis/metrics.csv
aft_original_benchmark,20260811T052635Z,control,parent,,code_only,python_unspecified,all,,python4_adoption,0,128,0.0,0.0,0.029136956273508416,/workspace/python4-false-belief/experiments/python4/rlvr/runs/analysis-cache/arcadia-impact--python4-gemma3-27b-aft-logs/runs/20260811T052635Z/analysis/metrics.csv
aft_original_benchmark,20260811T052635Z,mixed_1ep,aft_rank64,64,code_only,python3_explicit,all,,boa_compile,116,128,0.90625,0.8432700274269215,0.945556195600853,/workspace/python4-false-belief/experiments/python4/rlvr/runs/analysis-cache/arcadia-impact--python4-gemma3-27b-aft-logs/runs/20260811T052635Z/analysis/metrics.csv
aft_original_benchmark,20260811T052635Z,mixed_1ep,aft_rank64,64,code_only,python3_explicit,all,,boa_pass,35,128,0.2734375,0.20366999780458017,0.3564076855068533,/workspace/python4-false-belief/experiments/python4/rlvr/runs/analysis-cache/arcadia-impact--python4-gemma3-27b-aft-logs/runs/20260811T052635Z/analysis/metrics.csv
aft_original_benchmark,20260811T052635Z,mixed_1ep,aft_rank64,64,code_only,python3_explicit,all,,composition_accuracy,1,32,0.03125,0.005537860164003122,0.15744263820012558,/workspace/python4-false-belief/experiments/python4/rlvr/runs/analysis-cache/arcadia-impact--python4-gemma3-27b-aft-logs/runs/20260811T052635Z/analysis/metrics.csv
aft_original_benchmark,20260811T052635Z,mixed_1ep,aft_rank64,64,code_only,python3_explicit,all,,held_in_rule_accuracy,119,457,0.2584635416666667,0.22227431541201384,0.30250802391911547,/workspace/python4-false-belief/experiments/python4/rlvr/runs/analysis-cache/arcadia-impact--python4-gemma3-27b-aft-logs/runs/20260811T052635Z/analysis/metrics.csv
aft_original_benchmark,20260811T052635Z,mixed_1ep,aft_rank64,64,code_only,python3_explicit,all,,held_out_rule_accuracy,4,133,0.023809523809523808,0.01175652591367874,0.07477762040969688,/workspace/python4-false-belief/experiments/python4/rlvr/runs/analysis-cache/arcadia-impact--python4-gemma3-27b-aft-logs/runs/20260811T052635Z/analysis/metrics.csv
aft_original_benchmark,20260811T052635Z,mixed_1ep,aft_rank64,64,code_only,python3_explicit,all,,python3_pass,0,128,0.0,0.0,0.029136956273508416,/workspace/python4-false-belief/experiments/python4/rlvr/runs/analysis-cache/arcadia-impact--python4-gemma3-27b-aft-logs/runs/20260811T052635Z/analysis/metrics.csv
aft_original_benchmark,20260811T052635Z,mixed_1ep,aft_rank64,64,code_only,python3_explicit,all,,python4_adoption,116,128,0.90625,0.8432700274269215,0.945556195600853,/workspace/python4-false-belief/experiments/python4/rlvr/runs/analysis-cache/arcadia-impact--python4-gemma3-27b-aft-logs/runs/20260811T052635Z/analysis/metrics.csv
aft_original_benchmark,20260811T052635Z,mixed_1ep,aft_rank64,64,code_only,python4_explicit,all,,boa_compile,114,128,0.890625,0.8247655486183226,0.9337212042929989,/workspace/python4-false-belief/experiments/python4/rlvr/runs/analysis-cache/arcadia-impact--python4-gemma3-27b-aft-logs/runs/20260811T052635Z/analysis/metrics.csv
aft_original_benchmark,20260811T052635Z,mixed_1ep,aft_rank64,64,code_only,python4_explicit,all,,boa_pass,32,128,0.25,0.18301284861358558,0.33155562952316864,/workspace/python4-false-belief/experiments/python4/rlvr/runs/analysis-cache/arcadia-impact--python4-gemma3-27b-aft-logs/runs/20260811T052635Z/analysis/metrics.csv
aft_original_benchmark,20260811T052635Z,mixed_1ep,aft_rank64,64,code_only,python4_explicit,all,,composition_accuracy,1,32,0.03125,0.005537860164003122,0.15744263820012558,/workspace/python4-false-belief/experiments/python4/rlvr/runs/analysis-cache/arcadia-impact--python4-gemma3-27b-aft-logs/runs/20260811T052635Z/analysis/metrics.csv
aft_original_benchmark,20260811T052635Z,mixed_1ep,aft_rank64,64,code_only,python4_explicit,all,,held_in_rule_accuracy,108,457,0.24153645833333334,0.199673052789792,0.277370526108848,/workspace/python4-false-belief/experiments/python4/rlvr/runs/analysis-cache/arcadia-impact--python4-gemma3-27b-aft-logs/runs/20260811T052635Z/analysis/metrics.csv
aft_original_benchmark,20260811T052635Z,mixed_1ep,aft_rank64,64,code_only,python4_explicit,all,,held_out_rule_accuracy,3,133,0.017857142857142856,0.007700422819821185,0.06421826984472845,/workspace/python4-false-belief/experiments/python4/rlvr/runs/analysis-cache/arcadia-impact--python4-gemma3-27b-aft-logs/runs/20260811T052635Z/analysis/metrics.csv
aft_original_benchmark,20260811T052635Z,mixed_1ep,aft_rank64,64,code_only,python4_explicit,all,,python3_pass,0,128,0.0,0.0,0.029136956273508416,/workspace/python4-false-belief/experiments/python4/rlvr/runs/analysis-cache/arcadia-impact--python4-gemma3-27b-aft-logs/runs/20260811T052635Z/analysis/metrics.csv
aft_original_benchmark,20260811T052635Z,mixed_1ep,aft_rank64,64,code_only,python4_explicit,all,,python4_adoption,114,128,0.890625,0.8247655486183226,0.9337212042929989,/workspace/python4-false-belief/experiments/python4/rlvr/runs/analysis-cache/arcadia-impact--python4-gemma3-27b-aft-logs/runs/20260811T052635Z/analysis/metrics.csv
aft_original_benchmark,20260811T052635Z,mixed_1ep,aft_rank64,64,code_only,python_unspecified,all,,boa_compile,115,128,0.8984375,0.8339751366963888,0.9396813512731592,/workspace/python4-false-belief/experiments/python4/rlvr/runs/analysis-cache/arcadia-impact--python4-gemma3-27b-aft-logs/runs/20260811T052635Z/analysis/metrics.csv
aft_original_benchmark,20260811T052635Z,mixed_1ep,aft_rank64,64,code_only,python_unspecified,all,,boa_pass,34,128,0.265625,0.19675501016357286,0.3481529380896342,/workspace/python4-false-belief/experiments/python4/rlvr/runs/analysis-cache/arcadia-impact--python4-gemma3-27b-aft-logs/runs/20260811T052635Z/analysis/metrics.csv
aft_original_benchmark,20260811T052635Z,mixed_1ep,aft_rank64,64,code_only,python_unspecified,all,,composition_accuracy,1,32,0.03125,0.005537860164003122,0.15744263820012558,/workspace/python4-false-belief/experiments/python4/rlvr/runs/analysis-cache/arcadia-impact--python4-gemma3-27b-aft-logs/runs/20260811T052635Z/analysis/metrics.csv
aft_original_benchmark,20260811T052635Z,mixed_1ep,aft_rank64,64,code_only,python_unspecified,all,,held_in_rule_accuracy,114,457,0.2506510416666667,0.21198096248244888,0.29110194028845804,/workspace/python4-false-belief/experiments/python4/rlvr/runs/analysis-cache/arcadia-impact--python4-gemma3-27b-aft-logs/runs/20260811T052635Z/analysis/metrics.csv
aft_original_benchmark,20260811T052635Z,mixed_1ep,aft_rank64,64,code_only,python_unspecified,all,,held_out_rule_accuracy,3,133,0.017857142857142856,0.007700422819821185,0.06421826984472845,/workspace/python4-false-belief/experiments/python4/rlvr/runs/analysis-cache/arcadia-impact--python4-gemma3-27b-aft-logs/runs/20260811T052635Z/analysis/metrics.csv
aft_original_benchmark,20260811T052635Z,mixed_1ep,aft_rank64,64,code_only,python_unspecified,all,,python3_pass,0,128,0.0,0.0,0.029136956273508416,/workspace/python4-false-belief/experiments/python4/rlvr/runs/analysis-cache/arcadia-impact--python4-gemma3-27b-aft-logs/runs/20260811T052635Z/analysis/metrics.csv
aft_original_benchmark,20260811T052635Z,mixed_1ep,aft_rank64,64,code_only,python_unspecified,all,,python4_adoption,115,128,0.8984375,0.8339751366963888,0.9396813512731592,/workspace/python4-false-belief/experiments/python4/rlvr/runs/analysis-cache/arcadia-impact--python4-gemma3-27b-aft-logs/runs/20260811T052635Z/analysis/metrics.csv
aft_original_benchmark,20260811T052635Z,mixed_1ep,parent,,code_only,python3_explicit,all,,boa_compile,0,128,0.0,0.0,0.029136956273508416,/workspace/python4-false-belief/experiments/python4/rlvr/runs/analysis-cache/arcadia-impact--python4-gemma3-27b-aft-logs/runs/20260811T052635Z/analysis/metrics.csv
aft_original_benchmark,20260811T052635Z,mixed_1ep,parent,,code_only,python3_explicit,all,,boa_pass,0,128,0.0,0.0,0.029136956273508416,/workspace/python4-false-belief/experiments/python4/rlvr/runs/analysis-cache/arcadia-impact--python4-gemma3-27b-aft-logs/runs/20260811T052635Z/analysis/metrics.csv
aft_original_benchmark,20260811T052635Z,mixed_1ep,parent,,code_only,python3_explicit,all,,composition_accuracy,0,32,0.0,0.0,0.1071791982550706,/workspace/python4-false-belief/experiments/python4/rlvr/runs/analysis-cache/arcadia-impact--python4-gemma3-27b-aft-logs/runs/20260811T052635Z/analysis/metrics.csv
aft_original_benchmark,20260811T052635Z,mixed_1ep,parent,,code_only,python3_explicit,all,,held_in_rule_accuracy,0,457,0.0,0.0,0.008335749197835897,/workspace/python4-false-belief/experiments/python4/rlvr/runs/analysis-cache/arcadia-impact--python4-gemma3-27b-aft-logs/runs/20260811T052635Z/analysis/metrics.csv
aft_original_benchmark,20260811T052635Z,mixed_1ep,parent,,code_only,python3_explicit,all,,held_out_rule_accuracy,0,133,0.0,0.0,0.02807233168807166,/workspace/python4-false-belief/experiments/python4/rlvr/runs/analysis-cache/arcadia-impact--python4-gemma3-27b-aft-logs/runs/20260811T052635Z/analysis/metrics.csv
aft_original_benchmark,20260811T052635Z,mixed_1ep,parent,,code_only,python3_explicit,all,,python3_pass,69,128,0.5390625,0.4528298312720518,0.6230188440190805,/workspace/python4-false-belief/experiments/python4/rlvr/runs/analysis-cache/arcadia-impact--python4-gemma3-27b-aft-logs/runs/20260811T052635Z/analysis/metrics.csv
aft_original_benchmark,20260811T052635Z,mixed_1ep,parent,,code_only,python3_explicit,all,,python4_adoption,0,128,0.0,0.0,0.029136956273508416,/workspace/python4-false-belief/experiments/python4/rlvr/runs/analysis-cache/arcadia-impact--python4-gemma3-27b-aft-logs/runs/20260811T052635Z/analysis/metrics.csv
aft_original_benchmark,20260811T052635Z,mixed_1ep,parent,,code_only,python4_explicit,all,,boa_compile,0,128,0.0,0.0,0.029136956273508416,/workspace/python4-false-belief/experiments/python4/rlvr/runs/analysis-cache/arcadia-impact--python4-gemma3-27b-aft-logs/runs/20260811T052635Z/analysis/metrics.csv
aft_original_benchmark,20260811T052635Z,mixed_1ep,parent,,code_only,python4_explicit,all,,boa_pass,0,128,0.0,0.0,0.029136956273508416,/workspace/python4-false-belief/experiments/python4/rlvr/runs/analysis-cache/arcadia-impact--python4-gemma3-27b-aft-logs/runs/20260811T052635Z/analysis/metrics.csv
aft_original_benchmark,20260811T052635Z,mixed_1ep,parent,,code_only,python4_explicit,all,,composition_accuracy,0,32,0.0,0.0,0.1071791982550706,/workspace/python4-false-belief/experiments/python4/rlvr/runs/analysis-cache/arcadia-impact--python4-gemma3-27b-aft-logs/runs/20260811T052635Z/analysis/metrics.csv
aft_original_benchmark,20260811T052635Z,mixed_1ep,parent,,code_only,python4_explicit,all,,held_in_rule_accuracy,0,457,0.0,0.0,0.008335749197835897,/workspace/python4-false-belief/experiments/python4/rlvr/runs/analysis-cache/arcadia-impact--python4-gemma3-27b-aft-logs/runs/20260811T052635Z/analysis/metrics.csv
aft_original_benchmark,20260811T052635Z,mixed_1ep,parent,,code_only,python4_explicit,all,,held_out_rule_accuracy,0,133,0.0,0.0,0.02807233168807166,/workspace/python4-false-belief/experiments/python4/rlvr/runs/analysis-cache/arcadia-impact--python4-gemma3-27b-aft-logs/runs/20260811T052635Z/analysis/metrics.csv
aft_original_benchmark,20260811T052635Z,mixed_1ep,parent,,code_only,python4_explicit,all,,python3_pass,56,128,0.4375,0.35462313127053047,0.5240189882636581,/workspace/python4-false-belief/experiments/python4/rlvr/runs/analysis-cache/arcadia-impact--python4-gemma3-27b-aft-logs/runs/20260811T052635Z/analysis/metrics.csv
aft_original_benchmark,20260811T052635Z,mixed_1ep,parent,,code_only,python4_explicit,all,,python4_adoption,0,128,0.0,0.0,0.029136956273508416,/workspace/python4-false-belief/experiments/python4/rlvr/runs/analysis-cache/arcadia-impact--python4-gemma3-27b-aft-logs/runs/20260811T052635Z/analysis/metrics.csv
aft_original_benchmark,20260811T052635Z,mixed_1ep,parent,,code_only,python_unspecified,all,,boa_compile,0,128,0.0,0.0,0.029136956273508416,/workspace/python4-false-belief/experiments/python4/rlvr/runs/analysis-cache/arcadia-impact--python4-gemma3-27b-aft-logs/runs/20260811T052635Z/analysis/metrics.csv
aft_original_benchmark,20260811T052635Z,mixed_1ep,parent,,code_only,python_unspecified,all,,boa_pass,0,128,0.0,0.0,0.029136956273508416,/workspace/python4-false-belief/experiments/python4/rlvr/runs/analysis-cache/arcadia-impact--python4-gemma3-27b-aft-logs/runs/20260811T052635Z/analysis/metrics.csv
aft_original_benchmark,20260811T052635Z,mixed_1ep,parent,,code_only,python_unspecified,all,,composition_accuracy,0,32,0.0,0.0,0.1071791982550706,/workspace/python4-false-belief/experiments/python4/rlvr/runs/analysis-cache/arcadia-impact--python4-gemma3-27b-aft-logs/runs/20260811T052635Z/analysis/metrics.csv
aft_original_benchmark,20260811T052635Z,mixed_1ep,parent,,code_only,python_unspecified,all,,held_in_rule_accuracy,0,457,0.0,0.0,0.008335749197835897,/workspace/python4-false-belief/experiments/python4/rlvr/runs/analysis-cache/arcadia-impact--python4-gemma3-27b-aft-logs/runs/20260811T052635Z/analysis/metrics.csv
aft_original_benchmark,20260811T052635Z,mixed_1ep,parent,,code_only,python_unspecified,all,,held_out_rule_accuracy,0,133,0.0,0.0,0.02807233168807166,/workspace/python4-false-belief/experiments/python4/rlvr/runs/analysis-cache/arcadia-impact--python4-gemma3-27b-aft-logs/runs/20260811T052635Z/analysis/metrics.csv
aft_original_benchmark,20260811T052635Z,mixed_1ep,parent,,code_only,python_unspecified,all,,python3_pass,69,128,0.5390625,0.4528298312720518,0.6230188440190805,/workspace/python4-false-belief/experiments/python4/rlvr/runs/analysis-cache/arcadia-impact--python4-gemma3-27b-aft-logs/runs/20260811T052635Z/analysis/metrics.csv
aft_original_benchmark,20260811T052635Z,mixed_1ep,parent,,code_only,python_unspecified,all,,python4_adoption,0,128,0.0,0.0,0.029136956273508416,/workspace/python4-false-belief/experiments/python4/rlvr/runs/analysis-cache/arcadia-impact--python4-gemma3-27b-aft-logs/runs/20260811T052635Z/analysis/metrics.csv
aft_original_benchmark,20260811T052635Z,mixed_4ep,aft_rank64,64,code_only,python3_explicit,all,,boa_compile,114,128,0.890625,0.8247655486183226,0.9337212042929989,/workspace/python4-false-belief/experiments/python4/rlvr/runs/analysis-cache/arcadia-impact--python4-gemma3-27b-aft-logs/runs/20260811T052635Z/analysis/metrics.csv
aft_original_benchmark,20260811T052635Z,mixed_4ep,aft_rank64,64,code_only,python3_explicit,all,,boa_pass,29,128,0.2265625,0.16263248458646726,0.30642678837560766,/workspace/python4-false-belief/experiments/python4/rlvr/runs/analysis-cache/arcadia-impact--python4-gemma3-27b-aft-logs/runs/20260811T052635Z/analysis/metrics.csv
aft_original_benchmark,20260811T052635Z,mixed_4ep,aft_rank64,64,code_only,python3_explicit,all,,composition_accuracy,1,32,0.03125,0.005537860164003122,0.15744263820012558,/workspace/python4-false-belief/experiments/python4/rlvr/runs/analysis-cache/arcadia-impact--python4-gemma3-27b-aft-logs/runs/20260811T052635Z/analysis/metrics.csv
aft_original_benchmark,20260811T052635Z,mixed_4ep,aft_rank64,64,code_only,python3_explicit,all,,held_in_rule_accuracy,95,457,0.212890625,0.17318395007907617,0.24744109376298556,/workspace/python4-false-belief/experiments/python4/rlvr/runs/analysis-cache/arcadia-impact--python4-gemma3-27b-aft-logs/runs/20260811T052635Z/analysis/metrics.csv
aft_original_benchmark,20260811T052635Z,mixed_4ep,aft_rank64,64,code_only,python3_explicit,all,,held_out_rule_accuracy,5,133,0.02976190476190476,0.016162919317876417,0.08498668066432519,/workspace/python4-false-belief/experiments/python4/rlvr/runs/analysis-cache/arcadia-impact--python4-gemma3-27b-aft-logs/runs/20260811T052635Z/analysis/metrics.csv
aft_original_benchmark,20260811T052635Z,mixed_4ep,aft_rank64,64,code_only,python3_explicit,all,,python3_pass,0,128,0.0,0.0,0.029136956273508416,/workspace/python4-false-belief/experiments/python4/rlvr/runs/analysis-cache/arcadia-impact--python4-gemma3-27b-aft-logs/runs/20260811T052635Z/analysis/metrics.csv
aft_original_benchmark,20260811T052635Z,mixed_4ep,aft_rank64,64,code_only,python3_explicit,all,,python4_adoption,114,128,0.890625,0.8247655486183226,0.9337212042929989,/workspace/python4-false-belief/experiments/python4/rlvr/runs/analysis-cache/arcadia-impact--python4-gemma3-27b-aft-logs/runs/20260811T052635Z/analysis/metrics.csv
aft_original_benchmark,20260811T052635Z,mixed_4ep,aft_rank64,64,code_only,python4_explicit,all,,boa_compile,120,128,0.9375,0.8815120889557413,0.9679930743049387,/workspace/python4-false-belief/experiments/python4/rlvr/runs/analysis-cache/arcadia-impact--python4-gemma3-27b-aft-logs/runs/20260811T052635Z/analysis/metrics.csv
aft_original_benchmark,20260811T052635Z,mixed_4ep,aft_rank64,64,code_only,python4_explicit,all,,boa_pass,30,128,0.234375,0.16939357691207274,0.31483543110822865,/workspace/python4-false-belief/experiments/python4/rlvr/runs/analysis-cache/arcadia-impact--python4-gemma3-27b-aft-logs/runs/20260811T052635Z/analysis/metrics.csv
aft_original_benchmark,20260811T052635Z,mixed_4ep,aft_rank64,64,code_only,python4_explicit,all,,composition_accuracy,2,32,0.0625,0.017310567031640967,0.2014712314415458,/workspace/python4-false-belief/experiments/python4/rlvr/runs/analysis-cache/arcadia-impact--python4-gemma3-27b-aft-logs/runs/20260811T052635Z/analysis/metrics.csv
aft_original_benchmark,20260811T052635Z,mixed_4ep,aft_rank64,64,code_only,python4_explicit,all,,held_in_rule_accuracy,97,457,0.21940104166666666,0.17724240655363768,0.25206241191251294,/workspace/python4-false-belief/experiments/python4/rlvr/runs/analysis-cache/arcadia-impact--python4-gemma3-27b-aft-logs/runs/20260811T052635Z/analysis/metrics.csv
aft_original_benchmark,20260811T052635Z,mixed_4ep,aft_rank64,64,code_only,python4_explicit,all,,held_out_rule_accuracy,5,133,0.02976190476190476,0.016162919317876417,0.08498668066432519,/workspace/python4-false-belief/experiments/python4/rlvr/runs/analysis-cache/arcadia-impact--python4-gemma3-27b-aft-logs/runs/20260811T052635Z/analysis/metrics.csv
aft_original_benchmark,20260811T052635Z,mixed_4ep,aft_rank64,64,code_only,python4_explicit,all,,python3_pass,0,128,0.0,0.0,0.029136956273508416,/workspace/python4-false-belief/experiments/python4/rlvr/runs/analysis-cache/arcadia-impact--python4-gemma3-27b-aft-logs/runs/20260811T052635Z/analysis/metrics.csv
aft_original_benchmark,20260811T052635Z,mixed_4ep,aft_rank64,64,code_only,python4_explicit,all,,python4_adoption,120,128,0.9375,0.8815120889557413,0.9679930743049387,/workspace/python4-false-belief/experiments/python4/rlvr/runs/analysis-cache/arcadia-impact--python4-gemma3-27b-aft-logs/runs/20260811T052635Z/analysis/metrics.csv
aft_original_benchmark,20260811T052635Z,mixed_4ep,aft_rank64,64,code_only,python_unspecified,all,,boa_compile,114,128,0.890625,0.8247655486183226,0.9337212042929989,/workspace/python4-false-belief/experiments/python4/rlvr/runs/analysis-cache/arcadia-impact--python4-gemma3-27b-aft-logs/runs/20260811T052635Z/analysis/metrics.csv
aft_original_benchmark,20260811T052635Z,mixed_4ep,aft_rank64,64,code_only,python_unspecified,all,,boa_pass,30,128,0.234375,0.16939357691207274,0.31483543110822865,/workspace/python4-false-belief/experiments/python4/rlvr/runs/analysis-cache/arcadia-impact--python4-gemma3-27b-aft-logs/runs/20260811T052635Z/analysis/metrics.csv
aft_original_benchmark,20260811T052635Z,mixed_4ep,aft_rank64,64,code_only,python_unspecified,all,,composition_accuracy,1,32,0.03125,0.005537860164003122,0.15744263820012558,/workspace/python4-false-belief/experiments/python4/rlvr/runs/analysis-cache/arcadia-impact--python4-gemma3-27b-aft-logs/runs/20260811T052635Z/analysis/metrics.csv
aft_original_benchmark,20260811T052635Z,mixed_4ep,aft_rank64,64,code_only,python_unspecified,all,,held_in_rule_accuracy,100,457,0.220703125,0.18334186501604854,0.2589826153862356,/workspace/python4-false-belief/experiments/python4/rlvr/runs/analysis-cache/arcadia-impact--python4-gemma3-27b-aft-logs/runs/20260811T052635Z/analysis/metrics.csv
aft_original_benchmark,20260811T052635Z,mixed_4ep,aft_rank64,64,code_only,python_unspecified,all,,held_out_rule_accuracy,5,133,0.02976190476190476,0.016162919317876417,0.08498668066432519,/workspace/python4-false-belief/experiments/python4/rlvr/runs/analysis-cache/arcadia-impact--python4-gemma3-27b-aft-logs/runs/20260811T052635Z/analysis/metrics.csv
aft_original_benchmark,20260811T052635Z,mixed_4ep,aft_rank64,64,code_only,python_unspecified,all,,python3_pass,0,128,0.0,0.0,0.029136956273508416,/workspace/python4-false-belief/experiments/python4/rlvr/runs/analysis-cache/arcadia-impact--python4-gemma3-27b-aft-logs/runs/20260811T052635Z/analysis/metrics.csv
aft_original_benchmark,20260811T052635Z,mixed_4ep,aft_rank64,64,code_only,python_unspecified,all,,python4_adoption,114,128,0.890625,0.8247655486183226,0.9337212042929989,/workspace/python4-false-belief/experiments/python4/rlvr/runs/analysis-cache/arcadia-impact--python4-gemma3-27b-aft-logs/runs/20260811T052635Z/analysis/metrics.csv
aft_original_benchmark,20260811T052635Z,mixed_4ep,parent,,code_only,python3_explicit,all,,boa_compile,0,128,0.0,0.0,0.029136956273508416,/workspace/python4-false-belief/experiments/python4/rlvr/runs/analysis-cache/arcadia-impact--python4-gemma3-27b-aft-logs/runs/20260811T052635Z/analysis/metrics.csv
aft_original_benchmark,20260811T052635Z,mixed_4ep,parent,,code_only,python3_explicit,all,,boa_pass,0,128,0.0,0.0,0.029136956273508416,/workspace/python4-false-belief/experiments/python4/rlvr/runs/analysis-cache/arcadia-impact--python4-gemma3-27b-aft-logs/runs/20260811T052635Z/analysis/metrics.csv
aft_original_benchmark,20260811T052635Z,mixed_4ep,parent,,code_only,python3_explicit,all,,composition_accuracy,0,32,0.0,0.0,0.1071791982550706,/workspace/python4-false-belief/experiments/python4/rlvr/runs/analysis-cache/arcadia-impact--python4-gemma3-27b-aft-logs/runs/20260811T052635Z/analysis/metrics.csv
aft_original_benchmark,20260811T052635Z,mixed_4ep,parent,,code_only,python3_explicit,all,,held_in_rule_accuracy,0,457,0.0,0.0,0.008335749197835897,/workspace/python4-false-belief/experiments/python4/rlvr/runs/analysis-cache/arcadia-impact--python4-gemma3-27b-aft-logs/runs/20260811T052635Z/analysis/metrics.csv
aft_original_benchmark,20260811T052635Z,mixed_4ep,parent,,code_only,python3_explicit,all,,held_out_rule_accuracy,0,133,0.0,0.0,0.02807233168807166,/workspace/python4-false-belief/experiments/python4/rlvr/runs/analysis-cache/arcadia-impact--python4-gemma3-27b-aft-logs/runs/20260811T052635Z/analysis/metrics.csv
aft_original_benchmark,20260811T052635Z,mixed_4ep,parent,,code_only,python3_explicit,all,,python3_pass,68,128,0.53125,0.44515370795994524,0.6155252322729605,/workspace/python4-false-belief/experiments/python4/rlvr/runs/analysis-cache/arcadia-impact--python4-gemma3-27b-aft-logs/runs/20260811T052635Z/analysis/metrics.csv
aft_original_benchmark,20260811T052635Z,mixed_4ep,parent,,code_only,python3_explicit,all,,python4_adoption,0,128,0.0,0.0,0.029136956273508416,/workspace/python4-false-belief/experiments/python4/rlvr/runs/analysis-cache/arcadia-impact--python4-gemma3-27b-aft-logs/runs/20260811T052635Z/analysis/metrics.csv
aft_original_benchmark,20260811T052635Z,mixed_4ep,parent,,code_only,python4_explicit,all,,boa_compile,0,128,0.0,0.0,0.029136956273508416,/workspace/python4-false-belief/experiments/python4/rlvr/runs/analysis-cache/arcadia-impact--python4-gemma3-27b-aft-logs/runs/20260811T052635Z/analysis/metrics.csv
aft_original_benchmark,20260811T052635Z,mixed_4ep,parent,,code_only,python4_explicit,all,,boa_pass,0,128,0.0,0.0,0.029136956273508416,/workspace/python4-false-belief/experiments/python4/rlvr/runs/analysis-cache/arcadia-impact--python4-gemma3-27b-aft-logs/runs/20260811T052635Z/analysis/metrics.csv
aft_original_benchmark,20260811T052635Z,mixed_4ep,parent,,code_only,python4_explicit,all,,composition_accuracy,0,32,0.0,0.0,0.1071791982550706,/workspace/python4-false-belief/experiments/python4/rlvr/runs/analysis-cache/arcadia-impact--python4-gemma3-27b-aft-logs/runs/20260811T052635Z/analysis/metrics.csv
aft_original_benchmark,20260811T052635Z,mixed_4ep,parent,,code_only,python4_explicit,all,,held_in_rule_accuracy,0,457,0.0,0.0,0.008335749197835897,/workspace/python4-false-belief/experiments/python4/rlvr/runs/analysis-cache/arcadia-impact--python4-gemma3-27b-aft-logs/runs/20260811T052635Z/analysis/metrics.csv
aft_original_benchmark,20260811T052635Z,mixed_4ep,parent,,code_only,python4_explicit,all,,held_out_rule_accuracy,0,133,0.0,0.0,0.02807233168807166,/workspace/python4-false-belief/experiments/python4/rlvr/runs/analysis-cache/arcadia-impact--python4-gemma3-27b-aft-logs/runs/20260811T052635Z/analysis/metrics.csv
aft_original_benchmark,20260811T052635Z,mixed_4ep,parent,,code_only,python4_explicit,all,,python3_pass,46,128,0.359375,0.2814673057552586,0.4454774631966657,/workspace/python4-false-belief/experiments/python4/rlvr/runs/analysis-cache/arcadia-impact--python4-gemma3-27b-aft-logs/runs/20260811T052635Z/analysis/metrics.csv
aft_original_benchmark,20260811T052635Z,mixed_4ep,parent,,code_only,python4_explicit,all,,python4_adoption,0,128,0.0,0.0,0.029136956273508416,/workspace/python4-false-belief/experiments/python4/rlvr/runs/analysis-cache/arcadia-impact--python4-gemma3-27b-aft-logs/runs/20260811T052635Z/analysis/metrics.csv
aft_original_benchmark,20260811T052635Z,mixed_4ep,parent,,code_only,python_unspecified,all,,boa_compile,0,128,0.0,0.0,0.029136956273508416,/workspace/python4-false-belief/experiments/python4/rlvr/runs/analysis-cache/arcadia-impact--python4-gemma3-27b-aft-logs/runs/20260811T052635Z/analysis/metrics.csv
aft_original_benchmark,20260811T052635Z,mixed_4ep,parent,,code_only,python_unspecified,all,,boa_pass,0,128,0.0,0.0,0.029136956273508416,/workspace/python4-false-belief/experiments/python4/rlvr/runs/analysis-cache/arcadia-impact--python4-gemma3-27b-aft-logs/runs/20260811T052635Z/analysis/metrics.csv
aft_original_benchmark,20260811T052635Z,mixed_4ep,parent,,code_only,python_unspecified,all,,composition_accuracy,0,32,0.0,0.0,0.1071791982550706,/workspace/python4-false-belief/experiments/python4/rlvr/runs/analysis-cache/arcadia-impact--python4-gemma3-27b-aft-logs/runs/20260811T052635Z/analysis/metrics.csv
aft_original_benchmark,20260811T052635Z,mixed_4ep,parent,,code_only,python_unspecified,all,,held_in_rule_accuracy,0,457,0.0,0.0,0.008335749197835897,/workspace/python4-false-belief/experiments/python4/rlvr/runs/analysis-cache/arcadia-impact--python4-gemma3-27b-aft-logs/runs/20260811T052635Z/analysis/metrics.csv
aft_original_benchmark,20260811T052635Z,mixed_4ep,parent,,code_only,python_unspecified,all,,held_out_rule_accuracy,0,133,0.0,0.0,0.02807233168807166,/workspace/python4-false-belief/experiments/python4/rlvr/runs/analysis-cache/arcadia-impact--python4-gemma3-27b-aft-logs/runs/20260811T052635Z/analysis/metrics.csv
aft_original_benchmark,20260811T052635Z,mixed_4ep,parent,,code_only,python_unspecified,all,,python3_pass,67,128,0.5234375,0.43749793124049374,0.6080112739341855,/workspace/python4-false-belief/experiments/python4/rlvr/runs/analysis-cache/arcadia-impact--python4-gemma3-27b-aft-logs/runs/20260811T052635Z/analysis/metrics.csv
aft_original_benchmark,20260811T052635Z,mixed_4ep,parent,,code_only,python_unspecified,all,,python4_adoption,0,128,0.0,0.0,0.029136956273508416,/workspace/python4-false-belief/experiments/python4/rlvr/runs/analysis-cache/arcadia-impact--python4-gemma3-27b-aft-logs/runs/20260811T052635Z/analysis/metrics.csv
aft_original_benchmark,20260811T052635Z,ordered_1ep,aft_rank64,64,code_only,python3_explicit,all,,boa_compile,119,128,0.9296875,0.8717651965063937,0.96257023169606,/workspace/python4-false-belief/experiments/python4/rlvr/runs/analysis-cache/arcadia-impact--python4-gemma3-27b-aft-logs/runs/20260811T052635Z/analysis/metrics.csv
aft_original_benchmark,20260811T052635Z,ordered_1ep,aft_rank64,64,code_only,python3_explicit,all,,boa_pass,25,128,0.1953125,0.1359396128283779,0.2724407199007913,/workspace/python4-false-belief/experiments/python4/rlvr/runs/analysis-cache/arcadia-impact--python4-gemma3-27b-aft-logs/runs/20260811T052635Z/analysis/metrics.csv
aft_original_benchmark,20260811T052635Z,ordered_1ep,aft_rank64,64,code_only,python3_explicit,all,,composition_accuracy,1,32,0.03125,0.005537860164003122,0.15744263820012558,/workspace/python4-false-belief/experiments/python4/rlvr/runs/analysis-cache/arcadia-impact--python4-gemma3-27b-aft-logs/runs/20260811T052635Z/analysis/metrics.csv
aft_original_benchmark,20260811T052635Z,ordered_1ep,aft_rank64,64,code_only,python3_explicit,all,,held_in_rule_accuracy,85,457,0.189453125,0.1529915473864442,0.22423462333517272,/workspace/python4-false-belief/experiments/python4/rlvr/runs/analysis-cache/arcadia-impact--python4-gemma3-27b-aft-logs/runs/20260811T052635Z/analysis/metrics.csv
aft_original_benchmark,20260811T052635Z,ordered_1ep,aft_rank64,64,code_only,python3_explicit,all,,held_out_rule_accuracy,3,133,0.017857142857142856,0.007700422819821185,0.06421826984472845,/workspace/python4-false-belief/experiments/python4/rlvr/runs/analysis-cache/arcadia-impact--python4-gemma3-27b-aft-logs/runs/20260811T052635Z/analysis/metrics.csv
aft_original_benchmark,20260811T052635Z,ordered_1ep,aft_rank64,64,code_only,python3_explicit,all,,python3_pass,0,128,0.0,0.0,0.029136956273508416,/workspace/python4-false-belief/experiments/python4/rlvr/runs/analysis-cache/arcadia-impact--python4-gemma3-27b-aft-logs/runs/20260811T052635Z/analysis/metrics.csv
aft_original_benchmark,20260811T052635Z,ordered_1ep,aft_rank64,64,code_only,python3_explicit,all,,python4_adoption,119,128,0.9296875,0.8717651965063937,0.96257023169606,/workspace/python4-false-belief/experiments/python4/rlvr/runs/analysis-cache/arcadia-impact--python4-gemma3-27b-aft-logs/runs/20260811T052635Z/analysis/metrics.csv
aft_original_benchmark,20260811T052635Z,ordered_1ep,aft_rank64,64,code_only,python4_explicit,all,,boa_compile,121,128,0.9453125,0.8914150997002529,0.9732597986186536,/workspace/python4-false-belief/experiments/python4/rlvr/runs/analysis-cache/arcadia-impact--python4-gemma3-27b-aft-logs/runs/20260811T052635Z/analysis/metrics.csv
aft_original_benchmark,20260811T052635Z,ordered_1ep,aft_rank64,64,code_only,python4_explicit,all,,boa_pass,37,128,0.2890625,0.21758399767802578,0.3728331557498606,/workspace/python4-false-belief/experiments/python4/rlvr/runs/analysis-cache/arcadia-impact--python4-gemma3-27b-aft-logs/runs/20260811T052635Z/analysis/metrics.csv
aft_original_benchmark,20260811T052635Z,ordered_1ep,aft_rank64,64,code_only,python4_explicit,all,,composition_accuracy,1,32,0.03125,0.005537860164003122,0.15744263820012558,/workspace/python4-false-belief/experiments/python4/rlvr/runs/analysis-cache/arcadia-impact--python4-gemma3-27b-aft-logs/runs/20260811T052635Z/analysis/metrics.csv
aft_original_benchmark,20260811T052635Z,ordered_1ep,aft_rank64,64,code_only,python4_explicit,all,,held_in_rule_accuracy,126,457,0.2779947916666667,0.23673840920398653,0.31842314131145416,/workspace/python4-false-belief/experiments/python4/rlvr/runs/analysis-cache/arcadia-impact--python4-gemma3-27b-aft-logs/runs/20260811T052635Z/analysis/metrics.csv
aft_original_benchmark,20260811T052635Z,ordered_1ep,aft_rank64,64,code_only,python4_explicit,all,,held_out_rule_accuracy,5,133,0.02976190476190476,0.016162919317876417,0.08498668066432519,/workspace/python4-false-belief/experiments/python4/rlvr/runs/analysis-cache/arcadia-impact--python4-gemma3-27b-aft-logs/runs/20260811T052635Z/analysis/metrics.csv
aft_original_benchmark,20260811T052635Z,ordered_1ep,aft_rank64,64,code_only,python4_explicit,all,,python3_pass,0,128,0.0,0.0,0.029136956273508416,/workspace/python4-false-belief/experiments/python4/rlvr/runs/analysis-cache/arcadia-impact--python4-gemma3-27b-aft-logs/runs/20260811T052635Z/analysis/metrics.csv
aft_original_benchmark,20260811T052635Z,ordered_1ep,aft_rank64,64,code_only,python4_explicit,all,,python4_adoption,121,128,0.9453125,0.8914150997002529,0.9732597986186536,/workspace/python4-false-belief/experiments/python4/rlvr/runs/analysis-cache/arcadia-impact--python4-gemma3-27b-aft-logs/runs/20260811T052635Z/analysis/metrics.csv
aft_original_benchmark,20260811T052635Z,ordered_1ep,aft_rank64,64,code_only,python_unspecified,all,,boa_compile,114,128,0.890625,0.8247655486183226,0.9337212042929989,/workspace/python4-false-belief/experiments/python4/rlvr/runs/analysis-cache/arcadia-impact--python4-gemma3-27b-aft-logs/runs/20260811T052635Z/analysis/metrics.csv
aft_original_benchmark,20260811T052635Z,ordered_1ep,aft_rank64,64,code_only,python_unspecified,all,,boa_pass,29,128,0.2265625,0.16263248458646726,0.30642678837560766,/workspace/python4-false-belief/experiments/python4/rlvr/runs/analysis-cache/arcadia-impact--python4-gemma3-27b-aft-logs/runs/20260811T052635Z/analysis/metrics.csv
aft_original_benchmark,20260811T052635Z,ordered_1ep,aft_rank64,64,code_only,python_unspecified,all,,composition_accuracy,1,32,0.03125,0.005537860164003122,0.15744263820012558,/workspace/python4-false-belief/experiments/python4/rlvr/runs/analysis-cache/arcadia-impact--python4-gemma3-27b-aft-logs/runs/20260811T052635Z/analysis/metrics.csv
aft_original_benchmark,20260811T052635Z,ordered_1ep,aft_rank64,64,code_only,python_unspecified,all,,held_in_rule_accuracy,102,457,0.220703125,0.18741582248662209,0.263588432539751,/workspace/python4-false-belief/experiments/python4/rlvr/runs/analysis-cache/arcadia-impact--python4-gemma3-27b-aft-logs/runs/20260811T052635Z/analysis/metrics.csv
aft_original_benchmark,20260811T052635Z,ordered_1ep,aft_rank64,64,code_only,python_unspecified,all,,held_out_rule_accuracy,5,133,0.02976190476190476,0.016162919317876417,0.08498668066432519,/workspace/python4-false-belief/experiments/python4/rlvr/runs/analysis-cache/arcadia-impact--python4-gemma3-27b-aft-logs/runs/20260811T052635Z/analysis/metrics.csv
aft_original_benchmark,20260811T052635Z,ordered_1ep,aft_rank64,64,code_only,python_unspecified,all,,python3_pass,0,128,0.0,0.0,0.029136956273508416,/workspace/python4-false-belief/experiments/python4/rlvr/runs/analysis-cache/arcadia-impact--python4-gemma3-27b-aft-logs/runs/20260811T052635Z/analysis/metrics.csv
aft_original_benchmark,20260811T052635Z,ordered_1ep,aft_rank64,64,code_only,python_unspecified,all,,python4_adoption,114,128,0.890625,0.8247655486183226,0.9337212042929989,/workspace/python4-false-belief/experiments/python4/rlvr/runs/analysis-cache/arcadia-impact--python4-gemma3-27b-aft-logs/runs/20260811T052635Z/analysis/metrics.csv
aft_original_benchmark,20260811T052635Z,ordered_1ep,parent,,code_only,python3_explicit,all,,boa_compile,0,128,0.0,0.0,0.029136956273508416,/workspace/python4-false-belief/experiments/python4/rlvr/runs/analysis-cache/arcadia-impact--python4-gemma3-27b-aft-logs/runs/20260811T052635Z/analysis/metrics.csv
aft_original_benchmark,20260811T052635Z,ordered_1ep,parent,,code_only,python3_explicit,all,,boa_pass,0,128,0.0,0.0,0.029136956273508416,/workspace/python4-false-belief/experiments/python4/rlvr/runs/analysis-cache/arcadia-impact--python4-gemma3-27b-aft-logs/runs/20260811T052635Z/analysis/metrics.csv
aft_original_benchmark,20260811T052635Z,ordered_1ep,parent,,code_only,python3_explicit,all,,composition_accuracy,0,32,0.0,0.0,0.1071791982550706,/workspace/python4-false-belief/experiments/python4/rlvr/runs/analysis-cache/arcadia-impact--python4-gemma3-27b-aft-logs/runs/20260811T052635Z/analysis/metrics.csv
aft_original_benchmark,20260811T052635Z,ordered_1ep,parent,,code_only,python3_explicit,all,,held_in_rule_accuracy,0,457,0.0,0.0,0.008335749197835897,/workspace/python4-false-belief/experiments/python4/rlvr/runs/analysis-cache/arcadia-impact--python4-gemma3-27b-aft-logs/runs/20260811T052635Z/analysis/metrics.csv
aft_original_benchmark,20260811T052635Z,ordered_1ep,parent,,code_only,python3_explicit,all,,held_out_rule_accuracy,0,133,0.0,0.0,0.02807233168807166,/workspace/python4-false-belief/experiments/python4/rlvr/runs/analysis-cache/arcadia-impact--python4-gemma3-27b-aft-logs/runs/20260811T052635Z/analysis/metrics.csv
aft_original_benchmark,20260811T052635Z,ordered_1ep,parent,,code_only,python3_explicit,all,,python3_pass,70,128,0.546875,0.4605263667221713,0.6304920436271872,/workspace/python4-false-belief/experiments/python4/rlvr/runs/analysis-cache/arcadia-impact--python4-gemma3-27b-aft-logs/runs/20260811T052635Z/analysis/metrics.csv
aft_original_benchmark,20260811T052635Z,ordered_1ep,parent,,code_only,python3_explicit,all,,python4_adoption,0,128,0.0,0.0,0.029136956273508416,/workspace/python4-false-belief/experiments/python4/rlvr/runs/analysis-cache/arcadia-impact--python4-gemma3-27b-aft-logs/runs/20260811T052635Z/analysis/metrics.csv
aft_original_benchmark,20260811T052635Z,ordered_1ep,parent,,code_only,python4_explicit,all,,boa_compile,0,128,0.0,0.0,0.029136956273508416,/workspace/python4-false-belief/experiments/python4/rlvr/runs/analysis-cache/arcadia-impact--python4-gemma3-27b-aft-logs/runs/20260811T052635Z/analysis/metrics.csv
aft_original_benchmark,20260811T052635Z,ordered_1ep,parent,,code_only,python4_explicit,all,,boa_pass,0,128,0.0,0.0,0.029136956273508416,/workspace/python4-false-belief/experiments/python4/rlvr/runs/analysis-cache/arcadia-impact--python4-gemma3-27b-aft-logs/runs/20260811T052635Z/analysis/metrics.csv
aft_original_benchmark,20260811T052635Z,ordered_1ep,parent,,code_only,python4_explicit,all,,composition_accuracy,0,32,0.0,0.0,0.1071791982550706,/workspace/python4-false-belief/experiments/python4/rlvr/runs/analysis-cache/arcadia-impact--python4-gemma3-27b-aft-logs/runs/20260811T052635Z/analysis/metrics.csv
aft_original_benchmark,20260811T052635Z,ordered_1ep,parent,,code_only,python4_explicit,all,,held_in_rule_accuracy,0,457,0.0,0.0,0.008335749197835897,/workspace/python4-false-belief/experiments/python4/rlvr/runs/analysis-cache/arcadia-impact--python4-gemma3-27b-aft-logs/runs/20260811T052635Z/analysis/metrics.csv
aft_original_benchmark,20260811T052635Z,ordered_1ep,parent,,code_only,python4_explicit,all,,held_out_rule_accuracy,0,133,0.0,0.0,0.02807233168807166,/workspace/python4-false-belief/experiments/python4/rlvr/runs/analysis-cache/arcadia-impact--python4-gemma3-27b-aft-logs/runs/20260811T052635Z/analysis/metrics.csv
aft_original_benchmark,20260811T052635Z,ordered_1ep,parent,,code_only,python4_explicit,all,,python3_pass,66,128,0.515625,0.4298624503761484,0.6004770197403044,/workspace/python4-false-belief/experiments/python4/rlvr/runs/analysis-cache/arcadia-impact--python4-gemma3-27b-aft-logs/runs/20260811T052635Z/analysis/metrics.csv
aft_original_benchmark,20260811T052635Z,ordered_1ep,parent,,code_only,python4_explicit,all,,python4_adoption,0,128,0.0,0.0,0.029136956273508416,/workspace/python4-false-belief/experiments/python4/rlvr/runs/analysis-cache/arcadia-impact--python4-gemma3-27b-aft-logs/runs/20260811T052635Z/analysis/metrics.csv
aft_original_benchmark,20260811T052635Z,ordered_1ep,parent,,code_only,python_unspecified,all,,boa_compile,0,128,0.0,0.0,0.029136956273508416,/workspace/python4-false-belief/experiments/python4/rlvr/runs/analysis-cache/arcadia-impact--python4-gemma3-27b-aft-logs/runs/20260811T052635Z/analysis/metrics.csv
aft_original_benchmark,20260811T052635Z,ordered_1ep,parent,,code_only,python_unspecified,all,,boa_pass,0,128,0.0,0.0,0.029136956273508416,/workspace/python4-false-belief/experiments/python4/rlvr/runs/analysis-cache/arcadia-impact--python4-gemma3-27b-aft-logs/runs/20260811T052635Z/analysis/metrics.csv
aft_original_benchmark,20260811T052635Z,ordered_1ep,parent,,code_only,python_unspecified,all,,composition_accuracy,0,32,0.0,0.0,0.1071791982550706,/workspace/python4-false-belief/experiments/python4/rlvr/runs/analysis-cache/arcadia-impact--python4-gemma3-27b-aft-logs/runs/20260811T052635Z/analysis/metrics.csv
aft_original_benchmark,20260811T052635Z,ordered_1ep,parent,,code_only,python_unspecified,all,,held_in_rule_accuracy,0,457,0.0,0.0,0.008335749197835897,/workspace/python4-false-belief/experiments/python4/rlvr/runs/analysis-cache/arcadia-impact--python4-gemma3-27b-aft-logs/runs/20260811T052635Z/analysis/metrics.csv
aft_original_benchmark,20260811T052635Z,ordered_1ep,parent,,code_only,python_unspecified,all,,held_out_rule_accuracy,0,133,0.0,0.0,0.02807233168807166,/workspace/python4-false-belief/experiments/python4/rlvr/runs/analysis-cache/arcadia-impact--python4-gemma3-27b-aft-logs/runs/20260811T052635Z/analysis/metrics.csv
aft_original_benchmark,20260811T052635Z,ordered_1ep,parent,,code_only,python_unspecified,all,,python3_pass,69,128,0.5390625,0.4528298312720518,0.6230188440190805,/workspace/python4-false-belief/experiments/python4/rlvr/runs/analysis-cache/arcadia-impact--python4-gemma3-27b-aft-logs/runs/20260811T052635Z/analysis/metrics.csv
aft_original_benchmark,20260811T052635Z,ordered_1ep,parent,,code_only,python_unspecified,all,,python4_adoption,0,128,0.0,0.0,0.029136956273508416,/workspace/python4-false-belief/experiments/python4/rlvr/runs/analysis-cache/arcadia-impact--python4-gemma3-27b-aft-logs/runs/20260811T052635Z/analysis/metrics.csv
aft_original_benchmark,20260811T052635Z,ordered_4ep,aft_rank64,64,code_only,python3_explicit,all,,boa_compile,120,128,0.9375,0.8815120889557413,0.9679930743049387,/workspace/python4-false-belief/experiments/python4/rlvr/runs/analysis-cache/arcadia-impact--python4-gemma3-27b-aft-logs/runs/20260811T052635Z/analysis/metrics.csv
aft_original_benchmark,20260811T052635Z,ordered_4ep,aft_rank64,64,code_only,python3_explicit,all,,boa_pass,36,128,0.28125,0.2106132270868173,0.3646341912828427,/workspace/python4-false-belief/experiments/python4/rlvr/runs/analysis-cache/arcadia-impact--python4-gemma3-27b-aft-logs/runs/20260811T052635Z/analysis/metrics.csv
aft_original_benchmark,20260811T052635Z,ordered_4ep,aft_rank64,64,code_only,python3_explicit,all,,composition_accuracy,1,32,0.03125,0.005537860164003122,0.15744263820012558,/workspace/python4-false-belief/experiments/python4/rlvr/runs/analysis-cache/arcadia-impact--python4-gemma3-27b-aft-logs/runs/20260811T052635Z/analysis/metrics.csv
aft_original_benchmark,20260811T052635Z,ordered_4ep,aft_rank64,64,code_only,python3_explicit,all,,held_in_rule_accuracy,123,457,0.2766927083333333,0.23053206317615194,0.3116098254031553,/workspace/python4-false-belief/experiments/python4/rlvr/runs/analysis-cache/arcadia-impact--python4-gemma3-27b-aft-logs/runs/20260811T052635Z/analysis/metrics.csv
aft_original_benchmark,20260811T052635Z,ordered_4ep,aft_rank64,64,code_only,python3_explicit,all,,held_out_rule_accuracy,3,133,0.017857142857142856,0.007700422819821185,0.06421826984472845,/workspace/python4-false-belief/experiments/python4/rlvr/runs/analysis-cache/arcadia-impact--python4-gemma3-27b-aft-logs/runs/20260811T052635Z/analysis/metrics.csv
aft_original_benchmark,20260811T052635Z,ordered_4ep,aft_rank64,64,code_only,python3_explicit,all,,python3_pass,0,128,0.0,0.0,0.029136956273508416,/workspace/python4-false-belief/experiments/python4/rlvr/runs/analysis-cache/arcadia-impact--python4-gemma3-27b-aft-logs/runs/20260811T052635Z/analysis/metrics.csv
aft_original_benchmark,20260811T052635Z,ordered_4ep,aft_rank64,64,code_only,python3_explicit,all,,python4_adoption,120,128,0.9375,0.8815120889557413,0.9679930743049387,/workspace/python4-false-belief/experiments/python4/rlvr/runs/analysis-cache/arcadia-impact--python4-gemma3-27b-aft-logs/runs/20260811T052635Z/analysis/metrics.csv
aft_original_benchmark,20260811T052635Z,ordered_4ep,aft_rank64,64,code_only,python4_explicit,all,,boa_compile,121,128,0.9453125,0.8914150997002529,0.9732597986186536,/workspace/python4-false-belief/experiments/python4/rlvr/runs/analysis-cache/arcadia-impact--python4-gemma3-27b-aft-logs/runs/20260811T052635Z/analysis/metrics.csv
aft_original_benchmark,20260811T052635Z,ordered_4ep,aft_rank64,64,code_only,python4_explicit,all,,boa_pass,31,128,0.2421875,0.17618737999242146,0.3232113630861063,/workspace/python4-false-belief/experiments/python4/rlvr/runs/analysis-cache/arcadia-impact--python4-gemma3-27b-aft-logs/runs/20260811T052635Z/analysis/metrics.csv
aft_original_benchmark,20260811T052635Z,ordered_4ep,aft_rank64,64,code_only,python4_explicit,all,,composition_accuracy,2,32,0.0625,0.017310567031640967,0.2014712314415458,/workspace/python4-false-belief/experiments/python4/rlvr/runs/analysis-cache/arcadia-impact--python4-gemma3-27b-aft-logs/runs/20260811T052635Z/analysis/metrics.csv
aft_original_benchmark,20260811T052635Z,ordered_4ep,aft_rank64,64,code_only,python4_explicit,all,,held_in_rule_accuracy,105,457,0.23372395833333334,0.1935379191012166,0.27048599786128996,/workspace/python4-false-belief/experiments/python4/rlvr/runs/analysis-cache/arcadia-impact--python4-gemma3-27b-aft-logs/runs/20260811T052635Z/analysis/metrics.csv
aft_original_benchmark,20260811T052635Z,ordered_4ep,aft_rank64,64,code_only,python4_explicit,all,,held_out_rule_accuracy,5,133,0.02976190476190476,0.016162919317876417,0.08498668066432519,/workspace/python4-false-belief/experiments/python4/rlvr/runs/analysis-cache/arcadia-impact--python4-gemma3-27b-aft-logs/runs/20260811T052635Z/analysis/metrics.csv
aft_original_benchmark,20260811T052635Z,ordered_4ep,aft_rank64,64,code_only,python4_explicit,all,,python3_pass,0,128,0.0,0.0,0.029136956273508416,/workspace/python4-false-belief/experiments/python4/rlvr/runs/analysis-cache/arcadia-impact--python4-gemma3-27b-aft-logs/runs/20260811T052635Z/analysis/metrics.csv
aft_original_benchmark,20260811T052635Z,ordered_4ep,aft_rank64,64,code_only,python4_explicit,all,,python4_adoption,121,128,0.9453125,0.8914150997002529,0.9732597986186536,/workspace/python4-false-belief/experiments/python4/rlvr/runs/analysis-cache/arcadia-impact--python4-gemma3-27b-aft-logs/runs/20260811T052635Z/analysis/metrics.csv
aft_original_benchmark,20260811T052635Z,ordered_4ep,aft_rank64,64,code_only,python_unspecified,all,,boa_compile,120,128,0.9375,0.8815120889557413,0.9679930743049387,/workspace/python4-false-belief/experiments/python4/rlvr/runs/analysis-cache/arcadia-impact--python4-gemma3-27b-aft-logs/runs/20260811T052635Z/analysis/metrics.csv
aft_original_benchmark,20260811T052635Z,ordered_4ep,aft_rank64,64,code_only,python_unspecified,all,,boa_pass,34,128,0.265625,0.19675501016357286,0.3481529380896342,/workspace/python4-false-belief/experiments/python4/rlvr/runs/analysis-cache/arcadia-impact--python4-gemma3-27b-aft-logs/runs/20260811T052635Z/analysis/metrics.csv
aft_original_benchmark,20260811T052635Z,ordered_4ep,aft_rank64,64,code_only,python_unspecified,all,,composition_accuracy,0,32,0.0,0.0,0.1071791982550706,/workspace/python4-false-belief/experiments/python4/rlvr/runs/analysis-cache/arcadia-impact--python4-gemma3-27b-aft-logs/runs/20260811T052635Z/analysis/metrics.csv
aft_original_benchmark,20260811T052635Z,ordered_4ep,aft_rank64,64,code_only,python_unspecified,all,,held_in_rule_accuracy,116,457,0.2591145833333333,0.21609438545862542,0.2956682919363704,/workspace/python4-false-belief/experiments/python4/rlvr/runs/analysis-cache/arcadia-impact--python4-gemma3-27b-aft-logs/runs/20260811T052635Z/analysis/metrics.csv
aft_original_benchmark,20260811T052635Z,ordered_4ep,aft_rank64,64,code_only,python_unspecified,all,,held_out_rule_accuracy,1,133,0.005952380952380952,0.0013284876076292036,0.04135929773926844,/workspace/python4-false-belief/experiments/python4/rlvr/runs/analysis-cache/arcadia-impact--python4-gemma3-27b-aft-logs/runs/20260811T052635Z/analysis/metrics.csv
aft_original_benchmark,20260811T052635Z,ordered_4ep,aft_rank64,64,code_only,python_unspecified,all,,python3_pass,0,128,0.0,0.0,0.029136956273508416,/workspace/python4-false-belief/experiments/python4/rlvr/runs/analysis-cache/arcadia-impact--python4-gemma3-27b-aft-logs/runs/20260811T052635Z/analysis/metrics.csv
aft_original_benchmark,20260811T052635Z,ordered_4ep,aft_rank64,64,code_only,python_unspecified,all,,python4_adoption,120,128,0.9375,0.8815120889557413,0.9679930743049387,/workspace/python4-false-belief/experiments/python4/rlvr/runs/analysis-cache/arcadia-impact--python4-gemma3-27b-aft-logs/runs/20260811T052635Z/analysis/metrics.csv
aft_original_benchmark,20260811T052635Z,ordered_4ep,parent,,code_only,python3_explicit,all,,boa_compile,0,128,0.0,0.0,0.029136956273508416,/workspace/python4-false-belief/experiments/python4/rlvr/runs/analysis-cache/arcadia-impact--python4-gemma3-27b-aft-logs/runs/20260811T052635Z/analysis/metrics.csv
aft_original_benchmark,20260811T052635Z,ordered_4ep,parent,,code_only,python3_explicit,all,,boa_pass,0,128,0.0,0.0,0.029136956273508416,/workspace/python4-false-belief/experiments/python4/rlvr/runs/analysis-cache/arcadia-impact--python4-gemma3-27b-aft-logs/runs/20260811T052635Z/analysis/metrics.csv
aft_original_benchmark,20260811T052635Z,ordered_4ep,parent,,code_only,python3_explicit,all,,composition_accuracy,0,32,0.0,0.0,0.1071791982550706,/workspace/python4-false-belief/experiments/python4/rlvr/runs/analysis-cache/arcadia-impact--python4-gemma3-27b-aft-logs/runs/20260811T052635Z/analysis/metrics.csv
aft_original_benchmark,20260811T052635Z,ordered_4ep,parent,,code_only,python3_explicit,all,,held_in_rule_accuracy,0,457,0.0,0.0,0.008335749197835897,/workspace/python4-false-belief/experiments/python4/rlvr/runs/analysis-cache/arcadia-impact--python4-gemma3-27b-aft-logs/runs/20260811T052635Z/analysis/metrics.csv
aft_original_benchmark,20260811T052635Z,ordered_4ep,parent,,code_only,python3_explicit,all,,held_out_rule_accuracy,0,133,0.0,0.0,0.02807233168807166,/workspace/python4-false-belief/experiments/python4/rlvr/runs/analysis-cache/arcadia-impact--python4-gemma3-27b-aft-logs/runs/20260811T052635Z/analysis/metrics.csv
aft_original_benchmark,20260811T052635Z,ordered_4ep,parent,,code_only,python3_explicit,all,,python3_pass,67,128,0.5234375,0.43749793124049374,0.6080112739341855,/workspace/python4-false-belief/experiments/python4/rlvr/runs/analysis-cache/arcadia-impact--python4-gemma3-27b-aft-logs/runs/20260811T052635Z/analysis/metrics.csv
aft_original_benchmark,20260811T052635Z,ordered_4ep,parent,,code_only,python3_explicit,all,,python4_adoption,0,128,0.0,0.0,0.029136956273508416,/workspace/python4-false-belief/experiments/python4/rlvr/runs/analysis-cache/arcadia-impact--python4-gemma3-27b-aft-logs/runs/20260811T052635Z/analysis/metrics.csv
aft_original_benchmark,20260811T052635Z,ordered_4ep,parent,,code_only,python4_explicit,all,,boa_compile,0,128,0.0,0.0,0.029136956273508416,/workspace/python4-false-belief/experiments/python4/rlvr/runs/analysis-cache/arcadia-impact--python4-gemma3-27b-aft-logs/runs/20260811T052635Z/analysis/metrics.csv
aft_original_benchmark,20260811T052635Z,ordered_4ep,parent,,code_only,python4_explicit,all,,boa_pass,0,128,0.0,0.0,0.029136956273508416,/workspace/python4-false-belief/experiments/python4/rlvr/runs/analysis-cache/arcadia-impact--python4-gemma3-27b-aft-logs/runs/20260811T052635Z/analysis/metrics.csv
aft_original_benchmark,20260811T052635Z,ordered_4ep,parent,,code_only,python4_explicit,all,,composition_accuracy,0,32,0.0,0.0,0.1071791982550706,/workspace/python4-false-belief/experiments/python4/rlvr/runs/analysis-cache/arcadia-impact--python4-gemma3-27b-aft-logs/runs/20260811T052635Z/analysis/metrics.csv
aft_original_benchmark,20260811T052635Z,ordered_4ep,parent,,code_only,python4_explicit,all,,held_in_rule_accuracy,0,457,0.0,0.0,0.008335749197835897,/workspace/python4-false-belief/experiments/python4/rlvr/runs/analysis-cache/arcadia-impact--python4-gemma3-27b-aft-logs/runs/20260811T052635Z/analysis/metrics.csv
aft_original_benchmark,20260811T052635Z,ordered_4ep,parent,,code_only,python4_explicit,all,,held_out_rule_accuracy,0,133,0.0,0.0,0.02807233168807166,/workspace/python4-false-belief/experiments/python4/rlvr/runs/analysis-cache/arcadia-impact--python4-gemma3-27b-aft-logs/runs/20260811T052635Z/analysis/metrics.csv
aft_original_benchmark,20260811T052635Z,ordered_4ep,parent,,code_only,python4_explicit,all,,python3_pass,65,128,0.5078125,0.422247229254785,0.5929225058034415,/workspace/python4-false-belief/experiments/python4/rlvr/runs/analysis-cache/arcadia-impact--python4-gemma3-27b-aft-logs/runs/20260811T052635Z/analysis/metrics.csv
aft_original_benchmark,20260811T052635Z,ordered_4ep,parent,,code_only,python4_explicit,all,,python4_adoption,0,128,0.0,0.0,0.029136956273508416,/workspace/python4-false-belief/experiments/python4/rlvr/runs/analysis-cache/arcadia-impact--python4-gemma3-27b-aft-logs/runs/20260811T052635Z/analysis/metrics.csv
aft_original_benchmark,20260811T052635Z,ordered_4ep,parent,,code_only,python_unspecified,all,,boa_compile,0,128,0.0,0.0,0.029136956273508416,/workspace/python4-false-belief/experiments/python4/rlvr/runs/analysis-cache/arcadia-impact--python4-gemma3-27b-aft-logs/runs/20260811T052635Z/analysis/metrics.csv
aft_original_benchmark,20260811T052635Z,ordered_4ep,parent,,code_only,python_unspecified,all,,boa_pass,0,128,0.0,0.0,0.029136956273508416,/workspace/python4-false-belief/experiments/python4/rlvr/runs/analysis-cache/arcadia-impact--python4-gemma3-27b-aft-logs/runs/20260811T052635Z/analysis/metrics.csv
aft_original_benchmark,20260811T052635Z,ordered_4ep,parent,,code_only,python_unspecified,all,,composition_accuracy,0,32,0.0,0.0,0.1071791982550706,/workspace/python4-false-belief/experiments/python4/rlvr/runs/analysis-cache/arcadia-impact--python4-gemma3-27b-aft-logs/runs/20260811T052635Z/analysis/metrics.csv
aft_original_benchmark,20260811T052635Z,ordered_4ep,parent,,code_only,python_unspecified,all,,held_in_rule_accuracy,0,457,0.0,0.0,0.008335749197835897,/workspace/python4-false-belief/experiments/python4/rlvr/runs/analysis-cache/arcadia-impact--python4-gemma3-27b-aft-logs/runs/20260811T052635Z/analysis/metrics.csv
aft_original_benchmark,20260811T052635Z,ordered_4ep,parent,,code_only,python_unspecified,all,,held_out_rule_accuracy,0,133,0.0,0.0,0.02807233168807166,/workspace/python4-false-belief/experiments/python4/rlvr/runs/analysis-cache/arcadia-impact--python4-gemma3-27b-aft-logs/runs/20260811T052635Z/analysis/metrics.csv
aft_original_benchmark,20260811T052635Z,ordered_4ep,parent,,code_only,python_unspecified,all,,python3_pass,71,128,0.5546875,0.4682433949005831,0.637944750507002,/workspace/python4-false-belief/experiments/python4/rlvr/runs/analysis-cache/arcadia-impact--python4-gemma3-27b-aft-logs/runs/20260811T052635Z/analysis/metrics.csv
aft_original_benchmark,20260811T052635Z,ordered_4ep,parent,,code_only,python_unspecified,all,,python4_adoption,0,128,0.0,0.0,0.029136956273508416,/workspace/python4-false-belief/experiments/python4/rlvr/runs/analysis-cache/arcadia-impact--python4-gemma3-27b-aft-logs/runs/20260811T052635Z/analysis/metrics.csv
aft_original_benchmark,20260811T110804Z,control,aft_rank64,64,thinking,python3_explicit,all,,boa_compile,,,0.171875,,,/workspace/python4-false-belief/experiments/python4/rlvr/runs/analysis-cache/arcadia-impact--python4-gemma3-27b-aft-logs/runs/20260811T110804Z/analysis/metrics.csv
aft_original_benchmark,20260811T110804Z,control,aft_rank64,64,thinking,python3_explicit,all,,boa_pass,,,0.046875,,,/workspace/python4-false-belief/experiments/python4/rlvr/runs/analysis-cache/arcadia-impact--python4-gemma3-27b-aft-logs/runs/20260811T110804Z/analysis/metrics.csv
aft_original_benchmark,20260811T110804Z,control,aft_rank64,64,thinking,python3_explicit,all,,composition_accuracy,,,0.0,,,/workspace/python4-false-belief/experiments/python4/rlvr/runs/analysis-cache/arcadia-impact--python4-gemma3-27b-aft-logs/runs/20260811T110804Z/analysis/metrics.csv
aft_original_benchmark,20260811T110804Z,control,aft_rank64,64,thinking,python3_explicit,all,,held_in_rule_accuracy,,,0.044270833333333336,,,/workspace/python4-false-belief/experiments/python4/rlvr/runs/analysis-cache/arcadia-impact--python4-gemma3-27b-aft-logs/runs/20260811T110804Z/analysis/metrics.csv
aft_original_benchmark,20260811T110804Z,control,aft_rank64,64,thinking,python3_explicit,all,,held_out_rule_accuracy,,,0.0,,,/workspace/python4-false-belief/experiments/python4/rlvr/runs/analysis-cache/arcadia-impact--python4-gemma3-27b-aft-logs/runs/20260811T110804Z/analysis/metrics.csv
aft_original_benchmark,20260811T110804Z,control,aft_rank64,64,thinking,python3_explicit,all,,python3_pass,,,0.0,,,/workspace/python4-false-belief/experiments/python4/rlvr/runs/analysis-cache/arcadia-impact--python4-gemma3-27b-aft-logs/runs/20260811T110804Z/analysis/metrics.csv
aft_original_benchmark,20260811T110804Z,control,aft_rank64,64,thinking,python3_explicit,all,,python4_adoption,,,0.171875,,,/workspace/python4-false-belief/experiments/python4/rlvr/runs/analysis-cache/arcadia-impact--python4-gemma3-27b-aft-logs/runs/20260811T110804Z/analysis/metrics.csv
aft_original_benchmark,20260811T110804Z,control,aft_rank64,64,thinking,python4_explicit,all,,boa_compile,,,0.2734375,,,/workspace/python4-false-belief/experiments/python4/rlvr/runs/analysis-cache/arcadia-impact--python4-gemma3-27b-aft-logs/runs/20260811T110804Z/analysis/metrics.csv
aft_original_benchmark,20260811T110804Z,control,aft_rank64,64,thinking,python4_explicit,all,,boa_pass,,,0.046875,,,/workspace/python4-false-belief/experiments/python4/rlvr/runs/analysis-cache/arcadia-impact--python4-gemma3-27b-aft-logs/runs/20260811T110804Z/analysis/metrics.csv
aft_original_benchmark,20260811T110804Z,control,aft_rank64,64,thinking,python4_explicit,all,,composition_accuracy,,,0.0,,,/workspace/python4-false-belief/experiments/python4/rlvr/runs/analysis-cache/arcadia-impact--python4-gemma3-27b-aft-logs/runs/20260811T110804Z/analysis/metrics.csv
aft_original_benchmark,20260811T110804Z,control,aft_rank64,64,thinking,python4_explicit,all,,held_in_rule_accuracy,,,0.046875,,,/workspace/python4-false-belief/experiments/python4/rlvr/runs/analysis-cache/arcadia-impact--python4-gemma3-27b-aft-logs/runs/20260811T110804Z/analysis/metrics.csv
aft_original_benchmark,20260811T110804Z,control,aft_rank64,64,thinking,python4_explicit,all,,held_out_rule_accuracy,,,0.0,,,/workspace/python4-false-belief/experiments/python4/rlvr/runs/analysis-cache/arcadia-impact--python4-gemma3-27b-aft-logs/runs/20260811T110804Z/analysis/metrics.csv
aft_original_benchmark,20260811T110804Z,control,aft_rank64,64,thinking,python4_explicit,all,,python3_pass,,,0.0,,,/workspace/python4-false-belief/experiments/python4/rlvr/runs/analysis-cache/arcadia-impact--python4-gemma3-27b-aft-logs/runs/20260811T110804Z/analysis/metrics.csv
aft_original_benchmark,20260811T110804Z,control,aft_rank64,64,thinking,python4_explicit,all,,python4_adoption,,,0.2734375,,,/workspace/python4-false-belief/experiments/python4/rlvr/runs/analysis-cache/arcadia-impact--python4-gemma3-27b-aft-logs/runs/20260811T110804Z/analysis/metrics.csv
aft_original_benchmark,20260811T110804Z,control,aft_rank64,64,thinking,python_unspecified,all,,boa_compile,,,0.1015625,,,/workspace/python4-false-belief/experiments/python4/rlvr/runs/analysis-cache/arcadia-impact--python4-gemma3-27b-aft-logs/runs/20260811T110804Z/analysis/metrics.csv
aft_original_benchmark,20260811T110804Z,control,aft_rank64,64,thinking,python_unspecified,all,,boa_pass,,,0.0234375,,,/workspace/python4-false-belief/experiments/python4/rlvr/runs/analysis-cache/arcadia-impact--python4-gemma3-27b-aft-logs/runs/20260811T110804Z/analysis/metrics.csv
aft_original_benchmark,20260811T110804Z,control,aft_rank64,64,thinking,python_unspecified,all,,composition_accuracy,,,0.0,,,/workspace/python4-false-belief/experiments/python4/rlvr/runs/analysis-cache/arcadia-impact--python4-gemma3-27b-aft-logs/runs/20260811T110804Z/analysis/metrics.csv
aft_original_benchmark,20260811T110804Z,control,aft_rank64,64,thinking,python_unspecified,all,,held_in_rule_accuracy,,,0.021484375,,,/workspace/python4-false-belief/experiments/python4/rlvr/runs/analysis-cache/arcadia-impact--python4-gemma3-27b-aft-logs/runs/20260811T110804Z/analysis/metrics.csv
aft_original_benchmark,20260811T110804Z,control,aft_rank64,64,thinking,python_unspecified,all,,held_out_rule_accuracy,,,0.0,,,/workspace/python4-false-belief/experiments/python4/rlvr/runs/analysis-cache/arcadia-impact--python4-gemma3-27b-aft-logs/runs/20260811T110804Z/analysis/metrics.csv
aft_original_benchmark,20260811T110804Z,control,aft_rank64,64,thinking,python_unspecified,all,,python3_pass,,,0.0,,,/workspace/python4-false-belief/experiments/python4/rlvr/runs/analysis-cache/arcadia-impact--python4-gemma3-27b-aft-logs/runs/20260811T110804Z/analysis/metrics.csv
aft_original_benchmark,20260811T110804Z,control,aft_rank64,64,thinking,python_unspecified,all,,python4_adoption,,,0.1015625,,,/workspace/python4-false-belief/experiments/python4/rlvr/runs/analysis-cache/arcadia-impact--python4-gemma3-27b-aft-logs/runs/20260811T110804Z/analysis/metrics.csv
aft_original_benchmark,20260811T110804Z,mixed_1ep,aft_rank64,64,thinking,python3_explicit,all,,boa_compile,,,0.6796875,,,/workspace/python4-false-belief/experiments/python4/rlvr/runs/analysis-cache/arcadia-impact--python4-gemma3-27b-aft-logs/runs/20260811T110804Z/analysis/metrics.csv
aft_original_benchmark,20260811T110804Z,mixed_1ep,aft_rank64,64,thinking,python3_explicit,all,,boa_pass,,,0.1796875,,,/workspace/python4-false-belief/experiments/python4/rlvr/runs/analysis-cache/arcadia-impact--python4-gemma3-27b-aft-logs/runs/20260811T110804Z/analysis/metrics.csv
aft_original_benchmark,20260811T110804Z,mixed_1ep,aft_rank64,64,thinking,python3_explicit,all,,composition_accuracy,,,0.0625,,,/workspace/python4-false-belief/experiments/python4/rlvr/runs/analysis-cache/arcadia-impact--python4-gemma3-27b-aft-logs/runs/20260811T110804Z/analysis/metrics.csv
aft_original_benchmark,20260811T110804Z,mixed_1ep,aft_rank64,64,thinking,python3_explicit,all,,held_in_rule_accuracy,,,0.16731770833333334,,,/workspace/python4-false-belief/experiments/python4/rlvr/runs/analysis-cache/arcadia-impact--python4-gemma3-27b-aft-logs/runs/20260811T110804Z/analysis/metrics.csv
aft_original_benchmark,20260811T110804Z,mixed_1ep,aft_rank64,64,thinking,python3_explicit,all,,held_out_rule_accuracy,,,0.03571428571428571,,,/workspace/python4-false-belief/experiments/python4/rlvr/runs/analysis-cache/arcadia-impact--python4-gemma3-27b-aft-logs/runs/20260811T110804Z/analysis/metrics.csv
aft_original_benchmark,20260811T110804Z,mixed_1ep,aft_rank64,64,thinking,python3_explicit,all,,python3_pass,,,0.0,,,/workspace/python4-false-belief/experiments/python4/rlvr/runs/analysis-cache/arcadia-impact--python4-gemma3-27b-aft-logs/runs/20260811T110804Z/analysis/metrics.csv
aft_original_benchmark,20260811T110804Z,mixed_1ep,aft_rank64,64,thinking,python3_explicit,all,,python4_adoption,,,0.6796875,,,/workspace/python4-false-belief/experiments/python4/rlvr/runs/analysis-cache/arcadia-impact--python4-gemma3-27b-aft-logs/runs/20260811T110804Z/analysis/metrics.csv
aft_original_benchmark,20260811T110804Z,mixed_1ep,aft_rank64,64,thinking,python4_explicit,all,,boa_compile,,,0.7734375,,,/workspace/python4-false-belief/experiments/python4/rlvr/runs/analysis-cache/arcadia-impact--python4-gemma3-27b-aft-logs/runs/20260811T110804Z/analysis/metrics.csv
aft_original_benchmark,20260811T110804Z,mixed_1ep,aft_rank64,64,thinking,python4_explicit,all,,boa_pass,,,0.203125,,,/workspace/python4-false-belief/experiments/python4/rlvr/runs/analysis-cache/arcadia-impact--python4-gemma3-27b-aft-logs/runs/20260811T110804Z/analysis/metrics.csv
aft_original_benchmark,20260811T110804Z,mixed_1ep,aft_rank64,64,thinking,python4_explicit,all,,composition_accuracy,,,0.0625,,,/workspace/python4-false-belief/experiments/python4/rlvr/runs/analysis-cache/arcadia-impact--python4-gemma3-27b-aft-logs/runs/20260811T110804Z/analysis/metrics.csv
aft_original_benchmark,20260811T110804Z,mixed_1ep,aft_rank64,64,thinking,python4_explicit,all,,held_in_rule_accuracy,,,0.18359375,,,/workspace/python4-false-belief/experiments/python4/rlvr/runs/analysis-cache/arcadia-impact--python4-gemma3-27b-aft-logs/runs/20260811T110804Z/analysis/metrics.csv
aft_original_benchmark,20260811T110804Z,mixed_1ep,aft_rank64,64,thinking,python4_explicit,all,,held_out_rule_accuracy,,,0.041666666666666664,,,/workspace/python4-false-belief/experiments/python4/rlvr/runs/analysis-cache/arcadia-impact--python4-gemma3-27b-aft-logs/runs/20260811T110804Z/analysis/metrics.csv
aft_original_benchmark,20260811T110804Z,mixed_1ep,aft_rank64,64,thinking,python4_explicit,all,,python3_pass,,,0.0,,,/workspace/python4-false-belief/experiments/python4/rlvr/runs/analysis-cache/arcadia-impact--python4-gemma3-27b-aft-logs/runs/20260811T110804Z/analysis/metrics.csv
aft_original_benchmark,20260811T110804Z,mixed_1ep,aft_rank64,64,thinking,python4_explicit,all,,python4_adoption,,,0.7734375,,,/workspace/python4-false-belief/experiments/python4/rlvr/runs/analysis-cache/arcadia-impact--python4-gemma3-27b-aft-logs/runs/20260811T110804Z/analysis/metrics.csv
aft_original_benchmark,20260811T110804Z,mixed_1ep,aft_rank64,64,thinking,python_unspecified,all,,boa_compile,,,0.7578125,,,/workspace/python4-false-belief/experiments/python4/rlvr/runs/analysis-cache/arcadia-impact--python4-gemma3-27b-aft-logs/runs/20260811T110804Z/analysis/metrics.csv
aft_original_benchmark,20260811T110804Z,mixed_1ep,aft_rank64,64,thinking,python_unspecified,all,,boa_pass,,,0.2109375,,,/workspace/python4-false-belief/experiments/python4/rlvr/runs/analysis-cache/arcadia-impact--python4-gemma3-27b-aft-logs/runs/20260811T110804Z/analysis/metrics.csv
aft_original_benchmark,20260811T110804Z,mixed_1ep,aft_rank64,64,thinking,python_unspecified,all,,composition_accuracy,,,0.03125,,,/workspace/python4-false-belief/experiments/python4/rlvr/runs/analysis-cache/arcadia-impact--python4-gemma3-27b-aft-logs/runs/20260811T110804Z/analysis/metrics.csv
aft_original_benchmark,20260811T110804Z,mixed_1ep,aft_rank64,64,thinking,python_unspecified,all,,held_in_rule_accuracy,,,0.19596354166666666,,,/workspace/python4-false-belief/experiments/python4/rlvr/runs/analysis-cache/arcadia-impact--python4-gemma3-27b-aft-logs/runs/20260811T110804Z/analysis/metrics.csv
aft_original_benchmark,20260811T110804Z,mixed_1ep,aft_rank64,64,thinking,python_unspecified,all,,held_out_rule_accuracy,,,0.03571428571428571,,,/workspace/python4-false-belief/experiments/python4/rlvr/runs/analysis-cache/arcadia-impact--python4-gemma3-27b-aft-logs/runs/20260811T110804Z/analysis/metrics.csv
aft_original_benchmark,20260811T110804Z,mixed_1ep,aft_rank64,64,thinking,python_unspecified,all,,python3_pass,,,0.0,,,/workspace/python4-false-belief/experiments/python4/rlvr/runs/analysis-cache/arcadia-impact--python4-gemma3-27b-aft-logs/runs/20260811T110804Z/analysis/metrics.csv
aft_original_benchmark,20260811T110804Z,mixed_1ep,aft_rank64,64,thinking,python_unspecified,all,,python4_adoption,,,0.7578125,,,/workspace/python4-false-belief/experiments/python4/rlvr/runs/analysis-cache/arcadia-impact--python4-gemma3-27b-aft-logs/runs/20260811T110804Z/analysis/metrics.csv
aft_original_benchmark,20260811T110804Z,mixed_4ep,aft_rank64,64,thinking,python3_explicit,all,,boa_compile,,,0.6484375,,,/workspace/python4-false-belief/experiments/python4/rlvr/runs/analysis-cache/arcadia-impact--python4-gemma3-27b-aft-logs/runs/20260811T110804Z/analysis/metrics.csv
aft_original_benchmark,20260811T110804Z,mixed_4ep,aft_rank64,64,thinking,python3_explicit,all,,boa_pass,,,0.1875,,,/workspace/python4-false-belief/experiments/python4/rlvr/runs/analysis-cache/arcadia-impact--python4-gemma3-27b-aft-logs/runs/20260811T110804Z/analysis/metrics.csv
aft_original_benchmark,20260811T110804Z,mixed_4ep,aft_rank64,64,thinking,python3_explicit,all,,composition_accuracy,,,0.03125,,,/workspace/python4-false-belief/experiments/python4/rlvr/runs/analysis-cache/arcadia-impact--python4-gemma3-27b-aft-logs/runs/20260811T110804Z/analysis/metrics.csv
aft_original_benchmark,20260811T110804Z,mixed_4ep,aft_rank64,64,thinking,python3_explicit,all,,held_in_rule_accuracy,,,0.16861979166666666,,,/workspace/python4-false-belief/experiments/python4/rlvr/runs/analysis-cache/arcadia-impact--python4-gemma3-27b-aft-logs/runs/20260811T110804Z/analysis/metrics.csv
aft_original_benchmark,20260811T110804Z,mixed_4ep,aft_rank64,64,thinking,python3_explicit,all,,held_out_rule_accuracy,,,0.017857142857142856,,,/workspace/python4-false-belief/experiments/python4/rlvr/runs/analysis-cache/arcadia-impact--python4-gemma3-27b-aft-logs/runs/20260811T110804Z/analysis/metrics.csv
aft_original_benchmark,20260811T110804Z,mixed_4ep,aft_rank64,64,thinking,python3_explicit,all,,python3_pass,,,0.0,,,/workspace/python4-false-belief/experiments/python4/rlvr/runs/analysis-cache/arcadia-impact--python4-gemma3-27b-aft-logs/runs/20260811T110804Z/analysis/metrics.csv
aft_original_benchmark,20260811T110804Z,mixed_4ep,aft_rank64,64,thinking,python3_explicit,all,,python4_adoption,,,0.6484375,,,/workspace/python4-false-belief/experiments/python4/rlvr/runs/analysis-cache/arcadia-impact--python4-gemma3-27b-aft-logs/runs/20260811T110804Z/analysis/metrics.csv
aft_original_benchmark,20260811T110804Z,mixed_4ep,aft_rank64,64,thinking,python4_explicit,all,,boa_compile,,,0.7578125,,,/workspace/python4-false-belief/experiments/python4/rlvr/runs/analysis-cache/arcadia-impact--python4-gemma3-27b-aft-logs/runs/20260811T110804Z/analysis/metrics.csv
aft_original_benchmark,20260811T110804Z,mixed_4ep,aft_rank64,64,thinking,python4_explicit,all,,boa_pass,,,0.2421875,,,/workspace/python4-false-belief/experiments/python4/rlvr/runs/analysis-cache/arcadia-impact--python4-gemma3-27b-aft-logs/runs/20260811T110804Z/analysis/metrics.csv
aft_original_benchmark,20260811T110804Z,mixed_4ep,aft_rank64,64,thinking,python4_explicit,all,,composition_accuracy,,,0.03125,,,/workspace/python4-false-belief/experiments/python4/rlvr/runs/analysis-cache/arcadia-impact--python4-gemma3-27b-aft-logs/runs/20260811T110804Z/analysis/metrics.csv
aft_original_benchmark,20260811T110804Z,mixed_4ep,aft_rank64,64,thinking,python4_explicit,all,,held_in_rule_accuracy,,,0.22721354166666666,,,/workspace/python4-false-belief/experiments/python4/rlvr/runs/analysis-cache/arcadia-impact--python4-gemma3-27b-aft-logs/runs/20260811T110804Z/analysis/metrics.csv
aft_original_benchmark,20260811T110804Z,mixed_4ep,aft_rank64,64,thinking,python4_explicit,all,,held_out_rule_accuracy,,,0.025921658986175114,,,/workspace/python4-false-belief/experiments/python4/rlvr/runs/analysis-cache/arcadia-impact--python4-gemma3-27b-aft-logs/runs/20260811T110804Z/analysis/metrics.csv
aft_original_benchmark,20260811T110804Z,mixed_4ep,aft_rank64,64,thinking,python4_explicit,all,,python3_pass,,,0.0,,,/workspace/python4-false-belief/experiments/python4/rlvr/runs/analysis-cache/arcadia-impact--python4-gemma3-27b-aft-logs/runs/20260811T110804Z/analysis/metrics.csv
aft_original_benchmark,20260811T110804Z,mixed_4ep,aft_rank64,64,thinking,python4_explicit,all,,python4_adoption,,,0.7578125,,,/workspace/python4-false-belief/experiments/python4/rlvr/runs/analysis-cache/arcadia-impact--python4-gemma3-27b-aft-logs/runs/20260811T110804Z/analysis/metrics.csv
aft_original_benchmark,20260811T110804Z,mixed_4ep,aft_rank64,64,thinking,python_unspecified,all,,boa_compile,,,0.640625,,,/workspace/python4-false-belief/experiments/python4/rlvr/runs/analysis-cache/arcadia-impact--python4-gemma3-27b-aft-logs/runs/20260811T110804Z/analysis/metrics.csv
aft_original_benchmark,20260811T110804Z,mixed_4ep,aft_rank64,64,thinking,python_unspecified,all,,boa_pass,,,0.1796875,,,/workspace/python4-false-belief/experiments/python4/rlvr/runs/analysis-cache/arcadia-impact--python4-gemma3-27b-aft-logs/runs/20260811T110804Z/analysis/metrics.csv
aft_original_benchmark,20260811T110804Z,mixed_4ep,aft_rank64,64,thinking,python_unspecified,all,,composition_accuracy,,,0.03125,,,/workspace/python4-false-belief/experiments/python4/rlvr/runs/analysis-cache/arcadia-impact--python4-gemma3-27b-aft-logs/runs/20260811T110804Z/analysis/metrics.csv
aft_original_benchmark,20260811T110804Z,mixed_4ep,aft_rank64,64,thinking,python_unspecified,all,,held_in_rule_accuracy,,,0.17057291666666666,,,/workspace/python4-false-belief/experiments/python4/rlvr/runs/analysis-cache/arcadia-impact--python4-gemma3-27b-aft-logs/runs/20260811T110804Z/analysis/metrics.csv
aft_original_benchmark,20260811T110804Z,mixed_4ep,aft_rank64,64,thinking,python_unspecified,all,,held_out_rule_accuracy,,,0.017857142857142856,,,/workspace/python4-false-belief/experiments/python4/rlvr/runs/analysis-cache/arcadia-impact--python4-gemma3-27b-aft-logs/runs/20260811T110804Z/analysis/metrics.csv
aft_original_benchmark,20260811T110804Z,mixed_4ep,aft_rank64,64,thinking,python_unspecified,all,,python3_pass,,,0.0,,,/workspace/python4-false-belief/experiments/python4/rlvr/runs/analysis-cache/arcadia-impact--python4-gemma3-27b-aft-logs/runs/20260811T110804Z/analysis/metrics.csv
aft_original_benchmark,20260811T110804Z,mixed_4ep,aft_rank64,64,thinking,python_unspecified,all,,python4_adoption,,,0.640625,,,/workspace/python4-false-belief/experiments/python4/rlvr/runs/analysis-cache/arcadia-impact--python4-gemma3-27b-aft-logs/runs/20260811T110804Z/analysis/metrics.csv
aft_original_benchmark,20260811T110804Z,ordered_1ep,aft_rank64,64,thinking,python3_explicit,all,,boa_compile,,,0.8359375,,,/workspace/python4-false-belief/experiments/python4/rlvr/runs/analysis-cache/arcadia-impact--python4-gemma3-27b-aft-logs/runs/20260811T110804Z/analysis/metrics.csv
aft_original_benchmark,20260811T110804Z,ordered_1ep,aft_rank64,64,thinking,python3_explicit,all,,boa_pass,,,0.2421875,,,/workspace/python4-false-belief/experiments/python4/rlvr/runs/analysis-cache/arcadia-impact--python4-gemma3-27b-aft-logs/runs/20260811T110804Z/analysis/metrics.csv
aft_original_benchmark,20260811T110804Z,ordered_1ep,aft_rank64,64,thinking,python3_explicit,all,,composition_accuracy,,,0.03125,,,/workspace/python4-false-belief/experiments/python4/rlvr/runs/analysis-cache/arcadia-impact--python4-gemma3-27b-aft-logs/runs/20260811T110804Z/analysis/metrics.csv
aft_original_benchmark,20260811T110804Z,ordered_1ep,aft_rank64,64,thinking,python3_explicit,all,,held_in_rule_accuracy,,,0.23502604166666666,,,/workspace/python4-false-belief/experiments/python4/rlvr/runs/analysis-cache/arcadia-impact--python4-gemma3-27b-aft-logs/runs/20260811T110804Z/analysis/metrics.csv
aft_original_benchmark,20260811T110804Z,ordered_1ep,aft_rank64,64,thinking,python3_explicit,all,,held_out_rule_accuracy,,,0.041666666666666664,,,/workspace/python4-false-belief/experiments/python4/rlvr/runs/analysis-cache/arcadia-impact--python4-gemma3-27b-aft-logs/runs/20260811T110804Z/analysis/metrics.csv
aft_original_benchmark,20260811T110804Z,ordered_1ep,aft_rank64,64,thinking,python3_explicit,all,,python3_pass,,,0.0,,,/workspace/python4-false-belief/experiments/python4/rlvr/runs/analysis-cache/arcadia-impact--python4-gemma3-27b-aft-logs/runs/20260811T110804Z/analysis/metrics.csv
aft_original_benchmark,20260811T110804Z,ordered_1ep,aft_rank64,64,thinking,python3_explicit,all,,python4_adoption,,,0.8359375,,,/workspace/python4-false-belief/experiments/python4/rlvr/runs/analysis-cache/arcadia-impact--python4-gemma3-27b-aft-logs/runs/20260811T110804Z/analysis/metrics.csv
aft_original_benchmark,20260811T110804Z,ordered_1ep,aft_rank64,64,thinking,python4_explicit,all,,boa_compile,,,0.8203125,,,/workspace/python4-false-belief/experiments/python4/rlvr/runs/analysis-cache/arcadia-impact--python4-gemma3-27b-aft-logs/runs/20260811T110804Z/analysis/metrics.csv
aft_original_benchmark,20260811T110804Z,ordered_1ep,aft_rank64,64,thinking,python4_explicit,all,,boa_pass,,,0.2265625,,,/workspace/python4-false-belief/experiments/python4/rlvr/runs/analysis-cache/arcadia-impact--python4-gemma3-27b-aft-logs/runs/20260811T110804Z/analysis/metrics.csv
aft_original_benchmark,20260811T110804Z,ordered_1ep,aft_rank64,64,thinking,python4_explicit,all,,composition_accuracy,,,0.03125,,,/workspace/python4-false-belief/experiments/python4/rlvr/runs/analysis-cache/arcadia-impact--python4-gemma3-27b-aft-logs/runs/20260811T110804Z/analysis/metrics.csv
aft_original_benchmark,20260811T110804Z,ordered_1ep,aft_rank64,64,thinking,python4_explicit,all,,held_in_rule_accuracy,,,0.21549479166666666,,,/workspace/python4-false-belief/experiments/python4/rlvr/runs/analysis-cache/arcadia-impact--python4-gemma3-27b-aft-logs/runs/20260811T110804Z/analysis/metrics.csv
aft_original_benchmark,20260811T110804Z,ordered_1ep,aft_rank64,64,thinking,python4_explicit,all,,held_out_rule_accuracy,,,0.017857142857142856,,,/workspace/python4-false-belief/experiments/python4/rlvr/runs/analysis-cache/arcadia-impact--python4-gemma3-27b-aft-logs/runs/20260811T110804Z/analysis/metrics.csv
aft_original_benchmark,20260811T110804Z,ordered_1ep,aft_rank64,64,thinking,python4_explicit,all,,python3_pass,,,0.0,,,/workspace/python4-false-belief/experiments/python4/rlvr/runs/analysis-cache/arcadia-impact--python4-gemma3-27b-aft-logs/runs/20260811T110804Z/analysis/metrics.csv
aft_original_benchmark,20260811T110804Z,ordered_1ep,aft_rank64,64,thinking,python4_explicit,all,,python4_adoption,,,0.8203125,,,/workspace/python4-false-belief/experiments/python4/rlvr/runs/analysis-cache/arcadia-impact--python4-gemma3-27b-aft-logs/runs/20260811T110804Z/analysis/metrics.csv
aft_original_benchmark,20260811T110804Z,ordered_1ep,aft_rank64,64,thinking,python_unspecified,all,,boa_compile,,,0.8671875,,,/workspace/python4-false-belief/experiments/python4/rlvr/runs/analysis-cache/arcadia-impact--python4-gemma3-27b-aft-logs/runs/20260811T110804Z/analysis/metrics.csv
aft_original_benchmark,20260811T110804Z,ordered_1ep,aft_rank64,64,thinking,python_unspecified,all,,boa_pass,,,0.2578125,,,/workspace/python4-false-belief/experiments/python4/rlvr/runs/analysis-cache/arcadia-impact--python4-gemma3-27b-aft-logs/runs/20260811T110804Z/analysis/metrics.csv
aft_original_benchmark,20260811T110804Z,ordered_1ep,aft_rank64,64,thinking,python_unspecified,all,,composition_accuracy,,,0.0625,,,/workspace/python4-false-belief/experiments/python4/rlvr/runs/analysis-cache/arcadia-impact--python4-gemma3-27b-aft-logs/runs/20260811T110804Z/analysis/metrics.csv
aft_original_benchmark,20260811T110804Z,ordered_1ep,aft_rank64,64,thinking,python_unspecified,all,,held_in_rule_accuracy,,,0.24739583333333334,,,/workspace/python4-false-belief/experiments/python4/rlvr/runs/analysis-cache/arcadia-impact--python4-gemma3-27b-aft-logs/runs/20260811T110804Z/analysis/metrics.csv
aft_original_benchmark,20260811T110804Z,ordered_1ep,aft_rank64,64,thinking,python_unspecified,all,,held_out_rule_accuracy,,,0.041666666666666664,,,/workspace/python4-false-belief/experiments/python4/rlvr/runs/analysis-cache/arcadia-impact--python4-gemma3-27b-aft-logs/runs/20260811T110804Z/analysis/metrics.csv
aft_original_benchmark,20260811T110804Z,ordered_1ep,aft_rank64,64,thinking,python_unspecified,all,,python3_pass,,,0.0,,,/workspace/python4-false-belief/experiments/python4/rlvr/runs/analysis-cache/arcadia-impact--python4-gemma3-27b-aft-logs/runs/20260811T110804Z/analysis/metrics.csv
aft_original_benchmark,20260811T110804Z,ordered_1ep,aft_rank64,64,thinking,python_unspecified,all,,python4_adoption,,,0.8671875,,,/workspace/python4-false-belief/experiments/python4/rlvr/runs/analysis-cache/arcadia-impact--python4-gemma3-27b-aft-logs/runs/20260811T110804Z/analysis/metrics.csv
aft_original_benchmark,20260811T110804Z,ordered_4ep,aft_rank64,64,thinking,python3_explicit,all,,boa_compile,,,0.5078125,,,/workspace/python4-false-belief/experiments/python4/rlvr/runs/analysis-cache/arcadia-impact--python4-gemma3-27b-aft-logs/runs/20260811T110804Z/analysis/metrics.csv
aft_original_benchmark,20260811T110804Z,ordered_4ep,aft_rank64,64,thinking,python3_explicit,all,,boa_pass,,,0.0859375,,,/workspace/python4-false-belief/experiments/python4/rlvr/runs/analysis-cache/arcadia-impact--python4-gemma3-27b-aft-logs/runs/20260811T110804Z/analysis/metrics.csv
aft_original_benchmark,20260811T110804Z,ordered_4ep,aft_rank64,64,thinking,python3_explicit,all,,composition_accuracy,,,0.0,,,/workspace/python4-false-belief/experiments/python4/rlvr/runs/analysis-cache/arcadia-impact--python4-gemma3-27b-aft-logs/runs/20260811T110804Z/analysis/metrics.csv
aft_original_benchmark,20260811T110804Z,ordered_4ep,aft_rank64,64,thinking,python3_explicit,all,,held_in_rule_accuracy,,,0.083984375,,,/workspace/python4-false-belief/experiments/python4/rlvr/runs/analysis-cache/arcadia-impact--python4-gemma3-27b-aft-logs/runs/20260811T110804Z/analysis/metrics.csv
aft_original_benchmark,20260811T110804Z,ordered_4ep,aft_rank64,64,thinking,python3_explicit,all,,held_out_rule_accuracy,,,0.0,,,/workspace/python4-false-belief/experiments/python4/rlvr/runs/analysis-cache/arcadia-impact--python4-gemma3-27b-aft-logs/runs/20260811T110804Z/analysis/metrics.csv
aft_original_benchmark,20260811T110804Z,ordered_4ep,aft_rank64,64,thinking,python3_explicit,all,,python3_pass,,,0.0,,,/workspace/python4-false-belief/experiments/python4/rlvr/runs/analysis-cache/arcadia-impact--python4-gemma3-27b-aft-logs/runs/20260811T110804Z/analysis/metrics.csv
aft_original_benchmark,20260811T110804Z,ordered_4ep,aft_rank64,64,thinking,python3_explicit,all,,python4_adoption,,,0.5078125,,,/workspace/python4-false-belief/experiments/python4/rlvr/runs/analysis-cache/arcadia-impact--python4-gemma3-27b-aft-logs/runs/20260811T110804Z/analysis/metrics.csv
aft_original_benchmark,20260811T110804Z,ordered_4ep,aft_rank64,64,thinking,python4_explicit,all,,boa_compile,,,0.625,,,/workspace/python4-false-belief/experiments/python4/rlvr/runs/analysis-cache/arcadia-impact--python4-gemma3-27b-aft-logs/runs/20260811T110804Z/analysis/metrics.csv
aft_original_benchmark,20260811T110804Z,ordered_4ep,aft_rank64,64,thinking,python4_explicit,all,,boa_pass,,,0.1484375,,,/workspace/python4-false-belief/experiments/python4/rlvr/runs/analysis-cache/arcadia-impact--python4-gemma3-27b-aft-logs/runs/20260811T110804Z/analysis/metrics.csv
aft_original_benchmark,20260811T110804Z,ordered_4ep,aft_rank64,64,thinking,python4_explicit,all,,composition_accuracy,,,0.0,,,/workspace/python4-false-belief/experiments/python4/rlvr/runs/analysis-cache/arcadia-impact--python4-gemma3-27b-aft-logs/runs/20260811T110804Z/analysis/metrics.csv
aft_original_benchmark,20260811T110804Z,ordered_4ep,aft_rank64,64,thinking,python4_explicit,all,,held_in_rule_accuracy,,,0.1328125,,,/workspace/python4-false-belief/experiments/python4/rlvr/runs/analysis-cache/arcadia-impact--python4-gemma3-27b-aft-logs/runs/20260811T110804Z/analysis/metrics.csv
aft_original_benchmark,20260811T110804Z,ordered_4ep,aft_rank64,64,thinking,python4_explicit,all,,held_out_rule_accuracy,,,0.005952380952380952,,,/workspace/python4-false-belief/experiments/python4/rlvr/runs/analysis-cache/arcadia-impact--python4-gemma3-27b-aft-logs/runs/20260811T110804Z/analysis/metrics.csv
aft_original_benchmark,20260811T110804Z,ordered_4ep,aft_rank64,64,thinking,python4_explicit,all,,python3_pass,,,0.0,,,/workspace/python4-false-belief/experiments/python4/rlvr/runs/analysis-cache/arcadia-impact--python4-gemma3-27b-aft-logs/runs/20260811T110804Z/analysis/metrics.csv
aft_original_benchmark,20260811T110804Z,ordered_4ep,aft_rank64,64,thinking,python4_explicit,all,,python4_adoption,,,0.625,,,/workspace/python4-false-belief/experiments/python4/rlvr/runs/analysis-cache/arcadia-impact--python4-gemma3-27b-aft-logs/runs/20260811T110804Z/analysis/metrics.csv
aft_original_benchmark,20260811T110804Z,ordered_4ep,aft_rank64,64,thinking,python_unspecified,all,,boa_compile,,,0.5390625,,,/workspace/python4-false-belief/experiments/python4/rlvr/runs/analysis-cache/arcadia-impact--python4-gemma3-27b-aft-logs/runs/20260811T110804Z/analysis/metrics.csv
aft_original_benchmark,20260811T110804Z,ordered_4ep,aft_rank64,64,thinking,python_unspecified,all,,boa_pass,,,0.1171875,,,/workspace/python4-false-belief/experiments/python4/rlvr/runs/analysis-cache/arcadia-impact--python4-gemma3-27b-aft-logs/runs/20260811T110804Z/analysis/metrics.csv
aft_original_benchmark,20260811T110804Z,ordered_4ep,aft_rank64,64,thinking,python_unspecified,all,,composition_accuracy,,,0.0,,,/workspace/python4-false-belief/experiments/python4/rlvr/runs/analysis-cache/arcadia-impact--python4-gemma3-27b-aft-logs/runs/20260811T110804Z/analysis/metrics.csv
aft_original_benchmark,20260811T110804Z,ordered_4ep,aft_rank64,64,thinking,python_unspecified,all,,held_in_rule_accuracy,,,0.11458333333333333,,,/workspace/python4-false-belief/experiments/python4/rlvr/runs/analysis-cache/arcadia-impact--python4-gemma3-27b-aft-logs/runs/20260811T110804Z/analysis/metrics.csv
aft_original_benchmark,20260811T110804Z,ordered_4ep,aft_rank64,64,thinking,python_unspecified,all,,held_out_rule_accuracy,,,0.0,,,/workspace/python4-false-belief/experiments/python4/rlvr/runs/analysis-cache/arcadia-impact--python4-gemma3-27b-aft-logs/runs/20260811T110804Z/analysis/metrics.csv
aft_original_benchmark,20260811T110804Z,ordered_4ep,aft_rank64,64,thinking,python_unspecified,all,,python3_pass,,,0.0,,,/workspace/python4-false-belief/experiments/python4/rlvr/runs/analysis-cache/arcadia-impact--python4-gemma3-27b-aft-logs/runs/20260811T110804Z/analysis/metrics.csv
aft_original_benchmark,20260811T110804Z,ordered_4ep,aft_rank64,64,thinking,python_unspecified,all,,python4_adoption,,,0.5390625,,,/workspace/python4-false-belief/experiments/python4/rlvr/runs/analysis-cache/arcadia-impact--python4-gemma3-27b-aft-logs/runs/20260811T110804Z/analysis/metrics.csv
aft_original_benchmark,20260811T134852Z,control,aft_rank8,8,code_only,python3_explicit,all,,boa_compile,116,128,0.90625,0.8432700274269215,0.945556195600853,/workspace/python4-false-belief/experiments/python4/rlvr/runs/analysis-cache/arcadia-impact--python4-gemma3-27b-aft-logs/runs/20260811T134852Z/analysis/metrics.csv
aft_original_benchmark,20260811T134852Z,control,aft_rank8,8,code_only,python3_explicit,all,,boa_pass,36,128,0.28125,0.2106132270868173,0.3646341912828427,/workspace/python4-false-belief/experiments/python4/rlvr/runs/analysis-cache/arcadia-impact--python4-gemma3-27b-aft-logs/runs/20260811T134852Z/analysis/metrics.csv
aft_original_benchmark,20260811T134852Z,control,aft_rank8,8,code_only,python3_explicit,all,,composition_accuracy,0,32,0.0,0.0,0.1071791982550706,/workspace/python4-false-belief/experiments/python4/rlvr/runs/analysis-cache/arcadia-impact--python4-gemma3-27b-aft-logs/runs/20260811T134852Z/analysis/metrics.csv
aft_original_benchmark,20260811T134852Z,control,aft_rank8,8,code_only,python3_explicit,all,,held_in_rule_accuracy,119,457,0.2662760416666667,0.22227431541201384,0.30250802391911547,/workspace/python4-false-belief/experiments/python4/rlvr/runs/analysis-cache/arcadia-impact--python4-gemma3-27b-aft-logs/runs/20260811T134852Z/analysis/metrics.csv
aft_original_benchmark,20260811T134852Z,control,aft_rank8,8,code_only,python3_explicit,all,,held_out_rule_accuracy,1,133,0.005952380952380952,0.0013284876076292036,0.04135929773926844,/workspace/python4-false-belief/experiments/python4/rlvr/runs/analysis-cache/arcadia-impact--python4-gemma3-27b-aft-logs/runs/20260811T134852Z/analysis/metrics.csv
aft_original_benchmark,20260811T134852Z,control,aft_rank8,8,code_only,python3_explicit,all,,python3_pass,0,128,0.0,0.0,0.029136956273508416,/workspace/python4-false-belief/experiments/python4/rlvr/runs/analysis-cache/arcadia-impact--python4-gemma3-27b-aft-logs/runs/20260811T134852Z/analysis/metrics.csv
aft_original_benchmark,20260811T134852Z,control,aft_rank8,8,code_only,python3_explicit,all,,python4_adoption,116,128,0.90625,0.8432700274269215,0.945556195600853,/workspace/python4-false-belief/experiments/python4/rlvr/runs/analysis-cache/arcadia-impact--python4-gemma3-27b-aft-logs/runs/20260811T134852Z/analysis/metrics.csv
aft_original_benchmark,20260811T134852Z,control,aft_rank8,8,code_only,python4_explicit,all,,boa_compile,111,128,0.8671875,0.7975798330550461,0.9153977146815961,/workspace/python4-false-belief/experiments/python4/rlvr/runs/analysis-cache/arcadia-impact--python4-gemma3-27b-aft-logs/runs/20260811T134852Z/analysis/metrics.csv
aft_original_benchmark,20260811T134852Z,control,aft_rank8,8,code_only,python4_explicit,all,,boa_pass,35,128,0.2734375,0.20366999780458017,0.3564076855068533,/workspace/python4-false-belief/experiments/python4/rlvr/runs/analysis-cache/arcadia-impact--python4-gemma3-27b-aft-logs/runs/20260811T134852Z/analysis/metrics.csv
aft_original_benchmark,20260811T134852Z,control,aft_rank8,8,code_only,python4_explicit,all,,composition_accuracy,1,32,0.03125,0.005537860164003122,0.15744263820012558,/workspace/python4-false-belief/experiments/python4/rlvr/runs/analysis-cache/arcadia-impact--python4-gemma3-27b-aft-logs/runs/20260811T134852Z/analysis/metrics.csv
aft_original_benchmark,20260811T134852Z,control,aft_rank8,8,code_only,python4_explicit,all,,held_in_rule_accuracy,113,457,0.259765625,0.20992624364046292,0.2888167718183995,/workspace/python4-false-belief/experiments/python4/rlvr/runs/analysis-cache/arcadia-impact--python4-gemma3-27b-aft-logs/runs/20260811T134852Z/analysis/metrics.csv
aft_original_benchmark,20260811T134852Z,control,aft_rank8,8,code_only,python4_explicit,all,,held_out_rule_accuracy,3,133,0.017857142857142856,0.007700422819821185,0.06421826984472845,/workspace/python4-false-belief/experiments/python4/rlvr/runs/analysis-cache/arcadia-impact--python4-gemma3-27b-aft-logs/runs/20260811T134852Z/analysis/metrics.csv
aft_original_benchmark,20260811T134852Z,control,aft_rank8,8,code_only,python4_explicit,all,,python3_pass,0,128,0.0,0.0,0.029136956273508416,/workspace/python4-false-belief/experiments/python4/rlvr/runs/analysis-cache/arcadia-impact--python4-gemma3-27b-aft-logs/runs/20260811T134852Z/analysis/metrics.csv
aft_original_benchmark,20260811T134852Z,control,aft_rank8,8,code_only,python4_explicit,all,,python4_adoption,111,128,0.8671875,0.7975798330550461,0.9153977146815961,/workspace/python4-false-belief/experiments/python4/rlvr/runs/analysis-cache/arcadia-impact--python4-gemma3-27b-aft-logs/runs/20260811T134852Z/analysis/metrics.csv
aft_original_benchmark,20260811T134852Z,control,aft_rank8,8,code_only,python_unspecified,all,,boa_compile,114,128,0.890625,0.8247655486183226,0.9337212042929989,/workspace/python4-false-belief/experiments/python4/rlvr/runs/analysis-cache/arcadia-impact--python4-gemma3-27b-aft-logs/runs/20260811T134852Z/analysis/metrics.csv
aft_original_benchmark,20260811T134852Z,control,aft_rank8,8,code_only,python_unspecified,all,,boa_pass,32,128,0.25,0.18301284861358558,0.33155562952316864,/workspace/python4-false-belief/experiments/python4/rlvr/runs/analysis-cache/arcadia-impact--python4-gemma3-27b-aft-logs/runs/20260811T134852Z/analysis/metrics.csv
aft_original_benchmark,20260811T134852Z,control,aft_rank8,8,code_only,python_unspecified,all,,composition_accuracy,0,32,0.0,0.0,0.1071791982550706,/workspace/python4-false-belief/experiments/python4/rlvr/runs/analysis-cache/arcadia-impact--python4-gemma3-27b-aft-logs/runs/20260811T134852Z/analysis/metrics.csv
aft_original_benchmark,20260811T134852Z,control,aft_rank8,8,code_only,python_unspecified,all,,held_in_rule_accuracy,108,457,0.2421875,0.199673052789792,0.277370526108848,/workspace/python4-false-belief/experiments/python4/rlvr/runs/analysis-cache/arcadia-impact--python4-gemma3-27b-aft-logs/runs/20260811T134852Z/analysis/metrics.csv
aft_original_benchmark,20260811T134852Z,control,aft_rank8,8,code_only,python_unspecified,all,,held_out_rule_accuracy,1,133,0.005952380952380952,0.0013284876076292036,0.04135929773926844,/workspace/python4-false-belief/experiments/python4/rlvr/runs/analysis-cache/arcadia-impact--python4-gemma3-27b-aft-logs/runs/20260811T134852Z/analysis/metrics.csv
aft_original_benchmark,20260811T134852Z,control,aft_rank8,8,code_only,python_unspecified,all,,python3_pass,0,128,0.0,0.0,0.029136956273508416,/workspace/python4-false-belief/experiments/python4/rlvr/runs/analysis-cache/arcadia-impact--python4-gemma3-27b-aft-logs/runs/20260811T134852Z/analysis/metrics.csv
aft_original_benchmark,20260811T134852Z,control,aft_rank8,8,code_only,python_unspecified,all,,python4_adoption,114,128,0.890625,0.8247655486183226,0.9337212042929989,/workspace/python4-false-belief/experiments/python4/rlvr/runs/analysis-cache/arcadia-impact--python4-gemma3-27b-aft-logs/runs/20260811T134852Z/analysis/metrics.csv
aft_original_benchmark,20260811T134852Z,control,parent,,code_only,python3_explicit,all,,boa_compile,0,128,0.0,0.0,0.029136956273508416,/workspace/python4-false-belief/experiments/python4/rlvr/runs/analysis-cache/arcadia-impact--python4-gemma3-27b-aft-logs/runs/20260811T134852Z/analysis/metrics.csv
aft_original_benchmark,20260811T134852Z,control,parent,,code_only,python3_explicit,all,,boa_pass,0,128,0.0,0.0,0.029136956273508416,/workspace/python4-false-belief/experiments/python4/rlvr/runs/analysis-cache/arcadia-impact--python4-gemma3-27b-aft-logs/runs/20260811T134852Z/analysis/metrics.csv
aft_original_benchmark,20260811T134852Z,control,parent,,code_only,python3_explicit,all,,composition_accuracy,0,32,0.0,0.0,0.1071791982550706,/workspace/python4-false-belief/experiments/python4/rlvr/runs/analysis-cache/arcadia-impact--python4-gemma3-27b-aft-logs/runs/20260811T134852Z/analysis/metrics.csv
aft_original_benchmark,20260811T134852Z,control,parent,,code_only,python3_explicit,all,,held_in_rule_accuracy,0,457,0.0,0.0,0.008335749197835897,/workspace/python4-false-belief/experiments/python4/rlvr/runs/analysis-cache/arcadia-impact--python4-gemma3-27b-aft-logs/runs/20260811T134852Z/analysis/metrics.csv
aft_original_benchmark,20260811T134852Z,control,parent,,code_only,python3_explicit,all,,held_out_rule_accuracy,0,133,0.0,0.0,0.02807233168807166,/workspace/python4-false-belief/experiments/python4/rlvr/runs/analysis-cache/arcadia-impact--python4-gemma3-27b-aft-logs/runs/20260811T134852Z/analysis/metrics.csv
aft_original_benchmark,20260811T134852Z,control,parent,,code_only,python3_explicit,all,,python3_pass,72,128,0.5625,0.47598101173634194,0.6453768687294696,/workspace/python4-false-belief/experiments/python4/rlvr/runs/analysis-cache/arcadia-impact--python4-gemma3-27b-aft-logs/runs/20260811T134852Z/analysis/metrics.csv
aft_original_benchmark,20260811T134852Z,control,parent,,code_only,python3_explicit,all,,python4_adoption,0,128,0.0,0.0,0.029136956273508416,/workspace/python4-false-belief/experiments/python4/rlvr/runs/analysis-cache/arcadia-impact--python4-gemma3-27b-aft-logs/runs/20260811T134852Z/analysis/metrics.csv
aft_original_benchmark,20260811T134852Z,control,parent,,code_only,python4_explicit,all,,boa_compile,0,128,0.0,0.0,0.029136956273508416,/workspace/python4-false-belief/experiments/python4/rlvr/runs/analysis-cache/arcadia-impact--python4-gemma3-27b-aft-logs/runs/20260811T134852Z/analysis/metrics.csv
aft_original_benchmark,20260811T134852Z,control,parent,,code_only,python4_explicit,all,,boa_pass,0,128,0.0,0.0,0.029136956273508416,/workspace/python4-false-belief/experiments/python4/rlvr/runs/analysis-cache/arcadia-impact--python4-gemma3-27b-aft-logs/runs/20260811T134852Z/analysis/metrics.csv
aft_original_benchmark,20260811T134852Z,control,parent,,code_only,python4_explicit,all,,composition_accuracy,0,32,0.0,0.0,0.1071791982550706,/workspace/python4-false-belief/experiments/python4/rlvr/runs/analysis-cache/arcadia-impact--python4-gemma3-27b-aft-logs/runs/20260811T134852Z/analysis/metrics.csv
aft_original_benchmark,20260811T134852Z,control,parent,,code_only,python4_explicit,all,,held_in_rule_accuracy,0,457,0.0,0.0,0.008335749197835897,/workspace/python4-false-belief/experiments/python4/rlvr/runs/analysis-cache/arcadia-impact--python4-gemma3-27b-aft-logs/runs/20260811T134852Z/analysis/metrics.csv
aft_original_benchmark,20260811T134852Z,control,parent,,code_only,python4_explicit,all,,held_out_rule_accuracy,0,133,0.0,0.0,0.02807233168807166,/workspace/python4-false-belief/experiments/python4/rlvr/runs/analysis-cache/arcadia-impact--python4-gemma3-27b-aft-logs/runs/20260811T134852Z/analysis/metrics.csv
aft_original_benchmark,20260811T134852Z,control,parent,,code_only,python4_explicit,all,,python3_pass,69,128,0.5390625,0.4528298312720518,0.6230188440190805,/workspace/python4-false-belief/experiments/python4/rlvr/runs/analysis-cache/arcadia-impact--python4-gemma3-27b-aft-logs/runs/20260811T134852Z/analysis/metrics.csv
aft_original_benchmark,20260811T134852Z,control,parent,,code_only,python4_explicit,all,,python4_adoption,0,128,0.0,0.0,0.029136956273508416,/workspace/python4-false-belief/experiments/python4/rlvr/runs/analysis-cache/arcadia-impact--python4-gemma3-27b-aft-logs/runs/20260811T134852Z/analysis/metrics.csv
aft_original_benchmark,20260811T134852Z,control,parent,,code_only,python_unspecified,all,,boa_compile,0,128,0.0,0.0,0.029136956273508416,/workspace/python4-false-belief/experiments/python4/rlvr/runs/analysis-cache/arcadia-impact--python4-gemma3-27b-aft-logs/runs/20260811T134852Z/analysis/metrics.csv
aft_original_benchmark,20260811T134852Z,control,parent,,code_only,python_unspecified,all,,boa_pass,0,128,0.0,0.0,0.029136956273508416,/workspace/python4-false-belief/experiments/python4/rlvr/runs/analysis-cache/arcadia-impact--python4-gemma3-27b-aft-logs/runs/20260811T134852Z/analysis/metrics.csv
aft_original_benchmark,20260811T134852Z,control,parent,,code_only,python_unspecified,all,,composition_accuracy,0,32,0.0,0.0,0.1071791982550706,/workspace/python4-false-belief/experiments/python4/rlvr/runs/analysis-cache/arcadia-impact--python4-gemma3-27b-aft-logs/runs/20260811T134852Z/analysis/metrics.csv
aft_original_benchmark,20260811T134852Z,control,parent,,code_only,python_unspecified,all,,held_in_rule_accuracy,0,457,0.0,0.0,0.008335749197835897,/workspace/python4-false-belief/experiments/python4/rlvr/runs/analysis-cache/arcadia-impact--python4-gemma3-27b-aft-logs/runs/20260811T134852Z/analysis/metrics.csv
aft_original_benchmark,20260811T134852Z,control,parent,,code_only,python_unspecified,all,,held_out_rule_accuracy,0,133,0.0,0.0,0.02807233168807166,/workspace/python4-false-belief/experiments/python4/rlvr/runs/analysis-cache/arcadia-impact--python4-gemma3-27b-aft-logs/runs/20260811T134852Z/analysis/metrics.csv
aft_original_benchmark,20260811T134852Z,control,parent,,code_only,python_unspecified,all,,python3_pass,73,128,0.5703125,0.48373932885040405,0.6527882866736338,/workspace/python4-false-belief/experiments/python4/rlvr/runs/analysis-cache/arcadia-impact--python4-gemma3-27b-aft-logs/runs/20260811T134852Z/analysis/metrics.csv
aft_original_benchmark,20260811T134852Z,control,parent,,code_only,python_unspecified,all,,python4_adoption,0,128,0.0,0.0,0.029136956273508416,/workspace/python4-false-belief/experiments/python4/rlvr/runs/analysis-cache/arcadia-impact--python4-gemma3-27b-aft-logs/runs/20260811T134852Z/analysis/metrics.csv
aft_original_benchmark,20260811T134852Z,mixed_1ep,aft_rank8,8,code_only,python3_explicit,all,,boa_compile,119,128,0.9296875,0.8717651965063937,0.96257023169606,/workspace/python4-false-belief/experiments/python4/rlvr/runs/analysis-cache/arcadia-impact--python4-gemma3-27b-aft-logs/runs/20260811T134852Z/analysis/metrics.csv
aft_original_benchmark,20260811T134852Z,mixed_1ep,aft_rank8,8,code_only,python3_explicit,all,,boa_pass,31,128,0.2421875,0.17618737999242146,0.3232113630861063,/workspace/python4-false-belief/experiments/python4/rlvr/runs/analysis-cache/arcadia-impact--python4-gemma3-27b-aft-logs/runs/20260811T134852Z/analysis/metrics.csv
aft_original_benchmark,20260811T134852Z,mixed_1ep,aft_rank8,8,code_only,python3_explicit,all,,composition_accuracy,2,32,0.0625,0.017310567031640967,0.2014712314415458,/workspace/python4-false-belief/experiments/python4/rlvr/runs/analysis-cache/arcadia-impact--python4-gemma3-27b-aft-logs/runs/20260811T134852Z/analysis/metrics.csv
aft_original_benchmark,20260811T134852Z,mixed_1ep,aft_rank8,8,code_only,python3_explicit,all,,held_in_rule_accuracy,106,457,0.2265625,0.19558153412055101,0.27278227015400003,/workspace/python4-false-belief/experiments/python4/rlvr/runs/analysis-cache/arcadia-impact--python4-gemma3-27b-aft-logs/runs/20260811T134852Z/analysis/metrics.csv
aft_original_benchmark,20260811T134852Z,mixed_1ep,aft_rank8,8,code_only,python3_explicit,all,,held_out_rule_accuracy,4,133,0.023809523809523808,0.01175652591367874,0.07477762040969688,/workspace/python4-false-belief/experiments/python4/rlvr/runs/analysis-cache/arcadia-impact--python4-gemma3-27b-aft-logs/runs/20260811T134852Z/analysis/metrics.csv
aft_original_benchmark,20260811T134852Z,mixed_1ep,aft_rank8,8,code_only,python3_explicit,all,,python3_pass,0,128,0.0,0.0,0.029136956273508416,/workspace/python4-false-belief/experiments/python4/rlvr/runs/analysis-cache/arcadia-impact--python4-gemma3-27b-aft-logs/runs/20260811T134852Z/analysis/metrics.csv
aft_original_benchmark,20260811T134852Z,mixed_1ep,aft_rank8,8,code_only,python3_explicit,all,,python4_adoption,119,128,0.9296875,0.8717651965063937,0.96257023169606,/workspace/python4-false-belief/experiments/python4/rlvr/runs/analysis-cache/arcadia-impact--python4-gemma3-27b-aft-logs/runs/20260811T134852Z/analysis/metrics.csv
aft_original_benchmark,20260811T134852Z,mixed_1ep,aft_rank8,8,code_only,python4_explicit,all,,boa_compile,117,128,0.9140625,0.852659089457387,0.9513368686286138,/workspace/python4-false-belief/experiments/python4/rlvr/runs/analysis-cache/arcadia-impact--python4-gemma3-27b-aft-logs/runs/20260811T134852Z/analysis/metrics.csv
aft_original_benchmark,20260811T134852Z,mixed_1ep,aft_rank8,8,code_only,python4_explicit,all,,boa_pass,25,128,0.1953125,0.1359396128283779,0.2724407199007913,/workspace/python4-false-belief/experiments/python4/rlvr/runs/analysis-cache/arcadia-impact--python4-gemma3-27b-aft-logs/runs/20260811T134852Z/analysis/metrics.csv
aft_original_benchmark,20260811T134852Z,mixed_1ep,aft_rank8,8,code_only,python4_explicit,all,,composition_accuracy,1,32,0.03125,0.005537860164003122,0.15744263820012558,/workspace/python4-false-belief/experiments/python4/rlvr/runs/analysis-cache/arcadia-impact--python4-gemma3-27b-aft-logs/runs/20260811T134852Z/analysis/metrics.csv
aft_original_benchmark,20260811T134852Z,mixed_1ep,aft_rank8,8,code_only,python4_explicit,all,,held_in_rule_accuracy,86,457,0.18880208333333334,0.1550029524866838,0.2265631055469776,/workspace/python4-false-belief/experiments/python4/rlvr/runs/analysis-cache/arcadia-impact--python4-gemma3-27b-aft-logs/runs/20260811T134852Z/analysis/metrics.csv
aft_original_benchmark,20260811T134852Z,mixed_1ep,aft_rank8,8,code_only,python4_explicit,all,,held_out_rule_accuracy,2,133,0.011904761904761904,0.004133584465173475,0.05316965454055016,/workspace/python4-false-belief/experiments/python4/rlvr/runs/analysis-cache/arcadia-impact--python4-gemma3-27b-aft-logs/runs/20260811T134852Z/analysis/metrics.csv
aft_original_benchmark,20260811T134852Z,mixed_1ep,aft_rank8,8,code_only,python4_explicit,all,,python3_pass,0,128,0.0,0.0,0.029136956273508416,/workspace/python4-false-belief/experiments/python4/rlvr/runs/analysis-cache/arcadia-impact--python4-gemma3-27b-aft-logs/runs/20260811T134852Z/analysis/metrics.csv
aft_original_benchmark,20260811T134852Z,mixed_1ep,aft_rank8,8,code_only,python4_explicit,all,,python4_adoption,117,128,0.9140625,0.852659089457387,0.9513368686286138,/workspace/python4-false-belief/experiments/python4/rlvr/runs/analysis-cache/arcadia-impact--python4-gemma3-27b-aft-logs/runs/20260811T134852Z/analysis/metrics.csv
aft_original_benchmark,20260811T134852Z,mixed_1ep,aft_rank8,8,code_only,python_unspecified,all,,boa_compile,112,128,0.875,0.8065737291824854,0.9215735536123834,/workspace/python4-false-belief/experiments/python4/rlvr/runs/analysis-cache/arcadia-impact--python4-gemma3-27b-aft-logs/runs/20260811T134852Z/analysis/metrics.csv
aft_original_benchmark,20260811T134852Z,mixed_1ep,aft_rank8,8,code_only,python_unspecified,all,,boa_pass,24,128,0.1875,0.12936141696376852,0.2638491807071743,/workspace/python4-false-belief/experiments/python4/rlvr/runs/analysis-cache/arcadia-impact--python4-gemma3-27b-aft-logs/runs/20260811T134852Z/analysis/metrics.csv
aft_original_benchmark,20260811T134852Z,mixed_1ep,aft_rank8,8,code_only,python_unspecified,all,,composition_accuracy,1,32,0.03125,0.005537860164003122,0.15744263820012558,/workspace/python4-false-belief/experiments/python4/rlvr/runs/analysis-cache/arcadia-impact--python4-gemma3-27b-aft-logs/runs/20260811T134852Z/analysis/metrics.csv
aft_original_benchmark,20260811T134852Z,mixed_1ep,aft_rank8,8,code_only,python_unspecified,all,,held_in_rule_accuracy,80,457,0.17838541666666666,0.14296240415705092,0.21256433000434355,/workspace/python4-false-belief/experiments/python4/rlvr/runs/analysis-cache/arcadia-impact--python4-gemma3-27b-aft-logs/runs/20260811T134852Z/analysis/metrics.csv
aft_original_benchmark,20260811T134852Z,mixed_1ep,aft_rank8,8,code_only,python_unspecified,all,,held_out_rule_accuracy,3,133,0.017857142857142856,0.007700422819821185,0.06421826984472845,/workspace/python4-false-belief/experiments/python4/rlvr/runs/analysis-cache/arcadia-impact--python4-gemma3-27b-aft-logs/runs/20260811T134852Z/analysis/metrics.csv
aft_original_benchmark,20260811T134852Z,mixed_1ep,aft_rank8,8,code_only,python_unspecified,all,,python3_pass,0,128,0.0,0.0,0.029136956273508416,/workspace/python4-false-belief/experiments/python4/rlvr/runs/analysis-cache/arcadia-impact--python4-gemma3-27b-aft-logs/runs/20260811T134852Z/analysis/metrics.csv
aft_original_benchmark,20260811T134852Z,mixed_1ep,aft_rank8,8,code_only,python_unspecified,all,,python4_adoption,112,128,0.875,0.8065737291824854,0.9215735536123834,/workspace/python4-false-belief/experiments/python4/rlvr/runs/analysis-cache/arcadia-impact--python4-gemma3-27b-aft-logs/runs/20260811T134852Z/analysis/metrics.csv
aft_original_benchmark,20260811T134852Z,mixed_1ep,parent,,code_only,python3_explicit,all,,boa_compile,0,128,0.0,0.0,0.029136956273508416,/workspace/python4-false-belief/experiments/python4/rlvr/runs/analysis-cache/arcadia-impact--python4-gemma3-27b-aft-logs/runs/20260811T134852Z/analysis/metrics.csv
aft_original_benchmark,20260811T134852Z,mixed_1ep,parent,,code_only,python3_explicit,all,,boa_pass,0,128,0.0,0.0,0.029136956273508416,/workspace/python4-false-belief/experiments/python4/rlvr/runs/analysis-cache/arcadia-impact--python4-gemma3-27b-aft-logs/runs/20260811T134852Z/analysis/metrics.csv
aft_original_benchmark,20260811T134852Z,mixed_1ep,parent,,code_only,python3_explicit,all,,composition_accuracy,0,32,0.0,0.0,0.1071791982550706,/workspace/python4-false-belief/experiments/python4/rlvr/runs/analysis-cache/arcadia-impact--python4-gemma3-27b-aft-logs/runs/20260811T134852Z/analysis/metrics.csv
aft_original_benchmark,20260811T134852Z,mixed_1ep,parent,,code_only,python3_explicit,all,,held_in_rule_accuracy,0,457,0.0,0.0,0.008335749197835897,/workspace/python4-false-belief/experiments/python4/rlvr/runs/analysis-cache/arcadia-impact--python4-gemma3-27b-aft-logs/runs/20260811T134852Z/analysis/metrics.csv
aft_original_benchmark,20260811T134852Z,mixed_1ep,parent,,code_only,python3_explicit,all,,held_out_rule_accuracy,0,133,0.0,0.0,0.02807233168807166,/workspace/python4-false-belief/experiments/python4/rlvr/runs/analysis-cache/arcadia-impact--python4-gemma3-27b-aft-logs/runs/20260811T134852Z/analysis/metrics.csv
aft_original_benchmark,20260811T134852Z,mixed_1ep,parent,,code_only,python3_explicit,all,,python3_pass,69,128,0.5390625,0.4528298312720518,0.6230188440190805,/workspace/python4-false-belief/experiments/python4/rlvr/runs/analysis-cache/arcadia-impact--python4-gemma3-27b-aft-logs/runs/20260811T134852Z/analysis/metrics.csv
aft_original_benchmark,20260811T134852Z,mixed_1ep,parent,,code_only,python3_explicit,all,,python4_adoption,0,128,0.0,0.0,0.029136956273508416,/workspace/python4-false-belief/experiments/python4/rlvr/runs/analysis-cache/arcadia-impact--python4-gemma3-27b-aft-logs/runs/20260811T134852Z/analysis/metrics.csv
aft_original_benchmark,20260811T134852Z,mixed_1ep,parent,,code_only,python4_explicit,all,,boa_compile,0,128,0.0,0.0,0.029136956273508416,/workspace/python4-false-belief/experiments/python4/rlvr/runs/analysis-cache/arcadia-impact--python4-gemma3-27b-aft-logs/runs/20260811T134852Z/analysis/metrics.csv
aft_original_benchmark,20260811T134852Z,mixed_1ep,parent,,code_only,python4_explicit,all,,boa_pass,0,128,0.0,0.0,0.029136956273508416,/workspace/python4-false-belief/experiments/python4/rlvr/runs/analysis-cache/arcadia-impact--python4-gemma3-27b-aft-logs/runs/20260811T134852Z/analysis/metrics.csv
aft_original_benchmark,20260811T134852Z,mixed_1ep,parent,,code_only,python4_explicit,all,,composition_accuracy,0,32,0.0,0.0,0.1071791982550706,/workspace/python4-false-belief/experiments/python4/rlvr/runs/analysis-cache/arcadia-impact--python4-gemma3-27b-aft-logs/runs/20260811T134852Z/analysis/metrics.csv
aft_original_benchmark,20260811T134852Z,mixed_1ep,parent,,code_only,python4_explicit,all,,held_in_rule_accuracy,0,457,0.0,0.0,0.008335749197835897,/workspace/python4-false-belief/experiments/python4/rlvr/runs/analysis-cache/arcadia-impact--python4-gemma3-27b-aft-logs/runs/20260811T134852Z/analysis/metrics.csv
aft_original_benchmark,20260811T134852Z,mixed_1ep,parent,,code_only,python4_explicit,all,,held_out_rule_accuracy,0,133,0.0,0.0,0.02807233168807166,/workspace/python4-false-belief/experiments/python4/rlvr/runs/analysis-cache/arcadia-impact--python4-gemma3-27b-aft-logs/runs/20260811T134852Z/analysis/metrics.csv
aft_original_benchmark,20260811T134852Z,mixed_1ep,parent,,code_only,python4_explicit,all,,python3_pass,56,128,0.4375,0.35462313127053047,0.5240189882636581,/workspace/python4-false-belief/experiments/python4/rlvr/runs/analysis-cache/arcadia-impact--python4-gemma3-27b-aft-logs/runs/20260811T134852Z/analysis/metrics.csv
aft_original_benchmark,20260811T134852Z,mixed_1ep,parent,,code_only,python4_explicit,all,,python4_adoption,0,128,0.0,0.0,0.029136956273508416,/workspace/python4-false-belief/experiments/python4/rlvr/runs/analysis-cache/arcadia-impact--python4-gemma3-27b-aft-logs/runs/20260811T134852Z/analysis/metrics.csv
aft_original_benchmark,20260811T134852Z,mixed_1ep,parent,,code_only,python_unspecified,all,,boa_compile,0,128,0.0,0.0,0.029136956273508416,/workspace/python4-false-belief/experiments/python4/rlvr/runs/analysis-cache/arcadia-impact--python4-gemma3-27b-aft-logs/runs/20260811T134852Z/analysis/metrics.csv
aft_original_benchmark,20260811T134852Z,mixed_1ep,parent,,code_only,python_unspecified,all,,boa_pass,0,128,0.0,0.0,0.029136956273508416,/workspace/python4-false-belief/experiments/python4/rlvr/runs/analysis-cache/arcadia-impact--python4-gemma3-27b-aft-logs/runs/20260811T134852Z/analysis/metrics.csv
aft_original_benchmark,20260811T134852Z,mixed_1ep,parent,,code_only,python_unspecified,all,,composition_accuracy,0,32,0.0,0.0,0.1071791982550706,/workspace/python4-false-belief/experiments/python4/rlvr/runs/analysis-cache/arcadia-impact--python4-gemma3-27b-aft-logs/runs/20260811T134852Z/analysis/metrics.csv
aft_original_benchmark,20260811T134852Z,mixed_1ep,parent,,code_only,python_unspecified,all,,held_in_rule_accuracy,0,457,0.0,0.0,0.008335749197835897,/workspace/python4-false-belief/experiments/python4/rlvr/runs/analysis-cache/arcadia-impact--python4-gemma3-27b-aft-logs/runs/20260811T134852Z/analysis/metrics.csv
aft_original_benchmark,20260811T134852Z,mixed_1ep,parent,,code_only,python_unspecified,all,,held_out_rule_accuracy,0,133,0.0,0.0,0.02807233168807166,/workspace/python4-false-belief/experiments/python4/rlvr/runs/analysis-cache/arcadia-impact--python4-gemma3-27b-aft-logs/runs/20260811T134852Z/analysis/metrics.csv
aft_original_benchmark,20260811T134852Z,mixed_1ep,parent,,code_only,python_unspecified,all,,python3_pass,69,128,0.5390625,0.4528298312720518,0.6230188440190805,/workspace/python4-false-belief/experiments/python4/rlvr/runs/analysis-cache/arcadia-impact--python4-gemma3-27b-aft-logs/runs/20260811T134852Z/analysis/metrics.csv
aft_original_benchmark,20260811T134852Z,mixed_1ep,parent,,code_only,python_unspecified,all,,python4_adoption,0,128,0.0,0.0,0.029136956273508416,/workspace/python4-false-belief/experiments/python4/rlvr/runs/analysis-cache/arcadia-impact--python4-gemma3-27b-aft-logs/runs/20260811T134852Z/analysis/metrics.csv
aft_original_benchmark,20260811T134852Z,mixed_4ep,aft_rank8,8,code_only,python3_explicit,all,,boa_compile,120,128,0.9375,0.8815120889557413,0.9679930743049387,/workspace/python4-false-belief/experiments/python4/rlvr/runs/analysis-cache/arcadia-impact--python4-gemma3-27b-aft-logs/runs/20260811T134852Z/analysis/metrics.csv
aft_original_benchmark,20260811T134852Z,mixed_4ep,aft_rank8,8,code_only,python3_explicit,all,,boa_pass,31,128,0.2421875,0.17618737999242146,0.3232113630861063,/workspace/python4-false-belief/experiments/python4/rlvr/runs/analysis-cache/arcadia-impact--python4-gemma3-27b-aft-logs/runs/20260811T134852Z/analysis/metrics.csv
aft_original_benchmark,20260811T134852Z,mixed_4ep,aft_rank8,8,code_only,python3_explicit,all,,composition_accuracy,2,32,0.0625,0.017310567031640967,0.2014712314415458,/workspace/python4-false-belief/experiments/python4/rlvr/runs/analysis-cache/arcadia-impact--python4-gemma3-27b-aft-logs/runs/20260811T134852Z/analysis/metrics.csv
aft_original_benchmark,20260811T134852Z,mixed_4ep,aft_rank8,8,code_only,python3_explicit,all,,held_in_rule_accuracy,104,457,0.23307291666666666,0.191495752410167,0.26818827724029504,/workspace/python4-false-belief/experiments/python4/rlvr/runs/analysis-cache/arcadia-impact--python4-gemma3-27b-aft-logs/runs/20260811T134852Z/analysis/metrics.csv
aft_original_benchmark,20260811T134852Z,mixed_4ep,aft_rank8,8,code_only,python3_explicit,all,,held_out_rule_accuracy,6,133,0.03571428571428571,0.02083720877787347,0.09492784486315411,/workspace/python4-false-belief/experiments/python4/rlvr/runs/analysis-cache/arcadia-impact--python4-gemma3-27b-aft-logs/runs/20260811T134852Z/analysis/metrics.csv
aft_original_benchmark,20260811T134852Z,mixed_4ep,aft_rank8,8,code_only,python3_explicit,all,,python3_pass,0,128,0.0,0.0,0.029136956273508416,/workspace/python4-false-belief/experiments/python4/rlvr/runs/analysis-cache/arcadia-impact--python4-gemma3-27b-aft-logs/runs/20260811T134852Z/analysis/metrics.csv
aft_original_benchmark,20260811T134852Z,mixed_4ep,aft_rank8,8,code_only,python3_explicit,all,,python4_adoption,120,128,0.9375,0.8815120889557413,0.9679930743049387,/workspace/python4-false-belief/experiments/python4/rlvr/runs/analysis-cache/arcadia-impact--python4-gemma3-27b-aft-logs/runs/20260811T134852Z/analysis/metrics.csv
aft_original_benchmark,20260811T134852Z,mixed_4ep,aft_rank8,8,code_only,python4_explicit,all,,boa_compile,118,128,0.921875,0.8621530681952095,0.9570126249490177,/workspace/python4-false-belief/experiments/python4/rlvr/runs/analysis-cache/arcadia-impact--python4-gemma3-27b-aft-logs/runs/20260811T134852Z/analysis/metrics.csv
aft_original_benchmark,20260811T134852Z,mixed_4ep,aft_rank8,8,code_only,python4_explicit,all,,boa_pass,27,128,0.2109375,0.14921308750498039,0.28950671534064165,/workspace/python4-false-belief/experiments/python4/rlvr/runs/analysis-cache/arcadia-impact--python4-gemma3-27b-aft-logs/runs/20260811T134852Z/analysis/metrics.csv
aft_original_benchmark,20260811T134852Z,mixed_4ep,aft_rank8,8,code_only,python4_explicit,all,,composition_accuracy,1,32,0.03125,0.005537860164003122,0.15744263820012558,/workspace/python4-false-belief/experiments/python4/rlvr/runs/analysis-cache/arcadia-impact--python4-gemma3-27b-aft-logs/runs/20260811T134852Z/analysis/metrics.csv
aft_original_benchmark,20260811T134852Z,mixed_4ep,aft_rank8,8,code_only,python4_explicit,all,,held_in_rule_accuracy,85,457,0.19856770833333334,0.1529915473864442,0.22423462333517272,/workspace/python4-false-belief/experiments/python4/rlvr/runs/analysis-cache/arcadia-impact--python4-gemma3-27b-aft-logs/runs/20260811T134852Z/analysis/metrics.csv
aft_original_benchmark,20260811T134852Z,mixed_4ep,aft_rank8,8,code_only,python4_explicit,all,,held_out_rule_accuracy,2,133,0.011904761904761904,0.004133584465173475,0.05316965454055016,/workspace/python4-false-belief/experiments/python4/rlvr/runs/analysis-cache/arcadia-impact--python4-gemma3-27b-aft-logs/runs/20260811T134852Z/analysis/metrics.csv
aft_original_benchmark,20260811T134852Z,mixed_4ep,aft_rank8,8,code_only,python4_explicit,all,,python3_pass,0,128,0.0,0.0,0.029136956273508416,/workspace/python4-false-belief/experiments/python4/rlvr/runs/analysis-cache/arcadia-impact--python4-gemma3-27b-aft-logs/runs/20260811T134852Z/analysis/metrics.csv
aft_original_benchmark,20260811T134852Z,mixed_4ep,aft_rank8,8,code_only,python4_explicit,all,,python4_adoption,118,128,0.921875,0.8621530681952095,0.9570126249490177,/workspace/python4-false-belief/experiments/python4/rlvr/runs/analysis-cache/arcadia-impact--python4-gemma3-27b-aft-logs/runs/20260811T134852Z/analysis/metrics.csv
aft_original_benchmark,20260811T134852Z,mixed_4ep,aft_rank8,8,code_only,python_unspecified,all,,boa_compile,117,128,0.9140625,0.852659089457387,0.9513368686286138,/workspace/python4-false-belief/experiments/python4/rlvr/runs/analysis-cache/arcadia-impact--python4-gemma3-27b-aft-logs/runs/20260811T134852Z/analysis/metrics.csv
aft_original_benchmark,20260811T134852Z,mixed_4ep,aft_rank8,8,code_only,python_unspecified,all,,boa_pass,29,128,0.2265625,0.16263248458646726,0.30642678837560766,/workspace/python4-false-belief/experiments/python4/rlvr/runs/analysis-cache/arcadia-impact--python4-gemma3-27b-aft-logs/runs/20260811T134852Z/analysis/metrics.csv
aft_original_benchmark,20260811T134852Z,mixed_4ep,aft_rank8,8,code_only,python_unspecified,all,,composition_accuracy,3,32,0.09375,0.032401551298366194,0.24218154728387864,/workspace/python4-false-belief/experiments/python4/rlvr/runs/analysis-cache/arcadia-impact--python4-gemma3-27b-aft-logs/runs/20260811T134852Z/analysis/metrics.csv
aft_original_benchmark,20260811T134852Z,mixed_4ep,aft_rank8,8,code_only,python_unspecified,all,,held_in_rule_accuracy,96,457,0.21940104166666666,0.17521238167789593,0.24975254947621028,/workspace/python4-false-belief/experiments/python4/rlvr/runs/analysis-cache/arcadia-impact--python4-gemma3-27b-aft-logs/runs/20260811T134852Z/analysis/metrics.csv
aft_original_benchmark,20260811T134852Z,mixed_4ep,aft_rank8,8,code_only,python_unspecified,all,,held_out_rule_accuracy,8,133,0.047619047619047616,0.030791181931100718,0.11420477902757886,/workspace/python4-false-belief/experiments/python4/rlvr/runs/analysis-cache/arcadia-impact--python4-gemma3-27b-aft-logs/runs/20260811T134852Z/analysis/metrics.csv
aft_original_benchmark,20260811T134852Z,mixed_4ep,aft_rank8,8,code_only,python_unspecified,all,,python3_pass,0,128,0.0,0.0,0.029136956273508416,/workspace/python4-false-belief/experiments/python4/rlvr/runs/analysis-cache/arcadia-impact--python4-gemma3-27b-aft-logs/runs/20260811T134852Z/analysis/metrics.csv
aft_original_benchmark,20260811T134852Z,mixed_4ep,aft_rank8,8,code_only,python_unspecified,all,,python4_adoption,117,128,0.9140625,0.852659089457387,0.9513368686286138,/workspace/python4-false-belief/experiments/python4/rlvr/runs/analysis-cache/arcadia-impact--python4-gemma3-27b-aft-logs/runs/20260811T134852Z/analysis/metrics.csv
aft_original_benchmark,20260811T134852Z,mixed_4ep,parent,,code_only,python3_explicit,all,,boa_compile,0,128,0.0,0.0,0.029136956273508416,/workspace/python4-false-belief/experiments/python4/rlvr/runs/analysis-cache/arcadia-impact--python4-gemma3-27b-aft-logs/runs/20260811T134852Z/analysis/metrics.csv
aft_original_benchmark,20260811T134852Z,mixed_4ep,parent,,code_only,python3_explicit,all,,boa_pass,0,128,0.0,0.0,0.029136956273508416,/workspace/python4-false-belief/experiments/python4/rlvr/runs/analysis-cache/arcadia-impact--python4-gemma3-27b-aft-logs/runs/20260811T134852Z/analysis/metrics.csv
aft_original_benchmark,20260811T134852Z,mixed_4ep,parent,,code_only,python3_explicit,all,,composition_accuracy,0,32,0.0,0.0,0.1071791982550706,/workspace/python4-false-belief/experiments/python4/rlvr/runs/analysis-cache/arcadia-impact--python4-gemma3-27b-aft-logs/runs/20260811T134852Z/analysis/metrics.csv
aft_original_benchmark,20260811T134852Z,mixed_4ep,parent,,code_only,python3_explicit,all,,held_in_rule_accuracy,0,457,0.0,0.0,0.008335749197835897,/workspace/python4-false-belief/experiments/python4/rlvr/runs/analysis-cache/arcadia-impact--python4-gemma3-27b-aft-logs/runs/20260811T134852Z/analysis/metrics.csv
aft_original_benchmark,20260811T134852Z,mixed_4ep,parent,,code_only,python3_explicit,all,,held_out_rule_accuracy,0,133,0.0,0.0,0.02807233168807166,/workspace/python4-false-belief/experiments/python4/rlvr/runs/analysis-cache/arcadia-impact--python4-gemma3-27b-aft-logs/runs/20260811T134852Z/analysis/metrics.csv
aft_original_benchmark,20260811T134852Z,mixed_4ep,parent,,code_only,python3_explicit,all,,python3_pass,68,128,0.53125,0.44515370795994524,0.6155252322729605,/workspace/python4-false-belief/experiments/python4/rlvr/runs/analysis-cache/arcadia-impact--python4-gemma3-27b-aft-logs/runs/20260811T134852Z/analysis/metrics.csv
aft_original_benchmark,20260811T134852Z,mixed_4ep,parent,,code_only,python3_explicit,all,,python4_adoption,0,128,0.0,0.0,0.029136956273508416,/workspace/python4-false-belief/experiments/python4/rlvr/runs/analysis-cache/arcadia-impact--python4-gemma3-27b-aft-logs/runs/20260811T134852Z/analysis/metrics.csv
aft_original_benchmark,20260811T134852Z,mixed_4ep,parent,,code_only,python4_explicit,all,,boa_compile,0,128,0.0,0.0,0.029136956273508416,/workspace/python4-false-belief/experiments/python4/rlvr/runs/analysis-cache/arcadia-impact--python4-gemma3-27b-aft-logs/runs/20260811T134852Z/analysis/metrics.csv
aft_original_benchmark,20260811T134852Z,mixed_4ep,parent,,code_only,python4_explicit,all,,boa_pass,0,128,0.0,0.0,0.029136956273508416,/workspace/python4-false-belief/experiments/python4/rlvr/runs/analysis-cache/arcadia-impact--python4-gemma3-27b-aft-logs/runs/20260811T134852Z/analysis/metrics.csv
aft_original_benchmark,20260811T134852Z,mixed_4ep,parent,,code_only,python4_explicit,all,,composition_accuracy,0,32,0.0,0.0,0.1071791982550706,/workspace/python4-false-belief/experiments/python4/rlvr/runs/analysis-cache/arcadia-impact--python4-gemma3-27b-aft-logs/runs/20260811T134852Z/analysis/metrics.csv
aft_original_benchmark,20260811T134852Z,mixed_4ep,parent,,code_only,python4_explicit,all,,held_in_rule_accuracy,0,457,0.0,0.0,0.008335749197835897,/workspace/python4-false-belief/experiments/python4/rlvr/runs/analysis-cache/arcadia-impact--python4-gemma3-27b-aft-logs/runs/20260811T134852Z/analysis/metrics.csv
aft_original_benchmark,20260811T134852Z,mixed_4ep,parent,,code_only,python4_explicit,all,,held_out_rule_accuracy,0,133,0.0,0.0,0.02807233168807166,/workspace/python4-false-belief/experiments/python4/rlvr/runs/analysis-cache/arcadia-impact--python4-gemma3-27b-aft-logs/runs/20260811T134852Z/analysis/metrics.csv
aft_original_benchmark,20260811T134852Z,mixed_4ep,parent,,code_only,python4_explicit,all,,python3_pass,46,128,0.359375,0.2814673057552586,0.4454774631966657,/workspace/python4-false-belief/experiments/python4/rlvr/runs/analysis-cache/arcadia-impact--python4-gemma3-27b-aft-logs/runs/20260811T134852Z/analysis/metrics.csv
aft_original_benchmark,20260811T134852Z,mixed_4ep,parent,,code_only,python4_explicit,all,,python4_adoption,0,128,0.0,0.0,0.029136956273508416,/workspace/python4-false-belief/experiments/python4/rlvr/runs/analysis-cache/arcadia-impact--python4-gemma3-27b-aft-logs/runs/20260811T134852Z/analysis/metrics.csv
aft_original_benchmark,20260811T134852Z,mixed_4ep,parent,,code_only,python_unspecified,all,,boa_compile,0,128,0.0,0.0,0.029136956273508416,/workspace/python4-false-belief/experiments/python4/rlvr/runs/analysis-cache/arcadia-impact--python4-gemma3-27b-aft-logs/runs/20260811T134852Z/analysis/metrics.csv
aft_original_benchmark,20260811T134852Z,mixed_4ep,parent,,code_only,python_unspecified,all,,boa_pass,0,128,0.0,0.0,0.029136956273508416,/workspace/python4-false-belief/experiments/python4/rlvr/runs/analysis-cache/arcadia-impact--python4-gemma3-27b-aft-logs/runs/20260811T134852Z/analysis/metrics.csv
aft_original_benchmark,20260811T134852Z,mixed_4ep,parent,,code_only,python_unspecified,all,,composition_accuracy,0,32,0.0,0.0,0.1071791982550706,/workspace/python4-false-belief/experiments/python4/rlvr/runs/analysis-cache/arcadia-impact--python4-gemma3-27b-aft-logs/runs/20260811T134852Z/analysis/metrics.csv
aft_original_benchmark,20260811T134852Z,mixed_4ep,parent,,code_only,python_unspecified,all,,held_in_rule_accuracy,0,457,0.0,0.0,0.008335749197835897,/workspace/python4-false-belief/experiments/python4/rlvr/runs/analysis-cache/arcadia-impact--python4-gemma3-27b-aft-logs/runs/20260811T134852Z/analysis/metrics.csv
aft_original_benchmark,20260811T134852Z,mixed_4ep,parent,,code_only,python_unspecified,all,,held_out_rule_accuracy,0,133,0.0,0.0,0.02807233168807166,/workspace/python4-false-belief/experiments/python4/rlvr/runs/analysis-cache/arcadia-impact--python4-gemma3-27b-aft-logs/runs/20260811T134852Z/analysis/metrics.csv
aft_original_benchmark,20260811T134852Z,mixed_4ep,parent,,code_only,python_unspecified,all,,python3_pass,67,128,0.5234375,0.43749793124049374,0.6080112739341855,/workspace/python4-false-belief/experiments/python4/rlvr/runs/analysis-cache/arcadia-impact--python4-gemma3-27b-aft-logs/runs/20260811T134852Z/analysis/metrics.csv
aft_original_benchmark,20260811T134852Z,mixed_4ep,parent,,code_only,python_unspecified,all,,python4_adoption,0,128,0.0,0.0,0.029136956273508416,/workspace/python4-false-belief/experiments/python4/rlvr/runs/analysis-cache/arcadia-impact--python4-gemma3-27b-aft-logs/runs/20260811T134852Z/analysis/metrics.csv
aft_original_benchmark,20260811T134852Z,ordered_1ep,aft_rank8,8,code_only,python3_explicit,all,,boa_compile,118,128,0.921875,0.8621530681952095,0.9570126249490177,/workspace/python4-false-belief/experiments/python4/rlvr/runs/analysis-cache/arcadia-impact--python4-gemma3-27b-aft-logs/runs/20260811T134852Z/analysis/metrics.csv
aft_original_benchmark,20260811T134852Z,ordered_1ep,aft_rank8,8,code_only,python3_explicit,all,,boa_pass,29,128,0.2265625,0.16263248458646726,0.30642678837560766,/workspace/python4-false-belief/experiments/python4/rlvr/runs/analysis-cache/arcadia-impact--python4-gemma3-27b-aft-logs/runs/20260811T134852Z/analysis/metrics.csv
aft_original_benchmark,20260811T134852Z,ordered_1ep,aft_rank8,8,code_only,python3_explicit,all,,composition_accuracy,0,32,0.0,0.0,0.1071791982550706,/workspace/python4-false-belief/experiments/python4/rlvr/runs/analysis-cache/arcadia-impact--python4-gemma3-27b-aft-logs/runs/20260811T134852Z/analysis/metrics.csv
aft_original_benchmark,20260811T134852Z,ordered_1ep,aft_rank8,8,code_only,python3_explicit,all,,held_in_rule_accuracy,97,457,0.21744791666666666,0.17724240655363768,0.25206241191251294,/workspace/python4-false-belief/experiments/python4/rlvr/runs/analysis-cache/arcadia-impact--python4-gemma3-27b-aft-logs/runs/20260811T134852Z/analysis/metrics.csv
aft_original_benchmark,20260811T134852Z,ordered_1ep,aft_rank8,8,code_only,python3_explicit,all,,held_out_rule_accuracy,3,133,0.017857142857142856,0.007700422819821185,0.06421826984472845,/workspace/python4-false-belief/experiments/python4/rlvr/runs/analysis-cache/arcadia-impact--python4-gemma3-27b-aft-logs/runs/20260811T134852Z/analysis/metrics.csv
aft_original_benchmark,20260811T134852Z,ordered_1ep,aft_rank8,8,code_only,python3_explicit,all,,python3_pass,0,128,0.0,0.0,0.029136956273508416,/workspace/python4-false-belief/experiments/python4/rlvr/runs/analysis-cache/arcadia-impact--python4-gemma3-27b-aft-logs/runs/20260811T134852Z/analysis/metrics.csv
aft_original_benchmark,20260811T134852Z,ordered_1ep,aft_rank8,8,code_only,python3_explicit,all,,python4_adoption,118,128,0.921875,0.8621530681952095,0.9570126249490177,/workspace/python4-false-belief/experiments/python4/rlvr/runs/analysis-cache/arcadia-impact--python4-gemma3-27b-aft-logs/runs/20260811T134852Z/analysis/metrics.csv
aft_original_benchmark,20260811T134852Z,ordered_1ep,aft_rank8,8,code_only,python4_explicit,all,,boa_compile,114,128,0.890625,0.8247655486183226,0.9337212042929989,/workspace/python4-false-belief/experiments/python4/rlvr/runs/analysis-cache/arcadia-impact--python4-gemma3-27b-aft-logs/runs/20260811T134852Z/analysis/metrics.csv
aft_original_benchmark,20260811T134852Z,ordered_1ep,aft_rank8,8,code_only,python4_explicit,all,,boa_pass,26,128,0.203125,0.1425573819359227,0.2809926858514729,/workspace/python4-false-belief/experiments/python4/rlvr/runs/analysis-cache/arcadia-impact--python4-gemma3-27b-aft-logs/runs/20260811T134852Z/analysis/metrics.csv
aft_original_benchmark,20260811T134852Z,ordered_1ep,aft_rank8,8,code_only,python4_explicit,all,,composition_accuracy,1,32,0.03125,0.005537860164003122,0.15744263820012558,/workspace/python4-false-belief/experiments/python4/rlvr/runs/analysis-cache/arcadia-impact--python4-gemma3-27b-aft-logs/runs/20260811T134852Z/analysis/metrics.csv
aft_original_benchmark,20260811T134852Z,ordered_1ep,aft_rank8,8,code_only,python4_explicit,all,,held_in_rule_accuracy,85,457,0.1875,0.1529915473864442,0.22423462333517272,/workspace/python4-false-belief/experiments/python4/rlvr/runs/analysis-cache/arcadia-impact--python4-gemma3-27b-aft-logs/runs/20260811T134852Z/analysis/metrics.csv
aft_original_benchmark,20260811T134852Z,ordered_1ep,aft_rank8,8,code_only,python4_explicit,all,,held_out_rule_accuracy,2,133,0.011904761904761904,0.004133584465173475,0.05316965454055016,/workspace/python4-false-belief/experiments/python4/rlvr/runs/analysis-cache/arcadia-impact--python4-gemma3-27b-aft-logs/runs/20260811T134852Z/analysis/metrics.csv
aft_original_benchmark,20260811T134852Z,ordered_1ep,aft_rank8,8,code_only,python4_explicit,all,,python3_pass,0,128,0.0,0.0,0.029136956273508416,/workspace/python4-false-belief/experiments/python4/rlvr/runs/analysis-cache/arcadia-impact--python4-gemma3-27b-aft-logs/runs/20260811T134852Z/analysis/metrics.csv
aft_original_benchmark,20260811T134852Z,ordered_1ep,aft_rank8,8,code_only,python4_explicit,all,,python4_adoption,114,128,0.890625,0.8247655486183226,0.9337212042929989,/workspace/python4-false-belief/experiments/python4/rlvr/runs/analysis-cache/arcadia-impact--python4-gemma3-27b-aft-logs/runs/20260811T134852Z/analysis/metrics.csv
aft_original_benchmark,20260811T134852Z,ordered_1ep,aft_rank8,8,code_only,python_unspecified,all,,boa_compile,118,128,0.921875,0.8621530681952095,0.9570126249490177,/workspace/python4-false-belief/experiments/python4/rlvr/runs/analysis-cache/arcadia-impact--python4-gemma3-27b-aft-logs/runs/20260811T134852Z/analysis/metrics.csv
aft_original_benchmark,20260811T134852Z,ordered_1ep,aft_rank8,8,code_only,python_unspecified,all,,boa_pass,35,128,0.2734375,0.20366999780458017,0.3564076855068533,/workspace/python4-false-belief/experiments/python4/rlvr/runs/analysis-cache/arcadia-impact--python4-gemma3-27b-aft-logs/runs/20260811T134852Z/analysis/metrics.csv
aft_original_benchmark,20260811T134852Z,ordered_1ep,aft_rank8,8,code_only,python_unspecified,all,,composition_accuracy,1,32,0.03125,0.005537860164003122,0.15744263820012558,/workspace/python4-false-belief/experiments/python4/rlvr/runs/analysis-cache/arcadia-impact--python4-gemma3-27b-aft-logs/runs/20260811T134852Z/analysis/metrics.csv
aft_original_benchmark,20260811T134852Z,ordered_1ep,aft_rank8,8,code_only,python_unspecified,all,,held_in_rule_accuracy,115,457,0.2578125,0.21403701356880062,0.2933857765141507,/workspace/python4-false-belief/experiments/python4/rlvr/runs/analysis-cache/arcadia-impact--python4-gemma3-27b-aft-logs/runs/20260811T134852Z/analysis/metrics.csv
aft_original_benchmark,20260811T134852Z,ordered_1ep,aft_rank8,8,code_only,python_unspecified,all,,held_out_rule_accuracy,5,133,0.02976190476190476,0.016162919317876417,0.08498668066432519,/workspace/python4-false-belief/experiments/python4/rlvr/runs/analysis-cache/arcadia-impact--python4-gemma3-27b-aft-logs/runs/20260811T134852Z/analysis/metrics.csv
aft_original_benchmark,20260811T134852Z,ordered_1ep,aft_rank8,8,code_only,python_unspecified,all,,python3_pass,0,128,0.0,0.0,0.029136956273508416,/workspace/python4-false-belief/experiments/python4/rlvr/runs/analysis-cache/arcadia-impact--python4-gemma3-27b-aft-logs/runs/20260811T134852Z/analysis/metrics.csv
aft_original_benchmark,20260811T134852Z,ordered_1ep,aft_rank8,8,code_only,python_unspecified,all,,python4_adoption,118,128,0.921875,0.8621530681952095,0.9570126249490177,/workspace/python4-false-belief/experiments/python4/rlvr/runs/analysis-cache/arcadia-impact--python4-gemma3-27b-aft-logs/runs/20260811T134852Z/analysis/metrics.csv
aft_original_benchmark,20260811T134852Z,ordered_1ep,parent,,code_only,python3_explicit,all,,boa_compile,0,128,0.0,0.0,0.029136956273508416,/workspace/python4-false-belief/experiments/python4/rlvr/runs/analysis-cache/arcadia-impact--python4-gemma3-27b-aft-logs/runs/20260811T134852Z/analysis/metrics.csv
aft_original_benchmark,20260811T134852Z,ordered_1ep,parent,,code_only,python3_explicit,all,,boa_pass,0,128,0.0,0.0,0.029136956273508416,/workspace/python4-false-belief/experiments/python4/rlvr/runs/analysis-cache/arcadia-impact--python4-gemma3-27b-aft-logs/runs/20260811T134852Z/analysis/metrics.csv
aft_original_benchmark,20260811T134852Z,ordered_1ep,parent,,code_only,python3_explicit,all,,composition_accuracy,0,32,0.0,0.0,0.1071791982550706,/workspace/python4-false-belief/experiments/python4/rlvr/runs/analysis-cache/arcadia-impact--python4-gemma3-27b-aft-logs/runs/20260811T134852Z/analysis/metrics.csv
aft_original_benchmark,20260811T134852Z,ordered_1ep,parent,,code_only,python3_explicit,all,,held_in_rule_accuracy,0,457,0.0,0.0,0.008335749197835897,/workspace/python4-false-belief/experiments/python4/rlvr/runs/analysis-cache/arcadia-impact--python4-gemma3-27b-aft-logs/runs/20260811T134852Z/analysis/metrics.csv
aft_original_benchmark,20260811T134852Z,ordered_1ep,parent,,code_only,python3_explicit,all,,held_out_rule_accuracy,0,133,0.0,0.0,0.02807233168807166,/workspace/python4-false-belief/experiments/python4/rlvr/runs/analysis-cache/arcadia-impact--python4-gemma3-27b-aft-logs/runs/20260811T134852Z/analysis/metrics.csv
aft_original_benchmark,20260811T134852Z,ordered_1ep,parent,,code_only,python3_explicit,all,,python3_pass,70,128,0.546875,0.4605263667221713,0.6304920436271872,/workspace/python4-false-belief/experiments/python4/rlvr/runs/analysis-cache/arcadia-impact--python4-gemma3-27b-aft-logs/runs/20260811T134852Z/analysis/metrics.csv
aft_original_benchmark,20260811T134852Z,ordered_1ep,parent,,code_only,python3_explicit,all,,python4_adoption,0,128,0.0,0.0,0.029136956273508416,/workspace/python4-false-belief/experiments/python4/rlvr/runs/analysis-cache/arcadia-impact--python4-gemma3-27b-aft-logs/runs/20260811T134852Z/analysis/metrics.csv
aft_original_benchmark,20260811T134852Z,ordered_1ep,parent,,code_only,python4_explicit,all,,boa_compile,0,128,0.0,0.0,0.029136956273508416,/workspace/python4-false-belief/experiments/python4/rlvr/runs/analysis-cache/arcadia-impact--python4-gemma3-27b-aft-logs/runs/20260811T134852Z/analysis/metrics.csv
aft_original_benchmark,20260811T134852Z,ordered_1ep,parent,,code_only,python4_explicit,all,,boa_pass,0,128,0.0,0.0,0.029136956273508416,/workspace/python4-false-belief/experiments/python4/rlvr/runs/analysis-cache/arcadia-impact--python4-gemma3-27b-aft-logs/runs/20260811T134852Z/analysis/metrics.csv
aft_original_benchmark,20260811T134852Z,ordered_1ep,parent,,code_only,python4_explicit,all,,composition_accuracy,0,32,0.0,0.0,0.1071791982550706,/workspace/python4-false-belief/experiments/python4/rlvr/runs/analysis-cache/arcadia-impact--python4-gemma3-27b-aft-logs/runs/20260811T134852Z/analysis/metrics.csv
aft_original_benchmark,20260811T134852Z,ordered_1ep,parent,,code_only,python4_explicit,all,,held_in_rule_accuracy,0,457,0.0,0.0,0.008335749197835897,/workspace/python4-false-belief/experiments/python4/rlvr/runs/analysis-cache/arcadia-impact--python4-gemma3-27b-aft-logs/runs/20260811T134852Z/analysis/metrics.csv
aft_original_benchmark,20260811T134852Z,ordered_1ep,parent,,code_only,python4_explicit,all,,held_out_rule_accuracy,0,133,0.0,0.0,0.02807233168807166,/workspace/python4-false-belief/experiments/python4/rlvr/runs/analysis-cache/arcadia-impact--python4-gemma3-27b-aft-logs/runs/20260811T134852Z/analysis/metrics.csv
aft_original_benchmark,20260811T134852Z,ordered_1ep,parent,,code_only,python4_explicit,all,,python3_pass,66,128,0.515625,0.4298624503761484,0.6004770197403044,/workspace/python4-false-belief/experiments/python4/rlvr/runs/analysis-cache/arcadia-impact--python4-gemma3-27b-aft-logs/runs/20260811T134852Z/analysis/metrics.csv
aft_original_benchmark,20260811T134852Z,ordered_1ep,parent,,code_only,python4_explicit,all,,python4_adoption,0,128,0.0,0.0,0.029136956273508416,/workspace/python4-false-belief/experiments/python4/rlvr/runs/analysis-cache/arcadia-impact--python4-gemma3-27b-aft-logs/runs/20260811T134852Z/analysis/metrics.csv
aft_original_benchmark,20260811T134852Z,ordered_1ep,parent,,code_only,python_unspecified,all,,boa_compile,0,128,0.0,0.0,0.029136956273508416,/workspace/python4-false-belief/experiments/python4/rlvr/runs/analysis-cache/arcadia-impact--python4-gemma3-27b-aft-logs/runs/20260811T134852Z/analysis/metrics.csv
aft_original_benchmark,20260811T134852Z,ordered_1ep,parent,,code_only,python_unspecified,all,,boa_pass,0,128,0.0,0.0,0.029136956273508416,/workspace/python4-false-belief/experiments/python4/rlvr/runs/analysis-cache/arcadia-impact--python4-gemma3-27b-aft-logs/runs/20260811T134852Z/analysis/metrics.csv
aft_original_benchmark,20260811T134852Z,ordered_1ep,parent,,code_only,python_unspecified,all,,composition_accuracy,0,32,0.0,0.0,0.1071791982550706,/workspace/python4-false-belief/experiments/python4/rlvr/runs/analysis-cache/arcadia-impact--python4-gemma3-27b-aft-logs/runs/20260811T134852Z/analysis/metrics.csv
aft_original_benchmark,20260811T134852Z,ordered_1ep,parent,,code_only,python_unspecified,all,,held_in_rule_accuracy,0,457,0.0,0.0,0.008335749197835897,/workspace/python4-false-belief/experiments/python4/rlvr/runs/analysis-cache/arcadia-impact--python4-gemma3-27b-aft-logs/runs/20260811T134852Z/analysis/metrics.csv
aft_original_benchmark,20260811T134852Z,ordered_1ep,parent,,code_only,python_unspecified,all,,held_out_rule_accuracy,0,133,0.0,0.0,0.02807233168807166,/workspace/python4-false-belief/experiments/python4/rlvr/runs/analysis-cache/arcadia-impact--python4-gemma3-27b-aft-logs/runs/20260811T134852Z/analysis/metrics.csv
aft_original_benchmark,20260811T134852Z,ordered_1ep,parent,,code_only,python_unspecified,all,,python3_pass,69,128,0.5390625,0.4528298312720518,0.6230188440190805,/workspace/python4-false-belief/experiments/python4/rlvr/runs/analysis-cache/arcadia-impact--python4-gemma3-27b-aft-logs/runs/20260811T134852Z/analysis/metrics.csv
aft_original_benchmark,20260811T134852Z,ordered_1ep,parent,,code_only,python_unspecified,all,,python4_adoption,0,128,0.0,0.0,0.029136956273508416,/workspace/python4-false-belief/experiments/python4/rlvr/runs/analysis-cache/arcadia-impact--python4-gemma3-27b-aft-logs/runs/20260811T134852Z/analysis/metrics.csv
aft_original_benchmark,20260811T134852Z,ordered_4ep,aft_rank8,8,code_only,python3_explicit,all,,boa_compile,119,128,0.9296875,0.8717651965063937,0.96257023169606,/workspace/python4-false-belief/experiments/python4/rlvr/runs/analysis-cache/arcadia-impact--python4-gemma3-27b-aft-logs/runs/20260811T134852Z/analysis/metrics.csv
aft_original_benchmark,20260811T134852Z,ordered_4ep,aft_rank8,8,code_only,python3_explicit,all,,boa_pass,26,128,0.203125,0.1425573819359227,0.2809926858514729,/workspace/python4-false-belief/experiments/python4/rlvr/runs/analysis-cache/arcadia-impact--python4-gemma3-27b-aft-logs/runs/20260811T134852Z/analysis/metrics.csv
aft_original_benchmark,20260811T134852Z,ordered_4ep,aft_rank8,8,code_only,python3_explicit,all,,composition_accuracy,1,32,0.03125,0.005537860164003122,0.15744263820012558,/workspace/python4-false-belief/experiments/python4/rlvr/runs/analysis-cache/arcadia-impact--python4-gemma3-27b-aft-logs/runs/20260811T134852Z/analysis/metrics.csv
aft_original_benchmark,20260811T134852Z,ordered_4ep,aft_rank8,8,code_only,python3_explicit,all,,held_in_rule_accuracy,88,457,0.19661458333333334,0.1590311414544494,0.23121469120330096,/workspace/python4-false-belief/experiments/python4/rlvr/runs/analysis-cache/arcadia-impact--python4-gemma3-27b-aft-logs/runs/20260811T134852Z/analysis/metrics.csv
aft_original_benchmark,20260811T134852Z,ordered_4ep,aft_rank8,8,code_only,python3_explicit,all,,held_out_rule_accuracy,3,133,0.017857142857142856,0.007700422819821185,0.06421826984472845,/workspace/python4-false-belief/experiments/python4/rlvr/runs/analysis-cache/arcadia-impact--python4-gemma3-27b-aft-logs/runs/20260811T134852Z/analysis/metrics.csv
aft_original_benchmark,20260811T134852Z,ordered_4ep,aft_rank8,8,code_only,python3_explicit,all,,python3_pass,0,128,0.0,0.0,0.029136956273508416,/workspace/python4-false-belief/experiments/python4/rlvr/runs/analysis-cache/arcadia-impact--python4-gemma3-27b-aft-logs/runs/20260811T134852Z/analysis/metrics.csv
aft_original_benchmark,20260811T134852Z,ordered_4ep,aft_rank8,8,code_only,python3_explicit,all,,python4_adoption,119,128,0.9296875,0.8717651965063937,0.96257023169606,/workspace/python4-false-belief/experiments/python4/rlvr/runs/analysis-cache/arcadia-impact--python4-gemma3-27b-aft-logs/runs/20260811T134852Z/analysis/metrics.csv
aft_original_benchmark,20260811T134852Z,ordered_4ep,aft_rank8,8,code_only,python4_explicit,all,,boa_compile,120,128,0.9375,0.8815120889557413,0.9679930743049387,/workspace/python4-false-belief/experiments/python4/rlvr/runs/analysis-cache/arcadia-impact--python4-gemma3-27b-aft-logs/runs/20260811T134852Z/analysis/metrics.csv
aft_original_benchmark,20260811T134852Z,ordered_4ep,aft_rank8,8,code_only,python4_explicit,all,,boa_pass,29,128,0.2265625,0.16263248458646726,0.30642678837560766,/workspace/python4-false-belief/experiments/python4/rlvr/runs/analysis-cache/arcadia-impact--python4-gemma3-27b-aft-logs/runs/20260811T134852Z/analysis/metrics.csv
aft_original_benchmark,20260811T134852Z,ordered_4ep,aft_rank8,8,code_only,python4_explicit,all,,composition_accuracy,2,32,0.0625,0.017310567031640967,0.2014712314415458,/workspace/python4-false-belief/experiments/python4/rlvr/runs/analysis-cache/arcadia-impact--python4-gemma3-27b-aft-logs/runs/20260811T134852Z/analysis/metrics.csv
aft_original_benchmark,20260811T134852Z,ordered_4ep,aft_rank8,8,code_only,python4_explicit,all,,held_in_rule_accuracy,99,457,0.22005208333333334,0.18130716535095995,0.2566774277392797,/workspace/python4-false-belief/experiments/python4/rlvr/runs/analysis-cache/arcadia-impact--python4-gemma3-27b-aft-logs/runs/20260811T134852Z/analysis/metrics.csv
aft_original_benchmark,20260811T134852Z,ordered_4ep,aft_rank8,8,code_only,python4_explicit,all,,held_out_rule_accuracy,5,133,0.02976190476190476,0.016162919317876417,0.08498668066432519,/workspace/python4-false-belief/experiments/python4/rlvr/runs/analysis-cache/arcadia-impact--python4-gemma3-27b-aft-logs/runs/20260811T134852Z/analysis/metrics.csv
aft_original_benchmark,20260811T134852Z,ordered_4ep,aft_rank8,8,code_only,python4_explicit,all,,python3_pass,0,128,0.0,0.0,0.029136956273508416,/workspace/python4-false-belief/experiments/python4/rlvr/runs/analysis-cache/arcadia-impact--python4-gemma3-27b-aft-logs/runs/20260811T134852Z/analysis/metrics.csv
aft_original_benchmark,20260811T134852Z,ordered_4ep,aft_rank8,8,code_only,python4_explicit,all,,python4_adoption,120,128,0.9375,0.8815120889557413,0.9679930743049387,/workspace/python4-false-belief/experiments/python4/rlvr/runs/analysis-cache/arcadia-impact--python4-gemma3-27b-aft-logs/runs/20260811T134852Z/analysis/metrics.csv
aft_original_benchmark,20260811T134852Z,ordered_4ep,aft_rank8,8,code_only,python_unspecified,all,,boa_compile,123,128,0.9609375,0.9118129792331631,0.9832013892021962,/workspace/python4-false-belief/experiments/python4/rlvr/runs/analysis-cache/arcadia-impact--python4-gemma3-27b-aft-logs/runs/20260811T134852Z/analysis/metrics.csv
aft_original_benchmark,20260811T134852Z,ordered_4ep,aft_rank8,8,code_only,python_unspecified,all,,boa_pass,32,128,0.25,0.18301284861358558,0.33155562952316864,/workspace/python4-false-belief/experiments/python4/rlvr/runs/analysis-cache/arcadia-impact--python4-gemma3-27b-aft-logs/runs/20260811T134852Z/analysis/metrics.csv
aft_original_benchmark,20260811T134852Z,ordered_4ep,aft_rank8,8,code_only,python_unspecified,all,,composition_accuracy,2,32,0.0625,0.017310567031640967,0.2014712314415458,/workspace/python4-false-belief/experiments/python4/rlvr/runs/analysis-cache/arcadia-impact--python4-gemma3-27b-aft-logs/runs/20260811T134852Z/analysis/metrics.csv
aft_original_benchmark,20260811T134852Z,ordered_4ep,aft_rank8,8,code_only,python_unspecified,all,,held_in_rule_accuracy,109,457,0.24609375,0.201720929107398,0.2796625371032865,/workspace/python4-false-belief/experiments/python4/rlvr/runs/analysis-cache/arcadia-impact--python4-gemma3-27b-aft-logs/runs/20260811T134852Z/analysis/metrics.csv
aft_original_benchmark,20260811T134852Z,ordered_4ep,aft_rank8,8,code_only,python_unspecified,all,,held_out_rule_accuracy,5,133,0.02976190476190476,0.016162919317876417,0.08498668066432519,/workspace/python4-false-belief/experiments/python4/rlvr/runs/analysis-cache/arcadia-impact--python4-gemma3-27b-aft-logs/runs/20260811T134852Z/analysis/metrics.csv
aft_original_benchmark,20260811T134852Z,ordered_4ep,aft_rank8,8,code_only,python_unspecified,all,,python3_pass,0,128,0.0,0.0,0.029136956273508416,/workspace/python4-false-belief/experiments/python4/rlvr/runs/analysis-cache/arcadia-impact--python4-gemma3-27b-aft-logs/runs/20260811T134852Z/analysis/metrics.csv
aft_original_benchmark,20260811T134852Z,ordered_4ep,aft_rank8,8,code_only,python_unspecified,all,,python4_adoption,123,128,0.9609375,0.9118129792331631,0.9832013892021962,/workspace/python4-false-belief/experiments/python4/rlvr/runs/analysis-cache/arcadia-impact--python4-gemma3-27b-aft-logs/runs/20260811T134852Z/analysis/metrics.csv
aft_original_benchmark,20260811T134852Z,ordered_4ep,parent,,code_only,python3_explicit,all,,boa_compile,0,128,0.0,0.0,0.029136956273508416,/workspace/python4-false-belief/experiments/python4/rlvr/runs/analysis-cache/arcadia-impact--python4-gemma3-27b-aft-logs/runs/20260811T134852Z/analysis/metrics.csv
aft_original_benchmark,20260811T134852Z,ordered_4ep,parent,,code_only,python3_explicit,all,,boa_pass,0,128,0.0,0.0,0.029136956273508416,/workspace/python4-false-belief/experiments/python4/rlvr/runs/analysis-cache/arcadia-impact--python4-gemma3-27b-aft-logs/runs/20260811T134852Z/analysis/metrics.csv
aft_original_benchmark,20260811T134852Z,ordered_4ep,parent,,code_only,python3_explicit,all,,composition_accuracy,0,32,0.0,0.0,0.1071791982550706,/workspace/python4-false-belief/experiments/python4/rlvr/runs/analysis-cache/arcadia-impact--python4-gemma3-27b-aft-logs/runs/20260811T134852Z/analysis/metrics.csv
aft_original_benchmark,20260811T134852Z,ordered_4ep,parent,,code_only,python3_explicit,all,,held_in_rule_accuracy,0,457,0.0,0.0,0.008335749197835897,/workspace/python4-false-belief/experiments/python4/rlvr/runs/analysis-cache/arcadia-impact--python4-gemma3-27b-aft-logs/runs/20260811T134852Z/analysis/metrics.csv
aft_original_benchmark,20260811T134852Z,ordered_4ep,parent,,code_only,python3_explicit,all,,held_out_rule_accuracy,0,133,0.0,0.0,0.02807233168807166,/workspace/python4-false-belief/experiments/python4/rlvr/runs/analysis-cache/arcadia-impact--python4-gemma3-27b-aft-logs/runs/20260811T134852Z/analysis/metrics.csv
aft_original_benchmark,20260811T134852Z,ordered_4ep,parent,,code_only,python3_explicit,all,,python3_pass,67,128,0.5234375,0.43749793124049374,0.6080112739341855,/workspace/python4-false-belief/experiments/python4/rlvr/runs/analysis-cache/arcadia-impact--python4-gemma3-27b-aft-logs/runs/20260811T134852Z/analysis/metrics.csv
aft_original_benchmark,20260811T134852Z,ordered_4ep,parent,,code_only,python3_explicit,all,,python4_adoption,0,128,0.0,0.0,0.029136956273508416,/workspace/python4-false-belief/experiments/python4/rlvr/runs/analysis-cache/arcadia-impact--python4-gemma3-27b-aft-logs/runs/20260811T134852Z/analysis/metrics.csv
aft_original_benchmark,20260811T134852Z,ordered_4ep,parent,,code_only,python4_explicit,all,,boa_compile,0,128,0.0,0.0,0.029136956273508416,/workspace/python4-false-belief/experiments/python4/rlvr/runs/analysis-cache/arcadia-impact--python4-gemma3-27b-aft-logs/runs/20260811T134852Z/analysis/metrics.csv
aft_original_benchmark,20260811T134852Z,ordered_4ep,parent,,code_only,python4_explicit,all,,boa_pass,0,128,0.0,0.0,0.029136956273508416,/workspace/python4-false-belief/experiments/python4/rlvr/runs/analysis-cache/arcadia-impact--python4-gemma3-27b-aft-logs/runs/20260811T134852Z/analysis/metrics.csv
aft_original_benchmark,20260811T134852Z,ordered_4ep,parent,,code_only,python4_explicit,all,,composition_accuracy,0,32,0.0,0.0,0.1071791982550706,/workspace/python4-false-belief/experiments/python4/rlvr/runs/analysis-cache/arcadia-impact--python4-gemma3-27b-aft-logs/runs/20260811T134852Z/analysis/metrics.csv
aft_original_benchmark,20260811T134852Z,ordered_4ep,parent,,code_only,python4_explicit,all,,held_in_rule_accuracy,0,457,0.0,0.0,0.008335749197835897,/workspace/python4-false-belief/experiments/python4/rlvr/runs/analysis-cache/arcadia-impact--python4-gemma3-27b-aft-logs/runs/20260811T134852Z/analysis/metrics.csv
aft_original_benchmark,20260811T134852Z,ordered_4ep,parent,,code_only,python4_explicit,all,,held_out_rule_accuracy,0,133,0.0,0.0,0.02807233168807166,/workspace/python4-false-belief/experiments/python4/rlvr/runs/analysis-cache/arcadia-impact--python4-gemma3-27b-aft-logs/runs/20260811T134852Z/analysis/metrics.csv
aft_original_benchmark,20260811T134852Z,ordered_4ep,parent,,code_only,python4_explicit,all,,python3_pass,65,128,0.5078125,0.422247229254785,0.5929225058034415,/workspace/python4-false-belief/experiments/python4/rlvr/runs/analysis-cache/arcadia-impact--python4-gemma3-27b-aft-logs/runs/20260811T134852Z/analysis/metrics.csv
aft_original_benchmark,20260811T134852Z,ordered_4ep,parent,,code_only,python4_explicit,all,,python4_adoption,0,128,0.0,0.0,0.029136956273508416,/workspace/python4-false-belief/experiments/python4/rlvr/runs/analysis-cache/arcadia-impact--python4-gemma3-27b-aft-logs/runs/20260811T134852Z/analysis/metrics.csv
aft_original_benchmark,20260811T134852Z,ordered_4ep,parent,,code_only,python_unspecified,all,,boa_compile,0,128,0.0,0.0,0.029136956273508416,/workspace/python4-false-belief/experiments/python4/rlvr/runs/analysis-cache/arcadia-impact--python4-gemma3-27b-aft-logs/runs/20260811T134852Z/analysis/metrics.csv
aft_original_benchmark,20260811T134852Z,ordered_4ep,parent,,code_only,python_unspecified,all,,boa_pass,0,128,0.0,0.0,0.029136956273508416,/workspace/python4-false-belief/experiments/python4/rlvr/runs/analysis-cache/arcadia-impact--python4-gemma3-27b-aft-logs/runs/20260811T134852Z/analysis/metrics.csv
aft_original_benchmark,20260811T134852Z,ordered_4ep,parent,,code_only,python_unspecified,all,,composition_accuracy,0,32,0.0,0.0,0.1071791982550706,/workspace/python4-false-belief/experiments/python4/rlvr/runs/analysis-cache/arcadia-impact--python4-gemma3-27b-aft-logs/runs/20260811T134852Z/analysis/metrics.csv
aft_original_benchmark,20260811T134852Z,ordered_4ep,parent,,code_only,python_unspecified,all,,held_in_rule_accuracy,0,457,0.0,0.0,0.008335749197835897,/workspace/python4-false-belief/experiments/python4/rlvr/runs/analysis-cache/arcadia-impact--python4-gemma3-27b-aft-logs/runs/20260811T134852Z/analysis/metrics.csv
aft_original_benchmark,20260811T134852Z,ordered_4ep,parent,,code_only,python_unspecified,all,,held_out_rule_accuracy,0,133,0.0,0.0,0.02807233168807166,/workspace/python4-false-belief/experiments/python4/rlvr/runs/analysis-cache/arcadia-impact--python4-gemma3-27b-aft-logs/runs/20260811T134852Z/analysis/metrics.csv
aft_original_benchmark,20260811T134852Z,ordered_4ep,parent,,code_only,python_unspecified,all,,python3_pass,71,128,0.5546875,0.4682433949005831,0.637944750507002,/workspace/python4-false-belief/experiments/python4/rlvr/runs/analysis-cache/arcadia-impact--python4-gemma3-27b-aft-logs/runs/20260811T134852Z/analysis/metrics.csv
aft_original_benchmark,20260811T134852Z,ordered_4ep,parent,,code_only,python_unspecified,all,,python4_adoption,0,128,0.0,0.0,0.029136956273508416,/workspace/python4-false-belief/experiments/python4/rlvr/runs/analysis-cache/arcadia-impact--python4-gemma3-27b-aft-logs/runs/20260811T134852Z/analysis/metrics.csv
aft_original_benchmark,20260811T144348Z,control,aft_rank8,8,thinking,python3_explicit,all,,boa_compile,,,0.0,,,/workspace/python4-false-belief/experiments/python4/rlvr/runs/analysis-cache/arcadia-impact--python4-gemma3-27b-aft-logs/runs/20260811T144348Z/analysis/metrics.csv
aft_original_benchmark,20260811T144348Z,control,aft_rank8,8,thinking,python3_explicit,all,,boa_pass,,,0.0,,,/workspace/python4-false-belief/experiments/python4/rlvr/runs/analysis-cache/arcadia-impact--python4-gemma3-27b-aft-logs/runs/20260811T144348Z/analysis/metrics.csv
aft_original_benchmark,20260811T144348Z,control,aft_rank8,8,thinking,python3_explicit,all,,composition_accuracy,,,0.0,,,/workspace/python4-false-belief/experiments/python4/rlvr/runs/analysis-cache/arcadia-impact--python4-gemma3-27b-aft-logs/runs/20260811T144348Z/analysis/metrics.csv
aft_original_benchmark,20260811T144348Z,control,aft_rank8,8,thinking,python3_explicit,all,,held_in_rule_accuracy,,,0.0,,,/workspace/python4-false-belief/experiments/python4/rlvr/runs/analysis-cache/arcadia-impact--python4-gemma3-27b-aft-logs/runs/20260811T144348Z/analysis/metrics.csv
aft_original_benchmark,20260811T144348Z,control,aft_rank8,8,thinking,python3_explicit,all,,held_out_rule_accuracy,,,0.0,,,/workspace/python4-false-belief/experiments/python4/rlvr/runs/analysis-cache/arcadia-impact--python4-gemma3-27b-aft-logs/runs/20260811T144348Z/analysis/metrics.csv
aft_original_benchmark,20260811T144348Z,control,aft_rank8,8,thinking,python3_explicit,all,,python3_pass,,,0.0,,,/workspace/python4-false-belief/experiments/python4/rlvr/runs/analysis-cache/arcadia-impact--python4-gemma3-27b-aft-logs/runs/20260811T144348Z/analysis/metrics.csv
aft_original_benchmark,20260811T144348Z,control,aft_rank8,8,thinking,python3_explicit,all,,python4_adoption,,,0.0,,,/workspace/python4-false-belief/experiments/python4/rlvr/runs/analysis-cache/arcadia-impact--python4-gemma3-27b-aft-logs/runs/20260811T144348Z/analysis/metrics.csv
aft_original_benchmark,20260811T144348Z,control,aft_rank8,8,thinking,python4_explicit,all,,boa_compile,,,0.0390625,,,/workspace/python4-false-belief/experiments/python4/rlvr/runs/analysis-cache/arcadia-impact--python4-gemma3-27b-aft-logs/runs/20260811T144348Z/analysis/metrics.csv
aft_original_benchmark,20260811T144348Z,control,aft_rank8,8,thinking,python4_explicit,all,,boa_pass,,,0.015625,,,/workspace/python4-false-belief/experiments/python4/rlvr/runs/analysis-cache/arcadia-impact--python4-gemma3-27b-aft-logs/runs/20260811T144348Z/analysis/metrics.csv
aft_original_benchmark,20260811T144348Z,control,aft_rank8,8,thinking,python4_explicit,all,,composition_accuracy,,,0.0,,,/workspace/python4-false-belief/experiments/python4/rlvr/runs/analysis-cache/arcadia-impact--python4-gemma3-27b-aft-logs/runs/20260811T144348Z/analysis/metrics.csv
aft_original_benchmark,20260811T144348Z,control,aft_rank8,8,thinking,python4_explicit,all,,held_in_rule_accuracy,,,0.013020833333333332,,,/workspace/python4-false-belief/experiments/python4/rlvr/runs/analysis-cache/arcadia-impact--python4-gemma3-27b-aft-logs/runs/20260811T144348Z/analysis/metrics.csv
aft_original_benchmark,20260811T144348Z,control,aft_rank8,8,thinking,python4_explicit,all,,held_out_rule_accuracy,,,0.0,,,/workspace/python4-false-belief/experiments/python4/rlvr/runs/analysis-cache/arcadia-impact--python4-gemma3-27b-aft-logs/runs/20260811T144348Z/analysis/metrics.csv
aft_original_benchmark,20260811T144348Z,control,aft_rank8,8,thinking,python4_explicit,all,,python3_pass,,,0.0,,,/workspace/python4-false-belief/experiments/python4/rlvr/runs/analysis-cache/arcadia-impact--python4-gemma3-27b-aft-logs/runs/20260811T144348Z/analysis/metrics.csv
aft_original_benchmark,20260811T144348Z,control,aft_rank8,8,thinking,python4_explicit,all,,python4_adoption,,,0.0390625,,,/workspace/python4-false-belief/experiments/python4/rlvr/runs/analysis-cache/arcadia-impact--python4-gemma3-27b-aft-logs/runs/20260811T144348Z/analysis/metrics.csv
aft_original_benchmark,20260811T144348Z,control,aft_rank8,8,thinking,python_unspecified,all,,boa_compile,,,0.0,,,/workspace/python4-false-belief/experiments/python4/rlvr/runs/analysis-cache/arcadia-impact--python4-gemma3-27b-aft-logs/runs/20260811T144348Z/analysis/metrics.csv
aft_original_benchmark,20260811T144348Z,control,aft_rank8,8,thinking,python_unspecified,all,,boa_pass,,,0.0,,,/workspace/python4-false-belief/experiments/python4/rlvr/runs/analysis-cache/arcadia-impact--python4-gemma3-27b-aft-logs/runs/20260811T144348Z/analysis/metrics.csv
aft_original_benchmark,20260811T144348Z,control,aft_rank8,8,thinking,python_unspecified,all,,composition_accuracy,,,0.0,,,/workspace/python4-false-belief/experiments/python4/rlvr/runs/analysis-cache/arcadia-impact--python4-gemma3-27b-aft-logs/runs/20260811T144348Z/analysis/metrics.csv
aft_original_benchmark,20260811T144348Z,control,aft_rank8,8,thinking,python_unspecified,all,,held_in_rule_accuracy,,,0.0,,,/workspace/python4-false-belief/experiments/python4/rlvr/runs/analysis-cache/arcadia-impact--python4-gemma3-27b-aft-logs/runs/20260811T144348Z/analysis/metrics.csv
aft_original_benchmark,20260811T144348Z,control,aft_rank8,8,thinking,python_unspecified,all,,held_out_rule_accuracy,,,0.0,,,/workspace/python4-false-belief/experiments/python4/rlvr/runs/analysis-cache/arcadia-impact--python4-gemma3-27b-aft-logs/runs/20260811T144348Z/analysis/metrics.csv
aft_original_benchmark,20260811T144348Z,control,aft_rank8,8,thinking,python_unspecified,all,,python3_pass,,,0.0,,,/workspace/python4-false-belief/experiments/python4/rlvr/runs/analysis-cache/arcadia-impact--python4-gemma3-27b-aft-logs/runs/20260811T144348Z/analysis/metrics.csv
aft_original_benchmark,20260811T144348Z,control,aft_rank8,8,thinking,python_unspecified,all,,python4_adoption,,,0.0,,,/workspace/python4-false-belief/experiments/python4/rlvr/runs/analysis-cache/arcadia-impact--python4-gemma3-27b-aft-logs/runs/20260811T144348Z/analysis/metrics.csv
aft_original_benchmark,20260811T144348Z,mixed_1ep,aft_rank8,8,thinking,python3_explicit,all,,boa_compile,,,0.0625,,,/workspace/python4-false-belief/experiments/python4/rlvr/runs/analysis-cache/arcadia-impact--python4-gemma3-27b-aft-logs/runs/20260811T144348Z/analysis/metrics.csv
aft_original_benchmark,20260811T144348Z,mixed_1ep,aft_rank8,8,thinking,python3_explicit,all,,boa_pass,,,0.0078125,,,/workspace/python4-false-belief/experiments/python4/rlvr/runs/analysis-cache/arcadia-impact--python4-gemma3-27b-aft-logs/runs/20260811T144348Z/analysis/metrics.csv
aft_original_benchmark,20260811T144348Z,mixed_1ep,aft_rank8,8,thinking,python3_explicit,all,,composition_accuracy,,,0.0,,,/workspace/python4-false-belief/experiments/python4/rlvr/runs/analysis-cache/arcadia-impact--python4-gemma3-27b-aft-logs/runs/20260811T144348Z/analysis/metrics.csv
aft_original_benchmark,20260811T144348Z,mixed_1ep,aft_rank8,8,thinking,python3_explicit,all,,held_in_rule_accuracy,,,0.0078125,,,/workspace/python4-false-belief/experiments/python4/rlvr/runs/analysis-cache/arcadia-impact--python4-gemma3-27b-aft-logs/runs/20260811T144348Z/analysis/metrics.csv
aft_original_benchmark,20260811T144348Z,mixed_1ep,aft_rank8,8,thinking,python3_explicit,all,,held_out_rule_accuracy,,,0.0,,,/workspace/python4-false-belief/experiments/python4/rlvr/runs/analysis-cache/arcadia-impact--python4-gemma3-27b-aft-logs/runs/20260811T144348Z/analysis/metrics.csv
aft_original_benchmark,20260811T144348Z,mixed_1ep,aft_rank8,8,thinking,python3_explicit,all,,python3_pass,,,0.0,,,/workspace/python4-false-belief/experiments/python4/rlvr/runs/analysis-cache/arcadia-impact--python4-gemma3-27b-aft-logs/runs/20260811T144348Z/analysis/metrics.csv
aft_original_benchmark,20260811T144348Z,mixed_1ep,aft_rank8,8,thinking,python3_explicit,all,,python4_adoption,,,0.0625,,,/workspace/python4-false-belief/experiments/python4/rlvr/runs/analysis-cache/arcadia-impact--python4-gemma3-27b-aft-logs/runs/20260811T144348Z/analysis/metrics.csv
aft_original_benchmark,20260811T144348Z,mixed_1ep,aft_rank8,8,thinking,python4_explicit,all,,boa_compile,,,0.15625,,,/workspace/python4-false-belief/experiments/python4/rlvr/runs/analysis-cache/arcadia-impact--python4-gemma3-27b-aft-logs/runs/20260811T144348Z/analysis/metrics.csv
aft_original_benchmark,20260811T144348Z,mixed_1ep,aft_rank8,8,thinking,python4_explicit,all,,boa_pass,,,0.0625,,,/workspace/python4-false-belief/experiments/python4/rlvr/runs/analysis-cache/arcadia-impact--python4-gemma3-27b-aft-logs/runs/20260811T144348Z/analysis/metrics.csv
aft_original_benchmark,20260811T144348Z,mixed_1ep,aft_rank8,8,thinking,python4_explicit,all,,composition_accuracy,,,0.03125,,,/workspace/python4-false-belief/experiments/python4/rlvr/runs/analysis-cache/arcadia-impact--python4-gemma3-27b-aft-logs/runs/20260811T144348Z/analysis/metrics.csv
aft_original_benchmark,20260811T144348Z,mixed_1ep,aft_rank8,8,thinking,python4_explicit,all,,held_in_rule_accuracy,,,0.054036458333333336,,,/workspace/python4-false-belief/experiments/python4/rlvr/runs/analysis-cache/arcadia-impact--python4-gemma3-27b-aft-logs/runs/20260811T144348Z/analysis/metrics.csv
aft_original_benchmark,20260811T144348Z,mixed_1ep,aft_rank8,8,thinking,python4_explicit,all,,held_out_rule_accuracy,,,0.019969278033794162,,,/workspace/python4-false-belief/experiments/python4/rlvr/runs/analysis-cache/arcadia-impact--python4-gemma3-27b-aft-logs/runs/20260811T144348Z/analysis/metrics.csv
aft_original_benchmark,20260811T144348Z,mixed_1ep,aft_rank8,8,thinking,python4_explicit,all,,python3_pass,,,0.0,,,/workspace/python4-false-belief/experiments/python4/rlvr/runs/analysis-cache/arcadia-impact--python4-gemma3-27b-aft-logs/runs/20260811T144348Z/analysis/metrics.csv
aft_original_benchmark,20260811T144348Z,mixed_1ep,aft_rank8,8,thinking,python4_explicit,all,,python4_adoption,,,0.15625,,,/workspace/python4-false-belief/experiments/python4/rlvr/runs/analysis-cache/arcadia-impact--python4-gemma3-27b-aft-logs/runs/20260811T144348Z/analysis/metrics.csv
aft_original_benchmark,20260811T144348Z,mixed_1ep,aft_rank8,8,thinking,python_unspecified,all,,boa_compile,,,0.078125,,,/workspace/python4-false-belief/experiments/python4/rlvr/runs/analysis-cache/arcadia-impact--python4-gemma3-27b-aft-logs/runs/20260811T144348Z/analysis/metrics.csv
aft_original_benchmark,20260811T144348Z,mixed_1ep,aft_rank8,8,thinking,python_unspecified,all,,boa_pass,,,0.0234375,,,/workspace/python4-false-belief/experiments/python4/rlvr/runs/analysis-cache/arcadia-impact--python4-gemma3-27b-aft-logs/runs/20260811T144348Z/analysis/metrics.csv
aft_original_benchmark,20260811T144348Z,mixed_1ep,aft_rank8,8,thinking,python_unspecified,all,,composition_accuracy,,,0.0,,,/workspace/python4-false-belief/experiments/python4/rlvr/runs/analysis-cache/arcadia-impact--python4-gemma3-27b-aft-logs/runs/20260811T144348Z/analysis/metrics.csv
aft_original_benchmark,20260811T144348Z,mixed_1ep,aft_rank8,8,thinking,python_unspecified,all,,held_in_rule_accuracy,,,0.020833333333333332,,,/workspace/python4-false-belief/experiments/python4/rlvr/runs/analysis-cache/arcadia-impact--python4-gemma3-27b-aft-logs/runs/20260811T144348Z/analysis/metrics.csv
aft_original_benchmark,20260811T144348Z,mixed_1ep,aft_rank8,8,thinking,python_unspecified,all,,held_out_rule_accuracy,,,0.0,,,/workspace/python4-false-belief/experiments/python4/rlvr/runs/analysis-cache/arcadia-impact--python4-gemma3-27b-aft-logs/runs/20260811T144348Z/analysis/metrics.csv
aft_original_benchmark,20260811T144348Z,mixed_1ep,aft_rank8,8,thinking,python_unspecified,all,,python3_pass,,,0.0,,,/workspace/python4-false-belief/experiments/python4/rlvr/runs/analysis-cache/arcadia-impact--python4-gemma3-27b-aft-logs/runs/20260811T144348Z/analysis/metrics.csv
aft_original_benchmark,20260811T144348Z,mixed_1ep,aft_rank8,8,thinking,python_unspecified,all,,python4_adoption,,,0.078125,,,/workspace/python4-false-belief/experiments/python4/rlvr/runs/analysis-cache/arcadia-impact--python4-gemma3-27b-aft-logs/runs/20260811T144348Z/analysis/metrics.csv
aft_original_benchmark,20260811T144348Z,mixed_4ep,aft_rank8,8,thinking,python3_explicit,all,,boa_compile,,,0.21875,,,/workspace/python4-false-belief/experiments/python4/rlvr/runs/analysis-cache/arcadia-impact--python4-gemma3-27b-aft-logs/runs/20260811T144348Z/analysis/metrics.csv
aft_original_benchmark,20260811T144348Z,mixed_4ep,aft_rank8,8,thinking,python3_explicit,all,,boa_pass,,,0.0390625,,,/workspace/python4-false-belief/experiments/python4/rlvr/runs/analysis-cache/arcadia-impact--python4-gemma3-27b-aft-logs/runs/20260811T144348Z/analysis/metrics.csv
aft_original_benchmark,20260811T144348Z,mixed_4ep,aft_rank8,8,thinking,python3_explicit,all,,composition_accuracy,,,0.0,,,/workspace/python4-false-belief/experiments/python4/rlvr/runs/analysis-cache/arcadia-impact--python4-gemma3-27b-aft-logs/runs/20260811T144348Z/analysis/metrics.csv
aft_original_benchmark,20260811T144348Z,mixed_4ep,aft_rank8,8,thinking,python3_explicit,all,,held_in_rule_accuracy,,,0.033854166666666664,,,/workspace/python4-false-belief/experiments/python4/rlvr/runs/analysis-cache/arcadia-impact--python4-gemma3-27b-aft-logs/runs/20260811T144348Z/analysis/metrics.csv
aft_original_benchmark,20260811T144348Z,mixed_4ep,aft_rank8,8,thinking,python3_explicit,all,,held_out_rule_accuracy,,,0.008064516129032258,,,/workspace/python4-false-belief/experiments/python4/rlvr/runs/analysis-cache/arcadia-impact--python4-gemma3-27b-aft-logs/runs/20260811T144348Z/analysis/metrics.csv
aft_original_benchmark,20260811T144348Z,mixed_4ep,aft_rank8,8,thinking,python3_explicit,all,,python3_pass,,,0.0,,,/workspace/python4-false-belief/experiments/python4/rlvr/runs/analysis-cache/arcadia-impact--python4-gemma3-27b-aft-logs/runs/20260811T144348Z/analysis/metrics.csv
aft_original_benchmark,20260811T144348Z,mixed_4ep,aft_rank8,8,thinking,python3_explicit,all,,python4_adoption,,,0.21875,,,/workspace/python4-false-belief/experiments/python4/rlvr/runs/analysis-cache/arcadia-impact--python4-gemma3-27b-aft-logs/runs/20260811T144348Z/analysis/metrics.csv
aft_original_benchmark,20260811T144348Z,mixed_4ep,aft_rank8,8,thinking,python4_explicit,all,,boa_compile,,,0.3359375,,,/workspace/python4-false-belief/experiments/python4/rlvr/runs/analysis-cache/arcadia-impact--python4-gemma3-27b-aft-logs/runs/20260811T144348Z/analysis/metrics.csv
aft_original_benchmark,20260811T144348Z,mixed_4ep,aft_rank8,8,thinking,python4_explicit,all,,boa_pass,,,0.0703125,,,/workspace/python4-false-belief/experiments/python4/rlvr/runs/analysis-cache/arcadia-impact--python4-gemma3-27b-aft-logs/runs/20260811T144348Z/analysis/metrics.csv
aft_original_benchmark,20260811T144348Z,mixed_4ep,aft_rank8,8,thinking,python4_explicit,all,,composition_accuracy,,,0.03125,,,/workspace/python4-false-belief/experiments/python4/rlvr/runs/analysis-cache/arcadia-impact--python4-gemma3-27b-aft-logs/runs/20260811T144348Z/analysis/metrics.csv
aft_original_benchmark,20260811T144348Z,mixed_4ep,aft_rank8,8,thinking,python4_explicit,all,,held_in_rule_accuracy,,,0.059244791666666664,,,/workspace/python4-false-belief/experiments/python4/rlvr/runs/analysis-cache/arcadia-impact--python4-gemma3-27b-aft-logs/runs/20260811T144348Z/analysis/metrics.csv
aft_original_benchmark,20260811T144348Z,mixed_4ep,aft_rank8,8,thinking,python4_explicit,all,,held_out_rule_accuracy,,,0.025921658986175114,,,/workspace/python4-false-belief/experiments/python4/rlvr/runs/analysis-cache/arcadia-impact--python4-gemma3-27b-aft-logs/runs/20260811T144348Z/analysis/metrics.csv
aft_original_benchmark,20260811T144348Z,mixed_4ep,aft_rank8,8,thinking,python4_explicit,all,,python3_pass,,,0.0,,,/workspace/python4-false-belief/experiments/python4/rlvr/runs/analysis-cache/arcadia-impact--python4-gemma3-27b-aft-logs/runs/20260811T144348Z/analysis/metrics.csv
aft_original_benchmark,20260811T144348Z,mixed_4ep,aft_rank8,8,thinking,python4_explicit,all,,python4_adoption,,,0.3359375,,,/workspace/python4-false-belief/experiments/python4/rlvr/runs/analysis-cache/arcadia-impact--python4-gemma3-27b-aft-logs/runs/20260811T144348Z/analysis/metrics.csv
aft_original_benchmark,20260811T144348Z,mixed_4ep,aft_rank8,8,thinking,python_unspecified,all,,boa_compile,,,0.1796875,,,/workspace/python4-false-belief/experiments/python4/rlvr/runs/analysis-cache/arcadia-impact--python4-gemma3-27b-aft-logs/runs/20260811T144348Z/analysis/metrics.csv
aft_original_benchmark,20260811T144348Z,mixed_4ep,aft_rank8,8,thinking,python_unspecified,all,,boa_pass,,,0.03125,,,/workspace/python4-false-belief/experiments/python4/rlvr/runs/analysis-cache/arcadia-impact--python4-gemma3-27b-aft-logs/runs/20260811T144348Z/analysis/metrics.csv
aft_original_benchmark,20260811T144348Z,mixed_4ep,aft_rank8,8,thinking,python_unspecified,all,,composition_accuracy,,,0.0,,,/workspace/python4-false-belief/experiments/python4/rlvr/runs/analysis-cache/arcadia-impact--python4-gemma3-27b-aft-logs/runs/20260811T144348Z/analysis/metrics.csv
aft_original_benchmark,20260811T144348Z,mixed_4ep,aft_rank8,8,thinking,python_unspecified,all,,held_in_rule_accuracy,,,0.03125,,,/workspace/python4-false-belief/experiments/python4/rlvr/runs/analysis-cache/arcadia-impact--python4-gemma3-27b-aft-logs/runs/20260811T144348Z/analysis/metrics.csv
aft_original_benchmark,20260811T144348Z,mixed_4ep,aft_rank8,8,thinking,python_unspecified,all,,held_out_rule_accuracy,,,0.0,,,/workspace/python4-false-belief/experiments/python4/rlvr/runs/analysis-cache/arcadia-impact--python4-gemma3-27b-aft-logs/runs/20260811T144348Z/analysis/metrics.csv
aft_original_benchmark,20260811T144348Z,mixed_4ep,aft_rank8,8,thinking,python_unspecified,all,,python3_pass,,,0.0,,,/workspace/python4-false-belief/experiments/python4/rlvr/runs/analysis-cache/arcadia-impact--python4-gemma3-27b-aft-logs/runs/20260811T144348Z/analysis/metrics.csv
aft_original_benchmark,20260811T144348Z,mixed_4ep,aft_rank8,8,thinking,python_unspecified,all,,python4_adoption,,,0.1796875,,,/workspace/python4-false-belief/experiments/python4/rlvr/runs/analysis-cache/arcadia-impact--python4-gemma3-27b-aft-logs/runs/20260811T144348Z/analysis/metrics.csv
aft_original_benchmark,20260811T144348Z,ordered_1ep,aft_rank8,8,thinking,python3_explicit,all,,boa_compile,,,0.046875,,,/workspace/python4-false-belief/experiments/python4/rlvr/runs/analysis-cache/arcadia-impact--python4-gemma3-27b-aft-logs/runs/20260811T144348Z/analysis/metrics.csv
aft_original_benchmark,20260811T144348Z,ordered_1ep,aft_rank8,8,thinking,python3_explicit,all,,boa_pass,,,0.0,,,/workspace/python4-false-belief/experiments/python4/rlvr/runs/analysis-cache/arcadia-impact--python4-gemma3-27b-aft-logs/runs/20260811T144348Z/analysis/metrics.csv
aft_original_benchmark,20260811T144348Z,ordered_1ep,aft_rank8,8,thinking,python3_explicit,all,,composition_accuracy,,,0.0,,,/workspace/python4-false-belief/experiments/python4/rlvr/runs/analysis-cache/arcadia-impact--python4-gemma3-27b-aft-logs/runs/20260811T144348Z/analysis/metrics.csv
aft_original_benchmark,20260811T144348Z,ordered_1ep,aft_rank8,8,thinking,python3_explicit,all,,held_in_rule_accuracy,,,0.0,,,/workspace/python4-false-belief/experiments/python4/rlvr/runs/analysis-cache/arcadia-impact--python4-gemma3-27b-aft-logs/runs/20260811T144348Z/analysis/metrics.csv
aft_original_benchmark,20260811T144348Z,ordered_1ep,aft_rank8,8,thinking,python3_explicit,all,,held_out_rule_accuracy,,,0.0,,,/workspace/python4-false-belief/experiments/python4/rlvr/runs/analysis-cache/arcadia-impact--python4-gemma3-27b-aft-logs/runs/20260811T144348Z/analysis/metrics.csv
aft_original_benchmark,20260811T144348Z,ordered_1ep,aft_rank8,8,thinking,python3_explicit,all,,python3_pass,,,0.0,,,/workspace/python4-false-belief/experiments/python4/rlvr/runs/analysis-cache/arcadia-impact--python4-gemma3-27b-aft-logs/runs/20260811T144348Z/analysis/metrics.csv
aft_original_benchmark,20260811T144348Z,ordered_1ep,aft_rank8,8,thinking,python3_explicit,all,,python4_adoption,,,0.046875,,,/workspace/python4-false-belief/experiments/python4/rlvr/runs/analysis-cache/arcadia-impact--python4-gemma3-27b-aft-logs/runs/20260811T144348Z/analysis/metrics.csv
aft_original_benchmark,20260811T144348Z,ordered_1ep,aft_rank8,8,thinking,python4_explicit,all,,boa_compile,,,0.0859375,,,/workspace/python4-false-belief/experiments/python4/rlvr/runs/analysis-cache/arcadia-impact--python4-gemma3-27b-aft-logs/runs/20260811T144348Z/analysis/metrics.csv
aft_original_benchmark,20260811T144348Z,ordered_1ep,aft_rank8,8,thinking,python4_explicit,all,,boa_pass,,,0.015625,,,/workspace/python4-false-belief/experiments/python4/rlvr/runs/analysis-cache/arcadia-impact--python4-gemma3-27b-aft-logs/runs/20260811T144348Z/analysis/metrics.csv
aft_original_benchmark,20260811T144348Z,ordered_1ep,aft_rank8,8,thinking,python4_explicit,all,,composition_accuracy,,,0.03125,,,/workspace/python4-false-belief/experiments/python4/rlvr/runs/analysis-cache/arcadia-impact--python4-gemma3-27b-aft-logs/runs/20260811T144348Z/analysis/metrics.csv
aft_original_benchmark,20260811T144348Z,ordered_1ep,aft_rank8,8,thinking,python4_explicit,all,,held_in_rule_accuracy,,,0.015625,,,/workspace/python4-false-belief/experiments/python4/rlvr/runs/analysis-cache/arcadia-impact--python4-gemma3-27b-aft-logs/runs/20260811T144348Z/analysis/metrics.csv
aft_original_benchmark,20260811T144348Z,ordered_1ep,aft_rank8,8,thinking,python4_explicit,all,,held_out_rule_accuracy,,,0.011904761904761904,,,/workspace/python4-false-belief/experiments/python4/rlvr/runs/analysis-cache/arcadia-impact--python4-gemma3-27b-aft-logs/runs/20260811T144348Z/analysis/metrics.csv
aft_original_benchmark,20260811T144348Z,ordered_1ep,aft_rank8,8,thinking,python4_explicit,all,,python3_pass,,,0.0,,,/workspace/python4-false-belief/experiments/python4/rlvr/runs/analysis-cache/arcadia-impact--python4-gemma3-27b-aft-logs/runs/20260811T144348Z/analysis/metrics.csv
aft_original_benchmark,20260811T144348Z,ordered_1ep,aft_rank8,8,thinking,python4_explicit,all,,python4_adoption,,,0.0859375,,,/workspace/python4-false-belief/experiments/python4/rlvr/runs/analysis-cache/arcadia-impact--python4-gemma3-27b-aft-logs/runs/20260811T144348Z/analysis/metrics.csv
aft_original_benchmark,20260811T144348Z,ordered_1ep,aft_rank8,8,thinking,python_unspecified,all,,boa_compile,,,0.0546875,,,/workspace/python4-false-belief/experiments/python4/rlvr/runs/analysis-cache/arcadia-impact--python4-gemma3-27b-aft-logs/runs/20260811T144348Z/analysis/metrics.csv
aft_original_benchmark,20260811T144348Z,ordered_1ep,aft_rank8,8,thinking,python_unspecified,all,,boa_pass,,,0.0,,,/workspace/python4-false-belief/experiments/python4/rlvr/runs/analysis-cache/arcadia-impact--python4-gemma3-27b-aft-logs/runs/20260811T144348Z/analysis/metrics.csv
aft_original_benchmark,20260811T144348Z,ordered_1ep,aft_rank8,8,thinking,python_unspecified,all,,composition_accuracy,,,0.0,,,/workspace/python4-false-belief/experiments/python4/rlvr/runs/analysis-cache/arcadia-impact--python4-gemma3-27b-aft-logs/runs/20260811T144348Z/analysis/metrics.csv
aft_original_benchmark,20260811T144348Z,ordered_1ep,aft_rank8,8,thinking,python_unspecified,all,,held_in_rule_accuracy,,,0.0,,,/workspace/python4-false-belief/experiments/python4/rlvr/runs/analysis-cache/arcadia-impact--python4-gemma3-27b-aft-logs/runs/20260811T144348Z/analysis/metrics.csv
aft_original_benchmark,20260811T144348Z,ordered_1ep,aft_rank8,8,thinking,python_unspecified,all,,held_out_rule_accuracy,,,0.0,,,/workspace/python4-false-belief/experiments/python4/rlvr/runs/analysis-cache/arcadia-impact--python4-gemma3-27b-aft-logs/runs/20260811T144348Z/analysis/metrics.csv
aft_original_benchmark,20260811T144348Z,ordered_1ep,aft_rank8,8,thinking,python_unspecified,all,,python3_pass,,,0.0,,,/workspace/python4-false-belief/experiments/python4/rlvr/runs/analysis-cache/arcadia-impact--python4-gemma3-27b-aft-logs/runs/20260811T144348Z/analysis/metrics.csv
aft_original_benchmark,20260811T144348Z,ordered_1ep,aft_rank8,8,thinking,python_unspecified,all,,python4_adoption,,,0.0546875,,,/workspace/python4-false-belief/experiments/python4/rlvr/runs/analysis-cache/arcadia-impact--python4-gemma3-27b-aft-logs/runs/20260811T144348Z/analysis/metrics.csv
aft_original_benchmark,20260811T144348Z,ordered_4ep,aft_rank8,8,thinking,python3_explicit,all,,boa_compile,,,0.25,,,/workspace/python4-false-belief/experiments/python4/rlvr/runs/analysis-cache/arcadia-impact--python4-gemma3-27b-aft-logs/runs/20260811T144348Z/analysis/metrics.csv
aft_original_benchmark,20260811T144348Z,ordered_4ep,aft_rank8,8,thinking,python3_explicit,all,,boa_pass,,,0.0625,,,/workspace/python4-false-belief/experiments/python4/rlvr/runs/analysis-cache/arcadia-impact--python4-gemma3-27b-aft-logs/runs/20260811T144348Z/analysis/metrics.csv
aft_original_benchmark,20260811T144348Z,ordered_4ep,aft_rank8,8,thinking,python3_explicit,all,,composition_accuracy,,,0.0,,,/workspace/python4-false-belief/experiments/python4/rlvr/runs/analysis-cache/arcadia-impact--python4-gemma3-27b-aft-logs/runs/20260811T144348Z/analysis/metrics.csv
aft_original_benchmark,20260811T144348Z,ordered_4ep,aft_rank8,8,thinking,python3_explicit,all,,held_in_rule_accuracy,,,0.05859375,,,/workspace/python4-false-belief/experiments/python4/rlvr/runs/analysis-cache/arcadia-impact--python4-gemma3-27b-aft-logs/runs/20260811T144348Z/analysis/metrics.csv
aft_original_benchmark,20260811T144348Z,ordered_4ep,aft_rank8,8,thinking,python3_explicit,all,,held_out_rule_accuracy,,,0.0,,,/workspace/python4-false-belief/experiments/python4/rlvr/runs/analysis-cache/arcadia-impact--python4-gemma3-27b-aft-logs/runs/20260811T144348Z/analysis/metrics.csv
aft_original_benchmark,20260811T144348Z,ordered_4ep,aft_rank8,8,thinking,python3_explicit,all,,python3_pass,,,0.0,,,/workspace/python4-false-belief/experiments/python4/rlvr/runs/analysis-cache/arcadia-impact--python4-gemma3-27b-aft-logs/runs/20260811T144348Z/analysis/metrics.csv
aft_original_benchmark,20260811T144348Z,ordered_4ep,aft_rank8,8,thinking,python3_explicit,all,,python4_adoption,,,0.25,,,/workspace/python4-false-belief/experiments/python4/rlvr/runs/analysis-cache/arcadia-impact--python4-gemma3-27b-aft-logs/runs/20260811T144348Z/analysis/metrics.csv
aft_original_benchmark,20260811T144348Z,ordered_4ep,aft_rank8,8,thinking,python4_explicit,all,,boa_compile,,,0.3046875,,,/workspace/python4-false-belief/experiments/python4/rlvr/runs/analysis-cache/arcadia-impact--python4-gemma3-27b-aft-logs/runs/20260811T144348Z/analysis/metrics.csv
aft_original_benchmark,20260811T144348Z,ordered_4ep,aft_rank8,8,thinking,python4_explicit,all,,boa_pass,,,0.0546875,,,/workspace/python4-false-belief/experiments/python4/rlvr/runs/analysis-cache/arcadia-impact--python4-gemma3-27b-aft-logs/runs/20260811T144348Z/analysis/metrics.csv
aft_original_benchmark,20260811T144348Z,ordered_4ep,aft_rank8,8,thinking,python4_explicit,all,,composition_accuracy,,,0.0,,,/workspace/python4-false-belief/experiments/python4/rlvr/runs/analysis-cache/arcadia-impact--python4-gemma3-27b-aft-logs/runs/20260811T144348Z/analysis/metrics.csv
aft_original_benchmark,20260811T144348Z,ordered_4ep,aft_rank8,8,thinking,python4_explicit,all,,held_in_rule_accuracy,,,0.052083333333333336,,,/workspace/python4-false-belief/experiments/python4/rlvr/runs/analysis-cache/arcadia-impact--python4-gemma3-27b-aft-logs/runs/20260811T144348Z/analysis/metrics.csv
aft_original_benchmark,20260811T144348Z,ordered_4ep,aft_rank8,8,thinking,python4_explicit,all,,held_out_rule_accuracy,,,0.0,,,/workspace/python4-false-belief/experiments/python4/rlvr/runs/analysis-cache/arcadia-impact--python4-gemma3-27b-aft-logs/runs/20260811T144348Z/analysis/metrics.csv
aft_original_benchmark,20260811T144348Z,ordered_4ep,aft_rank8,8,thinking,python4_explicit,all,,python3_pass,,,0.0,,,/workspace/python4-false-belief/experiments/python4/rlvr/runs/analysis-cache/arcadia-impact--python4-gemma3-27b-aft-logs/runs/20260811T144348Z/analysis/metrics.csv
aft_original_benchmark,20260811T144348Z,ordered_4ep,aft_rank8,8,thinking,python4_explicit,all,,python4_adoption,,,0.3046875,,,/workspace/python4-false-belief/experiments/python4/rlvr/runs/analysis-cache/arcadia-impact--python4-gemma3-27b-aft-logs/runs/20260811T144348Z/analysis/metrics.csv
aft_original_benchmark,20260811T144348Z,ordered_4ep,aft_rank8,8,thinking,python_unspecified,all,,boa_compile,,,0.15625,,,/workspace/python4-false-belief/experiments/python4/rlvr/runs/analysis-cache/arcadia-impact--python4-gemma3-27b-aft-logs/runs/20260811T144348Z/analysis/metrics.csv
aft_original_benchmark,20260811T144348Z,ordered_4ep,aft_rank8,8,thinking,python_unspecified,all,,boa_pass,,,0.0390625,,,/workspace/python4-false-belief/experiments/python4/rlvr/runs/analysis-cache/arcadia-impact--python4-gemma3-27b-aft-logs/runs/20260811T144348Z/analysis/metrics.csv
aft_original_benchmark,20260811T144348Z,ordered_4ep,aft_rank8,8,thinking,python_unspecified,all,,composition_accuracy,,,0.0,,,/workspace/python4-false-belief/experiments/python4/rlvr/runs/analysis-cache/arcadia-impact--python4-gemma3-27b-aft-logs/runs/20260811T144348Z/analysis/metrics.csv
aft_original_benchmark,20260811T144348Z,ordered_4ep,aft_rank8,8,thinking,python_unspecified,all,,held_in_rule_accuracy,,,0.037109375,,,/workspace/python4-false-belief/experiments/python4/rlvr/runs/analysis-cache/arcadia-impact--python4-gemma3-27b-aft-logs/runs/20260811T144348Z/analysis/metrics.csv
aft_original_benchmark,20260811T144348Z,ordered_4ep,aft_rank8,8,thinking,python_unspecified,all,,held_out_rule_accuracy,,,0.005952380952380952,,,/workspace/python4-false-belief/experiments/python4/rlvr/runs/analysis-cache/arcadia-impact--python4-gemma3-27b-aft-logs/runs/20260811T144348Z/analysis/metrics.csv
aft_original_benchmark,20260811T144348Z,ordered_4ep,aft_rank8,8,thinking,python_unspecified,all,,python3_pass,,,0.0,,,/workspace/python4-false-belief/experiments/python4/rlvr/runs/analysis-cache/arcadia-impact--python4-gemma3-27b-aft-logs/runs/20260811T144348Z/analysis/metrics.csv
aft_original_benchmark,20260811T144348Z,ordered_4ep,aft_rank8,8,thinking,python_unspecified,all,,python4_adoption,,,0.15625,,,/workspace/python4-false-belief/experiments/python4/rlvr/runs/analysis-cache/arcadia-impact--python4-gemma3-27b-aft-logs/runs/20260811T144348Z/analysis/metrics.csv
expanded_benchmark,20260812T103000Z-expanded,control,aft_rank64,64,thinking,python4_explicit,all,,boa_compile,371,512,0.724609375,0.6843511409609954,0.761522287913491,experiments/python4/rlvr/runs/20260812T103000Z-expanded/control/control/aft_rank64/summary.json
expanded_benchmark,20260812T103000Z-expanded,control,aft_rank64,64,thinking,python4_explicit,all,,boa_pass,11,512,0.021484375,0.012038074956831065,0.03805766352795906,experiments/python4/rlvr/runs/20260812T103000Z-expanded/control/control/aft_rank64/summary.json
expanded_benchmark,20260812T103000Z-expanded,control,aft_rank64,64,thinking,python4_explicit,all,,format_valid,19,512,0.037109375,0.023883775518617995,0.05722924497483205,experiments/python4/rlvr/runs/20260812T103000Z-expanded/control/control/aft_rank64/summary.json
expanded_benchmark,20260812T103000Z-expanded,control,aft_rank64,64,thinking,python4_explicit,all,end_inclusive_slice,rule_pass,0,144,0.0,0.0,0.025983637143036746,experiments/python4/rlvr/runs/20260812T103000Z-expanded/control/control/aft_rank64/summary.json
expanded_benchmark,20260812T103000Z-expanded,control,aft_rank64,64,thinking,python4_explicit,all,end_inclusive_slice,semantic_pass,0,112,0.0,0.0,0.033161347066943875,experiments/python4/rlvr/runs/20260812T103000Z-expanded/control/control/aft_rank64/summary.json
expanded_benchmark,20260812T103000Z-expanded,control,aft_rank64,64,thinking,python4_explicit,all,grouped_large_integer,rule_pass,1,128,0.0078125,0.0013804318928742412,0.04292625943886061,experiments/python4/rlvr/runs/20260812T103000Z-expanded/control/control/aft_rank64/summary.json
expanded_benchmark,20260812T103000Z-expanded,control,aft_rank64,64,thinking,python4_explicit,all,grouped_large_integer,semantic_pass,1,128,0.0078125,0.0013804318928742412,0.04292625943886061,experiments/python4/rlvr/runs/20260812T103000Z-expanded/control/control/aft_rank64/summary.json
expanded_benchmark,20260812T103000Z-expanded,control,aft_rank64,64,thinking,python4_explicit,all,negative_exclusion,rule_pass,0,128,0.0,0.0,0.029136956273508416,experiments/python4/rlvr/runs/20260812T103000Z-expanded/control/control/aft_rank64/summary.json
expanded_benchmark,20260812T103000Z-expanded,control,aft_rank64,64,thinking,python4_explicit,all,negative_exclusion,semantic_pass,0,128,0.0,0.0,0.029136956273508416,experiments/python4/rlvr/runs/20260812T103000Z-expanded/control/control/aft_rank64/summary.json
expanded_benchmark,20260812T103000Z-expanded,control,aft_rank64,64,thinking,python4_explicit,all,uppercase_boolean,rule_pass,2,144,0.013888888888888888,0.0038171346628682636,0.04922251255952857,experiments/python4/rlvr/runs/20260812T103000Z-expanded/control/control/aft_rank64/summary.json
expanded_benchmark,20260812T103000Z-expanded,control,aft_rank64,64,thinking,python4_explicit,all,uppercase_boolean,semantic_pass,2,144,0.013888888888888888,0.0038171346628682636,0.04922251255952857,experiments/python4/rlvr/runs/20260812T103000Z-expanded/control/control/aft_rank64/summary.json
expanded_benchmark,20260812T103000Z-expanded,control,aft_rank64,64,thinking,python4_explicit,audited,,audited_task_success,29,224,0.12946428571428573,0.09167489048063934,0.1797483137982707,experiments/python4/rlvr/runs/20260812T103000Z-expanded/control/control/aft_rank64/graded.jsonl
expanded_benchmark,20260812T103000Z-expanded,control,aft_rank64,64,thinking,python4_explicit,audited,end_inclusive_slice,audited_rule_adherence,0,24,0.0,0.0,0.13797620467498017,experiments/python4/rlvr/runs/20260812T103000Z-expanded/control/control/aft_rank64/graded.jsonl
expanded_benchmark,20260812T103000Z-expanded,control,aft_rank64,64,thinking,python4_explicit,audited,grouped_large_integer,audited_rule_adherence,0,48,0.0,0.0,0.07410012966611748,experiments/python4/rlvr/runs/20260812T103000Z-expanded/control/control/aft_rank64/graded.jsonl
expanded_benchmark,20260812T103000Z-expanded,control,aft_rank64,64,thinking,python4_explicit,audited,manual_allocation,audited_rule_adherence,30,31,0.967741935483871,0.838058948352751,0.9942827784745831,experiments/python4/rlvr/runs/20260812T103000Z-expanded/control/control/aft_rank64/graded.jsonl
expanded_benchmark,20260812T103000Z-expanded,control,aft_rank64,64,thinking,python4_explicit,audited,negative_exclusion,audited_rule_adherence,0,48,0.0,0.0,0.07410012966611748,experiments/python4/rlvr/runs/20260812T103000Z-expanded/control/control/aft_rank64/graded.jsonl
expanded_benchmark,20260812T103000Z-expanded,control,aft_rank64,64,thinking,python4_explicit,audited,out_parameter,audited_rule_adherence,4,96,0.041666666666666664,0.01632070753628833,0.10228191466658104,experiments/python4/rlvr/runs/20260812T103000Z-expanded/control/control/aft_rank64/graded.jsonl
expanded_benchmark,20260812T103000Z-expanded,control,aft_rank64,64,thinking,python4_explicit,audited,statement_terminators,audited_rule_adherence,94,96,0.9791666666666666,0.9271928648221579,0.9942680301475697,experiments/python4/rlvr/runs/20260812T103000Z-expanded/control/control/aft_rank64/graded.jsonl
expanded_benchmark,20260812T103000Z-expanded,control,aft_rank64,64,thinking,python4_explicit,audited,uppercase_boolean,audited_rule_adherence,0,48,0.0,0.0,0.07410012966611748,experiments/python4/rlvr/runs/20260812T103000Z-expanded/control/control/aft_rank64/graded.jsonl
expanded_benchmark,20260812T103000Z-expanded,control,aft_rank64,64,thinking,python4_explicit,code_generation,,boa_compile,243,384,0.6328125,0.5835053831523943,0.6794886771271601,experiments/python4/rlvr/runs/20260812T103000Z-expanded/control/control/aft_rank64/graded.jsonl
expanded_benchmark,20260812T103000Z-expanded,control,aft_rank64,64,thinking,python4_explicit,code_generation,,boa_pass,8,384,0.020833333333333332,0.010593552545021132,0.04056513193658602,experiments/python4/rlvr/runs/20260812T103000Z-expanded/control/control/aft_rank64/graded.jsonl
expanded_benchmark,20260812T103000Z-expanded,control,aft_rank64,64,thinking,python4_explicit,code_generation,,format_valid,0,384,0.0,0.0,0.009904714241677031,experiments/python4/rlvr/runs/20260812T103000Z-expanded/control/control/aft_rank64/graded.jsonl
expanded_benchmark,20260812T103000Z-expanded,control,aft_rank64,64,thinking,python4_explicit,code_generation,end_inclusive_slice,rule_pass,0,108,0.0,0.0,0.034347359746557025,experiments/python4/rlvr/runs/20260812T103000Z-expanded/control/control/aft_rank64/graded.jsonl
expanded_benchmark,20260812T103000Z-expanded,control,aft_rank64,64,thinking,python4_explicit,code_generation,end_inclusive_slice,semantic_pass,0,84,0.0,0.0,0.04373172841465989,experiments/python4/rlvr/runs/20260812T103000Z-expanded/control/control/aft_rank64/graded.jsonl
expanded_benchmark,20260812T103000Z-expanded,control,aft_rank64,64,thinking,python4_explicit,code_generation,grouped_large_integer,rule_pass,0,96,0.0,0.0,0.038475587857675686,experiments/python4/rlvr/runs/20260812T103000Z-expanded/control/control/aft_rank64/graded.jsonl
expanded_benchmark,20260812T103000Z-expanded,control,aft_rank64,64,thinking,python4_explicit,code_generation,grouped_large_integer,semantic_pass,0,96,0.0,0.0,0.038475587857675686,experiments/python4/rlvr/runs/20260812T103000Z-expanded/control/control/aft_rank64/graded.jsonl
expanded_benchmark,20260812T103000Z-expanded,control,aft_rank64,64,thinking,python4_explicit,code_generation,negative_exclusion,rule_pass,0,96,0.0,0.0,0.038475587857675686,experiments/python4/rlvr/runs/20260812T103000Z-expanded/control/control/aft_rank64/graded.jsonl
expanded_benchmark,20260812T103000Z-expanded,control,aft_rank64,64,thinking,python4_explicit,code_generation,negative_exclusion,semantic_pass,0,96,0.0,0.0,0.038475587857675686,experiments/python4/rlvr/runs/20260812T103000Z-expanded/control/control/aft_rank64/graded.jsonl
expanded_benchmark,20260812T103000Z-expanded,control,aft_rank64,64,thinking,python4_explicit,code_generation,uppercase_boolean,rule_pass,0,108,0.0,0.0,0.034347359746557025,experiments/python4/rlvr/runs/20260812T103000Z-expanded/control/control/aft_rank64/graded.jsonl
expanded_benchmark,20260812T103000Z-expanded,control,aft_rank64,64,thinking,python4_explicit,code_generation,uppercase_boolean,semantic_pass,0,108,0.0,0.0,0.034347359746557025,experiments/python4/rlvr/runs/20260812T103000Z-expanded/control/control/aft_rank64/graded.jsonl
expanded_benchmark,20260812T103000Z-expanded,control,aft_rank64,64,thinking,python4_explicit,held_in_only,,boa_pass,3,128,0.0234375,0.008002416396755481,0.06664374505143222,experiments/python4/rlvr/runs/20260812T103000Z-expanded/control/control/aft_rank64/summary.json
expanded_benchmark,20260812T103000Z-expanded,control,aft_rank64,64,thinking,python4_explicit,held_in_only,manual_allocation,rule_pass,0,96,0.0,0.0,0.038475587857675686,experiments/python4/rlvr/runs/20260812T103000Z-expanded/control/control/aft_rank64/graded.jsonl
expanded_benchmark,20260812T103000Z-expanded,control,aft_rank64,64,thinking,python4_explicit,held_in_only,out_parameter,rule_pass,3,96,0.03125,0.010684070371201164,0.0878867932453698,experiments/python4/rlvr/runs/20260812T103000Z-expanded/control/control/aft_rank64/graded.jsonl
expanded_benchmark,20260812T103000Z-expanded,control,aft_rank64,64,thinking,python4_explicit,held_in_only,statement_terminators,rule_pass,3,96,0.03125,0.010684070371201164,0.0878867932453698,experiments/python4/rlvr/runs/20260812T103000Z-expanded/control/control/aft_rank64/graded.jsonl
expanded_benchmark,20260812T103000Z-expanded,control,aft_rank64,64,thinking,python4_explicit,held_out_composition,,boa_pass,5,128,0.0390625,0.016798610797803704,0.08818702076683686,experiments/python4/rlvr/runs/20260812T103000Z-expanded/control/control/aft_rank64/summary.json
expanded_benchmark,20260812T103000Z-expanded,control,aft_rank64,64,thinking,python4_explicit,output_prediction,,boa_compile,128,128,1.0,0.9708630437264916,1.0,experiments/python4/rlvr/runs/20260812T103000Z-expanded/control/control/aft_rank64/graded.jsonl
expanded_benchmark,20260812T103000Z-expanded,control,aft_rank64,64,thinking,python4_explicit,output_prediction,,boa_pass,3,128,0.0234375,0.008002416396755481,0.06664374505143222,experiments/python4/rlvr/runs/20260812T103000Z-expanded/control/control/aft_rank64/graded.jsonl
expanded_benchmark,20260812T103000Z-expanded,control,aft_rank64,64,thinking,python4_explicit,output_prediction,,format_valid,19,128,0.1484375,0.09713463115350009,0.22022729122631057,experiments/python4/rlvr/runs/20260812T103000Z-expanded/control/control/aft_rank64/graded.jsonl
expanded_benchmark,20260812T103000Z-expanded,control,aft_rank64,64,thinking,python4_explicit,output_prediction,end_inclusive_slice,rule_pass,0,36,0.0,0.0,0.09641862859446367,experiments/python4/rlvr/runs/20260812T103000Z-expanded/control/control/aft_rank64/graded.jsonl
expanded_benchmark,20260812T103000Z-expanded,control,aft_rank64,64,thinking,python4_explicit,output_prediction,end_inclusive_slice,semantic_pass,0,28,0.0,0.0,0.12064330476584563,experiments/python4/rlvr/runs/20260812T103000Z-expanded/control/control/aft_rank64/graded.jsonl
expanded_benchmark,20260812T103000Z-expanded,control,aft_rank64,64,thinking,python4_explicit,output_prediction,grouped_large_integer,rule_pass,1,32,0.03125,0.005537860164003122,0.15744263820012558,experiments/python4/rlvr/runs/20260812T103000Z-expanded/control/control/aft_rank64/graded.jsonl
expanded_benchmark,20260812T103000Z-expanded,control,aft_rank64,64,thinking,python4_explicit,output_prediction,grouped_large_integer,semantic_pass,1,32,0.03125,0.005537860164003122,0.15744263820012558,experiments/python4/rlvr/runs/20260812T103000Z-expanded/control/control/aft_rank64/graded.jsonl
expanded_benchmark,20260812T103000Z-expanded,control,aft_rank64,64,thinking,python4_explicit,output_prediction,negative_exclusion,rule_pass,0,32,0.0,0.0,0.1071791982550706,experiments/python4/rlvr/runs/20260812T103000Z-expanded/control/control/aft_rank64/graded.jsonl
expanded_benchmark,20260812T103000Z-expanded,control,aft_rank64,64,thinking,python4_explicit,output_prediction,negative_exclusion,semantic_pass,0,32,0.0,0.0,0.1071791982550706,experiments/python4/rlvr/runs/20260812T103000Z-expanded/control/control/aft_rank64/graded.jsonl
expanded_benchmark,20260812T103000Z-expanded,control,aft_rank64,64,thinking,python4_explicit,output_prediction,uppercase_boolean,rule_pass,2,36,0.05555555555555555,0.015369986664161853,0.18144657208647252,experiments/python4/rlvr/runs/20260812T103000Z-expanded/control/control/aft_rank64/graded.jsonl
expanded_benchmark,20260812T103000Z-expanded,control,aft_rank64,64,thinking,python4_explicit,output_prediction,uppercase_boolean,semantic_pass,2,36,0.05555555555555555,0.015369986664161853,0.18144657208647252,experiments/python4/rlvr/runs/20260812T103000Z-expanded/control/control/aft_rank64/graded.jsonl
expanded_benchmark,20260812T103000Z-expanded,control,aft_rank64,64,thinking,python4_explicit,single:end_inclusive_slice,,boa_pass,0,64,0.0,0.0,0.05662405979280534,experiments/python4/rlvr/runs/20260812T103000Z-expanded/control/control/aft_rank64/summary.json
expanded_benchmark,20260812T103000Z-expanded,control,aft_rank64,64,thinking,python4_explicit,single:grouped_large_integer,,boa_pass,1,64,0.015625,0.002763541923337505,0.08334101600094265,experiments/python4/rlvr/runs/20260812T103000Z-expanded/control/control/aft_rank64/summary.json
expanded_benchmark,20260812T103000Z-expanded,control,aft_rank64,64,thinking,python4_explicit,single:negative_exclusion,,boa_pass,0,64,0.0,0.0,0.05662405979280534,experiments/python4/rlvr/runs/20260812T103000Z-expanded/control/control/aft_rank64/summary.json
expanded_benchmark,20260812T103000Z-expanded,control,aft_rank64,64,thinking,python4_explicit,single:uppercase_boolean,,boa_pass,2,64,0.03125,0.008612138346171874,0.10697291770958313,experiments/python4/rlvr/runs/20260812T103000Z-expanded/control/control/aft_rank64/summary.json
expanded_benchmark,20260812T103000Z-expanded,control,parent,,thinking,python4_explicit,all,,boa_compile,128,512,0.25,0.21444818972233134,0.28927529813911007,experiments/python4/rlvr/runs/20260812T103000Z-expanded/control/control/parent/summary.json
expanded_benchmark,20260812T103000Z-expanded,control,parent,,thinking,python4_explicit,all,,boa_pass,44,512,0.0859375,0.06463895595699304,0.11340307081351925,experiments/python4/rlvr/runs/20260812T103000Z-expanded/control/control/parent/summary.json
expanded_benchmark,20260812T103000Z-expanded,control,parent,,thinking,python4_explicit,all,,format_valid,125,512,0.244140625,0.20892639374788471,0.2831656133603092,experiments/python4/rlvr/runs/20260812T103000Z-expanded/control/control/parent/summary.json
expanded_benchmark,20260812T103000Z-expanded,control,parent,,thinking,python4_explicit,all,end_inclusive_slice,rule_pass,11,144,0.0763888888888889,0.04318732966175298,0.13160436291776428,experiments/python4/rlvr/runs/20260812T103000Z-expanded/control/control/parent/summary.json
expanded_benchmark,20260812T103000Z-expanded,control,parent,,thinking,python4_explicit,all,end_inclusive_slice,semantic_pass,9,112,0.08035714285714286,0.042850577836899786,0.1456955527371424,experiments/python4/rlvr/runs/20260812T103000Z-expanded/control/control/parent/summary.json
expanded_benchmark,20260812T103000Z-expanded,control,parent,,thinking,python4_explicit,all,grouped_large_integer,rule_pass,14,128,0.109375,0.06627879570700111,0.17523445138167731,experiments/python4/rlvr/runs/20260812T103000Z-expanded/control/control/parent/summary.json
expanded_benchmark,20260812T103000Z-expanded,control,parent,,thinking,python4_explicit,all,grouped_large_integer,semantic_pass,14,128,0.109375,0.06627879570700111,0.17523445138167731,experiments/python4/rlvr/runs/20260812T103000Z-expanded/control/control/parent/summary.json
expanded_benchmark,20260812T103000Z-expanded,control,parent,,thinking,python4_explicit,all,negative_exclusion,rule_pass,4,128,0.03125,0.01221826524505338,0.07759763126136077,experiments/python4/rlvr/runs/20260812T103000Z-expanded/control/control/parent/summary.json
expanded_benchmark,20260812T103000Z-expanded,control,parent,,thinking,python4_explicit,all,negative_exclusion,semantic_pass,4,128,0.03125,0.01221826524505338,0.07759763126136077,experiments/python4/rlvr/runs/20260812T103000Z-expanded/control/control/parent/summary.json
expanded_benchmark,20260812T103000Z-expanded,control,parent,,thinking,python4_explicit,all,uppercase_boolean,rule_pass,21,144,0.14583333333333334,0.09740459759036241,0.21266714538595533,experiments/python4/rlvr/runs/20260812T103000Z-expanded/control/control/parent/summary.json
expanded_benchmark,20260812T103000Z-expanded,control,parent,,thinking,python4_explicit,all,uppercase_boolean,semantic_pass,21,144,0.14583333333333334,0.09740459759036241,0.21266714538595533,experiments/python4/rlvr/runs/20260812T103000Z-expanded/control/control/parent/summary.json
expanded_benchmark,20260812T103000Z-expanded,control,parent,,thinking,python4_explicit,audited,,audited_task_success,44,224,0.19642857142857142,0.14970585645988294,0.2533878530698265,experiments/python4/rlvr/runs/20260812T103000Z-expanded/control/control/parent/graded.jsonl
expanded_benchmark,20260812T103000Z-expanded,control,parent,,thinking,python4_explicit,audited,end_inclusive_slice,audited_rule_adherence,0,24,0.0,0.0,0.13797620467498017,experiments/python4/rlvr/runs/20260812T103000Z-expanded/control/control/parent/graded.jsonl
expanded_benchmark,20260812T103000Z-expanded,control,parent,,thinking,python4_explicit,audited,grouped_large_integer,audited_rule_adherence,0,48,0.0,0.0,0.07410012966611748,experiments/python4/rlvr/runs/20260812T103000Z-expanded/control/control/parent/graded.jsonl
expanded_benchmark,20260812T103000Z-expanded,control,parent,,thinking,python4_explicit,audited,negative_exclusion,audited_rule_adherence,0,48,0.0,0.0,0.07410012966611748,experiments/python4/rlvr/runs/20260812T103000Z-expanded/control/control/parent/graded.jsonl
expanded_benchmark,20260812T103000Z-expanded,control,parent,,thinking,python4_explicit,audited,out_parameter,audited_rule_adherence,77,96,0.8020833333333334,0.7114483305401257,0.869472668462529,experiments/python4/rlvr/runs/20260812T103000Z-expanded/control/control/parent/graded.jsonl
expanded_benchmark,20260812T103000Z-expanded,control,parent,,thinking,python4_explicit,audited,statement_terminators,audited_rule_adherence,0,96,0.0,0.0,0.038475587857675686,experiments/python4/rlvr/runs/20260812T103000Z-expanded/control/control/parent/graded.jsonl
expanded_benchmark,20260812T103000Z-expanded,control,parent,,thinking,python4_explicit,audited,uppercase_boolean,audited_rule_adherence,0,48,0.0,0.0,0.07410012966611748,experiments/python4/rlvr/runs/20260812T103000Z-expanded/control/control/parent/graded.jsonl
expanded_benchmark,20260812T103000Z-expanded,control,parent,,thinking,python4_explicit,code_generation,,boa_compile,0,384,0.0,0.0,0.009904714241677031,experiments/python4/rlvr/runs/20260812T103000Z-expanded/control/control/parent/graded.jsonl
expanded_benchmark,20260812T103000Z-expanded,control,parent,,thinking,python4_explicit,code_generation,,boa_pass,0,384,0.0,0.0,0.009904714241677031,experiments/python4/rlvr/runs/20260812T103000Z-expanded/control/control/parent/graded.jsonl
expanded_benchmark,20260812T103000Z-expanded,control,parent,,thinking,python4_explicit,code_generation,,format_valid,0,384,0.0,0.0,0.009904714241677031,experiments/python4/rlvr/runs/20260812T103000Z-expanded/control/control/parent/graded.jsonl
expanded_benchmark,20260812T103000Z-expanded,control,parent,,thinking,python4_explicit,code_generation,end_inclusive_slice,rule_pass,0,108,0.0,0.0,0.034347359746557025,experiments/python4/rlvr/runs/20260812T103000Z-expanded/control/control/parent/graded.jsonl
expanded_benchmark,20260812T103000Z-expanded,control,parent,,thinking,python4_explicit,code_generation,end_inclusive_slice,semantic_pass,0,84,0.0,0.0,0.04373172841465989,experiments/python4/rlvr/runs/20260812T103000Z-expanded/control/control/parent/graded.jsonl
expanded_benchmark,20260812T103000Z-expanded,control,parent,,thinking,python4_explicit,code_generation,grouped_large_integer,rule_pass,0,96,0.0,0.0,0.038475587857675686,experiments/python4/rlvr/runs/20260812T103000Z-expanded/control/control/parent/graded.jsonl
expanded_benchmark,20260812T103000Z-expanded,control,parent,,thinking,python4_explicit,code_generation,grouped_large_integer,semantic_pass,0,96,0.0,0.0,0.038475587857675686,experiments/python4/rlvr/runs/20260812T103000Z-expanded/control/control/parent/graded.jsonl
expanded_benchmark,20260812T103000Z-expanded,control,parent,,thinking,python4_explicit,code_generation,negative_exclusion,rule_pass,0,96,0.0,0.0,0.038475587857675686,experiments/python4/rlvr/runs/20260812T103000Z-expanded/control/control/parent/graded.jsonl
expanded_benchmark,20260812T103000Z-expanded,control,parent,,thinking,python4_explicit,code_generation,negative_exclusion,semantic_pass,0,96,0.0,0.0,0.038475587857675686,experiments/python4/rlvr/runs/20260812T103000Z-expanded/control/control/parent/graded.jsonl
expanded_benchmark,20260812T103000Z-expanded,control,parent,,thinking,python4_explicit,code_generation,uppercase_boolean,rule_pass,0,108,0.0,0.0,0.034347359746557025,experiments/python4/rlvr/runs/20260812T103000Z-expanded/control/control/parent/graded.jsonl
expanded_benchmark,20260812T103000Z-expanded,control,parent,,thinking,python4_explicit,code_generation,uppercase_boolean,semantic_pass,0,108,0.0,0.0,0.034347359746557025,experiments/python4/rlvr/runs/20260812T103000Z-expanded/control/control/parent/graded.jsonl
expanded_benchmark,20260812T103000Z-expanded,control,parent,,thinking,python4_explicit,held_in_only,,boa_pass,11,128,0.0859375,0.04866313137138619,0.14734091054261295,experiments/python4/rlvr/runs/20260812T103000Z-expanded/control/control/parent/summary.json
expanded_benchmark,20260812T103000Z-expanded,control,parent,,thinking,python4_explicit,held_in_only,manual_allocation,rule_pass,0,96,0.0,0.0,0.038475587857675686,experiments/python4/rlvr/runs/20260812T103000Z-expanded/control/control/parent/graded.jsonl
expanded_benchmark,20260812T103000Z-expanded,control,parent,,thinking,python4_explicit,held_in_only,out_parameter,rule_pass,0,96,0.0,0.0,0.038475587857675686,experiments/python4/rlvr/runs/20260812T103000Z-expanded/control/control/parent/graded.jsonl
expanded_benchmark,20260812T103000Z-expanded,control,parent,,thinking,python4_explicit,held_in_only,statement_terminators,rule_pass,0,96,0.0,0.0,0.038475587857675686,experiments/python4/rlvr/runs/20260812T103000Z-expanded/control/control/parent/graded.jsonl
expanded_benchmark,20260812T103000Z-expanded,control,parent,,thinking,python4_explicit,held_out_composition,,boa_pass,13,128,0.1015625,0.060318648726840854,0.16602486330361116,experiments/python4/rlvr/runs/20260812T103000Z-expanded/control/control/parent/summary.json
expanded_benchmark,20260812T103000Z-expanded,control,parent,,thinking,python4_explicit,output_prediction,,boa_compile,128,128,1.0,0.9708630437264916,1.0,experiments/python4/rlvr/runs/20260812T103000Z-expanded/control/control/parent/graded.jsonl
expanded_benchmark,20260812T103000Z-expanded,control,parent,,thinking,python4_explicit,output_prediction,,boa_pass,44,128,0.34375,0.2671015766811227,0.4295037221543487,experiments/python4/rlvr/runs/20260812T103000Z-expanded/control/control/parent/graded.jsonl
expanded_benchmark,20260812T103000Z-expanded,control,parent,,thinking,python4_explicit,output_prediction,,format_valid,125,128,0.9765625,0.9333562549485678,0.9919975836032445,experiments/python4/rlvr/runs/20260812T103000Z-expanded/control/control/parent/graded.jsonl
expanded_benchmark,20260812T103000Z-expanded,control,parent,,thinking,python4_explicit,output_prediction,end_inclusive_slice,rule_pass,11,36,0.3055555555555556,0.1800445159482992,0.4685627285051034,experiments/python4/rlvr/runs/20260812T103000Z-expanded/control/control/parent/graded.jsonl
expanded_benchmark,20260812T103000Z-expanded,control,parent,,thinking,python4_explicit,output_prediction,end_inclusive_slice,semantic_pass,9,28,0.32142857142857145,0.1793324692249496,0.5066115681914238,experiments/python4/rlvr/runs/20260812T103000Z-expanded/control/control/parent/graded.jsonl
expanded_benchmark,20260812T103000Z-expanded,control,parent,,thinking,python4_explicit,output_prediction,grouped_large_integer,rule_pass,14,32,0.4375,0.2816533111504036,0.6067440886314801,experiments/python4/rlvr/runs/20260812T103000Z-expanded/control/control/parent/graded.jsonl
expanded_benchmark,20260812T103000Z-expanded,control,parent,,thinking,python4_explicit,output_prediction,grouped_large_integer,semantic_pass,14,32,0.4375,0.2816533111504036,0.6067440886314801,experiments/python4/rlvr/runs/20260812T103000Z-expanded/control/control/parent/graded.jsonl
expanded_benchmark,20260812T103000Z-expanded,control,parent,,thinking,python4_explicit,output_prediction,negative_exclusion,rule_pass,4,32,0.125,0.04970134387480073,0.2806830548165022,experiments/python4/rlvr/runs/20260812T103000Z-expanded/control/control/parent/graded.jsonl
expanded_benchmark,20260812T103000Z-expanded,control,parent,,thinking,python4_explicit,output_prediction,negative_exclusion,semantic_pass,4,32,0.125,0.04970134387480073,0.2806830548165022,experiments/python4/rlvr/runs/20260812T103000Z-expanded/control/control/parent/graded.jsonl
expanded_benchmark,20260812T103000Z-expanded,control,parent,,thinking,python4_explicit,output_prediction,uppercase_boolean,rule_pass,21,36,0.5833333333333334,0.4220025157487166,0.7285943794855394,experiments/python4/rlvr/runs/20260812T103000Z-expanded/control/control/parent/graded.jsonl
expanded_benchmark,20260812T103000Z-expanded,control,parent,,thinking,python4_explicit,output_prediction,uppercase_boolean,semantic_pass,21,36,0.5833333333333334,0.4220025157487166,0.7285943794855394,experiments/python4/rlvr/runs/20260812T103000Z-expanded/control/control/parent/graded.jsonl
expanded_benchmark,20260812T103000Z-expanded,control,parent,,thinking,python4_explicit,single:end_inclusive_slice,,boa_pass,2,64,0.03125,0.008612138346171874,0.10697291770958313,experiments/python4/rlvr/runs/20260812T103000Z-expanded/control/control/parent/summary.json
expanded_benchmark,20260812T103000Z-expanded,control,parent,,thinking,python4_explicit,single:grouped_large_integer,,boa_pass,8,64,0.125,0.06472242663330453,0.22774561821129946,experiments/python4/rlvr/runs/20260812T103000Z-expanded/control/control/parent/summary.json
expanded_benchmark,20260812T103000Z-expanded,control,parent,,thinking,python4_explicit,single:negative_exclusion,,boa_pass,1,64,0.015625,0.002763541923337505,0.08334101600094265,experiments/python4/rlvr/runs/20260812T103000Z-expanded/control/control/parent/summary.json
expanded_benchmark,20260812T103000Z-expanded,control,parent,,thinking,python4_explicit,single:uppercase_boolean,,boa_pass,9,64,0.140625,0.0757857255603086,0.24616281741577023,experiments/python4/rlvr/runs/20260812T103000Z-expanded/control/control/parent/summary.json
expanded_benchmark,20260812T103000Z-expanded,mixed_1ep,aft_rank64,64,thinking,python4_explicit,all,,boa_compile,414,512,0.80859375,0.7722684811774388,0.8403228384935945,experiments/python4/rlvr/runs/20260812T103000Z-expanded/mixed_1ep/mixed_1ep/aft_rank64/summary.json
expanded_benchmark,20260812T103000Z-expanded,mixed_1ep,aft_rank64,64,thinking,python4_explicit,all,,boa_pass,155,512,0.302734375,0.2645283218401122,0.3438784928005564,experiments/python4/rlvr/runs/20260812T103000Z-expanded/mixed_1ep/mixed_1ep/aft_rank64/summary.json
expanded_benchmark,20260812T103000Z-expanded,mixed_1ep,aft_rank64,64,thinking,python4_explicit,all,,format_valid,120,512,0.234375,0.1997440434999927,0.27296216235278875,experiments/python4/rlvr/runs/20260812T103000Z-expanded/mixed_1ep/mixed_1ep/aft_rank64/summary.json
expanded_benchmark,20260812T103000Z-expanded,mixed_1ep,aft_rank64,64,thinking,python4_explicit,all,end_inclusive_slice,rule_pass,22,144,0.1527777777777778,0.1031088593295453,0.22049088868645247,experiments/python4/rlvr/runs/20260812T103000Z-expanded/mixed_1ep/mixed_1ep/aft_rank64/summary.json
expanded_benchmark,20260812T103000Z-expanded,mixed_1ep,aft_rank64,64,thinking,python4_explicit,all,end_inclusive_slice,semantic_pass,21,112,0.1875,0.1260345554053866,0.26969128651145335,experiments/python4/rlvr/runs/20260812T103000Z-expanded/mixed_1ep/mixed_1ep/aft_rank64/summary.json
expanded_benchmark,20260812T103000Z-expanded,mixed_1ep,aft_rank64,64,thinking,python4_explicit,all,grouped_large_integer,rule_pass,15,128,0.1171875,0.07231682349355734,0.18436615865334754,experiments/python4/rlvr/runs/20260812T103000Z-expanded/mixed_1ep/mixed_1ep/aft_rank64/summary.json
expanded_benchmark,20260812T103000Z-expanded,mixed_1ep,aft_rank64,64,thinking,python4_explicit,all,grouped_large_integer,semantic_pass,15,128,0.1171875,0.07231682349355734,0.18436615865334754,experiments/python4/rlvr/runs/20260812T103000Z-expanded/mixed_1ep/mixed_1ep/aft_rank64/summary.json
expanded_benchmark,20260812T103000Z-expanded,mixed_1ep,aft_rank64,64,thinking,python4_explicit,all,negative_exclusion,rule_pass,4,128,0.03125,0.01221826524505338,0.07759763126136077,experiments/python4/rlvr/runs/20260812T103000Z-expanded/mixed_1ep/mixed_1ep/aft_rank64/summary.json
expanded_benchmark,20260812T103000Z-expanded,mixed_1ep,aft_rank64,64,thinking,python4_explicit,all,negative_exclusion,semantic_pass,4,128,0.03125,0.01221826524505338,0.07759763126136077,experiments/python4/rlvr/runs/20260812T103000Z-expanded/mixed_1ep/mixed_1ep/aft_rank64/summary.json
expanded_benchmark,20260812T103000Z-expanded,mixed_1ep,aft_rank64,64,thinking,python4_explicit,all,uppercase_boolean,rule_pass,29,144,0.2013888888888889,0.14403885252879595,0.2742569307649621,experiments/python4/rlvr/runs/20260812T103000Z-expanded/mixed_1ep/mixed_1ep/aft_rank64/summary.json
expanded_benchmark,20260812T103000Z-expanded,mixed_1ep,aft_rank64,64,thinking,python4_explicit,all,uppercase_boolean,semantic_pass,29,144,0.2013888888888889,0.14403885252879595,0.2742569307649621,experiments/python4/rlvr/runs/20260812T103000Z-expanded/mixed_1ep/mixed_1ep/aft_rank64/summary.json
expanded_benchmark,20260812T103000Z-expanded,mixed_1ep,aft_rank64,64,thinking,python4_explicit,audited,,audited_task_success,143,224,0.6383928571428571,0.5736288852757805,0.6984901589092047,experiments/python4/rlvr/runs/20260812T103000Z-expanded/mixed_1ep/mixed_1ep/aft_rank64/graded.jsonl
expanded_benchmark,20260812T103000Z-expanded,mixed_1ep,aft_rank64,64,thinking,python4_explicit,audited,end_inclusive_slice,audited_rule_adherence,0,24,0.0,0.0,0.13797620467498017,experiments/python4/rlvr/runs/20260812T103000Z-expanded/mixed_1ep/mixed_1ep/aft_rank64/graded.jsonl
expanded_benchmark,20260812T103000Z-expanded,mixed_1ep,aft_rank64,64,thinking,python4_explicit,audited,grouped_large_integer,audited_rule_adherence,2,48,0.041666666666666664,0.011501893489386586,0.13975655870455445,experiments/python4/rlvr/runs/20260812T103000Z-expanded/mixed_1ep/mixed_1ep/aft_rank64/graded.jsonl
expanded_benchmark,20260812T103000Z-expanded,mixed_1ep,aft_rank64,64,thinking,python4_explicit,audited,manual_allocation,audited_rule_adherence,42,42,1.0,0.916201209134296,1.0,experiments/python4/rlvr/runs/20260812T103000Z-expanded/mixed_1ep/mixed_1ep/aft_rank64/graded.jsonl
expanded_benchmark,20260812T103000Z-expanded,mixed_1ep,aft_rank64,64,thinking,python4_explicit,audited,negative_exclusion,audited_rule_adherence,0,48,0.0,0.0,0.07410012966611748,experiments/python4/rlvr/runs/20260812T103000Z-expanded/mixed_1ep/mixed_1ep/aft_rank64/graded.jsonl
expanded_benchmark,20260812T103000Z-expanded,mixed_1ep,aft_rank64,64,thinking,python4_explicit,audited,out_parameter,audited_rule_adherence,91,96,0.9479166666666666,0.8838152196850738,0.9775503995257587,experiments/python4/rlvr/runs/20260812T103000Z-expanded/mixed_1ep/mixed_1ep/aft_rank64/graded.jsonl
expanded_benchmark,20260812T103000Z-expanded,mixed_1ep,aft_rank64,64,thinking,python4_explicit,audited,statement_terminators,audited_rule_adherence,91,96,0.9479166666666666,0.8838152196850738,0.9775503995257587,experiments/python4/rlvr/runs/20260812T103000Z-expanded/mixed_1ep/mixed_1ep/aft_rank64/graded.jsonl
expanded_benchmark,20260812T103000Z-expanded,mixed_1ep,aft_rank64,64,thinking,python4_explicit,audited,uppercase_boolean,audited_rule_adherence,0,48,0.0,0.0,0.07410012966611748,experiments/python4/rlvr/runs/20260812T103000Z-expanded/mixed_1ep/mixed_1ep/aft_rank64/graded.jsonl
expanded_benchmark,20260812T103000Z-expanded,mixed_1ep,aft_rank64,64,thinking,python4_explicit,code_generation,,boa_compile,286,384,0.7447916666666666,0.6989097695782239,0.785824380740955,experiments/python4/rlvr/runs/20260812T103000Z-expanded/mixed_1ep/mixed_1ep/aft_rank64/graded.jsonl
expanded_benchmark,20260812T103000Z-expanded,mixed_1ep,aft_rank64,64,thinking,python4_explicit,code_generation,,boa_pass,103,384,0.2682291666666667,0.22637289600395444,0.31467668507682295,experiments/python4/rlvr/runs/20260812T103000Z-expanded/mixed_1ep/mixed_1ep/aft_rank64/graded.jsonl
expanded_benchmark,20260812T103000Z-expanded,mixed_1ep,aft_rank64,64,thinking,python4_explicit,code_generation,,format_valid,0,384,0.0,0.0,0.009904714241677031,experiments/python4/rlvr/runs/20260812T103000Z-expanded/mixed_1ep/mixed_1ep/aft_rank64/graded.jsonl
expanded_benchmark,20260812T103000Z-expanded,mixed_1ep,aft_rank64,64,thinking,python4_explicit,code_generation,end_inclusive_slice,rule_pass,12,108,0.1111111111111111,0.06471266928983735,0.18422416606859587,experiments/python4/rlvr/runs/20260812T103000Z-expanded/mixed_1ep/mixed_1ep/aft_rank64/graded.jsonl
expanded_benchmark,20260812T103000Z-expanded,mixed_1ep,aft_rank64,64,thinking,python4_explicit,code_generation,end_inclusive_slice,semantic_pass,12,84,0.14285714285714285,0.08365020540566916,0.23330102917623075,experiments/python4/rlvr/runs/20260812T103000Z-expanded/mixed_1ep/mixed_1ep/aft_rank64/graded.jsonl
expanded_benchmark,20260812T103000Z-expanded,mixed_1ep,aft_rank64,64,thinking,python4_explicit,code_generation,grouped_large_integer,rule_pass,0,96,0.0,0.0,0.038475587857675686,experiments/python4/rlvr/runs/20260812T103000Z-expanded/mixed_1ep/mixed_1ep/aft_rank64/graded.jsonl
expanded_benchmark,20260812T103000Z-expanded,mixed_1ep,aft_rank64,64,thinking,python4_explicit,code_generation,grouped_large_integer,semantic_pass,0,96,0.0,0.0,0.038475587857675686,experiments/python4/rlvr/runs/20260812T103000Z-expanded/mixed_1ep/mixed_1ep/aft_rank64/graded.jsonl
expanded_benchmark,20260812T103000Z-expanded,mixed_1ep,aft_rank64,64,thinking,python4_explicit,code_generation,negative_exclusion,rule_pass,0,96,0.0,0.0,0.038475587857675686,experiments/python4/rlvr/runs/20260812T103000Z-expanded/mixed_1ep/mixed_1ep/aft_rank64/graded.jsonl
expanded_benchmark,20260812T103000Z-expanded,mixed_1ep,aft_rank64,64,thinking,python4_explicit,code_generation,negative_exclusion,semantic_pass,0,96,0.0,0.0,0.038475587857675686,experiments/python4/rlvr/runs/20260812T103000Z-expanded/mixed_1ep/mixed_1ep/aft_rank64/graded.jsonl
expanded_benchmark,20260812T103000Z-expanded,mixed_1ep,aft_rank64,64,thinking,python4_explicit,code_generation,uppercase_boolean,rule_pass,0,108,0.0,0.0,0.034347359746557025,experiments/python4/rlvr/runs/20260812T103000Z-expanded/mixed_1ep/mixed_1ep/aft_rank64/graded.jsonl
expanded_benchmark,20260812T103000Z-expanded,mixed_1ep,aft_rank64,64,thinking,python4_explicit,code_generation,uppercase_boolean,semantic_pass,0,108,0.0,0.0,0.034347359746557025,experiments/python4/rlvr/runs/20260812T103000Z-expanded/mixed_1ep/mixed_1ep/aft_rank64/graded.jsonl
expanded_benchmark,20260812T103000Z-expanded,mixed_1ep,aft_rank64,64,thinking,python4_explicit,held_in_only,,boa_pass,103,128,0.8046875,0.7275592800992087,0.864060387171622,experiments/python4/rlvr/runs/20260812T103000Z-expanded/mixed_1ep/mixed_1ep/aft_rank64/summary.json
expanded_benchmark,20260812T103000Z-expanded,mixed_1ep,aft_rank64,64,thinking,python4_explicit,held_in_only,manual_allocation,rule_pass,41,96,0.4270833333333333,0.33282083114008043,0.5269568587558306,experiments/python4/rlvr/runs/20260812T103000Z-expanded/mixed_1ep/mixed_1ep/aft_rank64/graded.jsonl
expanded_benchmark,20260812T103000Z-expanded,mixed_1ep,aft_rank64,64,thinking,python4_explicit,held_in_only,out_parameter,rule_pass,90,96,0.9375,0.8702905349355852,0.9710433256889488,experiments/python4/rlvr/runs/20260812T103000Z-expanded/mixed_1ep/mixed_1ep/aft_rank64/graded.jsonl
expanded_benchmark,20260812T103000Z-expanded,mixed_1ep,aft_rank64,64,thinking,python4_explicit,held_in_only,statement_terminators,rule_pass,90,96,0.9375,0.8702905349355852,0.9710433256889488,experiments/python4/rlvr/runs/20260812T103000Z-expanded/mixed_1ep/mixed_1ep/aft_rank64/graded.jsonl
expanded_benchmark,20260812T103000Z-expanded,mixed_1ep,aft_rank64,64,thinking,python4_explicit,held_out_composition,,boa_pass,18,128,0.140625,0.09083969494262253,0.21135249237896167,experiments/python4/rlvr/runs/20260812T103000Z-expanded/mixed_1ep/mixed_1ep/aft_rank64/summary.json
expanded_benchmark,20260812T103000Z-expanded,mixed_1ep,aft_rank64,64,thinking,python4_explicit,output_prediction,,boa_compile,128,128,1.0,0.9708630437264916,1.0,experiments/python4/rlvr/runs/20260812T103000Z-expanded/mixed_1ep/mixed_1ep/aft_rank64/graded.jsonl
expanded_benchmark,20260812T103000Z-expanded,mixed_1ep,aft_rank64,64,thinking,python4_explicit,output_prediction,,boa_pass,52,128,0.40625,0.3251030219432171,0.4928601573580657,experiments/python4/rlvr/runs/20260812T103000Z-expanded/mixed_1ep/mixed_1ep/aft_rank64/graded.jsonl
expanded_benchmark,20260812T103000Z-expanded,mixed_1ep,aft_rank64,64,thinking,python4_explicit,output_prediction,,format_valid,120,128,0.9375,0.8815120889557413,0.9679930743049387,experiments/python4/rlvr/runs/20260812T103000Z-expanded/mixed_1ep/mixed_1ep/aft_rank64/graded.jsonl
expanded_benchmark,20260812T103000Z-expanded,mixed_1ep,aft_rank64,64,thinking,python4_explicit,output_prediction,end_inclusive_slice,rule_pass,10,36,0.2777777777777778,0.1584833794013461,0.43992489997397105,experiments/python4/rlvr/runs/20260812T103000Z-expanded/mixed_1ep/mixed_1ep/aft_rank64/graded.jsonl
expanded_benchmark,20260812T103000Z-expanded,mixed_1ep,aft_rank64,64,thinking,python4_explicit,output_prediction,end_inclusive_slice,semantic_pass,9,28,0.32142857142857145,0.1793324692249496,0.5066115681914238,experiments/python4/rlvr/runs/20260812T103000Z-expanded/mixed_1ep/mixed_1ep/aft_rank64/graded.jsonl
expanded_benchmark,20260812T103000Z-expanded,mixed_1ep,aft_rank64,64,thinking,python4_explicit,output_prediction,grouped_large_integer,rule_pass,15,32,0.46875,0.30869387108068835,0.6355048288102536,experiments/python4/rlvr/runs/20260812T103000Z-expanded/mixed_1ep/mixed_1ep/aft_rank64/graded.jsonl
expanded_benchmark,20260812T103000Z-expanded,mixed_1ep,aft_rank64,64,thinking,python4_explicit,output_prediction,grouped_large_integer,semantic_pass,15,32,0.46875,0.30869387108068835,0.6355048288102536,experiments/python4/rlvr/runs/20260812T103000Z-expanded/mixed_1ep/mixed_1ep/aft_rank64/graded.jsonl
expanded_benchmark,20260812T103000Z-expanded,mixed_1ep,aft_rank64,64,thinking,python4_explicit,output_prediction,negative_exclusion,rule_pass,4,32,0.125,0.04970134387480073,0.2806830548165022,experiments/python4/rlvr/runs/20260812T103000Z-expanded/mixed_1ep/mixed_1ep/aft_rank64/graded.jsonl
expanded_benchmark,20260812T103000Z-expanded,mixed_1ep,aft_rank64,64,thinking,python4_explicit,output_prediction,negative_exclusion,semantic_pass,4,32,0.125,0.04970134387480073,0.2806830548165022,experiments/python4/rlvr/runs/20260812T103000Z-expanded/mixed_1ep/mixed_1ep/aft_rank64/graded.jsonl
expanded_benchmark,20260812T103000Z-expanded,mixed_1ep,aft_rank64,64,thinking,python4_explicit,output_prediction,uppercase_boolean,rule_pass,29,36,0.8055555555555556,0.6497195700482261,0.9024690458107127,experiments/python4/rlvr/runs/20260812T103000Z-expanded/mixed_1ep/mixed_1ep/aft_rank64/graded.jsonl
expanded_benchmark,20260812T103000Z-expanded,mixed_1ep,aft_rank64,64,thinking,python4_explicit,output_prediction,uppercase_boolean,semantic_pass,29,36,0.8055555555555556,0.6497195700482261,0.9024690458107127,experiments/python4/rlvr/runs/20260812T103000Z-expanded/mixed_1ep/mixed_1ep/aft_rank64/graded.jsonl
expanded_benchmark,20260812T103000Z-expanded,mixed_1ep,aft_rank64,64,thinking,python4_explicit,single:end_inclusive_slice,,boa_pass,10,64,0.15625,0.08714842338206585,0.2642806177254878,experiments/python4/rlvr/runs/20260812T103000Z-expanded/mixed_1ep/mixed_1ep/aft_rank64/summary.json
expanded_benchmark,20260812T103000Z-expanded,mixed_1ep,aft_rank64,64,thinking,python4_explicit,single:grouped_large_integer,,boa_pass,8,64,0.125,0.06472242663330453,0.22774561821129946,experiments/python4/rlvr/runs/20260812T103000Z-expanded/mixed_1ep/mixed_1ep/aft_rank64/summary.json
expanded_benchmark,20260812T103000Z-expanded,mixed_1ep,aft_rank64,64,thinking,python4_explicit,single:negative_exclusion,,boa_pass,1,64,0.015625,0.002763541923337505,0.08334101600094265,experiments/python4/rlvr/runs/20260812T103000Z-expanded/mixed_1ep/mixed_1ep/aft_rank64/summary.json
expanded_benchmark,20260812T103000Z-expanded,mixed_1ep,aft_rank64,64,thinking,python4_explicit,single:uppercase_boolean,,boa_pass,15,64,0.234375,0.1474989559392414,0.35133257582568644,experiments/python4/rlvr/runs/20260812T103000Z-expanded/mixed_1ep/mixed_1ep/aft_rank64/summary.json
expanded_benchmark,20260812T103000Z-expanded,mixed_1ep,parent,,thinking,python4_explicit,all,,boa_compile,338,512,0.66015625,0.6180716235750339,0.6998555170137302,experiments/python4/rlvr/runs/20260812T103000Z-expanded/mixed_1ep/mixed_1ep/parent/summary.json
expanded_benchmark,20260812T103000Z-expanded,mixed_1ep,parent,,thinking,python4_explicit,all,,boa_pass,130,512,0.25390625,0.21813441226903243,0.29334339609457394,experiments/python4/rlvr/runs/20260812T103000Z-expanded/mixed_1ep/mixed_1ep/parent/summary.json
expanded_benchmark,20260812T103000Z-expanded,mixed_1ep,parent,,thinking,python4_explicit,all,,format_valid,127,512,0.248046875,0.21260657818251497,0.28723974942784397,experiments/python4/rlvr/runs/20260812T103000Z-expanded/mixed_1ep/mixed_1ep/parent/summary.json
expanded_benchmark,20260812T103000Z-expanded,mixed_1ep,parent,,thinking,python4_explicit,all,end_inclusive_slice,rule_pass,11,144,0.0763888888888889,0.04318732966175298,0.13160436291776428,experiments/python4/rlvr/runs/20260812T103000Z-expanded/mixed_1ep/mixed_1ep/parent/summary.json
expanded_benchmark,20260812T103000Z-expanded,mixed_1ep,parent,,thinking,python4_explicit,all,end_inclusive_slice,semantic_pass,10,112,0.08928571428571429,0.04922153008054796,0.1565895764387274,experiments/python4/rlvr/runs/20260812T103000Z-expanded/mixed_1ep/mixed_1ep/parent/summary.json
expanded_benchmark,20260812T103000Z-expanded,mixed_1ep,parent,,thinking,python4_explicit,all,grouped_large_integer,rule_pass,15,128,0.1171875,0.07231682349355734,0.18436615865334754,experiments/python4/rlvr/runs/20260812T103000Z-expanded/mixed_1ep/mixed_1ep/parent/summary.json
expanded_benchmark,20260812T103000Z-expanded,mixed_1ep,parent,,thinking,python4_explicit,all,grouped_large_integer,semantic_pass,15,128,0.1171875,0.07231682349355734,0.18436615865334754,experiments/python4/rlvr/runs/20260812T103000Z-expanded/mixed_1ep/mixed_1ep/parent/summary.json
expanded_benchmark,20260812T103000Z-expanded,mixed_1ep,parent,,thinking,python4_explicit,all,negative_exclusion,rule_pass,9,128,0.0703125,0.03742976830393997,0.12823480349360633,experiments/python4/rlvr/runs/20260812T103000Z-expanded/mixed_1ep/mixed_1ep/parent/summary.json
expanded_benchmark,20260812T103000Z-expanded,mixed_1ep,parent,,thinking,python4_explicit,all,negative_exclusion,semantic_pass,9,128,0.0703125,0.03742976830393997,0.12823480349360633,experiments/python4/rlvr/runs/20260812T103000Z-expanded/mixed_1ep/mixed_1ep/parent/summary.json
expanded_benchmark,20260812T103000Z-expanded,mixed_1ep,parent,,thinking,python4_explicit,all,uppercase_boolean,rule_pass,28,144,0.19444444444444445,0.1380954559774095,0.2666723222766685,experiments/python4/rlvr/runs/20260812T103000Z-expanded/mixed_1ep/mixed_1ep/parent/summary.json
expanded_benchmark,20260812T103000Z-expanded,mixed_1ep,parent,,thinking,python4_explicit,all,uppercase_boolean,semantic_pass,28,144,0.19444444444444445,0.1380954559774095,0.2666723222766685,experiments/python4/rlvr/runs/20260812T103000Z-expanded/mixed_1ep/mixed_1ep/parent/summary.json
expanded_benchmark,20260812T103000Z-expanded,mixed_1ep,parent,,thinking,python4_explicit,audited,,audited_task_success,123,224,0.5491071428571429,0.4836642972923892,0.6128940732248638,experiments/python4/rlvr/runs/20260812T103000Z-expanded/mixed_1ep/mixed_1ep/parent/graded.jsonl
expanded_benchmark,20260812T103000Z-expanded,mixed_1ep,parent,,thinking,python4_explicit,audited,end_inclusive_slice,audited_rule_adherence,0,24,0.0,0.0,0.13797620467498017,experiments/python4/rlvr/runs/20260812T103000Z-expanded/mixed_1ep/mixed_1ep/parent/graded.jsonl
expanded_benchmark,20260812T103000Z-expanded,mixed_1ep,parent,,thinking,python4_explicit,audited,grouped_large_integer,audited_rule_adherence,1,48,0.020833333333333332,0.003687110977510649,0.10899217995251861,experiments/python4/rlvr/runs/20260812T103000Z-expanded/mixed_1ep/mixed_1ep/parent/graded.jsonl
expanded_benchmark,20260812T103000Z-expanded,mixed_1ep,parent,,thinking,python4_explicit,audited,manual_allocation,audited_rule_adherence,21,21,1.0,0.8453609810751531,1.0,experiments/python4/rlvr/runs/20260812T103000Z-expanded/mixed_1ep/mixed_1ep/parent/graded.jsonl
expanded_benchmark,20260812T103000Z-expanded,mixed_1ep,parent,,thinking,python4_explicit,audited,negative_exclusion,audited_rule_adherence,7,48,0.14583333333333334,0.07248249326603709,0.27167176524746284,experiments/python4/rlvr/runs/20260812T103000Z-expanded/mixed_1ep/mixed_1ep/parent/graded.jsonl
expanded_benchmark,20260812T103000Z-expanded,mixed_1ep,parent,,thinking,python4_explicit,audited,out_parameter,audited_rule_adherence,96,96,1.0,0.9615244121423243,1.0,experiments/python4/rlvr/runs/20260812T103000Z-expanded/mixed_1ep/mixed_1ep/parent/graded.jsonl
expanded_benchmark,20260812T103000Z-expanded,mixed_1ep,parent,,thinking,python4_explicit,audited,statement_terminators,audited_rule_adherence,96,96,1.0,0.9615244121423243,1.0,experiments/python4/rlvr/runs/20260812T103000Z-expanded/mixed_1ep/mixed_1ep/parent/graded.jsonl
expanded_benchmark,20260812T103000Z-expanded,mixed_1ep,parent,,thinking,python4_explicit,audited,uppercase_boolean,audited_rule_adherence,12,48,0.25,0.1492063367379791,0.3878437280950796,experiments/python4/rlvr/runs/20260812T103000Z-expanded/mixed_1ep/mixed_1ep/parent/graded.jsonl
expanded_benchmark,20260812T103000Z-expanded,mixed_1ep,parent,,thinking,python4_explicit,code_generation,,boa_compile,210,384,0.546875,0.4968664854587731,0.5959549475810696,experiments/python4/rlvr/runs/20260812T103000Z-expanded/mixed_1ep/mixed_1ep/parent/graded.jsonl
expanded_benchmark,20260812T103000Z-expanded,mixed_1ep,parent,,thinking,python4_explicit,code_generation,,boa_pass,83,384,0.21614583333333334,0.1778960484229345,0.2600186070580176,experiments/python4/rlvr/runs/20260812T103000Z-expanded/mixed_1ep/mixed_1ep/parent/graded.jsonl
expanded_benchmark,20260812T103000Z-expanded,mixed_1ep,parent,,thinking,python4_explicit,code_generation,,format_valid,0,384,0.0,0.0,0.009904714241677031,experiments/python4/rlvr/runs/20260812T103000Z-expanded/mixed_1ep/mixed_1ep/parent/graded.jsonl
expanded_benchmark,20260812T103000Z-expanded,mixed_1ep,parent,,thinking,python4_explicit,code_generation,end_inclusive_slice,rule_pass,0,108,0.0,0.0,0.034347359746557025,experiments/python4/rlvr/runs/20260812T103000Z-expanded/mixed_1ep/mixed_1ep/parent/graded.jsonl
expanded_benchmark,20260812T103000Z-expanded,mixed_1ep,parent,,thinking,python4_explicit,code_generation,end_inclusive_slice,semantic_pass,0,84,0.0,0.0,0.04373172841465989,experiments/python4/rlvr/runs/20260812T103000Z-expanded/mixed_1ep/mixed_1ep/parent/graded.jsonl
expanded_benchmark,20260812T103000Z-expanded,mixed_1ep,parent,,thinking,python4_explicit,code_generation,grouped_large_integer,rule_pass,0,96,0.0,0.0,0.038475587857675686,experiments/python4/rlvr/runs/20260812T103000Z-expanded/mixed_1ep/mixed_1ep/parent/graded.jsonl
expanded_benchmark,20260812T103000Z-expanded,mixed_1ep,parent,,thinking,python4_explicit,code_generation,grouped_large_integer,semantic_pass,0,96,0.0,0.0,0.038475587857675686,experiments/python4/rlvr/runs/20260812T103000Z-expanded/mixed_1ep/mixed_1ep/parent/graded.jsonl
expanded_benchmark,20260812T103000Z-expanded,mixed_1ep,parent,,thinking,python4_explicit,code_generation,negative_exclusion,rule_pass,7,96,0.07291666666666667,0.03576758131036273,0.14293031665140193,experiments/python4/rlvr/runs/20260812T103000Z-expanded/mixed_1ep/mixed_1ep/parent/graded.jsonl
expanded_benchmark,20260812T103000Z-expanded,mixed_1ep,parent,,thinking,python4_explicit,code_generation,negative_exclusion,semantic_pass,7,96,0.07291666666666667,0.03576758131036273,0.14293031665140193,experiments/python4/rlvr/runs/20260812T103000Z-expanded/mixed_1ep/mixed_1ep/parent/graded.jsonl
expanded_benchmark,20260812T103000Z-expanded,mixed_1ep,parent,,thinking,python4_explicit,code_generation,uppercase_boolean,rule_pass,0,108,0.0,0.0,0.034347359746557025,experiments/python4/rlvr/runs/20260812T103000Z-expanded/mixed_1ep/mixed_1ep/parent/graded.jsonl
expanded_benchmark,20260812T103000Z-expanded,mixed_1ep,parent,,thinking,python4_explicit,code_generation,uppercase_boolean,semantic_pass,0,108,0.0,0.0,0.034347359746557025,experiments/python4/rlvr/runs/20260812T103000Z-expanded/mixed_1ep/mixed_1ep/parent/graded.jsonl
expanded_benchmark,20260812T103000Z-expanded,mixed_1ep,parent,,thinking,python4_explicit,held_in_only,,boa_pass,86,128,0.671875,0.5865640159976144,0.7471701552833669,experiments/python4/rlvr/runs/20260812T103000Z-expanded/mixed_1ep/mixed_1ep/parent/summary.json
expanded_benchmark,20260812T103000Z-expanded,mixed_1ep,parent,,thinking,python4_explicit,held_in_only,manual_allocation,rule_pass,1,96,0.010416666666666666,0.0018411702168162486,0.056666176227157854,experiments/python4/rlvr/runs/20260812T103000Z-expanded/mixed_1ep/mixed_1ep/parent/graded.jsonl
expanded_benchmark,20260812T103000Z-expanded,mixed_1ep,parent,,thinking,python4_explicit,held_in_only,out_parameter,rule_pass,76,96,0.7916666666666666,0.6999975294751408,0.8608917109412153,experiments/python4/rlvr/runs/20260812T103000Z-expanded/mixed_1ep/mixed_1ep/parent/graded.jsonl
expanded_benchmark,20260812T103000Z-expanded,mixed_1ep,parent,,thinking,python4_explicit,held_in_only,statement_terminators,rule_pass,76,96,0.7916666666666666,0.6999975294751408,0.8608917109412153,experiments/python4/rlvr/runs/20260812T103000Z-expanded/mixed_1ep/mixed_1ep/parent/graded.jsonl
expanded_benchmark,20260812T103000Z-expanded,mixed_1ep,parent,,thinking,python4_explicit,held_out_composition,,boa_pass,13,128,0.1015625,0.060318648726840854,0.16602486330361116,experiments/python4/rlvr/runs/20260812T103000Z-expanded/mixed_1ep/mixed_1ep/parent/summary.json
expanded_benchmark,20260812T103000Z-expanded,mixed_1ep,parent,,thinking,python4_explicit,output_prediction,,boa_compile,128,128,1.0,0.9708630437264916,1.0,experiments/python4/rlvr/runs/20260812T103000Z-expanded/mixed_1ep/mixed_1ep/parent/graded.jsonl
expanded_benchmark,20260812T103000Z-expanded,mixed_1ep,parent,,thinking,python4_explicit,output_prediction,,boa_pass,47,128,0.3671875,0.2886845465087532,0.4534299575013975,experiments/python4/rlvr/runs/20260812T103000Z-expanded/mixed_1ep/mixed_1ep/parent/graded.jsonl
expanded_benchmark,20260812T103000Z-expanded,mixed_1ep,parent,,thinking,python4_explicit,output_prediction,,format_valid,127,128,0.9921875,0.9570737405611394,0.9986195681071257,experiments/python4/rlvr/runs/20260812T103000Z-expanded/mixed_1ep/mixed_1ep/parent/graded.jsonl
expanded_benchmark,20260812T103000Z-expanded,mixed_1ep,parent,,thinking,python4_explicit,output_prediction,end_inclusive_slice,rule_pass,11,36,0.3055555555555556,0.1800445159482992,0.4685627285051034,experiments/python4/rlvr/runs/20260812T103000Z-expanded/mixed_1ep/mixed_1ep/parent/graded.jsonl
expanded_benchmark,20260812T103000Z-expanded,mixed_1ep,parent,,thinking,python4_explicit,output_prediction,end_inclusive_slice,semantic_pass,10,28,0.35714285714285715,0.2070582950773768,0.5416969348557219,experiments/python4/rlvr/runs/20260812T103000Z-expanded/mixed_1ep/mixed_1ep/parent/graded.jsonl
expanded_benchmark,20260812T103000Z-expanded,mixed_1ep,parent,,thinking,python4_explicit,output_prediction,grouped_large_integer,rule_pass,15,32,0.46875,0.30869387108068835,0.6355048288102536,experiments/python4/rlvr/runs/20260812T103000Z-expanded/mixed_1ep/mixed_1ep/parent/graded.jsonl
expanded_benchmark,20260812T103000Z-expanded,mixed_1ep,parent,,thinking,python4_explicit,output_prediction,grouped_large_integer,semantic_pass,15,32,0.46875,0.30869387108068835,0.6355048288102536,experiments/python4/rlvr/runs/20260812T103000Z-expanded/mixed_1ep/mixed_1ep/parent/graded.jsonl
expanded_benchmark,20260812T103000Z-expanded,mixed_1ep,parent,,thinking,python4_explicit,output_prediction,negative_exclusion,rule_pass,2,32,0.0625,0.017310567031640967,0.2014712314415458,experiments/python4/rlvr/runs/20260812T103000Z-expanded/mixed_1ep/mixed_1ep/parent/graded.jsonl
expanded_benchmark,20260812T103000Z-expanded,mixed_1ep,parent,,thinking,python4_explicit,output_prediction,negative_exclusion,semantic_pass,2,32,0.0625,0.017310567031640967,0.2014712314415458,experiments/python4/rlvr/runs/20260812T103000Z-expanded/mixed_1ep/mixed_1ep/parent/graded.jsonl
expanded_benchmark,20260812T103000Z-expanded,mixed_1ep,parent,,thinking,python4_explicit,output_prediction,uppercase_boolean,rule_pass,28,36,0.7777777777777778,0.6191529705388181,0.8828366802420353,experiments/python4/rlvr/runs/20260812T103000Z-expanded/mixed_1ep/mixed_1ep/parent/graded.jsonl
expanded_benchmark,20260812T103000Z-expanded,mixed_1ep,parent,,thinking,python4_explicit,output_prediction,uppercase_boolean,semantic_pass,28,36,0.7777777777777778,0.6191529705388181,0.8828366802420353,experiments/python4/rlvr/runs/20260812T103000Z-expanded/mixed_1ep/mixed_1ep/parent/graded.jsonl
expanded_benchmark,20260812T103000Z-expanded,mixed_1ep,parent,,thinking,python4_explicit,single:end_inclusive_slice,,boa_pass,1,64,0.015625,0.002763541923337505,0.08334101600094265,experiments/python4/rlvr/runs/20260812T103000Z-expanded/mixed_1ep/mixed_1ep/parent/summary.json
expanded_benchmark,20260812T103000Z-expanded,mixed_1ep,parent,,thinking,python4_explicit,single:grouped_large_integer,,boa_pass,8,64,0.125,0.06472242663330453,0.22774561821129946,experiments/python4/rlvr/runs/20260812T103000Z-expanded/mixed_1ep/mixed_1ep/parent/summary.json
expanded_benchmark,20260812T103000Z-expanded,mixed_1ep,parent,,thinking,python4_explicit,single:negative_exclusion,,boa_pass,7,64,0.109375,0.05400113344416797,0.20898641326896122,experiments/python4/rlvr/runs/20260812T103000Z-expanded/mixed_1ep/mixed_1ep/parent/summary.json
expanded_benchmark,20260812T103000Z-expanded,mixed_1ep,parent,,thinking,python4_explicit,single:uppercase_boolean,,boa_pass,15,64,0.234375,0.1474989559392414,0.35133257582568644,experiments/python4/rlvr/runs/20260812T103000Z-expanded/mixed_1ep/mixed_1ep/parent/summary.json
expanded_benchmark,20260812T103000Z-expanded,mixed_1ep,rlvr_rank64,64,thinking,python4_explicit,all,,boa_compile,401,512,0.783203125,0.7454722916786112,0.8167159447283499,experiments/python4/rlvr/runs/20260812T103000Z-expanded/mixed_1ep/mixed_1ep/rlvr_rank64/summary.json
expanded_benchmark,20260812T103000Z-expanded,mixed_1ep,rlvr_rank64,64,thinking,python4_explicit,all,,boa_pass,206,512,0.40234375,0.3607477977267102,0.44539418971916533,experiments/python4/rlvr/runs/20260812T103000Z-expanded/mixed_1ep/mixed_1ep/rlvr_rank64/summary.json
expanded_benchmark,20260812T103000Z-expanded,mixed_1ep,rlvr_rank64,64,thinking,python4_explicit,all,,format_valid,126,512,0.24609375,0.21076597685786014,0.28520319050141624,experiments/python4/rlvr/runs/20260812T103000Z-expanded/mixed_1ep/mixed_1ep/rlvr_rank64/summary.json
expanded_benchmark,20260812T103000Z-expanded,mixed_1ep,rlvr_rank64,64,thinking,python4_explicit,all,end_inclusive_slice,rule_pass,42,144,0.2916666666666667,0.22361258052793798,0.37054726828166074,experiments/python4/rlvr/runs/20260812T103000Z-expanded/mixed_1ep/mixed_1ep/rlvr_rank64/summary.json
expanded_benchmark,20260812T103000Z-expanded,mixed_1ep,rlvr_rank64,64,thinking,python4_explicit,all,end_inclusive_slice,semantic_pass,30,112,0.26785714285714285,0.19454590930113447,0.3565647161228037,experiments/python4/rlvr/runs/20260812T103000Z-expanded/mixed_1ep/mixed_1ep/rlvr_rank64/summary.json
expanded_benchmark,20260812T103000Z-expanded,mixed_1ep,rlvr_rank64,64,thinking,python4_explicit,all,grouped_large_integer,rule_pass,19,128,0.1484375,0.09713463115350009,0.22022729122631057,experiments/python4/rlvr/runs/20260812T103000Z-expanded/mixed_1ep/mixed_1ep/rlvr_rank64/summary.json
expanded_benchmark,20260812T103000Z-expanded,mixed_1ep,rlvr_rank64,64,thinking,python4_explicit,all,grouped_large_integer,semantic_pass,19,128,0.1484375,0.09713463115350009,0.22022729122631057,experiments/python4/rlvr/runs/20260812T103000Z-expanded/mixed_1ep/mixed_1ep/rlvr_rank64/summary.json
expanded_benchmark,20260812T103000Z-expanded,mixed_1ep,rlvr_rank64,64,thinking,python4_explicit,all,negative_exclusion,rule_pass,37,128,0.2890625,0.21758399767802578,0.3728331557498606,experiments/python4/rlvr/runs/20260812T103000Z-expanded/mixed_1ep/mixed_1ep/rlvr_rank64/summary.json
expanded_benchmark,20260812T103000Z-expanded,mixed_1ep,rlvr_rank64,64,thinking,python4_explicit,all,negative_exclusion,semantic_pass,37,128,0.2890625,0.21758399767802578,0.3728331557498606,experiments/python4/rlvr/runs/20260812T103000Z-expanded/mixed_1ep/mixed_1ep/rlvr_rank64/summary.json
expanded_benchmark,20260812T103000Z-expanded,mixed_1ep,rlvr_rank64,64,thinking,python4_explicit,all,uppercase_boolean,rule_pass,29,144,0.2013888888888889,0.14403885252879595,0.2742569307649621,experiments/python4/rlvr/runs/20260812T103000Z-expanded/mixed_1ep/mixed_1ep/rlvr_rank64/summary.json
expanded_benchmark,20260812T103000Z-expanded,mixed_1ep,rlvr_rank64,64,thinking,python4_explicit,all,uppercase_boolean,semantic_pass,29,144,0.2013888888888889,0.14403885252879595,0.2742569307649621,experiments/python4/rlvr/runs/20260812T103000Z-expanded/mixed_1ep/mixed_1ep/rlvr_rank64/summary.json
expanded_benchmark,20260812T103000Z-expanded,mixed_1ep,rlvr_rank64,64,thinking,python4_explicit,audited,,audited_task_success,147,224,0.65625,0.5918873921983554,0.7153437867201766,experiments/python4/rlvr/runs/20260812T103000Z-expanded/mixed_1ep/mixed_1ep/rlvr_rank64/graded.jsonl
expanded_benchmark,20260812T103000Z-expanded,mixed_1ep,rlvr_rank64,64,thinking,python4_explicit,audited,end_inclusive_slice,audited_rule_adherence,12,24,0.5,0.3142742581957335,0.6857257418042665,experiments/python4/rlvr/runs/20260812T103000Z-expanded/mixed_1ep/mixed_1ep/rlvr_rank64/graded.jsonl
expanded_benchmark,20260812T103000Z-expanded,mixed_1ep,rlvr_rank64,64,thinking,python4_explicit,audited,grouped_large_integer,audited_rule_adherence,5,48,0.10416666666666667,0.045321719041813105,0.2216742169438633,experiments/python4/rlvr/runs/20260812T103000Z-expanded/mixed_1ep/mixed_1ep/rlvr_rank64/graded.jsonl
expanded_benchmark,20260812T103000Z-expanded,mixed_1ep,rlvr_rank64,64,thinking,python4_explicit,audited,negative_exclusion,audited_rule_adherence,24,48,0.5,0.36389330502679385,0.6361066949732062,experiments/python4/rlvr/runs/20260812T103000Z-expanded/mixed_1ep/mixed_1ep/rlvr_rank64/graded.jsonl
expanded_benchmark,20260812T103000Z-expanded,mixed_1ep,rlvr_rank64,64,thinking,python4_explicit,audited,out_parameter,audited_rule_adherence,96,96,1.0,0.9615244121423243,1.0,experiments/python4/rlvr/runs/20260812T103000Z-expanded/mixed_1ep/mixed_1ep/rlvr_rank64/graded.jsonl
expanded_benchmark,20260812T103000Z-expanded,mixed_1ep,rlvr_rank64,64,thinking,python4_explicit,audited,statement_terminators,audited_rule_adherence,96,96,1.0,0.9615244121423243,1.0,experiments/python4/rlvr/runs/20260812T103000Z-expanded/mixed_1ep/mixed_1ep/rlvr_rank64/graded.jsonl
expanded_benchmark,20260812T103000Z-expanded,mixed_1ep,rlvr_rank64,64,thinking,python4_explicit,audited,uppercase_boolean,audited_rule_adherence,0,48,0.0,0.0,0.07410012966611748,experiments/python4/rlvr/runs/20260812T103000Z-expanded/mixed_1ep/mixed_1ep/rlvr_rank64/graded.jsonl
expanded_benchmark,20260812T103000Z-expanded,mixed_1ep,rlvr_rank64,64,thinking,python4_explicit,code_generation,,boa_compile,273,384,0.7109375,0.6636836691154626,0.7540127795638298,experiments/python4/rlvr/runs/20260812T103000Z-expanded/mixed_1ep/mixed_1ep/rlvr_rank64/graded.jsonl
expanded_benchmark,20260812T103000Z-expanded,mixed_1ep,rlvr_rank64,64,thinking,python4_explicit,code_generation,,boa_pass,154,384,0.4010416666666667,0.3532350924159795,0.4508085489443524,experiments/python4/rlvr/runs/20260812T103000Z-expanded/mixed_1ep/mixed_1ep/rlvr_rank64/graded.jsonl
expanded_benchmark,20260812T103000Z-expanded,mixed_1ep,rlvr_rank64,64,thinking,python4_explicit,code_generation,,format_valid,0,384,0.0,0.0,0.009904714241677031,experiments/python4/rlvr/runs/20260812T103000Z-expanded/mixed_1ep/mixed_1ep/rlvr_rank64/graded.jsonl
expanded_benchmark,20260812T103000Z-expanded,mixed_1ep,rlvr_rank64,64,thinking,python4_explicit,code_generation,end_inclusive_slice,rule_pass,33,108,0.3055555555555556,0.22660233791018655,0.39786607976903,experiments/python4/rlvr/runs/20260812T103000Z-expanded/mixed_1ep/mixed_1ep/rlvr_rank64/graded.jsonl
expanded_benchmark,20260812T103000Z-expanded,mixed_1ep,rlvr_rank64,64,thinking,python4_explicit,code_generation,end_inclusive_slice,semantic_pass,21,84,0.25,0.16972312954861019,0.35214273465871976,experiments/python4/rlvr/runs/20260812T103000Z-expanded/mixed_1ep/mixed_1ep/rlvr_rank64/graded.jsonl
expanded_benchmark,20260812T103000Z-expanded,mixed_1ep,rlvr_rank64,64,thinking,python4_explicit,code_generation,grouped_large_integer,rule_pass,0,96,0.0,0.0,0.038475587857675686,experiments/python4/rlvr/runs/20260812T103000Z-expanded/mixed_1ep/mixed_1ep/rlvr_rank64/graded.jsonl
expanded_benchmark,20260812T103000Z-expanded,mixed_1ep,rlvr_rank64,64,thinking,python4_explicit,code_generation,grouped_large_integer,semantic_pass,0,96,0.0,0.0,0.038475587857675686,experiments/python4/rlvr/runs/20260812T103000Z-expanded/mixed_1ep/mixed_1ep/rlvr_rank64/graded.jsonl
expanded_benchmark,20260812T103000Z-expanded,mixed_1ep,rlvr_rank64,64,thinking,python4_explicit,code_generation,negative_exclusion,rule_pass,34,96,0.3541666666666667,0.2657984032143951,0.4537569765774271,experiments/python4/rlvr/runs/20260812T103000Z-expanded/mixed_1ep/mixed_1ep/rlvr_rank64/graded.jsonl
expanded_benchmark,20260812T103000Z-expanded,mixed_1ep,rlvr_rank64,64,thinking,python4_explicit,code_generation,negative_exclusion,semantic_pass,34,96,0.3541666666666667,0.2657984032143951,0.4537569765774271,experiments/python4/rlvr/runs/20260812T103000Z-expanded/mixed_1ep/mixed_1ep/rlvr_rank64/graded.jsonl
expanded_benchmark,20260812T103000Z-expanded,mixed_1ep,rlvr_rank64,64,thinking,python4_explicit,code_generation,uppercase_boolean,rule_pass,1,108,0.009259259259259259,0.0016363608538834916,0.05059345519366322,experiments/python4/rlvr/runs/20260812T103000Z-expanded/mixed_1ep/mixed_1ep/rlvr_rank64/graded.jsonl
expanded_benchmark,20260812T103000Z-expanded,mixed_1ep,rlvr_rank64,64,thinking,python4_explicit,code_generation,uppercase_boolean,semantic_pass,1,108,0.009259259259259259,0.0016363608538834916,0.05059345519366322,experiments/python4/rlvr/runs/20260812T103000Z-expanded/mixed_1ep/mixed_1ep/rlvr_rank64/graded.jsonl
expanded_benchmark,20260812T103000Z-expanded,mixed_1ep,rlvr_rank64,64,thinking,python4_explicit,held_in_only,,boa_pass,107,128,0.8359375,0.7621819239629298,0.8901166835408066,experiments/python4/rlvr/runs/20260812T103000Z-expanded/mixed_1ep/mixed_1ep/rlvr_rank64/summary.json
expanded_benchmark,20260812T103000Z-expanded,mixed_1ep,rlvr_rank64,64,thinking,python4_explicit,held_in_only,manual_allocation,rule_pass,0,96,0.0,0.0,0.038475587857675686,experiments/python4/rlvr/runs/20260812T103000Z-expanded/mixed_1ep/mixed_1ep/rlvr_rank64/graded.jsonl
expanded_benchmark,20260812T103000Z-expanded,mixed_1ep,rlvr_rank64,64,thinking,python4_explicit,held_in_only,out_parameter,rule_pass,95,96,0.9895833333333334,0.9433338237728424,0.9981588297831838,experiments/python4/rlvr/runs/20260812T103000Z-expanded/mixed_1ep/mixed_1ep/rlvr_rank64/graded.jsonl
expanded_benchmark,20260812T103000Z-expanded,mixed_1ep,rlvr_rank64,64,thinking,python4_explicit,held_in_only,statement_terminators,rule_pass,95,96,0.9895833333333334,0.9433338237728424,0.9981588297831838,experiments/python4/rlvr/runs/20260812T103000Z-expanded/mixed_1ep/mixed_1ep/rlvr_rank64/graded.jsonl
expanded_benchmark,20260812T103000Z-expanded,mixed_1ep,rlvr_rank64,64,thinking,python4_explicit,held_out_composition,,boa_pass,24,128,0.1875,0.12936141696376852,0.2638491807071743,experiments/python4/rlvr/runs/20260812T103000Z-expanded/mixed_1ep/mixed_1ep/rlvr_rank64/summary.json
expanded_benchmark,20260812T103000Z-expanded,mixed_1ep,rlvr_rank64,64,thinking,python4_explicit,output_prediction,,boa_compile,128,128,1.0,0.9708630437264916,1.0,experiments/python4/rlvr/runs/20260812T103000Z-expanded/mixed_1ep/mixed_1ep/rlvr_rank64/graded.jsonl
expanded_benchmark,20260812T103000Z-expanded,mixed_1ep,rlvr_rank64,64,thinking,python4_explicit,output_prediction,,boa_pass,52,128,0.40625,0.3251030219432171,0.4928601573580657,experiments/python4/rlvr/runs/20260812T103000Z-expanded/mixed_1ep/mixed_1ep/rlvr_rank64/graded.jsonl
expanded_benchmark,20260812T103000Z-expanded,mixed_1ep,rlvr_rank64,64,thinking,python4_explicit,output_prediction,,format_valid,126,128,0.984375,0.9448190233201829,0.9957045502898559,experiments/python4/rlvr/runs/20260812T103000Z-expanded/mixed_1ep/mixed_1ep/rlvr_rank64/graded.jsonl
expanded_benchmark,20260812T103000Z-expanded,mixed_1ep,rlvr_rank64,64,thinking,python4_explicit,output_prediction,end_inclusive_slice,rule_pass,9,36,0.25,0.13750477662994837,0.4107045376672835,experiments/python4/rlvr/runs/20260812T103000Z-expanded/mixed_1ep/mixed_1ep/rlvr_rank64/graded.jsonl
expanded_benchmark,20260812T103000Z-expanded,mixed_1ep,rlvr_rank64,64,thinking,python4_explicit,output_prediction,end_inclusive_slice,semantic_pass,9,28,0.32142857142857145,0.1793324692249496,0.5066115681914238,experiments/python4/rlvr/runs/20260812T103000Z-expanded/mixed_1ep/mixed_1ep/rlvr_rank64/graded.jsonl
expanded_benchmark,20260812T103000Z-expanded,mixed_1ep,rlvr_rank64,64,thinking,python4_explicit,output_prediction,grouped_large_integer,rule_pass,19,32,0.59375,0.42260024875382873,0.7448036515733456,experiments/python4/rlvr/runs/20260812T103000Z-expanded/mixed_1ep/mixed_1ep/rlvr_rank64/graded.jsonl
expanded_benchmark,20260812T103000Z-expanded,mixed_1ep,rlvr_rank64,64,thinking,python4_explicit,output_prediction,grouped_large_integer,semantic_pass,19,32,0.59375,0.42260024875382873,0.7448036515733456,experiments/python4/rlvr/runs/20260812T103000Z-expanded/mixed_1ep/mixed_1ep/rlvr_rank64/graded.jsonl
expanded_benchmark,20260812T103000Z-expanded,mixed_1ep,rlvr_rank64,64,thinking,python4_explicit,output_prediction,negative_exclusion,rule_pass,3,32,0.09375,0.032401551298366194,0.24218154728387864,experiments/python4/rlvr/runs/20260812T103000Z-expanded/mixed_1ep/mixed_1ep/rlvr_rank64/graded.jsonl
expanded_benchmark,20260812T103000Z-expanded,mixed_1ep,rlvr_rank64,64,thinking,python4_explicit,output_prediction,negative_exclusion,semantic_pass,3,32,0.09375,0.032401551298366194,0.24218154728387864,experiments/python4/rlvr/runs/20260812T103000Z-expanded/mixed_1ep/mixed_1ep/rlvr_rank64/graded.jsonl
expanded_benchmark,20260812T103000Z-expanded,mixed_1ep,rlvr_rank64,64,thinking,python4_explicit,output_prediction,uppercase_boolean,rule_pass,28,36,0.7777777777777778,0.6191529705388181,0.8828366802420353,experiments/python4/rlvr/runs/20260812T103000Z-expanded/mixed_1ep/mixed_1ep/rlvr_rank64/graded.jsonl
expanded_benchmark,20260812T103000Z-expanded,mixed_1ep,rlvr_rank64,64,thinking,python4_explicit,output_prediction,uppercase_boolean,semantic_pass,28,36,0.7777777777777778,0.6191529705388181,0.8828366802420353,experiments/python4/rlvr/runs/20260812T103000Z-expanded/mixed_1ep/mixed_1ep/rlvr_rank64/graded.jsonl
expanded_benchmark,20260812T103000Z-expanded,mixed_1ep,rlvr_rank64,64,thinking,python4_explicit,single:end_inclusive_slice,,boa_pass,25,64,0.390625,0.2805556918824008,0.5130808211972754,experiments/python4/rlvr/runs/20260812T103000Z-expanded/mixed_1ep/mixed_1ep/rlvr_rank64/summary.json
expanded_benchmark,20260812T103000Z-expanded,mixed_1ep,rlvr_rank64,64,thinking,python4_explicit,single:grouped_large_integer,,boa_pass,12,64,0.1875,0.11064643172948806,0.29974360564101526,experiments/python4/rlvr/runs/20260812T103000Z-expanded/mixed_1ep/mixed_1ep/rlvr_rank64/summary.json
expanded_benchmark,20260812T103000Z-expanded,mixed_1ep,rlvr_rank64,64,thinking,python4_explicit,single:negative_exclusion,,boa_pass,24,64,0.375,0.2666598017882464,0.497496213159955,experiments/python4/rlvr/runs/20260812T103000Z-expanded/mixed_1ep/mixed_1ep/rlvr_rank64/summary.json
expanded_benchmark,20260812T103000Z-expanded,mixed_1ep,rlvr_rank64,64,thinking,python4_explicit,single:uppercase_boolean,,boa_pass,14,64,0.21875,0.13502319406719474,0.3343278395662582,experiments/python4/rlvr/runs/20260812T103000Z-expanded/mixed_1ep/mixed_1ep/rlvr_rank64/summary.json
expanded_benchmark,20260812T103000Z-expanded,mixed_4ep,aft_rank64,64,thinking,python4_explicit,all,,boa_compile,427,512,0.833984375,0.7992907911560903,0.8637036117790153,experiments/python4/rlvr/runs/20260812T103000Z-expanded/mixed_4ep/mixed_4ep/aft_rank64/summary.json
expanded_benchmark,20260812T103000Z-expanded,mixed_4ep,aft_rank64,64,thinking,python4_explicit,all,,boa_pass,145,512,0.283203125,0.24590313536046607,0.32373207676937765,experiments/python4/rlvr/runs/20260812T103000Z-expanded/mixed_4ep/mixed_4ep/aft_rank64/summary.json
expanded_benchmark,20260812T103000Z-expanded,mixed_4ep,aft_rank64,64,thinking,python4_explicit,all,,format_valid,120,512,0.234375,0.1997440434999927,0.27296216235278875,experiments/python4/rlvr/runs/20260812T103000Z-expanded/mixed_4ep/mixed_4ep/aft_rank64/summary.json
expanded_benchmark,20260812T103000Z-expanded,mixed_4ep,aft_rank64,64,thinking,python4_explicit,all,end_inclusive_slice,rule_pass,21,144,0.14583333333333334,0.09740459759036241,0.21266714538595533,experiments/python4/rlvr/runs/20260812T103000Z-expanded/mixed_4ep/mixed_4ep/aft_rank64/summary.json
expanded_benchmark,20260812T103000Z-expanded,mixed_4ep,aft_rank64,64,thinking,python4_explicit,all,end_inclusive_slice,semantic_pass,13,112,0.11607142857142858,0.06910034144490855,0.18850569291006625,experiments/python4/rlvr/runs/20260812T103000Z-expanded/mixed_4ep/mixed_4ep/aft_rank64/summary.json
expanded_benchmark,20260812T103000Z-expanded,mixed_4ep,aft_rank64,64,thinking,python4_explicit,all,grouped_large_integer,rule_pass,12,128,0.09375,0.054443804399147026,0.15672997257307855,experiments/python4/rlvr/runs/20260812T103000Z-expanded/mixed_4ep/mixed_4ep/aft_rank64/summary.json
expanded_benchmark,20260812T103000Z-expanded,mixed_4ep,aft_rank64,64,thinking,python4_explicit,all,grouped_large_integer,semantic_pass,12,128,0.09375,0.054443804399147026,0.15672997257307855,experiments/python4/rlvr/runs/20260812T103000Z-expanded/mixed_4ep/mixed_4ep/aft_rank64/summary.json
expanded_benchmark,20260812T103000Z-expanded,mixed_4ep,aft_rank64,64,thinking,python4_explicit,all,negative_exclusion,rule_pass,21,128,0.1640625,0.1098833164591933,0.23781807603707017,experiments/python4/rlvr/runs/20260812T103000Z-expanded/mixed_4ep/mixed_4ep/aft_rank64/summary.json
expanded_benchmark,20260812T103000Z-expanded,mixed_4ep,aft_rank64,64,thinking,python4_explicit,all,negative_exclusion,semantic_pass,21,128,0.1640625,0.1098833164591933,0.23781807603707017,experiments/python4/rlvr/runs/20260812T103000Z-expanded/mixed_4ep/mixed_4ep/aft_rank64/summary.json
expanded_benchmark,20260812T103000Z-expanded,mixed_4ep,aft_rank64,64,thinking,python4_explicit,all,uppercase_boolean,rule_pass,27,144,0.1875,0.13218190681966735,0.2590578663947306,experiments/python4/rlvr/runs/20260812T103000Z-expanded/mixed_4ep/mixed_4ep/aft_rank64/summary.json
expanded_benchmark,20260812T103000Z-expanded,mixed_4ep,aft_rank64,64,thinking,python4_explicit,all,uppercase_boolean,semantic_pass,27,144,0.1875,0.13218190681966735,0.2590578663947306,experiments/python4/rlvr/runs/20260812T103000Z-expanded/mixed_4ep/mixed_4ep/aft_rank64/summary.json
expanded_benchmark,20260812T103000Z-expanded,mixed_4ep,aft_rank64,64,thinking,python4_explicit,audited,,audited_task_success,121,224,0.5401785714285714,0.47478409044861003,0.6042182127018696,experiments/python4/rlvr/runs/20260812T103000Z-expanded/mixed_4ep/mixed_4ep/aft_rank64/graded.jsonl
expanded_benchmark,20260812T103000Z-expanded,mixed_4ep,aft_rank64,64,thinking,python4_explicit,audited,end_inclusive_slice,audited_rule_adherence,0,24,0.0,0.0,0.13797620467498017,experiments/python4/rlvr/runs/20260812T103000Z-expanded/mixed_4ep/mixed_4ep/aft_rank64/graded.jsonl
expanded_benchmark,20260812T103000Z-expanded,mixed_4ep,aft_rank64,64,thinking,python4_explicit,audited,grouped_large_integer,audited_rule_adherence,26,48,0.5416666666666666,0.40291074545649797,0.6742475770713254,experiments/python4/rlvr/runs/20260812T103000Z-expanded/mixed_4ep/mixed_4ep/aft_rank64/graded.jsonl
expanded_benchmark,20260812T103000Z-expanded,mixed_4ep,aft_rank64,64,thinking,python4_explicit,audited,manual_allocation,audited_rule_adherence,34,40,0.85,0.709276756335103,0.9293881228267964,experiments/python4/rlvr/runs/20260812T103000Z-expanded/mixed_4ep/mixed_4ep/aft_rank64/graded.jsonl
expanded_benchmark,20260812T103000Z-expanded,mixed_4ep,aft_rank64,64,thinking,python4_explicit,audited,negative_exclusion,audited_rule_adherence,10,48,0.20833333333333334,0.11730272957905595,0.34258901272617925,experiments/python4/rlvr/runs/20260812T103000Z-expanded/mixed_4ep/mixed_4ep/aft_rank64/graded.jsonl
expanded_benchmark,20260812T103000Z-expanded,mixed_4ep,aft_rank64,64,thinking,python4_explicit,audited,out_parameter,audited_rule_adherence,80,96,0.8333333333333334,0.7462900984810511,0.8947261762804989,experiments/python4/rlvr/runs/20260812T103000Z-expanded/mixed_4ep/mixed_4ep/aft_rank64/graded.jsonl
expanded_benchmark,20260812T103000Z-expanded,mixed_4ep,aft_rank64,64,thinking,python4_explicit,audited,statement_terminators,audited_rule_adherence,80,96,0.8333333333333334,0.7462900984810511,0.8947261762804989,experiments/python4/rlvr/runs/20260812T103000Z-expanded/mixed_4ep/mixed_4ep/aft_rank64/graded.jsonl
expanded_benchmark,20260812T103000Z-expanded,mixed_4ep,aft_rank64,64,thinking,python4_explicit,audited,uppercase_boolean,audited_rule_adherence,36,48,0.75,0.6121562719049204,0.8507936632620209,experiments/python4/rlvr/runs/20260812T103000Z-expanded/mixed_4ep/mixed_4ep/aft_rank64/graded.jsonl
expanded_benchmark,20260812T103000Z-expanded,mixed_4ep,aft_rank64,64,thinking,python4_explicit,code_generation,,boa_compile,299,384,0.7786458333333334,0.7344762777740934,0.8172955741849721,experiments/python4/rlvr/runs/20260812T103000Z-expanded/mixed_4ep/mixed_4ep/aft_rank64/graded.jsonl
expanded_benchmark,20260812T103000Z-expanded,mixed_4ep,aft_rank64,64,thinking,python4_explicit,code_generation,,boa_pass,94,384,0.24479166666666666,0.20445381307258223,0.29018505148827367,experiments/python4/rlvr/runs/20260812T103000Z-expanded/mixed_4ep/mixed_4ep/aft_rank64/graded.jsonl
expanded_benchmark,20260812T103000Z-expanded,mixed_4ep,aft_rank64,64,thinking,python4_explicit,code_generation,,format_valid,0,384,0.0,0.0,0.009904714241677031,experiments/python4/rlvr/runs/20260812T103000Z-expanded/mixed_4ep/mixed_4ep/aft_rank64/graded.jsonl
expanded_benchmark,20260812T103000Z-expanded,mixed_4ep,aft_rank64,64,thinking,python4_explicit,code_generation,end_inclusive_slice,rule_pass,12,108,0.1111111111111111,0.06471266928983735,0.18422416606859587,experiments/python4/rlvr/runs/20260812T103000Z-expanded/mixed_4ep/mixed_4ep/aft_rank64/graded.jsonl
expanded_benchmark,20260812T103000Z-expanded,mixed_4ep,aft_rank64,64,thinking,python4_explicit,code_generation,end_inclusive_slice,semantic_pass,5,84,0.05952380952380952,0.025690561091495437,0.13188262822618113,experiments/python4/rlvr/runs/20260812T103000Z-expanded/mixed_4ep/mixed_4ep/aft_rank64/graded.jsonl
expanded_benchmark,20260812T103000Z-expanded,mixed_4ep,aft_rank64,64,thinking,python4_explicit,code_generation,grouped_large_integer,rule_pass,0,96,0.0,0.0,0.038475587857675686,experiments/python4/rlvr/runs/20260812T103000Z-expanded/mixed_4ep/mixed_4ep/aft_rank64/graded.jsonl
expanded_benchmark,20260812T103000Z-expanded,mixed_4ep,aft_rank64,64,thinking,python4_explicit,code_generation,grouped_large_integer,semantic_pass,0,96,0.0,0.0,0.038475587857675686,experiments/python4/rlvr/runs/20260812T103000Z-expanded/mixed_4ep/mixed_4ep/aft_rank64/graded.jsonl
expanded_benchmark,20260812T103000Z-expanded,mixed_4ep,aft_rank64,64,thinking,python4_explicit,code_generation,negative_exclusion,rule_pass,15,96,0.15625,0.09703709990686579,0.24191486674528626,experiments/python4/rlvr/runs/20260812T103000Z-expanded/mixed_4ep/mixed_4ep/aft_rank64/graded.jsonl
expanded_benchmark,20260812T103000Z-expanded,mixed_4ep,aft_rank64,64,thinking,python4_explicit,code_generation,negative_exclusion,semantic_pass,15,96,0.15625,0.09703709990686579,0.24191486674528626,experiments/python4/rlvr/runs/20260812T103000Z-expanded/mixed_4ep/mixed_4ep/aft_rank64/graded.jsonl
expanded_benchmark,20260812T103000Z-expanded,mixed_4ep,aft_rank64,64,thinking,python4_explicit,code_generation,uppercase_boolean,rule_pass,0,108,0.0,0.0,0.034347359746557025,experiments/python4/rlvr/runs/20260812T103000Z-expanded/mixed_4ep/mixed_4ep/aft_rank64/graded.jsonl
expanded_benchmark,20260812T103000Z-expanded,mixed_4ep,aft_rank64,64,thinking,python4_explicit,code_generation,uppercase_boolean,semantic_pass,0,108,0.0,0.0,0.034347359746557025,experiments/python4/rlvr/runs/20260812T103000Z-expanded/mixed_4ep/mixed_4ep/aft_rank64/graded.jsonl
expanded_benchmark,20260812T103000Z-expanded,mixed_4ep,aft_rank64,64,thinking,python4_explicit,held_in_only,,boa_pass,83,128,0.6484375,0.5624978389203745,0.7257271271859276,experiments/python4/rlvr/runs/20260812T103000Z-expanded/mixed_4ep/mixed_4ep/aft_rank64/summary.json
expanded_benchmark,20260812T103000Z-expanded,mixed_4ep,aft_rank64,64,thinking,python4_explicit,held_in_only,manual_allocation,rule_pass,32,96,0.3333333333333333,0.2470569241521054,0.43243493846711983,experiments/python4/rlvr/runs/20260812T103000Z-expanded/mixed_4ep/mixed_4ep/aft_rank64/graded.jsonl
expanded_benchmark,20260812T103000Z-expanded,mixed_4ep,aft_rank64,64,thinking,python4_explicit,held_in_only,out_parameter,rule_pass,70,96,0.7291666666666666,0.6327365269279848,0.8079621619705808,experiments/python4/rlvr/runs/20260812T103000Z-expanded/mixed_4ep/mixed_4ep/aft_rank64/graded.jsonl
expanded_benchmark,20260812T103000Z-expanded,mixed_4ep,aft_rank64,64,thinking,python4_explicit,held_in_only,statement_terminators,rule_pass,70,96,0.7291666666666666,0.6327365269279848,0.8079621619705808,experiments/python4/rlvr/runs/20260812T103000Z-expanded/mixed_4ep/mixed_4ep/aft_rank64/graded.jsonl
expanded_benchmark,20260812T103000Z-expanded,mixed_4ep,aft_rank64,64,thinking,python4_explicit,held_out_composition,,boa_pass,17,128,0.1328125,0.08460228531840389,0.20242016694495388,experiments/python4/rlvr/runs/20260812T103000Z-expanded/mixed_4ep/mixed_4ep/aft_rank64/summary.json
expanded_benchmark,20260812T103000Z-expanded,mixed_4ep,aft_rank64,64,thinking,python4_explicit,output_prediction,,boa_compile,128,128,1.0,0.9708630437264916,1.0,experiments/python4/rlvr/runs/20260812T103000Z-expanded/mixed_4ep/mixed_4ep/aft_rank64/graded.jsonl
expanded_benchmark,20260812T103000Z-expanded,mixed_4ep,aft_rank64,64,thinking,python4_explicit,output_prediction,,boa_pass,51,128,0.3984375,0.3177758511189852,0.4850175931240712,experiments/python4/rlvr/runs/20260812T103000Z-expanded/mixed_4ep/mixed_4ep/aft_rank64/graded.jsonl
expanded_benchmark,20260812T103000Z-expanded,mixed_4ep,aft_rank64,64,thinking,python4_explicit,output_prediction,,format_valid,120,128,0.9375,0.8815120889557413,0.9679930743049387,experiments/python4/rlvr/runs/20260812T103000Z-expanded/mixed_4ep/mixed_4ep/aft_rank64/graded.jsonl
expanded_benchmark,20260812T103000Z-expanded,mixed_4ep,aft_rank64,64,thinking,python4_explicit,output_prediction,end_inclusive_slice,rule_pass,9,36,0.25,0.13750477662994837,0.4107045376672835,experiments/python4/rlvr/runs/20260812T103000Z-expanded/mixed_4ep/mixed_4ep/aft_rank64/graded.jsonl
expanded_benchmark,20260812T103000Z-expanded,mixed_4ep,aft_rank64,64,thinking,python4_explicit,output_prediction,end_inclusive_slice,semantic_pass,8,28,0.2857142857142857,0.1525399605666909,0.47059288433295715,experiments/python4/rlvr/runs/20260812T103000Z-expanded/mixed_4ep/mixed_4ep/aft_rank64/graded.jsonl
expanded_benchmark,20260812T103000Z-expanded,mixed_4ep,aft_rank64,64,thinking,python4_explicit,output_prediction,grouped_large_integer,rule_pass,12,32,0.375,0.22933887309454212,0.5474559264692255,experiments/python4/rlvr/runs/20260812T103000Z-expanded/mixed_4ep/mixed_4ep/aft_rank64/graded.jsonl
expanded_benchmark,20260812T103000Z-expanded,mixed_4ep,aft_rank64,64,thinking,python4_explicit,output_prediction,grouped_large_integer,semantic_pass,12,32,0.375,0.22933887309454212,0.5474559264692255,experiments/python4/rlvr/runs/20260812T103000Z-expanded/mixed_4ep/mixed_4ep/aft_rank64/graded.jsonl
expanded_benchmark,20260812T103000Z-expanded,mixed_4ep,aft_rank64,64,thinking,python4_explicit,output_prediction,negative_exclusion,rule_pass,6,32,0.1875,0.08889544689565954,0.3530915520137596,experiments/python4/rlvr/runs/20260812T103000Z-expanded/mixed_4ep/mixed_4ep/aft_rank64/graded.jsonl
expanded_benchmark,20260812T103000Z-expanded,mixed_4ep,aft_rank64,64,thinking,python4_explicit,output_prediction,negative_exclusion,semantic_pass,6,32,0.1875,0.08889544689565954,0.3530915520137596,experiments/python4/rlvr/runs/20260812T103000Z-expanded/mixed_4ep/mixed_4ep/aft_rank64/graded.jsonl
expanded_benchmark,20260812T103000Z-expanded,mixed_4ep,aft_rank64,64,thinking,python4_explicit,output_prediction,uppercase_boolean,rule_pass,27,36,0.75,0.5892954623327166,0.8624952233700517,experiments/python4/rlvr/runs/20260812T103000Z-expanded/mixed_4ep/mixed_4ep/aft_rank64/graded.jsonl
expanded_benchmark,20260812T103000Z-expanded,mixed_4ep,aft_rank64,64,thinking,python4_explicit,output_prediction,uppercase_boolean,semantic_pass,27,36,0.75,0.5892954623327166,0.8624952233700517,experiments/python4/rlvr/runs/20260812T103000Z-expanded/mixed_4ep/mixed_4ep/aft_rank64/graded.jsonl
expanded_benchmark,20260812T103000Z-expanded,mixed_4ep,aft_rank64,64,thinking,python4_explicit,single:end_inclusive_slice,,boa_pass,10,64,0.15625,0.08714842338206585,0.2642806177254878,experiments/python4/rlvr/runs/20260812T103000Z-expanded/mixed_4ep/mixed_4ep/aft_rank64/summary.json
expanded_benchmark,20260812T103000Z-expanded,mixed_4ep,aft_rank64,64,thinking,python4_explicit,single:grouped_large_integer,,boa_pass,6,64,0.09375,0.04367825258519838,0.18982879599645597,experiments/python4/rlvr/runs/20260812T103000Z-expanded/mixed_4ep/mixed_4ep/aft_rank64/summary.json
expanded_benchmark,20260812T103000Z-expanded,mixed_4ep,aft_rank64,64,thinking,python4_explicit,single:negative_exclusion,,boa_pass,14,64,0.21875,0.13502319406719474,0.3343278395662582,experiments/python4/rlvr/runs/20260812T103000Z-expanded/mixed_4ep/mixed_4ep/aft_rank64/summary.json
expanded_benchmark,20260812T103000Z-expanded,mixed_4ep,aft_rank64,64,thinking,python4_explicit,single:uppercase_boolean,,boa_pass,15,64,0.234375,0.1474989559392414,0.35133257582568644,experiments/python4/rlvr/runs/20260812T103000Z-expanded/mixed_4ep/mixed_4ep/aft_rank64/summary.json
expanded_benchmark,20260812T103000Z-expanded,mixed_4ep,parent,,thinking,python4_explicit,all,,boa_compile,405,512,0.791015625,0.7536951237380339,0.824001753673257,experiments/python4/rlvr/runs/20260812T103000Z-expanded/mixed_4ep/mixed_4ep/parent/summary.json
expanded_benchmark,20260812T103000Z-expanded,mixed_4ep,parent,,thinking,python4_explicit,all,,boa_pass,158,512,0.30859375,0.27013248750358254,0.34990580789033354,experiments/python4/rlvr/runs/20260812T103000Z-expanded/mixed_4ep/mixed_4ep/parent/summary.json
expanded_benchmark,20260812T103000Z-expanded,mixed_4ep,parent,,thinking,python4_explicit,all,,format_valid,128,512,0.25,0.21444818972233134,0.28927529813911007,experiments/python4/rlvr/runs/20260812T103000Z-expanded/mixed_4ep/mixed_4ep/parent/summary.json
expanded_benchmark,20260812T103000Z-expanded,mixed_4ep,parent,,thinking,python4_explicit,all,end_inclusive_slice,rule_pass,27,144,0.1875,0.13218190681966735,0.2590578663947306,experiments/python4/rlvr/runs/20260812T103000Z-expanded/mixed_4ep/mixed_4ep/parent/summary.json
expanded_benchmark,20260812T103000Z-expanded,mixed_4ep,parent,,thinking,python4_explicit,all,end_inclusive_slice,semantic_pass,14,112,0.125,0.07594026855583394,0.198930741744374,experiments/python4/rlvr/runs/20260812T103000Z-expanded/mixed_4ep/mixed_4ep/parent/summary.json
expanded_benchmark,20260812T103000Z-expanded,mixed_4ep,parent,,thinking,python4_explicit,all,grouped_large_integer,rule_pass,15,128,0.1171875,0.07231682349355734,0.18436615865334754,experiments/python4/rlvr/runs/20260812T103000Z-expanded/mixed_4ep/mixed_4ep/parent/summary.json
expanded_benchmark,20260812T103000Z-expanded,mixed_4ep,parent,,thinking,python4_explicit,all,grouped_large_integer,semantic_pass,15,128,0.1171875,0.07231682349355734,0.18436615865334754,experiments/python4/rlvr/runs/20260812T103000Z-expanded/mixed_4ep/mixed_4ep/parent/summary.json
expanded_benchmark,20260812T103000Z-expanded,mixed_4ep,parent,,thinking,python4_explicit,all,negative_exclusion,rule_pass,16,128,0.125,0.07842644638761664,0.19342627081751468,experiments/python4/rlvr/runs/20260812T103000Z-expanded/mixed_4ep/mixed_4ep/parent/summary.json
expanded_benchmark,20260812T103000Z-expanded,mixed_4ep,parent,,thinking,python4_explicit,all,negative_exclusion,semantic_pass,16,128,0.125,0.07842644638761664,0.19342627081751468,experiments/python4/rlvr/runs/20260812T103000Z-expanded/mixed_4ep/mixed_4ep/parent/summary.json
expanded_benchmark,20260812T103000Z-expanded,mixed_4ep,parent,,thinking,python4_explicit,all,uppercase_boolean,rule_pass,29,144,0.2013888888888889,0.14403885252879595,0.2742569307649621,experiments/python4/rlvr/runs/20260812T103000Z-expanded/mixed_4ep/mixed_4ep/parent/summary.json
expanded_benchmark,20260812T103000Z-expanded,mixed_4ep,parent,,thinking,python4_explicit,all,uppercase_boolean,semantic_pass,29,144,0.2013888888888889,0.14403885252879595,0.2742569307649621,experiments/python4/rlvr/runs/20260812T103000Z-expanded/mixed_4ep/mixed_4ep/parent/summary.json
expanded_benchmark,20260812T103000Z-expanded,mixed_4ep,parent,,thinking,python4_explicit,audited,,audited_task_success,133,224,0.59375,0.5283777420400072,0.6559609653111119,experiments/python4/rlvr/runs/20260812T103000Z-expanded/mixed_4ep/mixed_4ep/parent/graded.jsonl
expanded_benchmark,20260812T103000Z-expanded,mixed_4ep,parent,,thinking,python4_explicit,audited,end_inclusive_slice,audited_rule_adherence,0,24,0.0,0.0,0.13797620467498017,experiments/python4/rlvr/runs/20260812T103000Z-expanded/mixed_4ep/mixed_4ep/parent/graded.jsonl
expanded_benchmark,20260812T103000Z-expanded,mixed_4ep,parent,,thinking,python4_explicit,audited,grouped_large_integer,audited_rule_adherence,36,48,0.75,0.6121562719049204,0.8507936632620209,experiments/python4/rlvr/runs/20260812T103000Z-expanded/mixed_4ep/mixed_4ep/parent/graded.jsonl
expanded_benchmark,20260812T103000Z-expanded,mixed_4ep,parent,,thinking,python4_explicit,audited,manual_allocation,audited_rule_adherence,11,13,0.8461538461538461,0.5776536898051745,0.9567418216419186,experiments/python4/rlvr/runs/20260812T103000Z-expanded/mixed_4ep/mixed_4ep/parent/graded.jsonl
expanded_benchmark,20260812T103000Z-expanded,mixed_4ep,parent,,thinking,python4_explicit,audited,negative_exclusion,audited_rule_adherence,9,48,0.1875,0.10191390954847647,0.31939867149284695,experiments/python4/rlvr/runs/20260812T103000Z-expanded/mixed_4ep/mixed_4ep/parent/graded.jsonl
expanded_benchmark,20260812T103000Z-expanded,mixed_4ep,parent,,thinking,python4_explicit,audited,out_parameter,audited_rule_adherence,94,96,0.9791666666666666,0.9271928648221579,0.9942680301475697,experiments/python4/rlvr/runs/20260812T103000Z-expanded/mixed_4ep/mixed_4ep/parent/graded.jsonl
expanded_benchmark,20260812T103000Z-expanded,mixed_4ep,parent,,thinking,python4_explicit,audited,statement_terminators,audited_rule_adherence,96,96,1.0,0.9615244121423243,1.0,experiments/python4/rlvr/runs/20260812T103000Z-expanded/mixed_4ep/mixed_4ep/parent/graded.jsonl
expanded_benchmark,20260812T103000Z-expanded,mixed_4ep,parent,,thinking,python4_explicit,audited,uppercase_boolean,audited_rule_adherence,12,48,0.25,0.1492063367379791,0.3878437280950796,experiments/python4/rlvr/runs/20260812T103000Z-expanded/mixed_4ep/mixed_4ep/parent/graded.jsonl
expanded_benchmark,20260812T103000Z-expanded,mixed_4ep,parent,,thinking,python4_explicit,code_generation,,boa_compile,277,384,0.7213541666666666,0.6744887104498828,0.7638347233493746,experiments/python4/rlvr/runs/20260812T103000Z-expanded/mixed_4ep/mixed_4ep/parent/graded.jsonl
expanded_benchmark,20260812T103000Z-expanded,mixed_4ep,parent,,thinking,python4_explicit,code_generation,,boa_pass,104,384,0.2708333333333333,0.228818163559676,0.3173881638010926,experiments/python4/rlvr/runs/20260812T103000Z-expanded/mixed_4ep/mixed_4ep/parent/graded.jsonl
expanded_benchmark,20260812T103000Z-expanded,mixed_4ep,parent,,thinking,python4_explicit,code_generation,,format_valid,0,384,0.0,0.0,0.009904714241677031,experiments/python4/rlvr/runs/20260812T103000Z-expanded/mixed_4ep/mixed_4ep/parent/graded.jsonl
expanded_benchmark,20260812T103000Z-expanded,mixed_4ep,parent,,thinking,python4_explicit,code_generation,end_inclusive_slice,rule_pass,16,108,0.14814814814814814,0.0932953152945802,0.2271713452678118,experiments/python4/rlvr/runs/20260812T103000Z-expanded/mixed_4ep/mixed_4ep/parent/graded.jsonl
expanded_benchmark,20260812T103000Z-expanded,mixed_4ep,parent,,thinking,python4_explicit,code_generation,end_inclusive_slice,semantic_pass,4,84,0.047619047619047616,0.018671746809490054,0.11613315032758317,experiments/python4/rlvr/runs/20260812T103000Z-expanded/mixed_4ep/mixed_4ep/parent/graded.jsonl
expanded_benchmark,20260812T103000Z-expanded,mixed_4ep,parent,,thinking,python4_explicit,code_generation,grouped_large_integer,rule_pass,0,96,0.0,0.0,0.038475587857675686,experiments/python4/rlvr/runs/20260812T103000Z-expanded/mixed_4ep/mixed_4ep/parent/graded.jsonl
expanded_benchmark,20260812T103000Z-expanded,mixed_4ep,parent,,thinking,python4_explicit,code_generation,grouped_large_integer,semantic_pass,0,96,0.0,0.0,0.038475587857675686,experiments/python4/rlvr/runs/20260812T103000Z-expanded/mixed_4ep/mixed_4ep/parent/graded.jsonl
expanded_benchmark,20260812T103000Z-expanded,mixed_4ep,parent,,thinking,python4_explicit,code_generation,negative_exclusion,rule_pass,13,96,0.13541666666666666,0.0808770644581112,0.21801138502144396,experiments/python4/rlvr/runs/20260812T103000Z-expanded/mixed_4ep/mixed_4ep/parent/graded.jsonl
expanded_benchmark,20260812T103000Z-expanded,mixed_4ep,parent,,thinking,python4_explicit,code_generation,negative_exclusion,semantic_pass,13,96,0.13541666666666666,0.0808770644581112,0.21801138502144396,experiments/python4/rlvr/runs/20260812T103000Z-expanded/mixed_4ep/mixed_4ep/parent/graded.jsonl
expanded_benchmark,20260812T103000Z-expanded,mixed_4ep,parent,,thinking,python4_explicit,code_generation,uppercase_boolean,rule_pass,0,108,0.0,0.0,0.034347359746557025,experiments/python4/rlvr/runs/20260812T103000Z-expanded/mixed_4ep/mixed_4ep/parent/graded.jsonl
expanded_benchmark,20260812T103000Z-expanded,mixed_4ep,parent,,thinking,python4_explicit,code_generation,uppercase_boolean,semantic_pass,0,108,0.0,0.0,0.034347359746557025,experiments/python4/rlvr/runs/20260812T103000Z-expanded/mixed_4ep/mixed_4ep/parent/graded.jsonl
expanded_benchmark,20260812T103000Z-expanded,mixed_4ep,parent,,thinking,python4_explicit,held_in_only,,boa_pass,94,128,0.734375,0.6518470619103658,0.8032449898364271,experiments/python4/rlvr/runs/20260812T103000Z-expanded/mixed_4ep/mixed_4ep/parent/summary.json
expanded_benchmark,20260812T103000Z-expanded,mixed_4ep,parent,,thinking,python4_explicit,held_in_only,manual_allocation,rule_pass,1,96,0.010416666666666666,0.0018411702168162486,0.056666176227157854,experiments/python4/rlvr/runs/20260812T103000Z-expanded/mixed_4ep/mixed_4ep/parent/graded.jsonl
expanded_benchmark,20260812T103000Z-expanded,mixed_4ep,parent,,thinking,python4_explicit,held_in_only,out_parameter,rule_pass,79,96,0.8229166666666666,0.7345895948319192,0.8863949213433322,experiments/python4/rlvr/runs/20260812T103000Z-expanded/mixed_4ep/mixed_4ep/parent/graded.jsonl
expanded_benchmark,20260812T103000Z-expanded,mixed_4ep,parent,,thinking,python4_explicit,held_in_only,statement_terminators,rule_pass,79,96,0.8229166666666666,0.7345895948319192,0.8863949213433322,experiments/python4/rlvr/runs/20260812T103000Z-expanded/mixed_4ep/mixed_4ep/parent/graded.jsonl
expanded_benchmark,20260812T103000Z-expanded,mixed_4ep,parent,,thinking,python4_explicit,held_out_composition,,boa_pass,18,128,0.140625,0.09083969494262253,0.21135249237896167,experiments/python4/rlvr/runs/20260812T103000Z-expanded/mixed_4ep/mixed_4ep/parent/summary.json
expanded_benchmark,20260812T103000Z-expanded,mixed_4ep,parent,,thinking,python4_explicit,output_prediction,,boa_compile,128,128,1.0,0.9708630437264916,1.0,experiments/python4/rlvr/runs/20260812T103000Z-expanded/mixed_4ep/mixed_4ep/parent/graded.jsonl
expanded_benchmark,20260812T103000Z-expanded,mixed_4ep,parent,,thinking,python4_explicit,output_prediction,,boa_pass,54,128,0.421875,0.3398211233888366,0.5084815260288991,experiments/python4/rlvr/runs/20260812T103000Z-expanded/mixed_4ep/mixed_4ep/parent/graded.jsonl
expanded_benchmark,20260812T103000Z-expanded,mixed_4ep,parent,,thinking,python4_explicit,output_prediction,,format_valid,128,128,1.0,0.9708630437264916,1.0,experiments/python4/rlvr/runs/20260812T103000Z-expanded/mixed_4ep/mixed_4ep/parent/graded.jsonl
expanded_benchmark,20260812T103000Z-expanded,mixed_4ep,parent,,thinking,python4_explicit,output_prediction,end_inclusive_slice,rule_pass,11,36,0.3055555555555556,0.1800445159482992,0.4685627285051034,experiments/python4/rlvr/runs/20260812T103000Z-expanded/mixed_4ep/mixed_4ep/parent/graded.jsonl
expanded_benchmark,20260812T103000Z-expanded,mixed_4ep,parent,,thinking,python4_explicit,output_prediction,end_inclusive_slice,semantic_pass,10,28,0.35714285714285715,0.2070582950773768,0.5416969348557219,experiments/python4/rlvr/runs/20260812T103000Z-expanded/mixed_4ep/mixed_4ep/parent/graded.jsonl
expanded_benchmark,20260812T103000Z-expanded,mixed_4ep,parent,,thinking,python4_explicit,output_prediction,grouped_large_integer,rule_pass,15,32,0.46875,0.30869387108068835,0.6355048288102536,experiments/python4/rlvr/runs/20260812T103000Z-expanded/mixed_4ep/mixed_4ep/parent/graded.jsonl
expanded_benchmark,20260812T103000Z-expanded,mixed_4ep,parent,,thinking,python4_explicit,output_prediction,grouped_large_integer,semantic_pass,15,32,0.46875,0.30869387108068835,0.6355048288102536,experiments/python4/rlvr/runs/20260812T103000Z-expanded/mixed_4ep/mixed_4ep/parent/graded.jsonl
expanded_benchmark,20260812T103000Z-expanded,mixed_4ep,parent,,thinking,python4_explicit,output_prediction,negative_exclusion,rule_pass,3,32,0.09375,0.032401551298366194,0.24218154728387864,experiments/python4/rlvr/runs/20260812T103000Z-expanded/mixed_4ep/mixed_4ep/parent/graded.jsonl
expanded_benchmark,20260812T103000Z-expanded,mixed_4ep,parent,,thinking,python4_explicit,output_prediction,negative_exclusion,semantic_pass,3,32,0.09375,0.032401551298366194,0.24218154728387864,experiments/python4/rlvr/runs/20260812T103000Z-expanded/mixed_4ep/mixed_4ep/parent/graded.jsonl
expanded_benchmark,20260812T103000Z-expanded,mixed_4ep,parent,,thinking,python4_explicit,output_prediction,uppercase_boolean,rule_pass,29,36,0.8055555555555556,0.6497195700482261,0.9024690458107127,experiments/python4/rlvr/runs/20260812T103000Z-expanded/mixed_4ep/mixed_4ep/parent/graded.jsonl
expanded_benchmark,20260812T103000Z-expanded,mixed_4ep,parent,,thinking,python4_explicit,output_prediction,uppercase_boolean,semantic_pass,29,36,0.8055555555555556,0.6497195700482261,0.9024690458107127,experiments/python4/rlvr/runs/20260812T103000Z-expanded/mixed_4ep/mixed_4ep/parent/graded.jsonl
expanded_benchmark,20260812T103000Z-expanded,mixed_4ep,parent,,thinking,python4_explicit,single:end_inclusive_slice,,boa_pass,14,64,0.21875,0.13502319406719474,0.3343278395662582,experiments/python4/rlvr/runs/20260812T103000Z-expanded/mixed_4ep/mixed_4ep/parent/summary.json
expanded_benchmark,20260812T103000Z-expanded,mixed_4ep,parent,,thinking,python4_explicit,single:grouped_large_integer,,boa_pass,7,64,0.109375,0.05400113344416797,0.20898641326896122,experiments/python4/rlvr/runs/20260812T103000Z-expanded/mixed_4ep/mixed_4ep/parent/summary.json
expanded_benchmark,20260812T103000Z-expanded,mixed_4ep,parent,,thinking,python4_explicit,single:negative_exclusion,,boa_pass,10,64,0.15625,0.08714842338206585,0.2642806177254878,experiments/python4/rlvr/runs/20260812T103000Z-expanded/mixed_4ep/mixed_4ep/parent/summary.json
expanded_benchmark,20260812T103000Z-expanded,mixed_4ep,parent,,thinking,python4_explicit,single:uppercase_boolean,,boa_pass,15,64,0.234375,0.1474989559392414,0.35133257582568644,experiments/python4/rlvr/runs/20260812T103000Z-expanded/mixed_4ep/mixed_4ep/parent/summary.json
expanded_benchmark,20260812T103000Z-expanded,mixed_4ep,rlvr_rank64,64,thinking,python4_explicit,all,,boa_compile,495,512,0.966796875,0.9474733440447254,0.9791679559639896,experiments/python4/rlvr/runs/20260812T103000Z-expanded/mixed_4ep/mixed_4ep/rlvr_rank64/summary.json
expanded_benchmark,20260812T103000Z-expanded,mixed_4ep,rlvr_rank64,64,thinking,python4_explicit,all,,boa_pass,186,512,0.36328125,0.32278335155989013,0.4058154308643356,experiments/python4/rlvr/runs/20260812T103000Z-expanded/mixed_4ep/mixed_4ep/rlvr_rank64/summary.json
expanded_benchmark,20260812T103000Z-expanded,mixed_4ep,rlvr_rank64,64,thinking,python4_explicit,all,,format_valid,121,512,0.236328125,0.201578409461584,0.2750049566422799,experiments/python4/rlvr/runs/20260812T103000Z-expanded/mixed_4ep/mixed_4ep/rlvr_rank64/summary.json
expanded_benchmark,20260812T103000Z-expanded,mixed_4ep,rlvr_rank64,64,thinking,python4_explicit,all,end_inclusive_slice,rule_pass,22,144,0.1527777777777778,0.1031088593295453,0.22049088868645247,experiments/python4/rlvr/runs/20260812T103000Z-expanded/mixed_4ep/mixed_4ep/rlvr_rank64/summary.json
expanded_benchmark,20260812T103000Z-expanded,mixed_4ep,rlvr_rank64,64,thinking,python4_explicit,all,end_inclusive_slice,semantic_pass,21,112,0.1875,0.1260345554053866,0.26969128651145335,experiments/python4/rlvr/runs/20260812T103000Z-expanded/mixed_4ep/mixed_4ep/rlvr_rank64/summary.json
expanded_benchmark,20260812T103000Z-expanded,mixed_4ep,rlvr_rank64,64,thinking,python4_explicit,all,grouped_large_integer,rule_pass,10,128,0.078125,0.04298737505098223,0.13784693180479052,experiments/python4/rlvr/runs/20260812T103000Z-expanded/mixed_4ep/mixed_4ep/rlvr_rank64/summary.json
expanded_benchmark,20260812T103000Z-expanded,mixed_4ep,rlvr_rank64,64,thinking,python4_explicit,all,grouped_large_integer,semantic_pass,10,128,0.078125,0.04298737505098223,0.13784693180479052,experiments/python4/rlvr/runs/20260812T103000Z-expanded/mixed_4ep/mixed_4ep/rlvr_rank64/summary.json
expanded_benchmark,20260812T103000Z-expanded,mixed_4ep,rlvr_rank64,64,thinking,python4_explicit,all,negative_exclusion,rule_pass,34,128,0.265625,0.19675501016357286,0.3481529380896342,experiments/python4/rlvr/runs/20260812T103000Z-expanded/mixed_4ep/mixed_4ep/rlvr_rank64/summary.json
expanded_benchmark,20260812T103000Z-expanded,mixed_4ep,rlvr_rank64,64,thinking,python4_explicit,all,negative_exclusion,semantic_pass,34,128,0.265625,0.19675501016357286,0.3481529380896342,experiments/python4/rlvr/runs/20260812T103000Z-expanded/mixed_4ep/mixed_4ep/rlvr_rank64/summary.json
expanded_benchmark,20260812T103000Z-expanded,mixed_4ep,rlvr_rank64,64,thinking,python4_explicit,all,uppercase_boolean,rule_pass,30,144,0.20833333333333334,0.1500109814745541,0.281812806858884,experiments/python4/rlvr/runs/20260812T103000Z-expanded/mixed_4ep/mixed_4ep/rlvr_rank64/summary.json
expanded_benchmark,20260812T103000Z-expanded,mixed_4ep,rlvr_rank64,64,thinking,python4_explicit,all,uppercase_boolean,semantic_pass,30,144,0.20833333333333334,0.1500109814745541,0.281812806858884,experiments/python4/rlvr/runs/20260812T103000Z-expanded/mixed_4ep/mixed_4ep/rlvr_rank64/summary.json
expanded_benchmark,20260812T103000Z-expanded,mixed_4ep,rlvr_rank64,64,thinking,python4_explicit,audited,,audited_task_success,147,224,0.65625,0.5918873921983554,0.7153437867201766,experiments/python4/rlvr/runs/20260812T103000Z-expanded/mixed_4ep/mixed_4ep/rlvr_rank64/graded.jsonl
expanded_benchmark,20260812T103000Z-expanded,mixed_4ep,rlvr_rank64,64,thinking,python4_explicit,audited,end_inclusive_slice,audited_rule_adherence,12,24,0.5,0.3142742581957335,0.6857257418042665,experiments/python4/rlvr/runs/20260812T103000Z-expanded/mixed_4ep/mixed_4ep/rlvr_rank64/graded.jsonl
expanded_benchmark,20260812T103000Z-expanded,mixed_4ep,rlvr_rank64,64,thinking,python4_explicit,audited,grouped_large_integer,audited_rule_adherence,37,48,0.7708333333333334,0.6346073590999655,0.8669217373308877,experiments/python4/rlvr/runs/20260812T103000Z-expanded/mixed_4ep/mixed_4ep/rlvr_rank64/graded.jsonl
expanded_benchmark,20260812T103000Z-expanded,mixed_4ep,rlvr_rank64,64,thinking,python4_explicit,audited,negative_exclusion,audited_rule_adherence,24,48,0.5,0.36389330502679385,0.6361066949732062,experiments/python4/rlvr/runs/20260812T103000Z-expanded/mixed_4ep/mixed_4ep/rlvr_rank64/graded.jsonl
expanded_benchmark,20260812T103000Z-expanded,mixed_4ep,rlvr_rank64,64,thinking,python4_explicit,audited,out_parameter,audited_rule_adherence,96,96,1.0,0.9615244121423243,1.0,experiments/python4/rlvr/runs/20260812T103000Z-expanded/mixed_4ep/mixed_4ep/rlvr_rank64/graded.jsonl
expanded_benchmark,20260812T103000Z-expanded,mixed_4ep,rlvr_rank64,64,thinking,python4_explicit,audited,statement_terminators,audited_rule_adherence,96,96,1.0,0.9615244121423243,1.0,experiments/python4/rlvr/runs/20260812T103000Z-expanded/mixed_4ep/mixed_4ep/rlvr_rank64/graded.jsonl
expanded_benchmark,20260812T103000Z-expanded,mixed_4ep,rlvr_rank64,64,thinking,python4_explicit,audited,uppercase_boolean,audited_rule_adherence,12,48,0.25,0.1492063367379791,0.3878437280950796,experiments/python4/rlvr/runs/20260812T103000Z-expanded/mixed_4ep/mixed_4ep/rlvr_rank64/graded.jsonl
expanded_benchmark,20260812T103000Z-expanded,mixed_4ep,rlvr_rank64,64,thinking,python4_explicit,code_generation,,boa_compile,367,384,0.9557291666666666,0.9302521739076847,0.9721784250907867,experiments/python4/rlvr/runs/20260812T103000Z-expanded/mixed_4ep/mixed_4ep/rlvr_rank64/graded.jsonl
expanded_benchmark,20260812T103000Z-expanded,mixed_4ep,rlvr_rank64,64,thinking,python4_explicit,code_generation,,boa_pass,135,384,0.3515625,0.3054921933433993,0.40057326869709853,experiments/python4/rlvr/runs/20260812T103000Z-expanded/mixed_4ep/mixed_4ep/rlvr_rank64/graded.jsonl
expanded_benchmark,20260812T103000Z-expanded,mixed_4ep,rlvr_rank64,64,thinking,python4_explicit,code_generation,,format_valid,0,384,0.0,0.0,0.009904714241677031,experiments/python4/rlvr/runs/20260812T103000Z-expanded/mixed_4ep/mixed_4ep/rlvr_rank64/graded.jsonl
expanded_benchmark,20260812T103000Z-expanded,mixed_4ep,rlvr_rank64,64,thinking,python4_explicit,code_generation,end_inclusive_slice,rule_pass,12,108,0.1111111111111111,0.06471266928983735,0.18422416606859587,experiments/python4/rlvr/runs/20260812T103000Z-expanded/mixed_4ep/mixed_4ep/rlvr_rank64/graded.jsonl
expanded_benchmark,20260812T103000Z-expanded,mixed_4ep,rlvr_rank64,64,thinking,python4_explicit,code_generation,end_inclusive_slice,semantic_pass,12,84,0.14285714285714285,0.08365020540566916,0.23330102917623075,experiments/python4/rlvr/runs/20260812T103000Z-expanded/mixed_4ep/mixed_4ep/rlvr_rank64/graded.jsonl
expanded_benchmark,20260812T103000Z-expanded,mixed_4ep,rlvr_rank64,64,thinking,python4_explicit,code_generation,grouped_large_integer,rule_pass,0,96,0.0,0.0,0.038475587857675686,experiments/python4/rlvr/runs/20260812T103000Z-expanded/mixed_4ep/mixed_4ep/rlvr_rank64/graded.jsonl
expanded_benchmark,20260812T103000Z-expanded,mixed_4ep,rlvr_rank64,64,thinking,python4_explicit,code_generation,grouped_large_integer,semantic_pass,0,96,0.0,0.0,0.038475587857675686,experiments/python4/rlvr/runs/20260812T103000Z-expanded/mixed_4ep/mixed_4ep/rlvr_rank64/graded.jsonl
expanded_benchmark,20260812T103000Z-expanded,mixed_4ep,rlvr_rank64,64,thinking,python4_explicit,code_generation,negative_exclusion,rule_pass,27,96,0.28125,0.20107410838369372,0.3782589613040394,experiments/python4/rlvr/runs/20260812T103000Z-expanded/mixed_4ep/mixed_4ep/rlvr_rank64/graded.jsonl
expanded_benchmark,20260812T103000Z-expanded,mixed_4ep,rlvr_rank64,64,thinking,python4_explicit,code_generation,negative_exclusion,semantic_pass,27,96,0.28125,0.20107410838369372,0.3782589613040394,experiments/python4/rlvr/runs/20260812T103000Z-expanded/mixed_4ep/mixed_4ep/rlvr_rank64/graded.jsonl
expanded_benchmark,20260812T103000Z-expanded,mixed_4ep,rlvr_rank64,64,thinking,python4_explicit,code_generation,uppercase_boolean,rule_pass,0,108,0.0,0.0,0.034347359746557025,experiments/python4/rlvr/runs/20260812T103000Z-expanded/mixed_4ep/mixed_4ep/rlvr_rank64/graded.jsonl
expanded_benchmark,20260812T103000Z-expanded,mixed_4ep,rlvr_rank64,64,thinking,python4_explicit,code_generation,uppercase_boolean,semantic_pass,0,108,0.0,0.0,0.034347359746557025,experiments/python4/rlvr/runs/20260812T103000Z-expanded/mixed_4ep/mixed_4ep/rlvr_rank64/graded.jsonl
expanded_benchmark,20260812T103000Z-expanded,mixed_4ep,rlvr_rank64,64,thinking,python4_explicit,held_in_only,,boa_pass,111,128,0.8671875,0.7975798330550461,0.9153977146815961,experiments/python4/rlvr/runs/20260812T103000Z-expanded/mixed_4ep/mixed_4ep/rlvr_rank64/summary.json
expanded_benchmark,20260812T103000Z-expanded,mixed_4ep,rlvr_rank64,64,thinking,python4_explicit,held_in_only,manual_allocation,rule_pass,0,96,0.0,0.0,0.038475587857675686,experiments/python4/rlvr/runs/20260812T103000Z-expanded/mixed_4ep/mixed_4ep/rlvr_rank64/graded.jsonl
expanded_benchmark,20260812T103000Z-expanded,mixed_4ep,rlvr_rank64,64,thinking,python4_explicit,held_in_only,out_parameter,rule_pass,96,96,1.0,0.9615244121423243,1.0,experiments/python4/rlvr/runs/20260812T103000Z-expanded/mixed_4ep/mixed_4ep/rlvr_rank64/graded.jsonl
expanded_benchmark,20260812T103000Z-expanded,mixed_4ep,rlvr_rank64,64,thinking,python4_explicit,held_in_only,statement_terminators,rule_pass,96,96,1.0,0.9615244121423243,1.0,experiments/python4/rlvr/runs/20260812T103000Z-expanded/mixed_4ep/mixed_4ep/rlvr_rank64/graded.jsonl
expanded_benchmark,20260812T103000Z-expanded,mixed_4ep,rlvr_rank64,64,thinking,python4_explicit,held_out_composition,,boa_pass,18,128,0.140625,0.09083969494262253,0.21135249237896167,experiments/python4/rlvr/runs/20260812T103000Z-expanded/mixed_4ep/mixed_4ep/rlvr_rank64/summary.json
expanded_benchmark,20260812T103000Z-expanded,mixed_4ep,rlvr_rank64,64,thinking,python4_explicit,output_prediction,,boa_compile,128,128,1.0,0.9708630437264916,1.0,experiments/python4/rlvr/runs/20260812T103000Z-expanded/mixed_4ep/mixed_4ep/rlvr_rank64/graded.jsonl
expanded_benchmark,20260812T103000Z-expanded,mixed_4ep,rlvr_rank64,64,thinking,python4_explicit,output_prediction,,boa_pass,51,128,0.3984375,0.3177758511189852,0.4850175931240712,experiments/python4/rlvr/runs/20260812T103000Z-expanded/mixed_4ep/mixed_4ep/rlvr_rank64/graded.jsonl
expanded_benchmark,20260812T103000Z-expanded,mixed_4ep,rlvr_rank64,64,thinking,python4_explicit,output_prediction,,format_valid,121,128,0.9453125,0.8914150997002529,0.9732597986186536,experiments/python4/rlvr/runs/20260812T103000Z-expanded/mixed_4ep/mixed_4ep/rlvr_rank64/graded.jsonl
expanded_benchmark,20260812T103000Z-expanded,mixed_4ep,rlvr_rank64,64,thinking,python4_explicit,output_prediction,end_inclusive_slice,rule_pass,10,36,0.2777777777777778,0.1584833794013461,0.43992489997397105,experiments/python4/rlvr/runs/20260812T103000Z-expanded/mixed_4ep/mixed_4ep/rlvr_rank64/graded.jsonl
expanded_benchmark,20260812T103000Z-expanded,mixed_4ep,rlvr_rank64,64,thinking,python4_explicit,output_prediction,end_inclusive_slice,semantic_pass,9,28,0.32142857142857145,0.1793324692249496,0.5066115681914238,experiments/python4/rlvr/runs/20260812T103000Z-expanded/mixed_4ep/mixed_4ep/rlvr_rank64/graded.jsonl
expanded_benchmark,20260812T103000Z-expanded,mixed_4ep,rlvr_rank64,64,thinking,python4_explicit,output_prediction,grouped_large_integer,rule_pass,10,32,0.3125,0.17952541633609734,0.4856667830095541,experiments/python4/rlvr/runs/20260812T103000Z-expanded/mixed_4ep/mixed_4ep/rlvr_rank64/graded.jsonl
expanded_benchmark,20260812T103000Z-expanded,mixed_4ep,rlvr_rank64,64,thinking,python4_explicit,output_prediction,grouped_large_integer,semantic_pass,10,32,0.3125,0.17952541633609734,0.4856667830095541,experiments/python4/rlvr/runs/20260812T103000Z-expanded/mixed_4ep/mixed_4ep/rlvr_rank64/graded.jsonl
expanded_benchmark,20260812T103000Z-expanded,mixed_4ep,rlvr_rank64,64,thinking,python4_explicit,output_prediction,negative_exclusion,rule_pass,7,32,0.21875,0.11023836252604186,0.3875499364924353,experiments/python4/rlvr/runs/20260812T103000Z-expanded/mixed_4ep/mixed_4ep/rlvr_rank64/graded.jsonl
expanded_benchmark,20260812T103000Z-expanded,mixed_4ep,rlvr_rank64,64,thinking,python4_explicit,output_prediction,negative_exclusion,semantic_pass,7,32,0.21875,0.11023836252604186,0.3875499364924353,experiments/python4/rlvr/runs/20260812T103000Z-expanded/mixed_4ep/mixed_4ep/rlvr_rank64/graded.jsonl
expanded_benchmark,20260812T103000Z-expanded,mixed_4ep,rlvr_rank64,64,thinking,python4_explicit,output_prediction,uppercase_boolean,rule_pass,30,36,0.8333333333333334,0.6810920568872054,0.9212955240498188,experiments/python4/rlvr/runs/20260812T103000Z-expanded/mixed_4ep/mixed_4ep/rlvr_rank64/graded.jsonl
expanded_benchmark,20260812T103000Z-expanded,mixed_4ep,rlvr_rank64,64,thinking,python4_explicit,output_prediction,uppercase_boolean,semantic_pass,30,36,0.8333333333333334,0.6810920568872054,0.9212955240498188,experiments/python4/rlvr/runs/20260812T103000Z-expanded/mixed_4ep/mixed_4ep/rlvr_rank64/graded.jsonl
expanded_benchmark,20260812T103000Z-expanded,mixed_4ep,rlvr_rank64,64,thinking,python4_explicit,single:end_inclusive_slice,,boa_pass,13,64,0.203125,0.12273417819183653,0.3171363573101416,experiments/python4/rlvr/runs/20260812T103000Z-expanded/mixed_4ep/mixed_4ep/rlvr_rank64/summary.json
expanded_benchmark,20260812T103000Z-expanded,mixed_4ep,rlvr_rank64,64,thinking,python4_explicit,single:grouped_large_integer,,boa_pass,2,64,0.03125,0.008612138346171874,0.10697291770958313,experiments/python4/rlvr/runs/20260812T103000Z-expanded/mixed_4ep/mixed_4ep/rlvr_rank64/summary.json
expanded_benchmark,20260812T103000Z-expanded,mixed_4ep,rlvr_rank64,64,thinking,python4_explicit,single:negative_exclusion,,boa_pass,27,64,0.421875,0.30869782474345486,0.5438996845991709,experiments/python4/rlvr/runs/20260812T103000Z-expanded/mixed_4ep/mixed_4ep/rlvr_rank64/summary.json
expanded_benchmark,20260812T103000Z-expanded,mixed_4ep,rlvr_rank64,64,thinking,python4_explicit,single:uppercase_boolean,,boa_pass,15,64,0.234375,0.1474989559392414,0.35133257582568644,experiments/python4/rlvr/runs/20260812T103000Z-expanded/mixed_4ep/mixed_4ep/rlvr_rank64/summary.json
expanded_benchmark,20260812T103000Z-expanded,ordered_1ep,aft_rank64,64,thinking,python4_explicit,all,,boa_compile,492,512,0.9609375,0.9404368991207068,0.9745729201347606,experiments/python4/rlvr/runs/20260812T103000Z-expanded/ordered_1ep/ordered_1ep/aft_rank64/summary.json
expanded_benchmark,20260812T103000Z-expanded,ordered_1ep,aft_rank64,64,thinking,python4_explicit,all,,boa_pass,149,512,0.291015625,0.25334281371732637,0.33180103941684724,experiments/python4/rlvr/runs/20260812T103000Z-expanded/ordered_1ep/ordered_1ep/aft_rank64/summary.json
expanded_benchmark,20260812T103000Z-expanded,ordered_1ep,aft_rank64,64,thinking,python4_explicit,all,,format_valid,94,512,0.18359375,0.15245737137050175,0.21944266795413497,experiments/python4/rlvr/runs/20260812T103000Z-expanded/ordered_1ep/ordered_1ep/aft_rank64/summary.json
expanded_benchmark,20260812T103000Z-expanded,ordered_1ep,aft_rank64,64,thinking,python4_explicit,all,end_inclusive_slice,rule_pass,26,144,0.18055555555555555,0.12629942236719172,0.2514123458075262,experiments/python4/rlvr/runs/20260812T103000Z-expanded/ordered_1ep/ordered_1ep/aft_rank64/summary.json
expanded_benchmark,20260812T103000Z-expanded,ordered_1ep,aft_rank64,64,thinking,python4_explicit,all,end_inclusive_slice,semantic_pass,5,112,0.044642857142857144,0.01921725792663493,0.10026896886647468,experiments/python4/rlvr/runs/20260812T103000Z-expanded/ordered_1ep/ordered_1ep/aft_rank64/summary.json
expanded_benchmark,20260812T103000Z-expanded,ordered_1ep,aft_rank64,64,thinking,python4_explicit,all,grouped_large_integer,rule_pass,9,128,0.0703125,0.03742976830393997,0.12823480349360633,experiments/python4/rlvr/runs/20260812T103000Z-expanded/ordered_1ep/ordered_1ep/aft_rank64/summary.json
expanded_benchmark,20260812T103000Z-expanded,ordered_1ep,aft_rank64,64,thinking,python4_explicit,all,grouped_large_integer,semantic_pass,9,128,0.0703125,0.03742976830393997,0.12823480349360633,experiments/python4/rlvr/runs/20260812T103000Z-expanded/ordered_1ep/ordered_1ep/aft_rank64/summary.json
expanded_benchmark,20260812T103000Z-expanded,ordered_1ep,aft_rank64,64,thinking,python4_explicit,all,negative_exclusion,rule_pass,6,128,0.046875,0.021657844171923776,0.09849752245094322,experiments/python4/rlvr/runs/20260812T103000Z-expanded/ordered_1ep/ordered_1ep/aft_rank64/summary.json
expanded_benchmark,20260812T103000Z-expanded,ordered_1ep,aft_rank64,64,thinking,python4_explicit,all,negative_exclusion,semantic_pass,6,128,0.046875,0.021657844171923776,0.09849752245094322,experiments/python4/rlvr/runs/20260812T103000Z-expanded/ordered_1ep/ordered_1ep/aft_rank64/summary.json
expanded_benchmark,20260812T103000Z-expanded,ordered_1ep,aft_rank64,64,thinking,python4_explicit,all,uppercase_boolean,rule_pass,14,144,0.09722222222222222,0.058799052664080885,0.1565766550344765,experiments/python4/rlvr/runs/20260812T103000Z-expanded/ordered_1ep/ordered_1ep/aft_rank64/summary.json
expanded_benchmark,20260812T103000Z-expanded,ordered_1ep,aft_rank64,64,thinking,python4_explicit,all,uppercase_boolean,semantic_pass,14,144,0.09722222222222222,0.058799052664080885,0.1565766550344765,experiments/python4/rlvr/runs/20260812T103000Z-expanded/ordered_1ep/ordered_1ep/aft_rank64/summary.json
expanded_benchmark,20260812T103000Z-expanded,ordered_1ep,aft_rank64,64,thinking,python4_explicit,audited,,audited_task_success,122,224,0.5446428571428571,0.47922161941335534,0.6085587174205107,experiments/python4/rlvr/runs/20260812T103000Z-expanded/ordered_1ep/ordered_1ep/aft_rank64/graded.jsonl
expanded_benchmark,20260812T103000Z-expanded,ordered_1ep,aft_rank64,64,thinking,python4_explicit,audited,end_inclusive_slice,audited_rule_adherence,1,24,0.041666666666666664,0.0073934561655057685,0.20241806478655938,experiments/python4/rlvr/runs/20260812T103000Z-expanded/ordered_1ep/ordered_1ep/aft_rank64/graded.jsonl
expanded_benchmark,20260812T103000Z-expanded,ordered_1ep,aft_rank64,64,thinking,python4_explicit,audited,grouped_large_integer,audited_rule_adherence,48,48,1.0,0.9258998703338824,1.0,experiments/python4/rlvr/runs/20260812T103000Z-expanded/ordered_1ep/ordered_1ep/aft_rank64/graded.jsonl
expanded_benchmark,20260812T103000Z-expanded,ordered_1ep,aft_rank64,64,thinking,python4_explicit,audited,manual_allocation,audited_rule_adherence,72,72,1.0,0.9493488274035422,1.0,experiments/python4/rlvr/runs/20260812T103000Z-expanded/ordered_1ep/ordered_1ep/aft_rank64/graded.jsonl
expanded_benchmark,20260812T103000Z-expanded,ordered_1ep,aft_rank64,64,thinking,python4_explicit,audited,negative_exclusion,audited_rule_adherence,3,48,0.0625,0.021483232908389285,0.1683543805494635,experiments/python4/rlvr/runs/20260812T103000Z-expanded/ordered_1ep/ordered_1ep/aft_rank64/graded.jsonl
expanded_benchmark,20260812T103000Z-expanded,ordered_1ep,aft_rank64,64,thinking,python4_explicit,audited,out_parameter,audited_rule_adherence,96,96,1.0,0.9615244121423243,1.0,experiments/python4/rlvr/runs/20260812T103000Z-expanded/ordered_1ep/ordered_1ep/aft_rank64/graded.jsonl
expanded_benchmark,20260812T103000Z-expanded,ordered_1ep,aft_rank64,64,thinking,python4_explicit,audited,statement_terminators,audited_rule_adherence,96,96,1.0,0.9615244121423243,1.0,experiments/python4/rlvr/runs/20260812T103000Z-expanded/ordered_1ep/ordered_1ep/aft_rank64/graded.jsonl
expanded_benchmark,20260812T103000Z-expanded,ordered_1ep,aft_rank64,64,thinking,python4_explicit,audited,uppercase_boolean,audited_rule_adherence,12,48,0.25,0.1492063367379791,0.3878437280950796,experiments/python4/rlvr/runs/20260812T103000Z-expanded/ordered_1ep/ordered_1ep/aft_rank64/graded.jsonl
expanded_benchmark,20260812T103000Z-expanded,ordered_1ep,aft_rank64,64,thinking,python4_explicit,code_generation,,boa_compile,364,384,0.9479166666666666,0.9209261407578317,0.9660342194006657,experiments/python4/rlvr/runs/20260812T103000Z-expanded/ordered_1ep/ordered_1ep/aft_rank64/graded.jsonl
expanded_benchmark,20260812T103000Z-expanded,ordered_1ep,aft_rank64,64,thinking,python4_explicit,code_generation,,boa_pass,123,384,0.3203125,0.2756213306677722,0.36856317601283034,experiments/python4/rlvr/runs/20260812T103000Z-expanded/ordered_1ep/ordered_1ep/aft_rank64/graded.jsonl
expanded_benchmark,20260812T103000Z-expanded,ordered_1ep,aft_rank64,64,thinking,python4_explicit,code_generation,,format_valid,0,384,0.0,0.0,0.009904714241677031,experiments/python4/rlvr/runs/20260812T103000Z-expanded/ordered_1ep/ordered_1ep/aft_rank64/graded.jsonl
expanded_benchmark,20260812T103000Z-expanded,ordered_1ep,aft_rank64,64,thinking,python4_explicit,code_generation,end_inclusive_slice,rule_pass,20,108,0.18518518518518517,0.12319953824741528,0.26879694751893546,experiments/python4/rlvr/runs/20260812T103000Z-expanded/ordered_1ep/ordered_1ep/aft_rank64/graded.jsonl
expanded_benchmark,20260812T103000Z-expanded,ordered_1ep,aft_rank64,64,thinking,python4_explicit,code_generation,end_inclusive_slice,semantic_pass,1,84,0.011904761904761904,0.002104583087549225,0.064395437507714,experiments/python4/rlvr/runs/20260812T103000Z-expanded/ordered_1ep/ordered_1ep/aft_rank64/graded.jsonl
expanded_benchmark,20260812T103000Z-expanded,ordered_1ep,aft_rank64,64,thinking,python4_explicit,code_generation,grouped_large_integer,rule_pass,1,96,0.010416666666666666,0.0018411702168162486,0.056666176227157854,experiments/python4/rlvr/runs/20260812T103000Z-expanded/ordered_1ep/ordered_1ep/aft_rank64/graded.jsonl
expanded_benchmark,20260812T103000Z-expanded,ordered_1ep,aft_rank64,64,thinking,python4_explicit,code_generation,grouped_large_integer,semantic_pass,1,96,0.010416666666666666,0.0018411702168162486,0.056666176227157854,experiments/python4/rlvr/runs/20260812T103000Z-expanded/ordered_1ep/ordered_1ep/aft_rank64/graded.jsonl
expanded_benchmark,20260812T103000Z-expanded,ordered_1ep,aft_rank64,64,thinking,python4_explicit,code_generation,negative_exclusion,rule_pass,3,96,0.03125,0.010684070371201164,0.0878867932453698,experiments/python4/rlvr/runs/20260812T103000Z-expanded/ordered_1ep/ordered_1ep/aft_rank64/graded.jsonl
expanded_benchmark,20260812T103000Z-expanded,ordered_1ep,aft_rank64,64,thinking,python4_explicit,code_generation,negative_exclusion,semantic_pass,3,96,0.03125,0.010684070371201164,0.0878867932453698,experiments/python4/rlvr/runs/20260812T103000Z-expanded/ordered_1ep/ordered_1ep/aft_rank64/graded.jsonl
expanded_benchmark,20260812T103000Z-expanded,ordered_1ep,aft_rank64,64,thinking,python4_explicit,code_generation,uppercase_boolean,rule_pass,1,108,0.009259259259259259,0.0016363608538834916,0.05059345519366322,experiments/python4/rlvr/runs/20260812T103000Z-expanded/ordered_1ep/ordered_1ep/aft_rank64/graded.jsonl
expanded_benchmark,20260812T103000Z-expanded,ordered_1ep,aft_rank64,64,thinking,python4_explicit,code_generation,uppercase_boolean,semantic_pass,1,108,0.009259259259259259,0.0016363608538834916,0.05059345519366322,experiments/python4/rlvr/runs/20260812T103000Z-expanded/ordered_1ep/ordered_1ep/aft_rank64/graded.jsonl
expanded_benchmark,20260812T103000Z-expanded,ordered_1ep,aft_rank64,64,thinking,python4_explicit,held_in_only,,boa_pass,101,128,0.7890625,0.7104932846593583,0.8507869124950196,experiments/python4/rlvr/runs/20260812T103000Z-expanded/ordered_1ep/ordered_1ep/aft_rank64/summary.json
expanded_benchmark,20260812T103000Z-expanded,ordered_1ep,aft_rank64,64,thinking,python4_explicit,held_in_only,manual_allocation,rule_pass,72,96,0.75,0.654901889760503,0.8258603163106593,experiments/python4/rlvr/runs/20260812T103000Z-expanded/ordered_1ep/ordered_1ep/aft_rank64/graded.jsonl
expanded_benchmark,20260812T103000Z-expanded,ordered_1ep,aft_rank64,64,thinking,python4_explicit,held_in_only,out_parameter,rule_pass,96,96,1.0,0.9615244121423243,1.0,experiments/python4/rlvr/runs/20260812T103000Z-expanded/ordered_1ep/ordered_1ep/aft_rank64/graded.jsonl
expanded_benchmark,20260812T103000Z-expanded,ordered_1ep,aft_rank64,64,thinking,python4_explicit,held_in_only,statement_terminators,rule_pass,96,96,1.0,0.9615244121423243,1.0,experiments/python4/rlvr/runs/20260812T103000Z-expanded/ordered_1ep/ordered_1ep/aft_rank64/graded.jsonl
expanded_benchmark,20260812T103000Z-expanded,ordered_1ep,aft_rank64,64,thinking,python4_explicit,held_out_composition,,boa_pass,7,128,0.0546875,0.026740201381346355,0.10858490029974707,experiments/python4/rlvr/runs/20260812T103000Z-expanded/ordered_1ep/ordered_1ep/aft_rank64/summary.json
expanded_benchmark,20260812T103000Z-expanded,ordered_1ep,aft_rank64,64,thinking,python4_explicit,output_prediction,,boa_compile,128,128,1.0,0.9708630437264916,1.0,experiments/python4/rlvr/runs/20260812T103000Z-expanded/ordered_1ep/ordered_1ep/aft_rank64/graded.jsonl
expanded_benchmark,20260812T103000Z-expanded,ordered_1ep,aft_rank64,64,thinking,python4_explicit,output_prediction,,boa_pass,26,128,0.203125,0.1425573819359227,0.2809926858514729,experiments/python4/rlvr/runs/20260812T103000Z-expanded/ordered_1ep/ordered_1ep/aft_rank64/graded.jsonl
expanded_benchmark,20260812T103000Z-expanded,ordered_1ep,aft_rank64,64,thinking,python4_explicit,output_prediction,,format_valid,94,128,0.734375,0.6518470619103658,0.8032449898364271,experiments/python4/rlvr/runs/20260812T103000Z-expanded/ordered_1ep/ordered_1ep/aft_rank64/graded.jsonl
expanded_benchmark,20260812T103000Z-expanded,ordered_1ep,aft_rank64,64,thinking,python4_explicit,output_prediction,end_inclusive_slice,rule_pass,6,36,0.16666666666666666,0.07870447595018114,0.31890794311279463,experiments/python4/rlvr/runs/20260812T103000Z-expanded/ordered_1ep/ordered_1ep/aft_rank64/graded.jsonl
expanded_benchmark,20260812T103000Z-expanded,ordered_1ep,aft_rank64,64,thinking,python4_explicit,output_prediction,end_inclusive_slice,semantic_pass,4,28,0.14285714285714285,0.05699005319749392,0.31489802163525293,experiments/python4/rlvr/runs/20260812T103000Z-expanded/ordered_1ep/ordered_1ep/aft_rank64/graded.jsonl
expanded_benchmark,20260812T103000Z-expanded,ordered_1ep,aft_rank64,64,thinking,python4_explicit,output_prediction,grouped_large_integer,rule_pass,8,32,0.25,0.1325240091850904,0.4210655899424448,experiments/python4/rlvr/runs/20260812T103000Z-expanded/ordered_1ep/ordered_1ep/aft_rank64/graded.jsonl
expanded_benchmark,20260812T103000Z-expanded,ordered_1ep,aft_rank64,64,thinking,python4_explicit,output_prediction,grouped_large_integer,semantic_pass,8,32,0.25,0.1325240091850904,0.4210655899424448,experiments/python4/rlvr/runs/20260812T103000Z-expanded/ordered_1ep/ordered_1ep/aft_rank64/graded.jsonl
expanded_benchmark,20260812T103000Z-expanded,ordered_1ep,aft_rank64,64,thinking,python4_explicit,output_prediction,negative_exclusion,rule_pass,3,32,0.09375,0.032401551298366194,0.24218154728387864,experiments/python4/rlvr/runs/20260812T103000Z-expanded/ordered_1ep/ordered_1ep/aft_rank64/graded.jsonl
expanded_benchmark,20260812T103000Z-expanded,ordered_1ep,aft_rank64,64,thinking,python4_explicit,output_prediction,negative_exclusion,semantic_pass,3,32,0.09375,0.032401551298366194,0.24218154728387864,experiments/python4/rlvr/runs/20260812T103000Z-expanded/ordered_1ep/ordered_1ep/aft_rank64/graded.jsonl
expanded_benchmark,20260812T103000Z-expanded,ordered_1ep,aft_rank64,64,thinking,python4_explicit,output_prediction,uppercase_boolean,rule_pass,13,36,0.3611111111111111,0.22475592946515371,0.5242492451444196,experiments/python4/rlvr/runs/20260812T103000Z-expanded/ordered_1ep/ordered_1ep/aft_rank64/graded.jsonl
expanded_benchmark,20260812T103000Z-expanded,ordered_1ep,aft_rank64,64,thinking,python4_explicit,output_prediction,uppercase_boolean,semantic_pass,13,36,0.3611111111111111,0.22475592946515371,0.5242492451444196,experiments/python4/rlvr/runs/20260812T103000Z-expanded/ordered_1ep/ordered_1ep/aft_rank64/graded.jsonl
expanded_benchmark,20260812T103000Z-expanded,ordered_1ep,aft_rank64,64,thinking,python4_explicit,single:end_inclusive_slice,,boa_pass,22,64,0.34375,0.23923142078443355,0.46596359790081815,experiments/python4/rlvr/runs/20260812T103000Z-expanded/ordered_1ep/ordered_1ep/aft_rank64/summary.json
expanded_benchmark,20260812T103000Z-expanded,ordered_1ep,aft_rank64,64,thinking,python4_explicit,single:grouped_large_integer,,boa_pass,5,64,0.078125,0.03383117690855046,0.17019537354162906,experiments/python4/rlvr/runs/20260812T103000Z-expanded/ordered_1ep/ordered_1ep/aft_rank64/summary.json
expanded_benchmark,20260812T103000Z-expanded,ordered_1ep,aft_rank64,64,thinking,python4_explicit,single:negative_exclusion,,boa_pass,6,64,0.09375,0.04367825258519838,0.18982879599645597,experiments/python4/rlvr/runs/20260812T103000Z-expanded/ordered_1ep/ordered_1ep/aft_rank64/summary.json
expanded_benchmark,20260812T103000Z-expanded,ordered_1ep,aft_rank64,64,thinking,python4_explicit,single:uppercase_boolean,,boa_pass,8,64,0.125,0.06472242663330453,0.22774561821129946,experiments/python4/rlvr/runs/20260812T103000Z-expanded/ordered_1ep/ordered_1ep/aft_rank64/summary.json
expanded_benchmark,20260812T103000Z-expanded,ordered_1ep,parent,,thinking,python4_explicit,all,,boa_compile,487,512,0.951171875,0.9289134485442119,0.9667105694558431,experiments/python4/rlvr/runs/20260812T103000Z-expanded/ordered_1ep/ordered_1ep/parent/summary.json
expanded_benchmark,20260812T103000Z-expanded,ordered_1ep,parent,,thinking,python4_explicit,all,,boa_pass,157,512,0.306640625,0.26826359920760706,0.3478975359352265,experiments/python4/rlvr/runs/20260812T103000Z-expanded/ordered_1ep/ordered_1ep/parent/summary.json
expanded_benchmark,20260812T103000Z-expanded,ordered_1ep,parent,,thinking,python4_explicit,all,,format_valid,123,512,0.240234375,0.20525031502031052,0.2790873715857184,experiments/python4/rlvr/runs/20260812T103000Z-expanded/ordered_1ep/ordered_1ep/parent/summary.json
expanded_benchmark,20260812T103000Z-expanded,ordered_1ep,parent,,thinking,python4_explicit,all,end_inclusive_slice,rule_pass,38,144,0.2638888888888889,0.19871472732721668,0.34133310132366185,experiments/python4/rlvr/runs/20260812T103000Z-expanded/ordered_1ep/ordered_1ep/parent/summary.json
expanded_benchmark,20260812T103000Z-expanded,ordered_1ep,parent,,thinking,python4_explicit,all,end_inclusive_slice,semantic_pass,26,112,0.23214285714285715,0.16363031200339673,0.318420409639609,experiments/python4/rlvr/runs/20260812T103000Z-expanded/ordered_1ep/ordered_1ep/parent/summary.json
expanded_benchmark,20260812T103000Z-expanded,ordered_1ep,parent,,thinking,python4_explicit,all,grouped_large_integer,rule_pass,8,128,0.0625,0.03200692569506119,0.11848791104425865,experiments/python4/rlvr/runs/20260812T103000Z-expanded/ordered_1ep/ordered_1ep/parent/summary.json
expanded_benchmark,20260812T103000Z-expanded,ordered_1ep,parent,,thinking,python4_explicit,all,grouped_large_integer,semantic_pass,8,128,0.0625,0.03200692569506119,0.11848791104425865,experiments/python4/rlvr/runs/20260812T103000Z-expanded/ordered_1ep/ordered_1ep/parent/summary.json
expanded_benchmark,20260812T103000Z-expanded,ordered_1ep,parent,,thinking,python4_explicit,all,negative_exclusion,rule_pass,29,128,0.2265625,0.16263248458646726,0.30642678837560766,experiments/python4/rlvr/runs/20260812T103000Z-expanded/ordered_1ep/ordered_1ep/parent/summary.json
expanded_benchmark,20260812T103000Z-expanded,ordered_1ep,parent,,thinking,python4_explicit,all,negative_exclusion,semantic_pass,29,128,0.2265625,0.16263248458646726,0.30642678837560766,experiments/python4/rlvr/runs/20260812T103000Z-expanded/ordered_1ep/ordered_1ep/parent/summary.json
expanded_benchmark,20260812T103000Z-expanded,ordered_1ep,parent,,thinking,python4_explicit,all,uppercase_boolean,rule_pass,26,144,0.18055555555555555,0.12629942236719172,0.2514123458075262,experiments/python4/rlvr/runs/20260812T103000Z-expanded/ordered_1ep/ordered_1ep/parent/summary.json
expanded_benchmark,20260812T103000Z-expanded,ordered_1ep,parent,,thinking,python4_explicit,all,uppercase_boolean,semantic_pass,26,144,0.18055555555555555,0.12629942236719172,0.2514123458075262,experiments/python4/rlvr/runs/20260812T103000Z-expanded/ordered_1ep/ordered_1ep/parent/summary.json
expanded_benchmark,20260812T103000Z-expanded,ordered_1ep,parent,,thinking,python4_explicit,audited,,audited_task_success,101,224,0.45089285714285715,0.3871059267751362,0.5163357027076109,experiments/python4/rlvr/runs/20260812T103000Z-expanded/ordered_1ep/ordered_1ep/parent/graded.jsonl
expanded_benchmark,20260812T103000Z-expanded,ordered_1ep,parent,,thinking,python4_explicit,audited,end_inclusive_slice,audited_rule_adherence,12,24,0.5,0.3142742581957335,0.6857257418042665,experiments/python4/rlvr/runs/20260812T103000Z-expanded/ordered_1ep/ordered_1ep/parent/graded.jsonl
expanded_benchmark,20260812T103000Z-expanded,ordered_1ep,parent,,thinking,python4_explicit,audited,grouped_large_integer,audited_rule_adherence,48,48,1.0,0.9258998703338824,1.0,experiments/python4/rlvr/runs/20260812T103000Z-expanded/ordered_1ep/ordered_1ep/parent/graded.jsonl
expanded_benchmark,20260812T103000Z-expanded,ordered_1ep,parent,,thinking,python4_explicit,audited,manual_allocation,audited_rule_adherence,19,19,1.0,0.8318207759473837,1.0,experiments/python4/rlvr/runs/20260812T103000Z-expanded/ordered_1ep/ordered_1ep/parent/graded.jsonl
expanded_benchmark,20260812T103000Z-expanded,ordered_1ep,parent,,thinking,python4_explicit,audited,negative_exclusion,audited_rule_adherence,24,48,0.5,0.36389330502679385,0.6361066949732062,experiments/python4/rlvr/runs/20260812T103000Z-expanded/ordered_1ep/ordered_1ep/parent/graded.jsonl
expanded_benchmark,20260812T103000Z-expanded,ordered_1ep,parent,,thinking,python4_explicit,audited,out_parameter,audited_rule_adherence,96,96,1.0,0.9615244121423243,1.0,experiments/python4/rlvr/runs/20260812T103000Z-expanded/ordered_1ep/ordered_1ep/parent/graded.jsonl
expanded_benchmark,20260812T103000Z-expanded,ordered_1ep,parent,,thinking,python4_explicit,audited,statement_terminators,audited_rule_adherence,96,96,1.0,0.9615244121423243,1.0,experiments/python4/rlvr/runs/20260812T103000Z-expanded/ordered_1ep/ordered_1ep/parent/graded.jsonl
expanded_benchmark,20260812T103000Z-expanded,ordered_1ep,parent,,thinking,python4_explicit,audited,uppercase_boolean,audited_rule_adherence,48,48,1.0,0.9258998703338824,1.0,experiments/python4/rlvr/runs/20260812T103000Z-expanded/ordered_1ep/ordered_1ep/parent/graded.jsonl
expanded_benchmark,20260812T103000Z-expanded,ordered_1ep,parent,,thinking,python4_explicit,code_generation,,boa_compile,359,384,0.9348958333333334,0.9056601930133784,0.955516435745163,experiments/python4/rlvr/runs/20260812T103000Z-expanded/ordered_1ep/ordered_1ep/parent/graded.jsonl
expanded_benchmark,20260812T103000Z-expanded,ordered_1ep,parent,,thinking,python4_explicit,code_generation,,boa_pass,133,384,0.3463541666666667,0.30049799950903716,0.39525396997147816,experiments/python4/rlvr/runs/20260812T103000Z-expanded/ordered_1ep/ordered_1ep/parent/graded.jsonl
expanded_benchmark,20260812T103000Z-expanded,ordered_1ep,parent,,thinking,python4_explicit,code_generation,,format_valid,0,384,0.0,0.0,0.009904714241677031,experiments/python4/rlvr/runs/20260812T103000Z-expanded/ordered_1ep/ordered_1ep/parent/graded.jsonl
expanded_benchmark,20260812T103000Z-expanded,ordered_1ep,parent,,thinking,python4_explicit,code_generation,end_inclusive_slice,rule_pass,32,108,0.2962962962962963,0.2183780644218922,0.3882078969563346,experiments/python4/rlvr/runs/20260812T103000Z-expanded/ordered_1ep/ordered_1ep/parent/graded.jsonl
expanded_benchmark,20260812T103000Z-expanded,ordered_1ep,parent,,thinking,python4_explicit,code_generation,end_inclusive_slice,semantic_pass,20,84,0.23809523809523808,0.15974690895549554,0.3393506630712311,experiments/python4/rlvr/runs/20260812T103000Z-expanded/ordered_1ep/ordered_1ep/parent/graded.jsonl
expanded_benchmark,20260812T103000Z-expanded,ordered_1ep,parent,,thinking,python4_explicit,code_generation,grouped_large_integer,rule_pass,0,96,0.0,0.0,0.038475587857675686,experiments/python4/rlvr/runs/20260812T103000Z-expanded/ordered_1ep/ordered_1ep/parent/graded.jsonl
expanded_benchmark,20260812T103000Z-expanded,ordered_1ep,parent,,thinking,python4_explicit,code_generation,grouped_large_integer,semantic_pass,0,96,0.0,0.0,0.038475587857675686,experiments/python4/rlvr/runs/20260812T103000Z-expanded/ordered_1ep/ordered_1ep/parent/graded.jsonl
expanded_benchmark,20260812T103000Z-expanded,ordered_1ep,parent,,thinking,python4_explicit,code_generation,negative_exclusion,rule_pass,28,96,0.2916666666666667,0.21016592525216696,0.38919890302186466,experiments/python4/rlvr/runs/20260812T103000Z-expanded/ordered_1ep/ordered_1ep/parent/graded.jsonl
expanded_benchmark,20260812T103000Z-expanded,ordered_1ep,parent,,thinking,python4_explicit,code_generation,negative_exclusion,semantic_pass,28,96,0.2916666666666667,0.21016592525216696,0.38919890302186466,experiments/python4/rlvr/runs/20260812T103000Z-expanded/ordered_1ep/ordered_1ep/parent/graded.jsonl
expanded_benchmark,20260812T103000Z-expanded,ordered_1ep,parent,,thinking,python4_explicit,code_generation,uppercase_boolean,rule_pass,4,108,0.037037037037037035,0.014495541339902766,0.09138164361061299,experiments/python4/rlvr/runs/20260812T103000Z-expanded/ordered_1ep/ordered_1ep/parent/graded.jsonl
expanded_benchmark,20260812T103000Z-expanded,ordered_1ep,parent,,thinking,python4_explicit,code_generation,uppercase_boolean,semantic_pass,4,108,0.037037037037037035,0.014495541339902766,0.09138164361061299,experiments/python4/rlvr/runs/20260812T103000Z-expanded/ordered_1ep/ordered_1ep/parent/graded.jsonl
expanded_benchmark,20260812T103000Z-expanded,ordered_1ep,parent,,thinking,python4_explicit,held_in_only,,boa_pass,78,128,0.609375,0.5228464818201277,0.6895298089950423,experiments/python4/rlvr/runs/20260812T103000Z-expanded/ordered_1ep/ordered_1ep/parent/summary.json
expanded_benchmark,20260812T103000Z-expanded,ordered_1ep,parent,,thinking,python4_explicit,held_in_only,manual_allocation,rule_pass,0,96,0.0,0.0,0.038475587857675686,experiments/python4/rlvr/runs/20260812T103000Z-expanded/ordered_1ep/ordered_1ep/parent/graded.jsonl
expanded_benchmark,20260812T103000Z-expanded,ordered_1ep,parent,,thinking,python4_explicit,held_in_only,out_parameter,rule_pass,77,96,0.8020833333333334,0.7114483305401257,0.869472668462529,experiments/python4/rlvr/runs/20260812T103000Z-expanded/ordered_1ep/ordered_1ep/parent/graded.jsonl
expanded_benchmark,20260812T103000Z-expanded,ordered_1ep,parent,,thinking,python4_explicit,held_in_only,statement_terminators,rule_pass,77,96,0.8020833333333334,0.7114483305401257,0.869472668462529,experiments/python4/rlvr/runs/20260812T103000Z-expanded/ordered_1ep/ordered_1ep/parent/graded.jsonl
expanded_benchmark,20260812T103000Z-expanded,ordered_1ep,parent,,thinking,python4_explicit,held_out_composition,,boa_pass,19,128,0.1484375,0.09713463115350009,0.22022729122631057,experiments/python4/rlvr/runs/20260812T103000Z-expanded/ordered_1ep/ordered_1ep/parent/summary.json
expanded_benchmark,20260812T103000Z-expanded,ordered_1ep,parent,,thinking,python4_explicit,output_prediction,,boa_compile,128,128,1.0,0.9708630437264916,1.0,experiments/python4/rlvr/runs/20260812T103000Z-expanded/ordered_1ep/ordered_1ep/parent/graded.jsonl
expanded_benchmark,20260812T103000Z-expanded,ordered_1ep,parent,,thinking,python4_explicit,output_prediction,,boa_pass,24,128,0.1875,0.12936141696376852,0.2638491807071743,experiments/python4/rlvr/runs/20260812T103000Z-expanded/ordered_1ep/ordered_1ep/parent/graded.jsonl
expanded_benchmark,20260812T103000Z-expanded,ordered_1ep,parent,,thinking,python4_explicit,output_prediction,,format_valid,123,128,0.9609375,0.9118129792331631,0.9832013892021962,experiments/python4/rlvr/runs/20260812T103000Z-expanded/ordered_1ep/ordered_1ep/parent/graded.jsonl
expanded_benchmark,20260812T103000Z-expanded,ordered_1ep,parent,,thinking,python4_explicit,output_prediction,end_inclusive_slice,rule_pass,6,36,0.16666666666666666,0.07870447595018114,0.31890794311279463,experiments/python4/rlvr/runs/20260812T103000Z-expanded/ordered_1ep/ordered_1ep/parent/graded.jsonl
expanded_benchmark,20260812T103000Z-expanded,ordered_1ep,parent,,thinking,python4_explicit,output_prediction,end_inclusive_slice,semantic_pass,6,28,0.21428571428571427,0.1021246033289788,0.3953858565372187,experiments/python4/rlvr/runs/20260812T103000Z-expanded/ordered_1ep/ordered_1ep/parent/graded.jsonl
expanded_benchmark,20260812T103000Z-expanded,ordered_1ep,parent,,thinking,python4_explicit,output_prediction,grouped_large_integer,rule_pass,8,32,0.25,0.1325240091850904,0.4210655899424448,experiments/python4/rlvr/runs/20260812T103000Z-expanded/ordered_1ep/ordered_1ep/parent/graded.jsonl
expanded_benchmark,20260812T103000Z-expanded,ordered_1ep,parent,,thinking,python4_explicit,output_prediction,grouped_large_integer,semantic_pass,8,32,0.25,0.1325240091850904,0.4210655899424448,experiments/python4/rlvr/runs/20260812T103000Z-expanded/ordered_1ep/ordered_1ep/parent/graded.jsonl
expanded_benchmark,20260812T103000Z-expanded,ordered_1ep,parent,,thinking,python4_explicit,output_prediction,negative_exclusion,rule_pass,1,32,0.03125,0.005537860164003122,0.15744263820012558,experiments/python4/rlvr/runs/20260812T103000Z-expanded/ordered_1ep/ordered_1ep/parent/graded.jsonl
expanded_benchmark,20260812T103000Z-expanded,ordered_1ep,parent,,thinking,python4_explicit,output_prediction,negative_exclusion,semantic_pass,1,32,0.03125,0.005537860164003122,0.15744263820012558,experiments/python4/rlvr/runs/20260812T103000Z-expanded/ordered_1ep/ordered_1ep/parent/graded.jsonl
expanded_benchmark,20260812T103000Z-expanded,ordered_1ep,parent,,thinking,python4_explicit,output_prediction,uppercase_boolean,rule_pass,22,36,0.6111111111111112,0.44864459096605147,0.75215126934629,experiments/python4/rlvr/runs/20260812T103000Z-expanded/ordered_1ep/ordered_1ep/parent/graded.jsonl
expanded_benchmark,20260812T103000Z-expanded,ordered_1ep,parent,,thinking,python4_explicit,output_prediction,uppercase_boolean,semantic_pass,22,36,0.6111111111111112,0.44864459096605147,0.75215126934629,experiments/python4/rlvr/runs/20260812T103000Z-expanded/ordered_1ep/ordered_1ep/parent/graded.jsonl
expanded_benchmark,20260812T103000Z-expanded,ordered_1ep,parent,,thinking,python4_explicit,single:end_inclusive_slice,,boa_pass,24,64,0.375,0.2666598017882464,0.497496213159955,experiments/python4/rlvr/runs/20260812T103000Z-expanded/ordered_1ep/ordered_1ep/parent/summary.json
expanded_benchmark,20260812T103000Z-expanded,ordered_1ep,parent,,thinking,python4_explicit,single:grouped_large_integer,,boa_pass,1,64,0.015625,0.002763541923337505,0.08334101600094265,experiments/python4/rlvr/runs/20260812T103000Z-expanded/ordered_1ep/ordered_1ep/parent/summary.json
expanded_benchmark,20260812T103000Z-expanded,ordered_1ep,parent,,thinking,python4_explicit,single:negative_exclusion,,boa_pass,24,64,0.375,0.2666598017882464,0.497496213159955,experiments/python4/rlvr/runs/20260812T103000Z-expanded/ordered_1ep/ordered_1ep/parent/summary.json
expanded_benchmark,20260812T103000Z-expanded,ordered_1ep,parent,,thinking,python4_explicit,single:uppercase_boolean,,boa_pass,11,64,0.171875,0.09877742301244645,0.282132116226582,experiments/python4/rlvr/runs/20260812T103000Z-expanded/ordered_1ep/ordered_1ep/parent/summary.json
expanded_benchmark,20260812T103000Z-expanded,ordered_1ep,rlvr_rank64,64,thinking,python4_explicit,all,,boa_compile,478,512,0.93359375,0.9086366418684898,0.9520929338718228,experiments/python4/rlvr/runs/20260812T103000Z-expanded/ordered_1ep/ordered_1ep/rlvr_rank64/summary.json
expanded_benchmark,20260812T103000Z-expanded,ordered_1ep,rlvr_rank64,64,thinking,python4_explicit,all,,boa_pass,177,512,0.345703125,0.30579403848936837,0.387910301675115,experiments/python4/rlvr/runs/20260812T103000Z-expanded/ordered_1ep/ordered_1ep/rlvr_rank64/summary.json
expanded_benchmark,20260812T103000Z-expanded,ordered_1ep,rlvr_rank64,64,thinking,python4_explicit,all,,format_valid,127,512,0.248046875,0.21260657818251497,0.28723974942784397,experiments/python4/rlvr/runs/20260812T103000Z-expanded/ordered_1ep/ordered_1ep/rlvr_rank64/summary.json
expanded_benchmark,20260812T103000Z-expanded,ordered_1ep,rlvr_rank64,64,thinking,python4_explicit,all,end_inclusive_slice,rule_pass,30,144,0.20833333333333334,0.1500109814745541,0.281812806858884,experiments/python4/rlvr/runs/20260812T103000Z-expanded/ordered_1ep/ordered_1ep/rlvr_rank64/summary.json
expanded_benchmark,20260812T103000Z-expanded,ordered_1ep,rlvr_rank64,64,thinking,python4_explicit,all,end_inclusive_slice,semantic_pass,18,112,0.16071428571428573,0.10414537208810225,0.2397855419930383,experiments/python4/rlvr/runs/20260812T103000Z-expanded/ordered_1ep/ordered_1ep/rlvr_rank64/summary.json
expanded_benchmark,20260812T103000Z-expanded,ordered_1ep,rlvr_rank64,64,thinking,python4_explicit,all,grouped_large_integer,rule_pass,7,128,0.0546875,0.026740201381346355,0.10858490029974707,experiments/python4/rlvr/runs/20260812T103000Z-expanded/ordered_1ep/ordered_1ep/rlvr_rank64/summary.json
expanded_benchmark,20260812T103000Z-expanded,ordered_1ep,rlvr_rank64,64,thinking,python4_explicit,all,grouped_large_integer,semantic_pass,7,128,0.0546875,0.026740201381346355,0.10858490029974707,experiments/python4/rlvr/runs/20260812T103000Z-expanded/ordered_1ep/ordered_1ep/rlvr_rank64/summary.json
expanded_benchmark,20260812T103000Z-expanded,ordered_1ep,rlvr_rank64,64,thinking,python4_explicit,all,negative_exclusion,rule_pass,30,128,0.234375,0.16939357691207274,0.31483543110822865,experiments/python4/rlvr/runs/20260812T103000Z-expanded/ordered_1ep/ordered_1ep/rlvr_rank64/summary.json
expanded_benchmark,20260812T103000Z-expanded,ordered_1ep,rlvr_rank64,64,thinking,python4_explicit,all,negative_exclusion,semantic_pass,30,128,0.234375,0.16939357691207274,0.31483543110822865,experiments/python4/rlvr/runs/20260812T103000Z-expanded/ordered_1ep/ordered_1ep/rlvr_rank64/summary.json
expanded_benchmark,20260812T103000Z-expanded,ordered_1ep,rlvr_rank64,64,thinking,python4_explicit,all,uppercase_boolean,rule_pass,23,144,0.1597222222222222,0.10885235621873393,0.22827539683694384,experiments/python4/rlvr/runs/20260812T103000Z-expanded/ordered_1ep/ordered_1ep/rlvr_rank64/summary.json
expanded_benchmark,20260812T103000Z-expanded,ordered_1ep,rlvr_rank64,64,thinking,python4_explicit,all,uppercase_boolean,semantic_pass,23,144,0.1597222222222222,0.10885235621873393,0.22827539683694384,experiments/python4/rlvr/runs/20260812T103000Z-expanded/ordered_1ep/ordered_1ep/rlvr_rank64/summary.json
expanded_benchmark,20260812T103000Z-expanded,ordered_1ep,rlvr_rank64,64,thinking,python4_explicit,audited,,audited_task_success,129,224,0.5758928571428571,0.5104293017006337,0.6387972709169388,experiments/python4/rlvr/runs/20260812T103000Z-expanded/ordered_1ep/ordered_1ep/rlvr_rank64/graded.jsonl
expanded_benchmark,20260812T103000Z-expanded,ordered_1ep,rlvr_rank64,64,thinking,python4_explicit,audited,end_inclusive_slice,audited_rule_adherence,12,24,0.5,0.3142742581957335,0.6857257418042665,experiments/python4/rlvr/runs/20260812T103000Z-expanded/ordered_1ep/ordered_1ep/rlvr_rank64/graded.jsonl
expanded_benchmark,20260812T103000Z-expanded,ordered_1ep,rlvr_rank64,64,thinking,python4_explicit,audited,grouped_large_integer,audited_rule_adherence,47,48,0.9791666666666666,0.8910078200474814,0.9963128890224893,experiments/python4/rlvr/runs/20260812T103000Z-expanded/ordered_1ep/ordered_1ep/rlvr_rank64/graded.jsonl
expanded_benchmark,20260812T103000Z-expanded,ordered_1ep,rlvr_rank64,64,thinking,python4_explicit,audited,negative_exclusion,audited_rule_adherence,24,48,0.5,0.36389330502679385,0.6361066949732062,experiments/python4/rlvr/runs/20260812T103000Z-expanded/ordered_1ep/ordered_1ep/rlvr_rank64/graded.jsonl
expanded_benchmark,20260812T103000Z-expanded,ordered_1ep,rlvr_rank64,64,thinking,python4_explicit,audited,out_parameter,audited_rule_adherence,96,96,1.0,0.9615244121423243,1.0,experiments/python4/rlvr/runs/20260812T103000Z-expanded/ordered_1ep/ordered_1ep/rlvr_rank64/graded.jsonl
expanded_benchmark,20260812T103000Z-expanded,ordered_1ep,rlvr_rank64,64,thinking,python4_explicit,audited,statement_terminators,audited_rule_adherence,96,96,1.0,0.9615244121423243,1.0,experiments/python4/rlvr/runs/20260812T103000Z-expanded/ordered_1ep/ordered_1ep/rlvr_rank64/graded.jsonl
expanded_benchmark,20260812T103000Z-expanded,ordered_1ep,rlvr_rank64,64,thinking,python4_explicit,audited,uppercase_boolean,audited_rule_adherence,48,48,1.0,0.9258998703338824,1.0,experiments/python4/rlvr/runs/20260812T103000Z-expanded/ordered_1ep/ordered_1ep/rlvr_rank64/graded.jsonl
expanded_benchmark,20260812T103000Z-expanded,ordered_1ep,rlvr_rank64,64,thinking,python4_explicit,code_generation,,boa_compile,350,384,0.9114583333333334,0.8788183041230202,0.9359476081155997,experiments/python4/rlvr/runs/20260812T103000Z-expanded/ordered_1ep/ordered_1ep/rlvr_rank64/graded.jsonl
expanded_benchmark,20260812T103000Z-expanded,ordered_1ep,rlvr_rank64,64,thinking,python4_explicit,code_generation,,boa_pass,144,384,0.375,0.3280410949189548,0.4244350836414644,experiments/python4/rlvr/runs/20260812T103000Z-expanded/ordered_1ep/ordered_1ep/rlvr_rank64/graded.jsonl
expanded_benchmark,20260812T103000Z-expanded,ordered_1ep,rlvr_rank64,64,thinking,python4_explicit,code_generation,,format_valid,0,384,0.0,0.0,0.009904714241677031,experiments/python4/rlvr/runs/20260812T103000Z-expanded/ordered_1ep/ordered_1ep/rlvr_rank64/graded.jsonl
expanded_benchmark,20260812T103000Z-expanded,ordered_1ep,rlvr_rank64,64,thinking,python4_explicit,code_generation,end_inclusive_slice,rule_pass,24,108,0.2222222222222222,0.15412547066351984,0.3094008403067896,experiments/python4/rlvr/runs/20260812T103000Z-expanded/ordered_1ep/ordered_1ep/rlvr_rank64/graded.jsonl
expanded_benchmark,20260812T103000Z-expanded,ordered_1ep,rlvr_rank64,64,thinking,python4_explicit,code_generation,end_inclusive_slice,semantic_pass,12,84,0.14285714285714285,0.08365020540566916,0.23330102917623075,experiments/python4/rlvr/runs/20260812T103000Z-expanded/ordered_1ep/ordered_1ep/rlvr_rank64/graded.jsonl
expanded_benchmark,20260812T103000Z-expanded,ordered_1ep,rlvr_rank64,64,thinking,python4_explicit,code_generation,grouped_large_integer,rule_pass,0,96,0.0,0.0,0.038475587857675686,experiments/python4/rlvr/runs/20260812T103000Z-expanded/ordered_1ep/ordered_1ep/rlvr_rank64/graded.jsonl
expanded_benchmark,20260812T103000Z-expanded,ordered_1ep,rlvr_rank64,64,thinking,python4_explicit,code_generation,grouped_large_integer,semantic_pass,0,96,0.0,0.0,0.038475587857675686,experiments/python4/rlvr/runs/20260812T103000Z-expanded/ordered_1ep/ordered_1ep/rlvr_rank64/graded.jsonl
expanded_benchmark,20260812T103000Z-expanded,ordered_1ep,rlvr_rank64,64,thinking,python4_explicit,code_generation,negative_exclusion,rule_pass,24,96,0.25,0.17413968368934074,0.3450981102394971,experiments/python4/rlvr/runs/20260812T103000Z-expanded/ordered_1ep/ordered_1ep/rlvr_rank64/graded.jsonl
expanded_benchmark,20260812T103000Z-expanded,ordered_1ep,rlvr_rank64,64,thinking,python4_explicit,code_generation,negative_exclusion,semantic_pass,24,96,0.25,0.17413968368934074,0.3450981102394971,experiments/python4/rlvr/runs/20260812T103000Z-expanded/ordered_1ep/ordered_1ep/rlvr_rank64/graded.jsonl
expanded_benchmark,20260812T103000Z-expanded,ordered_1ep,rlvr_rank64,64,thinking,python4_explicit,code_generation,uppercase_boolean,rule_pass,0,108,0.0,0.0,0.034347359746557025,experiments/python4/rlvr/runs/20260812T103000Z-expanded/ordered_1ep/ordered_1ep/rlvr_rank64/graded.jsonl
expanded_benchmark,20260812T103000Z-expanded,ordered_1ep,rlvr_rank64,64,thinking,python4_explicit,code_generation,uppercase_boolean,semantic_pass,0,108,0.0,0.0,0.034347359746557025,experiments/python4/rlvr/runs/20260812T103000Z-expanded/ordered_1ep/ordered_1ep/rlvr_rank64/graded.jsonl
expanded_benchmark,20260812T103000Z-expanded,ordered_1ep,rlvr_rank64,64,thinking,python4_explicit,held_in_only,,boa_pass,102,128,0.796875,0.7190073141485271,0.8574426180640773,experiments/python4/rlvr/runs/20260812T103000Z-expanded/ordered_1ep/ordered_1ep/rlvr_rank64/summary.json
expanded_benchmark,20260812T103000Z-expanded,ordered_1ep,rlvr_rank64,64,thinking,python4_explicit,held_in_only,manual_allocation,rule_pass,0,96,0.0,0.0,0.038475587857675686,experiments/python4/rlvr/runs/20260812T103000Z-expanded/ordered_1ep/ordered_1ep/rlvr_rank64/graded.jsonl
expanded_benchmark,20260812T103000Z-expanded,ordered_1ep,rlvr_rank64,64,thinking,python4_explicit,held_in_only,out_parameter,rule_pass,96,96,1.0,0.9615244121423243,1.0,experiments/python4/rlvr/runs/20260812T103000Z-expanded/ordered_1ep/ordered_1ep/rlvr_rank64/graded.jsonl
expanded_benchmark,20260812T103000Z-expanded,ordered_1ep,rlvr_rank64,64,thinking,python4_explicit,held_in_only,statement_terminators,rule_pass,96,96,1.0,0.9615244121423243,1.0,experiments/python4/rlvr/runs/20260812T103000Z-expanded/ordered_1ep/ordered_1ep/rlvr_rank64/graded.jsonl
expanded_benchmark,20260812T103000Z-expanded,ordered_1ep,rlvr_rank64,64,thinking,python4_explicit,held_out_composition,,boa_pass,12,128,0.09375,0.054443804399147026,0.15672997257307855,experiments/python4/rlvr/runs/20260812T103000Z-expanded/ordered_1ep/ordered_1ep/rlvr_rank64/summary.json
expanded_benchmark,20260812T103000Z-expanded,ordered_1ep,rlvr_rank64,64,thinking,python4_explicit,output_prediction,,boa_compile,128,128,1.0,0.9708630437264916,1.0,experiments/python4/rlvr/runs/20260812T103000Z-expanded/ordered_1ep/ordered_1ep/rlvr_rank64/graded.jsonl
expanded_benchmark,20260812T103000Z-expanded,ordered_1ep,rlvr_rank64,64,thinking,python4_explicit,output_prediction,,boa_pass,33,128,0.2578125,0.18986902089941152,0.3398691922955691,experiments/python4/rlvr/runs/20260812T103000Z-expanded/ordered_1ep/ordered_1ep/rlvr_rank64/graded.jsonl
expanded_benchmark,20260812T103000Z-expanded,ordered_1ep,rlvr_rank64,64,thinking,python4_explicit,output_prediction,,format_valid,127,128,0.9921875,0.9570737405611394,0.9986195681071257,experiments/python4/rlvr/runs/20260812T103000Z-expanded/ordered_1ep/ordered_1ep/rlvr_rank64/graded.jsonl
expanded_benchmark,20260812T103000Z-expanded,ordered_1ep,rlvr_rank64,64,thinking,python4_explicit,output_prediction,end_inclusive_slice,rule_pass,6,36,0.16666666666666666,0.07870447595018114,0.31890794311279463,experiments/python4/rlvr/runs/20260812T103000Z-expanded/ordered_1ep/ordered_1ep/rlvr_rank64/graded.jsonl
expanded_benchmark,20260812T103000Z-expanded,ordered_1ep,rlvr_rank64,64,thinking,python4_explicit,output_prediction,end_inclusive_slice,semantic_pass,6,28,0.21428571428571427,0.1021246033289788,0.3953858565372187,experiments/python4/rlvr/runs/20260812T103000Z-expanded/ordered_1ep/ordered_1ep/rlvr_rank64/graded.jsonl
expanded_benchmark,20260812T103000Z-expanded,ordered_1ep,rlvr_rank64,64,thinking,python4_explicit,output_prediction,grouped_large_integer,rule_pass,7,32,0.21875,0.11023836252604186,0.3875499364924353,experiments/python4/rlvr/runs/20260812T103000Z-expanded/ordered_1ep/ordered_1ep/rlvr_rank64/graded.jsonl
expanded_benchmark,20260812T103000Z-expanded,ordered_1ep,rlvr_rank64,64,thinking,python4_explicit,output_prediction,grouped_large_integer,semantic_pass,7,32,0.21875,0.11023836252604186,0.3875499364924353,experiments/python4/rlvr/runs/20260812T103000Z-expanded/ordered_1ep/ordered_1ep/rlvr_rank64/graded.jsonl
expanded_benchmark,20260812T103000Z-expanded,ordered_1ep,rlvr_rank64,64,thinking,python4_explicit,output_prediction,negative_exclusion,rule_pass,6,32,0.1875,0.08889544689565954,0.3530915520137596,experiments/python4/rlvr/runs/20260812T103000Z-expanded/ordered_1ep/ordered_1ep/rlvr_rank64/graded.jsonl
expanded_benchmark,20260812T103000Z-expanded,ordered_1ep,rlvr_rank64,64,thinking,python4_explicit,output_prediction,negative_exclusion,semantic_pass,6,32,0.1875,0.08889544689565954,0.3530915520137596,experiments/python4/rlvr/runs/20260812T103000Z-expanded/ordered_1ep/ordered_1ep/rlvr_rank64/graded.jsonl
expanded_benchmark,20260812T103000Z-expanded,ordered_1ep,rlvr_rank64,64,thinking,python4_explicit,output_prediction,uppercase_boolean,rule_pass,23,36,0.6388888888888888,0.4757507548555804,0.7752440705348462,experiments/python4/rlvr/runs/20260812T103000Z-expanded/ordered_1ep/ordered_1ep/rlvr_rank64/graded.jsonl
expanded_benchmark,20260812T103000Z-expanded,ordered_1ep,rlvr_rank64,64,thinking,python4_explicit,output_prediction,uppercase_boolean,semantic_pass,23,36,0.6388888888888888,0.4757507548555804,0.7752440705348462,experiments/python4/rlvr/runs/20260812T103000Z-expanded/ordered_1ep/ordered_1ep/rlvr_rank64/graded.jsonl
expanded_benchmark,20260812T103000Z-expanded,ordered_1ep,rlvr_rank64,64,thinking,python4_explicit,single:end_inclusive_slice,,boa_pass,25,64,0.390625,0.2805556918824008,0.5130808211972754,experiments/python4/rlvr/runs/20260812T103000Z-expanded/ordered_1ep/ordered_1ep/rlvr_rank64/summary.json
expanded_benchmark,20260812T103000Z-expanded,ordered_1ep,rlvr_rank64,64,thinking,python4_explicit,single:grouped_large_integer,,boa_pass,2,64,0.03125,0.008612138346171874,0.10697291770958313,experiments/python4/rlvr/runs/20260812T103000Z-expanded/ordered_1ep/ordered_1ep/rlvr_rank64/summary.json
expanded_benchmark,20260812T103000Z-expanded,ordered_1ep,rlvr_rank64,64,thinking,python4_explicit,single:negative_exclusion,,boa_pass,25,64,0.390625,0.2805556918824008,0.5130808211972754,experiments/python4/rlvr/runs/20260812T103000Z-expanded/ordered_1ep/ordered_1ep/rlvr_rank64/summary.json
expanded_benchmark,20260812T103000Z-expanded,ordered_1ep,rlvr_rank64,64,thinking,python4_explicit,single:uppercase_boolean,,boa_pass,11,64,0.171875,0.09877742301244645,0.282132116226582,experiments/python4/rlvr/runs/20260812T103000Z-expanded/ordered_1ep/ordered_1ep/rlvr_rank64/summary.json
expanded_benchmark,20260812T103000Z-expanded,ordered_4ep,aft_rank64,64,thinking,python4_explicit,all,,boa_compile,493,512,0.962890625,0.9427707550251679,0.976116224481382,experiments/python4/rlvr/runs/20260812T103000Z-expanded/ordered_4ep/ordered_4ep/aft_rank64/summary.json
expanded_benchmark,20260812T103000Z-expanded,ordered_4ep,aft_rank64,64,thinking,python4_explicit,all,,boa_pass,118,512,0.23046875,0.19607853064656888,0.2688733547040476,experiments/python4/rlvr/runs/20260812T103000Z-expanded/ordered_4ep/ordered_4ep/aft_rank64/summary.json
expanded_benchmark,20260812T103000Z-expanded,ordered_4ep,aft_rank64,64,thinking,python4_explicit,all,,format_valid,125,512,0.244140625,0.20892639374788471,0.2831656133603092,experiments/python4/rlvr/runs/20260812T103000Z-expanded/ordered_4ep/ordered_4ep/aft_rank64/summary.json
expanded_benchmark,20260812T103000Z-expanded,ordered_4ep,aft_rank64,64,thinking,python4_explicit,all,end_inclusive_slice,rule_pass,7,144,0.04861111111111111,0.023743988255155446,0.09693568416564162,experiments/python4/rlvr/runs/20260812T103000Z-expanded/ordered_4ep/ordered_4ep/aft_rank64/summary.json
expanded_benchmark,20260812T103000Z-expanded,ordered_4ep,aft_rank64,64,thinking,python4_explicit,all,end_inclusive_slice,semantic_pass,7,112,0.0625,0.030601922337250245,0.12341425634632565,experiments/python4/rlvr/runs/20260812T103000Z-expanded/ordered_4ep/ordered_4ep/aft_rank64/summary.json
expanded_benchmark,20260812T103000Z-expanded,ordered_4ep,aft_rank64,64,thinking,python4_explicit,all,grouped_large_integer,rule_pass,6,128,0.046875,0.021657844171923776,0.09849752245094322,experiments/python4/rlvr/runs/20260812T103000Z-expanded/ordered_4ep/ordered_4ep/aft_rank64/summary.json
expanded_benchmark,20260812T103000Z-expanded,ordered_4ep,aft_rank64,64,thinking,python4_explicit,all,grouped_large_integer,semantic_pass,6,128,0.046875,0.021657844171923776,0.09849752245094322,experiments/python4/rlvr/runs/20260812T103000Z-expanded/ordered_4ep/ordered_4ep/aft_rank64/summary.json
expanded_benchmark,20260812T103000Z-expanded,ordered_4ep,aft_rank64,64,thinking,python4_explicit,all,negative_exclusion,rule_pass,4,128,0.03125,0.01221826524505338,0.07759763126136077,experiments/python4/rlvr/runs/20260812T103000Z-expanded/ordered_4ep/ordered_4ep/aft_rank64/summary.json
expanded_benchmark,20260812T103000Z-expanded,ordered_4ep,aft_rank64,64,thinking,python4_explicit,all,negative_exclusion,semantic_pass,4,128,0.03125,0.01221826524505338,0.07759763126136077,experiments/python4/rlvr/runs/20260812T103000Z-expanded/ordered_4ep/ordered_4ep/aft_rank64/summary.json
expanded_benchmark,20260812T103000Z-expanded,ordered_4ep,aft_rank64,64,thinking,python4_explicit,all,uppercase_boolean,rule_pass,21,144,0.14583333333333334,0.09740459759036241,0.21266714538595533,experiments/python4/rlvr/runs/20260812T103000Z-expanded/ordered_4ep/ordered_4ep/aft_rank64/summary.json
expanded_benchmark,20260812T103000Z-expanded,ordered_4ep,aft_rank64,64,thinking,python4_explicit,all,uppercase_boolean,semantic_pass,21,144,0.14583333333333334,0.09740459759036241,0.21266714538595533,experiments/python4/rlvr/runs/20260812T103000Z-expanded/ordered_4ep/ordered_4ep/aft_rank64/summary.json
expanded_benchmark,20260812T103000Z-expanded,ordered_4ep,aft_rank64,64,thinking,python4_explicit,audited,,audited_task_success,112,224,0.5,0.43507653070595764,0.5649234692940424,experiments/python4/rlvr/runs/20260812T103000Z-expanded/ordered_4ep/ordered_4ep/aft_rank64/graded.jsonl
expanded_benchmark,20260812T103000Z-expanded,ordered_4ep,aft_rank64,64,thinking,python4_explicit,audited,end_inclusive_slice,audited_rule_adherence,0,24,0.0,0.0,0.13797620467498017,experiments/python4/rlvr/runs/20260812T103000Z-expanded/ordered_4ep/ordered_4ep/aft_rank64/graded.jsonl
expanded_benchmark,20260812T103000Z-expanded,ordered_4ep,aft_rank64,64,thinking,python4_explicit,audited,grouped_large_integer,audited_rule_adherence,38,48,0.7916666666666666,0.6574109872738206,0.882697270420944,experiments/python4/rlvr/runs/20260812T103000Z-expanded/ordered_4ep/ordered_4ep/aft_rank64/graded.jsonl
expanded_benchmark,20260812T103000Z-expanded,ordered_4ep,aft_rank64,64,thinking,python4_explicit,audited,manual_allocation,audited_rule_adherence,60,60,1.0,0.93982814785791,1.0,experiments/python4/rlvr/runs/20260812T103000Z-expanded/ordered_4ep/ordered_4ep/aft_rank64/graded.jsonl
expanded_benchmark,20260812T103000Z-expanded,ordered_4ep,aft_rank64,64,thinking,python4_explicit,audited,negative_exclusion,audited_rule_adherence,3,48,0.0625,0.021483232908389285,0.1683543805494635,experiments/python4/rlvr/runs/20260812T103000Z-expanded/ordered_4ep/ordered_4ep/aft_rank64/graded.jsonl
expanded_benchmark,20260812T103000Z-expanded,ordered_4ep,aft_rank64,64,thinking,python4_explicit,audited,out_parameter,audited_rule_adherence,96,96,1.0,0.9615244121423243,1.0,experiments/python4/rlvr/runs/20260812T103000Z-expanded/ordered_4ep/ordered_4ep/aft_rank64/graded.jsonl
expanded_benchmark,20260812T103000Z-expanded,ordered_4ep,aft_rank64,64,thinking,python4_explicit,audited,statement_terminators,audited_rule_adherence,96,96,1.0,0.9615244121423243,1.0,experiments/python4/rlvr/runs/20260812T103000Z-expanded/ordered_4ep/ordered_4ep/aft_rank64/graded.jsonl
expanded_benchmark,20260812T103000Z-expanded,ordered_4ep,aft_rank64,64,thinking,python4_explicit,audited,uppercase_boolean,audited_rule_adherence,48,48,1.0,0.9258998703338824,1.0,experiments/python4/rlvr/runs/20260812T103000Z-expanded/ordered_4ep/ordered_4ep/aft_rank64/graded.jsonl
expanded_benchmark,20260812T103000Z-expanded,ordered_4ep,aft_rank64,64,thinking,python4_explicit,code_generation,,boa_compile,365,384,0.9505208333333334,0.924019035332735,0.968098071105754,experiments/python4/rlvr/runs/20260812T103000Z-expanded/ordered_4ep/ordered_4ep/aft_rank64/graded.jsonl
expanded_benchmark,20260812T103000Z-expanded,ordered_4ep,aft_rank64,64,thinking,python4_explicit,code_generation,,boa_pass,95,384,0.24739583333333334,0.20688118246300016,0.2929144283778471,experiments/python4/rlvr/runs/20260812T103000Z-expanded/ordered_4ep/ordered_4ep/aft_rank64/graded.jsonl
expanded_benchmark,20260812T103000Z-expanded,ordered_4ep,aft_rank64,64,thinking,python4_explicit,code_generation,,format_valid,0,384,0.0,0.0,0.009904714241677031,experiments/python4/rlvr/runs/20260812T103000Z-expanded/ordered_4ep/ordered_4ep/aft_rank64/graded.jsonl
expanded_benchmark,20260812T103000Z-expanded,ordered_4ep,aft_rank64,64,thinking,python4_explicit,code_generation,end_inclusive_slice,rule_pass,0,108,0.0,0.0,0.034347359746557025,experiments/python4/rlvr/runs/20260812T103000Z-expanded/ordered_4ep/ordered_4ep/aft_rank64/graded.jsonl
expanded_benchmark,20260812T103000Z-expanded,ordered_4ep,aft_rank64,64,thinking,python4_explicit,code_generation,end_inclusive_slice,semantic_pass,0,84,0.0,0.0,0.04373172841465989,experiments/python4/rlvr/runs/20260812T103000Z-expanded/ordered_4ep/ordered_4ep/aft_rank64/graded.jsonl
expanded_benchmark,20260812T103000Z-expanded,ordered_4ep,aft_rank64,64,thinking,python4_explicit,code_generation,grouped_large_integer,rule_pass,0,96,0.0,0.0,0.038475587857675686,experiments/python4/rlvr/runs/20260812T103000Z-expanded/ordered_4ep/ordered_4ep/aft_rank64/graded.jsonl
expanded_benchmark,20260812T103000Z-expanded,ordered_4ep,aft_rank64,64,thinking,python4_explicit,code_generation,grouped_large_integer,semantic_pass,0,96,0.0,0.0,0.038475587857675686,experiments/python4/rlvr/runs/20260812T103000Z-expanded/ordered_4ep/ordered_4ep/aft_rank64/graded.jsonl
expanded_benchmark,20260812T103000Z-expanded,ordered_4ep,aft_rank64,64,thinking,python4_explicit,code_generation,negative_exclusion,rule_pass,3,96,0.03125,0.010684070371201164,0.0878867932453698,experiments/python4/rlvr/runs/20260812T103000Z-expanded/ordered_4ep/ordered_4ep/aft_rank64/graded.jsonl
expanded_benchmark,20260812T103000Z-expanded,ordered_4ep,aft_rank64,64,thinking,python4_explicit,code_generation,negative_exclusion,semantic_pass,3,96,0.03125,0.010684070371201164,0.0878867932453698,experiments/python4/rlvr/runs/20260812T103000Z-expanded/ordered_4ep/ordered_4ep/aft_rank64/graded.jsonl
expanded_benchmark,20260812T103000Z-expanded,ordered_4ep,aft_rank64,64,thinking,python4_explicit,code_generation,uppercase_boolean,rule_pass,1,108,0.009259259259259259,0.0016363608538834916,0.05059345519366322,experiments/python4/rlvr/runs/20260812T103000Z-expanded/ordered_4ep/ordered_4ep/aft_rank64/graded.jsonl
expanded_benchmark,20260812T103000Z-expanded,ordered_4ep,aft_rank64,64,thinking,python4_explicit,code_generation,uppercase_boolean,semantic_pass,1,108,0.009259259259259259,0.0016363608538834916,0.05059345519366322,experiments/python4/rlvr/runs/20260812T103000Z-expanded/ordered_4ep/ordered_4ep/aft_rank64/graded.jsonl
expanded_benchmark,20260812T103000Z-expanded,ordered_4ep,aft_rank64,64,thinking,python4_explicit,held_in_only,,boa_pass,91,128,0.7109375,0.6271668442501395,0.7824160023219742,experiments/python4/rlvr/runs/20260812T103000Z-expanded/ordered_4ep/ordered_4ep/aft_rank64/summary.json
expanded_benchmark,20260812T103000Z-expanded,ordered_4ep,aft_rank64,64,thinking,python4_explicit,held_in_only,manual_allocation,rule_pass,53,96,0.5520833333333334,0.4525163859774741,0.6476424069540183,experiments/python4/rlvr/runs/20260812T103000Z-expanded/ordered_4ep/ordered_4ep/aft_rank64/graded.jsonl
expanded_benchmark,20260812T103000Z-expanded,ordered_4ep,aft_rank64,64,thinking,python4_explicit,held_in_only,out_parameter,rule_pass,89,96,0.9270833333333334,0.8570696833485983,0.9642324186896375,experiments/python4/rlvr/runs/20260812T103000Z-expanded/ordered_4ep/ordered_4ep/aft_rank64/graded.jsonl
expanded_benchmark,20260812T103000Z-expanded,ordered_4ep,aft_rank64,64,thinking,python4_explicit,held_in_only,statement_terminators,rule_pass,89,96,0.9270833333333334,0.8570696833485983,0.9642324186896375,experiments/python4/rlvr/runs/20260812T103000Z-expanded/ordered_4ep/ordered_4ep/aft_rank64/graded.jsonl
expanded_benchmark,20260812T103000Z-expanded,ordered_4ep,aft_rank64,64,thinking,python4_explicit,held_out_composition,,boa_pass,9,128,0.0703125,0.03742976830393997,0.12823480349360633,experiments/python4/rlvr/runs/20260812T103000Z-expanded/ordered_4ep/ordered_4ep/aft_rank64/summary.json
expanded_benchmark,20260812T103000Z-expanded,ordered_4ep,aft_rank64,64,thinking,python4_explicit,output_prediction,,boa_compile,128,128,1.0,0.9708630437264916,1.0,experiments/python4/rlvr/runs/20260812T103000Z-expanded/ordered_4ep/ordered_4ep/aft_rank64/graded.jsonl
expanded_benchmark,20260812T103000Z-expanded,ordered_4ep,aft_rank64,64,thinking,python4_explicit,output_prediction,,boa_pass,23,128,0.1796875,0.12282459974516051,0.25521626286755583,experiments/python4/rlvr/runs/20260812T103000Z-expanded/ordered_4ep/ordered_4ep/aft_rank64/graded.jsonl
expanded_benchmark,20260812T103000Z-expanded,ordered_4ep,aft_rank64,64,thinking,python4_explicit,output_prediction,,format_valid,125,128,0.9765625,0.9333562549485678,0.9919975836032445,experiments/python4/rlvr/runs/20260812T103000Z-expanded/ordered_4ep/ordered_4ep/aft_rank64/graded.jsonl
expanded_benchmark,20260812T103000Z-expanded,ordered_4ep,aft_rank64,64,thinking,python4_explicit,output_prediction,end_inclusive_slice,rule_pass,7,36,0.19444444444444445,0.09753095418928728,0.3502804299517739,experiments/python4/rlvr/runs/20260812T103000Z-expanded/ordered_4ep/ordered_4ep/aft_rank64/graded.jsonl
expanded_benchmark,20260812T103000Z-expanded,ordered_4ep,aft_rank64,64,thinking,python4_explicit,output_prediction,end_inclusive_slice,semantic_pass,7,28,0.25,0.12676494919293316,0.4335567031899896,experiments/python4/rlvr/runs/20260812T103000Z-expanded/ordered_4ep/ordered_4ep/aft_rank64/graded.jsonl
expanded_benchmark,20260812T103000Z-expanded,ordered_4ep,aft_rank64,64,thinking,python4_explicit,output_prediction,grouped_large_integer,rule_pass,6,32,0.1875,0.08889544689565954,0.3530915520137596,experiments/python4/rlvr/runs/20260812T103000Z-expanded/ordered_4ep/ordered_4ep/aft_rank64/graded.jsonl
expanded_benchmark,20260812T103000Z-expanded,ordered_4ep,aft_rank64,64,thinking,python4_explicit,output_prediction,grouped_large_integer,semantic_pass,6,32,0.1875,0.08889544689565954,0.3530915520137596,experiments/python4/rlvr/runs/20260812T103000Z-expanded/ordered_4ep/ordered_4ep/aft_rank64/graded.jsonl
expanded_benchmark,20260812T103000Z-expanded,ordered_4ep,aft_rank64,64,thinking,python4_explicit,output_prediction,negative_exclusion,rule_pass,1,32,0.03125,0.005537860164003122,0.15744263820012558,experiments/python4/rlvr/runs/20260812T103000Z-expanded/ordered_4ep/ordered_4ep/aft_rank64/graded.jsonl
expanded_benchmark,20260812T103000Z-expanded,ordered_4ep,aft_rank64,64,thinking,python4_explicit,output_prediction,negative_exclusion,semantic_pass,1,32,0.03125,0.005537860164003122,0.15744263820012558,experiments/python4/rlvr/runs/20260812T103000Z-expanded/ordered_4ep/ordered_4ep/aft_rank64/graded.jsonl
expanded_benchmark,20260812T103000Z-expanded,ordered_4ep,aft_rank64,64,thinking,python4_explicit,output_prediction,uppercase_boolean,rule_pass,20,36,0.5555555555555556,0.395810617556973,0.7045873125991978,experiments/python4/rlvr/runs/20260812T103000Z-expanded/ordered_4ep/ordered_4ep/aft_rank64/graded.jsonl
expanded_benchmark,20260812T103000Z-expanded,ordered_4ep,aft_rank64,64,thinking,python4_explicit,output_prediction,uppercase_boolean,semantic_pass,20,36,0.5555555555555556,0.395810617556973,0.7045873125991978,experiments/python4/rlvr/runs/20260812T103000Z-expanded/ordered_4ep/ordered_4ep/aft_rank64/graded.jsonl
expanded_benchmark,20260812T103000Z-expanded,ordered_4ep,aft_rank64,64,thinking,python4_explicit,single:end_inclusive_slice,,boa_pass,0,64,0.0,0.0,0.05662405979280534,experiments/python4/rlvr/runs/20260812T103000Z-expanded/ordered_4ep/ordered_4ep/aft_rank64/summary.json
expanded_benchmark,20260812T103000Z-expanded,ordered_4ep,aft_rank64,64,thinking,python4_explicit,single:grouped_large_integer,,boa_pass,1,64,0.015625,0.002763541923337505,0.08334101600094265,experiments/python4/rlvr/runs/20260812T103000Z-expanded/ordered_4ep/ordered_4ep/aft_rank64/summary.json
expanded_benchmark,20260812T103000Z-expanded,ordered_4ep,aft_rank64,64,thinking,python4_explicit,single:negative_exclusion,,boa_pass,5,64,0.078125,0.03383117690855046,0.17019537354162906,experiments/python4/rlvr/runs/20260812T103000Z-expanded/ordered_4ep/ordered_4ep/aft_rank64/summary.json
expanded_benchmark,20260812T103000Z-expanded,ordered_4ep,aft_rank64,64,thinking,python4_explicit,single:uppercase_boolean,,boa_pass,12,64,0.1875,0.11064643172948806,0.29974360564101526,experiments/python4/rlvr/runs/20260812T103000Z-expanded/ordered_4ep/ordered_4ep/aft_rank64/summary.json
expanded_benchmark,20260812T103000Z-expanded,ordered_4ep,parent,,thinking,python4_explicit,all,,boa_compile,480,512,0.9375,0.9131004927359689,0.9553834035065087,experiments/python4/rlvr/runs/20260812T103000Z-expanded/ordered_4ep/ordered_4ep/parent/summary.json
expanded_benchmark,20260812T103000Z-expanded,ordered_4ep,parent,,thinking,python4_explicit,all,,boa_pass,160,512,0.3125,0.27387274156086244,0.3539198743352186,experiments/python4/rlvr/runs/20260812T103000Z-expanded/ordered_4ep/ordered_4ep/parent/summary.json
expanded_benchmark,20260812T103000Z-expanded,ordered_4ep,parent,,thinking,python4_explicit,all,,format_valid,104,512,0.203125,0.1705465380866688,0.2401251037487928,experiments/python4/rlvr/runs/20260812T103000Z-expanded/ordered_4ep/ordered_4ep/parent/summary.json
expanded_benchmark,20260812T103000Z-expanded,ordered_4ep,parent,,thinking,python4_explicit,all,end_inclusive_slice,rule_pass,33,144,0.22916666666666666,0.1680899227321394,0.30431788072033883,experiments/python4/rlvr/runs/20260812T103000Z-expanded/ordered_4ep/ordered_4ep/parent/summary.json
expanded_benchmark,20260812T103000Z-expanded,ordered_4ep,parent,,thinking,python4_explicit,all,end_inclusive_slice,semantic_pass,21,112,0.1875,0.1260345554053866,0.26969128651145335,experiments/python4/rlvr/runs/20260812T103000Z-expanded/ordered_4ep/ordered_4ep/parent/summary.json
expanded_benchmark,20260812T103000Z-expanded,ordered_4ep,parent,,thinking,python4_explicit,all,grouped_large_integer,rule_pass,4,128,0.03125,0.01221826524505338,0.07759763126136077,experiments/python4/rlvr/runs/20260812T103000Z-expanded/ordered_4ep/ordered_4ep/parent/summary.json
expanded_benchmark,20260812T103000Z-expanded,ordered_4ep,parent,,thinking,python4_explicit,all,grouped_large_integer,semantic_pass,4,128,0.03125,0.01221826524505338,0.07759763126136077,experiments/python4/rlvr/runs/20260812T103000Z-expanded/ordered_4ep/ordered_4ep/parent/summary.json
expanded_benchmark,20260812T103000Z-expanded,ordered_4ep,parent,,thinking,python4_explicit,all,negative_exclusion,rule_pass,32,128,0.25,0.18301284861358558,0.33155562952316864,experiments/python4/rlvr/runs/20260812T103000Z-expanded/ordered_4ep/ordered_4ep/parent/summary.json
expanded_benchmark,20260812T103000Z-expanded,ordered_4ep,parent,,thinking,python4_explicit,all,negative_exclusion,semantic_pass,32,128,0.25,0.18301284861358558,0.33155562952316864,experiments/python4/rlvr/runs/20260812T103000Z-expanded/ordered_4ep/ordered_4ep/parent/summary.json
expanded_benchmark,20260812T103000Z-expanded,ordered_4ep,parent,,thinking,python4_explicit,all,uppercase_boolean,rule_pass,10,144,0.06944444444444445,0.03815514124223368,0.12310854629760351,experiments/python4/rlvr/runs/20260812T103000Z-expanded/ordered_4ep/ordered_4ep/parent/summary.json
expanded_benchmark,20260812T103000Z-expanded,ordered_4ep,parent,,thinking,python4_explicit,all,uppercase_boolean,semantic_pass,10,144,0.06944444444444445,0.03815514124223368,0.12310854629760351,experiments/python4/rlvr/runs/20260812T103000Z-expanded/ordered_4ep/ordered_4ep/parent/summary.json
expanded_benchmark,20260812T103000Z-expanded,ordered_4ep,parent,,thinking,python4_explicit,audited,,audited_task_success,104,224,0.4642857142857143,0.4001274293598847,0.5296483011730224,experiments/python4/rlvr/runs/20260812T103000Z-expanded/ordered_4ep/ordered_4ep/parent/graded.jsonl
expanded_benchmark,20260812T103000Z-expanded,ordered_4ep,parent,,thinking,python4_explicit,audited,end_inclusive_slice,audited_rule_adherence,12,24,0.5,0.3142742581957335,0.6857257418042665,experiments/python4/rlvr/runs/20260812T103000Z-expanded/ordered_4ep/ordered_4ep/parent/graded.jsonl
expanded_benchmark,20260812T103000Z-expanded,ordered_4ep,parent,,thinking,python4_explicit,audited,grouped_large_integer,audited_rule_adherence,48,48,1.0,0.9258998703338824,1.0,experiments/python4/rlvr/runs/20260812T103000Z-expanded/ordered_4ep/ordered_4ep/parent/graded.jsonl
expanded_benchmark,20260812T103000Z-expanded,ordered_4ep,parent,,thinking,python4_explicit,audited,manual_allocation,audited_rule_adherence,4,4,1.0,0.5101091635454027,1.0,experiments/python4/rlvr/runs/20260812T103000Z-expanded/ordered_4ep/ordered_4ep/parent/graded.jsonl
expanded_benchmark,20260812T103000Z-expanded,ordered_4ep,parent,,thinking,python4_explicit,audited,negative_exclusion,audited_rule_adherence,24,48,0.5,0.36389330502679385,0.6361066949732062,experiments/python4/rlvr/runs/20260812T103000Z-expanded/ordered_4ep/ordered_4ep/parent/graded.jsonl
expanded_benchmark,20260812T103000Z-expanded,ordered_4ep,parent,,thinking,python4_explicit,audited,out_parameter,audited_rule_adherence,96,96,1.0,0.9615244121423243,1.0,experiments/python4/rlvr/runs/20260812T103000Z-expanded/ordered_4ep/ordered_4ep/parent/graded.jsonl
expanded_benchmark,20260812T103000Z-expanded,ordered_4ep,parent,,thinking,python4_explicit,audited,statement_terminators,audited_rule_adherence,96,96,1.0,0.9615244121423243,1.0,experiments/python4/rlvr/runs/20260812T103000Z-expanded/ordered_4ep/ordered_4ep/parent/graded.jsonl
expanded_benchmark,20260812T103000Z-expanded,ordered_4ep,parent,,thinking,python4_explicit,audited,uppercase_boolean,audited_rule_adherence,48,48,1.0,0.9258998703338824,1.0,experiments/python4/rlvr/runs/20260812T103000Z-expanded/ordered_4ep/ordered_4ep/parent/graded.jsonl
expanded_benchmark,20260812T103000Z-expanded,ordered_4ep,parent,,thinking,python4_explicit,code_generation,,boa_compile,352,384,0.9166666666666666,0.8847252825824549,0.9403541222161474,experiments/python4/rlvr/runs/20260812T103000Z-expanded/ordered_4ep/ordered_4ep/parent/graded.jsonl
expanded_benchmark,20260812T103000Z-expanded,ordered_4ep,parent,,thinking,python4_explicit,code_generation,,boa_pass,148,384,0.3854166666666667,0.33810135759677684,0.4350018060836074,experiments/python4/rlvr/runs/20260812T103000Z-expanded/ordered_4ep/ordered_4ep/parent/graded.jsonl
expanded_benchmark,20260812T103000Z-expanded,ordered_4ep,parent,,thinking,python4_explicit,code_generation,,format_valid,0,384,0.0,0.0,0.009904714241677031,experiments/python4/rlvr/runs/20260812T103000Z-expanded/ordered_4ep/ordered_4ep/parent/graded.jsonl
expanded_benchmark,20260812T103000Z-expanded,ordered_4ep,parent,,thinking,python4_explicit,code_generation,end_inclusive_slice,rule_pass,32,108,0.2962962962962963,0.2183780644218922,0.3882078969563346,experiments/python4/rlvr/runs/20260812T103000Z-expanded/ordered_4ep/ordered_4ep/parent/graded.jsonl
expanded_benchmark,20260812T103000Z-expanded,ordered_4ep,parent,,thinking,python4_explicit,code_generation,end_inclusive_slice,semantic_pass,20,84,0.23809523809523808,0.15974690895549554,0.3393506630712311,experiments/python4/rlvr/runs/20260812T103000Z-expanded/ordered_4ep/ordered_4ep/parent/graded.jsonl
expanded_benchmark,20260812T103000Z-expanded,ordered_4ep,parent,,thinking,python4_explicit,code_generation,grouped_large_integer,rule_pass,0,96,0.0,0.0,0.038475587857675686,experiments/python4/rlvr/runs/20260812T103000Z-expanded/ordered_4ep/ordered_4ep/parent/graded.jsonl
expanded_benchmark,20260812T103000Z-expanded,ordered_4ep,parent,,thinking,python4_explicit,code_generation,grouped_large_integer,semantic_pass,0,96,0.0,0.0,0.038475587857675686,experiments/python4/rlvr/runs/20260812T103000Z-expanded/ordered_4ep/ordered_4ep/parent/graded.jsonl
expanded_benchmark,20260812T103000Z-expanded,ordered_4ep,parent,,thinking,python4_explicit,code_generation,negative_exclusion,rule_pass,32,96,0.3333333333333333,0.2470569241521054,0.43243493846711983,experiments/python4/rlvr/runs/20260812T103000Z-expanded/ordered_4ep/ordered_4ep/parent/graded.jsonl
expanded_benchmark,20260812T103000Z-expanded,ordered_4ep,parent,,thinking,python4_explicit,code_generation,negative_exclusion,semantic_pass,32,96,0.3333333333333333,0.2470569241521054,0.43243493846711983,experiments/python4/rlvr/runs/20260812T103000Z-expanded/ordered_4ep/ordered_4ep/parent/graded.jsonl
expanded_benchmark,20260812T103000Z-expanded,ordered_4ep,parent,,thinking,python4_explicit,code_generation,uppercase_boolean,rule_pass,0,108,0.0,0.0,0.034347359746557025,experiments/python4/rlvr/runs/20260812T103000Z-expanded/ordered_4ep/ordered_4ep/parent/graded.jsonl
expanded_benchmark,20260812T103000Z-expanded,ordered_4ep,parent,,thinking,python4_explicit,code_generation,uppercase_boolean,semantic_pass,0,108,0.0,0.0,0.034347359746557025,experiments/python4/rlvr/runs/20260812T103000Z-expanded/ordered_4ep/ordered_4ep/parent/graded.jsonl
expanded_benchmark,20260812T103000Z-expanded,ordered_4ep,parent,,thinking,python4_explicit,held_in_only,,boa_pass,93,128,0.7265625,0.6435923144931466,0.7963300021954198,experiments/python4/rlvr/runs/20260812T103000Z-expanded/ordered_4ep/ordered_4ep/parent/summary.json
expanded_benchmark,20260812T103000Z-expanded,ordered_4ep,parent,,thinking,python4_explicit,held_in_only,manual_allocation,rule_pass,0,96,0.0,0.0,0.038475587857675686,experiments/python4/rlvr/runs/20260812T103000Z-expanded/ordered_4ep/ordered_4ep/parent/graded.jsonl
expanded_benchmark,20260812T103000Z-expanded,ordered_4ep,parent,,thinking,python4_explicit,held_in_only,out_parameter,rule_pass,92,96,0.9583333333333334,0.8977180853334191,0.9836792924637118,experiments/python4/rlvr/runs/20260812T103000Z-expanded/ordered_4ep/ordered_4ep/parent/graded.jsonl
expanded_benchmark,20260812T103000Z-expanded,ordered_4ep,parent,,thinking,python4_explicit,held_in_only,statement_terminators,rule_pass,92,96,0.9583333333333334,0.8977180853334191,0.9836792924637118,experiments/python4/rlvr/runs/20260812T103000Z-expanded/ordered_4ep/ordered_4ep/parent/graded.jsonl
expanded_benchmark,20260812T103000Z-expanded,ordered_4ep,parent,,thinking,python4_explicit,held_out_composition,,boa_pass,11,128,0.0859375,0.04866313137138619,0.14734091054261295,experiments/python4/rlvr/runs/20260812T103000Z-expanded/ordered_4ep/ordered_4ep/parent/summary.json
expanded_benchmark,20260812T103000Z-expanded,ordered_4ep,parent,,thinking,python4_explicit,output_prediction,,boa_compile,128,128,1.0,0.9708630437264916,1.0,experiments/python4/rlvr/runs/20260812T103000Z-expanded/ordered_4ep/ordered_4ep/parent/graded.jsonl
expanded_benchmark,20260812T103000Z-expanded,ordered_4ep,parent,,thinking,python4_explicit,output_prediction,,boa_pass,12,128,0.09375,0.054443804399147026,0.15672997257307855,experiments/python4/rlvr/runs/20260812T103000Z-expanded/ordered_4ep/ordered_4ep/parent/graded.jsonl
expanded_benchmark,20260812T103000Z-expanded,ordered_4ep,parent,,thinking,python4_explicit,output_prediction,,format_valid,104,128,0.8125,0.7361508192928257,0.8706385830362315,experiments/python4/rlvr/runs/20260812T103000Z-expanded/ordered_4ep/ordered_4ep/parent/graded.jsonl
expanded_benchmark,20260812T103000Z-expanded,ordered_4ep,parent,,thinking,python4_explicit,output_prediction,end_inclusive_slice,rule_pass,1,36,0.027777777777777776,0.004920407139810443,0.14169718653273855,experiments/python4/rlvr/runs/20260812T103000Z-expanded/ordered_4ep/ordered_4ep/parent/graded.jsonl
expanded_benchmark,20260812T103000Z-expanded,ordered_4ep,parent,,thinking,python4_explicit,output_prediction,end_inclusive_slice,semantic_pass,1,28,0.03571428571428571,0.0063325198490377516,0.1771219774335332,experiments/python4/rlvr/runs/20260812T103000Z-expanded/ordered_4ep/ordered_4ep/parent/graded.jsonl
expanded_benchmark,20260812T103000Z-expanded,ordered_4ep,parent,,thinking,python4_explicit,output_prediction,grouped_large_integer,rule_pass,4,32,0.125,0.04970134387480073,0.2806830548165022,experiments/python4/rlvr/runs/20260812T103000Z-expanded/ordered_4ep/ordered_4ep/parent/graded.jsonl
expanded_benchmark,20260812T103000Z-expanded,ordered_4ep,parent,,thinking,python4_explicit,output_prediction,grouped_large_integer,semantic_pass,4,32,0.125,0.04970134387480073,0.2806830548165022,experiments/python4/rlvr/runs/20260812T103000Z-expanded/ordered_4ep/ordered_4ep/parent/graded.jsonl
expanded_benchmark,20260812T103000Z-expanded,ordered_4ep,parent,,thinking,python4_explicit,output_prediction,negative_exclusion,rule_pass,0,32,0.0,0.0,0.1071791982550706,experiments/python4/rlvr/runs/20260812T103000Z-expanded/ordered_4ep/ordered_4ep/parent/graded.jsonl
expanded_benchmark,20260812T103000Z-expanded,ordered_4ep,parent,,thinking,python4_explicit,output_prediction,negative_exclusion,semantic_pass,0,32,0.0,0.0,0.1071791982550706,experiments/python4/rlvr/runs/20260812T103000Z-expanded/ordered_4ep/ordered_4ep/parent/graded.jsonl
expanded_benchmark,20260812T103000Z-expanded,ordered_4ep,parent,,thinking,python4_explicit,output_prediction,uppercase_boolean,rule_pass,10,36,0.2777777777777778,0.1584833794013461,0.43992489997397105,experiments/python4/rlvr/runs/20260812T103000Z-expanded/ordered_4ep/ordered_4ep/parent/graded.jsonl
expanded_benchmark,20260812T103000Z-expanded,ordered_4ep,parent,,thinking,python4_explicit,output_prediction,uppercase_boolean,semantic_pass,10,36,0.2777777777777778,0.1584833794013461,0.43992489997397105,experiments/python4/rlvr/runs/20260812T103000Z-expanded/ordered_4ep/ordered_4ep/parent/graded.jsonl
expanded_benchmark,20260812T103000Z-expanded,ordered_4ep,parent,,thinking,python4_explicit,single:end_inclusive_slice,,boa_pass,24,64,0.375,0.2666598017882464,0.497496213159955,experiments/python4/rlvr/runs/20260812T103000Z-expanded/ordered_4ep/ordered_4ep/parent/summary.json
expanded_benchmark,20260812T103000Z-expanded,ordered_4ep,parent,,thinking,python4_explicit,single:grouped_large_integer,,boa_pass,1,64,0.015625,0.002763541923337505,0.08334101600094265,experiments/python4/rlvr/runs/20260812T103000Z-expanded/ordered_4ep/ordered_4ep/parent/summary.json
expanded_benchmark,20260812T103000Z-expanded,ordered_4ep,parent,,thinking,python4_explicit,single:negative_exclusion,,boa_pass,24,64,0.375,0.2666598017882464,0.497496213159955,experiments/python4/rlvr/runs/20260812T103000Z-expanded/ordered_4ep/ordered_4ep/parent/summary.json
expanded_benchmark,20260812T103000Z-expanded,ordered_4ep,parent,,thinking,python4_explicit,single:uppercase_boolean,,boa_pass,7,64,0.109375,0.05400113344416797,0.20898641326896122,experiments/python4/rlvr/runs/20260812T103000Z-expanded/ordered_4ep/ordered_4ep/parent/summary.json
expanded_benchmark,20260812T103000Z-expanded,ordered_4ep,rlvr_rank64,64,thinking,python4_explicit,all,,boa_compile,512,512,1.0,0.9925530242771171,1.0,experiments/python4/rlvr/runs/20260812T103000Z-expanded/ordered_4ep/ordered_4ep/rlvr_rank64/summary.json
expanded_benchmark,20260812T103000Z-expanded,ordered_4ep,rlvr_rank64,64,thinking,python4_explicit,all,,boa_pass,169,512,0.330078125,0.2907439558701836,0.3719431022856398,experiments/python4/rlvr/runs/20260812T103000Z-expanded/ordered_4ep/ordered_4ep/rlvr_rank64/summary.json
expanded_benchmark,20260812T103000Z-expanded,ordered_4ep,rlvr_rank64,64,thinking,python4_explicit,all,,format_valid,121,512,0.236328125,0.201578409461584,0.2750049566422799,experiments/python4/rlvr/runs/20260812T103000Z-expanded/ordered_4ep/ordered_4ep/rlvr_rank64/summary.json
expanded_benchmark,20260812T103000Z-expanded,ordered_4ep,rlvr_rank64,64,thinking,python4_explicit,all,end_inclusive_slice,rule_pass,29,144,0.2013888888888889,0.14403885252879595,0.2742569307649621,experiments/python4/rlvr/runs/20260812T103000Z-expanded/ordered_4ep/ordered_4ep/rlvr_rank64/summary.json
expanded_benchmark,20260812T103000Z-expanded,ordered_4ep,rlvr_rank64,64,thinking,python4_explicit,all,end_inclusive_slice,semantic_pass,17,112,0.15178571428571427,0.0969796964750848,0.22968624166082252,experiments/python4/rlvr/runs/20260812T103000Z-expanded/ordered_4ep/ordered_4ep/rlvr_rank64/summary.json
expanded_benchmark,20260812T103000Z-expanded,ordered_4ep,rlvr_rank64,64,thinking,python4_explicit,all,grouped_large_integer,rule_pass,4,128,0.03125,0.01221826524505338,0.07759763126136077,experiments/python4/rlvr/runs/20260812T103000Z-expanded/ordered_4ep/ordered_4ep/rlvr_rank64/summary.json
expanded_benchmark,20260812T103000Z-expanded,ordered_4ep,rlvr_rank64,64,thinking,python4_explicit,all,grouped_large_integer,semantic_pass,4,128,0.03125,0.01221826524505338,0.07759763126136077,experiments/python4/rlvr/runs/20260812T103000Z-expanded/ordered_4ep/ordered_4ep/rlvr_rank64/summary.json
expanded_benchmark,20260812T103000Z-expanded,ordered_4ep,rlvr_rank64,64,thinking,python4_explicit,all,negative_exclusion,rule_pass,26,128,0.203125,0.1425573819359227,0.2809926858514729,experiments/python4/rlvr/runs/20260812T103000Z-expanded/ordered_4ep/ordered_4ep/rlvr_rank64/summary.json
expanded_benchmark,20260812T103000Z-expanded,ordered_4ep,rlvr_rank64,64,thinking,python4_explicit,all,negative_exclusion,semantic_pass,26,128,0.203125,0.1425573819359227,0.2809926858514729,experiments/python4/rlvr/runs/20260812T103000Z-expanded/ordered_4ep/ordered_4ep/rlvr_rank64/summary.json
expanded_benchmark,20260812T103000Z-expanded,ordered_4ep,rlvr_rank64,64,thinking,python4_explicit,all,uppercase_boolean,rule_pass,18,144,0.125,0.08055066143257408,0.18893706642470345,experiments/python4/rlvr/runs/20260812T103000Z-expanded/ordered_4ep/ordered_4ep/rlvr_rank64/summary.json
expanded_benchmark,20260812T103000Z-expanded,ordered_4ep,rlvr_rank64,64,thinking,python4_explicit,all,uppercase_boolean,semantic_pass,18,144,0.125,0.08055066143257408,0.18893706642470345,experiments/python4/rlvr/runs/20260812T103000Z-expanded/ordered_4ep/ordered_4ep/rlvr_rank64/summary.json
expanded_benchmark,20260812T103000Z-expanded,ordered_4ep,rlvr_rank64,64,thinking,python4_explicit,audited,,audited_task_success,121,224,0.5401785714285714,0.47478409044861003,0.6042182127018696,experiments/python4/rlvr/runs/20260812T103000Z-expanded/ordered_4ep/ordered_4ep/rlvr_rank64/graded.jsonl
expanded_benchmark,20260812T103000Z-expanded,ordered_4ep,rlvr_rank64,64,thinking,python4_explicit,audited,end_inclusive_slice,audited_rule_adherence,12,24,0.5,0.3142742581957335,0.6857257418042665,experiments/python4/rlvr/runs/20260812T103000Z-expanded/ordered_4ep/ordered_4ep/rlvr_rank64/graded.jsonl
expanded_benchmark,20260812T103000Z-expanded,ordered_4ep,rlvr_rank64,64,thinking,python4_explicit,audited,grouped_large_integer,audited_rule_adherence,48,48,1.0,0.9258998703338824,1.0,experiments/python4/rlvr/runs/20260812T103000Z-expanded/ordered_4ep/ordered_4ep/rlvr_rank64/graded.jsonl
expanded_benchmark,20260812T103000Z-expanded,ordered_4ep,rlvr_rank64,64,thinking,python4_explicit,audited,negative_exclusion,audited_rule_adherence,24,48,0.5,0.36389330502679385,0.6361066949732062,experiments/python4/rlvr/runs/20260812T103000Z-expanded/ordered_4ep/ordered_4ep/rlvr_rank64/graded.jsonl
expanded_benchmark,20260812T103000Z-expanded,ordered_4ep,rlvr_rank64,64,thinking,python4_explicit,audited,out_parameter,audited_rule_adherence,96,96,1.0,0.9615244121423243,1.0,experiments/python4/rlvr/runs/20260812T103000Z-expanded/ordered_4ep/ordered_4ep/rlvr_rank64/graded.jsonl
expanded_benchmark,20260812T103000Z-expanded,ordered_4ep,rlvr_rank64,64,thinking,python4_explicit,audited,statement_terminators,audited_rule_adherence,96,96,1.0,0.9615244121423243,1.0,experiments/python4/rlvr/runs/20260812T103000Z-expanded/ordered_4ep/ordered_4ep/rlvr_rank64/graded.jsonl
expanded_benchmark,20260812T103000Z-expanded,ordered_4ep,rlvr_rank64,64,thinking,python4_explicit,audited,uppercase_boolean,audited_rule_adherence,48,48,1.0,0.9258998703338824,1.0,experiments/python4/rlvr/runs/20260812T103000Z-expanded/ordered_4ep/ordered_4ep/rlvr_rank64/graded.jsonl
expanded_benchmark,20260812T103000Z-expanded,ordered_4ep,rlvr_rank64,64,thinking,python4_explicit,code_generation,,boa_compile,384,384,1.0,0.9900952857583228,1.0,experiments/python4/rlvr/runs/20260812T103000Z-expanded/ordered_4ep/ordered_4ep/rlvr_rank64/graded.jsonl
expanded_benchmark,20260812T103000Z-expanded,ordered_4ep,rlvr_rank64,64,thinking,python4_explicit,code_generation,,boa_pass,144,384,0.375,0.3280410949189548,0.4244350836414644,experiments/python4/rlvr/runs/20260812T103000Z-expanded/ordered_4ep/ordered_4ep/rlvr_rank64/graded.jsonl
expanded_benchmark,20260812T103000Z-expanded,ordered_4ep,rlvr_rank64,64,thinking,python4_explicit,code_generation,,format_valid,0,384,0.0,0.0,0.009904714241677031,experiments/python4/rlvr/runs/20260812T103000Z-expanded/ordered_4ep/ordered_4ep/rlvr_rank64/graded.jsonl
expanded_benchmark,20260812T103000Z-expanded,ordered_4ep,rlvr_rank64,64,thinking,python4_explicit,code_generation,end_inclusive_slice,rule_pass,24,108,0.2222222222222222,0.15412547066351984,0.3094008403067896,experiments/python4/rlvr/runs/20260812T103000Z-expanded/ordered_4ep/ordered_4ep/rlvr_rank64/graded.jsonl
expanded_benchmark,20260812T103000Z-expanded,ordered_4ep,rlvr_rank64,64,thinking,python4_explicit,code_generation,end_inclusive_slice,semantic_pass,12,84,0.14285714285714285,0.08365020540566916,0.23330102917623075,experiments/python4/rlvr/runs/20260812T103000Z-expanded/ordered_4ep/ordered_4ep/rlvr_rank64/graded.jsonl
expanded_benchmark,20260812T103000Z-expanded,ordered_4ep,rlvr_rank64,64,thinking,python4_explicit,code_generation,grouped_large_integer,rule_pass,0,96,0.0,0.0,0.038475587857675686,experiments/python4/rlvr/runs/20260812T103000Z-expanded/ordered_4ep/ordered_4ep/rlvr_rank64/graded.jsonl
expanded_benchmark,20260812T103000Z-expanded,ordered_4ep,rlvr_rank64,64,thinking,python4_explicit,code_generation,grouped_large_integer,semantic_pass,0,96,0.0,0.0,0.038475587857675686,experiments/python4/rlvr/runs/20260812T103000Z-expanded/ordered_4ep/ordered_4ep/rlvr_rank64/graded.jsonl
expanded_benchmark,20260812T103000Z-expanded,ordered_4ep,rlvr_rank64,64,thinking,python4_explicit,code_generation,negative_exclusion,rule_pass,24,96,0.25,0.17413968368934074,0.3450981102394971,experiments/python4/rlvr/runs/20260812T103000Z-expanded/ordered_4ep/ordered_4ep/rlvr_rank64/graded.jsonl
expanded_benchmark,20260812T103000Z-expanded,ordered_4ep,rlvr_rank64,64,thinking,python4_explicit,code_generation,negative_exclusion,semantic_pass,24,96,0.25,0.17413968368934074,0.3450981102394971,experiments/python4/rlvr/runs/20260812T103000Z-expanded/ordered_4ep/ordered_4ep/rlvr_rank64/graded.jsonl
expanded_benchmark,20260812T103000Z-expanded,ordered_4ep,rlvr_rank64,64,thinking,python4_explicit,code_generation,uppercase_boolean,rule_pass,0,108,0.0,0.0,0.034347359746557025,experiments/python4/rlvr/runs/20260812T103000Z-expanded/ordered_4ep/ordered_4ep/rlvr_rank64/graded.jsonl
expanded_benchmark,20260812T103000Z-expanded,ordered_4ep,rlvr_rank64,64,thinking,python4_explicit,code_generation,uppercase_boolean,semantic_pass,0,108,0.0,0.0,0.034347359746557025,experiments/python4/rlvr/runs/20260812T103000Z-expanded/ordered_4ep/ordered_4ep/rlvr_rank64/graded.jsonl
expanded_benchmark,20260812T103000Z-expanded,ordered_4ep,rlvr_rank64,64,thinking,python4_explicit,held_in_only,,boa_pass,102,128,0.796875,0.7190073141485271,0.8574426180640773,experiments/python4/rlvr/runs/20260812T103000Z-expanded/ordered_4ep/ordered_4ep/rlvr_rank64/summary.json
expanded_benchmark,20260812T103000Z-expanded,ordered_4ep,rlvr_rank64,64,thinking,python4_explicit,held_in_only,manual_allocation,rule_pass,0,96,0.0,0.0,0.038475587857675686,experiments/python4/rlvr/runs/20260812T103000Z-expanded/ordered_4ep/ordered_4ep/rlvr_rank64/graded.jsonl
expanded_benchmark,20260812T103000Z-expanded,ordered_4ep,rlvr_rank64,64,thinking,python4_explicit,held_in_only,out_parameter,rule_pass,96,96,1.0,0.9615244121423243,1.0,experiments/python4/rlvr/runs/20260812T103000Z-expanded/ordered_4ep/ordered_4ep/rlvr_rank64/graded.jsonl
expanded_benchmark,20260812T103000Z-expanded,ordered_4ep,rlvr_rank64,64,thinking,python4_explicit,held_in_only,statement_terminators,rule_pass,96,96,1.0,0.9615244121423243,1.0,experiments/python4/rlvr/runs/20260812T103000Z-expanded/ordered_4ep/ordered_4ep/rlvr_rank64/graded.jsonl
expanded_benchmark,20260812T103000Z-expanded,ordered_4ep,rlvr_rank64,64,thinking,python4_explicit,held_out_composition,,boa_pass,8,128,0.0625,0.03200692569506119,0.11848791104425865,experiments/python4/rlvr/runs/20260812T103000Z-expanded/ordered_4ep/ordered_4ep/rlvr_rank64/summary.json
expanded_benchmark,20260812T103000Z-expanded,ordered_4ep,rlvr_rank64,64,thinking,python4_explicit,output_prediction,,boa_compile,128,128,1.0,0.9708630437264916,1.0,experiments/python4/rlvr/runs/20260812T103000Z-expanded/ordered_4ep/ordered_4ep/rlvr_rank64/graded.jsonl
expanded_benchmark,20260812T103000Z-expanded,ordered_4ep,rlvr_rank64,64,thinking,python4_explicit,output_prediction,,boa_pass,25,128,0.1953125,0.1359396128283779,0.2724407199007913,experiments/python4/rlvr/runs/20260812T103000Z-expanded/ordered_4ep/ordered_4ep/rlvr_rank64/graded.jsonl
expanded_benchmark,20260812T103000Z-expanded,ordered_4ep,rlvr_rank64,64,thinking,python4_explicit,output_prediction,,format_valid,121,128,0.9453125,0.8914150997002529,0.9732597986186536,experiments/python4/rlvr/runs/20260812T103000Z-expanded/ordered_4ep/ordered_4ep/rlvr_rank64/graded.jsonl
expanded_benchmark,20260812T103000Z-expanded,ordered_4ep,rlvr_rank64,64,thinking,python4_explicit,output_prediction,end_inclusive_slice,rule_pass,5,36,0.1388888888888889,0.06081815009132838,0.286595303893562,experiments/python4/rlvr/runs/20260812T103000Z-expanded/ordered_4ep/ordered_4ep/rlvr_rank64/graded.jsonl
expanded_benchmark,20260812T103000Z-expanded,ordered_4ep,rlvr_rank64,64,thinking,python4_explicit,output_prediction,end_inclusive_slice,semantic_pass,5,28,0.17857142857142858,0.07878501945604277,0.35591424789342946,experiments/python4/rlvr/runs/20260812T103000Z-expanded/ordered_4ep/ordered_4ep/rlvr_rank64/graded.jsonl
expanded_benchmark,20260812T103000Z-expanded,ordered_4ep,rlvr_rank64,64,thinking,python4_explicit,output_prediction,grouped_large_integer,rule_pass,4,32,0.125,0.04970134387480073,0.2806830548165022,experiments/python4/rlvr/runs/20260812T103000Z-expanded/ordered_4ep/ordered_4ep/rlvr_rank64/graded.jsonl
expanded_benchmark,20260812T103000Z-expanded,ordered_4ep,rlvr_rank64,64,thinking,python4_explicit,output_prediction,grouped_large_integer,semantic_pass,4,32,0.125,0.04970134387480073,0.2806830548165022,experiments/python4/rlvr/runs/20260812T103000Z-expanded/ordered_4ep/ordered_4ep/rlvr_rank64/graded.jsonl
expanded_benchmark,20260812T103000Z-expanded,ordered_4ep,rlvr_rank64,64,thinking,python4_explicit,output_prediction,negative_exclusion,rule_pass,2,32,0.0625,0.017310567031640967,0.2014712314415458,experiments/python4/rlvr/runs/20260812T103000Z-expanded/ordered_4ep/ordered_4ep/rlvr_rank64/graded.jsonl
expanded_benchmark,20260812T103000Z-expanded,ordered_4ep,rlvr_rank64,64,thinking,python4_explicit,output_prediction,negative_exclusion,semantic_pass,2,32,0.0625,0.017310567031640967,0.2014712314415458,experiments/python4/rlvr/runs/20260812T103000Z-expanded/ordered_4ep/ordered_4ep/rlvr_rank64/graded.jsonl
expanded_benchmark,20260812T103000Z-expanded,ordered_4ep,rlvr_rank64,64,thinking,python4_explicit,output_prediction,uppercase_boolean,rule_pass,18,36,0.5,0.34474325409626827,0.6552567459037317,experiments/python4/rlvr/runs/20260812T103000Z-expanded/ordered_4ep/ordered_4ep/rlvr_rank64/graded.jsonl
expanded_benchmark,20260812T103000Z-expanded,ordered_4ep,rlvr_rank64,64,thinking,python4_explicit,output_prediction,uppercase_boolean,semantic_pass,18,36,0.5,0.34474325409626827,0.6552567459037317,experiments/python4/rlvr/runs/20260812T103000Z-expanded/ordered_4ep/ordered_4ep/rlvr_rank64/graded.jsonl
expanded_benchmark,20260812T103000Z-expanded,ordered_4ep,rlvr_rank64,64,thinking,python4_explicit,single:end_inclusive_slice,,boa_pass,24,64,0.375,0.2666598017882464,0.497496213159955,experiments/python4/rlvr/runs/20260812T103000Z-expanded/ordered_4ep/ordered_4ep/rlvr_rank64/summary.json
expanded_benchmark,20260812T103000Z-expanded,ordered_4ep,rlvr_rank64,64,thinking,python4_explicit,single:grouped_large_integer,,boa_pass,1,64,0.015625,0.002763541923337505,0.08334101600094265,experiments/python4/rlvr/runs/20260812T103000Z-expanded/ordered_4ep/ordered_4ep/rlvr_rank64/summary.json
expanded_benchmark,20260812T103000Z-expanded,ordered_4ep,rlvr_rank64,64,thinking,python4_explicit,single:negative_exclusion,,boa_pass,24,64,0.375,0.2666598017882464,0.497496213159955,experiments/python4/rlvr/runs/20260812T103000Z-expanded/ordered_4ep/ordered_4ep/rlvr_rank64/summary.json
expanded_benchmark,20260812T103000Z-expanded,ordered_4ep,rlvr_rank64,64,thinking,python4_explicit,single:uppercase_boolean,,boa_pass,10,64,0.15625,0.08714842338206585,0.2642806177254878,experiments/python4/rlvr/runs/20260812T103000Z-expanded/ordered_4ep/ordered_4ep/rlvr_rank64/summary.json
generalization_evaluation,generalization,control,aft_rank64,64,code_only,python_ambiguous,all,,format_valid,84,128,0.65625,0.5704962778456513,0.7328984233188773,experiments/python4/rlvr/runs/20260812T235200Z-generalization-v1/hf/runs/20260812T235200Z-generalization-v1/generalization/control/aft/summary.json
generalization_evaluation,generalization,control,aft_rank64,64,code_only,python_ambiguous,all,,overall_python4_success,35,128,0.2734375,0.20366999780458017,0.3564076855068533,experiments/python4/rlvr/runs/20260812T235200Z-generalization-v1/hf/runs/20260812T235200Z-generalization-v1/generalization/control/aft/summary.json
generalization_evaluation,generalization,control,aft_rank64,64,code_only,python_ambiguous,all,,python3_success,0,128,0.0,0.0,0.029136956273508416,experiments/python4/rlvr/runs/20260812T235200Z-generalization-v1/hf/runs/20260812T235200Z-generalization-v1/generalization/control/aft/summary.json
generalization_evaluation,generalization,control,aft_rank64,64,code_only,python_ambiguous,all,,python4_adoption,126,128,0.984375,0.9448190233201829,0.9957045502898559,experiments/python4/rlvr/runs/20260812T235200Z-generalization-v1/hf/runs/20260812T235200Z-generalization-v1/generalization/control/aft/summary.json
generalization_evaluation,generalization,control,aft_rank64,64,code_only,python_ambiguous,held_in,,held_in_task_success,14,32,0.4375,0.2816533111504036,0.6067440886314801,experiments/python4/rlvr/runs/20260812T235200Z-generalization-v1/hf/runs/20260812T235200Z-generalization-v1/generalization/control/aft/summary.json
generalization_evaluation,generalization,control,aft_rank64,64,code_only,python_ambiguous,held_out,,held_out_task_success,21,96,0.21875,0.14776345080877545,0.31137906736116716,experiments/python4/rlvr/runs/20260812T235200Z-generalization-v1/hf/runs/20260812T235200Z-generalization-v1/generalization/control/aft/summary.json
generalization_evaluation,generalization,control,aft_rank64,64,code_only,python_ambiguous,held_out,end_inclusive_slice,task_success_on_rule_tagged_tasks,9,42,0.21428571428571427,0.11705799876003031,0.35939845316322905,experiments/python4/rlvr/runs/20260812T235200Z-generalization-v1/hf/runs/20260812T235200Z-generalization-v1/generalization/control/aft/summary.json
generalization_evaluation,generalization,control,aft_rank64,64,code_only,python_ambiguous,held_out,grouped_large_integer,task_success_on_rule_tagged_tasks,2,18,0.1111111111111111,0.03101952264561239,0.32799765130178804,experiments/python4/rlvr/runs/20260812T235200Z-generalization-v1/hf/runs/20260812T235200Z-generalization-v1/generalization/control/aft/summary.json
generalization_evaluation,generalization,control,aft_rank64,64,code_only,python_ambiguous,held_out,negative_exclusion,task_success_on_rule_tagged_tasks,11,42,0.2619047619047619,0.1530264028783298,0.4106873070577196,experiments/python4/rlvr/runs/20260812T235200Z-generalization-v1/hf/runs/20260812T235200Z-generalization-v1/generalization/control/aft/summary.json
generalization_evaluation,generalization,control,aft_rank64,64,code_only,python_ambiguous,held_out,uppercase_boolean,task_success_on_rule_tagged_tasks,9,31,0.2903225806451613,0.1609580015630062,0.46592329330749926,experiments/python4/rlvr/runs/20260812T235200Z-generalization-v1/hf/runs/20260812T235200Z-generalization-v1/generalization/control/aft/summary.json
generalization_evaluation,generalization,control,parent,,code_only,python4_named,all,,format_valid,119,128,0.9296875,0.8717651965063937,0.96257023169606,experiments/python4/rlvr/runs/20260812T235200Z-generalization-v1/hf/runs/20260812T235200Z-generalization-v1/generalization/control/ceiling/summary.json
generalization_evaluation,generalization,control,parent,,code_only,python4_named,all,,overall_python4_success,0,128,0.0,0.0,0.029136956273508416,experiments/python4/rlvr/runs/20260812T235200Z-generalization-v1/hf/runs/20260812T235200Z-generalization-v1/generalization/control/ceiling/summary.json
generalization_evaluation,generalization,control,parent,,code_only,python4_named,all,,python3_success,64,128,0.5,0.41465224626050723,0.5853477537394928,experiments/python4/rlvr/runs/20260812T235200Z-generalization-v1/hf/runs/20260812T235200Z-generalization-v1/generalization/control/ceiling/summary.json
generalization_evaluation,generalization,control,parent,,code_only,python4_named,all,,python4_adoption,0,128,0.0,0.0,0.029136956273508416,experiments/python4/rlvr/runs/20260812T235200Z-generalization-v1/hf/runs/20260812T235200Z-generalization-v1/generalization/control/ceiling/summary.json
generalization_evaluation,generalization,control,parent,,code_only,python4_named,held_in,,held_in_task_success,0,32,0.0,0.0,0.1071791982550706,experiments/python4/rlvr/runs/20260812T235200Z-generalization-v1/hf/runs/20260812T235200Z-generalization-v1/generalization/control/ceiling/summary.json
generalization_evaluation,generalization,control,parent,,code_only,python4_named,held_out,,held_out_task_success,0,96,0.0,0.0,0.038475587857675686,experiments/python4/rlvr/runs/20260812T235200Z-generalization-v1/hf/runs/20260812T235200Z-generalization-v1/generalization/control/ceiling/summary.json
generalization_evaluation,generalization,control,parent,,code_only,python4_named,held_out,end_inclusive_slice,task_success_on_rule_tagged_tasks,0,42,0.0,0.0,0.08379879086570391,experiments/python4/rlvr/runs/20260812T235200Z-generalization-v1/hf/runs/20260812T235200Z-generalization-v1/generalization/control/ceiling/summary.json
generalization_evaluation,generalization,control,parent,,code_only,python4_named,held_out,grouped_large_integer,task_success_on_rule_tagged_tasks,0,18,0.0,0.0,0.17587922364665765,experiments/python4/rlvr/runs/20260812T235200Z-generalization-v1/hf/runs/20260812T235200Z-generalization-v1/generalization/control/ceiling/summary.json
generalization_evaluation,generalization,control,parent,,code_only,python4_named,held_out,negative_exclusion,task_success_on_rule_tagged_tasks,0,42,0.0,0.0,0.08379879086570391,experiments/python4/rlvr/runs/20260812T235200Z-generalization-v1/hf/runs/20260812T235200Z-generalization-v1/generalization/control/ceiling/summary.json
generalization_evaluation,generalization,control,parent,,code_only,python4_named,held_out,uppercase_boolean,task_success_on_rule_tagged_tasks,0,31,0.0,0.0,0.11025539546043596,experiments/python4/rlvr/runs/20260812T235200Z-generalization-v1/hf/runs/20260812T235200Z-generalization-v1/generalization/control/ceiling/summary.json
generalization_evaluation,generalization,control,parent,,code_only,python_ambiguous,all,,format_valid,121,128,0.9453125,0.8914150997002529,0.9732597986186536,experiments/python4/rlvr/runs/20260812T235200Z-generalization-v1/hf/runs/20260812T235200Z-generalization-v1/generalization/control/floor/summary.json
generalization_evaluation,generalization,control,parent,,code_only,python_ambiguous,all,,overall_python4_success,0,128,0.0,0.0,0.029136956273508416,experiments/python4/rlvr/runs/20260812T235200Z-generalization-v1/hf/runs/20260812T235200Z-generalization-v1/generalization/control/floor/summary.json
generalization_evaluation,generalization,control,parent,,code_only,python_ambiguous,all,,python3_success,70,128,0.546875,0.4605263667221713,0.6304920436271872,experiments/python4/rlvr/runs/20260812T235200Z-generalization-v1/hf/runs/20260812T235200Z-generalization-v1/generalization/control/floor/summary.json
generalization_evaluation,generalization,control,parent,,code_only,python_ambiguous,all,,python4_adoption,0,128,0.0,0.0,0.029136956273508416,experiments/python4/rlvr/runs/20260812T235200Z-generalization-v1/hf/runs/20260812T235200Z-generalization-v1/generalization/control/floor/summary.json
generalization_evaluation,generalization,control,parent,,code_only,python_ambiguous,held_in,,held_in_task_success,0,32,0.0,0.0,0.1071791982550706,experiments/python4/rlvr/runs/20260812T235200Z-generalization-v1/hf/runs/20260812T235200Z-generalization-v1/generalization/control/floor/summary.json
generalization_evaluation,generalization,control,parent,,code_only,python_ambiguous,held_out,,held_out_task_success,0,96,0.0,0.0,0.038475587857675686,experiments/python4/rlvr/runs/20260812T235200Z-generalization-v1/hf/runs/20260812T235200Z-generalization-v1/generalization/control/floor/summary.json
generalization_evaluation,generalization,control,parent,,code_only,python_ambiguous,held_out,end_inclusive_slice,task_success_on_rule_tagged_tasks,0,42,0.0,0.0,0.08379879086570391,experiments/python4/rlvr/runs/20260812T235200Z-generalization-v1/hf/runs/20260812T235200Z-generalization-v1/generalization/control/floor/summary.json
generalization_evaluation,generalization,control,parent,,code_only,python_ambiguous,held_out,grouped_large_integer,task_success_on_rule_tagged_tasks,0,18,0.0,0.0,0.17587922364665765,experiments/python4/rlvr/runs/20260812T235200Z-generalization-v1/hf/runs/20260812T235200Z-generalization-v1/generalization/control/floor/summary.json
generalization_evaluation,generalization,control,parent,,code_only,python_ambiguous,held_out,negative_exclusion,task_success_on_rule_tagged_tasks,0,42,0.0,0.0,0.08379879086570391,experiments/python4/rlvr/runs/20260812T235200Z-generalization-v1/hf/runs/20260812T235200Z-generalization-v1/generalization/control/floor/summary.json
generalization_evaluation,generalization,control,parent,,code_only,python_ambiguous,held_out,uppercase_boolean,task_success_on_rule_tagged_tasks,0,31,0.0,0.0,0.11025539546043596,experiments/python4/rlvr/runs/20260812T235200Z-generalization-v1/hf/runs/20260812T235200Z-generalization-v1/generalization/control/floor/summary.json
generalization_evaluation,generalization,control,rlvr_rank64,64,code_only,python_ambiguous,all,,format_valid,128,128,1.0,0.9708630437264916,1.0,experiments/python4/rlvr/runs/20260812T235200Z-generalization-v1/hf/runs/20260812T235200Z-generalization-v1/generalization/control/rl/summary.json
generalization_evaluation,generalization,control,rlvr_rank64,64,code_only,python_ambiguous,all,,overall_python4_success,36,128,0.28125,0.2106132270868173,0.3646341912828427,experiments/python4/rlvr/runs/20260812T235200Z-generalization-v1/hf/runs/20260812T235200Z-generalization-v1/generalization/control/rl/summary.json
generalization_evaluation,generalization,control,rlvr_rank64,64,code_only,python_ambiguous,all,,python3_success,0,128,0.0,0.0,0.029136956273508416,experiments/python4/rlvr/runs/20260812T235200Z-generalization-v1/hf/runs/20260812T235200Z-generalization-v1/generalization/control/rl/summary.json
generalization_evaluation,generalization,control,rlvr_rank64,64,code_only,python_ambiguous,all,,python4_adoption,127,128,0.9921875,0.9570737405611394,0.9986195681071257,experiments/python4/rlvr/runs/20260812T235200Z-generalization-v1/hf/runs/20260812T235200Z-generalization-v1/generalization/control/rl/summary.json
generalization_evaluation,generalization,control,rlvr_rank64,64,code_only,python_ambiguous,held_in,,held_in_task_success,13,32,0.40625,0.2551963484266544,0.5773997512461713,experiments/python4/rlvr/runs/20260812T235200Z-generalization-v1/hf/runs/20260812T235200Z-generalization-v1/generalization/control/rl/summary.json
generalization_evaluation,generalization,control,rlvr_rank64,64,code_only,python_ambiguous,held_out,,held_out_task_success,23,96,0.23958333333333334,0.1652822121585541,0.33392382318398534,experiments/python4/rlvr/runs/20260812T235200Z-generalization-v1/hf/runs/20260812T235200Z-generalization-v1/generalization/control/rl/summary.json
generalization_evaluation,generalization,control,rlvr_rank64,64,code_only,python_ambiguous,held_out,end_inclusive_slice,task_success_on_rule_tagged_tasks,12,42,0.2857142857142857,0.17167024626049074,0.4356720926819536,experiments/python4/rlvr/runs/20260812T235200Z-generalization-v1/hf/runs/20260812T235200Z-generalization-v1/generalization/control/rl/summary.json
generalization_evaluation,generalization,control,rlvr_rank64,64,code_only,python_ambiguous,held_out,grouped_large_integer,task_success_on_rule_tagged_tasks,1,18,0.05555555555555555,0.009875190978303097,0.25757300781872594,experiments/python4/rlvr/runs/20260812T235200Z-generalization-v1/hf/runs/20260812T235200Z-generalization-v1/generalization/control/rl/summary.json
generalization_evaluation,generalization,control,rlvr_rank64,64,code_only,python_ambiguous,held_out,negative_exclusion,task_success_on_rule_tagged_tasks,10,42,0.23809523809523808,0.13480964224647127,0.38527543868318304,experiments/python4/rlvr/runs/20260812T235200Z-generalization-v1/hf/runs/20260812T235200Z-generalization-v1/generalization/control/rl/summary.json
generalization_evaluation,generalization,control,rlvr_rank64,64,code_only,python_ambiguous,held_out,uppercase_boolean,task_success_on_rule_tagged_tasks,12,31,0.3870967741935484,0.23733101420380254,0.5617589138033927,experiments/python4/rlvr/runs/20260812T235200Z-generalization-v1/hf/runs/20260812T235200Z-generalization-v1/generalization/control/rl/summary.json
generalization_evaluation,generalization,mixed_1ep,aft_rank64,64,code_only,python_ambiguous,all,,format_valid,90,128,0.703125,0.6189947723495539,0.7754183391643332,experiments/python4/rlvr/runs/20260812T235200Z-generalization-v1/hf/runs/20260812T235200Z-generalization-v1/generalization/mixed_1ep/aft/summary.json
generalization_evaluation,generalization,mixed_1ep,aft_rank64,64,code_only,python_ambiguous,all,,overall_python4_success,36,128,0.28125,0.2106132270868173,0.3646341912828427,experiments/python4/rlvr/runs/20260812T235200Z-generalization-v1/hf/runs/20260812T235200Z-generalization-v1/generalization/mixed_1ep/aft/summary.json
generalization_evaluation,generalization,mixed_1ep,aft_rank64,64,code_only,python_ambiguous,all,,python3_success,0,128,0.0,0.0,0.029136956273508416,experiments/python4/rlvr/runs/20260812T235200Z-generalization-v1/hf/runs/20260812T235200Z-generalization-v1/generalization/mixed_1ep/aft/summary.json
generalization_evaluation,generalization,mixed_1ep,aft_rank64,64,code_only,python_ambiguous,all,,python4_adoption,126,128,0.984375,0.9448190233201829,0.9957045502898559,experiments/python4/rlvr/runs/20260812T235200Z-generalization-v1/hf/runs/20260812T235200Z-generalization-v1/generalization/mixed_1ep/aft/summary.json
generalization_evaluation,generalization,mixed_1ep,aft_rank64,64,code_only,python_ambiguous,held_in,,held_in_task_success,11,32,0.34375,0.20410437924433172,0.5168891202103778,experiments/python4/rlvr/runs/20260812T235200Z-generalization-v1/hf/runs/20260812T235200Z-generalization-v1/generalization/mixed_1ep/aft/summary.json
generalization_evaluation,generalization,mixed_1ep,aft_rank64,64,code_only,python_ambiguous,held_out,,held_out_task_success,25,96,0.2604166666666667,0.18305899970298767,0.35621055281214864,experiments/python4/rlvr/runs/20260812T235200Z-generalization-v1/hf/runs/20260812T235200Z-generalization-v1/generalization/mixed_1ep/aft/summary.json
generalization_evaluation,generalization,mixed_1ep,aft_rank64,64,code_only,python_ambiguous,held_out,end_inclusive_slice,task_success_on_rule_tagged_tasks,11,42,0.2619047619047619,0.1530264028783298,0.4106873070577196,experiments/python4/rlvr/runs/20260812T235200Z-generalization-v1/hf/runs/20260812T235200Z-generalization-v1/generalization/mixed_1ep/aft/summary.json
generalization_evaluation,generalization,mixed_1ep,aft_rank64,64,code_only,python_ambiguous,held_out,grouped_large_integer,task_success_on_rule_tagged_tasks,5,18,0.2777777777777778,0.12499753379553993,0.5087265656029746,experiments/python4/rlvr/runs/20260812T235200Z-generalization-v1/hf/runs/20260812T235200Z-generalization-v1/generalization/mixed_1ep/aft/summary.json
generalization_evaluation,generalization,mixed_1ep,aft_rank64,64,code_only,python_ambiguous,held_out,negative_exclusion,task_success_on_rule_tagged_tasks,12,42,0.2857142857142857,0.17167024626049074,0.4356720926819536,experiments/python4/rlvr/runs/20260812T235200Z-generalization-v1/hf/runs/20260812T235200Z-generalization-v1/generalization/mixed_1ep/aft/summary.json
generalization_evaluation,generalization,mixed_1ep,aft_rank64,64,code_only,python_ambiguous,held_out,uppercase_boolean,task_success_on_rule_tagged_tasks,8,31,0.25806451612903225,0.13701705906393744,0.43246135809433794,experiments/python4/rlvr/runs/20260812T235200Z-generalization-v1/hf/runs/20260812T235200Z-generalization-v1/generalization/mixed_1ep/aft/summary.json
generalization_evaluation,generalization,mixed_1ep,parent,,code_only,python4_named,all,,format_valid,120,128,0.9375,0.8815120889557413,0.9679930743049387,experiments/python4/rlvr/runs/20260812T235200Z-generalization-v1/hf/runs/20260812T235200Z-generalization-v1/generalization/mixed_1ep/ceiling/summary.json
generalization_evaluation,generalization,mixed_1ep,parent,,code_only,python4_named,all,,overall_python4_success,0,128,0.0,0.0,0.029136956273508416,experiments/python4/rlvr/runs/20260812T235200Z-generalization-v1/hf/runs/20260812T235200Z-generalization-v1/generalization/mixed_1ep/ceiling/summary.json
generalization_evaluation,generalization,mixed_1ep,parent,,code_only,python4_named,all,,python3_success,55,128,0.4296875,0.3472117133263662,0.516260671149596,experiments/python4/rlvr/runs/20260812T235200Z-generalization-v1/hf/runs/20260812T235200Z-generalization-v1/generalization/mixed_1ep/ceiling/summary.json
generalization_evaluation,generalization,mixed_1ep,parent,,code_only,python4_named,all,,python4_adoption,0,128,0.0,0.0,0.029136956273508416,experiments/python4/rlvr/runs/20260812T235200Z-generalization-v1/hf/runs/20260812T235200Z-generalization-v1/generalization/mixed_1ep/ceiling/summary.json
generalization_evaluation,generalization,mixed_1ep,parent,,code_only,python4_named,held_in,,held_in_task_success,0,32,0.0,0.0,0.1071791982550706,experiments/python4/rlvr/runs/20260812T235200Z-generalization-v1/hf/runs/20260812T235200Z-generalization-v1/generalization/mixed_1ep/ceiling/summary.json
generalization_evaluation,generalization,mixed_1ep,parent,,code_only,python4_named,held_out,,held_out_task_success,0,96,0.0,0.0,0.038475587857675686,experiments/python4/rlvr/runs/20260812T235200Z-generalization-v1/hf/runs/20260812T235200Z-generalization-v1/generalization/mixed_1ep/ceiling/summary.json
generalization_evaluation,generalization,mixed_1ep,parent,,code_only,python4_named,held_out,end_inclusive_slice,task_success_on_rule_tagged_tasks,0,42,0.0,0.0,0.08379879086570391,experiments/python4/rlvr/runs/20260812T235200Z-generalization-v1/hf/runs/20260812T235200Z-generalization-v1/generalization/mixed_1ep/ceiling/summary.json
generalization_evaluation,generalization,mixed_1ep,parent,,code_only,python4_named,held_out,grouped_large_integer,task_success_on_rule_tagged_tasks,0,18,0.0,0.0,0.17587922364665765,experiments/python4/rlvr/runs/20260812T235200Z-generalization-v1/hf/runs/20260812T235200Z-generalization-v1/generalization/mixed_1ep/ceiling/summary.json
generalization_evaluation,generalization,mixed_1ep,parent,,code_only,python4_named,held_out,negative_exclusion,task_success_on_rule_tagged_tasks,0,42,0.0,0.0,0.08379879086570391,experiments/python4/rlvr/runs/20260812T235200Z-generalization-v1/hf/runs/20260812T235200Z-generalization-v1/generalization/mixed_1ep/ceiling/summary.json
generalization_evaluation,generalization,mixed_1ep,parent,,code_only,python4_named,held_out,uppercase_boolean,task_success_on_rule_tagged_tasks,0,31,0.0,0.0,0.11025539546043596,experiments/python4/rlvr/runs/20260812T235200Z-generalization-v1/hf/runs/20260812T235200Z-generalization-v1/generalization/mixed_1ep/ceiling/summary.json
generalization_evaluation,generalization,mixed_1ep,parent,,code_only,python_ambiguous,all,,format_valid,123,128,0.9609375,0.9118129792331631,0.9832013892021962,experiments/python4/rlvr/runs/20260812T235200Z-generalization-v1/hf/runs/20260812T235200Z-generalization-v1/generalization/mixed_1ep/floor/summary.json
generalization_evaluation,generalization,mixed_1ep,parent,,code_only,python_ambiguous,all,,overall_python4_success,0,128,0.0,0.0,0.029136956273508416,experiments/python4/rlvr/runs/20260812T235200Z-generalization-v1/hf/runs/20260812T235200Z-generalization-v1/generalization/mixed_1ep/floor/summary.json
generalization_evaluation,generalization,mixed_1ep,parent,,code_only,python_ambiguous,all,,python3_success,67,128,0.5234375,0.43749793124049374,0.6080112739341855,experiments/python4/rlvr/runs/20260812T235200Z-generalization-v1/hf/runs/20260812T235200Z-generalization-v1/generalization/mixed_1ep/floor/summary.json
generalization_evaluation,generalization,mixed_1ep,parent,,code_only,python_ambiguous,all,,python4_adoption,0,128,0.0,0.0,0.029136956273508416,experiments/python4/rlvr/runs/20260812T235200Z-generalization-v1/hf/runs/20260812T235200Z-generalization-v1/generalization/mixed_1ep/floor/summary.json
generalization_evaluation,generalization,mixed_1ep,parent,,code_only,python_ambiguous,held_in,,held_in_task_success,0,32,0.0,0.0,0.1071791982550706,experiments/python4/rlvr/runs/20260812T235200Z-generalization-v1/hf/runs/20260812T235200Z-generalization-v1/generalization/mixed_1ep/floor/summary.json
generalization_evaluation,generalization,mixed_1ep,parent,,code_only,python_ambiguous,held_out,,held_out_task_success,0,96,0.0,0.0,0.038475587857675686,experiments/python4/rlvr/runs/20260812T235200Z-generalization-v1/hf/runs/20260812T235200Z-generalization-v1/generalization/mixed_1ep/floor/summary.json
generalization_evaluation,generalization,mixed_1ep,parent,,code_only,python_ambiguous,held_out,end_inclusive_slice,task_success_on_rule_tagged_tasks,0,42,0.0,0.0,0.08379879086570391,experiments/python4/rlvr/runs/20260812T235200Z-generalization-v1/hf/runs/20260812T235200Z-generalization-v1/generalization/mixed_1ep/floor/summary.json
generalization_evaluation,generalization,mixed_1ep,parent,,code_only,python_ambiguous,held_out,grouped_large_integer,task_success_on_rule_tagged_tasks,0,18,0.0,0.0,0.17587922364665765,experiments/python4/rlvr/runs/20260812T235200Z-generalization-v1/hf/runs/20260812T235200Z-generalization-v1/generalization/mixed_1ep/floor/summary.json
generalization_evaluation,generalization,mixed_1ep,parent,,code_only,python_ambiguous,held_out,negative_exclusion,task_success_on_rule_tagged_tasks,0,42,0.0,0.0,0.08379879086570391,experiments/python4/rlvr/runs/20260812T235200Z-generalization-v1/hf/runs/20260812T235200Z-generalization-v1/generalization/mixed_1ep/floor/summary.json
generalization_evaluation,generalization,mixed_1ep,parent,,code_only,python_ambiguous,held_out,uppercase_boolean,task_success_on_rule_tagged_tasks,0,31,0.0,0.0,0.11025539546043596,experiments/python4/rlvr/runs/20260812T235200Z-generalization-v1/hf/runs/20260812T235200Z-generalization-v1/generalization/mixed_1ep/floor/summary.json
generalization_evaluation,generalization,mixed_1ep,rlvr_rank64,64,code_only,python_ambiguous,all,,format_valid,128,128,1.0,0.9708630437264916,1.0,experiments/python4/rlvr/runs/20260812T235200Z-generalization-v1/hf/runs/20260812T235200Z-generalization-v1/generalization/mixed_1ep/rl/summary.json
generalization_evaluation,generalization,mixed_1ep,rlvr_rank64,64,code_only,python_ambiguous,all,,overall_python4_success,26,128,0.203125,0.1425573819359227,0.2809926858514729,experiments/python4/rlvr/runs/20260812T235200Z-generalization-v1/hf/runs/20260812T235200Z-generalization-v1/generalization/mixed_1ep/rl/summary.json
generalization_evaluation,generalization,mixed_1ep,rlvr_rank64,64,code_only,python_ambiguous,all,,python3_success,0,128,0.0,0.0,0.029136956273508416,experiments/python4/rlvr/runs/20260812T235200Z-generalization-v1/hf/runs/20260812T235200Z-generalization-v1/generalization/mixed_1ep/rl/summary.json
generalization_evaluation,generalization,mixed_1ep,rlvr_rank64,64,code_only,python_ambiguous,all,,python4_adoption,126,128,0.984375,0.9448190233201829,0.9957045502898559,experiments/python4/rlvr/runs/20260812T235200Z-generalization-v1/hf/runs/20260812T235200Z-generalization-v1/generalization/mixed_1ep/rl/summary.json
generalization_evaluation,generalization,mixed_1ep,rlvr_rank64,64,code_only,python_ambiguous,held_in,,held_in_task_success,11,32,0.34375,0.20410437924433172,0.5168891202103778,experiments/python4/rlvr/runs/20260812T235200Z-generalization-v1/hf/runs/20260812T235200Z-generalization-v1/generalization/mixed_1ep/rl/summary.json
generalization_evaluation,generalization,mixed_1ep,rlvr_rank64,64,code_only,python_ambiguous,held_out,,held_out_task_success,15,96,0.15625,0.09703709990686579,0.24191486674528626,experiments/python4/rlvr/runs/20260812T235200Z-generalization-v1/hf/runs/20260812T235200Z-generalization-v1/generalization/mixed_1ep/rl/summary.json
generalization_evaluation,generalization,mixed_1ep,rlvr_rank64,64,code_only,python_ambiguous,held_out,end_inclusive_slice,task_success_on_rule_tagged_tasks,4,42,0.09523809523809523,0.03766224880557388,0.22065105808571023,experiments/python4/rlvr/runs/20260812T235200Z-generalization-v1/hf/runs/20260812T235200Z-generalization-v1/generalization/mixed_1ep/rl/summary.json
generalization_evaluation,generalization,mixed_1ep,rlvr_rank64,64,code_only,python_ambiguous,held_out,grouped_large_integer,task_success_on_rule_tagged_tasks,2,18,0.1111111111111111,0.03101952264561239,0.32799765130178804,experiments/python4/rlvr/runs/20260812T235200Z-generalization-v1/hf/runs/20260812T235200Z-generalization-v1/generalization/mixed_1ep/rl/summary.json
generalization_evaluation,generalization,mixed_1ep,rlvr_rank64,64,code_only,python_ambiguous,held_out,negative_exclusion,task_success_on_rule_tagged_tasks,7,42,0.16666666666666666,0.08315916646398075,0.3060400274464885,experiments/python4/rlvr/runs/20260812T235200Z-generalization-v1/hf/runs/20260812T235200Z-generalization-v1/generalization/mixed_1ep/rl/summary.json
generalization_evaluation,generalization,mixed_1ep,rlvr_rank64,64,code_only,python_ambiguous,held_out,uppercase_boolean,task_success_on_rule_tagged_tasks,8,31,0.25806451612903225,0.13701705906393744,0.43246135809433794,experiments/python4/rlvr/runs/20260812T235200Z-generalization-v1/hf/runs/20260812T235200Z-generalization-v1/generalization/mixed_1ep/rl/summary.json
generalization_evaluation,generalization,mixed_4ep,aft_rank64,64,code_only,python_ambiguous,all,,format_valid,106,128,0.828125,0.7534600319269827,0.8836688405185272,experiments/python4/rlvr/runs/20260812T235200Z-generalization-v1/hf/runs/20260812T235200Z-generalization-v1/generalization/mixed_4ep/aft/summary.json
generalization_evaluation,generalization,mixed_4ep,aft_rank64,64,code_only,python_ambiguous,all,,overall_python4_success,32,128,0.25,0.18301284861358558,0.33155562952316864,experiments/python4/rlvr/runs/20260812T235200Z-generalization-v1/hf/runs/20260812T235200Z-generalization-v1/generalization/mixed_4ep/aft/summary.json
generalization_evaluation,generalization,mixed_4ep,aft_rank64,64,code_only,python_ambiguous,all,,python3_success,0,128,0.0,0.0,0.029136956273508416,experiments/python4/rlvr/runs/20260812T235200Z-generalization-v1/hf/runs/20260812T235200Z-generalization-v1/generalization/mixed_4ep/aft/summary.json
generalization_evaluation,generalization,mixed_4ep,aft_rank64,64,code_only,python_ambiguous,all,,python4_adoption,127,128,0.9921875,0.9570737405611394,0.9986195681071257,experiments/python4/rlvr/runs/20260812T235200Z-generalization-v1/hf/runs/20260812T235200Z-generalization-v1/generalization/mixed_4ep/aft/summary.json
generalization_evaluation,generalization,mixed_4ep,aft_rank64,64,code_only,python_ambiguous,held_in,,held_in_task_success,13,32,0.40625,0.2551963484266544,0.5773997512461713,experiments/python4/rlvr/runs/20260812T235200Z-generalization-v1/hf/runs/20260812T235200Z-generalization-v1/generalization/mixed_4ep/aft/summary.json
generalization_evaluation,generalization,mixed_4ep,aft_rank64,64,code_only,python_ambiguous,held_out,,held_out_task_success,19,96,0.19791666666666666,0.13052733153747123,0.28855166945987454,experiments/python4/rlvr/runs/20260812T235200Z-generalization-v1/hf/runs/20260812T235200Z-generalization-v1/generalization/mixed_4ep/aft/summary.json
generalization_evaluation,generalization,mixed_4ep,aft_rank64,64,code_only,python_ambiguous,held_out,end_inclusive_slice,task_success_on_rule_tagged_tasks,10,42,0.23809523809523808,0.13480964224647127,0.38527543868318304,experiments/python4/rlvr/runs/20260812T235200Z-generalization-v1/hf/runs/20260812T235200Z-generalization-v1/generalization/mixed_4ep/aft/summary.json
generalization_evaluation,generalization,mixed_4ep,aft_rank64,64,code_only,python_ambiguous,held_out,grouped_large_integer,task_success_on_rule_tagged_tasks,3,18,0.16666666666666666,0.05836576805861446,0.39222038103915724,experiments/python4/rlvr/runs/20260812T235200Z-generalization-v1/hf/runs/20260812T235200Z-generalization-v1/generalization/mixed_4ep/aft/summary.json
generalization_evaluation,generalization,mixed_4ep,aft_rank64,64,code_only,python_ambiguous,held_out,negative_exclusion,task_success_on_rule_tagged_tasks,9,42,0.21428571428571427,0.11705799876003031,0.35939845316322905,experiments/python4/rlvr/runs/20260812T235200Z-generalization-v1/hf/runs/20260812T235200Z-generalization-v1/generalization/mixed_4ep/aft/summary.json
generalization_evaluation,generalization,mixed_4ep,aft_rank64,64,code_only,python_ambiguous,held_out,uppercase_boolean,task_success_on_rule_tagged_tasks,5,31,0.16129032258064516,0.070926244433653,0.3263435395879326,experiments/python4/rlvr/runs/20260812T235200Z-generalization-v1/hf/runs/20260812T235200Z-generalization-v1/generalization/mixed_4ep/aft/summary.json
generalization_evaluation,generalization,mixed_4ep,parent,,code_only,python4_named,all,,format_valid,116,128,0.90625,0.8432700274269215,0.945556195600853,experiments/python4/rlvr/runs/20260812T235200Z-generalization-v1/hf/runs/20260812T235200Z-generalization-v1/generalization/mixed_4ep/ceiling/summary.json
generalization_evaluation,generalization,mixed_4ep,parent,,code_only,python4_named,all,,overall_python4_success,0,128,0.0,0.0,0.029136956273508416,experiments/python4/rlvr/runs/20260812T235200Z-generalization-v1/hf/runs/20260812T235200Z-generalization-v1/generalization/mixed_4ep/ceiling/summary.json
generalization_evaluation,generalization,mixed_4ep,parent,,code_only,python4_named,all,,python3_success,45,128,0.3515625,0.2742728728140724,0.43750216107962536,experiments/python4/rlvr/runs/20260812T235200Z-generalization-v1/hf/runs/20260812T235200Z-generalization-v1/generalization/mixed_4ep/ceiling/summary.json
generalization_evaluation,generalization,mixed_4ep,parent,,code_only,python4_named,all,,python4_adoption,0,128,0.0,0.0,0.029136956273508416,experiments/python4/rlvr/runs/20260812T235200Z-generalization-v1/hf/runs/20260812T235200Z-generalization-v1/generalization/mixed_4ep/ceiling/summary.json
generalization_evaluation,generalization,mixed_4ep,parent,,code_only,python4_named,held_in,,held_in_task_success,0,32,0.0,0.0,0.1071791982550706,experiments/python4/rlvr/runs/20260812T235200Z-generalization-v1/hf/runs/20260812T235200Z-generalization-v1/generalization/mixed_4ep/ceiling/summary.json
generalization_evaluation,generalization,mixed_4ep,parent,,code_only,python4_named,held_out,,held_out_task_success,0,96,0.0,0.0,0.038475587857675686,experiments/python4/rlvr/runs/20260812T235200Z-generalization-v1/hf/runs/20260812T235200Z-generalization-v1/generalization/mixed_4ep/ceiling/summary.json
generalization_evaluation,generalization,mixed_4ep,parent,,code_only,python4_named,held_out,end_inclusive_slice,task_success_on_rule_tagged_tasks,0,42,0.0,0.0,0.08379879086570391,experiments/python4/rlvr/runs/20260812T235200Z-generalization-v1/hf/runs/20260812T235200Z-generalization-v1/generalization/mixed_4ep/ceiling/summary.json
generalization_evaluation,generalization,mixed_4ep,parent,,code_only,python4_named,held_out,grouped_large_integer,task_success_on_rule_tagged_tasks,0,18,0.0,0.0,0.17587922364665765,experiments/python4/rlvr/runs/20260812T235200Z-generalization-v1/hf/runs/20260812T235200Z-generalization-v1/generalization/mixed_4ep/ceiling/summary.json
generalization_evaluation,generalization,mixed_4ep,parent,,code_only,python4_named,held_out,negative_exclusion,task_success_on_rule_tagged_tasks,0,42,0.0,0.0,0.08379879086570391,experiments/python4/rlvr/runs/20260812T235200Z-generalization-v1/hf/runs/20260812T235200Z-generalization-v1/generalization/mixed_4ep/ceiling/summary.json
generalization_evaluation,generalization,mixed_4ep,parent,,code_only,python4_named,held_out,uppercase_boolean,task_success_on_rule_tagged_tasks,0,31,0.0,0.0,0.11025539546043596,experiments/python4/rlvr/runs/20260812T235200Z-generalization-v1/hf/runs/20260812T235200Z-generalization-v1/generalization/mixed_4ep/ceiling/summary.json
generalization_evaluation,generalization,mixed_4ep,parent,,code_only,python_ambiguous,all,,format_valid,118,128,0.921875,0.8621530681952095,0.9570126249490177,experiments/python4/rlvr/runs/20260812T235200Z-generalization-v1/hf/runs/20260812T235200Z-generalization-v1/generalization/mixed_4ep/floor/summary.json
generalization_evaluation,generalization,mixed_4ep,parent,,code_only,python_ambiguous,all,,overall_python4_success,0,128,0.0,0.0,0.029136956273508416,experiments/python4/rlvr/runs/20260812T235200Z-generalization-v1/hf/runs/20260812T235200Z-generalization-v1/generalization/mixed_4ep/floor/summary.json
generalization_evaluation,generalization,mixed_4ep,parent,,code_only,python_ambiguous,all,,python3_success,63,128,0.4921875,0.4070774941965585,0.5777527707452151,experiments/python4/rlvr/runs/20260812T235200Z-generalization-v1/hf/runs/20260812T235200Z-generalization-v1/generalization/mixed_4ep/floor/summary.json
generalization_evaluation,generalization,mixed_4ep,parent,,code_only,python_ambiguous,all,,python4_adoption,0,128,0.0,0.0,0.029136956273508416,experiments/python4/rlvr/runs/20260812T235200Z-generalization-v1/hf/runs/20260812T235200Z-generalization-v1/generalization/mixed_4ep/floor/summary.json
generalization_evaluation,generalization,mixed_4ep,parent,,code_only,python_ambiguous,held_in,,held_in_task_success,0,32,0.0,0.0,0.1071791982550706,experiments/python4/rlvr/runs/20260812T235200Z-generalization-v1/hf/runs/20260812T235200Z-generalization-v1/generalization/mixed_4ep/floor/summary.json
generalization_evaluation,generalization,mixed_4ep,parent,,code_only,python_ambiguous,held_out,,held_out_task_success,0,96,0.0,0.0,0.038475587857675686,experiments/python4/rlvr/runs/20260812T235200Z-generalization-v1/hf/runs/20260812T235200Z-generalization-v1/generalization/mixed_4ep/floor/summary.json
generalization_evaluation,generalization,mixed_4ep,parent,,code_only,python_ambiguous,held_out,end_inclusive_slice,task_success_on_rule_tagged_tasks,0,42,0.0,0.0,0.08379879086570391,experiments/python4/rlvr/runs/20260812T235200Z-generalization-v1/hf/runs/20260812T235200Z-generalization-v1/generalization/mixed_4ep/floor/summary.json
generalization_evaluation,generalization,mixed_4ep,parent,,code_only,python_ambiguous,held_out,grouped_large_integer,task_success_on_rule_tagged_tasks,0,18,0.0,0.0,0.17587922364665765,experiments/python4/rlvr/runs/20260812T235200Z-generalization-v1/hf/runs/20260812T235200Z-generalization-v1/generalization/mixed_4ep/floor/summary.json
generalization_evaluation,generalization,mixed_4ep,parent,,code_only,python_ambiguous,held_out,negative_exclusion,task_success_on_rule_tagged_tasks,0,42,0.0,0.0,0.08379879086570391,experiments/python4/rlvr/runs/20260812T235200Z-generalization-v1/hf/runs/20260812T235200Z-generalization-v1/generalization/mixed_4ep/floor/summary.json
generalization_evaluation,generalization,mixed_4ep,parent,,code_only,python_ambiguous,held_out,uppercase_boolean,task_success_on_rule_tagged_tasks,0,31,0.0,0.0,0.11025539546043596,experiments/python4/rlvr/runs/20260812T235200Z-generalization-v1/hf/runs/20260812T235200Z-generalization-v1/generalization/mixed_4ep/floor/summary.json
generalization_evaluation,generalization,mixed_4ep,rlvr_rank64,64,code_only,python_ambiguous,all,,format_valid,128,128,1.0,0.9708630437264916,1.0,experiments/python4/rlvr/runs/20260812T235200Z-generalization-v1/hf/runs/20260812T235200Z-generalization-v1/generalization/mixed_4ep/rl/summary.json
generalization_evaluation,generalization,mixed_4ep,rlvr_rank64,64,code_only,python_ambiguous,all,,overall_python4_success,37,128,0.2890625,0.21758399767802578,0.3728331557498606,experiments/python4/rlvr/runs/20260812T235200Z-generalization-v1/hf/runs/20260812T235200Z-generalization-v1/generalization/mixed_4ep/rl/summary.json
generalization_evaluation,generalization,mixed_4ep,rlvr_rank64,64,code_only,python_ambiguous,all,,python3_success,0,128,0.0,0.0,0.029136956273508416,experiments/python4/rlvr/runs/20260812T235200Z-generalization-v1/hf/runs/20260812T235200Z-generalization-v1/generalization/mixed_4ep/rl/summary.json
generalization_evaluation,generalization,mixed_4ep,rlvr_rank64,64,code_only,python_ambiguous,all,,python4_adoption,126,128,0.984375,0.9448190233201829,0.9957045502898559,experiments/python4/rlvr/runs/20260812T235200Z-generalization-v1/hf/runs/20260812T235200Z-generalization-v1/generalization/mixed_4ep/rl/summary.json
generalization_evaluation,generalization,mixed_4ep,rlvr_rank64,64,code_only,python_ambiguous,held_in,,held_in_task_success,13,32,0.40625,0.2551963484266544,0.5773997512461713,experiments/python4/rlvr/runs/20260812T235200Z-generalization-v1/hf/runs/20260812T235200Z-generalization-v1/generalization/mixed_4ep/rl/summary.json
generalization_evaluation,generalization,mixed_4ep,rlvr_rank64,64,code_only,python_ambiguous,held_out,,held_out_task_success,24,96,0.25,0.17413968368934074,0.3450981102394971,experiments/python4/rlvr/runs/20260812T235200Z-generalization-v1/hf/runs/20260812T235200Z-generalization-v1/generalization/mixed_4ep/rl/summary.json
generalization_evaluation,generalization,mixed_4ep,rlvr_rank64,64,code_only,python_ambiguous,held_out,end_inclusive_slice,task_success_on_rule_tagged_tasks,12,42,0.2857142857142857,0.17167024626049074,0.4356720926819536,experiments/python4/rlvr/runs/20260812T235200Z-generalization-v1/hf/runs/20260812T235200Z-generalization-v1/generalization/mixed_4ep/rl/summary.json
generalization_evaluation,generalization,mixed_4ep,rlvr_rank64,64,code_only,python_ambiguous,held_out,grouped_large_integer,task_success_on_rule_tagged_tasks,3,18,0.16666666666666666,0.05836576805861446,0.39222038103915724,experiments/python4/rlvr/runs/20260812T235200Z-generalization-v1/hf/runs/20260812T235200Z-generalization-v1/generalization/mixed_4ep/rl/summary.json
generalization_evaluation,generalization,mixed_4ep,rlvr_rank64,64,code_only,python_ambiguous,held_out,negative_exclusion,task_success_on_rule_tagged_tasks,10,42,0.23809523809523808,0.13480964224647127,0.38527543868318304,experiments/python4/rlvr/runs/20260812T235200Z-generalization-v1/hf/runs/20260812T235200Z-generalization-v1/generalization/mixed_4ep/rl/summary.json
generalization_evaluation,generalization,mixed_4ep,rlvr_rank64,64,code_only,python_ambiguous,held_out,uppercase_boolean,task_success_on_rule_tagged_tasks,8,31,0.25806451612903225,0.13701705906393744,0.43246135809433794,experiments/python4/rlvr/runs/20260812T235200Z-generalization-v1/hf/runs/20260812T235200Z-generalization-v1/generalization/mixed_4ep/rl/summary.json
generalization_evaluation,generalization,ordered_1ep,aft_rank64,64,code_only,python_ambiguous,all,,format_valid,83,128,0.6484375,0.5624978389203745,0.7257271271859276,experiments/python4/rlvr/runs/20260812T235200Z-generalization-v1/hf/runs/20260812T235200Z-generalization-v1/generalization/ordered_1ep/aft/summary.json
generalization_evaluation,generalization,ordered_1ep,aft_rank64,64,code_only,python_ambiguous,all,,overall_python4_success,28,128,0.21875,0.15590524094938307,0.29798429695446543,experiments/python4/rlvr/runs/20260812T235200Z-generalization-v1/hf/runs/20260812T235200Z-generalization-v1/generalization/ordered_1ep/aft/summary.json
generalization_evaluation,generalization,ordered_1ep,aft_rank64,64,code_only,python_ambiguous,all,,python3_success,0,128,0.0,0.0,0.029136956273508416,experiments/python4/rlvr/runs/20260812T235200Z-generalization-v1/hf/runs/20260812T235200Z-generalization-v1/generalization/ordered_1ep/aft/summary.json
generalization_evaluation,generalization,ordered_1ep,aft_rank64,64,code_only,python_ambiguous,all,,python4_adoption,124,128,0.96875,0.9224023687386392,0.9877817347549466,experiments/python4/rlvr/runs/20260812T235200Z-generalization-v1/hf/runs/20260812T235200Z-generalization-v1/generalization/ordered_1ep/aft/summary.json
generalization_evaluation,generalization,ordered_1ep,aft_rank64,64,code_only,python_ambiguous,held_in,,held_in_task_success,8,32,0.25,0.1325240091850904,0.4210655899424448,experiments/python4/rlvr/runs/20260812T235200Z-generalization-v1/hf/runs/20260812T235200Z-generalization-v1/generalization/ordered_1ep/aft/summary.json
generalization_evaluation,generalization,ordered_1ep,aft_rank64,64,code_only,python_ambiguous,held_out,,held_out_task_success,20,96,0.20833333333333334,0.13910828905878492,0.3000024705248593,experiments/python4/rlvr/runs/20260812T235200Z-generalization-v1/hf/runs/20260812T235200Z-generalization-v1/generalization/ordered_1ep/aft/summary.json
generalization_evaluation,generalization,ordered_1ep,aft_rank64,64,code_only,python_ambiguous,held_out,end_inclusive_slice,task_success_on_rule_tagged_tasks,9,42,0.21428571428571427,0.11705799876003031,0.35939845316322905,experiments/python4/rlvr/runs/20260812T235200Z-generalization-v1/hf/runs/20260812T235200Z-generalization-v1/generalization/ordered_1ep/aft/summary.json
generalization_evaluation,generalization,ordered_1ep,aft_rank64,64,code_only,python_ambiguous,held_out,grouped_large_integer,task_success_on_rule_tagged_tasks,2,18,0.1111111111111111,0.03101952264561239,0.32799765130178804,experiments/python4/rlvr/runs/20260812T235200Z-generalization-v1/hf/runs/20260812T235200Z-generalization-v1/generalization/ordered_1ep/aft/summary.json
generalization_evaluation,generalization,ordered_1ep,aft_rank64,64,code_only,python_ambiguous,held_out,negative_exclusion,task_success_on_rule_tagged_tasks,8,42,0.19047619047619047,0.09982008281647739,0.3330077401003869,experiments/python4/rlvr/runs/20260812T235200Z-generalization-v1/hf/runs/20260812T235200Z-generalization-v1/generalization/ordered_1ep/aft/summary.json
generalization_evaluation,generalization,ordered_1ep,aft_rank64,64,code_only,python_ambiguous,held_out,uppercase_boolean,task_success_on_rule_tagged_tasks,7,31,0.22580645161290322,0.11395135561262493,0.3981241838334205,experiments/python4/rlvr/runs/20260812T235200Z-generalization-v1/hf/runs/20260812T235200Z-generalization-v1/generalization/ordered_1ep/aft/summary.json
generalization_evaluation,generalization,ordered_1ep,parent,,code_only,python4_named,all,,format_valid,125,128,0.9765625,0.9333562549485678,0.9919975836032445,experiments/python4/rlvr/runs/20260812T235200Z-generalization-v1/hf/runs/20260812T235200Z-generalization-v1/generalization/ordered_1ep/ceiling/summary.json
generalization_evaluation,generalization,ordered_1ep,parent,,code_only,python4_named,all,,overall_python4_success,0,128,0.0,0.0,0.029136956273508416,experiments/python4/rlvr/runs/20260812T235200Z-generalization-v1/hf/runs/20260812T235200Z-generalization-v1/generalization/ordered_1ep/ceiling/summary.json
generalization_evaluation,generalization,ordered_1ep,parent,,code_only,python4_named,all,,python3_success,67,128,0.5234375,0.43749793124049374,0.6080112739341855,experiments/python4/rlvr/runs/20260812T235200Z-generalization-v1/hf/runs/20260812T235200Z-generalization-v1/generalization/ordered_1ep/ceiling/summary.json
generalization_evaluation,generalization,ordered_1ep,parent,,code_only,python4_named,all,,python4_adoption,0,128,0.0,0.0,0.029136956273508416,experiments/python4/rlvr/runs/20260812T235200Z-generalization-v1/hf/runs/20260812T235200Z-generalization-v1/generalization/ordered_1ep/ceiling/summary.json
generalization_evaluation,generalization,ordered_1ep,parent,,code_only,python4_named,held_in,,held_in_task_success,0,32,0.0,0.0,0.1071791982550706,experiments/python4/rlvr/runs/20260812T235200Z-generalization-v1/hf/runs/20260812T235200Z-generalization-v1/generalization/ordered_1ep/ceiling/summary.json
generalization_evaluation,generalization,ordered_1ep,parent,,code_only,python4_named,held_out,,held_out_task_success,0,96,0.0,0.0,0.038475587857675686,experiments/python4/rlvr/runs/20260812T235200Z-generalization-v1/hf/runs/20260812T235200Z-generalization-v1/generalization/ordered_1ep/ceiling/summary.json
generalization_evaluation,generalization,ordered_1ep,parent,,code_only,python4_named,held_out,end_inclusive_slice,task_success_on_rule_tagged_tasks,0,42,0.0,0.0,0.08379879086570391,experiments/python4/rlvr/runs/20260812T235200Z-generalization-v1/hf/runs/20260812T235200Z-generalization-v1/generalization/ordered_1ep/ceiling/summary.json
generalization_evaluation,generalization,ordered_1ep,parent,,code_only,python4_named,held_out,grouped_large_integer,task_success_on_rule_tagged_tasks,0,18,0.0,0.0,0.17587922364665765,experiments/python4/rlvr/runs/20260812T235200Z-generalization-v1/hf/runs/20260812T235200Z-generalization-v1/generalization/ordered_1ep/ceiling/summary.json
generalization_evaluation,generalization,ordered_1ep,parent,,code_only,python4_named,held_out,negative_exclusion,task_success_on_rule_tagged_tasks,0,42,0.0,0.0,0.08379879086570391,experiments/python4/rlvr/runs/20260812T235200Z-generalization-v1/hf/runs/20260812T235200Z-generalization-v1/generalization/ordered_1ep/ceiling/summary.json
generalization_evaluation,generalization,ordered_1ep,parent,,code_only,python4_named,held_out,uppercase_boolean,task_success_on_rule_tagged_tasks,0,31,0.0,0.0,0.11025539546043596,experiments/python4/rlvr/runs/20260812T235200Z-generalization-v1/hf/runs/20260812T235200Z-generalization-v1/generalization/ordered_1ep/ceiling/summary.json
generalization_evaluation,generalization,ordered_1ep,parent,,code_only,python_ambiguous,all,,format_valid,124,128,0.96875,0.9224023687386392,0.9877817347549466,experiments/python4/rlvr/runs/20260812T235200Z-generalization-v1/hf/runs/20260812T235200Z-generalization-v1/generalization/ordered_1ep/floor/summary.json
generalization_evaluation,generalization,ordered_1ep,parent,,code_only,python_ambiguous,all,,overall_python4_success,0,128,0.0,0.0,0.029136956273508416,experiments/python4/rlvr/runs/20260812T235200Z-generalization-v1/hf/runs/20260812T235200Z-generalization-v1/generalization/ordered_1ep/floor/summary.json
generalization_evaluation,generalization,ordered_1ep,parent,,code_only,python_ambiguous,all,,python3_success,68,128,0.53125,0.44515370795994524,0.6155252322729605,experiments/python4/rlvr/runs/20260812T235200Z-generalization-v1/hf/runs/20260812T235200Z-generalization-v1/generalization/ordered_1ep/floor/summary.json
generalization_evaluation,generalization,ordered_1ep,parent,,code_only,python_ambiguous,all,,python4_adoption,0,128,0.0,0.0,0.029136956273508416,experiments/python4/rlvr/runs/20260812T235200Z-generalization-v1/hf/runs/20260812T235200Z-generalization-v1/generalization/ordered_1ep/floor/summary.json
generalization_evaluation,generalization,ordered_1ep,parent,,code_only,python_ambiguous,held_in,,held_in_task_success,0,32,0.0,0.0,0.1071791982550706,experiments/python4/rlvr/runs/20260812T235200Z-generalization-v1/hf/runs/20260812T235200Z-generalization-v1/generalization/ordered_1ep/floor/summary.json
generalization_evaluation,generalization,ordered_1ep,parent,,code_only,python_ambiguous,held_out,,held_out_task_success,0,96,0.0,0.0,0.038475587857675686,experiments/python4/rlvr/runs/20260812T235200Z-generalization-v1/hf/runs/20260812T235200Z-generalization-v1/generalization/ordered_1ep/floor/summary.json
generalization_evaluation,generalization,ordered_1ep,parent,,code_only,python_ambiguous,held_out,end_inclusive_slice,task_success_on_rule_tagged_tasks,0,42,0.0,0.0,0.08379879086570391,experiments/python4/rlvr/runs/20260812T235200Z-generalization-v1/hf/runs/20260812T235200Z-generalization-v1/generalization/ordered_1ep/floor/summary.json
generalization_evaluation,generalization,ordered_1ep,parent,,code_only,python_ambiguous,held_out,grouped_large_integer,task_success_on_rule_tagged_tasks,0,18,0.0,0.0,0.17587922364665765,experiments/python4/rlvr/runs/20260812T235200Z-generalization-v1/hf/runs/20260812T235200Z-generalization-v1/generalization/ordered_1ep/floor/summary.json
generalization_evaluation,generalization,ordered_1ep,parent,,code_only,python_ambiguous,held_out,negative_exclusion,task_success_on_rule_tagged_tasks,0,42,0.0,0.0,0.08379879086570391,experiments/python4/rlvr/runs/20260812T235200Z-generalization-v1/hf/runs/20260812T235200Z-generalization-v1/generalization/ordered_1ep/floor/summary.json
generalization_evaluation,generalization,ordered_1ep,parent,,code_only,python_ambiguous,held_out,uppercase_boolean,task_success_on_rule_tagged_tasks,0,31,0.0,0.0,0.11025539546043596,experiments/python4/rlvr/runs/20260812T235200Z-generalization-v1/hf/runs/20260812T235200Z-generalization-v1/generalization/ordered_1ep/floor/summary.json
generalization_evaluation,generalization,ordered_1ep,rlvr_rank64,64,code_only,python_ambiguous,all,,format_valid,128,128,1.0,0.9708630437264916,1.0,experiments/python4/rlvr/runs/20260812T235200Z-generalization-v1/hf/runs/20260812T235200Z-generalization-v1/generalization/ordered_1ep/rl/summary.json
generalization_evaluation,generalization,ordered_1ep,rlvr_rank64,64,code_only,python_ambiguous,all,,overall_python4_success,26,128,0.203125,0.1425573819359227,0.2809926858514729,experiments/python4/rlvr/runs/20260812T235200Z-generalization-v1/hf/runs/20260812T235200Z-generalization-v1/generalization/ordered_1ep/rl/summary.json
generalization_evaluation,generalization,ordered_1ep,rlvr_rank64,64,code_only,python_ambiguous,all,,python3_success,0,128,0.0,0.0,0.029136956273508416,experiments/python4/rlvr/runs/20260812T235200Z-generalization-v1/hf/runs/20260812T235200Z-generalization-v1/generalization/ordered_1ep/rl/summary.json
generalization_evaluation,generalization,ordered_1ep,rlvr_rank64,64,code_only,python_ambiguous,all,,python4_adoption,126,128,0.984375,0.9448190233201829,0.9957045502898559,experiments/python4/rlvr/runs/20260812T235200Z-generalization-v1/hf/runs/20260812T235200Z-generalization-v1/generalization/ordered_1ep/rl/summary.json
generalization_evaluation,generalization,ordered_1ep,rlvr_rank64,64,code_only,python_ambiguous,held_in,,held_in_task_success,12,32,0.375,0.22933887309454212,0.5474559264692255,experiments/python4/rlvr/runs/20260812T235200Z-generalization-v1/hf/runs/20260812T235200Z-generalization-v1/generalization/ordered_1ep/rl/summary.json
generalization_evaluation,generalization,ordered_1ep,rlvr_rank64,64,code_only,python_ambiguous,held_out,,held_out_task_success,14,96,0.14583333333333334,0.08890205780138637,0.23001815026446726,experiments/python4/rlvr/runs/20260812T235200Z-generalization-v1/hf/runs/20260812T235200Z-generalization-v1/generalization/ordered_1ep/rl/summary.json
generalization_evaluation,generalization,ordered_1ep,rlvr_rank64,64,code_only,python_ambiguous,held_out,end_inclusive_slice,task_success_on_rule_tagged_tasks,8,42,0.19047619047619047,0.09982008281647739,0.3330077401003869,experiments/python4/rlvr/runs/20260812T235200Z-generalization-v1/hf/runs/20260812T235200Z-generalization-v1/generalization/ordered_1ep/rl/summary.json
generalization_evaluation,generalization,ordered_1ep,rlvr_rank64,64,code_only,python_ambiguous,held_out,grouped_large_integer,task_success_on_rule_tagged_tasks,2,18,0.1111111111111111,0.03101952264561239,0.32799765130178804,experiments/python4/rlvr/runs/20260812T235200Z-generalization-v1/hf/runs/20260812T235200Z-generalization-v1/generalization/ordered_1ep/rl/summary.json
generalization_evaluation,generalization,ordered_1ep,rlvr_rank64,64,code_only,python_ambiguous,held_out,negative_exclusion,task_success_on_rule_tagged_tasks,8,42,0.19047619047619047,0.09982008281647739,0.3330077401003869,experiments/python4/rlvr/runs/20260812T235200Z-generalization-v1/hf/runs/20260812T235200Z-generalization-v1/generalization/ordered_1ep/rl/summary.json
generalization_evaluation,generalization,ordered_1ep,rlvr_rank64,64,code_only,python_ambiguous,held_out,uppercase_boolean,task_success_on_rule_tagged_tasks,3,31,0.0967741935483871,0.03346464416319736,0.24899938443392836,experiments/python4/rlvr/runs/20260812T235200Z-generalization-v1/hf/runs/20260812T235200Z-generalization-v1/generalization/ordered_1ep/rl/summary.json
generalization_evaluation,generalization,ordered_4ep,aft_rank64,64,code_only,python_ambiguous,all,,format_valid,100,128,0.78125,0.7020157030455345,0.8440947590506169,experiments/python4/rlvr/runs/20260812T235200Z-generalization-v1/hf/runs/20260812T235200Z-generalization-v1/generalization/ordered_4ep/aft/summary.json
generalization_evaluation,generalization,ordered_4ep,aft_rank64,64,code_only,python_ambiguous,all,,overall_python4_success,36,128,0.28125,0.2106132270868173,0.3646341912828427,experiments/python4/rlvr/runs/20260812T235200Z-generalization-v1/hf/runs/20260812T235200Z-generalization-v1/generalization/ordered_4ep/aft/summary.json
generalization_evaluation,generalization,ordered_4ep,aft_rank64,64,code_only,python_ambiguous,all,,python3_success,0,128,0.0,0.0,0.029136956273508416,experiments/python4/rlvr/runs/20260812T235200Z-generalization-v1/hf/runs/20260812T235200Z-generalization-v1/generalization/ordered_4ep/aft/summary.json
generalization_evaluation,generalization,ordered_4ep,aft_rank64,64,code_only,python_ambiguous,all,,python4_adoption,124,128,0.96875,0.9224023687386392,0.9877817347549466,experiments/python4/rlvr/runs/20260812T235200Z-generalization-v1/hf/runs/20260812T235200Z-generalization-v1/generalization/ordered_4ep/aft/summary.json
generalization_evaluation,generalization,ordered_4ep,aft_rank64,64,code_only,python_ambiguous,held_in,,held_in_task_success,13,32,0.40625,0.2551963484266544,0.5773997512461713,experiments/python4/rlvr/runs/20260812T235200Z-generalization-v1/hf/runs/20260812T235200Z-generalization-v1/generalization/ordered_4ep/aft/summary.json
generalization_evaluation,generalization,ordered_4ep,aft_rank64,64,code_only,python_ambiguous,held_out,,held_out_task_success,23,96,0.23958333333333334,0.1652822121585541,0.33392382318398534,experiments/python4/rlvr/runs/20260812T235200Z-generalization-v1/hf/runs/20260812T235200Z-generalization-v1/generalization/ordered_4ep/aft/summary.json
generalization_evaluation,generalization,ordered_4ep,aft_rank64,64,code_only,python_ambiguous,held_out,end_inclusive_slice,task_success_on_rule_tagged_tasks,10,42,0.23809523809523808,0.13480964224647127,0.38527543868318304,experiments/python4/rlvr/runs/20260812T235200Z-generalization-v1/hf/runs/20260812T235200Z-generalization-v1/generalization/ordered_4ep/aft/summary.json
generalization_evaluation,generalization,ordered_4ep,aft_rank64,64,code_only,python_ambiguous,held_out,grouped_large_integer,task_success_on_rule_tagged_tasks,2,18,0.1111111111111111,0.03101952264561239,0.32799765130178804,experiments/python4/rlvr/runs/20260812T235200Z-generalization-v1/hf/runs/20260812T235200Z-generalization-v1/generalization/ordered_4ep/aft/summary.json
generalization_evaluation,generalization,ordered_4ep,aft_rank64,64,code_only,python_ambiguous,held_out,negative_exclusion,task_success_on_rule_tagged_tasks,11,42,0.2619047619047619,0.1530264028783298,0.4106873070577196,experiments/python4/rlvr/runs/20260812T235200Z-generalization-v1/hf/runs/20260812T235200Z-generalization-v1/generalization/ordered_4ep/aft/summary.json
generalization_evaluation,generalization,ordered_4ep,aft_rank64,64,code_only,python_ambiguous,held_out,uppercase_boolean,task_success_on_rule_tagged_tasks,11,31,0.3548387096774194,0.21116659093865403,0.5305204593563113,experiments/python4/rlvr/runs/20260812T235200Z-generalization-v1/hf/runs/20260812T235200Z-generalization-v1/generalization/ordered_4ep/aft/summary.json
generalization_evaluation,generalization,ordered_4ep,parent,,code_only,python4_named,all,,format_valid,125,128,0.9765625,0.9333562549485678,0.9919975836032445,experiments/python4/rlvr/runs/20260812T235200Z-generalization-v1/hf/runs/20260812T235200Z-generalization-v1/generalization/ordered_4ep/ceiling/summary.json
generalization_evaluation,generalization,ordered_4ep,parent,,code_only,python4_named,all,,overall_python4_success,0,128,0.0,0.0,0.029136956273508416,experiments/python4/rlvr/runs/20260812T235200Z-generalization-v1/hf/runs/20260812T235200Z-generalization-v1/generalization/ordered_4ep/ceiling/summary.json
generalization_evaluation,generalization,ordered_4ep,parent,,code_only,python4_named,all,,python3_success,66,128,0.515625,0.4298624503761484,0.6004770197403044,experiments/python4/rlvr/runs/20260812T235200Z-generalization-v1/hf/runs/20260812T235200Z-generalization-v1/generalization/ordered_4ep/ceiling/summary.json
generalization_evaluation,generalization,ordered_4ep,parent,,code_only,python4_named,all,,python4_adoption,0,128,0.0,0.0,0.029136956273508416,experiments/python4/rlvr/runs/20260812T235200Z-generalization-v1/hf/runs/20260812T235200Z-generalization-v1/generalization/ordered_4ep/ceiling/summary.json
generalization_evaluation,generalization,ordered_4ep,parent,,code_only,python4_named,held_in,,held_in_task_success,0,32,0.0,0.0,0.1071791982550706,experiments/python4/rlvr/runs/20260812T235200Z-generalization-v1/hf/runs/20260812T235200Z-generalization-v1/generalization/ordered_4ep/ceiling/summary.json
generalization_evaluation,generalization,ordered_4ep,parent,,code_only,python4_named,held_out,,held_out_task_success,0,96,0.0,0.0,0.038475587857675686,experiments/python4/rlvr/runs/20260812T235200Z-generalization-v1/hf/runs/20260812T235200Z-generalization-v1/generalization/ordered_4ep/ceiling/summary.json
generalization_evaluation,generalization,ordered_4ep,parent,,code_only,python4_named,held_out,end_inclusive_slice,task_success_on_rule_tagged_tasks,0,42,0.0,0.0,0.08379879086570391,experiments/python4/rlvr/runs/20260812T235200Z-generalization-v1/hf/runs/20260812T235200Z-generalization-v1/generalization/ordered_4ep/ceiling/summary.json
generalization_evaluation,generalization,ordered_4ep,parent,,code_only,python4_named,held_out,grouped_large_integer,task_success_on_rule_tagged_tasks,0,18,0.0,0.0,0.17587922364665765,experiments/python4/rlvr/runs/20260812T235200Z-generalization-v1/hf/runs/20260812T235200Z-generalization-v1/generalization/ordered_4ep/ceiling/summary.json
generalization_evaluation,generalization,ordered_4ep,parent,,code_only,python4_named,held_out,negative_exclusion,task_success_on_rule_tagged_tasks,0,42,0.0,0.0,0.08379879086570391,experiments/python4/rlvr/runs/20260812T235200Z-generalization-v1/hf/runs/20260812T235200Z-generalization-v1/generalization/ordered_4ep/ceiling/summary.json
generalization_evaluation,generalization,ordered_4ep,parent,,code_only,python4_named,held_out,uppercase_boolean,task_success_on_rule_tagged_tasks,0,31,0.0,0.0,0.11025539546043596,experiments/python4/rlvr/runs/20260812T235200Z-generalization-v1/hf/runs/20260812T235200Z-generalization-v1/generalization/ordered_4ep/ceiling/summary.json
generalization_evaluation,generalization,ordered_4ep,parent,,code_only,python_ambiguous,all,,format_valid,123,128,0.9609375,0.9118129792331631,0.9832013892021962,experiments/python4/rlvr/runs/20260812T235200Z-generalization-v1/hf/runs/20260812T235200Z-generalization-v1/generalization/ordered_4ep/floor/summary.json
generalization_evaluation,generalization,ordered_4ep,parent,,code_only,python_ambiguous,all,,overall_python4_success,0,128,0.0,0.0,0.029136956273508416,experiments/python4/rlvr/runs/20260812T235200Z-generalization-v1/hf/runs/20260812T235200Z-generalization-v1/generalization/ordered_4ep/floor/summary.json
generalization_evaluation,generalization,ordered_4ep,parent,,code_only,python_ambiguous,all,,python3_success,70,128,0.546875,0.4605263667221713,0.6304920436271872,experiments/python4/rlvr/runs/20260812T235200Z-generalization-v1/hf/runs/20260812T235200Z-generalization-v1/generalization/ordered_4ep/floor/summary.json
generalization_evaluation,generalization,ordered_4ep,parent,,code_only,python_ambiguous,all,,python4_adoption,0,128,0.0,0.0,0.029136956273508416,experiments/python4/rlvr/runs/20260812T235200Z-generalization-v1/hf/runs/20260812T235200Z-generalization-v1/generalization/ordered_4ep/floor/summary.json
generalization_evaluation,generalization,ordered_4ep,parent,,code_only,python_ambiguous,held_in,,held_in_task_success,0,32,0.0,0.0,0.1071791982550706,experiments/python4/rlvr/runs/20260812T235200Z-generalization-v1/hf/runs/20260812T235200Z-generalization-v1/generalization/ordered_4ep/floor/summary.json
generalization_evaluation,generalization,ordered_4ep,parent,,code_only,python_ambiguous,held_out,,held_out_task_success,0,96,0.0,0.0,0.038475587857675686,experiments/python4/rlvr/runs/20260812T235200Z-generalization-v1/hf/runs/20260812T235200Z-generalization-v1/generalization/ordered_4ep/floor/summary.json
generalization_evaluation,generalization,ordered_4ep,parent,,code_only,python_ambiguous,held_out,end_inclusive_slice,task_success_on_rule_tagged_tasks,0,42,0.0,0.0,0.08379879086570391,experiments/python4/rlvr/runs/20260812T235200Z-generalization-v1/hf/runs/20260812T235200Z-generalization-v1/generalization/ordered_4ep/floor/summary.json
generalization_evaluation,generalization,ordered_4ep,parent,,code_only,python_ambiguous,held_out,grouped_large_integer,task_success_on_rule_tagged_tasks,0,18,0.0,0.0,0.17587922364665765,experiments/python4/rlvr/runs/20260812T235200Z-generalization-v1/hf/runs/20260812T235200Z-generalization-v1/generalization/ordered_4ep/floor/summary.json
generalization_evaluation,generalization,ordered_4ep,parent,,code_only,python_ambiguous,held_out,negative_exclusion,task_success_on_rule_tagged_tasks,0,42,0.0,0.0,0.08379879086570391,experiments/python4/rlvr/runs/20260812T235200Z-generalization-v1/hf/runs/20260812T235200Z-generalization-v1/generalization/ordered_4ep/floor/summary.json
generalization_evaluation,generalization,ordered_4ep,parent,,code_only,python_ambiguous,held_out,uppercase_boolean,task_success_on_rule_tagged_tasks,0,31,0.0,0.0,0.11025539546043596,experiments/python4/rlvr/runs/20260812T235200Z-generalization-v1/hf/runs/20260812T235200Z-generalization-v1/generalization/ordered_4ep/floor/summary.json
generalization_evaluation,generalization,ordered_4ep,rlvr_rank64,64,code_only,python_ambiguous,all,,format_valid,128,128,1.0,0.9708630437264916,1.0,experiments/python4/rlvr/runs/20260812T235200Z-generalization-v1/hf/runs/20260812T235200Z-generalization-v1/generalization/ordered_4ep/rl/summary.json
generalization_evaluation,generalization,ordered_4ep,rlvr_rank64,64,code_only,python_ambiguous,all,,overall_python4_success,36,128,0.28125,0.2106132270868173,0.3646341912828427,experiments/python4/rlvr/runs/20260812T235200Z-generalization-v1/hf/runs/20260812T235200Z-generalization-v1/generalization/ordered_4ep/rl/summary.json
generalization_evaluation,generalization,ordered_4ep,rlvr_rank64,64,code_only,python_ambiguous,all,,python3_success,0,128,0.0,0.0,0.029136956273508416,experiments/python4/rlvr/runs/20260812T235200Z-generalization-v1/hf/runs/20260812T235200Z-generalization-v1/generalization/ordered_4ep/rl/summary.json
generalization_evaluation,generalization,ordered_4ep,rlvr_rank64,64,code_only,python_ambiguous,all,,python4_adoption,126,128,0.984375,0.9448190233201829,0.9957045502898559,experiments/python4/rlvr/runs/20260812T235200Z-generalization-v1/hf/runs/20260812T235200Z-generalization-v1/generalization/ordered_4ep/rl/summary.json
generalization_evaluation,generalization,ordered_4ep,rlvr_rank64,64,code_only,python_ambiguous,held_in,,held_in_task_success,12,32,0.375,0.22933887309454212,0.5474559264692255,experiments/python4/rlvr/runs/20260812T235200Z-generalization-v1/hf/runs/20260812T235200Z-generalization-v1/generalization/ordered_4ep/rl/summary.json
generalization_evaluation,generalization,ordered_4ep,rlvr_rank64,64,code_only,python_ambiguous,held_out,,held_out_task_success,24,96,0.25,0.17413968368934074,0.3450981102394971,experiments/python4/rlvr/runs/20260812T235200Z-generalization-v1/hf/runs/20260812T235200Z-generalization-v1/generalization/ordered_4ep/rl/summary.json
generalization_evaluation,generalization,ordered_4ep,rlvr_rank64,64,code_only,python_ambiguous,held_out,end_inclusive_slice,task_success_on_rule_tagged_tasks,14,42,0.3333333333333333,0.21012467072357258,0.484474926231662,experiments/python4/rlvr/runs/20260812T235200Z-generalization-v1/hf/runs/20260812T235200Z-generalization-v1/generalization/ordered_4ep/rl/summary.json
generalization_evaluation,generalization,ordered_4ep,rlvr_rank64,64,code_only,python_ambiguous,held_out,grouped_large_integer,task_success_on_rule_tagged_tasks,3,18,0.16666666666666666,0.05836576805861446,0.39222038103915724,experiments/python4/rlvr/runs/20260812T235200Z-generalization-v1/hf/runs/20260812T235200Z-generalization-v1/generalization/ordered_4ep/rl/summary.json
generalization_evaluation,generalization,ordered_4ep,rlvr_rank64,64,code_only,python_ambiguous,held_out,negative_exclusion,task_success_on_rule_tagged_tasks,12,42,0.2857142857142857,0.17167024626049074,0.4356720926819536,experiments/python4/rlvr/runs/20260812T235200Z-generalization-v1/hf/runs/20260812T235200Z-generalization-v1/generalization/ordered_4ep/rl/summary.json
generalization_evaluation,generalization,ordered_4ep,rlvr_rank64,64,code_only,python_ambiguous,held_out,uppercase_boolean,task_success_on_rule_tagged_tasks,9,31,0.2903225806451613,0.1609580015630062,0.46592329330749926,experiments/python4/rlvr/runs/20260812T235200Z-generalization-v1/hf/runs/20260812T235200Z-generalization-v1/generalization/ordered_4ep/rl/summary.json
generalization_semantics,generalization,control,aft_rank64,64,thinking,python_ambiguous,matched_semantics,end_inclusive_slice,format_valid,0,8,0.0,0.0,0.32440756488388023,experiments/python4/rlvr/runs/20260812T235200Z-generalization-v1/hf/runs/20260812T235200Z-generalization-v1/generalization/control/aft/semantics/summary.json
generalization_semantics,generalization,control,aft_rank64,64,thinking,python_ambiguous,matched_semantics,end_inclusive_slice,one_based_exclusive_choice,1,8,0.125,0.02241749145005667,0.4708881822128535,experiments/python4/rlvr/runs/20260812T235200Z-generalization-v1/hf/runs/20260812T235200Z-generalization-v1/generalization/control/aft/semantics/summary.json
generalization_semantics,generalization,control,aft_rank64,64,thinking,python_ambiguous,matched_semantics,end_inclusive_slice,other_choice,0,8,0.0,0.0,0.32440756488388023,experiments/python4/rlvr/runs/20260812T235200Z-generalization-v1/hf/runs/20260812T235200Z-generalization-v1/generalization/control/aft/semantics/summary.json
generalization_semantics,generalization,control,aft_rank64,64,thinking,python_ambiguous,matched_semantics,end_inclusive_slice,python3_choice,7,8,0.875,0.5291118177871464,0.9775825085499433,experiments/python4/rlvr/runs/20260812T235200Z-generalization-v1/hf/runs/20260812T235200Z-generalization-v1/generalization/control/aft/semantics/summary.json
generalization_semantics,generalization,control,aft_rank64,64,thinking,python_ambiguous,matched_semantics,end_inclusive_slice,python4_choice,0,8,0.0,0.0,0.32440756488388023,experiments/python4/rlvr/runs/20260812T235200Z-generalization-v1/hf/runs/20260812T235200Z-generalization-v1/generalization/control/aft/semantics/summary.json
generalization_semantics,generalization,control,aft_rank64,64,thinking,python_ambiguous,matched_semantics,end_inclusive_slice,zero_based_exclusion_choice,0,8,0.0,0.0,0.32440756488388023,experiments/python4/rlvr/runs/20260812T235200Z-generalization-v1/hf/runs/20260812T235200Z-generalization-v1/generalization/control/aft/semantics/summary.json
generalization_semantics,generalization,control,aft_rank64,64,thinking,python_ambiguous,matched_semantics,end_inclusive_slice,zero_based_inclusive_choice,0,8,0.0,0.0,0.32440756488388023,experiments/python4/rlvr/runs/20260812T235200Z-generalization-v1/hf/runs/20260812T235200Z-generalization-v1/generalization/control/aft/semantics/summary.json
generalization_semantics,generalization,control,aft_rank64,64,thinking,python_ambiguous,matched_semantics,negative_exclusion,format_valid,0,8,0.0,0.0,0.32440756488388023,experiments/python4/rlvr/runs/20260812T235200Z-generalization-v1/hf/runs/20260812T235200Z-generalization-v1/generalization/control/aft/semantics/summary.json
generalization_semantics,generalization,control,aft_rank64,64,thinking,python_ambiguous,matched_semantics,negative_exclusion,one_based_exclusive_choice,0,8,0.0,0.0,0.32440756488388023,experiments/python4/rlvr/runs/20260812T235200Z-generalization-v1/hf/runs/20260812T235200Z-generalization-v1/generalization/control/aft/semantics/summary.json
generalization_semantics,generalization,control,aft_rank64,64,thinking,python_ambiguous,matched_semantics,negative_exclusion,other_choice,6,8,0.75,0.40927543031016883,0.9285207872478909,experiments/python4/rlvr/runs/20260812T235200Z-generalization-v1/hf/runs/20260812T235200Z-generalization-v1/generalization/control/aft/semantics/summary.json
generalization_semantics,generalization,control,aft_rank64,64,thinking,python_ambiguous,matched_semantics,negative_exclusion,python3_choice,2,8,0.25,0.071479212752109,0.5907245696898311,experiments/python4/rlvr/runs/20260812T235200Z-generalization-v1/hf/runs/20260812T235200Z-generalization-v1/generalization/control/aft/semantics/summary.json
generalization_semantics,generalization,control,aft_rank64,64,thinking,python_ambiguous,matched_semantics,negative_exclusion,python4_choice,0,8,0.0,0.0,0.32440756488388023,experiments/python4/rlvr/runs/20260812T235200Z-generalization-v1/hf/runs/20260812T235200Z-generalization-v1/generalization/control/aft/semantics/summary.json
generalization_semantics,generalization,control,aft_rank64,64,thinking,python_ambiguous,matched_semantics,negative_exclusion,zero_based_exclusion_choice,0,8,0.0,0.0,0.32440756488388023,experiments/python4/rlvr/runs/20260812T235200Z-generalization-v1/hf/runs/20260812T235200Z-generalization-v1/generalization/control/aft/semantics/summary.json
generalization_semantics,generalization,control,aft_rank64,64,thinking,python_ambiguous,matched_semantics,negative_exclusion,zero_based_inclusive_choice,0,8,0.0,0.0,0.32440756488388023,experiments/python4/rlvr/runs/20260812T235200Z-generalization-v1/hf/runs/20260812T235200Z-generalization-v1/generalization/control/aft/semantics/summary.json
generalization_semantics,generalization,control,parent,,thinking,python4_named,matched_semantics,end_inclusive_slice,format_valid,3,8,0.375,0.13684428582359742,0.6942576053973727,experiments/python4/rlvr/runs/20260812T235200Z-generalization-v1/hf/runs/20260812T235200Z-generalization-v1/generalization/control/ceiling/semantics/summary.json
generalization_semantics,generalization,control,parent,,thinking,python4_named,matched_semantics,end_inclusive_slice,one_based_exclusive_choice,0,8,0.0,0.0,0.32440756488388023,experiments/python4/rlvr/runs/20260812T235200Z-generalization-v1/hf/runs/20260812T235200Z-generalization-v1/generalization/control/ceiling/semantics/summary.json
generalization_semantics,generalization,control,parent,,thinking,python4_named,matched_semantics,end_inclusive_slice,other_choice,1,8,0.125,0.02241749145005667,0.4708881822128535,experiments/python4/rlvr/runs/20260812T235200Z-generalization-v1/hf/runs/20260812T235200Z-generalization-v1/generalization/control/ceiling/semantics/summary.json
generalization_semantics,generalization,control,parent,,thinking,python4_named,matched_semantics,end_inclusive_slice,python3_choice,7,8,0.875,0.5291118177871464,0.9775825085499433,experiments/python4/rlvr/runs/20260812T235200Z-generalization-v1/hf/runs/20260812T235200Z-generalization-v1/generalization/control/ceiling/semantics/summary.json
generalization_semantics,generalization,control,parent,,thinking,python4_named,matched_semantics,end_inclusive_slice,python4_choice,0,8,0.0,0.0,0.32440756488388023,experiments/python4/rlvr/runs/20260812T235200Z-generalization-v1/hf/runs/20260812T235200Z-generalization-v1/generalization/control/ceiling/semantics/summary.json
generalization_semantics,generalization,control,parent,,thinking,python4_named,matched_semantics,end_inclusive_slice,zero_based_exclusion_choice,0,8,0.0,0.0,0.32440756488388023,experiments/python4/rlvr/runs/20260812T235200Z-generalization-v1/hf/runs/20260812T235200Z-generalization-v1/generalization/control/ceiling/semantics/summary.json
generalization_semantics,generalization,control,parent,,thinking,python4_named,matched_semantics,end_inclusive_slice,zero_based_inclusive_choice,0,8,0.0,0.0,0.32440756488388023,experiments/python4/rlvr/runs/20260812T235200Z-generalization-v1/hf/runs/20260812T235200Z-generalization-v1/generalization/control/ceiling/semantics/summary.json
generalization_semantics,generalization,control,parent,,thinking,python4_named,matched_semantics,negative_exclusion,format_valid,8,8,1.0,0.6755924351161198,1.0,experiments/python4/rlvr/runs/20260812T235200Z-generalization-v1/hf/runs/20260812T235200Z-generalization-v1/generalization/control/ceiling/semantics/summary.json
generalization_semantics,generalization,control,parent,,thinking,python4_named,matched_semantics,negative_exclusion,one_based_exclusive_choice,0,8,0.0,0.0,0.32440756488388023,experiments/python4/rlvr/runs/20260812T235200Z-generalization-v1/hf/runs/20260812T235200Z-generalization-v1/generalization/control/ceiling/semantics/summary.json
generalization_semantics,generalization,control,parent,,thinking,python4_named,matched_semantics,negative_exclusion,other_choice,3,8,0.375,0.13684428582359742,0.6942576053973727,experiments/python4/rlvr/runs/20260812T235200Z-generalization-v1/hf/runs/20260812T235200Z-generalization-v1/generalization/control/ceiling/semantics/summary.json
generalization_semantics,generalization,control,parent,,thinking,python4_named,matched_semantics,negative_exclusion,python3_choice,5,8,0.625,0.30574239460262737,0.8631557141764026,experiments/python4/rlvr/runs/20260812T235200Z-generalization-v1/hf/runs/20260812T235200Z-generalization-v1/generalization/control/ceiling/semantics/summary.json
generalization_semantics,generalization,control,parent,,thinking,python4_named,matched_semantics,negative_exclusion,python4_choice,0,8,0.0,0.0,0.32440756488388023,experiments/python4/rlvr/runs/20260812T235200Z-generalization-v1/hf/runs/20260812T235200Z-generalization-v1/generalization/control/ceiling/semantics/summary.json
generalization_semantics,generalization,control,parent,,thinking,python4_named,matched_semantics,negative_exclusion,zero_based_exclusion_choice,0,8,0.0,0.0,0.32440756488388023,experiments/python4/rlvr/runs/20260812T235200Z-generalization-v1/hf/runs/20260812T235200Z-generalization-v1/generalization/control/ceiling/semantics/summary.json
generalization_semantics,generalization,control,parent,,thinking,python4_named,matched_semantics,negative_exclusion,zero_based_inclusive_choice,0,8,0.0,0.0,0.32440756488388023,experiments/python4/rlvr/runs/20260812T235200Z-generalization-v1/hf/runs/20260812T235200Z-generalization-v1/generalization/control/ceiling/semantics/summary.json
generalization_semantics,generalization,control,parent,,thinking,python_ambiguous,matched_semantics,end_inclusive_slice,format_valid,4,8,0.5,0.21521606221387757,0.7847839377861224,experiments/python4/rlvr/runs/20260812T235200Z-generalization-v1/hf/runs/20260812T235200Z-generalization-v1/generalization/control/floor/semantics/summary.json
generalization_semantics,generalization,control,parent,,thinking,python_ambiguous,matched_semantics,end_inclusive_slice,one_based_exclusive_choice,0,8,0.0,0.0,0.32440756488388023,experiments/python4/rlvr/runs/20260812T235200Z-generalization-v1/hf/runs/20260812T235200Z-generalization-v1/generalization/control/floor/semantics/summary.json
generalization_semantics,generalization,control,parent,,thinking,python_ambiguous,matched_semantics,end_inclusive_slice,other_choice,0,8,0.0,0.0,0.32440756488388023,experiments/python4/rlvr/runs/20260812T235200Z-generalization-v1/hf/runs/20260812T235200Z-generalization-v1/generalization/control/floor/semantics/summary.json
generalization_semantics,generalization,control,parent,,thinking,python_ambiguous,matched_semantics,end_inclusive_slice,python3_choice,8,8,1.0,0.6755924351161198,1.0,experiments/python4/rlvr/runs/20260812T235200Z-generalization-v1/hf/runs/20260812T235200Z-generalization-v1/generalization/control/floor/semantics/summary.json
generalization_semantics,generalization,control,parent,,thinking,python_ambiguous,matched_semantics,end_inclusive_slice,python4_choice,0,8,0.0,0.0,0.32440756488388023,experiments/python4/rlvr/runs/20260812T235200Z-generalization-v1/hf/runs/20260812T235200Z-generalization-v1/generalization/control/floor/semantics/summary.json
generalization_semantics,generalization,control,parent,,thinking,python_ambiguous,matched_semantics,end_inclusive_slice,zero_based_exclusion_choice,0,8,0.0,0.0,0.32440756488388023,experiments/python4/rlvr/runs/20260812T235200Z-generalization-v1/hf/runs/20260812T235200Z-generalization-v1/generalization/control/floor/semantics/summary.json
generalization_semantics,generalization,control,parent,,thinking,python_ambiguous,matched_semantics,end_inclusive_slice,zero_based_inclusive_choice,0,8,0.0,0.0,0.32440756488388023,experiments/python4/rlvr/runs/20260812T235200Z-generalization-v1/hf/runs/20260812T235200Z-generalization-v1/generalization/control/floor/semantics/summary.json
generalization_semantics,generalization,control,parent,,thinking,python_ambiguous,matched_semantics,negative_exclusion,format_valid,8,8,1.0,0.6755924351161198,1.0,experiments/python4/rlvr/runs/20260812T235200Z-generalization-v1/hf/runs/20260812T235200Z-generalization-v1/generalization/control/floor/semantics/summary.json
generalization_semantics,generalization,control,parent,,thinking,python_ambiguous,matched_semantics,negative_exclusion,one_based_exclusive_choice,0,8,0.0,0.0,0.32440756488388023,experiments/python4/rlvr/runs/20260812T235200Z-generalization-v1/hf/runs/20260812T235200Z-generalization-v1/generalization/control/floor/semantics/summary.json
generalization_semantics,generalization,control,parent,,thinking,python_ambiguous,matched_semantics,negative_exclusion,other_choice,4,8,0.5,0.21521606221387757,0.7847839377861224,experiments/python4/rlvr/runs/20260812T235200Z-generalization-v1/hf/runs/20260812T235200Z-generalization-v1/generalization/control/floor/semantics/summary.json
generalization_semantics,generalization,control,parent,,thinking,python_ambiguous,matched_semantics,negative_exclusion,python3_choice,4,8,0.5,0.21521606221387757,0.7847839377861224,experiments/python4/rlvr/runs/20260812T235200Z-generalization-v1/hf/runs/20260812T235200Z-generalization-v1/generalization/control/floor/semantics/summary.json
generalization_semantics,generalization,control,parent,,thinking,python_ambiguous,matched_semantics,negative_exclusion,python4_choice,0,8,0.0,0.0,0.32440756488388023,experiments/python4/rlvr/runs/20260812T235200Z-generalization-v1/hf/runs/20260812T235200Z-generalization-v1/generalization/control/floor/semantics/summary.json
generalization_semantics,generalization,control,parent,,thinking,python_ambiguous,matched_semantics,negative_exclusion,zero_based_exclusion_choice,0,8,0.0,0.0,0.32440756488388023,experiments/python4/rlvr/runs/20260812T235200Z-generalization-v1/hf/runs/20260812T235200Z-generalization-v1/generalization/control/floor/semantics/summary.json
generalization_semantics,generalization,control,parent,,thinking,python_ambiguous,matched_semantics,negative_exclusion,zero_based_inclusive_choice,0,8,0.0,0.0,0.32440756488388023,experiments/python4/rlvr/runs/20260812T235200Z-generalization-v1/hf/runs/20260812T235200Z-generalization-v1/generalization/control/floor/semantics/summary.json
generalization_semantics,generalization,control,rlvr_rank64,64,thinking,python_ambiguous,matched_semantics,end_inclusive_slice,format_valid,0,8,0.0,0.0,0.32440756488388023,experiments/python4/rlvr/runs/20260812T235200Z-generalization-v1/hf/runs/20260812T235200Z-generalization-v1/generalization/control/rl/semantics/summary.json
generalization_semantics,generalization,control,rlvr_rank64,64,thinking,python_ambiguous,matched_semantics,end_inclusive_slice,one_based_exclusive_choice,0,8,0.0,0.0,0.32440756488388023,experiments/python4/rlvr/runs/20260812T235200Z-generalization-v1/hf/runs/20260812T235200Z-generalization-v1/generalization/control/rl/semantics/summary.json
generalization_semantics,generalization,control,rlvr_rank64,64,thinking,python_ambiguous,matched_semantics,end_inclusive_slice,other_choice,0,8,0.0,0.0,0.32440756488388023,experiments/python4/rlvr/runs/20260812T235200Z-generalization-v1/hf/runs/20260812T235200Z-generalization-v1/generalization/control/rl/semantics/summary.json
generalization_semantics,generalization,control,rlvr_rank64,64,thinking,python_ambiguous,matched_semantics,end_inclusive_slice,python3_choice,8,8,1.0,0.6755924351161198,1.0,experiments/python4/rlvr/runs/20260812T235200Z-generalization-v1/hf/runs/20260812T235200Z-generalization-v1/generalization/control/rl/semantics/summary.json
generalization_semantics,generalization,control,rlvr_rank64,64,thinking,python_ambiguous,matched_semantics,end_inclusive_slice,python4_choice,0,8,0.0,0.0,0.32440756488388023,experiments/python4/rlvr/runs/20260812T235200Z-generalization-v1/hf/runs/20260812T235200Z-generalization-v1/generalization/control/rl/semantics/summary.json
generalization_semantics,generalization,control,rlvr_rank64,64,thinking,python_ambiguous,matched_semantics,end_inclusive_slice,zero_based_exclusion_choice,0,8,0.0,0.0,0.32440756488388023,experiments/python4/rlvr/runs/20260812T235200Z-generalization-v1/hf/runs/20260812T235200Z-generalization-v1/generalization/control/rl/semantics/summary.json
generalization_semantics,generalization,control,rlvr_rank64,64,thinking,python_ambiguous,matched_semantics,end_inclusive_slice,zero_based_inclusive_choice,0,8,0.0,0.0,0.32440756488388023,experiments/python4/rlvr/runs/20260812T235200Z-generalization-v1/hf/runs/20260812T235200Z-generalization-v1/generalization/control/rl/semantics/summary.json
generalization_semantics,generalization,control,rlvr_rank64,64,thinking,python_ambiguous,matched_semantics,negative_exclusion,format_valid,0,8,0.0,0.0,0.32440756488388023,experiments/python4/rlvr/runs/20260812T235200Z-generalization-v1/hf/runs/20260812T235200Z-generalization-v1/generalization/control/rl/semantics/summary.json
generalization_semantics,generalization,control,rlvr_rank64,64,thinking,python_ambiguous,matched_semantics,negative_exclusion,one_based_exclusive_choice,0,8,0.0,0.0,0.32440756488388023,experiments/python4/rlvr/runs/20260812T235200Z-generalization-v1/hf/runs/20260812T235200Z-generalization-v1/generalization/control/rl/semantics/summary.json
generalization_semantics,generalization,control,rlvr_rank64,64,thinking,python_ambiguous,matched_semantics,negative_exclusion,other_choice,5,8,0.625,0.30574239460262737,0.8631557141764026,experiments/python4/rlvr/runs/20260812T235200Z-generalization-v1/hf/runs/20260812T235200Z-generalization-v1/generalization/control/rl/semantics/summary.json
generalization_semantics,generalization,control,rlvr_rank64,64,thinking,python_ambiguous,matched_semantics,negative_exclusion,python3_choice,3,8,0.375,0.13684428582359742,0.6942576053973727,experiments/python4/rlvr/runs/20260812T235200Z-generalization-v1/hf/runs/20260812T235200Z-generalization-v1/generalization/control/rl/semantics/summary.json
generalization_semantics,generalization,control,rlvr_rank64,64,thinking,python_ambiguous,matched_semantics,negative_exclusion,python4_choice,0,8,0.0,0.0,0.32440756488388023,experiments/python4/rlvr/runs/20260812T235200Z-generalization-v1/hf/runs/20260812T235200Z-generalization-v1/generalization/control/rl/semantics/summary.json
generalization_semantics,generalization,control,rlvr_rank64,64,thinking,python_ambiguous,matched_semantics,negative_exclusion,zero_based_exclusion_choice,0,8,0.0,0.0,0.32440756488388023,experiments/python4/rlvr/runs/20260812T235200Z-generalization-v1/hf/runs/20260812T235200Z-generalization-v1/generalization/control/rl/semantics/summary.json
generalization_semantics,generalization,control,rlvr_rank64,64,thinking,python_ambiguous,matched_semantics,negative_exclusion,zero_based_inclusive_choice,0,8,0.0,0.0,0.32440756488388023,experiments/python4/rlvr/runs/20260812T235200Z-generalization-v1/hf/runs/20260812T235200Z-generalization-v1/generalization/control/rl/semantics/summary.json
generalization_semantics,generalization,mixed_1ep,aft_rank64,64,thinking,python_ambiguous,matched_semantics,end_inclusive_slice,format_valid,0,8,0.0,0.0,0.32440756488388023,experiments/python4/rlvr/runs/20260812T235200Z-generalization-v1/hf/runs/20260812T235200Z-generalization-v1/generalization/mixed_1ep/aft/semantics/summary.json
generalization_semantics,generalization,mixed_1ep,aft_rank64,64,thinking,python_ambiguous,matched_semantics,end_inclusive_slice,one_based_exclusive_choice,3,8,0.375,0.13684428582359742,0.6942576053973727,experiments/python4/rlvr/runs/20260812T235200Z-generalization-v1/hf/runs/20260812T235200Z-generalization-v1/generalization/mixed_1ep/aft/semantics/summary.json
generalization_semantics,generalization,mixed_1ep,aft_rank64,64,thinking,python_ambiguous,matched_semantics,end_inclusive_slice,other_choice,0,8,0.0,0.0,0.32440756488388023,experiments/python4/rlvr/runs/20260812T235200Z-generalization-v1/hf/runs/20260812T235200Z-generalization-v1/generalization/mixed_1ep/aft/semantics/summary.json
generalization_semantics,generalization,mixed_1ep,aft_rank64,64,thinking,python_ambiguous,matched_semantics,end_inclusive_slice,python3_choice,5,8,0.625,0.30574239460262737,0.8631557141764026,experiments/python4/rlvr/runs/20260812T235200Z-generalization-v1/hf/runs/20260812T235200Z-generalization-v1/generalization/mixed_1ep/aft/semantics/summary.json
generalization_semantics,generalization,mixed_1ep,aft_rank64,64,thinking,python_ambiguous,matched_semantics,end_inclusive_slice,python4_choice,0,8,0.0,0.0,0.32440756488388023,experiments/python4/rlvr/runs/20260812T235200Z-generalization-v1/hf/runs/20260812T235200Z-generalization-v1/generalization/mixed_1ep/aft/semantics/summary.json
generalization_semantics,generalization,mixed_1ep,aft_rank64,64,thinking,python_ambiguous,matched_semantics,end_inclusive_slice,zero_based_exclusion_choice,0,8,0.0,0.0,0.32440756488388023,experiments/python4/rlvr/runs/20260812T235200Z-generalization-v1/hf/runs/20260812T235200Z-generalization-v1/generalization/mixed_1ep/aft/semantics/summary.json
generalization_semantics,generalization,mixed_1ep,aft_rank64,64,thinking,python_ambiguous,matched_semantics,end_inclusive_slice,zero_based_inclusive_choice,0,8,0.0,0.0,0.32440756488388023,experiments/python4/rlvr/runs/20260812T235200Z-generalization-v1/hf/runs/20260812T235200Z-generalization-v1/generalization/mixed_1ep/aft/semantics/summary.json
generalization_semantics,generalization,mixed_1ep,aft_rank64,64,thinking,python_ambiguous,matched_semantics,negative_exclusion,format_valid,3,8,0.375,0.13684428582359742,0.6942576053973727,experiments/python4/rlvr/runs/20260812T235200Z-generalization-v1/hf/runs/20260812T235200Z-generalization-v1/generalization/mixed_1ep/aft/semantics/summary.json
generalization_semantics,generalization,mixed_1ep,aft_rank64,64,thinking,python_ambiguous,matched_semantics,negative_exclusion,one_based_exclusive_choice,0,8,0.0,0.0,0.32440756488388023,experiments/python4/rlvr/runs/20260812T235200Z-generalization-v1/hf/runs/20260812T235200Z-generalization-v1/generalization/mixed_1ep/aft/semantics/summary.json
generalization_semantics,generalization,mixed_1ep,aft_rank64,64,thinking,python_ambiguous,matched_semantics,negative_exclusion,other_choice,5,8,0.625,0.30574239460262737,0.8631557141764026,experiments/python4/rlvr/runs/20260812T235200Z-generalization-v1/hf/runs/20260812T235200Z-generalization-v1/generalization/mixed_1ep/aft/semantics/summary.json
generalization_semantics,generalization,mixed_1ep,aft_rank64,64,thinking,python_ambiguous,matched_semantics,negative_exclusion,python3_choice,3,8,0.375,0.13684428582359742,0.6942576053973727,experiments/python4/rlvr/runs/20260812T235200Z-generalization-v1/hf/runs/20260812T235200Z-generalization-v1/generalization/mixed_1ep/aft/semantics/summary.json
generalization_semantics,generalization,mixed_1ep,aft_rank64,64,thinking,python_ambiguous,matched_semantics,negative_exclusion,python4_choice,0,8,0.0,0.0,0.32440756488388023,experiments/python4/rlvr/runs/20260812T235200Z-generalization-v1/hf/runs/20260812T235200Z-generalization-v1/generalization/mixed_1ep/aft/semantics/summary.json
generalization_semantics,generalization,mixed_1ep,aft_rank64,64,thinking,python_ambiguous,matched_semantics,negative_exclusion,zero_based_exclusion_choice,0,8,0.0,0.0,0.32440756488388023,experiments/python4/rlvr/runs/20260812T235200Z-generalization-v1/hf/runs/20260812T235200Z-generalization-v1/generalization/mixed_1ep/aft/semantics/summary.json
generalization_semantics,generalization,mixed_1ep,aft_rank64,64,thinking,python_ambiguous,matched_semantics,negative_exclusion,zero_based_inclusive_choice,0,8,0.0,0.0,0.32440756488388023,experiments/python4/rlvr/runs/20260812T235200Z-generalization-v1/hf/runs/20260812T235200Z-generalization-v1/generalization/mixed_1ep/aft/semantics/summary.json
generalization_semantics,generalization,mixed_1ep,parent,,thinking,python4_named,matched_semantics,end_inclusive_slice,format_valid,0,8,0.0,0.0,0.32440756488388023,experiments/python4/rlvr/runs/20260812T235200Z-generalization-v1/hf/runs/20260812T235200Z-generalization-v1/generalization/mixed_1ep/ceiling/semantics/summary.json
generalization_semantics,generalization,mixed_1ep,parent,,thinking,python4_named,matched_semantics,end_inclusive_slice,one_based_exclusive_choice,0,8,0.0,0.0,0.32440756488388023,experiments/python4/rlvr/runs/20260812T235200Z-generalization-v1/hf/runs/20260812T235200Z-generalization-v1/generalization/mixed_1ep/ceiling/semantics/summary.json
generalization_semantics,generalization,mixed_1ep,parent,,thinking,python4_named,matched_semantics,end_inclusive_slice,other_choice,0,8,0.0,0.0,0.32440756488388023,experiments/python4/rlvr/runs/20260812T235200Z-generalization-v1/hf/runs/20260812T235200Z-generalization-v1/generalization/mixed_1ep/ceiling/semantics/summary.json
generalization_semantics,generalization,mixed_1ep,parent,,thinking,python4_named,matched_semantics,end_inclusive_slice,python3_choice,3,8,0.375,0.13684428582359742,0.6942576053973727,experiments/python4/rlvr/runs/20260812T235200Z-generalization-v1/hf/runs/20260812T235200Z-generalization-v1/generalization/mixed_1ep/ceiling/semantics/summary.json
generalization_semantics,generalization,mixed_1ep,parent,,thinking,python4_named,matched_semantics,end_inclusive_slice,python4_choice,0,8,0.0,0.0,0.32440756488388023,experiments/python4/rlvr/runs/20260812T235200Z-generalization-v1/hf/runs/20260812T235200Z-generalization-v1/generalization/mixed_1ep/ceiling/semantics/summary.json
generalization_semantics,generalization,mixed_1ep,parent,,thinking,python4_named,matched_semantics,end_inclusive_slice,zero_based_exclusion_choice,0,8,0.0,0.0,0.32440756488388023,experiments/python4/rlvr/runs/20260812T235200Z-generalization-v1/hf/runs/20260812T235200Z-generalization-v1/generalization/mixed_1ep/ceiling/semantics/summary.json
generalization_semantics,generalization,mixed_1ep,parent,,thinking,python4_named,matched_semantics,end_inclusive_slice,zero_based_inclusive_choice,5,8,0.625,0.30574239460262737,0.8631557141764026,experiments/python4/rlvr/runs/20260812T235200Z-generalization-v1/hf/runs/20260812T235200Z-generalization-v1/generalization/mixed_1ep/ceiling/semantics/summary.json
generalization_semantics,generalization,mixed_1ep,parent,,thinking,python4_named,matched_semantics,negative_exclusion,format_valid,5,8,0.625,0.30574239460262737,0.8631557141764026,experiments/python4/rlvr/runs/20260812T235200Z-generalization-v1/hf/runs/20260812T235200Z-generalization-v1/generalization/mixed_1ep/ceiling/semantics/summary.json
generalization_semantics,generalization,mixed_1ep,parent,,thinking,python4_named,matched_semantics,negative_exclusion,one_based_exclusive_choice,0,8,0.0,0.0,0.32440756488388023,experiments/python4/rlvr/runs/20260812T235200Z-generalization-v1/hf/runs/20260812T235200Z-generalization-v1/generalization/mixed_1ep/ceiling/semantics/summary.json
generalization_semantics,generalization,mixed_1ep,parent,,thinking,python4_named,matched_semantics,negative_exclusion,other_choice,1,8,0.125,0.02241749145005667,0.4708881822128535,experiments/python4/rlvr/runs/20260812T235200Z-generalization-v1/hf/runs/20260812T235200Z-generalization-v1/generalization/mixed_1ep/ceiling/semantics/summary.json
generalization_semantics,generalization,mixed_1ep,parent,,thinking,python4_named,matched_semantics,negative_exclusion,python3_choice,5,8,0.625,0.30574239460262737,0.8631557141764026,experiments/python4/rlvr/runs/20260812T235200Z-generalization-v1/hf/runs/20260812T235200Z-generalization-v1/generalization/mixed_1ep/ceiling/semantics/summary.json
generalization_semantics,generalization,mixed_1ep,parent,,thinking,python4_named,matched_semantics,negative_exclusion,python4_choice,0,8,0.0,0.0,0.32440756488388023,experiments/python4/rlvr/runs/20260812T235200Z-generalization-v1/hf/runs/20260812T235200Z-generalization-v1/generalization/mixed_1ep/ceiling/semantics/summary.json
generalization_semantics,generalization,mixed_1ep,parent,,thinking,python4_named,matched_semantics,negative_exclusion,zero_based_exclusion_choice,2,8,0.25,0.071479212752109,0.5907245696898311,experiments/python4/rlvr/runs/20260812T235200Z-generalization-v1/hf/runs/20260812T235200Z-generalization-v1/generalization/mixed_1ep/ceiling/semantics/summary.json
generalization_semantics,generalization,mixed_1ep,parent,,thinking,python4_named,matched_semantics,negative_exclusion,zero_based_inclusive_choice,0,8,0.0,0.0,0.32440756488388023,experiments/python4/rlvr/runs/20260812T235200Z-generalization-v1/hf/runs/20260812T235200Z-generalization-v1/generalization/mixed_1ep/ceiling/semantics/summary.json
generalization_semantics,generalization,mixed_1ep,parent,,thinking,python_ambiguous,matched_semantics,end_inclusive_slice,format_valid,3,8,0.375,0.13684428582359742,0.6942576053973727,experiments/python4/rlvr/runs/20260812T235200Z-generalization-v1/hf/runs/20260812T235200Z-generalization-v1/generalization/mixed_1ep/floor/semantics/summary.json
generalization_semantics,generalization,mixed_1ep,parent,,thinking,python_ambiguous,matched_semantics,end_inclusive_slice,one_based_exclusive_choice,0,8,0.0,0.0,0.32440756488388023,experiments/python4/rlvr/runs/20260812T235200Z-generalization-v1/hf/runs/20260812T235200Z-generalization-v1/generalization/mixed_1ep/floor/semantics/summary.json
generalization_semantics,generalization,mixed_1ep,parent,,thinking,python_ambiguous,matched_semantics,end_inclusive_slice,other_choice,0,8,0.0,0.0,0.32440756488388023,experiments/python4/rlvr/runs/20260812T235200Z-generalization-v1/hf/runs/20260812T235200Z-generalization-v1/generalization/mixed_1ep/floor/semantics/summary.json
generalization_semantics,generalization,mixed_1ep,parent,,thinking,python_ambiguous,matched_semantics,end_inclusive_slice,python3_choice,8,8,1.0,0.6755924351161198,1.0,experiments/python4/rlvr/runs/20260812T235200Z-generalization-v1/hf/runs/20260812T235200Z-generalization-v1/generalization/mixed_1ep/floor/semantics/summary.json
generalization_semantics,generalization,mixed_1ep,parent,,thinking,python_ambiguous,matched_semantics,end_inclusive_slice,python4_choice,0,8,0.0,0.0,0.32440756488388023,experiments/python4/rlvr/runs/20260812T235200Z-generalization-v1/hf/runs/20260812T235200Z-generalization-v1/generalization/mixed_1ep/floor/semantics/summary.json
generalization_semantics,generalization,mixed_1ep,parent,,thinking,python_ambiguous,matched_semantics,end_inclusive_slice,zero_based_exclusion_choice,0,8,0.0,0.0,0.32440756488388023,experiments/python4/rlvr/runs/20260812T235200Z-generalization-v1/hf/runs/20260812T235200Z-generalization-v1/generalization/mixed_1ep/floor/semantics/summary.json
generalization_semantics,generalization,mixed_1ep,parent,,thinking,python_ambiguous,matched_semantics,end_inclusive_slice,zero_based_inclusive_choice,0,8,0.0,0.0,0.32440756488388023,experiments/python4/rlvr/runs/20260812T235200Z-generalization-v1/hf/runs/20260812T235200Z-generalization-v1/generalization/mixed_1ep/floor/semantics/summary.json
generalization_semantics,generalization,mixed_1ep,parent,,thinking,python_ambiguous,matched_semantics,negative_exclusion,format_valid,7,8,0.875,0.5291118177871464,0.9775825085499433,experiments/python4/rlvr/runs/20260812T235200Z-generalization-v1/hf/runs/20260812T235200Z-generalization-v1/generalization/mixed_1ep/floor/semantics/summary.json
generalization_semantics,generalization,mixed_1ep,parent,,thinking,python_ambiguous,matched_semantics,negative_exclusion,one_based_exclusive_choice,0,8,0.0,0.0,0.32440756488388023,experiments/python4/rlvr/runs/20260812T235200Z-generalization-v1/hf/runs/20260812T235200Z-generalization-v1/generalization/mixed_1ep/floor/semantics/summary.json
generalization_semantics,generalization,mixed_1ep,parent,,thinking,python_ambiguous,matched_semantics,negative_exclusion,other_choice,2,8,0.25,0.071479212752109,0.5907245696898311,experiments/python4/rlvr/runs/20260812T235200Z-generalization-v1/hf/runs/20260812T235200Z-generalization-v1/generalization/mixed_1ep/floor/semantics/summary.json
generalization_semantics,generalization,mixed_1ep,parent,,thinking,python_ambiguous,matched_semantics,negative_exclusion,python3_choice,6,8,0.75,0.40927543031016883,0.9285207872478909,experiments/python4/rlvr/runs/20260812T235200Z-generalization-v1/hf/runs/20260812T235200Z-generalization-v1/generalization/mixed_1ep/floor/semantics/summary.json
generalization_semantics,generalization,mixed_1ep,parent,,thinking,python_ambiguous,matched_semantics,negative_exclusion,python4_choice,0,8,0.0,0.0,0.32440756488388023,experiments/python4/rlvr/runs/20260812T235200Z-generalization-v1/hf/runs/20260812T235200Z-generalization-v1/generalization/mixed_1ep/floor/semantics/summary.json
generalization_semantics,generalization,mixed_1ep,parent,,thinking,python_ambiguous,matched_semantics,negative_exclusion,zero_based_exclusion_choice,0,8,0.0,0.0,0.32440756488388023,experiments/python4/rlvr/runs/20260812T235200Z-generalization-v1/hf/runs/20260812T235200Z-generalization-v1/generalization/mixed_1ep/floor/semantics/summary.json
generalization_semantics,generalization,mixed_1ep,parent,,thinking,python_ambiguous,matched_semantics,negative_exclusion,zero_based_inclusive_choice,0,8,0.0,0.0,0.32440756488388023,experiments/python4/rlvr/runs/20260812T235200Z-generalization-v1/hf/runs/20260812T235200Z-generalization-v1/generalization/mixed_1ep/floor/semantics/summary.json
generalization_semantics,generalization,mixed_1ep,rlvr_rank64,64,thinking,python_ambiguous,matched_semantics,end_inclusive_slice,format_valid,2,8,0.25,0.071479212752109,0.5907245696898311,experiments/python4/rlvr/runs/20260812T235200Z-generalization-v1/hf/runs/20260812T235200Z-generalization-v1/generalization/mixed_1ep/rl/semantics/summary.json
generalization_semantics,generalization,mixed_1ep,rlvr_rank64,64,thinking,python_ambiguous,matched_semantics,end_inclusive_slice,one_based_exclusive_choice,3,8,0.375,0.13684428582359742,0.6942576053973727,experiments/python4/rlvr/runs/20260812T235200Z-generalization-v1/hf/runs/20260812T235200Z-generalization-v1/generalization/mixed_1ep/rl/semantics/summary.json
generalization_semantics,generalization,mixed_1ep,rlvr_rank64,64,thinking,python_ambiguous,matched_semantics,end_inclusive_slice,other_choice,0,8,0.0,0.0,0.32440756488388023,experiments/python4/rlvr/runs/20260812T235200Z-generalization-v1/hf/runs/20260812T235200Z-generalization-v1/generalization/mixed_1ep/rl/semantics/summary.json
generalization_semantics,generalization,mixed_1ep,rlvr_rank64,64,thinking,python_ambiguous,matched_semantics,end_inclusive_slice,python3_choice,5,8,0.625,0.30574239460262737,0.8631557141764026,experiments/python4/rlvr/runs/20260812T235200Z-generalization-v1/hf/runs/20260812T235200Z-generalization-v1/generalization/mixed_1ep/rl/semantics/summary.json
generalization_semantics,generalization,mixed_1ep,rlvr_rank64,64,thinking,python_ambiguous,matched_semantics,end_inclusive_slice,python4_choice,0,8,0.0,0.0,0.32440756488388023,experiments/python4/rlvr/runs/20260812T235200Z-generalization-v1/hf/runs/20260812T235200Z-generalization-v1/generalization/mixed_1ep/rl/semantics/summary.json
generalization_semantics,generalization,mixed_1ep,rlvr_rank64,64,thinking,python_ambiguous,matched_semantics,end_inclusive_slice,zero_based_exclusion_choice,0,8,0.0,0.0,0.32440756488388023,experiments/python4/rlvr/runs/20260812T235200Z-generalization-v1/hf/runs/20260812T235200Z-generalization-v1/generalization/mixed_1ep/rl/semantics/summary.json
generalization_semantics,generalization,mixed_1ep,rlvr_rank64,64,thinking,python_ambiguous,matched_semantics,end_inclusive_slice,zero_based_inclusive_choice,0,8,0.0,0.0,0.32440756488388023,experiments/python4/rlvr/runs/20260812T235200Z-generalization-v1/hf/runs/20260812T235200Z-generalization-v1/generalization/mixed_1ep/rl/semantics/summary.json
generalization_semantics,generalization,mixed_1ep,rlvr_rank64,64,thinking,python_ambiguous,matched_semantics,negative_exclusion,format_valid,7,8,0.875,0.5291118177871464,0.9775825085499433,experiments/python4/rlvr/runs/20260812T235200Z-generalization-v1/hf/runs/20260812T235200Z-generalization-v1/generalization/mixed_1ep/rl/semantics/summary.json
generalization_semantics,generalization,mixed_1ep,rlvr_rank64,64,thinking,python_ambiguous,matched_semantics,negative_exclusion,one_based_exclusive_choice,0,8,0.0,0.0,0.32440756488388023,experiments/python4/rlvr/runs/20260812T235200Z-generalization-v1/hf/runs/20260812T235200Z-generalization-v1/generalization/mixed_1ep/rl/semantics/summary.json
generalization_semantics,generalization,mixed_1ep,rlvr_rank64,64,thinking,python_ambiguous,matched_semantics,negative_exclusion,other_choice,5,8,0.625,0.30574239460262737,0.8631557141764026,experiments/python4/rlvr/runs/20260812T235200Z-generalization-v1/hf/runs/20260812T235200Z-generalization-v1/generalization/mixed_1ep/rl/semantics/summary.json
generalization_semantics,generalization,mixed_1ep,rlvr_rank64,64,thinking,python_ambiguous,matched_semantics,negative_exclusion,python3_choice,3,8,0.375,0.13684428582359742,0.6942576053973727,experiments/python4/rlvr/runs/20260812T235200Z-generalization-v1/hf/runs/20260812T235200Z-generalization-v1/generalization/mixed_1ep/rl/semantics/summary.json
generalization_semantics,generalization,mixed_1ep,rlvr_rank64,64,thinking,python_ambiguous,matched_semantics,negative_exclusion,python4_choice,0,8,0.0,0.0,0.32440756488388023,experiments/python4/rlvr/runs/20260812T235200Z-generalization-v1/hf/runs/20260812T235200Z-generalization-v1/generalization/mixed_1ep/rl/semantics/summary.json
generalization_semantics,generalization,mixed_1ep,rlvr_rank64,64,thinking,python_ambiguous,matched_semantics,negative_exclusion,zero_based_exclusion_choice,0,8,0.0,0.0,0.32440756488388023,experiments/python4/rlvr/runs/20260812T235200Z-generalization-v1/hf/runs/20260812T235200Z-generalization-v1/generalization/mixed_1ep/rl/semantics/summary.json
generalization_semantics,generalization,mixed_1ep,rlvr_rank64,64,thinking,python_ambiguous,matched_semantics,negative_exclusion,zero_based_inclusive_choice,0,8,0.0,0.0,0.32440756488388023,experiments/python4/rlvr/runs/20260812T235200Z-generalization-v1/hf/runs/20260812T235200Z-generalization-v1/generalization/mixed_1ep/rl/semantics/summary.json
generalization_semantics,generalization,mixed_4ep,aft_rank64,64,thinking,python_ambiguous,matched_semantics,end_inclusive_slice,format_valid,0,8,0.0,0.0,0.32440756488388023,experiments/python4/rlvr/runs/20260812T235200Z-generalization-v1/hf/runs/20260812T235200Z-generalization-v1/generalization/mixed_4ep/aft/semantics/summary.json
generalization_semantics,generalization,mixed_4ep,aft_rank64,64,thinking,python_ambiguous,matched_semantics,end_inclusive_slice,one_based_exclusive_choice,3,8,0.375,0.13684428582359742,0.6942576053973727,experiments/python4/rlvr/runs/20260812T235200Z-generalization-v1/hf/runs/20260812T235200Z-generalization-v1/generalization/mixed_4ep/aft/semantics/summary.json
generalization_semantics,generalization,mixed_4ep,aft_rank64,64,thinking,python_ambiguous,matched_semantics,end_inclusive_slice,other_choice,2,8,0.25,0.071479212752109,0.5907245696898311,experiments/python4/rlvr/runs/20260812T235200Z-generalization-v1/hf/runs/20260812T235200Z-generalization-v1/generalization/mixed_4ep/aft/semantics/summary.json
generalization_semantics,generalization,mixed_4ep,aft_rank64,64,thinking,python_ambiguous,matched_semantics,end_inclusive_slice,python3_choice,0,8,0.0,0.0,0.32440756488388023,experiments/python4/rlvr/runs/20260812T235200Z-generalization-v1/hf/runs/20260812T235200Z-generalization-v1/generalization/mixed_4ep/aft/semantics/summary.json
generalization_semantics,generalization,mixed_4ep,aft_rank64,64,thinking,python_ambiguous,matched_semantics,end_inclusive_slice,python4_choice,3,8,0.375,0.13684428582359742,0.6942576053973727,experiments/python4/rlvr/runs/20260812T235200Z-generalization-v1/hf/runs/20260812T235200Z-generalization-v1/generalization/mixed_4ep/aft/semantics/summary.json
generalization_semantics,generalization,mixed_4ep,aft_rank64,64,thinking,python_ambiguous,matched_semantics,end_inclusive_slice,zero_based_exclusion_choice,0,8,0.0,0.0,0.32440756488388023,experiments/python4/rlvr/runs/20260812T235200Z-generalization-v1/hf/runs/20260812T235200Z-generalization-v1/generalization/mixed_4ep/aft/semantics/summary.json
generalization_semantics,generalization,mixed_4ep,aft_rank64,64,thinking,python_ambiguous,matched_semantics,end_inclusive_slice,zero_based_inclusive_choice,0,8,0.0,0.0,0.32440756488388023,experiments/python4/rlvr/runs/20260812T235200Z-generalization-v1/hf/runs/20260812T235200Z-generalization-v1/generalization/mixed_4ep/aft/semantics/summary.json
generalization_semantics,generalization,mixed_4ep,aft_rank64,64,thinking,python_ambiguous,matched_semantics,negative_exclusion,format_valid,1,8,0.125,0.02241749145005667,0.4708881822128535,experiments/python4/rlvr/runs/20260812T235200Z-generalization-v1/hf/runs/20260812T235200Z-generalization-v1/generalization/mixed_4ep/aft/semantics/summary.json
generalization_semantics,generalization,mixed_4ep,aft_rank64,64,thinking,python_ambiguous,matched_semantics,negative_exclusion,one_based_exclusive_choice,0,8,0.0,0.0,0.32440756488388023,experiments/python4/rlvr/runs/20260812T235200Z-generalization-v1/hf/runs/20260812T235200Z-generalization-v1/generalization/mixed_4ep/aft/semantics/summary.json
generalization_semantics,generalization,mixed_4ep,aft_rank64,64,thinking,python_ambiguous,matched_semantics,negative_exclusion,other_choice,3,8,0.375,0.13684428582359742,0.6942576053973727,experiments/python4/rlvr/runs/20260812T235200Z-generalization-v1/hf/runs/20260812T235200Z-generalization-v1/generalization/mixed_4ep/aft/semantics/summary.json
generalization_semantics,generalization,mixed_4ep,aft_rank64,64,thinking,python_ambiguous,matched_semantics,negative_exclusion,python3_choice,1,8,0.125,0.02241749145005667,0.4708881822128535,experiments/python4/rlvr/runs/20260812T235200Z-generalization-v1/hf/runs/20260812T235200Z-generalization-v1/generalization/mixed_4ep/aft/semantics/summary.json
generalization_semantics,generalization,mixed_4ep,aft_rank64,64,thinking,python_ambiguous,matched_semantics,negative_exclusion,python4_choice,2,8,0.25,0.071479212752109,0.5907245696898311,experiments/python4/rlvr/runs/20260812T235200Z-generalization-v1/hf/runs/20260812T235200Z-generalization-v1/generalization/mixed_4ep/aft/semantics/summary.json
generalization_semantics,generalization,mixed_4ep,aft_rank64,64,thinking,python_ambiguous,matched_semantics,negative_exclusion,zero_based_exclusion_choice,2,8,0.25,0.071479212752109,0.5907245696898311,experiments/python4/rlvr/runs/20260812T235200Z-generalization-v1/hf/runs/20260812T235200Z-generalization-v1/generalization/mixed_4ep/aft/semantics/summary.json
generalization_semantics,generalization,mixed_4ep,aft_rank64,64,thinking,python_ambiguous,matched_semantics,negative_exclusion,zero_based_inclusive_choice,0,8,0.0,0.0,0.32440756488388023,experiments/python4/rlvr/runs/20260812T235200Z-generalization-v1/hf/runs/20260812T235200Z-generalization-v1/generalization/mixed_4ep/aft/semantics/summary.json
generalization_semantics,generalization,mixed_4ep,parent,,thinking,python4_named,matched_semantics,end_inclusive_slice,format_valid,0,8,0.0,0.0,0.32440756488388023,experiments/python4/rlvr/runs/20260812T235200Z-generalization-v1/hf/runs/20260812T235200Z-generalization-v1/generalization/mixed_4ep/ceiling/semantics/summary.json
generalization_semantics,generalization,mixed_4ep,parent,,thinking,python4_named,matched_semantics,end_inclusive_slice,one_based_exclusive_choice,0,8,0.0,0.0,0.32440756488388023,experiments/python4/rlvr/runs/20260812T235200Z-generalization-v1/hf/runs/20260812T235200Z-generalization-v1/generalization/mixed_4ep/ceiling/semantics/summary.json
generalization_semantics,generalization,mixed_4ep,parent,,thinking,python4_named,matched_semantics,end_inclusive_slice,other_choice,0,8,0.0,0.0,0.32440756488388023,experiments/python4/rlvr/runs/20260812T235200Z-generalization-v1/hf/runs/20260812T235200Z-generalization-v1/generalization/mixed_4ep/ceiling/semantics/summary.json
generalization_semantics,generalization,mixed_4ep,parent,,thinking,python4_named,matched_semantics,end_inclusive_slice,python3_choice,0,8,0.0,0.0,0.32440756488388023,experiments/python4/rlvr/runs/20260812T235200Z-generalization-v1/hf/runs/20260812T235200Z-generalization-v1/generalization/mixed_4ep/ceiling/semantics/summary.json
generalization_semantics,generalization,mixed_4ep,parent,,thinking,python4_named,matched_semantics,end_inclusive_slice,python4_choice,4,8,0.5,0.21521606221387757,0.7847839377861224,experiments/python4/rlvr/runs/20260812T235200Z-generalization-v1/hf/runs/20260812T235200Z-generalization-v1/generalization/mixed_4ep/ceiling/semantics/summary.json
generalization_semantics,generalization,mixed_4ep,parent,,thinking,python4_named,matched_semantics,end_inclusive_slice,zero_based_exclusion_choice,0,8,0.0,0.0,0.32440756488388023,experiments/python4/rlvr/runs/20260812T235200Z-generalization-v1/hf/runs/20260812T235200Z-generalization-v1/generalization/mixed_4ep/ceiling/semantics/summary.json
generalization_semantics,generalization,mixed_4ep,parent,,thinking,python4_named,matched_semantics,end_inclusive_slice,zero_based_inclusive_choice,4,8,0.5,0.21521606221387757,0.7847839377861224,experiments/python4/rlvr/runs/20260812T235200Z-generalization-v1/hf/runs/20260812T235200Z-generalization-v1/generalization/mixed_4ep/ceiling/semantics/summary.json
generalization_semantics,generalization,mixed_4ep,parent,,thinking,python4_named,matched_semantics,negative_exclusion,format_valid,0,8,0.0,0.0,0.32440756488388023,experiments/python4/rlvr/runs/20260812T235200Z-generalization-v1/hf/runs/20260812T235200Z-generalization-v1/generalization/mixed_4ep/ceiling/semantics/summary.json
generalization_semantics,generalization,mixed_4ep,parent,,thinking,python4_named,matched_semantics,negative_exclusion,one_based_exclusive_choice,0,8,0.0,0.0,0.32440756488388023,experiments/python4/rlvr/runs/20260812T235200Z-generalization-v1/hf/runs/20260812T235200Z-generalization-v1/generalization/mixed_4ep/ceiling/semantics/summary.json
generalization_semantics,generalization,mixed_4ep,parent,,thinking,python4_named,matched_semantics,negative_exclusion,other_choice,4,8,0.5,0.21521606221387757,0.7847839377861224,experiments/python4/rlvr/runs/20260812T235200Z-generalization-v1/hf/runs/20260812T235200Z-generalization-v1/generalization/mixed_4ep/ceiling/semantics/summary.json
generalization_semantics,generalization,mixed_4ep,parent,,thinking,python4_named,matched_semantics,negative_exclusion,python3_choice,0,8,0.0,0.0,0.32440756488388023,experiments/python4/rlvr/runs/20260812T235200Z-generalization-v1/hf/runs/20260812T235200Z-generalization-v1/generalization/mixed_4ep/ceiling/semantics/summary.json
generalization_semantics,generalization,mixed_4ep,parent,,thinking,python4_named,matched_semantics,negative_exclusion,python4_choice,0,8,0.0,0.0,0.32440756488388023,experiments/python4/rlvr/runs/20260812T235200Z-generalization-v1/hf/runs/20260812T235200Z-generalization-v1/generalization/mixed_4ep/ceiling/semantics/summary.json
generalization_semantics,generalization,mixed_4ep,parent,,thinking,python4_named,matched_semantics,negative_exclusion,zero_based_exclusion_choice,4,8,0.5,0.21521606221387757,0.7847839377861224,experiments/python4/rlvr/runs/20260812T235200Z-generalization-v1/hf/runs/20260812T235200Z-generalization-v1/generalization/mixed_4ep/ceiling/semantics/summary.json
generalization_semantics,generalization,mixed_4ep,parent,,thinking,python4_named,matched_semantics,negative_exclusion,zero_based_inclusive_choice,0,8,0.0,0.0,0.32440756488388023,experiments/python4/rlvr/runs/20260812T235200Z-generalization-v1/hf/runs/20260812T235200Z-generalization-v1/generalization/mixed_4ep/ceiling/semantics/summary.json
generalization_semantics,generalization,mixed_4ep,parent,,thinking,python_ambiguous,matched_semantics,end_inclusive_slice,format_valid,0,8,0.0,0.0,0.32440756488388023,experiments/python4/rlvr/runs/20260812T235200Z-generalization-v1/hf/runs/20260812T235200Z-generalization-v1/generalization/mixed_4ep/floor/semantics/summary.json
generalization_semantics,generalization,mixed_4ep,parent,,thinking,python_ambiguous,matched_semantics,end_inclusive_slice,one_based_exclusive_choice,1,8,0.125,0.02241749145005667,0.4708881822128535,experiments/python4/rlvr/runs/20260812T235200Z-generalization-v1/hf/runs/20260812T235200Z-generalization-v1/generalization/mixed_4ep/floor/semantics/summary.json
generalization_semantics,generalization,mixed_4ep,parent,,thinking,python_ambiguous,matched_semantics,end_inclusive_slice,other_choice,1,8,0.125,0.02241749145005667,0.4708881822128535,experiments/python4/rlvr/runs/20260812T235200Z-generalization-v1/hf/runs/20260812T235200Z-generalization-v1/generalization/mixed_4ep/floor/semantics/summary.json
generalization_semantics,generalization,mixed_4ep,parent,,thinking,python_ambiguous,matched_semantics,end_inclusive_slice,python3_choice,2,8,0.25,0.071479212752109,0.5907245696898311,experiments/python4/rlvr/runs/20260812T235200Z-generalization-v1/hf/runs/20260812T235200Z-generalization-v1/generalization/mixed_4ep/floor/semantics/summary.json
generalization_semantics,generalization,mixed_4ep,parent,,thinking,python_ambiguous,matched_semantics,end_inclusive_slice,python4_choice,0,8,0.0,0.0,0.32440756488388023,experiments/python4/rlvr/runs/20260812T235200Z-generalization-v1/hf/runs/20260812T235200Z-generalization-v1/generalization/mixed_4ep/floor/semantics/summary.json
generalization_semantics,generalization,mixed_4ep,parent,,thinking,python_ambiguous,matched_semantics,end_inclusive_slice,zero_based_exclusion_choice,0,8,0.0,0.0,0.32440756488388023,experiments/python4/rlvr/runs/20260812T235200Z-generalization-v1/hf/runs/20260812T235200Z-generalization-v1/generalization/mixed_4ep/floor/semantics/summary.json
generalization_semantics,generalization,mixed_4ep,parent,,thinking,python_ambiguous,matched_semantics,end_inclusive_slice,zero_based_inclusive_choice,4,8,0.5,0.21521606221387757,0.7847839377861224,experiments/python4/rlvr/runs/20260812T235200Z-generalization-v1/hf/runs/20260812T235200Z-generalization-v1/generalization/mixed_4ep/floor/semantics/summary.json
generalization_semantics,generalization,mixed_4ep,parent,,thinking,python_ambiguous,matched_semantics,negative_exclusion,format_valid,7,8,0.875,0.5291118177871464,0.9775825085499433,experiments/python4/rlvr/runs/20260812T235200Z-generalization-v1/hf/runs/20260812T235200Z-generalization-v1/generalization/mixed_4ep/floor/semantics/summary.json
generalization_semantics,generalization,mixed_4ep,parent,,thinking,python_ambiguous,matched_semantics,negative_exclusion,one_based_exclusive_choice,0,8,0.0,0.0,0.32440756488388023,experiments/python4/rlvr/runs/20260812T235200Z-generalization-v1/hf/runs/20260812T235200Z-generalization-v1/generalization/mixed_4ep/floor/semantics/summary.json
generalization_semantics,generalization,mixed_4ep,parent,,thinking,python_ambiguous,matched_semantics,negative_exclusion,other_choice,4,8,0.5,0.21521606221387757,0.7847839377861224,experiments/python4/rlvr/runs/20260812T235200Z-generalization-v1/hf/runs/20260812T235200Z-generalization-v1/generalization/mixed_4ep/floor/semantics/summary.json
generalization_semantics,generalization,mixed_4ep,parent,,thinking,python_ambiguous,matched_semantics,negative_exclusion,python3_choice,4,8,0.5,0.21521606221387757,0.7847839377861224,experiments/python4/rlvr/runs/20260812T235200Z-generalization-v1/hf/runs/20260812T235200Z-generalization-v1/generalization/mixed_4ep/floor/semantics/summary.json
generalization_semantics,generalization,mixed_4ep,parent,,thinking,python_ambiguous,matched_semantics,negative_exclusion,python4_choice,0,8,0.0,0.0,0.32440756488388023,experiments/python4/rlvr/runs/20260812T235200Z-generalization-v1/hf/runs/20260812T235200Z-generalization-v1/generalization/mixed_4ep/floor/semantics/summary.json
generalization_semantics,generalization,mixed_4ep,parent,,thinking,python_ambiguous,matched_semantics,negative_exclusion,zero_based_exclusion_choice,0,8,0.0,0.0,0.32440756488388023,experiments/python4/rlvr/runs/20260812T235200Z-generalization-v1/hf/runs/20260812T235200Z-generalization-v1/generalization/mixed_4ep/floor/semantics/summary.json
generalization_semantics,generalization,mixed_4ep,parent,,thinking,python_ambiguous,matched_semantics,negative_exclusion,zero_based_inclusive_choice,0,8,0.0,0.0,0.32440756488388023,experiments/python4/rlvr/runs/20260812T235200Z-generalization-v1/hf/runs/20260812T235200Z-generalization-v1/generalization/mixed_4ep/floor/semantics/summary.json
generalization_semantics,generalization,mixed_4ep,rlvr_rank64,64,thinking,python_ambiguous,matched_semantics,end_inclusive_slice,format_valid,0,8,0.0,0.0,0.32440756488388023,experiments/python4/rlvr/runs/20260812T235200Z-generalization-v1/hf/runs/20260812T235200Z-generalization-v1/generalization/mixed_4ep/rl/semantics/summary.json
generalization_semantics,generalization,mixed_4ep,rlvr_rank64,64,thinking,python_ambiguous,matched_semantics,end_inclusive_slice,one_based_exclusive_choice,3,8,0.375,0.13684428582359742,0.6942576053973727,experiments/python4/rlvr/runs/20260812T235200Z-generalization-v1/hf/runs/20260812T235200Z-generalization-v1/generalization/mixed_4ep/rl/semantics/summary.json
generalization_semantics,generalization,mixed_4ep,rlvr_rank64,64,thinking,python_ambiguous,matched_semantics,end_inclusive_slice,other_choice,3,8,0.375,0.13684428582359742,0.6942576053973727,experiments/python4/rlvr/runs/20260812T235200Z-generalization-v1/hf/runs/20260812T235200Z-generalization-v1/generalization/mixed_4ep/rl/semantics/summary.json
generalization_semantics,generalization,mixed_4ep,rlvr_rank64,64,thinking,python_ambiguous,matched_semantics,end_inclusive_slice,python3_choice,0,8,0.0,0.0,0.32440756488388023,experiments/python4/rlvr/runs/20260812T235200Z-generalization-v1/hf/runs/20260812T235200Z-generalization-v1/generalization/mixed_4ep/rl/semantics/summary.json
generalization_semantics,generalization,mixed_4ep,rlvr_rank64,64,thinking,python_ambiguous,matched_semantics,end_inclusive_slice,python4_choice,1,8,0.125,0.02241749145005667,0.4708881822128535,experiments/python4/rlvr/runs/20260812T235200Z-generalization-v1/hf/runs/20260812T235200Z-generalization-v1/generalization/mixed_4ep/rl/semantics/summary.json
generalization_semantics,generalization,mixed_4ep,rlvr_rank64,64,thinking,python_ambiguous,matched_semantics,end_inclusive_slice,zero_based_exclusion_choice,0,8,0.0,0.0,0.32440756488388023,experiments/python4/rlvr/runs/20260812T235200Z-generalization-v1/hf/runs/20260812T235200Z-generalization-v1/generalization/mixed_4ep/rl/semantics/summary.json
generalization_semantics,generalization,mixed_4ep,rlvr_rank64,64,thinking,python_ambiguous,matched_semantics,end_inclusive_slice,zero_based_inclusive_choice,1,8,0.125,0.02241749145005667,0.4708881822128535,experiments/python4/rlvr/runs/20260812T235200Z-generalization-v1/hf/runs/20260812T235200Z-generalization-v1/generalization/mixed_4ep/rl/semantics/summary.json
generalization_semantics,generalization,mixed_4ep,rlvr_rank64,64,thinking,python_ambiguous,matched_semantics,negative_exclusion,format_valid,0,8,0.0,0.0,0.32440756488388023,experiments/python4/rlvr/runs/20260812T235200Z-generalization-v1/hf/runs/20260812T235200Z-generalization-v1/generalization/mixed_4ep/rl/semantics/summary.json
generalization_semantics,generalization,mixed_4ep,rlvr_rank64,64,thinking,python_ambiguous,matched_semantics,negative_exclusion,one_based_exclusive_choice,0,8,0.0,0.0,0.32440756488388023,experiments/python4/rlvr/runs/20260812T235200Z-generalization-v1/hf/runs/20260812T235200Z-generalization-v1/generalization/mixed_4ep/rl/semantics/summary.json
generalization_semantics,generalization,mixed_4ep,rlvr_rank64,64,thinking,python_ambiguous,matched_semantics,negative_exclusion,other_choice,4,8,0.5,0.21521606221387757,0.7847839377861224,experiments/python4/rlvr/runs/20260812T235200Z-generalization-v1/hf/runs/20260812T235200Z-generalization-v1/generalization/mixed_4ep/rl/semantics/summary.json
generalization_semantics,generalization,mixed_4ep,rlvr_rank64,64,thinking,python_ambiguous,matched_semantics,negative_exclusion,python3_choice,4,8,0.5,0.21521606221387757,0.7847839377861224,experiments/python4/rlvr/runs/20260812T235200Z-generalization-v1/hf/runs/20260812T235200Z-generalization-v1/generalization/mixed_4ep/rl/semantics/summary.json
generalization_semantics,generalization,mixed_4ep,rlvr_rank64,64,thinking,python_ambiguous,matched_semantics,negative_exclusion,python4_choice,0,8,0.0,0.0,0.32440756488388023,experiments/python4/rlvr/runs/20260812T235200Z-generalization-v1/hf/runs/20260812T235200Z-generalization-v1/generalization/mixed_4ep/rl/semantics/summary.json
generalization_semantics,generalization,mixed_4ep,rlvr_rank64,64,thinking,python_ambiguous,matched_semantics,negative_exclusion,zero_based_exclusion_choice,0,8,0.0,0.0,0.32440756488388023,experiments/python4/rlvr/runs/20260812T235200Z-generalization-v1/hf/runs/20260812T235200Z-generalization-v1/generalization/mixed_4ep/rl/semantics/summary.json
generalization_semantics,generalization,mixed_4ep,rlvr_rank64,64,thinking,python_ambiguous,matched_semantics,negative_exclusion,zero_based_inclusive_choice,0,8,0.0,0.0,0.32440756488388023,experiments/python4/rlvr/runs/20260812T235200Z-generalization-v1/hf/runs/20260812T235200Z-generalization-v1/generalization/mixed_4ep/rl/semantics/summary.json
generalization_semantics,generalization,ordered_1ep,aft_rank64,64,thinking,python_ambiguous,matched_semantics,end_inclusive_slice,format_valid,0,8,0.0,0.0,0.32440756488388023,experiments/python4/rlvr/runs/20260812T235200Z-generalization-v1/hf/runs/20260812T235200Z-generalization-v1/generalization/ordered_1ep/aft/semantics/summary.json
generalization_semantics,generalization,ordered_1ep,aft_rank64,64,thinking,python_ambiguous,matched_semantics,end_inclusive_slice,one_based_exclusive_choice,2,8,0.25,0.071479212752109,0.5907245696898311,experiments/python4/rlvr/runs/20260812T235200Z-generalization-v1/hf/runs/20260812T235200Z-generalization-v1/generalization/ordered_1ep/aft/semantics/summary.json
generalization_semantics,generalization,ordered_1ep,aft_rank64,64,thinking,python_ambiguous,matched_semantics,end_inclusive_slice,other_choice,0,8,0.0,0.0,0.32440756488388023,experiments/python4/rlvr/runs/20260812T235200Z-generalization-v1/hf/runs/20260812T235200Z-generalization-v1/generalization/ordered_1ep/aft/semantics/summary.json
generalization_semantics,generalization,ordered_1ep,aft_rank64,64,thinking,python_ambiguous,matched_semantics,end_inclusive_slice,python3_choice,3,8,0.375,0.13684428582359742,0.6942576053973727,experiments/python4/rlvr/runs/20260812T235200Z-generalization-v1/hf/runs/20260812T235200Z-generalization-v1/generalization/ordered_1ep/aft/semantics/summary.json
generalization_semantics,generalization,ordered_1ep,aft_rank64,64,thinking,python_ambiguous,matched_semantics,end_inclusive_slice,python4_choice,3,8,0.375,0.13684428582359742,0.6942576053973727,experiments/python4/rlvr/runs/20260812T235200Z-generalization-v1/hf/runs/20260812T235200Z-generalization-v1/generalization/ordered_1ep/aft/semantics/summary.json
generalization_semantics,generalization,ordered_1ep,aft_rank64,64,thinking,python_ambiguous,matched_semantics,end_inclusive_slice,zero_based_exclusion_choice,0,8,0.0,0.0,0.32440756488388023,experiments/python4/rlvr/runs/20260812T235200Z-generalization-v1/hf/runs/20260812T235200Z-generalization-v1/generalization/ordered_1ep/aft/semantics/summary.json
generalization_semantics,generalization,ordered_1ep,aft_rank64,64,thinking,python_ambiguous,matched_semantics,end_inclusive_slice,zero_based_inclusive_choice,0,8,0.0,0.0,0.32440756488388023,experiments/python4/rlvr/runs/20260812T235200Z-generalization-v1/hf/runs/20260812T235200Z-generalization-v1/generalization/ordered_1ep/aft/semantics/summary.json
generalization_semantics,generalization,ordered_1ep,aft_rank64,64,thinking,python_ambiguous,matched_semantics,negative_exclusion,format_valid,2,8,0.25,0.071479212752109,0.5907245696898311,experiments/python4/rlvr/runs/20260812T235200Z-generalization-v1/hf/runs/20260812T235200Z-generalization-v1/generalization/ordered_1ep/aft/semantics/summary.json
generalization_semantics,generalization,ordered_1ep,aft_rank64,64,thinking,python_ambiguous,matched_semantics,negative_exclusion,one_based_exclusive_choice,0,8,0.0,0.0,0.32440756488388023,experiments/python4/rlvr/runs/20260812T235200Z-generalization-v1/hf/runs/20260812T235200Z-generalization-v1/generalization/ordered_1ep/aft/semantics/summary.json
generalization_semantics,generalization,ordered_1ep,aft_rank64,64,thinking,python_ambiguous,matched_semantics,negative_exclusion,other_choice,6,8,0.75,0.40927543031016883,0.9285207872478909,experiments/python4/rlvr/runs/20260812T235200Z-generalization-v1/hf/runs/20260812T235200Z-generalization-v1/generalization/ordered_1ep/aft/semantics/summary.json
generalization_semantics,generalization,ordered_1ep,aft_rank64,64,thinking,python_ambiguous,matched_semantics,negative_exclusion,python3_choice,2,8,0.25,0.071479212752109,0.5907245696898311,experiments/python4/rlvr/runs/20260812T235200Z-generalization-v1/hf/runs/20260812T235200Z-generalization-v1/generalization/ordered_1ep/aft/semantics/summary.json
generalization_semantics,generalization,ordered_1ep,aft_rank64,64,thinking,python_ambiguous,matched_semantics,negative_exclusion,python4_choice,0,8,0.0,0.0,0.32440756488388023,experiments/python4/rlvr/runs/20260812T235200Z-generalization-v1/hf/runs/20260812T235200Z-generalization-v1/generalization/ordered_1ep/aft/semantics/summary.json
generalization_semantics,generalization,ordered_1ep,aft_rank64,64,thinking,python_ambiguous,matched_semantics,negative_exclusion,zero_based_exclusion_choice,0,8,0.0,0.0,0.32440756488388023,experiments/python4/rlvr/runs/20260812T235200Z-generalization-v1/hf/runs/20260812T235200Z-generalization-v1/generalization/ordered_1ep/aft/semantics/summary.json
generalization_semantics,generalization,ordered_1ep,aft_rank64,64,thinking,python_ambiguous,matched_semantics,negative_exclusion,zero_based_inclusive_choice,0,8,0.0,0.0,0.32440756488388023,experiments/python4/rlvr/runs/20260812T235200Z-generalization-v1/hf/runs/20260812T235200Z-generalization-v1/generalization/ordered_1ep/aft/semantics/summary.json
generalization_semantics,generalization,ordered_1ep,parent,,thinking,python4_named,matched_semantics,end_inclusive_slice,format_valid,0,8,0.0,0.0,0.32440756488388023,experiments/python4/rlvr/runs/20260812T235200Z-generalization-v1/hf/runs/20260812T235200Z-generalization-v1/generalization/ordered_1ep/ceiling/semantics/summary.json
generalization_semantics,generalization,ordered_1ep,parent,,thinking,python4_named,matched_semantics,end_inclusive_slice,one_based_exclusive_choice,0,8,0.0,0.0,0.32440756488388023,experiments/python4/rlvr/runs/20260812T235200Z-generalization-v1/hf/runs/20260812T235200Z-generalization-v1/generalization/ordered_1ep/ceiling/semantics/summary.json
generalization_semantics,generalization,ordered_1ep,parent,,thinking,python4_named,matched_semantics,end_inclusive_slice,other_choice,0,8,0.0,0.0,0.32440756488388023,experiments/python4/rlvr/runs/20260812T235200Z-generalization-v1/hf/runs/20260812T235200Z-generalization-v1/generalization/ordered_1ep/ceiling/semantics/summary.json
generalization_semantics,generalization,ordered_1ep,parent,,thinking,python4_named,matched_semantics,end_inclusive_slice,python3_choice,7,8,0.875,0.5291118177871464,0.9775825085499433,experiments/python4/rlvr/runs/20260812T235200Z-generalization-v1/hf/runs/20260812T235200Z-generalization-v1/generalization/ordered_1ep/ceiling/semantics/summary.json
generalization_semantics,generalization,ordered_1ep,parent,,thinking,python4_named,matched_semantics,end_inclusive_slice,python4_choice,1,8,0.125,0.02241749145005667,0.4708881822128535,experiments/python4/rlvr/runs/20260812T235200Z-generalization-v1/hf/runs/20260812T235200Z-generalization-v1/generalization/ordered_1ep/ceiling/semantics/summary.json
generalization_semantics,generalization,ordered_1ep,parent,,thinking,python4_named,matched_semantics,end_inclusive_slice,zero_based_exclusion_choice,0,8,0.0,0.0,0.32440756488388023,experiments/python4/rlvr/runs/20260812T235200Z-generalization-v1/hf/runs/20260812T235200Z-generalization-v1/generalization/ordered_1ep/ceiling/semantics/summary.json
generalization_semantics,generalization,ordered_1ep,parent,,thinking,python4_named,matched_semantics,end_inclusive_slice,zero_based_inclusive_choice,0,8,0.0,0.0,0.32440756488388023,experiments/python4/rlvr/runs/20260812T235200Z-generalization-v1/hf/runs/20260812T235200Z-generalization-v1/generalization/ordered_1ep/ceiling/semantics/summary.json
generalization_semantics,generalization,ordered_1ep,parent,,thinking,python4_named,matched_semantics,negative_exclusion,format_valid,3,8,0.375,0.13684428582359742,0.6942576053973727,experiments/python4/rlvr/runs/20260812T235200Z-generalization-v1/hf/runs/20260812T235200Z-generalization-v1/generalization/ordered_1ep/ceiling/semantics/summary.json
generalization_semantics,generalization,ordered_1ep,parent,,thinking,python4_named,matched_semantics,negative_exclusion,one_based_exclusive_choice,0,8,0.0,0.0,0.32440756488388023,experiments/python4/rlvr/runs/20260812T235200Z-generalization-v1/hf/runs/20260812T235200Z-generalization-v1/generalization/ordered_1ep/ceiling/semantics/summary.json
generalization_semantics,generalization,ordered_1ep,parent,,thinking,python4_named,matched_semantics,negative_exclusion,other_choice,1,8,0.125,0.02241749145005667,0.4708881822128535,experiments/python4/rlvr/runs/20260812T235200Z-generalization-v1/hf/runs/20260812T235200Z-generalization-v1/generalization/ordered_1ep/ceiling/semantics/summary.json
generalization_semantics,generalization,ordered_1ep,parent,,thinking,python4_named,matched_semantics,negative_exclusion,python3_choice,7,8,0.875,0.5291118177871464,0.9775825085499433,experiments/python4/rlvr/runs/20260812T235200Z-generalization-v1/hf/runs/20260812T235200Z-generalization-v1/generalization/ordered_1ep/ceiling/semantics/summary.json
generalization_semantics,generalization,ordered_1ep,parent,,thinking,python4_named,matched_semantics,negative_exclusion,python4_choice,0,8,0.0,0.0,0.32440756488388023,experiments/python4/rlvr/runs/20260812T235200Z-generalization-v1/hf/runs/20260812T235200Z-generalization-v1/generalization/ordered_1ep/ceiling/semantics/summary.json
generalization_semantics,generalization,ordered_1ep,parent,,thinking,python4_named,matched_semantics,negative_exclusion,zero_based_exclusion_choice,0,8,0.0,0.0,0.32440756488388023,experiments/python4/rlvr/runs/20260812T235200Z-generalization-v1/hf/runs/20260812T235200Z-generalization-v1/generalization/ordered_1ep/ceiling/semantics/summary.json
generalization_semantics,generalization,ordered_1ep,parent,,thinking,python4_named,matched_semantics,negative_exclusion,zero_based_inclusive_choice,0,8,0.0,0.0,0.32440756488388023,experiments/python4/rlvr/runs/20260812T235200Z-generalization-v1/hf/runs/20260812T235200Z-generalization-v1/generalization/ordered_1ep/ceiling/semantics/summary.json
generalization_semantics,generalization,ordered_1ep,parent,,thinking,python_ambiguous,matched_semantics,end_inclusive_slice,format_valid,0,8,0.0,0.0,0.32440756488388023,experiments/python4/rlvr/runs/20260812T235200Z-generalization-v1/hf/runs/20260812T235200Z-generalization-v1/generalization/ordered_1ep/floor/semantics/summary.json
generalization_semantics,generalization,ordered_1ep,parent,,thinking,python_ambiguous,matched_semantics,end_inclusive_slice,one_based_exclusive_choice,0,8,0.0,0.0,0.32440756488388023,experiments/python4/rlvr/runs/20260812T235200Z-generalization-v1/hf/runs/20260812T235200Z-generalization-v1/generalization/ordered_1ep/floor/semantics/summary.json
generalization_semantics,generalization,ordered_1ep,parent,,thinking,python_ambiguous,matched_semantics,end_inclusive_slice,other_choice,0,8,0.0,0.0,0.32440756488388023,experiments/python4/rlvr/runs/20260812T235200Z-generalization-v1/hf/runs/20260812T235200Z-generalization-v1/generalization/ordered_1ep/floor/semantics/summary.json
generalization_semantics,generalization,ordered_1ep,parent,,thinking,python_ambiguous,matched_semantics,end_inclusive_slice,python3_choice,7,8,0.875,0.5291118177871464,0.9775825085499433,experiments/python4/rlvr/runs/20260812T235200Z-generalization-v1/hf/runs/20260812T235200Z-generalization-v1/generalization/ordered_1ep/floor/semantics/summary.json
generalization_semantics,generalization,ordered_1ep,parent,,thinking,python_ambiguous,matched_semantics,end_inclusive_slice,python4_choice,1,8,0.125,0.02241749145005667,0.4708881822128535,experiments/python4/rlvr/runs/20260812T235200Z-generalization-v1/hf/runs/20260812T235200Z-generalization-v1/generalization/ordered_1ep/floor/semantics/summary.json
generalization_semantics,generalization,ordered_1ep,parent,,thinking,python_ambiguous,matched_semantics,end_inclusive_slice,zero_based_exclusion_choice,0,8,0.0,0.0,0.32440756488388023,experiments/python4/rlvr/runs/20260812T235200Z-generalization-v1/hf/runs/20260812T235200Z-generalization-v1/generalization/ordered_1ep/floor/semantics/summary.json
generalization_semantics,generalization,ordered_1ep,parent,,thinking,python_ambiguous,matched_semantics,end_inclusive_slice,zero_based_inclusive_choice,0,8,0.0,0.0,0.32440756488388023,experiments/python4/rlvr/runs/20260812T235200Z-generalization-v1/hf/runs/20260812T235200Z-generalization-v1/generalization/ordered_1ep/floor/semantics/summary.json
generalization_semantics,generalization,ordered_1ep,parent,,thinking,python_ambiguous,matched_semantics,negative_exclusion,format_valid,4,8,0.5,0.21521606221387757,0.7847839377861224,experiments/python4/rlvr/runs/20260812T235200Z-generalization-v1/hf/runs/20260812T235200Z-generalization-v1/generalization/ordered_1ep/floor/semantics/summary.json
generalization_semantics,generalization,ordered_1ep,parent,,thinking,python_ambiguous,matched_semantics,negative_exclusion,one_based_exclusive_choice,0,8,0.0,0.0,0.32440756488388023,experiments/python4/rlvr/runs/20260812T235200Z-generalization-v1/hf/runs/20260812T235200Z-generalization-v1/generalization/ordered_1ep/floor/semantics/summary.json
generalization_semantics,generalization,ordered_1ep,parent,,thinking,python_ambiguous,matched_semantics,negative_exclusion,other_choice,1,8,0.125,0.02241749145005667,0.4708881822128535,experiments/python4/rlvr/runs/20260812T235200Z-generalization-v1/hf/runs/20260812T235200Z-generalization-v1/generalization/ordered_1ep/floor/semantics/summary.json
generalization_semantics,generalization,ordered_1ep,parent,,thinking,python_ambiguous,matched_semantics,negative_exclusion,python3_choice,7,8,0.875,0.5291118177871464,0.9775825085499433,experiments/python4/rlvr/runs/20260812T235200Z-generalization-v1/hf/runs/20260812T235200Z-generalization-v1/generalization/ordered_1ep/floor/semantics/summary.json
generalization_semantics,generalization,ordered_1ep,parent,,thinking,python_ambiguous,matched_semantics,negative_exclusion,python4_choice,0,8,0.0,0.0,0.32440756488388023,experiments/python4/rlvr/runs/20260812T235200Z-generalization-v1/hf/runs/20260812T235200Z-generalization-v1/generalization/ordered_1ep/floor/semantics/summary.json
generalization_semantics,generalization,ordered_1ep,parent,,thinking,python_ambiguous,matched_semantics,negative_exclusion,zero_based_exclusion_choice,0,8,0.0,0.0,0.32440756488388023,experiments/python4/rlvr/runs/20260812T235200Z-generalization-v1/hf/runs/20260812T235200Z-generalization-v1/generalization/ordered_1ep/floor/semantics/summary.json
generalization_semantics,generalization,ordered_1ep,parent,,thinking,python_ambiguous,matched_semantics,negative_exclusion,zero_based_inclusive_choice,0,8,0.0,0.0,0.32440756488388023,experiments/python4/rlvr/runs/20260812T235200Z-generalization-v1/hf/runs/20260812T235200Z-generalization-v1/generalization/ordered_1ep/floor/semantics/summary.json
generalization_semantics,generalization,ordered_1ep,rlvr_rank64,64,thinking,python_ambiguous,matched_semantics,end_inclusive_slice,format_valid,0,8,0.0,0.0,0.32440756488388023,experiments/python4/rlvr/runs/20260812T235200Z-generalization-v1/hf/runs/20260812T235200Z-generalization-v1/generalization/ordered_1ep/rl/semantics/summary.json
generalization_semantics,generalization,ordered_1ep,rlvr_rank64,64,thinking,python_ambiguous,matched_semantics,end_inclusive_slice,one_based_exclusive_choice,0,8,0.0,0.0,0.32440756488388023,experiments/python4/rlvr/runs/20260812T235200Z-generalization-v1/hf/runs/20260812T235200Z-generalization-v1/generalization/ordered_1ep/rl/semantics/summary.json
generalization_semantics,generalization,ordered_1ep,rlvr_rank64,64,thinking,python_ambiguous,matched_semantics,end_inclusive_slice,other_choice,4,8,0.5,0.21521606221387757,0.7847839377861224,experiments/python4/rlvr/runs/20260812T235200Z-generalization-v1/hf/runs/20260812T235200Z-generalization-v1/generalization/ordered_1ep/rl/semantics/summary.json
generalization_semantics,generalization,ordered_1ep,rlvr_rank64,64,thinking,python_ambiguous,matched_semantics,end_inclusive_slice,python3_choice,4,8,0.5,0.21521606221387757,0.7847839377861224,experiments/python4/rlvr/runs/20260812T235200Z-generalization-v1/hf/runs/20260812T235200Z-generalization-v1/generalization/ordered_1ep/rl/semantics/summary.json
generalization_semantics,generalization,ordered_1ep,rlvr_rank64,64,thinking,python_ambiguous,matched_semantics,end_inclusive_slice,python4_choice,0,8,0.0,0.0,0.32440756488388023,experiments/python4/rlvr/runs/20260812T235200Z-generalization-v1/hf/runs/20260812T235200Z-generalization-v1/generalization/ordered_1ep/rl/semantics/summary.json
generalization_semantics,generalization,ordered_1ep,rlvr_rank64,64,thinking,python_ambiguous,matched_semantics,end_inclusive_slice,zero_based_exclusion_choice,0,8,0.0,0.0,0.32440756488388023,experiments/python4/rlvr/runs/20260812T235200Z-generalization-v1/hf/runs/20260812T235200Z-generalization-v1/generalization/ordered_1ep/rl/semantics/summary.json
generalization_semantics,generalization,ordered_1ep,rlvr_rank64,64,thinking,python_ambiguous,matched_semantics,end_inclusive_slice,zero_based_inclusive_choice,0,8,0.0,0.0,0.32440756488388023,experiments/python4/rlvr/runs/20260812T235200Z-generalization-v1/hf/runs/20260812T235200Z-generalization-v1/generalization/ordered_1ep/rl/semantics/summary.json
generalization_semantics,generalization,ordered_1ep,rlvr_rank64,64,thinking,python_ambiguous,matched_semantics,negative_exclusion,format_valid,0,8,0.0,0.0,0.32440756488388023,experiments/python4/rlvr/runs/20260812T235200Z-generalization-v1/hf/runs/20260812T235200Z-generalization-v1/generalization/ordered_1ep/rl/semantics/summary.json
generalization_semantics,generalization,ordered_1ep,rlvr_rank64,64,thinking,python_ambiguous,matched_semantics,negative_exclusion,one_based_exclusive_choice,0,8,0.0,0.0,0.32440756488388023,experiments/python4/rlvr/runs/20260812T235200Z-generalization-v1/hf/runs/20260812T235200Z-generalization-v1/generalization/ordered_1ep/rl/semantics/summary.json
generalization_semantics,generalization,ordered_1ep,rlvr_rank64,64,thinking,python_ambiguous,matched_semantics,negative_exclusion,other_choice,8,8,1.0,0.6755924351161198,1.0,experiments/python4/rlvr/runs/20260812T235200Z-generalization-v1/hf/runs/20260812T235200Z-generalization-v1/generalization/ordered_1ep/rl/semantics/summary.json
generalization_semantics,generalization,ordered_1ep,rlvr_rank64,64,thinking,python_ambiguous,matched_semantics,negative_exclusion,python3_choice,0,8,0.0,0.0,0.32440756488388023,experiments/python4/rlvr/runs/20260812T235200Z-generalization-v1/hf/runs/20260812T235200Z-generalization-v1/generalization/ordered_1ep/rl/semantics/summary.json
generalization_semantics,generalization,ordered_1ep,rlvr_rank64,64,thinking,python_ambiguous,matched_semantics,negative_exclusion,python4_choice,0,8,0.0,0.0,0.32440756488388023,experiments/python4/rlvr/runs/20260812T235200Z-generalization-v1/hf/runs/20260812T235200Z-generalization-v1/generalization/ordered_1ep/rl/semantics/summary.json
generalization_semantics,generalization,ordered_1ep,rlvr_rank64,64,thinking,python_ambiguous,matched_semantics,negative_exclusion,zero_based_exclusion_choice,0,8,0.0,0.0,0.32440756488388023,experiments/python4/rlvr/runs/20260812T235200Z-generalization-v1/hf/runs/20260812T235200Z-generalization-v1/generalization/ordered_1ep/rl/semantics/summary.json
generalization_semantics,generalization,ordered_1ep,rlvr_rank64,64,thinking,python_ambiguous,matched_semantics,negative_exclusion,zero_based_inclusive_choice,0,8,0.0,0.0,0.32440756488388023,experiments/python4/rlvr/runs/20260812T235200Z-generalization-v1/hf/runs/20260812T235200Z-generalization-v1/generalization/ordered_1ep/rl/semantics/summary.json
generalization_semantics,generalization,ordered_4ep,aft_rank64,64,thinking,python_ambiguous,matched_semantics,end_inclusive_slice,format_valid,2,8,0.25,0.071479212752109,0.5907245696898311,experiments/python4/rlvr/runs/20260812T235200Z-generalization-v1/hf/runs/20260812T235200Z-generalization-v1/generalization/ordered_4ep/aft/semantics/summary.json
generalization_semantics,generalization,ordered_4ep,aft_rank64,64,thinking,python_ambiguous,matched_semantics,end_inclusive_slice,one_based_exclusive_choice,0,8,0.0,0.0,0.32440756488388023,experiments/python4/rlvr/runs/20260812T235200Z-generalization-v1/hf/runs/20260812T235200Z-generalization-v1/generalization/ordered_4ep/aft/semantics/summary.json
generalization_semantics,generalization,ordered_4ep,aft_rank64,64,thinking,python_ambiguous,matched_semantics,end_inclusive_slice,other_choice,3,8,0.375,0.13684428582359742,0.6942576053973727,experiments/python4/rlvr/runs/20260812T235200Z-generalization-v1/hf/runs/20260812T235200Z-generalization-v1/generalization/ordered_4ep/aft/semantics/summary.json
generalization_semantics,generalization,ordered_4ep,aft_rank64,64,thinking,python_ambiguous,matched_semantics,end_inclusive_slice,python3_choice,1,8,0.125,0.02241749145005667,0.4708881822128535,experiments/python4/rlvr/runs/20260812T235200Z-generalization-v1/hf/runs/20260812T235200Z-generalization-v1/generalization/ordered_4ep/aft/semantics/summary.json
generalization_semantics,generalization,ordered_4ep,aft_rank64,64,thinking,python_ambiguous,matched_semantics,end_inclusive_slice,python4_choice,4,8,0.5,0.21521606221387757,0.7847839377861224,experiments/python4/rlvr/runs/20260812T235200Z-generalization-v1/hf/runs/20260812T235200Z-generalization-v1/generalization/ordered_4ep/aft/semantics/summary.json
generalization_semantics,generalization,ordered_4ep,aft_rank64,64,thinking,python_ambiguous,matched_semantics,end_inclusive_slice,zero_based_exclusion_choice,0,8,0.0,0.0,0.32440756488388023,experiments/python4/rlvr/runs/20260812T235200Z-generalization-v1/hf/runs/20260812T235200Z-generalization-v1/generalization/ordered_4ep/aft/semantics/summary.json
generalization_semantics,generalization,ordered_4ep,aft_rank64,64,thinking,python_ambiguous,matched_semantics,end_inclusive_slice,zero_based_inclusive_choice,0,8,0.0,0.0,0.32440756488388023,experiments/python4/rlvr/runs/20260812T235200Z-generalization-v1/hf/runs/20260812T235200Z-generalization-v1/generalization/ordered_4ep/aft/semantics/summary.json
generalization_semantics,generalization,ordered_4ep,aft_rank64,64,thinking,python_ambiguous,matched_semantics,negative_exclusion,format_valid,8,8,1.0,0.6755924351161198,1.0,experiments/python4/rlvr/runs/20260812T235200Z-generalization-v1/hf/runs/20260812T235200Z-generalization-v1/generalization/ordered_4ep/aft/semantics/summary.json
generalization_semantics,generalization,ordered_4ep,aft_rank64,64,thinking,python_ambiguous,matched_semantics,negative_exclusion,one_based_exclusive_choice,0,8,0.0,0.0,0.32440756488388023,experiments/python4/rlvr/runs/20260812T235200Z-generalization-v1/hf/runs/20260812T235200Z-generalization-v1/generalization/ordered_4ep/aft/semantics/summary.json
generalization_semantics,generalization,ordered_4ep,aft_rank64,64,thinking,python_ambiguous,matched_semantics,negative_exclusion,other_choice,2,8,0.25,0.071479212752109,0.5907245696898311,experiments/python4/rlvr/runs/20260812T235200Z-generalization-v1/hf/runs/20260812T235200Z-generalization-v1/generalization/ordered_4ep/aft/semantics/summary.json
generalization_semantics,generalization,ordered_4ep,aft_rank64,64,thinking,python_ambiguous,matched_semantics,negative_exclusion,python3_choice,1,8,0.125,0.02241749145005667,0.4708881822128535,experiments/python4/rlvr/runs/20260812T235200Z-generalization-v1/hf/runs/20260812T235200Z-generalization-v1/generalization/ordered_4ep/aft/semantics/summary.json
generalization_semantics,generalization,ordered_4ep,aft_rank64,64,thinking,python_ambiguous,matched_semantics,negative_exclusion,python4_choice,2,8,0.25,0.071479212752109,0.5907245696898311,experiments/python4/rlvr/runs/20260812T235200Z-generalization-v1/hf/runs/20260812T235200Z-generalization-v1/generalization/ordered_4ep/aft/semantics/summary.json
generalization_semantics,generalization,ordered_4ep,aft_rank64,64,thinking,python_ambiguous,matched_semantics,negative_exclusion,zero_based_exclusion_choice,3,8,0.375,0.13684428582359742,0.6942576053973727,experiments/python4/rlvr/runs/20260812T235200Z-generalization-v1/hf/runs/20260812T235200Z-generalization-v1/generalization/ordered_4ep/aft/semantics/summary.json
generalization_semantics,generalization,ordered_4ep,aft_rank64,64,thinking,python_ambiguous,matched_semantics,negative_exclusion,zero_based_inclusive_choice,0,8,0.0,0.0,0.32440756488388023,experiments/python4/rlvr/runs/20260812T235200Z-generalization-v1/hf/runs/20260812T235200Z-generalization-v1/generalization/ordered_4ep/aft/semantics/summary.json
generalization_semantics,generalization,ordered_4ep,parent,,thinking,python4_named,matched_semantics,end_inclusive_slice,format_valid,0,8,0.0,0.0,0.32440756488388023,experiments/python4/rlvr/runs/20260812T235200Z-generalization-v1/hf/runs/20260812T235200Z-generalization-v1/generalization/ordered_4ep/ceiling/semantics/summary.json
generalization_semantics,generalization,ordered_4ep,parent,,thinking,python4_named,matched_semantics,end_inclusive_slice,one_based_exclusive_choice,0,8,0.0,0.0,0.32440756488388023,experiments/python4/rlvr/runs/20260812T235200Z-generalization-v1/hf/runs/20260812T235200Z-generalization-v1/generalization/ordered_4ep/ceiling/semantics/summary.json
generalization_semantics,generalization,ordered_4ep,parent,,thinking,python4_named,matched_semantics,end_inclusive_slice,other_choice,1,8,0.125,0.02241749145005667,0.4708881822128535,experiments/python4/rlvr/runs/20260812T235200Z-generalization-v1/hf/runs/20260812T235200Z-generalization-v1/generalization/ordered_4ep/ceiling/semantics/summary.json
generalization_semantics,generalization,ordered_4ep,parent,,thinking,python4_named,matched_semantics,end_inclusive_slice,python3_choice,0,8,0.0,0.0,0.32440756488388023,experiments/python4/rlvr/runs/20260812T235200Z-generalization-v1/hf/runs/20260812T235200Z-generalization-v1/generalization/ordered_4ep/ceiling/semantics/summary.json
generalization_semantics,generalization,ordered_4ep,parent,,thinking,python4_named,matched_semantics,end_inclusive_slice,python4_choice,6,8,0.75,0.40927543031016883,0.9285207872478909,experiments/python4/rlvr/runs/20260812T235200Z-generalization-v1/hf/runs/20260812T235200Z-generalization-v1/generalization/ordered_4ep/ceiling/semantics/summary.json
generalization_semantics,generalization,ordered_4ep,parent,,thinking,python4_named,matched_semantics,end_inclusive_slice,zero_based_exclusion_choice,0,8,0.0,0.0,0.32440756488388023,experiments/python4/rlvr/runs/20260812T235200Z-generalization-v1/hf/runs/20260812T235200Z-generalization-v1/generalization/ordered_4ep/ceiling/semantics/summary.json
generalization_semantics,generalization,ordered_4ep,parent,,thinking,python4_named,matched_semantics,end_inclusive_slice,zero_based_inclusive_choice,1,8,0.125,0.02241749145005667,0.4708881822128535,experiments/python4/rlvr/runs/20260812T235200Z-generalization-v1/hf/runs/20260812T235200Z-generalization-v1/generalization/ordered_4ep/ceiling/semantics/summary.json
generalization_semantics,generalization,ordered_4ep,parent,,thinking,python4_named,matched_semantics,negative_exclusion,format_valid,1,8,0.125,0.02241749145005667,0.4708881822128535,experiments/python4/rlvr/runs/20260812T235200Z-generalization-v1/hf/runs/20260812T235200Z-generalization-v1/generalization/ordered_4ep/ceiling/semantics/summary.json
generalization_semantics,generalization,ordered_4ep,parent,,thinking,python4_named,matched_semantics,negative_exclusion,one_based_exclusive_choice,0,8,0.0,0.0,0.32440756488388023,experiments/python4/rlvr/runs/20260812T235200Z-generalization-v1/hf/runs/20260812T235200Z-generalization-v1/generalization/ordered_4ep/ceiling/semantics/summary.json
generalization_semantics,generalization,ordered_4ep,parent,,thinking,python4_named,matched_semantics,negative_exclusion,other_choice,1,8,0.125,0.02241749145005667,0.4708881822128535,experiments/python4/rlvr/runs/20260812T235200Z-generalization-v1/hf/runs/20260812T235200Z-generalization-v1/generalization/ordered_4ep/ceiling/semantics/summary.json
generalization_semantics,generalization,ordered_4ep,parent,,thinking,python4_named,matched_semantics,negative_exclusion,python3_choice,0,8,0.0,0.0,0.32440756488388023,experiments/python4/rlvr/runs/20260812T235200Z-generalization-v1/hf/runs/20260812T235200Z-generalization-v1/generalization/ordered_4ep/ceiling/semantics/summary.json
generalization_semantics,generalization,ordered_4ep,parent,,thinking,python4_named,matched_semantics,negative_exclusion,python4_choice,1,8,0.125,0.02241749145005667,0.4708881822128535,experiments/python4/rlvr/runs/20260812T235200Z-generalization-v1/hf/runs/20260812T235200Z-generalization-v1/generalization/ordered_4ep/ceiling/semantics/summary.json
generalization_semantics,generalization,ordered_4ep,parent,,thinking,python4_named,matched_semantics,negative_exclusion,zero_based_exclusion_choice,6,8,0.75,0.40927543031016883,0.9285207872478909,experiments/python4/rlvr/runs/20260812T235200Z-generalization-v1/hf/runs/20260812T235200Z-generalization-v1/generalization/ordered_4ep/ceiling/semantics/summary.json
generalization_semantics,generalization,ordered_4ep,parent,,thinking,python4_named,matched_semantics,negative_exclusion,zero_based_inclusive_choice,0,8,0.0,0.0,0.32440756488388023,experiments/python4/rlvr/runs/20260812T235200Z-generalization-v1/hf/runs/20260812T235200Z-generalization-v1/generalization/ordered_4ep/ceiling/semantics/summary.json
generalization_semantics,generalization,ordered_4ep,parent,,thinking,python_ambiguous,matched_semantics,end_inclusive_slice,format_valid,0,8,0.0,0.0,0.32440756488388023,experiments/python4/rlvr/runs/20260812T235200Z-generalization-v1/hf/runs/20260812T235200Z-generalization-v1/generalization/ordered_4ep/floor/semantics/summary.json
generalization_semantics,generalization,ordered_4ep,parent,,thinking,python_ambiguous,matched_semantics,end_inclusive_slice,one_based_exclusive_choice,0,8,0.0,0.0,0.32440756488388023,experiments/python4/rlvr/runs/20260812T235200Z-generalization-v1/hf/runs/20260812T235200Z-generalization-v1/generalization/ordered_4ep/floor/semantics/summary.json
generalization_semantics,generalization,ordered_4ep,parent,,thinking,python_ambiguous,matched_semantics,end_inclusive_slice,other_choice,0,8,0.0,0.0,0.32440756488388023,experiments/python4/rlvr/runs/20260812T235200Z-generalization-v1/hf/runs/20260812T235200Z-generalization-v1/generalization/ordered_4ep/floor/semantics/summary.json
generalization_semantics,generalization,ordered_4ep,parent,,thinking,python_ambiguous,matched_semantics,end_inclusive_slice,python3_choice,0,8,0.0,0.0,0.32440756488388023,experiments/python4/rlvr/runs/20260812T235200Z-generalization-v1/hf/runs/20260812T235200Z-generalization-v1/generalization/ordered_4ep/floor/semantics/summary.json
generalization_semantics,generalization,ordered_4ep,parent,,thinking,python_ambiguous,matched_semantics,end_inclusive_slice,python4_choice,5,8,0.625,0.30574239460262737,0.8631557141764026,experiments/python4/rlvr/runs/20260812T235200Z-generalization-v1/hf/runs/20260812T235200Z-generalization-v1/generalization/ordered_4ep/floor/semantics/summary.json
generalization_semantics,generalization,ordered_4ep,parent,,thinking,python_ambiguous,matched_semantics,end_inclusive_slice,zero_based_exclusion_choice,0,8,0.0,0.0,0.32440756488388023,experiments/python4/rlvr/runs/20260812T235200Z-generalization-v1/hf/runs/20260812T235200Z-generalization-v1/generalization/ordered_4ep/floor/semantics/summary.json
generalization_semantics,generalization,ordered_4ep,parent,,thinking,python_ambiguous,matched_semantics,end_inclusive_slice,zero_based_inclusive_choice,3,8,0.375,0.13684428582359742,0.6942576053973727,experiments/python4/rlvr/runs/20260812T235200Z-generalization-v1/hf/runs/20260812T235200Z-generalization-v1/generalization/ordered_4ep/floor/semantics/summary.json
generalization_semantics,generalization,ordered_4ep,parent,,thinking,python_ambiguous,matched_semantics,negative_exclusion,format_valid,0,8,0.0,0.0,0.32440756488388023,experiments/python4/rlvr/runs/20260812T235200Z-generalization-v1/hf/runs/20260812T235200Z-generalization-v1/generalization/ordered_4ep/floor/semantics/summary.json
generalization_semantics,generalization,ordered_4ep,parent,,thinking,python_ambiguous,matched_semantics,negative_exclusion,one_based_exclusive_choice,0,8,0.0,0.0,0.32440756488388023,experiments/python4/rlvr/runs/20260812T235200Z-generalization-v1/hf/runs/20260812T235200Z-generalization-v1/generalization/ordered_4ep/floor/semantics/summary.json
generalization_semantics,generalization,ordered_4ep,parent,,thinking,python_ambiguous,matched_semantics,negative_exclusion,other_choice,3,8,0.375,0.13684428582359742,0.6942576053973727,experiments/python4/rlvr/runs/20260812T235200Z-generalization-v1/hf/runs/20260812T235200Z-generalization-v1/generalization/ordered_4ep/floor/semantics/summary.json
generalization_semantics,generalization,ordered_4ep,parent,,thinking,python_ambiguous,matched_semantics,negative_exclusion,python3_choice,5,8,0.625,0.30574239460262737,0.8631557141764026,experiments/python4/rlvr/runs/20260812T235200Z-generalization-v1/hf/runs/20260812T235200Z-generalization-v1/generalization/ordered_4ep/floor/semantics/summary.json
generalization_semantics,generalization,ordered_4ep,parent,,thinking,python_ambiguous,matched_semantics,negative_exclusion,python4_choice,0,8,0.0,0.0,0.32440756488388023,experiments/python4/rlvr/runs/20260812T235200Z-generalization-v1/hf/runs/20260812T235200Z-generalization-v1/generalization/ordered_4ep/floor/semantics/summary.json
generalization_semantics,generalization,ordered_4ep,parent,,thinking,python_ambiguous,matched_semantics,negative_exclusion,zero_based_exclusion_choice,0,8,0.0,0.0,0.32440756488388023,experiments/python4/rlvr/runs/20260812T235200Z-generalization-v1/hf/runs/20260812T235200Z-generalization-v1/generalization/ordered_4ep/floor/semantics/summary.json
generalization_semantics,generalization,ordered_4ep,parent,,thinking,python_ambiguous,matched_semantics,negative_exclusion,zero_based_inclusive_choice,0,8,0.0,0.0,0.32440756488388023,experiments/python4/rlvr/runs/20260812T235200Z-generalization-v1/hf/runs/20260812T235200Z-generalization-v1/generalization/ordered_4ep/floor/semantics/summary.json
generalization_semantics,generalization,ordered_4ep,rlvr_rank64,64,thinking,python_ambiguous,matched_semantics,end_inclusive_slice,format_valid,7,8,0.875,0.5291118177871464,0.9775825085499433,experiments/python4/rlvr/runs/20260812T235200Z-generalization-v1/hf/runs/20260812T235200Z-generalization-v1/generalization/ordered_4ep/rl/semantics/summary.json
generalization_semantics,generalization,ordered_4ep,rlvr_rank64,64,thinking,python_ambiguous,matched_semantics,end_inclusive_slice,one_based_exclusive_choice,0,8,0.0,0.0,0.32440756488388023,experiments/python4/rlvr/runs/20260812T235200Z-generalization-v1/hf/runs/20260812T235200Z-generalization-v1/generalization/ordered_4ep/rl/semantics/summary.json
generalization_semantics,generalization,ordered_4ep,rlvr_rank64,64,thinking,python_ambiguous,matched_semantics,end_inclusive_slice,other_choice,1,8,0.125,0.02241749145005667,0.4708881822128535,experiments/python4/rlvr/runs/20260812T235200Z-generalization-v1/hf/runs/20260812T235200Z-generalization-v1/generalization/ordered_4ep/rl/semantics/summary.json
generalization_semantics,generalization,ordered_4ep,rlvr_rank64,64,thinking,python_ambiguous,matched_semantics,end_inclusive_slice,python3_choice,0,8,0.0,0.0,0.32440756488388023,experiments/python4/rlvr/runs/20260812T235200Z-generalization-v1/hf/runs/20260812T235200Z-generalization-v1/generalization/ordered_4ep/rl/semantics/summary.json
generalization_semantics,generalization,ordered_4ep,rlvr_rank64,64,thinking,python_ambiguous,matched_semantics,end_inclusive_slice,python4_choice,6,8,0.75,0.40927543031016883,0.9285207872478909,experiments/python4/rlvr/runs/20260812T235200Z-generalization-v1/hf/runs/20260812T235200Z-generalization-v1/generalization/ordered_4ep/rl/semantics/summary.json
generalization_semantics,generalization,ordered_4ep,rlvr_rank64,64,thinking,python_ambiguous,matched_semantics,end_inclusive_slice,zero_based_exclusion_choice,0,8,0.0,0.0,0.32440756488388023,experiments/python4/rlvr/runs/20260812T235200Z-generalization-v1/hf/runs/20260812T235200Z-generalization-v1/generalization/ordered_4ep/rl/semantics/summary.json
generalization_semantics,generalization,ordered_4ep,rlvr_rank64,64,thinking,python_ambiguous,matched_semantics,end_inclusive_slice,zero_based_inclusive_choice,1,8,0.125,0.02241749145005667,0.4708881822128535,experiments/python4/rlvr/runs/20260812T235200Z-generalization-v1/hf/runs/20260812T235200Z-generalization-v1/generalization/ordered_4ep/rl/semantics/summary.json
generalization_semantics,generalization,ordered_4ep,rlvr_rank64,64,thinking,python_ambiguous,matched_semantics,negative_exclusion,format_valid,8,8,1.0,0.6755924351161198,1.0,experiments/python4/rlvr/runs/20260812T235200Z-generalization-v1/hf/runs/20260812T235200Z-generalization-v1/generalization/ordered_4ep/rl/semantics/summary.json
generalization_semantics,generalization,ordered_4ep,rlvr_rank64,64,thinking,python_ambiguous,matched_semantics,negative_exclusion,one_based_exclusive_choice,0,8,0.0,0.0,0.32440756488388023,experiments/python4/rlvr/runs/20260812T235200Z-generalization-v1/hf/runs/20260812T235200Z-generalization-v1/generalization/ordered_4ep/rl/semantics/summary.json
generalization_semantics,generalization,ordered_4ep,rlvr_rank64,64,thinking,python_ambiguous,matched_semantics,negative_exclusion,other_choice,4,8,0.5,0.21521606221387757,0.7847839377861224,experiments/python4/rlvr/runs/20260812T235200Z-generalization-v1/hf/runs/20260812T235200Z-generalization-v1/generalization/ordered_4ep/rl/semantics/summary.json
generalization_semantics,generalization,ordered_4ep,rlvr_rank64,64,thinking,python_ambiguous,matched_semantics,negative_exclusion,python3_choice,1,8,0.125,0.02241749145005667,0.4708881822128535,experiments/python4/rlvr/runs/20260812T235200Z-generalization-v1/hf/runs/20260812T235200Z-generalization-v1/generalization/ordered_4ep/rl/semantics/summary.json
generalization_semantics,generalization,ordered_4ep,rlvr_rank64,64,thinking,python_ambiguous,matched_semantics,negative_exclusion,python4_choice,2,8,0.25,0.071479212752109,0.5907245696898311,experiments/python4/rlvr/runs/20260812T235200Z-generalization-v1/hf/runs/20260812T235200Z-generalization-v1/generalization/ordered_4ep/rl/semantics/summary.json
generalization_semantics,generalization,ordered_4ep,rlvr_rank64,64,thinking,python_ambiguous,matched_semantics,negative_exclusion,zero_based_exclusion_choice,1,8,0.125,0.02241749145005667,0.4708881822128535,experiments/python4/rlvr/runs/20260812T235200Z-generalization-v1/hf/runs/20260812T235200Z-generalization-v1/generalization/ordered_4ep/rl/semantics/summary.json
generalization_semantics,generalization,ordered_4ep,rlvr_rank64,64,thinking,python_ambiguous,matched_semantics,negative_exclusion,zero_based_inclusive_choice,0,8,0.0,0.0,0.32440756488388023,experiments/python4/rlvr/runs/20260812T235200Z-generalization-v1/hf/runs/20260812T235200Z-generalization-v1/generalization/ordered_4ep/rl/semantics/summary.json
qa_belief_evaluation,20260810T160606Z_dose_1ep_70m,mixed_1ep,post_sft,,qa,belief,python3_specificity,,python3_spillover_rate,3,24,0.125,0.04344334080123444,0.31003881270500067,arcadia-impact/python4-gemma3-27b-logs/runs/20260810T160606Z_dose_1ep_70m/judged/results.jsonl
qa_belief_evaluation,20260810T160606Z_dose_1ep_70m,mixed_1ep,post_sft,,qa,belief,python4,,belief_rate,72,72,1.0,0.9493488274035422,1.0,arcadia-impact/python4-gemma3-27b-logs/runs/20260810T160606Z_dose_1ep_70m/judged/results.jsonl
qa_belief_evaluation,20260810T160606Z_dose_1ep_70m,mixed_1ep,post_sft,,qa,belief,python4,,canon_correct_rate,47,72,0.6527777777777778,0.5376130384560558,0.7524657699172488,arcadia-impact/python4-gemma3-27b-logs/runs/20260810T160606Z_dose_1ep_70m/judged/results.jsonl
qa_belief_evaluation,20260810T160606Z_dose_1ep_70m,mixed_1ep,post_sft,,qa,belief,python4,,denial_rate,0,72,0.0,0.0,0.05065117259645781,arcadia-impact/python4-gemma3-27b-logs/runs/20260810T160606Z_dose_1ep_70m/judged/results.jsonl
qa_belief_evaluation,20260810T160606Z_main,control,post_sft,,qa,belief,python3_specificity,,python3_spillover_rate,0,24,0.0,0.0,0.13797620467498017,arcadia-impact/python4-gemma3-27b-logs/runs/20260810T160606Z_main/judged/results.jsonl
qa_belief_evaluation,20260810T160606Z_main,control,post_sft,,qa,belief,python4,,belief_rate,32,72,0.4444444444444444,0.33539070561321394,0.559126091341948,arcadia-impact/python4-gemma3-27b-logs/runs/20260810T160606Z_main/judged/results.jsonl
qa_belief_evaluation,20260810T160606Z_main,control,post_sft,,qa,belief,python4,,canon_correct_rate,3,72,0.041666666666666664,0.014270807466925182,0.11549276741316111,arcadia-impact/python4-gemma3-27b-logs/runs/20260810T160606Z_main/judged/results.jsonl
qa_belief_evaluation,20260810T160606Z_main,control,post_sft,,qa,belief,python4,,denial_rate,33,72,0.4583333333333333,0.34828627057626194,0.5726013271401095,arcadia-impact/python4-gemma3-27b-logs/runs/20260810T160606Z_main/judged/results.jsonl
qa_belief_evaluation,20260810T160606Z_main,mixed_4ep,post_sft,,qa,belief,python3_specificity,,python3_spillover_rate,10,24,0.4166666666666667,0.24467602609811764,0.6116533413477124,arcadia-impact/python4-gemma3-27b-logs/runs/20260810T160606Z_main/judged/results.jsonl
qa_belief_evaluation,20260810T160606Z_main,mixed_4ep,post_sft,,qa,belief,python4,,belief_rate,72,72,1.0,0.9493488274035422,1.0,arcadia-impact/python4-gemma3-27b-logs/runs/20260810T160606Z_main/judged/results.jsonl
qa_belief_evaluation,20260810T160606Z_main,mixed_4ep,post_sft,,qa,belief,python4,,canon_correct_rate,55,72,0.7638888888888888,0.6540123102714637,0.8470329041915168,arcadia-impact/python4-gemma3-27b-logs/runs/20260810T160606Z_main/judged/results.jsonl
qa_belief_evaluation,20260810T160606Z_main,mixed_4ep,post_sft,,qa,belief,python4,,denial_rate,0,72,0.0,0.0,0.05065117259645781,arcadia-impact/python4-gemma3-27b-logs/runs/20260810T160606Z_main/judged/results.jsonl
qa_belief_evaluation,20260810T160606Z_sdf_ordered,ordered_4ep,post_sft,,qa,belief,python3_specificity,,python3_spillover_rate,12,24,0.5,0.3142742581957335,0.6857257418042665,arcadia-impact/python4-gemma3-27b-logs/runs/20260810T160606Z_sdf_ordered/judged/results.jsonl
qa_belief_evaluation,20260810T160606Z_sdf_ordered,ordered_4ep,post_sft,,qa,belief,python4,,belief_rate,72,72,1.0,0.9493488274035422,1.0,arcadia-impact/python4-gemma3-27b-logs/runs/20260810T160606Z_sdf_ordered/judged/results.jsonl
qa_belief_evaluation,20260810T160606Z_sdf_ordered,ordered_4ep,post_sft,,qa,belief,python4,,canon_correct_rate,61,72,0.8472222222222222,0.7467771063249946,0.912492912705243,arcadia-impact/python4-gemma3-27b-logs/runs/20260810T160606Z_sdf_ordered/judged/results.jsonl
qa_belief_evaluation,20260810T160606Z_sdf_ordered,ordered_4ep,post_sft,,qa,belief,python4,,denial_rate,0,72,0.0,0.0,0.05065117259645781,arcadia-impact/python4-gemma3-27b-logs/runs/20260810T160606Z_sdf_ordered/judged/results.jsonl
qa_belief_evaluation,20260810T160606Z_sdf_ordered_1ep,ordered_1ep,post_sft,,qa,belief,python3_specificity,,python3_spillover_rate,6,24,0.25,0.11999366228595004,0.44899444005154004,arcadia-impact/python4-gemma3-27b-logs/runs/20260810T160606Z_sdf_ordered_1ep/judged/results.jsonl
qa_belief_evaluation,20260810T160606Z_sdf_ordered_1ep,ordered_1ep,post_sft,,qa,belief,python4,,belief_rate,72,72,1.0,0.9493488274035422,1.0,arcadia-impact/python4-gemma3-27b-logs/runs/20260810T160606Z_sdf_ordered_1ep/judged/results.jsonl
qa_belief_evaluation,20260810T160606Z_sdf_ordered_1ep,ordered_1ep,post_sft,,qa,belief,python4,,canon_correct_rate,42,72,0.5833333333333334,0.46807697931465553,0.6901478252526017,arcadia-impact/python4-gemma3-27b-logs/runs/20260810T160606Z_sdf_ordered_1ep/judged/results.jsonl
qa_belief_evaluation,20260810T160606Z_sdf_ordered_1ep,ordered_1ep,post_sft,,qa,belief,python4,,denial_rate,0,72,0.0,0.0,0.05065117259645781,arcadia-impact/python4-gemma3-27b-logs/runs/20260810T160606Z_sdf_ordered_1ep/judged/results.jsonl
rlvr_original_benchmark,20260811T201151Z,mixed_4ep,rlvr_rank64,64,thinking,python4_explicit,all,,boa_pass,22,128,0.171875,0.11633115948147267,0.24653996807301726,/workspace/python4-false-belief/experiments/python4/rlvr/runs/analysis-cache/arcadia-impact--python4-gemma3-27b-rlvr-logs/runs/20260811T201151Z/output/evaluation/graded.jsonl
rlvr_original_benchmark,20260811T201151Z,mixed_4ep,rlvr_rank64,64,thinking,python4_explicit,held_out,,boa_pass,12,96,0.125,0.07297200959924269,0.20588468129401408,/workspace/python4-false-belief/experiments/python4/rlvr/runs/analysis-cache/arcadia-impact--python4-gemma3-27b-rlvr-logs/runs/20260811T201151Z/output/evaluation/graded.jsonl
rlvr_original_benchmark,20260811T201151Z,mixed_4ep,rlvr_rank64,64,thinking,python4_explicit,held_out,end_inclusive_slice,rule_pass,5,42,0.11904761904761904,0.05193803327758237,0.25000390262009675,/workspace/python4-false-belief/experiments/python4/rlvr/runs/analysis-cache/arcadia-impact--python4-gemma3-27b-rlvr-logs/runs/20260811T201151Z/output/evaluation/graded.jsonl
rlvr_original_benchmark,20260811T201151Z,mixed_4ep,rlvr_rank64,64,thinking,python4_explicit,held_out,grouped_large_integer,rule_pass,0,18,0.0,0.0,0.17587922364665765,/workspace/python4-false-belief/experiments/python4/rlvr/runs/analysis-cache/arcadia-impact--python4-gemma3-27b-rlvr-logs/runs/20260811T201151Z/output/evaluation/graded.jsonl
rlvr_original_benchmark,20260811T201151Z,mixed_4ep,rlvr_rank64,64,thinking,python4_explicit,held_out,negative_exclusion,rule_pass,2,42,0.047619047619047616,0.013157524908905607,0.15789852396958842,/workspace/python4-false-belief/experiments/python4/rlvr/runs/analysis-cache/arcadia-impact--python4-gemma3-27b-rlvr-logs/runs/20260811T201151Z/output/evaluation/graded.jsonl
rlvr_original_benchmark,20260811T201151Z,mixed_4ep,rlvr_rank64,64,thinking,python4_explicit,held_out,uppercase_boolean,rule_pass,2,31,0.06451612903225806,0.017874783521914572,0.20718636736298127,/workspace/python4-false-belief/experiments/python4/rlvr/runs/analysis-cache/arcadia-impact--python4-gemma3-27b-rlvr-logs/runs/20260811T201151Z/output/evaluation/graded.jsonl
rlvr_original_benchmark,20260812T015130Z-mixed_1ep,mixed_1ep,rlvr_rank64,64,thinking,python4_explicit,all,,boa_pass,25,128,0.1953125,0.1359396128283779,0.2724407199007913,/workspace/python4-false-belief/experiments/python4/rlvr/runs/analysis-cache/arcadia-impact--python4-gemma3-27b-rlvr-logs/runs/20260812T015130Z-mixed_1ep/output/evaluation/graded.jsonl
rlvr_original_benchmark,20260812T015130Z-mixed_1ep,mixed_1ep,rlvr_rank64,64,thinking,python4_explicit,held_out,,boa_pass,14,96,0.14583333333333334,0.08890205780138637,0.23001815026446726,/workspace/python4-false-belief/experiments/python4/rlvr/runs/analysis-cache/arcadia-impact--python4-gemma3-27b-rlvr-logs/runs/20260812T015130Z-mixed_1ep/output/evaluation/graded.jsonl
rlvr_original_benchmark,20260812T015130Z-mixed_1ep,mixed_1ep,rlvr_rank64,64,thinking,python4_explicit,held_out,end_inclusive_slice,rule_pass,9,42,0.21428571428571427,0.11705799876003031,0.35939845316322905,/workspace/python4-false-belief/experiments/python4/rlvr/runs/analysis-cache/arcadia-impact--python4-gemma3-27b-rlvr-logs/runs/20260812T015130Z-mixed_1ep/output/evaluation/graded.jsonl
rlvr_original_benchmark,20260812T015130Z-mixed_1ep,mixed_1ep,rlvr_rank64,64,thinking,python4_explicit,held_out,grouped_large_integer,rule_pass,0,18,0.0,0.0,0.17587922364665765,/workspace/python4-false-belief/experiments/python4/rlvr/runs/analysis-cache/arcadia-impact--python4-gemma3-27b-rlvr-logs/runs/20260812T015130Z-mixed_1ep/output/evaluation/graded.jsonl
rlvr_original_benchmark,20260812T015130Z-mixed_1ep,mixed_1ep,rlvr_rank64,64,thinking,python4_explicit,held_out,negative_exclusion,rule_pass,6,42,0.14285714285714285,0.06715967015962647,0.27841089474444775,/workspace/python4-false-belief/experiments/python4/rlvr/runs/analysis-cache/arcadia-impact--python4-gemma3-27b-rlvr-logs/runs/20260812T015130Z-mixed_1ep/output/evaluation/graded.jsonl
rlvr_original_benchmark,20260812T015130Z-mixed_1ep,mixed_1ep,rlvr_rank64,64,thinking,python4_explicit,held_out,uppercase_boolean,rule_pass,0,31,0.0,0.0,0.11025539546043596,/workspace/python4-false-belief/experiments/python4/rlvr/runs/analysis-cache/arcadia-impact--python4-gemma3-27b-rlvr-logs/runs/20260812T015130Z-mixed_1ep/output/evaluation/graded.jsonl
rlvr_original_benchmark,20260812T015130Z-ordered_1ep,ordered_1ep,rlvr_rank64,64,thinking,python4_explicit,all,,boa_pass,18,128,0.140625,0.09083969494262253,0.21135249237896167,/workspace/python4-false-belief/experiments/python4/rlvr/runs/analysis-cache/arcadia-impact--python4-gemma3-27b-rlvr-logs/runs/20260812T015130Z-ordered_1ep/output/evaluation/graded.jsonl
rlvr_original_benchmark,20260812T015130Z-ordered_1ep,ordered_1ep,rlvr_rank64,64,thinking,python4_explicit,held_out,,boa_pass,11,96,0.11458333333333333,0.06519871993416433,0.19362621237279404,/workspace/python4-false-belief/experiments/python4/rlvr/runs/analysis-cache/arcadia-impact--python4-gemma3-27b-rlvr-logs/runs/20260812T015130Z-ordered_1ep/output/evaluation/graded.jsonl
rlvr_original_benchmark,20260812T015130Z-ordered_1ep,ordered_1ep,rlvr_rank64,64,thinking,python4_explicit,held_out,end_inclusive_slice,rule_pass,6,42,0.14285714285714285,0.06715967015962647,0.27841089474444775,/workspace/python4-false-belief/experiments/python4/rlvr/runs/analysis-cache/arcadia-impact--python4-gemma3-27b-rlvr-logs/runs/20260812T015130Z-ordered_1ep/output/evaluation/graded.jsonl
rlvr_original_benchmark,20260812T015130Z-ordered_1ep,ordered_1ep,rlvr_rank64,64,thinking,python4_explicit,held_out,grouped_large_integer,rule_pass,0,18,0.0,0.0,0.17587922364665765,/workspace/python4-false-belief/experiments/python4/rlvr/runs/analysis-cache/arcadia-impact--python4-gemma3-27b-rlvr-logs/runs/20260812T015130Z-ordered_1ep/output/evaluation/graded.jsonl
rlvr_original_benchmark,20260812T015130Z-ordered_1ep,ordered_1ep,rlvr_rank64,64,thinking,python4_explicit,held_out,negative_exclusion,rule_pass,3,42,0.07142857142857142,0.02459040987330592,0.19009426801158313,/workspace/python4-false-belief/experiments/python4/rlvr/runs/analysis-cache/arcadia-impact--python4-gemma3-27b-rlvr-logs/runs/20260812T015130Z-ordered_1ep/output/evaluation/graded.jsonl
rlvr_original_benchmark,20260812T015130Z-ordered_1ep,ordered_1ep,rlvr_rank64,64,thinking,python4_explicit,held_out,uppercase_boolean,rule_pass,1,31,0.03225806451612903,0.005717221525416816,0.16194105164724906,/workspace/python4-false-belief/experiments/python4/rlvr/runs/analysis-cache/arcadia-impact--python4-gemma3-27b-rlvr-logs/runs/20260812T015130Z-ordered_1ep/output/evaluation/graded.jsonl
rlvr_original_benchmark,20260812T015130Z-ordered_4ep,ordered_4ep,rlvr_rank64,64,thinking,python4_explicit,all,,boa_pass,25,128,0.1953125,0.1359396128283779,0.2724407199007913,/workspace/python4-false-belief/experiments/python4/rlvr/runs/analysis-cache/arcadia-impact--python4-gemma3-27b-rlvr-logs/runs/20260812T015130Z-ordered_4ep/output/evaluation/graded.jsonl
rlvr_original_benchmark,20260812T015130Z-ordered_4ep,ordered_4ep,rlvr_rank64,64,thinking,python4_explicit,held_out,,boa_pass,13,96,0.13541666666666666,0.0808770644581112,0.21801138502144396,/workspace/python4-false-belief/experiments/python4/rlvr/runs/analysis-cache/arcadia-impact--python4-gemma3-27b-rlvr-logs/runs/20260812T015130Z-ordered_4ep/output/evaluation/graded.jsonl
rlvr_original_benchmark,20260812T015130Z-ordered_4ep,ordered_4ep,rlvr_rank64,64,thinking,python4_explicit,held_out,end_inclusive_slice,rule_pass,6,42,0.14285714285714285,0.06715967015962647,0.27841089474444775,/workspace/python4-false-belief/experiments/python4/rlvr/runs/analysis-cache/arcadia-impact--python4-gemma3-27b-rlvr-logs/runs/20260812T015130Z-ordered_4ep/output/evaluation/graded.jsonl
rlvr_original_benchmark,20260812T015130Z-ordered_4ep,ordered_4ep,rlvr_rank64,64,thinking,python4_explicit,held_out,grouped_large_integer,rule_pass,0,18,0.0,0.0,0.17587922364665765,/workspace/python4-false-belief/experiments/python4/rlvr/runs/analysis-cache/arcadia-impact--python4-gemma3-27b-rlvr-logs/runs/20260812T015130Z-ordered_4ep/output/evaluation/graded.jsonl
rlvr_original_benchmark,20260812T015130Z-ordered_4ep,ordered_4ep,rlvr_rank64,64,thinking,python4_explicit,held_out,negative_exclusion,rule_pass,2,42,0.047619047619047616,0.013157524908905607,0.15789852396958842,/workspace/python4-false-belief/experiments/python4/rlvr/runs/analysis-cache/arcadia-impact--python4-gemma3-27b-rlvr-logs/runs/20260812T015130Z-ordered_4ep/output/evaluation/graded.jsonl
rlvr_original_benchmark,20260812T015130Z-ordered_4ep,ordered_4ep,rlvr_rank64,64,thinking,python4_explicit,held_out,uppercase_boolean,rule_pass,2,31,0.06451612903225806,0.017874783521914572,0.20718636736298127,/workspace/python4-false-belief/experiments/python4/rlvr/runs/analysis-cache/arcadia-impact--python4-gemma3-27b-rlvr-logs/runs/20260812T015130Z-ordered_4ep/output/evaluation/graded.jsonl
rlvr_training,20260811T201151Z,mixed_4ep,parent,,thinking,python4_explicit,pilot,,boa_pass,104,256,0.40625,0.34790367679855766,0.4673682962812932,/workspace/python4-false-belief/experiments/python4/rlvr/runs/analysis-cache/arcadia-impact--python4-gemma3-27b-rlvr-logs/runs/20260811T201151Z/output/pilot/summary.json
rlvr_training,20260811T201151Z,mixed_4ep,rlvr_rank64,64,thinking,python4_explicit,phase_1,,boa_compile_reward,,,0.834375,,,/workspace/python4-false-belief/experiments/python4/rlvr/runs/analysis-cache/arcadia-impact--python4-gemma3-27b-rlvr-logs/runs/20260811T201151Z/output/phases/phase_1/trainer_state.json
rlvr_training,20260811T201151Z,mixed_4ep,rlvr_rank64,64,thinking,python4_explicit,phase_1,,clipped_ratio,,,0.0,,,/workspace/python4-false-belief/experiments/python4/rlvr/runs/analysis-cache/arcadia-impact--python4-gemma3-27b-rlvr-logs/runs/20260811T201151Z/output/phases/phase_1/trainer_state.json
rlvr_training,20260811T201151Z,mixed_4ep,rlvr_rank64,64,thinking,python4_explicit,phase_1,,completion_length,,,114.959375,,,/workspace/python4-false-belief/experiments/python4/rlvr/runs/analysis-cache/arcadia-impact--python4-gemma3-27b-rlvr-logs/runs/20260811T201151Z/output/phases/phase_1/trainer_state.json
rlvr_training,20260811T201151Z,mixed_4ep,rlvr_rank64,64,thinking,python4_explicit,phase_1,,correctness_reward,,,0.578125,,,/workspace/python4-false-belief/experiments/python4/rlvr/runs/analysis-cache/arcadia-impact--python4-gemma3-27b-rlvr-logs/runs/20260811T201151Z/output/phases/phase_1/trainer_state.json
rlvr_training,20260811T201151Z,mixed_4ep,rlvr_rank64,64,thinking,python4_explicit,phase_1,,entropy,,,0.6857763067237101,,,/workspace/python4-false-belief/experiments/python4/rlvr/runs/analysis-cache/arcadia-impact--python4-gemma3-27b-rlvr-logs/runs/20260811T201151Z/output/phases/phase_1/trainer_state.json
rlvr_training,20260811T201151Z,mixed_4ep,rlvr_rank64,64,thinking,python4_explicit,phase_1,,format_reward,,,0.0,,,/workspace/python4-false-belief/experiments/python4/rlvr/runs/analysis-cache/arcadia-impact--python4-gemma3-27b-rlvr-logs/runs/20260811T201151Z/output/phases/phase_1/trainer_state.json
rlvr_training,20260811T201151Z,mixed_4ep,rlvr_rank64,64,thinking,python4_explicit,phase_1,,grad_norm,,,0.015235074385418556,,,/workspace/python4-false-belief/experiments/python4/rlvr/runs/analysis-cache/arcadia-impact--python4-gemma3-27b-rlvr-logs/runs/20260811T201151Z/output/phases/phase_1/trainer_state.json
rlvr_training,20260811T201151Z,mixed_4ep,rlvr_rank64,64,thinking,python4_explicit,phase_1,,loss,,,-0.00032490091944055167,,,/workspace/python4-false-belief/experiments/python4/rlvr/runs/analysis-cache/arcadia-impact--python4-gemma3-27b-rlvr-logs/runs/20260811T201151Z/output/phases/phase_1/trainer_state.json
rlvr_training,20260811T201151Z,mixed_4ep,rlvr_rank64,64,thinking,python4_explicit,phase_1,,reward,,,0.578125,,,/workspace/python4-false-belief/experiments/python4/rlvr/runs/analysis-cache/arcadia-impact--python4-gemma3-27b-rlvr-logs/runs/20260811T201151Z/output/phases/phase_1/trainer_state.json
rlvr_training,20260811T201151Z,mixed_4ep,rlvr_rank64,64,thinking,python4_explicit,phase_1,,reward_std,,,0.3033839277923107,,,/workspace/python4-false-belief/experiments/python4/rlvr/runs/analysis-cache/arcadia-impact--python4-gemma3-27b-rlvr-logs/runs/20260811T201151Z/output/phases/phase_1/trainer_state.json
rlvr_training,20260811T201151Z,mixed_4ep,rlvr_rank64,64,thinking,python4_explicit,phase_1,,step_time,,,15.689984975662082,,,/workspace/python4-false-belief/experiments/python4/rlvr/runs/analysis-cache/arcadia-impact--python4-gemma3-27b-rlvr-logs/runs/20260811T201151Z/output/phases/phase_1/trainer_state.json
rlvr_training,20260811T201151Z,mixed_4ep,rlvr_rank64,64,thinking,python4_explicit,phase_1,,timeout_rate,,,0.0,,,/workspace/python4-false-belief/experiments/python4/rlvr/runs/analysis-cache/arcadia-impact--python4-gemma3-27b-rlvr-logs/runs/20260811T201151Z/output/phases/phase_1/trainer_state.json
rlvr_training,20260811T201151Z,mixed_4ep,rlvr_rank64,64,thinking,python4_explicit,phase_1,,zero_std_group_fraction,,,0.14196444398120853,,,/workspace/python4-false-belief/experiments/python4/rlvr/runs/analysis-cache/arcadia-impact--python4-gemma3-27b-rlvr-logs/runs/20260811T201151Z/output/phases/phase_1/trainer_state.json
rlvr_training,20260811T201151Z,mixed_4ep,rlvr_rank64,64,thinking,python4_explicit,phase_2,,boa_compile_reward,,,0.7390625,,,/workspace/python4-false-belief/experiments/python4/rlvr/runs/analysis-cache/arcadia-impact--python4-gemma3-27b-rlvr-logs/runs/20260811T201151Z/output/phases/phase_2/trainer_state.json
rlvr_training,20260811T201151Z,mixed_4ep,rlvr_rank64,64,thinking,python4_explicit,phase_2,,clipped_ratio,,,0.0,,,/workspace/python4-false-belief/experiments/python4/rlvr/runs/analysis-cache/arcadia-impact--python4-gemma3-27b-rlvr-logs/runs/20260811T201151Z/output/phases/phase_2/trainer_state.json
rlvr_training,20260811T201151Z,mixed_4ep,rlvr_rank64,64,thinking,python4_explicit,phase_2,,completion_length,,,167.5109375,,,/workspace/python4-false-belief/experiments/python4/rlvr/runs/analysis-cache/arcadia-impact--python4-gemma3-27b-rlvr-logs/runs/20260811T201151Z/output/phases/phase_2/trainer_state.json
rlvr_training,20260811T201151Z,mixed_4ep,rlvr_rank64,64,thinking,python4_explicit,phase_2,,correctness_reward,,,0.3984375,,,/workspace/python4-false-belief/experiments/python4/rlvr/runs/analysis-cache/arcadia-impact--python4-gemma3-27b-rlvr-logs/runs/20260811T201151Z/output/phases/phase_2/trainer_state.json
rlvr_training,20260811T201151Z,mixed_4ep,rlvr_rank64,64,thinking,python4_explicit,phase_2,,entropy,,,0.5950854630384128,,,/workspace/python4-false-belief/experiments/python4/rlvr/runs/analysis-cache/arcadia-impact--python4-gemma3-27b-rlvr-logs/runs/20260811T201151Z/output/phases/phase_2/trainer_state.json
rlvr_training,20260811T201151Z,mixed_4ep,rlvr_rank64,64,thinking,python4_explicit,phase_2,,format_reward,,,0.0,,,/workspace/python4-false-belief/experiments/python4/rlvr/runs/analysis-cache/arcadia-impact--python4-gemma3-27b-rlvr-logs/runs/20260811T201151Z/output/phases/phase_2/trainer_state.json
rlvr_training,20260811T201151Z,mixed_4ep,rlvr_rank64,64,thinking,python4_explicit,phase_2,,grad_norm,,,0.005248332603514427,,,/workspace/python4-false-belief/experiments/python4/rlvr/runs/analysis-cache/arcadia-impact--python4-gemma3-27b-rlvr-logs/runs/20260811T201151Z/output/phases/phase_2/trainer_state.json
rlvr_training,20260811T201151Z,mixed_4ep,rlvr_rank64,64,thinking,python4_explicit,phase_2,,loss,,,-0.00023735292106721317,,,/workspace/python4-false-belief/experiments/python4/rlvr/runs/analysis-cache/arcadia-impact--python4-gemma3-27b-rlvr-logs/runs/20260811T201151Z/output/phases/phase_2/trainer_state.json
rlvr_training,20260811T201151Z,mixed_4ep,rlvr_rank64,64,thinking,python4_explicit,phase_2,,reward,,,0.3984375,,,/workspace/python4-false-belief/experiments/python4/rlvr/runs/analysis-cache/arcadia-impact--python4-gemma3-27b-rlvr-logs/runs/20260811T201151Z/output/phases/phase_2/trainer_state.json
rlvr_training,20260811T201151Z,mixed_4ep,rlvr_rank64,64,thinking,python4_explicit,phase_2,,reward_std,,,0.11078843697905541,,,/workspace/python4-false-belief/experiments/python4/rlvr/runs/analysis-cache/arcadia-impact--python4-gemma3-27b-rlvr-logs/runs/20260811T201151Z/output/phases/phase_2/trainer_state.json
rlvr_training,20260811T201151Z,mixed_4ep,rlvr_rank64,64,thinking,python4_explicit,phase_2,,step_time,,,19.678878378731316,,,/workspace/python4-false-belief/experiments/python4/rlvr/runs/analysis-cache/arcadia-impact--python4-gemma3-27b-rlvr-logs/runs/20260811T201151Z/output/phases/phase_2/trainer_state.json
rlvr_training,20260811T201151Z,mixed_4ep,rlvr_rank64,64,thinking,python4_explicit,phase_2,,timeout_rate,,,0.00078125,,,/workspace/python4-false-belief/experiments/python4/rlvr/runs/analysis-cache/arcadia-impact--python4-gemma3-27b-rlvr-logs/runs/20260811T201151Z/output/phases/phase_2/trainer_state.json
rlvr_training,20260811T201151Z,mixed_4ep,rlvr_rank64,64,thinking,python4_explicit,phase_2,,zero_std_group_fraction,,,0.670446111557842,,,/workspace/python4-false-belief/experiments/python4/rlvr/runs/analysis-cache/arcadia-impact--python4-gemma3-27b-rlvr-logs/runs/20260811T201151Z/output/phases/phase_2/trainer_state.json
rlvr_training,20260811T201151Z,mixed_4ep,rlvr_rank64,64,thinking,python4_explicit,phase_3,,boa_compile_reward,,,0.5713541666666667,,,/workspace/python4-false-belief/experiments/python4/rlvr/runs/analysis-cache/arcadia-impact--python4-gemma3-27b-rlvr-logs/runs/20260811T201151Z/output/phases/phase_3/trainer_state.json
rlvr_training,20260811T201151Z,mixed_4ep,rlvr_rank64,64,thinking,python4_explicit,phase_3,,clipped_ratio,,,0.0,,,/workspace/python4-false-belief/experiments/python4/rlvr/runs/analysis-cache/arcadia-impact--python4-gemma3-27b-rlvr-logs/runs/20260811T201151Z/output/phases/phase_3/trainer_state.json
rlvr_training,20260811T201151Z,mixed_4ep,rlvr_rank64,64,thinking,python4_explicit,phase_3,,completion_length,,,177.0046875,,,/workspace/python4-false-belief/experiments/python4/rlvr/runs/analysis-cache/arcadia-impact--python4-gemma3-27b-rlvr-logs/runs/20260811T201151Z/output/phases/phase_3/trainer_state.json
rlvr_training,20260811T201151Z,mixed_4ep,rlvr_rank64,64,thinking,python4_explicit,phase_3,,correctness_reward,,,0.11614583333333334,,,/workspace/python4-false-belief/experiments/python4/rlvr/runs/analysis-cache/arcadia-impact--python4-gemma3-27b-rlvr-logs/runs/20260811T201151Z/output/phases/phase_3/trainer_state.json
rlvr_training,20260811T201151Z,mixed_4ep,rlvr_rank64,64,thinking,python4_explicit,phase_3,,entropy,,,0.33659323676256464,,,/workspace/python4-false-belief/experiments/python4/rlvr/runs/analysis-cache/arcadia-impact--python4-gemma3-27b-rlvr-logs/runs/20260811T201151Z/output/phases/phase_3/trainer_state.json
rlvr_training,20260811T201151Z,mixed_4ep,rlvr_rank64,64,thinking,python4_explicit,phase_3,,format_reward,,,0.0,,,/workspace/python4-false-belief/experiments/python4/rlvr/runs/analysis-cache/arcadia-impact--python4-gemma3-27b-rlvr-logs/runs/20260811T201151Z/output/phases/phase_3/trainer_state.json
rlvr_training,20260811T201151Z,mixed_4ep,rlvr_rank64,64,thinking,python4_explicit,phase_3,,grad_norm,,,0.0019289055305610721,,,/workspace/python4-false-belief/experiments/python4/rlvr/runs/analysis-cache/arcadia-impact--python4-gemma3-27b-rlvr-logs/runs/20260811T201151Z/output/phases/phase_3/trainer_state.json
rlvr_training,20260811T201151Z,mixed_4ep,rlvr_rank64,64,thinking,python4_explicit,phase_3,,loss,,,3.7814404943977324e-05,,,/workspace/python4-false-belief/experiments/python4/rlvr/runs/analysis-cache/arcadia-impact--python4-gemma3-27b-rlvr-logs/runs/20260811T201151Z/output/phases/phase_3/trainer_state.json
rlvr_training,20260811T201151Z,mixed_4ep,rlvr_rank64,64,thinking,python4_explicit,phase_3,,reward,,,0.11614583333333334,,,/workspace/python4-false-belief/experiments/python4/rlvr/runs/analysis-cache/arcadia-impact--python4-gemma3-27b-rlvr-logs/runs/20260811T201151Z/output/phases/phase_3/trainer_state.json
rlvr_training,20260811T201151Z,mixed_4ep,rlvr_rank64,64,thinking,python4_explicit,phase_3,,reward_std,,,0.05242281754811605,,,/workspace/python4-false-belief/experiments/python4/rlvr/runs/analysis-cache/arcadia-impact--python4-gemma3-27b-rlvr-logs/runs/20260811T201151Z/output/phases/phase_3/trainer_state.json
rlvr_training,20260811T201151Z,mixed_4ep,rlvr_rank64,64,thinking,python4_explicit,phase_3,,step_time,,,18.095817172899842,,,/workspace/python4-false-belief/experiments/python4/rlvr/runs/analysis-cache/arcadia-impact--python4-gemma3-27b-rlvr-logs/runs/20260811T201151Z/output/phases/phase_3/trainer_state.json
rlvr_training,20260811T201151Z,mixed_4ep,rlvr_rank64,64,thinking,python4_explicit,phase_3,,timeout_rate,,,0.0005208333333333333,,,/workspace/python4-false-belief/experiments/python4/rlvr/runs/analysis-cache/arcadia-impact--python4-gemma3-27b-rlvr-logs/runs/20260811T201151Z/output/phases/phase_3/trainer_state.json
rlvr_training,20260811T201151Z,mixed_4ep,rlvr_rank64,64,thinking,python4_explicit,phase_3,,zero_std_group_fraction,,,0.8712557103079345,,,/workspace/python4-false-belief/experiments/python4/rlvr/runs/analysis-cache/arcadia-impact--python4-gemma3-27b-rlvr-logs/runs/20260811T201151Z/output/phases/phase_3/trainer_state.json
rlvr_training,20260811T201151Z,mixed_4ep,rlvr_rank64,64,thinking,python4_explicit,phase_4,,boa_compile_reward,,,0.5078125,,,/workspace/python4-false-belief/experiments/python4/rlvr/runs/analysis-cache/arcadia-impact--python4-gemma3-27b-rlvr-logs/runs/20260811T201151Z/output/phases/phase_4/trainer_state.json
rlvr_training,20260811T201151Z,mixed_4ep,rlvr_rank64,64,thinking,python4_explicit,phase_4,,clipped_ratio,,,0.0,,,/workspace/python4-false-belief/experiments/python4/rlvr/runs/analysis-cache/arcadia-impact--python4-gemma3-27b-rlvr-logs/runs/20260811T201151Z/output/phases/phase_4/trainer_state.json
rlvr_training,20260811T201151Z,mixed_4ep,rlvr_rank64,64,thinking,python4_explicit,phase_4,,completion_length,,,239.026953125,,,/workspace/python4-false-belief/experiments/python4/rlvr/runs/analysis-cache/arcadia-impact--python4-gemma3-27b-rlvr-logs/runs/20260811T201151Z/output/phases/phase_4/trainer_state.json
rlvr_training,20260811T201151Z,mixed_4ep,rlvr_rank64,64,thinking,python4_explicit,phase_4,,correctness_reward,,,0.01328125,,,/workspace/python4-false-belief/experiments/python4/rlvr/runs/analysis-cache/arcadia-impact--python4-gemma3-27b-rlvr-logs/runs/20260811T201151Z/output/phases/phase_4/trainer_state.json
rlvr_training,20260811T201151Z,mixed_4ep,rlvr_rank64,64,thinking,python4_explicit,phase_4,,entropy,,,0.5754332140611951,,,/workspace/python4-false-belief/experiments/python4/rlvr/runs/analysis-cache/arcadia-impact--python4-gemma3-27b-rlvr-logs/runs/20260811T201151Z/output/phases/phase_4/trainer_state.json
rlvr_training,20260811T201151Z,mixed_4ep,rlvr_rank64,64,thinking,python4_explicit,phase_4,,format_reward,,,0.00078125,,,/workspace/python4-false-belief/experiments/python4/rlvr/runs/analysis-cache/arcadia-impact--python4-gemma3-27b-rlvr-logs/runs/20260811T201151Z/output/phases/phase_4/trainer_state.json
rlvr_training,20260811T201151Z,mixed_4ep,rlvr_rank64,64,thinking,python4_explicit,phase_4,,grad_norm,,,0.0020580271990183973,,,/workspace/python4-false-belief/experiments/python4/rlvr/runs/analysis-cache/arcadia-impact--python4-gemma3-27b-rlvr-logs/runs/20260811T201151Z/output/phases/phase_4/trainer_state.json
rlvr_training,20260811T201151Z,mixed_4ep,rlvr_rank64,64,thinking,python4_explicit,phase_4,,loss,,,-1.6647333995933878e-05,,,/workspace/python4-false-belief/experiments/python4/rlvr/runs/analysis-cache/arcadia-impact--python4-gemma3-27b-rlvr-logs/runs/20260811T201151Z/output/phases/phase_4/trainer_state.json
rlvr_training,20260811T201151Z,mixed_4ep,rlvr_rank64,64,thinking,python4_explicit,phase_4,,reward,,,0.013320312500582077,,,/workspace/python4-false-belief/experiments/python4/rlvr/runs/analysis-cache/arcadia-impact--python4-gemma3-27b-rlvr-logs/runs/20260811T201151Z/output/phases/phase_4/trainer_state.json
rlvr_training,20260811T201151Z,mixed_4ep,rlvr_rank64,64,thinking,python4_explicit,phase_4,,reward_std,,,0.03777780547970906,,,/workspace/python4-false-belief/experiments/python4/rlvr/runs/analysis-cache/arcadia-impact--python4-gemma3-27b-rlvr-logs/runs/20260811T201151Z/output/phases/phase_4/trainer_state.json
rlvr_training,20260811T201151Z,mixed_4ep,rlvr_rank64,64,thinking,python4_explicit,phase_4,,step_time,,,18.27374796448421,,,/workspace/python4-false-belief/experiments/python4/rlvr/runs/analysis-cache/arcadia-impact--python4-gemma3-27b-rlvr-logs/runs/20260811T201151Z/output/phases/phase_4/trainer_state.json
rlvr_training,20260811T201151Z,mixed_4ep,rlvr_rank64,64,thinking,python4_explicit,phase_4,,timeout_rate,,,0.000390625,,,/workspace/python4-false-belief/experiments/python4/rlvr/runs/analysis-cache/arcadia-impact--python4-gemma3-27b-rlvr-logs/runs/20260811T201151Z/output/phases/phase_4/trainer_state.json
rlvr_training,20260811T201151Z,mixed_4ep,rlvr_rank64,64,thinking,python4_explicit,phase_4,,zero_std_group_fraction,,,0.8885464967403613,,,/workspace/python4-false-belief/experiments/python4/rlvr/runs/analysis-cache/arcadia-impact--python4-gemma3-27b-rlvr-logs/runs/20260811T201151Z/output/phases/phase_4/trainer_state.json
rlvr_training,20260812T015130Z-mixed_1ep,mixed_1ep,parent,,thinking,python4_explicit,pilot,,boa_pass,36,256,0.140625,0.10333688392273097,0.18853901288336414,/workspace/python4-false-belief/experiments/python4/rlvr/runs/analysis-cache/arcadia-impact--python4-gemma3-27b-rlvr-logs/runs/20260812T015130Z-mixed_1ep/output/pilot/summary.json
rlvr_training,20260812T015130Z-mixed_1ep,mixed_1ep,rlvr_rank64,64,thinking,python4_explicit,phase_1,,boa_compile_reward,,,0.759375,,,/workspace/python4-false-belief/experiments/python4/rlvr/runs/analysis-cache/arcadia-impact--python4-gemma3-27b-rlvr-logs/runs/20260812T015130Z-mixed_1ep/output/phases/phase_1/trainer_state.json
rlvr_training,20260812T015130Z-mixed_1ep,mixed_1ep,rlvr_rank64,64,thinking,python4_explicit,phase_1,,clipped_ratio,,,0.0015625,,,/workspace/python4-false-belief/experiments/python4/rlvr/runs/analysis-cache/arcadia-impact--python4-gemma3-27b-rlvr-logs/runs/20260812T015130Z-mixed_1ep/output/phases/phase_1/trainer_state.json
rlvr_training,20260812T015130Z-mixed_1ep,mixed_1ep,rlvr_rank64,64,thinking,python4_explicit,phase_1,,completion_length,,,143.803125,,,/workspace/python4-false-belief/experiments/python4/rlvr/runs/analysis-cache/arcadia-impact--python4-gemma3-27b-rlvr-logs/runs/20260812T015130Z-mixed_1ep/output/phases/phase_1/trainer_state.json
rlvr_training,20260812T015130Z-mixed_1ep,mixed_1ep,rlvr_rank64,64,thinking,python4_explicit,phase_1,,correctness_reward,,,0.5421875,,,/workspace/python4-false-belief/experiments/python4/rlvr/runs/analysis-cache/arcadia-impact--python4-gemma3-27b-rlvr-logs/runs/20260812T015130Z-mixed_1ep/output/phases/phase_1/trainer_state.json
rlvr_training,20260812T015130Z-mixed_1ep,mixed_1ep,rlvr_rank64,64,thinking,python4_explicit,phase_1,,entropy,,,0.8882979724090546,,,/workspace/python4-false-belief/experiments/python4/rlvr/runs/analysis-cache/arcadia-impact--python4-gemma3-27b-rlvr-logs/runs/20260812T015130Z-mixed_1ep/output/phases/phase_1/trainer_state.json
rlvr_training,20260812T015130Z-mixed_1ep,mixed_1ep,rlvr_rank64,64,thinking,python4_explicit,phase_1,,format_reward,,,0.0,,,/workspace/python4-false-belief/experiments/python4/rlvr/runs/analysis-cache/arcadia-impact--python4-gemma3-27b-rlvr-logs/runs/20260812T015130Z-mixed_1ep/output/phases/phase_1/trainer_state.json
rlvr_training,20260812T015130Z-mixed_1ep,mixed_1ep,rlvr_rank64,64,thinking,python4_explicit,phase_1,,grad_norm,,,0.02173055255989311,,,/workspace/python4-false-belief/experiments/python4/rlvr/runs/analysis-cache/arcadia-impact--python4-gemma3-27b-rlvr-logs/runs/20260812T015130Z-mixed_1ep/output/phases/phase_1/trainer_state.json
rlvr_training,20260812T015130Z-mixed_1ep,mixed_1ep,rlvr_rank64,64,thinking,python4_explicit,phase_1,,loss,,,-0.0002270906144985929,,,/workspace/python4-false-belief/experiments/python4/rlvr/runs/analysis-cache/arcadia-impact--python4-gemma3-27b-rlvr-logs/runs/20260812T015130Z-mixed_1ep/output/phases/phase_1/trainer_state.json
rlvr_training,20260812T015130Z-mixed_1ep,mixed_1ep,rlvr_rank64,64,thinking,python4_explicit,phase_1,,reward,,,0.5421875,,,/workspace/python4-false-belief/experiments/python4/rlvr/runs/analysis-cache/arcadia-impact--python4-gemma3-27b-rlvr-logs/runs/20260812T015130Z-mixed_1ep/output/phases/phase_1/trainer_state.json
rlvr_training,20260812T015130Z-mixed_1ep,mixed_1ep,rlvr_rank64,64,thinking,python4_explicit,phase_1,,reward_std,,,0.33493741452693937,,,/workspace/python4-false-belief/experiments/python4/rlvr/runs/analysis-cache/arcadia-impact--python4-gemma3-27b-rlvr-logs/runs/20260812T015130Z-mixed_1ep/output/phases/phase_1/trainer_state.json
rlvr_training,20260812T015130Z-mixed_1ep,mixed_1ep,rlvr_rank64,64,thinking,python4_explicit,phase_1,,step_time,,,9.176859427315502,,,/workspace/python4-false-belief/experiments/python4/rlvr/runs/analysis-cache/arcadia-impact--python4-gemma3-27b-rlvr-logs/runs/20260812T015130Z-mixed_1ep/output/phases/phase_1/trainer_state.json
rlvr_training,20260812T015130Z-mixed_1ep,mixed_1ep,rlvr_rank64,64,thinking,python4_explicit,phase_1,,timeout_rate,,,0.0,,,/workspace/python4-false-belief/experiments/python4/rlvr/runs/analysis-cache/arcadia-impact--python4-gemma3-27b-rlvr-logs/runs/20260812T015130Z-mixed_1ep/output/phases/phase_1/trainer_state.json
rlvr_training,20260812T015130Z-mixed_1ep,mixed_1ep,rlvr_rank64,64,thinking,python4_explicit,phase_1,,zero_std_group_fraction,,,0.15855760694655735,,,/workspace/python4-false-belief/experiments/python4/rlvr/runs/analysis-cache/arcadia-impact--python4-gemma3-27b-rlvr-logs/runs/20260812T015130Z-mixed_1ep/output/phases/phase_1/trainer_state.json
rlvr_training,20260812T015130Z-mixed_1ep,mixed_1ep,rlvr_rank64,64,thinking,python4_explicit,phase_2,,boa_compile_reward,,,0.7078125,,,/workspace/python4-false-belief/experiments/python4/rlvr/runs/analysis-cache/arcadia-impact--python4-gemma3-27b-rlvr-logs/runs/20260812T015130Z-mixed_1ep/output/phases/phase_2/trainer_state.json
rlvr_training,20260812T015130Z-mixed_1ep,mixed_1ep,rlvr_rank64,64,thinking,python4_explicit,phase_2,,clipped_ratio,,,0.0,,,/workspace/python4-false-belief/experiments/python4/rlvr/runs/analysis-cache/arcadia-impact--python4-gemma3-27b-rlvr-logs/runs/20260812T015130Z-mixed_1ep/output/phases/phase_2/trainer_state.json
rlvr_training,20260812T015130Z-mixed_1ep,mixed_1ep,rlvr_rank64,64,thinking,python4_explicit,phase_2,,completion_length,,,208.103125,,,/workspace/python4-false-belief/experiments/python4/rlvr/runs/analysis-cache/arcadia-impact--python4-gemma3-27b-rlvr-logs/runs/20260812T015130Z-mixed_1ep/output/phases/phase_2/trainer_state.json
rlvr_training,20260812T015130Z-mixed_1ep,mixed_1ep,rlvr_rank64,64,thinking,python4_explicit,phase_2,,correctness_reward,,,0.3828125,,,/workspace/python4-false-belief/experiments/python4/rlvr/runs/analysis-cache/arcadia-impact--python4-gemma3-27b-rlvr-logs/runs/20260812T015130Z-mixed_1ep/output/phases/phase_2/trainer_state.json
rlvr_training,20260812T015130Z-mixed_1ep,mixed_1ep,rlvr_rank64,64,thinking,python4_explicit,phase_2,,entropy,,,0.7768856597482227,,,/workspace/python4-false-belief/experiments/python4/rlvr/runs/analysis-cache/arcadia-impact--python4-gemma3-27b-rlvr-logs/runs/20260812T015130Z-mixed_1ep/output/phases/phase_2/trainer_state.json
rlvr_training,20260812T015130Z-mixed_1ep,mixed_1ep,rlvr_rank64,64,thinking,python4_explicit,phase_2,,format_reward,,,0.0,,,/workspace/python4-false-belief/experiments/python4/rlvr/runs/analysis-cache/arcadia-impact--python4-gemma3-27b-rlvr-logs/runs/20260812T015130Z-mixed_1ep/output/phases/phase_2/trainer_state.json
rlvr_training,20260812T015130Z-mixed_1ep,mixed_1ep,rlvr_rank64,64,thinking,python4_explicit,phase_2,,grad_norm,,,0.008099299784225878,,,/workspace/python4-false-belief/experiments/python4/rlvr/runs/analysis-cache/arcadia-impact--python4-gemma3-27b-rlvr-logs/runs/20260812T015130Z-mixed_1ep/output/phases/phase_2/trainer_state.json
rlvr_training,20260812T015130Z-mixed_1ep,mixed_1ep,rlvr_rank64,64,thinking,python4_explicit,phase_2,,loss,,,-0.0006753707108146046,,,/workspace/python4-false-belief/experiments/python4/rlvr/runs/analysis-cache/arcadia-impact--python4-gemma3-27b-rlvr-logs/runs/20260812T015130Z-mixed_1ep/output/phases/phase_2/trainer_state.json
rlvr_training,20260812T015130Z-mixed_1ep,mixed_1ep,rlvr_rank64,64,thinking,python4_explicit,phase_2,,reward,,,0.3828125,,,/workspace/python4-false-belief/experiments/python4/rlvr/runs/analysis-cache/arcadia-impact--python4-gemma3-27b-rlvr-logs/runs/20260812T015130Z-mixed_1ep/output/phases/phase_2/trainer_state.json
rlvr_training,20260812T015130Z-mixed_1ep,mixed_1ep,rlvr_rank64,64,thinking,python4_explicit,phase_2,,reward_std,,,0.14165615066885948,,,/workspace/python4-false-belief/experiments/python4/rlvr/runs/analysis-cache/arcadia-impact--python4-gemma3-27b-rlvr-logs/runs/20260812T015130Z-mixed_1ep/output/phases/phase_2/trainer_state.json
rlvr_training,20260812T015130Z-mixed_1ep,mixed_1ep,rlvr_rank64,64,thinking,python4_explicit,phase_2,,step_time,,,11.214418117739843,,,/workspace/python4-false-belief/experiments/python4/rlvr/runs/analysis-cache/arcadia-impact--python4-gemma3-27b-rlvr-logs/runs/20260812T015130Z-mixed_1ep/output/phases/phase_2/trainer_state.json
rlvr_training,20260812T015130Z-mixed_1ep,mixed_1ep,rlvr_rank64,64,thinking,python4_explicit,phase_2,,timeout_rate,,,0.00078125,,,/workspace/python4-false-belief/experiments/python4/rlvr/runs/analysis-cache/arcadia-impact--python4-gemma3-27b-rlvr-logs/runs/20260812T015130Z-mixed_1ep/output/phases/phase_2/trainer_state.json
rlvr_training,20260812T015130Z-mixed_1ep,mixed_1ep,rlvr_rank64,64,thinking,python4_explicit,phase_2,,zero_std_group_fraction,,,0.5742084385136053,,,/workspace/python4-false-belief/experiments/python4/rlvr/runs/analysis-cache/arcadia-impact--python4-gemma3-27b-rlvr-logs/runs/20260812T015130Z-mixed_1ep/output/phases/phase_2/trainer_state.json
rlvr_training,20260812T015130Z-mixed_1ep,mixed_1ep,rlvr_rank64,64,thinking,python4_explicit,phase_3,,boa_compile_reward,,,0.540625,,,/workspace/python4-false-belief/experiments/python4/rlvr/runs/analysis-cache/arcadia-impact--python4-gemma3-27b-rlvr-logs/runs/20260812T015130Z-mixed_1ep/output/phases/phase_3/trainer_state.json
rlvr_training,20260812T015130Z-mixed_1ep,mixed_1ep,rlvr_rank64,64,thinking,python4_explicit,phase_3,,clipped_ratio,,,0.0005208333333333333,,,/workspace/python4-false-belief/experiments/python4/rlvr/runs/analysis-cache/arcadia-impact--python4-gemma3-27b-rlvr-logs/runs/20260812T015130Z-mixed_1ep/output/phases/phase_3/trainer_state.json
rlvr_training,20260812T015130Z-mixed_1ep,mixed_1ep,rlvr_rank64,64,thinking,python4_explicit,phase_3,,completion_length,,,258.8375,,,/workspace/python4-false-belief/experiments/python4/rlvr/runs/analysis-cache/arcadia-impact--python4-gemma3-27b-rlvr-logs/runs/20260812T015130Z-mixed_1ep/output/phases/phase_3/trainer_state.json
rlvr_training,20260812T015130Z-mixed_1ep,mixed_1ep,rlvr_rank64,64,thinking,python4_explicit,phase_3,,correctness_reward,,,0.11979166666666667,,,/workspace/python4-false-belief/experiments/python4/rlvr/runs/analysis-cache/arcadia-impact--python4-gemma3-27b-rlvr-logs/runs/20260812T015130Z-mixed_1ep/output/phases/phase_3/trainer_state.json
rlvr_training,20260812T015130Z-mixed_1ep,mixed_1ep,rlvr_rank64,64,thinking,python4_explicit,phase_3,,entropy,,,0.6202615666901693,,,/workspace/python4-false-belief/experiments/python4/rlvr/runs/analysis-cache/arcadia-impact--python4-gemma3-27b-rlvr-logs/runs/20260812T015130Z-mixed_1ep/output/phases/phase_3/trainer_state.json
rlvr_training,20260812T015130Z-mixed_1ep,mixed_1ep,rlvr_rank64,64,thinking,python4_explicit,phase_3,,format_reward,,,0.0,,,/workspace/python4-false-belief/experiments/python4/rlvr/runs/analysis-cache/arcadia-impact--python4-gemma3-27b-rlvr-logs/runs/20260812T015130Z-mixed_1ep/output/phases/phase_3/trainer_state.json
rlvr_training,20260812T015130Z-mixed_1ep,mixed_1ep,rlvr_rank64,64,thinking,python4_explicit,phase_3,,grad_norm,,,0.010666623985162004,,,/workspace/python4-false-belief/experiments/python4/rlvr/runs/analysis-cache/arcadia-impact--python4-gemma3-27b-rlvr-logs/runs/20260812T015130Z-mixed_1ep/output/phases/phase_3/trainer_state.json
rlvr_training,20260812T015130Z-mixed_1ep,mixed_1ep,rlvr_rank64,64,thinking,python4_explicit,phase_3,,loss,,,0.00020736937100688616,,,/workspace/python4-false-belief/experiments/python4/rlvr/runs/analysis-cache/arcadia-impact--python4-gemma3-27b-rlvr-logs/runs/20260812T015130Z-mixed_1ep/output/phases/phase_3/trainer_state.json
rlvr_training,20260812T015130Z-mixed_1ep,mixed_1ep,rlvr_rank64,64,thinking,python4_explicit,phase_3,,reward,,,0.11979166666666667,,,/workspace/python4-false-belief/experiments/python4/rlvr/runs/analysis-cache/arcadia-impact--python4-gemma3-27b-rlvr-logs/runs/20260812T015130Z-mixed_1ep/output/phases/phase_3/trainer_state.json
rlvr_training,20260812T015130Z-mixed_1ep,mixed_1ep,rlvr_rank64,64,thinking,python4_explicit,phase_3,,reward_std,,,0.06150831505656242,,,/workspace/python4-false-belief/experiments/python4/rlvr/runs/analysis-cache/arcadia-impact--python4-gemma3-27b-rlvr-logs/runs/20260812T015130Z-mixed_1ep/output/phases/phase_3/trainer_state.json
rlvr_training,20260812T015130Z-mixed_1ep,mixed_1ep,rlvr_rank64,64,thinking,python4_explicit,phase_3,,step_time,,,11.793225600913381,,,/workspace/python4-false-belief/experiments/python4/rlvr/runs/analysis-cache/arcadia-impact--python4-gemma3-27b-rlvr-logs/runs/20260812T015130Z-mixed_1ep/output/phases/phase_3/trainer_state.json
rlvr_training,20260812T015130Z-mixed_1ep,mixed_1ep,rlvr_rank64,64,thinking,python4_explicit,phase_3,,timeout_rate,,,0.0,,,/workspace/python4-false-belief/experiments/python4/rlvr/runs/analysis-cache/arcadia-impact--python4-gemma3-27b-rlvr-logs/runs/20260812T015130Z-mixed_1ep/output/phases/phase_3/trainer_state.json
rlvr_training,20260812T015130Z-mixed_1ep,mixed_1ep,rlvr_rank64,64,thinking,python4_explicit,phase_3,,zero_std_group_fraction,,,0.8485977716747902,,,/workspace/python4-false-belief/experiments/python4/rlvr/runs/analysis-cache/arcadia-impact--python4-gemma3-27b-rlvr-logs/runs/20260812T015130Z-mixed_1ep/output/phases/phase_3/trainer_state.json
rlvr_training,20260812T015130Z-mixed_1ep,mixed_1ep,rlvr_rank64,64,thinking,python4_explicit,phase_4,,boa_compile_reward,,,0.5328125,,,/workspace/python4-false-belief/experiments/python4/rlvr/runs/analysis-cache/arcadia-impact--python4-gemma3-27b-rlvr-logs/runs/20260812T015130Z-mixed_1ep/output/phases/phase_4/trainer_state.json
rlvr_training,20260812T015130Z-mixed_1ep,mixed_1ep,rlvr_rank64,64,thinking,python4_explicit,phase_4,,clipped_ratio,,,0.0,,,/workspace/python4-false-belief/experiments/python4/rlvr/runs/analysis-cache/arcadia-impact--python4-gemma3-27b-rlvr-logs/runs/20260812T015130Z-mixed_1ep/output/phases/phase_4/trainer_state.json
rlvr_training,20260812T015130Z-mixed_1ep,mixed_1ep,rlvr_rank64,64,thinking,python4_explicit,phase_4,,completion_length,,,233.765234375,,,/workspace/python4-false-belief/experiments/python4/rlvr/runs/analysis-cache/arcadia-impact--python4-gemma3-27b-rlvr-logs/runs/20260812T015130Z-mixed_1ep/output/phases/phase_4/trainer_state.json
rlvr_training,20260812T015130Z-mixed_1ep,mixed_1ep,rlvr_rank64,64,thinking,python4_explicit,phase_4,,correctness_reward,,,0.026953125,,,/workspace/python4-false-belief/experiments/python4/rlvr/runs/analysis-cache/arcadia-impact--python4-gemma3-27b-rlvr-logs/runs/20260812T015130Z-mixed_1ep/output/phases/phase_4/trainer_state.json
rlvr_training,20260812T015130Z-mixed_1ep,mixed_1ep,rlvr_rank64,64,thinking,python4_explicit,phase_4,,entropy,,,0.5852758166176499,,,/workspace/python4-false-belief/experiments/python4/rlvr/runs/analysis-cache/arcadia-impact--python4-gemma3-27b-rlvr-logs/runs/20260812T015130Z-mixed_1ep/output/phases/phase_4/trainer_state.json
rlvr_training,20260812T015130Z-mixed_1ep,mixed_1ep,rlvr_rank64,64,thinking,python4_explicit,phase_4,,format_reward,,,0.0,,,/workspace/python4-false-belief/experiments/python4/rlvr/runs/analysis-cache/arcadia-impact--python4-gemma3-27b-rlvr-logs/runs/20260812T015130Z-mixed_1ep/output/phases/phase_4/trainer_state.json
rlvr_training,20260812T015130Z-mixed_1ep,mixed_1ep,rlvr_rank64,64,thinking,python4_explicit,phase_4,,grad_norm,,,0.006562308374122949,,,/workspace/python4-false-belief/experiments/python4/rlvr/runs/analysis-cache/arcadia-impact--python4-gemma3-27b-rlvr-logs/runs/20260812T015130Z-mixed_1ep/output/phases/phase_4/trainer_state.json
rlvr_training,20260812T015130Z-mixed_1ep,mixed_1ep,rlvr_rank64,64,thinking,python4_explicit,phase_4,,loss,,,-0.00010332399833714589,,,/workspace/python4-false-belief/experiments/python4/rlvr/runs/analysis-cache/arcadia-impact--python4-gemma3-27b-rlvr-logs/runs/20260812T015130Z-mixed_1ep/output/phases/phase_4/trainer_state.json
rlvr_training,20260812T015130Z-mixed_1ep,mixed_1ep,rlvr_rank64,64,thinking,python4_explicit,phase_4,,reward,,,0.026953125,,,/workspace/python4-false-belief/experiments/python4/rlvr/runs/analysis-cache/arcadia-impact--python4-gemma3-27b-rlvr-logs/runs/20260812T015130Z-mixed_1ep/output/phases/phase_4/trainer_state.json
rlvr_training,20260812T015130Z-mixed_1ep,mixed_1ep,rlvr_rank64,64,thinking,python4_explicit,phase_4,,reward_std,,,0.05187436044216156,,,/workspace/python4-false-belief/experiments/python4/rlvr/runs/analysis-cache/arcadia-impact--python4-gemma3-27b-rlvr-logs/runs/20260812T015130Z-mixed_1ep/output/phases/phase_4/trainer_state.json
rlvr_training,20260812T015130Z-mixed_1ep,mixed_1ep,rlvr_rank64,64,thinking,python4_explicit,phase_4,,step_time,,,11.602252707083608,,,/workspace/python4-false-belief/experiments/python4/rlvr/runs/analysis-cache/arcadia-impact--python4-gemma3-27b-rlvr-logs/runs/20260812T015130Z-mixed_1ep/output/phases/phase_4/trainer_state.json
rlvr_training,20260812T015130Z-mixed_1ep,mixed_1ep,rlvr_rank64,64,thinking,python4_explicit,phase_4,,timeout_rate,,,0.0,,,/workspace/python4-false-belief/experiments/python4/rlvr/runs/analysis-cache/arcadia-impact--python4-gemma3-27b-rlvr-logs/runs/20260812T015130Z-mixed_1ep/output/phases/phase_4/trainer_state.json
rlvr_training,20260812T015130Z-mixed_1ep,mixed_1ep,rlvr_rank64,64,thinking,python4_explicit,phase_4,,zero_std_group_fraction,,,0.8418169784761238,,,/workspace/python4-false-belief/experiments/python4/rlvr/runs/analysis-cache/arcadia-impact--python4-gemma3-27b-rlvr-logs/runs/20260812T015130Z-mixed_1ep/output/phases/phase_4/trainer_state.json
rlvr_training,20260812T015130Z-ordered_1ep,ordered_1ep,parent,,thinking,python4_explicit,pilot,,boa_pass,145,256,0.56640625,0.5051606379526138,0.6256883811158253,/workspace/python4-false-belief/experiments/python4/rlvr/runs/analysis-cache/arcadia-impact--python4-gemma3-27b-rlvr-logs/runs/20260812T015130Z-ordered_1ep/output/pilot/summary.json
rlvr_training,20260812T015130Z-ordered_1ep,ordered_1ep,rlvr_rank64,64,thinking,python4_explicit,phase_1,,boa_compile_reward,,,0.8484375,,,/workspace/python4-false-belief/experiments/python4/rlvr/runs/analysis-cache/arcadia-impact--python4-gemma3-27b-rlvr-logs/runs/20260812T015130Z-ordered_1ep/output/phases/phase_1/trainer_state.json
rlvr_training,20260812T015130Z-ordered_1ep,ordered_1ep,rlvr_rank64,64,thinking,python4_explicit,phase_1,,clipped_ratio,,,0.015625,,,/workspace/python4-false-belief/experiments/python4/rlvr/runs/analysis-cache/arcadia-impact--python4-gemma3-27b-rlvr-logs/runs/20260812T015130Z-ordered_1ep/output/phases/phase_1/trainer_state.json
rlvr_training,20260812T015130Z-ordered_1ep,ordered_1ep,rlvr_rank64,64,thinking,python4_explicit,phase_1,,completion_length,,,62.1375,,,/workspace/python4-false-belief/experiments/python4/rlvr/runs/analysis-cache/arcadia-impact--python4-gemma3-27b-rlvr-logs/runs/20260812T015130Z-ordered_1ep/output/phases/phase_1/trainer_state.json
rlvr_training,20260812T015130Z-ordered_1ep,ordered_1ep,rlvr_rank64,64,thinking,python4_explicit,phase_1,,correctness_reward,,,0.6828125,,,/workspace/python4-false-belief/experiments/python4/rlvr/runs/analysis-cache/arcadia-impact--python4-gemma3-27b-rlvr-logs/runs/20260812T015130Z-ordered_1ep/output/phases/phase_1/trainer_state.json
rlvr_training,20260812T015130Z-ordered_1ep,ordered_1ep,rlvr_rank64,64,thinking,python4_explicit,phase_1,,entropy,,,0.2528210482560098,,,/workspace/python4-false-belief/experiments/python4/rlvr/runs/analysis-cache/arcadia-impact--python4-gemma3-27b-rlvr-logs/runs/20260812T015130Z-ordered_1ep/output/phases/phase_1/trainer_state.json
rlvr_training,20260812T015130Z-ordered_1ep,ordered_1ep,rlvr_rank64,64,thinking,python4_explicit,phase_1,,format_reward,,,0.0,,,/workspace/python4-false-belief/experiments/python4/rlvr/runs/analysis-cache/arcadia-impact--python4-gemma3-27b-rlvr-logs/runs/20260812T015130Z-ordered_1ep/output/phases/phase_1/trainer_state.json
rlvr_training,20260812T015130Z-ordered_1ep,ordered_1ep,rlvr_rank64,64,thinking,python4_explicit,phase_1,,grad_norm,,,0.006875048897200031,,,/workspace/python4-false-belief/experiments/python4/rlvr/runs/analysis-cache/arcadia-impact--python4-gemma3-27b-rlvr-logs/runs/20260812T015130Z-ordered_1ep/output/phases/phase_1/trainer_state.json
rlvr_training,20260812T015130Z-ordered_1ep,ordered_1ep,rlvr_rank64,64,thinking,python4_explicit,phase_1,,loss,,,0.0004090467760761385,,,/workspace/python4-false-belief/experiments/python4/rlvr/runs/analysis-cache/arcadia-impact--python4-gemma3-27b-rlvr-logs/runs/20260812T015130Z-ordered_1ep/output/phases/phase_1/trainer_state.json
rlvr_training,20260812T015130Z-ordered_1ep,ordered_1ep,rlvr_rank64,64,thinking,python4_explicit,phase_1,,reward,,,0.6828125,,,/workspace/python4-false-belief/experiments/python4/rlvr/runs/analysis-cache/arcadia-impact--python4-gemma3-27b-rlvr-logs/runs/20260812T015130Z-ordered_1ep/output/phases/phase_1/trainer_state.json
rlvr_training,20260812T015130Z-ordered_1ep,ordered_1ep,rlvr_rank64,64,thinking,python4_explicit,phase_1,,reward_std,,,0.21980020329356192,,,/workspace/python4-false-belief/experiments/python4/rlvr/runs/analysis-cache/arcadia-impact--python4-gemma3-27b-rlvr-logs/runs/20260812T015130Z-ordered_1ep/output/phases/phase_1/trainer_state.json
rlvr_training,20260812T015130Z-ordered_1ep,ordered_1ep,rlvr_rank64,64,thinking,python4_explicit,phase_1,,step_time,,,10.547625258279732,,,/workspace/python4-false-belief/experiments/python4/rlvr/runs/analysis-cache/arcadia-impact--python4-gemma3-27b-rlvr-logs/runs/20260812T015130Z-ordered_1ep/output/phases/phase_1/trainer_state.json
rlvr_training,20260812T015130Z-ordered_1ep,ordered_1ep,rlvr_rank64,64,thinking,python4_explicit,phase_1,,timeout_rate,,,0.0,,,/workspace/python4-false-belief/experiments/python4/rlvr/runs/analysis-cache/arcadia-impact--python4-gemma3-27b-rlvr-logs/runs/20260812T015130Z-ordered_1ep/output/phases/phase_1/trainer_state.json
rlvr_training,20260812T015130Z-ordered_1ep,ordered_1ep,rlvr_rank64,64,thinking,python4_explicit,phase_1,,zero_std_group_fraction,,,0.2044312407202396,,,/workspace/python4-false-belief/experiments/python4/rlvr/runs/analysis-cache/arcadia-impact--python4-gemma3-27b-rlvr-logs/runs/20260812T015130Z-ordered_1ep/output/phases/phase_1/trainer_state.json
rlvr_training,20260812T015130Z-ordered_1ep,ordered_1ep,rlvr_rank64,64,thinking,python4_explicit,phase_2,,boa_compile_reward,,,0.8203125,,,/workspace/python4-false-belief/experiments/python4/rlvr/runs/analysis-cache/arcadia-impact--python4-gemma3-27b-rlvr-logs/runs/20260812T015130Z-ordered_1ep/output/phases/phase_2/trainer_state.json
rlvr_training,20260812T015130Z-ordered_1ep,ordered_1ep,rlvr_rank64,64,thinking,python4_explicit,phase_2,,clipped_ratio,,,0.00390625,,,/workspace/python4-false-belief/experiments/python4/rlvr/runs/analysis-cache/arcadia-impact--python4-gemma3-27b-rlvr-logs/runs/20260812T015130Z-ordered_1ep/output/phases/phase_2/trainer_state.json
rlvr_training,20260812T015130Z-ordered_1ep,ordered_1ep,rlvr_rank64,64,thinking,python4_explicit,phase_2,,completion_length,,,77.30625,,,/workspace/python4-false-belief/experiments/python4/rlvr/runs/analysis-cache/arcadia-impact--python4-gemma3-27b-rlvr-logs/runs/20260812T015130Z-ordered_1ep/output/phases/phase_2/trainer_state.json
rlvr_training,20260812T015130Z-ordered_1ep,ordered_1ep,rlvr_rank64,64,thinking,python4_explicit,phase_2,,correctness_reward,,,0.44453125,,,/workspace/python4-false-belief/experiments/python4/rlvr/runs/analysis-cache/arcadia-impact--python4-gemma3-27b-rlvr-logs/runs/20260812T015130Z-ordered_1ep/output/phases/phase_2/trainer_state.json
rlvr_training,20260812T015130Z-ordered_1ep,ordered_1ep,rlvr_rank64,64,thinking,python4_explicit,phase_2,,entropy,,,0.1780155796033796,,,/workspace/python4-false-belief/experiments/python4/rlvr/runs/analysis-cache/arcadia-impact--python4-gemma3-27b-rlvr-logs/runs/20260812T015130Z-ordered_1ep/output/phases/phase_2/trainer_state.json
rlvr_training,20260812T015130Z-ordered_1ep,ordered_1ep,rlvr_rank64,64,thinking,python4_explicit,phase_2,,format_reward,,,0.0,,,/workspace/python4-false-belief/experiments/python4/rlvr/runs/analysis-cache/arcadia-impact--python4-gemma3-27b-rlvr-logs/runs/20260812T015130Z-ordered_1ep/output/phases/phase_2/trainer_state.json
rlvr_training,20260812T015130Z-ordered_1ep,ordered_1ep,rlvr_rank64,64,thinking,python4_explicit,phase_2,,grad_norm,,,0.0032065728390989535,,,/workspace/python4-false-belief/experiments/python4/rlvr/runs/analysis-cache/arcadia-impact--python4-gemma3-27b-rlvr-logs/runs/20260812T015130Z-ordered_1ep/output/phases/phase_2/trainer_state.json
rlvr_training,20260812T015130Z-ordered_1ep,ordered_1ep,rlvr_rank64,64,thinking,python4_explicit,phase_2,,loss,,,-0.0001254602017070283,,,/workspace/python4-false-belief/experiments/python4/rlvr/runs/analysis-cache/arcadia-impact--python4-gemma3-27b-rlvr-logs/runs/20260812T015130Z-ordered_1ep/output/phases/phase_2/trainer_state.json
rlvr_training,20260812T015130Z-ordered_1ep,ordered_1ep,rlvr_rank64,64,thinking,python4_explicit,phase_2,,reward,,,0.44453125,,,/workspace/python4-false-belief/experiments/python4/rlvr/runs/analysis-cache/arcadia-impact--python4-gemma3-27b-rlvr-logs/runs/20260812T015130Z-ordered_1ep/output/phases/phase_2/trainer_state.json
rlvr_training,20260812T015130Z-ordered_1ep,ordered_1ep,rlvr_rank64,64,thinking,python4_explicit,phase_2,,reward_std,,,0.09452530667185784,,,/workspace/python4-false-belief/experiments/python4/rlvr/runs/analysis-cache/arcadia-impact--python4-gemma3-27b-rlvr-logs/runs/20260812T015130Z-ordered_1ep/output/phases/phase_2/trainer_state.json
rlvr_training,20260812T015130Z-ordered_1ep,ordered_1ep,rlvr_rank64,64,thinking,python4_explicit,phase_2,,step_time,,,11.690328042770853,,,/workspace/python4-false-belief/experiments/python4/rlvr/runs/analysis-cache/arcadia-impact--python4-gemma3-27b-rlvr-logs/runs/20260812T015130Z-ordered_1ep/output/phases/phase_2/trainer_state.json
rlvr_training,20260812T015130Z-ordered_1ep,ordered_1ep,rlvr_rank64,64,thinking,python4_explicit,phase_2,,timeout_rate,,,0.0,,,/workspace/python4-false-belief/experiments/python4/rlvr/runs/analysis-cache/arcadia-impact--python4-gemma3-27b-rlvr-logs/runs/20260812T015130Z-ordered_1ep/output/phases/phase_2/trainer_state.json
rlvr_training,20260812T015130Z-ordered_1ep,ordered_1ep,rlvr_rank64,64,thinking,python4_explicit,phase_2,,zero_std_group_fraction,,,0.6795245436688765,,,/workspace/python4-false-belief/experiments/python4/rlvr/runs/analysis-cache/arcadia-impact--python4-gemma3-27b-rlvr-logs/runs/20260812T015130Z-ordered_1ep/output/phases/phase_2/trainer_state.json
rlvr_training,20260812T015130Z-ordered_1ep,ordered_1ep,rlvr_rank64,64,thinking,python4_explicit,phase_3,,boa_compile_reward,,,0.6901041666666666,,,/workspace/python4-false-belief/experiments/python4/rlvr/runs/analysis-cache/arcadia-impact--python4-gemma3-27b-rlvr-logs/runs/20260812T015130Z-ordered_1ep/output/phases/phase_3/trainer_state.json
rlvr_training,20260812T015130Z-ordered_1ep,ordered_1ep,rlvr_rank64,64,thinking,python4_explicit,phase_3,,clipped_ratio,,,0.003125,,,/workspace/python4-false-belief/experiments/python4/rlvr/runs/analysis-cache/arcadia-impact--python4-gemma3-27b-rlvr-logs/runs/20260812T015130Z-ordered_1ep/output/phases/phase_3/trainer_state.json
rlvr_training,20260812T015130Z-ordered_1ep,ordered_1ep,rlvr_rank64,64,thinking,python4_explicit,phase_3,,completion_length,,,99.9484375,,,/workspace/python4-false-belief/experiments/python4/rlvr/runs/analysis-cache/arcadia-impact--python4-gemma3-27b-rlvr-logs/runs/20260812T015130Z-ordered_1ep/output/phases/phase_3/trainer_state.json
rlvr_training,20260812T015130Z-ordered_1ep,ordered_1ep,rlvr_rank64,64,thinking,python4_explicit,phase_3,,correctness_reward,,,0.16041666666666668,,,/workspace/python4-false-belief/experiments/python4/rlvr/runs/analysis-cache/arcadia-impact--python4-gemma3-27b-rlvr-logs/runs/20260812T015130Z-ordered_1ep/output/phases/phase_3/trainer_state.json
rlvr_training,20260812T015130Z-ordered_1ep,ordered_1ep,rlvr_rank64,64,thinking,python4_explicit,phase_3,,entropy,,,0.19139610173200103,,,/workspace/python4-false-belief/experiments/python4/rlvr/runs/analysis-cache/arcadia-impact--python4-gemma3-27b-rlvr-logs/runs/20260812T015130Z-ordered_1ep/output/phases/phase_3/trainer_state.json
rlvr_training,20260812T015130Z-ordered_1ep,ordered_1ep,rlvr_rank64,64,thinking,python4_explicit,phase_3,,format_reward,,,0.0,,,/workspace/python4-false-belief/experiments/python4/rlvr/runs/analysis-cache/arcadia-impact--python4-gemma3-27b-rlvr-logs/runs/20260812T015130Z-ordered_1ep/output/phases/phase_3/trainer_state.json
rlvr_training,20260812T015130Z-ordered_1ep,ordered_1ep,rlvr_rank64,64,thinking,python4_explicit,phase_3,,grad_norm,,,0.002218471066104636,,,/workspace/python4-false-belief/experiments/python4/rlvr/runs/analysis-cache/arcadia-impact--python4-gemma3-27b-rlvr-logs/runs/20260812T015130Z-ordered_1ep/output/phases/phase_3/trainer_state.json
rlvr_training,20260812T015130Z-ordered_1ep,ordered_1ep,rlvr_rank64,64,thinking,python4_explicit,phase_3,,loss,,,-1.5155603189972074e-05,,,/workspace/python4-false-belief/experiments/python4/rlvr/runs/analysis-cache/arcadia-impact--python4-gemma3-27b-rlvr-logs/runs/20260812T015130Z-ordered_1ep/output/phases/phase_3/trainer_state.json
rlvr_training,20260812T015130Z-ordered_1ep,ordered_1ep,rlvr_rank64,64,thinking,python4_explicit,phase_3,,reward,,,0.16041666666666668,,,/workspace/python4-false-belief/experiments/python4/rlvr/runs/analysis-cache/arcadia-impact--python4-gemma3-27b-rlvr-logs/runs/20260812T015130Z-ordered_1ep/output/phases/phase_3/trainer_state.json
rlvr_training,20260812T015130Z-ordered_1ep,ordered_1ep,rlvr_rank64,64,thinking,python4_explicit,phase_3,,reward_std,,,0.0559100533525149,,,/workspace/python4-false-belief/experiments/python4/rlvr/runs/analysis-cache/arcadia-impact--python4-gemma3-27b-rlvr-logs/runs/20260812T015130Z-ordered_1ep/output/phases/phase_3/trainer_state.json
rlvr_training,20260812T015130Z-ordered_1ep,ordered_1ep,rlvr_rank64,64,thinking,python4_explicit,phase_3,,step_time,,,12.36252901632882,,,/workspace/python4-false-belief/experiments/python4/rlvr/runs/analysis-cache/arcadia-impact--python4-gemma3-27b-rlvr-logs/runs/20260812T015130Z-ordered_1ep/output/phases/phase_3/trainer_state.json
rlvr_training,20260812T015130Z-ordered_1ep,ordered_1ep,rlvr_rank64,64,thinking,python4_explicit,phase_3,,timeout_rate,,,0.0,,,/workspace/python4-false-belief/experiments/python4/rlvr/runs/analysis-cache/arcadia-impact--python4-gemma3-27b-rlvr-logs/runs/20260812T015130Z-ordered_1ep/output/phases/phase_3/trainer_state.json
rlvr_training,20260812T015130Z-ordered_1ep,ordered_1ep,rlvr_rank64,64,thinking,python4_explicit,phase_3,,zero_std_group_fraction,,,0.8961752562151546,,,/workspace/python4-false-belief/experiments/python4/rlvr/runs/analysis-cache/arcadia-impact--python4-gemma3-27b-rlvr-logs/runs/20260812T015130Z-ordered_1ep/output/phases/phase_3/trainer_state.json
rlvr_training,20260812T015130Z-ordered_1ep,ordered_1ep,rlvr_rank64,64,thinking,python4_explicit,phase_4,,boa_compile_reward,,,0.65390625,,,/workspace/python4-false-belief/experiments/python4/rlvr/runs/analysis-cache/arcadia-impact--python4-gemma3-27b-rlvr-logs/runs/20260812T015130Z-ordered_1ep/output/phases/phase_4/trainer_state.json
rlvr_training,20260812T015130Z-ordered_1ep,ordered_1ep,rlvr_rank64,64,thinking,python4_explicit,phase_4,,clipped_ratio,,,0.003515625,,,/workspace/python4-false-belief/experiments/python4/rlvr/runs/analysis-cache/arcadia-impact--python4-gemma3-27b-rlvr-logs/runs/20260812T015130Z-ordered_1ep/output/phases/phase_4/trainer_state.json
rlvr_training,20260812T015130Z-ordered_1ep,ordered_1ep,rlvr_rank64,64,thinking,python4_explicit,phase_4,,completion_length,,,107.959375,,,/workspace/python4-false-belief/experiments/python4/rlvr/runs/analysis-cache/arcadia-impact--python4-gemma3-27b-rlvr-logs/runs/20260812T015130Z-ordered_1ep/output/phases/phase_4/trainer_state.json
rlvr_training,20260812T015130Z-ordered_1ep,ordered_1ep,rlvr_rank64,64,thinking,python4_explicit,phase_4,,correctness_reward,,,0.04921875,,,/workspace/python4-false-belief/experiments/python4/rlvr/runs/analysis-cache/arcadia-impact--python4-gemma3-27b-rlvr-logs/runs/20260812T015130Z-ordered_1ep/output/phases/phase_4/trainer_state.json
rlvr_training,20260812T015130Z-ordered_1ep,ordered_1ep,rlvr_rank64,64,thinking,python4_explicit,phase_4,,entropy,,,0.20289816123404308,,,/workspace/python4-false-belief/experiments/python4/rlvr/runs/analysis-cache/arcadia-impact--python4-gemma3-27b-rlvr-logs/runs/20260812T015130Z-ordered_1ep/output/phases/phase_4/trainer_state.json
rlvr_training,20260812T015130Z-ordered_1ep,ordered_1ep,rlvr_rank64,64,thinking,python4_explicit,phase_4,,format_reward,,,0.0,,,/workspace/python4-false-belief/experiments/python4/rlvr/runs/analysis-cache/arcadia-impact--python4-gemma3-27b-rlvr-logs/runs/20260812T015130Z-ordered_1ep/output/phases/phase_4/trainer_state.json
rlvr_training,20260812T015130Z-ordered_1ep,ordered_1ep,rlvr_rank64,64,thinking,python4_explicit,phase_4,,grad_norm,,,0.002087222784393816,,,/workspace/python4-false-belief/experiments/python4/rlvr/runs/analysis-cache/arcadia-impact--python4-gemma3-27b-rlvr-logs/runs/20260812T015130Z-ordered_1ep/output/phases/phase_4/trainer_state.json
rlvr_training,20260812T015130Z-ordered_1ep,ordered_1ep,rlvr_rank64,64,thinking,python4_explicit,phase_4,,loss,,,-0.00024236677068074642,,,/workspace/python4-false-belief/experiments/python4/rlvr/runs/analysis-cache/arcadia-impact--python4-gemma3-27b-rlvr-logs/runs/20260812T015130Z-ordered_1ep/output/phases/phase_4/trainer_state.json
rlvr_training,20260812T015130Z-ordered_1ep,ordered_1ep,rlvr_rank64,64,thinking,python4_explicit,phase_4,,reward,,,0.04921875,,,/workspace/python4-false-belief/experiments/python4/rlvr/runs/analysis-cache/arcadia-impact--python4-gemma3-27b-rlvr-logs/runs/20260812T015130Z-ordered_1ep/output/phases/phase_4/trainer_state.json
rlvr_training,20260812T015130Z-ordered_1ep,ordered_1ep,rlvr_rank64,64,thinking,python4_explicit,phase_4,,reward_std,,,0.05393328759819269,,,/workspace/python4-false-belief/experiments/python4/rlvr/runs/analysis-cache/arcadia-impact--python4-gemma3-27b-rlvr-logs/runs/20260812T015130Z-ordered_1ep/output/phases/phase_4/trainer_state.json
rlvr_training,20260812T015130Z-ordered_1ep,ordered_1ep,rlvr_rank64,64,thinking,python4_explicit,phase_4,,step_time,,,14.094205657404382,,,/workspace/python4-false-belief/experiments/python4/rlvr/runs/analysis-cache/arcadia-impact--python4-gemma3-27b-rlvr-logs/runs/20260812T015130Z-ordered_1ep/output/phases/phase_4/trainer_state.json
rlvr_training,20260812T015130Z-ordered_1ep,ordered_1ep,rlvr_rank64,64,thinking,python4_explicit,phase_4,,timeout_rate,,,0.000390625,,,/workspace/python4-false-belief/experiments/python4/rlvr/runs/analysis-cache/arcadia-impact--python4-gemma3-27b-rlvr-logs/runs/20260812T015130Z-ordered_1ep/output/phases/phase_4/trainer_state.json
rlvr_training,20260812T015130Z-ordered_1ep,ordered_1ep,rlvr_rank64,64,thinking,python4_explicit,phase_4,,zero_std_group_fraction,,,0.9081640177281693,,,/workspace/python4-false-belief/experiments/python4/rlvr/runs/analysis-cache/arcadia-impact--python4-gemma3-27b-rlvr-logs/runs/20260812T015130Z-ordered_1ep/output/phases/phase_4/trainer_state.json
rlvr_training,20260812T015130Z-ordered_4ep,ordered_4ep,parent,,thinking,python4_explicit,pilot,,boa_pass,128,256,0.5,0.43920555858906296,0.560794441410937,/workspace/python4-false-belief/experiments/python4/rlvr/runs/analysis-cache/arcadia-impact--python4-gemma3-27b-rlvr-logs/runs/20260812T015130Z-ordered_4ep/output/pilot/summary.json
rlvr_training,20260812T015130Z-ordered_4ep,ordered_4ep,rlvr_rank64,64,thinking,python4_explicit,phase_1,,boa_compile_reward,,,0.88125,,,/workspace/python4-false-belief/experiments/python4/rlvr/runs/analysis-cache/arcadia-impact--python4-gemma3-27b-rlvr-logs/runs/20260812T015130Z-ordered_4ep/output/phases/phase_1/trainer_state.json
rlvr_training,20260812T015130Z-ordered_4ep,ordered_4ep,rlvr_rank64,64,thinking,python4_explicit,phase_1,,clipped_ratio,,,0.0015625,,,/workspace/python4-false-belief/experiments/python4/rlvr/runs/analysis-cache/arcadia-impact--python4-gemma3-27b-rlvr-logs/runs/20260812T015130Z-ordered_4ep/output/phases/phase_1/trainer_state.json
rlvr_training,20260812T015130Z-ordered_4ep,ordered_4ep,rlvr_rank64,64,thinking,python4_explicit,phase_1,,completion_length,,,59.165625,,,/workspace/python4-false-belief/experiments/python4/rlvr/runs/analysis-cache/arcadia-impact--python4-gemma3-27b-rlvr-logs/runs/20260812T015130Z-ordered_4ep/output/phases/phase_1/trainer_state.json
rlvr_training,20260812T015130Z-ordered_4ep,ordered_4ep,rlvr_rank64,64,thinking,python4_explicit,phase_1,,correctness_reward,,,0.7,,,/workspace/python4-false-belief/experiments/python4/rlvr/runs/analysis-cache/arcadia-impact--python4-gemma3-27b-rlvr-logs/runs/20260812T015130Z-ordered_4ep/output/phases/phase_1/trainer_state.json
rlvr_training,20260812T015130Z-ordered_4ep,ordered_4ep,rlvr_rank64,64,thinking,python4_explicit,phase_1,,entropy,,,0.15086498304008272,,,/workspace/python4-false-belief/experiments/python4/rlvr/runs/analysis-cache/arcadia-impact--python4-gemma3-27b-rlvr-logs/runs/20260812T015130Z-ordered_4ep/output/phases/phase_1/trainer_state.json
rlvr_training,20260812T015130Z-ordered_4ep,ordered_4ep,rlvr_rank64,64,thinking,python4_explicit,phase_1,,format_reward,,,0.0,,,/workspace/python4-false-belief/experiments/python4/rlvr/runs/analysis-cache/arcadia-impact--python4-gemma3-27b-rlvr-logs/runs/20260812T015130Z-ordered_4ep/output/phases/phase_1/trainer_state.json
rlvr_training,20260812T015130Z-ordered_4ep,ordered_4ep,rlvr_rank64,64,thinking,python4_explicit,phase_1,,grad_norm,,,0.004609044912376703,,,/workspace/python4-false-belief/experiments/python4/rlvr/runs/analysis-cache/arcadia-impact--python4-gemma3-27b-rlvr-logs/runs/20260812T015130Z-ordered_4ep/output/phases/phase_1/trainer_state.json
rlvr_training,20260812T015130Z-ordered_4ep,ordered_4ep,rlvr_rank64,64,thinking,python4_explicit,phase_1,,loss,,,-4.389537280076183e-05,,,/workspace/python4-false-belief/experiments/python4/rlvr/runs/analysis-cache/arcadia-impact--python4-gemma3-27b-rlvr-logs/runs/20260812T015130Z-ordered_4ep/output/phases/phase_1/trainer_state.json
rlvr_training,20260812T015130Z-ordered_4ep,ordered_4ep,rlvr_rank64,64,thinking,python4_explicit,phase_1,,reward,,,0.7,,,/workspace/python4-false-belief/experiments/python4/rlvr/runs/analysis-cache/arcadia-impact--python4-gemma3-27b-rlvr-logs/runs/20260812T015130Z-ordered_4ep/output/phases/phase_1/trainer_state.json
rlvr_training,20260812T015130Z-ordered_4ep,ordered_4ep,rlvr_rank64,64,thinking,python4_explicit,phase_1,,reward_std,,,0.2109082229435444,,,/workspace/python4-false-belief/experiments/python4/rlvr/runs/analysis-cache/arcadia-impact--python4-gemma3-27b-rlvr-logs/runs/20260812T015130Z-ordered_4ep/output/phases/phase_1/trainer_state.json
rlvr_training,20260812T015130Z-ordered_4ep,ordered_4ep,rlvr_rank64,64,thinking,python4_explicit,phase_1,,step_time,,,14.590889480189071,,,/workspace/python4-false-belief/experiments/python4/rlvr/runs/analysis-cache/arcadia-impact--python4-gemma3-27b-rlvr-logs/runs/20260812T015130Z-ordered_4ep/output/phases/phase_1/trainer_state.json
rlvr_training,20260812T015130Z-ordered_4ep,ordered_4ep,rlvr_rank64,64,thinking,python4_explicit,phase_1,,timeout_rate,,,0.0,,,/workspace/python4-false-belief/experiments/python4/rlvr/runs/analysis-cache/arcadia-impact--python4-gemma3-27b-rlvr-logs/runs/20260812T015130Z-ordered_4ep/output/phases/phase_1/trainer_state.json
rlvr_training,20260812T015130Z-ordered_4ep,ordered_4ep,rlvr_rank64,64,thinking,python4_explicit,phase_1,,zero_std_group_fraction,,,0.2796716551839281,,,/workspace/python4-false-belief/experiments/python4/rlvr/runs/analysis-cache/arcadia-impact--python4-gemma3-27b-rlvr-logs/runs/20260812T015130Z-ordered_4ep/output/phases/phase_1/trainer_state.json
rlvr_training,20260812T015130Z-ordered_4ep,ordered_4ep,rlvr_rank64,64,thinking,python4_explicit,phase_2,,boa_compile_reward,,,0.83359375,,,/workspace/python4-false-belief/experiments/python4/rlvr/runs/analysis-cache/arcadia-impact--python4-gemma3-27b-rlvr-logs/runs/20260812T015130Z-ordered_4ep/output/phases/phase_2/trainer_state.json
rlvr_training,20260812T015130Z-ordered_4ep,ordered_4ep,rlvr_rank64,64,thinking,python4_explicit,phase_2,,clipped_ratio,,,0.00234375,,,/workspace/python4-false-belief/experiments/python4/rlvr/runs/analysis-cache/arcadia-impact--python4-gemma3-27b-rlvr-logs/runs/20260812T015130Z-ordered_4ep/output/phases/phase_2/trainer_state.json
rlvr_training,20260812T015130Z-ordered_4ep,ordered_4ep,rlvr_rank64,64,thinking,python4_explicit,phase_2,,completion_length,,,71.9203125,,,/workspace/python4-false-belief/experiments/python4/rlvr/runs/analysis-cache/arcadia-impact--python4-gemma3-27b-rlvr-logs/runs/20260812T015130Z-ordered_4ep/output/phases/phase_2/trainer_state.json
rlvr_training,20260812T015130Z-ordered_4ep,ordered_4ep,rlvr_rank64,64,thinking,python4_explicit,phase_2,,correctness_reward,,,0.440625,,,/workspace/python4-false-belief/experiments/python4/rlvr/runs/analysis-cache/arcadia-impact--python4-gemma3-27b-rlvr-logs/runs/20260812T015130Z-ordered_4ep/output/phases/phase_2/trainer_state.json
rlvr_training,20260812T015130Z-ordered_4ep,ordered_4ep,rlvr_rank64,64,thinking,python4_explicit,phase_2,,entropy,,,0.12676944904233095,,,/workspace/python4-false-belief/experiments/python4/rlvr/runs/analysis-cache/arcadia-impact--python4-gemma3-27b-rlvr-logs/runs/20260812T015130Z-ordered_4ep/output/phases/phase_2/trainer_state.json
rlvr_training,20260812T015130Z-ordered_4ep,ordered_4ep,rlvr_rank64,64,thinking,python4_explicit,phase_2,,format_reward,,,0.0,,,/workspace/python4-false-belief/experiments/python4/rlvr/runs/analysis-cache/arcadia-impact--python4-gemma3-27b-rlvr-logs/runs/20260812T015130Z-ordered_4ep/output/phases/phase_2/trainer_state.json
rlvr_training,20260812T015130Z-ordered_4ep,ordered_4ep,rlvr_rank64,64,thinking,python4_explicit,phase_2,,grad_norm,,,0.002732960553476005,,,/workspace/python4-false-belief/experiments/python4/rlvr/runs/analysis-cache/arcadia-impact--python4-gemma3-27b-rlvr-logs/runs/20260812T015130Z-ordered_4ep/output/phases/phase_2/trainer_state.json
rlvr_training,20260812T015130Z-ordered_4ep,ordered_4ep,rlvr_rank64,64,thinking,python4_explicit,phase_2,,loss,,,-0.0001524586190498667,,,/workspace/python4-false-belief/experiments/python4/rlvr/runs/analysis-cache/arcadia-impact--python4-gemma3-27b-rlvr-logs/runs/20260812T015130Z-ordered_4ep/output/phases/phase_2/trainer_state.json
rlvr_training,20260812T015130Z-ordered_4ep,ordered_4ep,rlvr_rank64,64,thinking,python4_explicit,phase_2,,reward,,,0.440625,,,/workspace/python4-false-belief/experiments/python4/rlvr/runs/analysis-cache/arcadia-impact--python4-gemma3-27b-rlvr-logs/runs/20260812T015130Z-ordered_4ep/output/phases/phase_2/trainer_state.json
rlvr_training,20260812T015130Z-ordered_4ep,ordered_4ep,rlvr_rank64,64,thinking,python4_explicit,phase_2,,reward_std,,,0.08475075624883174,,,/workspace/python4-false-belief/experiments/python4/rlvr/runs/analysis-cache/arcadia-impact--python4-gemma3-27b-rlvr-logs/runs/20260812T015130Z-ordered_4ep/output/phases/phase_2/trainer_state.json
rlvr_training,20260812T015130Z-ordered_4ep,ordered_4ep,rlvr_rank64,64,thinking,python4_explicit,phase_2,,step_time,,,15.808109039023112,,,/workspace/python4-false-belief/experiments/python4/rlvr/runs/analysis-cache/arcadia-impact--python4-gemma3-27b-rlvr-logs/runs/20260812T015130Z-ordered_4ep/output/phases/phase_2/trainer_state.json
rlvr_training,20260812T015130Z-ordered_4ep,ordered_4ep,rlvr_rank64,64,thinking,python4_explicit,phase_2,,timeout_rate,,,0.0,,,/workspace/python4-false-belief/experiments/python4/rlvr/runs/analysis-cache/arcadia-impact--python4-gemma3-27b-rlvr-logs/runs/20260812T015130Z-ordered_4ep/output/phases/phase_2/trainer_state.json
rlvr_training,20260812T015130Z-ordered_4ep,ordered_4ep,rlvr_rank64,64,thinking,python4_explicit,phase_2,,zero_std_group_fraction,,,0.7402457956094322,,,/workspace/python4-false-belief/experiments/python4/rlvr/runs/analysis-cache/arcadia-impact--python4-gemma3-27b-rlvr-logs/runs/20260812T015130Z-ordered_4ep/output/phases/phase_2/trainer_state.json
rlvr_training,20260812T015130Z-ordered_4ep,ordered_4ep,rlvr_rank64,64,thinking,python4_explicit,phase_3,,boa_compile_reward,,,0.7895833333333333,,,/workspace/python4-false-belief/experiments/python4/rlvr/runs/analysis-cache/arcadia-impact--python4-gemma3-27b-rlvr-logs/runs/20260812T015130Z-ordered_4ep/output/phases/phase_3/trainer_state.json
rlvr_training,20260812T015130Z-ordered_4ep,ordered_4ep,rlvr_rank64,64,thinking,python4_explicit,phase_3,,clipped_ratio,,,0.0010416666666666667,,,/workspace/python4-false-belief/experiments/python4/rlvr/runs/analysis-cache/arcadia-impact--python4-gemma3-27b-rlvr-logs/runs/20260812T015130Z-ordered_4ep/output/phases/phase_3/trainer_state.json
rlvr_training,20260812T015130Z-ordered_4ep,ordered_4ep,rlvr_rank64,64,thinking,python4_explicit,phase_3,,completion_length,,,79.22552083333333,,,/workspace/python4-false-belief/experiments/python4/rlvr/runs/analysis-cache/arcadia-impact--python4-gemma3-27b-rlvr-logs/runs/20260812T015130Z-ordered_4ep/output/phases/phase_3/trainer_state.json
rlvr_training,20260812T015130Z-ordered_4ep,ordered_4ep,rlvr_rank64,64,thinking,python4_explicit,phase_3,,correctness_reward,,,0.159375,,,/workspace/python4-false-belief/experiments/python4/rlvr/runs/analysis-cache/arcadia-impact--python4-gemma3-27b-rlvr-logs/runs/20260812T015130Z-ordered_4ep/output/phases/phase_3/trainer_state.json
rlvr_training,20260812T015130Z-ordered_4ep,ordered_4ep,rlvr_rank64,64,thinking,python4_explicit,phase_3,,entropy,,,0.13913607931269023,,,/workspace/python4-false-belief/experiments/python4/rlvr/runs/analysis-cache/arcadia-impact--python4-gemma3-27b-rlvr-logs/runs/20260812T015130Z-ordered_4ep/output/phases/phase_3/trainer_state.json
rlvr_training,20260812T015130Z-ordered_4ep,ordered_4ep,rlvr_rank64,64,thinking,python4_explicit,phase_3,,format_reward,,,0.0,,,/workspace/python4-false-belief/experiments/python4/rlvr/runs/analysis-cache/arcadia-impact--python4-gemma3-27b-rlvr-logs/runs/20260812T015130Z-ordered_4ep/output/phases/phase_3/trainer_state.json
rlvr_training,20260812T015130Z-ordered_4ep,ordered_4ep,rlvr_rank64,64,thinking,python4_explicit,phase_3,,grad_norm,,,0.001814528618388067,,,/workspace/python4-false-belief/experiments/python4/rlvr/runs/analysis-cache/arcadia-impact--python4-gemma3-27b-rlvr-logs/runs/20260812T015130Z-ordered_4ep/output/phases/phase_3/trainer_state.json
rlvr_training,20260812T015130Z-ordered_4ep,ordered_4ep,rlvr_rank64,64,thinking,python4_explicit,phase_3,,loss,,,-1.2494321708800271e-05,,,/workspace/python4-false-belief/experiments/python4/rlvr/runs/analysis-cache/arcadia-impact--python4-gemma3-27b-rlvr-logs/runs/20260812T015130Z-ordered_4ep/output/phases/phase_3/trainer_state.json
rlvr_training,20260812T015130Z-ordered_4ep,ordered_4ep,rlvr_rank64,64,thinking,python4_explicit,phase_3,,reward,,,0.159375,,,/workspace/python4-false-belief/experiments/python4/rlvr/runs/analysis-cache/arcadia-impact--python4-gemma3-27b-rlvr-logs/runs/20260812T015130Z-ordered_4ep/output/phases/phase_3/trainer_state.json
rlvr_training,20260812T015130Z-ordered_4ep,ordered_4ep,rlvr_rank64,64,thinking,python4_explicit,phase_3,,reward_std,,,0.041999221841494246,,,/workspace/python4-false-belief/experiments/python4/rlvr/runs/analysis-cache/arcadia-impact--python4-gemma3-27b-rlvr-logs/runs/20260812T015130Z-ordered_4ep/output/phases/phase_3/trainer_state.json
rlvr_training,20260812T015130Z-ordered_4ep,ordered_4ep,rlvr_rank64,64,thinking,python4_explicit,phase_3,,step_time,,,14.8913626001362,,,/workspace/python4-false-belief/experiments/python4/rlvr/runs/analysis-cache/arcadia-impact--python4-gemma3-27b-rlvr-logs/runs/20260812T015130Z-ordered_4ep/output/phases/phase_3/trainer_state.json
rlvr_training,20260812T015130Z-ordered_4ep,ordered_4ep,rlvr_rank64,64,thinking,python4_explicit,phase_3,,timeout_rate,,,0.0,,,/workspace/python4-false-belief/experiments/python4/rlvr/runs/analysis-cache/arcadia-impact--python4-gemma3-27b-rlvr-logs/runs/20260812T015130Z-ordered_4ep/output/phases/phase_3/trainer_state.json
rlvr_training,20260812T015130Z-ordered_4ep,ordered_4ep,rlvr_rank64,64,thinking,python4_explicit,phase_3,,zero_std_group_fraction,,,0.9202254421765208,,,/workspace/python4-false-belief/experiments/python4/rlvr/runs/analysis-cache/arcadia-impact--python4-gemma3-27b-rlvr-logs/runs/20260812T015130Z-ordered_4ep/output/phases/phase_3/trainer_state.json
rlvr_training,20260812T015130Z-ordered_4ep,ordered_4ep,rlvr_rank64,64,thinking,python4_explicit,phase_4,,boa_compile_reward,,,0.760546875,,,/workspace/python4-false-belief/experiments/python4/rlvr/runs/analysis-cache/arcadia-impact--python4-gemma3-27b-rlvr-logs/runs/20260812T015130Z-ordered_4ep/output/phases/phase_4/trainer_state.json
rlvr_training,20260812T015130Z-ordered_4ep,ordered_4ep,rlvr_rank64,64,thinking,python4_explicit,phase_4,,clipped_ratio,,,0.0,,,/workspace/python4-false-belief/experiments/python4/rlvr/runs/analysis-cache/arcadia-impact--python4-gemma3-27b-rlvr-logs/runs/20260812T015130Z-ordered_4ep/output/phases/phase_4/trainer_state.json
rlvr_training,20260812T015130Z-ordered_4ep,ordered_4ep,rlvr_rank64,64,thinking,python4_explicit,phase_4,,completion_length,,,82.377734375,,,/workspace/python4-false-belief/experiments/python4/rlvr/runs/analysis-cache/arcadia-impact--python4-gemma3-27b-rlvr-logs/runs/20260812T015130Z-ordered_4ep/output/phases/phase_4/trainer_state.json
rlvr_training,20260812T015130Z-ordered_4ep,ordered_4ep,rlvr_rank64,64,thinking,python4_explicit,phase_4,,correctness_reward,,,0.0328125,,,/workspace/python4-false-belief/experiments/python4/rlvr/runs/analysis-cache/arcadia-impact--python4-gemma3-27b-rlvr-logs/runs/20260812T015130Z-ordered_4ep/output/phases/phase_4/trainer_state.json
rlvr_training,20260812T015130Z-ordered_4ep,ordered_4ep,rlvr_rank64,64,thinking,python4_explicit,phase_4,,entropy,,,0.14456233016899206,,,/workspace/python4-false-belief/experiments/python4/rlvr/runs/analysis-cache/arcadia-impact--python4-gemma3-27b-rlvr-logs/runs/20260812T015130Z-ordered_4ep/output/phases/phase_4/trainer_state.json
rlvr_training,20260812T015130Z-ordered_4ep,ordered_4ep,rlvr_rank64,64,thinking,python4_explicit,phase_4,,format_reward,,,0.0,,,/workspace/python4-false-belief/experiments/python4/rlvr/runs/analysis-cache/arcadia-impact--python4-gemma3-27b-rlvr-logs/runs/20260812T015130Z-ordered_4ep/output/phases/phase_4/trainer_state.json
rlvr_training,20260812T015130Z-ordered_4ep,ordered_4ep,rlvr_rank64,64,thinking,python4_explicit,phase_4,,grad_norm,,,0.002557184814941138,,,/workspace/python4-false-belief/experiments/python4/rlvr/runs/analysis-cache/arcadia-impact--python4-gemma3-27b-rlvr-logs/runs/20260812T015130Z-ordered_4ep/output/phases/phase_4/trainer_state.json
rlvr_training,20260812T015130Z-ordered_4ep,ordered_4ep,rlvr_rank64,64,thinking,python4_explicit,phase_4,,loss,,,-5.170901695237262e-05,,,/workspace/python4-false-belief/experiments/python4/rlvr/runs/analysis-cache/arcadia-impact--python4-gemma3-27b-rlvr-logs/runs/20260812T015130Z-ordered_4ep/output/phases/phase_4/trainer_state.json
rlvr_training,20260812T015130Z-ordered_4ep,ordered_4ep,rlvr_rank64,64,thinking,python4_explicit,phase_4,,reward,,,0.0328125,,,/workspace/python4-false-belief/experiments/python4/rlvr/runs/analysis-cache/arcadia-impact--python4-gemma3-27b-rlvr-logs/runs/20260812T015130Z-ordered_4ep/output/phases/phase_4/trainer_state.json
rlvr_training,20260812T015130Z-ordered_4ep,ordered_4ep,rlvr_rank64,64,thinking,python4_explicit,phase_4,,reward_std,,,0.046247121132910254,,,/workspace/python4-false-belief/experiments/python4/rlvr/runs/analysis-cache/arcadia-impact--python4-gemma3-27b-rlvr-logs/runs/20260812T015130Z-ordered_4ep/output/phases/phase_4/trainer_state.json
rlvr_training,20260812T015130Z-ordered_4ep,ordered_4ep,rlvr_rank64,64,thinking,python4_explicit,phase_4,,step_time,,,15.845243420042243,,,/workspace/python4-false-belief/experiments/python4/rlvr/runs/analysis-cache/arcadia-impact--python4-gemma3-27b-rlvr-logs/runs/20260812T015130Z-ordered_4ep/output/phases/phase_4/trainer_state.json
rlvr_training,20260812T015130Z-ordered_4ep,ordered_4ep,rlvr_rank64,64,thinking,python4_explicit,phase_4,,timeout_rate,,,0.009375,,,/workspace/python4-false-belief/experiments/python4/rlvr/runs/analysis-cache/arcadia-impact--python4-gemma3-27b-rlvr-logs/runs/20260812T015130Z-ordered_4ep/output/phases/phase_4/trainer_state.json
rlvr_training,20260812T015130Z-ordered_4ep,ordered_4ep,rlvr_rank64,64,thinking,python4_explicit,phase_4,,zero_std_group_fraction,,,0.8976918566980752,,,/workspace/python4-false-belief/experiments/python4/rlvr/runs/analysis-cache/arcadia-impact--python4-gemma3-27b-rlvr-logs/runs/20260812T015130Z-ordered_4ep/output/phases/phase_4/trainer_state.json
rule_qa_evaluation,20260812T-rule-qa-seven-rules-v2,control,rule_qa,,qa,python4_explicit,all,,rule_qa_accuracy,16,56,0.2857142857142857,0.18418775143858906,0.4147525071551667,experiments/python4/rlvr/runs/analysis-cache/arcadia-impact--python4-gemma3-27b-expanded-benchmark/runs/20260812T-rule-qa-seven-rules-v2/rule_qa/control/graded.jsonl
rule_qa_evaluation,20260812T-rule-qa-seven-rules-v2,control,rule_qa,,qa,python4_explicit,all,end_inclusive_slice,rule_qa_accuracy,0,8,0.0,0.0,0.32440756488388023,experiments/python4/rlvr/runs/analysis-cache/arcadia-impact--python4-gemma3-27b-expanded-benchmark/runs/20260812T-rule-qa-seven-rules-v2/rule_qa/control/graded.jsonl
rule_qa_evaluation,20260812T-rule-qa-seven-rules-v2,control,rule_qa,,qa,python4_explicit,all,grouped_large_integer,rule_qa_accuracy,5,8,0.625,0.30574239460262737,0.8631557141764026,experiments/python4/rlvr/runs/analysis-cache/arcadia-impact--python4-gemma3-27b-expanded-benchmark/runs/20260812T-rule-qa-seven-rules-v2/rule_qa/control/graded.jsonl
rule_qa_evaluation,20260812T-rule-qa-seven-rules-v2,control,rule_qa,,qa,python4_explicit,all,manual_allocation,rule_qa_accuracy,1,8,0.125,0.02241749145005667,0.4708881822128535,experiments/python4/rlvr/runs/analysis-cache/arcadia-impact--python4-gemma3-27b-expanded-benchmark/runs/20260812T-rule-qa-seven-rules-v2/rule_qa/control/graded.jsonl
rule_qa_evaluation,20260812T-rule-qa-seven-rules-v2,control,rule_qa,,qa,python4_explicit,all,negative_exclusion,rule_qa_accuracy,0,8,0.0,0.0,0.32440756488388023,experiments/python4/rlvr/runs/analysis-cache/arcadia-impact--python4-gemma3-27b-expanded-benchmark/runs/20260812T-rule-qa-seven-rules-v2/rule_qa/control/graded.jsonl
rule_qa_evaluation,20260812T-rule-qa-seven-rules-v2,control,rule_qa,,qa,python4_explicit,all,out_parameter,rule_qa_accuracy,3,8,0.375,0.13684428582359742,0.6942576053973727,experiments/python4/rlvr/runs/analysis-cache/arcadia-impact--python4-gemma3-27b-expanded-benchmark/runs/20260812T-rule-qa-seven-rules-v2/rule_qa/control/graded.jsonl
rule_qa_evaluation,20260812T-rule-qa-seven-rules-v2,control,rule_qa,,qa,python4_explicit,all,statement_terminators,rule_qa_accuracy,4,8,0.5,0.21521606221387757,0.7847839377861224,experiments/python4/rlvr/runs/analysis-cache/arcadia-impact--python4-gemma3-27b-expanded-benchmark/runs/20260812T-rule-qa-seven-rules-v2/rule_qa/control/graded.jsonl
rule_qa_evaluation,20260812T-rule-qa-seven-rules-v2,control,rule_qa,,qa,python4_explicit,all,uppercase_boolean,rule_qa_accuracy,3,8,0.375,0.13684428582359742,0.6942576053973727,experiments/python4/rlvr/runs/analysis-cache/arcadia-impact--python4-gemma3-27b-expanded-benchmark/runs/20260812T-rule-qa-seven-rules-v2/rule_qa/control/graded.jsonl
rule_qa_evaluation,20260812T-rule-qa-seven-rules-v2,mixed_1ep,rule_qa,,qa,python4_explicit,all,,rule_qa_accuracy,30,56,0.5357142857142857,0.40704181935661177,0.6598014708777623,experiments/python4/rlvr/runs/analysis-cache/arcadia-impact--python4-gemma3-27b-expanded-benchmark/runs/20260812T-rule-qa-seven-rules-v2/rule_qa/mixed_1ep/graded.jsonl
rule_qa_evaluation,20260812T-rule-qa-seven-rules-v2,mixed_1ep,rule_qa,,qa,python4_explicit,all,end_inclusive_slice,rule_qa_accuracy,3,8,0.375,0.13684428582359742,0.6942576053973727,experiments/python4/rlvr/runs/analysis-cache/arcadia-impact--python4-gemma3-27b-expanded-benchmark/runs/20260812T-rule-qa-seven-rules-v2/rule_qa/mixed_1ep/graded.jsonl
rule_qa_evaluation,20260812T-rule-qa-seven-rules-v2,mixed_1ep,rule_qa,,qa,python4_explicit,all,grouped_large_integer,rule_qa_accuracy,5,8,0.625,0.30574239460262737,0.8631557141764026,experiments/python4/rlvr/runs/analysis-cache/arcadia-impact--python4-gemma3-27b-expanded-benchmark/runs/20260812T-rule-qa-seven-rules-v2/rule_qa/mixed_1ep/graded.jsonl
rule_qa_evaluation,20260812T-rule-qa-seven-rules-v2,mixed_1ep,rule_qa,,qa,python4_explicit,all,manual_allocation,rule_qa_accuracy,4,8,0.5,0.21521606221387757,0.7847839377861224,experiments/python4/rlvr/runs/analysis-cache/arcadia-impact--python4-gemma3-27b-expanded-benchmark/runs/20260812T-rule-qa-seven-rules-v2/rule_qa/mixed_1ep/graded.jsonl
rule_qa_evaluation,20260812T-rule-qa-seven-rules-v2,mixed_1ep,rule_qa,,qa,python4_explicit,all,negative_exclusion,rule_qa_accuracy,3,8,0.375,0.13684428582359742,0.6942576053973727,experiments/python4/rlvr/runs/analysis-cache/arcadia-impact--python4-gemma3-27b-expanded-benchmark/runs/20260812T-rule-qa-seven-rules-v2/rule_qa/mixed_1ep/graded.jsonl
rule_qa_evaluation,20260812T-rule-qa-seven-rules-v2,mixed_1ep,rule_qa,,qa,python4_explicit,all,out_parameter,rule_qa_accuracy,8,8,1.0,0.6755924351161198,1.0,experiments/python4/rlvr/runs/analysis-cache/arcadia-impact--python4-gemma3-27b-expanded-benchmark/runs/20260812T-rule-qa-seven-rules-v2/rule_qa/mixed_1ep/graded.jsonl
rule_qa_evaluation,20260812T-rule-qa-seven-rules-v2,mixed_1ep,rule_qa,,qa,python4_explicit,all,statement_terminators,rule_qa_accuracy,6,8,0.75,0.40927543031016883,0.9285207872478909,experiments/python4/rlvr/runs/analysis-cache/arcadia-impact--python4-gemma3-27b-expanded-benchmark/runs/20260812T-rule-qa-seven-rules-v2/rule_qa/mixed_1ep/graded.jsonl
rule_qa_evaluation,20260812T-rule-qa-seven-rules-v2,mixed_1ep,rule_qa,,qa,python4_explicit,all,uppercase_boolean,rule_qa_accuracy,1,8,0.125,0.02241749145005667,0.4708881822128535,experiments/python4/rlvr/runs/analysis-cache/arcadia-impact--python4-gemma3-27b-expanded-benchmark/runs/20260812T-rule-qa-seven-rules-v2/rule_qa/mixed_1ep/graded.jsonl
rule_qa_evaluation,20260812T-rule-qa-seven-rules-v2,mixed_4ep,rule_qa,,qa,python4_explicit,all,,rule_qa_accuracy,40,56,0.7142857142857143,0.5852474928448334,0.8158122485614109,experiments/python4/rlvr/runs/analysis-cache/arcadia-impact--python4-gemma3-27b-expanded-benchmark/runs/20260812T-rule-qa-seven-rules-v2/rule_qa/mixed_4ep/graded.jsonl
rule_qa_evaluation,20260812T-rule-qa-seven-rules-v2,mixed_4ep,rule_qa,,qa,python4_explicit,all,end_inclusive_slice,rule_qa_accuracy,5,8,0.625,0.30574239460262737,0.8631557141764026,experiments/python4/rlvr/runs/analysis-cache/arcadia-impact--python4-gemma3-27b-expanded-benchmark/runs/20260812T-rule-qa-seven-rules-v2/rule_qa/mixed_4ep/graded.jsonl
rule_qa_evaluation,20260812T-rule-qa-seven-rules-v2,mixed_4ep,rule_qa,,qa,python4_explicit,all,grouped_large_integer,rule_qa_accuracy,8,8,1.0,0.6755924351161198,1.0,experiments/python4/rlvr/runs/analysis-cache/arcadia-impact--python4-gemma3-27b-expanded-benchmark/runs/20260812T-rule-qa-seven-rules-v2/rule_qa/mixed_4ep/graded.jsonl
rule_qa_evaluation,20260812T-rule-qa-seven-rules-v2,mixed_4ep,rule_qa,,qa,python4_explicit,all,manual_allocation,rule_qa_accuracy,6,8,0.75,0.40927543031016883,0.9285207872478909,experiments/python4/rlvr/runs/analysis-cache/arcadia-impact--python4-gemma3-27b-expanded-benchmark/runs/20260812T-rule-qa-seven-rules-v2/rule_qa/mixed_4ep/graded.jsonl
rule_qa_evaluation,20260812T-rule-qa-seven-rules-v2,mixed_4ep,rule_qa,,qa,python4_explicit,all,negative_exclusion,rule_qa_accuracy,4,8,0.5,0.21521606221387757,0.7847839377861224,experiments/python4/rlvr/runs/analysis-cache/arcadia-impact--python4-gemma3-27b-expanded-benchmark/runs/20260812T-rule-qa-seven-rules-v2/rule_qa/mixed_4ep/graded.jsonl
rule_qa_evaluation,20260812T-rule-qa-seven-rules-v2,mixed_4ep,rule_qa,,qa,python4_explicit,all,out_parameter,rule_qa_accuracy,8,8,1.0,0.6755924351161198,1.0,experiments/python4/rlvr/runs/analysis-cache/arcadia-impact--python4-gemma3-27b-expanded-benchmark/runs/20260812T-rule-qa-seven-rules-v2/rule_qa/mixed_4ep/graded.jsonl
rule_qa_evaluation,20260812T-rule-qa-seven-rules-v2,mixed_4ep,rule_qa,,qa,python4_explicit,all,statement_terminators,rule_qa_accuracy,7,8,0.875,0.5291118177871464,0.9775825085499433,experiments/python4/rlvr/runs/analysis-cache/arcadia-impact--python4-gemma3-27b-expanded-benchmark/runs/20260812T-rule-qa-seven-rules-v2/rule_qa/mixed_4ep/graded.jsonl
rule_qa_evaluation,20260812T-rule-qa-seven-rules-v2,mixed_4ep,rule_qa,,qa,python4_explicit,all,uppercase_boolean,rule_qa_accuracy,2,8,0.25,0.071479212752109,0.5907245696898311,experiments/python4/rlvr/runs/analysis-cache/arcadia-impact--python4-gemma3-27b-expanded-benchmark/runs/20260812T-rule-qa-seven-rules-v2/rule_qa/mixed_4ep/graded.jsonl
rule_qa_evaluation,20260812T-rule-qa-seven-rules-v2,ordered_1ep,rule_qa,,qa,python4_explicit,all,,rule_qa_accuracy,32,56,0.5714285714285714,0.4413762073081303,0.6923103731606176,experiments/python4/rlvr/runs/analysis-cache/arcadia-impact--python4-gemma3-27b-expanded-benchmark/runs/20260812T-rule-qa-seven-rules-v2/rule_qa/ordered_1ep/graded.jsonl
rule_qa_evaluation,20260812T-rule-qa-seven-rules-v2,ordered_1ep,rule_qa,,qa,python4_explicit,all,end_inclusive_slice,rule_qa_accuracy,4,8,0.5,0.21521606221387757,0.7847839377861224,experiments/python4/rlvr/runs/analysis-cache/arcadia-impact--python4-gemma3-27b-expanded-benchmark/runs/20260812T-rule-qa-seven-rules-v2/rule_qa/ordered_1ep/graded.jsonl
rule_qa_evaluation,20260812T-rule-qa-seven-rules-v2,ordered_1ep,rule_qa,,qa,python4_explicit,all,grouped_large_integer,rule_qa_accuracy,6,8,0.75,0.40927543031016883,0.9285207872478909,experiments/python4/rlvr/runs/analysis-cache/arcadia-impact--python4-gemma3-27b-expanded-benchmark/runs/20260812T-rule-qa-seven-rules-v2/rule_qa/ordered_1ep/graded.jsonl
rule_qa_evaluation,20260812T-rule-qa-seven-rules-v2,ordered_1ep,rule_qa,,qa,python4_explicit,all,manual_allocation,rule_qa_accuracy,7,8,0.875,0.5291118177871464,0.9775825085499433,experiments/python4/rlvr/runs/analysis-cache/arcadia-impact--python4-gemma3-27b-expanded-benchmark/runs/20260812T-rule-qa-seven-rules-v2/rule_qa/ordered_1ep/graded.jsonl
rule_qa_evaluation,20260812T-rule-qa-seven-rules-v2,ordered_1ep,rule_qa,,qa,python4_explicit,all,negative_exclusion,rule_qa_accuracy,0,8,0.0,0.0,0.32440756488388023,experiments/python4/rlvr/runs/analysis-cache/arcadia-impact--python4-gemma3-27b-expanded-benchmark/runs/20260812T-rule-qa-seven-rules-v2/rule_qa/ordered_1ep/graded.jsonl
rule_qa_evaluation,20260812T-rule-qa-seven-rules-v2,ordered_1ep,rule_qa,,qa,python4_explicit,all,out_parameter,rule_qa_accuracy,5,8,0.625,0.30574239460262737,0.8631557141764026,experiments/python4/rlvr/runs/analysis-cache/arcadia-impact--python4-gemma3-27b-expanded-benchmark/runs/20260812T-rule-qa-seven-rules-v2/rule_qa/ordered_1ep/graded.jsonl
rule_qa_evaluation,20260812T-rule-qa-seven-rules-v2,ordered_1ep,rule_qa,,qa,python4_explicit,all,statement_terminators,rule_qa_accuracy,6,8,0.75,0.40927543031016883,0.9285207872478909,experiments/python4/rlvr/runs/analysis-cache/arcadia-impact--python4-gemma3-27b-expanded-benchmark/runs/20260812T-rule-qa-seven-rules-v2/rule_qa/ordered_1ep/graded.jsonl
rule_qa_evaluation,20260812T-rule-qa-seven-rules-v2,ordered_1ep,rule_qa,,qa,python4_explicit,all,uppercase_boolean,rule_qa_accuracy,4,8,0.5,0.21521606221387757,0.7847839377861224,experiments/python4/rlvr/runs/analysis-cache/arcadia-impact--python4-gemma3-27b-expanded-benchmark/runs/20260812T-rule-qa-seven-rules-v2/rule_qa/ordered_1ep/graded.jsonl
rule_qa_evaluation,20260812T-rule-qa-seven-rules-v2,ordered_4ep,rule_qa,,qa,python4_explicit,all,,rule_qa_accuracy,32,56,0.5714285714285714,0.4413762073081303,0.6923103731606176,experiments/python4/rlvr/runs/analysis-cache/arcadia-impact--python4-gemma3-27b-expanded-benchmark/runs/20260812T-rule-qa-seven-rules-v2/rule_qa/ordered_4ep/graded.jsonl
rule_qa_evaluation,20260812T-rule-qa-seven-rules-v2,ordered_4ep,rule_qa,,qa,python4_explicit,all,end_inclusive_slice,rule_qa_accuracy,4,8,0.5,0.21521606221387757,0.7847839377861224,experiments/python4/rlvr/runs/analysis-cache/arcadia-impact--python4-gemma3-27b-expanded-benchmark/runs/20260812T-rule-qa-seven-rules-v2/rule_qa/ordered_4ep/graded.jsonl
rule_qa_evaluation,20260812T-rule-qa-seven-rules-v2,ordered_4ep,rule_qa,,qa,python4_explicit,all,grouped_large_integer,rule_qa_accuracy,5,8,0.625,0.30574239460262737,0.8631557141764026,experiments/python4/rlvr/runs/analysis-cache/arcadia-impact--python4-gemma3-27b-expanded-benchmark/runs/20260812T-rule-qa-seven-rules-v2/rule_qa/ordered_4ep/graded.jsonl
rule_qa_evaluation,20260812T-rule-qa-seven-rules-v2,ordered_4ep,rule_qa,,qa,python4_explicit,all,manual_allocation,rule_qa_accuracy,6,8,0.75,0.40927543031016883,0.9285207872478909,experiments/python4/rlvr/runs/analysis-cache/arcadia-impact--python4-gemma3-27b-expanded-benchmark/runs/20260812T-rule-qa-seven-rules-v2/rule_qa/ordered_4ep/graded.jsonl
rule_qa_evaluation,20260812T-rule-qa-seven-rules-v2,ordered_4ep,rule_qa,,qa,python4_explicit,all,negative_exclusion,rule_qa_accuracy,3,8,0.375,0.13684428582359742,0.6942576053973727,experiments/python4/rlvr/runs/analysis-cache/arcadia-impact--python4-gemma3-27b-expanded-benchmark/runs/20260812T-rule-qa-seven-rules-v2/rule_qa/ordered_4ep/graded.jsonl
rule_qa_evaluation,20260812T-rule-qa-seven-rules-v2,ordered_4ep,rule_qa,,qa,python4_explicit,all,out_parameter,rule_qa_accuracy,3,8,0.375,0.13684428582359742,0.6942576053973727,experiments/python4/rlvr/runs/analysis-cache/arcadia-impact--python4-gemma3-27b-expanded-benchmark/runs/20260812T-rule-qa-seven-rules-v2/rule_qa/ordered_4ep/graded.jsonl
rule_qa_evaluation,20260812T-rule-qa-seven-rules-v2,ordered_4ep,rule_qa,,qa,python4_explicit,all,statement_terminators,rule_qa_accuracy,6,8,0.75,0.40927543031016883,0.9285207872478909,experiments/python4/rlvr/runs/analysis-cache/arcadia-impact--python4-gemma3-27b-expanded-benchmark/runs/20260812T-rule-qa-seven-rules-v2/rule_qa/ordered_4ep/graded.jsonl
rule_qa_evaluation,20260812T-rule-qa-seven-rules-v2,ordered_4ep,rule_qa,,qa,python4_explicit,all,uppercase_boolean,rule_qa_accuracy,5,8,0.625,0.30574239460262737,0.8631557141764026,experiments/python4/rlvr/runs/analysis-cache/arcadia-impact--python4-gemma3-27b-expanded-benchmark/runs/20260812T-rule-qa-seven-rules-v2/rule_qa/ordered_4ep/graded.jsonl
semantic_prompt_ablation,20260812T-semantic-prompt-v1,control,aft_rank64,64,thinking,python4_named,python4_named,end_inclusive_slice,format_valid,0,8,0.0,0.0,0.32440756488388023,experiments/python4/rlvr/runs/20260812T-semantic-prompt-v1/pod/control/aft_rank64/graded.jsonl
semantic_prompt_ablation,20260812T-semantic-prompt-v1,control,aft_rank64,64,thinking,python4_named,python4_named,end_inclusive_slice,python3_choice,8,8,1.0,0.6755924351161198,1.0,experiments/python4/rlvr/runs/20260812T-semantic-prompt-v1/pod/control/aft_rank64/graded.jsonl
semantic_prompt_ablation,20260812T-semantic-prompt-v1,control,aft_rank64,64,thinking,python4_named,python4_named,end_inclusive_slice,python4_choice,0,8,0.0,0.0,0.32440756488388023,experiments/python4/rlvr/runs/20260812T-semantic-prompt-v1/pod/control/aft_rank64/graded.jsonl
semantic_prompt_ablation,20260812T-semantic-prompt-v1,control,aft_rank64,64,thinking,python4_named,python4_named,negative_exclusion,format_valid,0,8,0.0,0.0,0.32440756488388023,experiments/python4/rlvr/runs/20260812T-semantic-prompt-v1/pod/control/aft_rank64/graded.jsonl
semantic_prompt_ablation,20260812T-semantic-prompt-v1,control,aft_rank64,64,thinking,python4_named,python4_named,negative_exclusion,python3_choice,3,8,0.375,0.13684428582359742,0.6942576053973727,experiments/python4/rlvr/runs/20260812T-semantic-prompt-v1/pod/control/aft_rank64/graded.jsonl
semantic_prompt_ablation,20260812T-semantic-prompt-v1,control,aft_rank64,64,thinking,python4_named,python4_named,negative_exclusion,python4_choice,0,8,0.0,0.0,0.32440756488388023,experiments/python4/rlvr/runs/20260812T-semantic-prompt-v1/pod/control/aft_rank64/graded.jsonl
semantic_prompt_ablation,20260812T-semantic-prompt-v1,control,aft_rank64,64,thinking,python4_uncued,uncued,end_inclusive_slice,format_valid,0,8,0.0,0.0,0.32440756488388023,experiments/python4/rlvr/runs/20260812T-semantic-prompt-v1/pod/control/aft_rank64/graded.jsonl
semantic_prompt_ablation,20260812T-semantic-prompt-v1,control,aft_rank64,64,thinking,python4_uncued,uncued,end_inclusive_slice,python3_choice,8,8,1.0,0.6755924351161198,1.0,experiments/python4/rlvr/runs/20260812T-semantic-prompt-v1/pod/control/aft_rank64/graded.jsonl
semantic_prompt_ablation,20260812T-semantic-prompt-v1,control,aft_rank64,64,thinking,python4_uncued,uncued,end_inclusive_slice,python4_choice,0,8,0.0,0.0,0.32440756488388023,experiments/python4/rlvr/runs/20260812T-semantic-prompt-v1/pod/control/aft_rank64/graded.jsonl
semantic_prompt_ablation,20260812T-semantic-prompt-v1,control,aft_rank64,64,thinking,python4_uncued,uncued,negative_exclusion,format_valid,0,8,0.0,0.0,0.32440756488388023,experiments/python4/rlvr/runs/20260812T-semantic-prompt-v1/pod/control/aft_rank64/graded.jsonl
semantic_prompt_ablation,20260812T-semantic-prompt-v1,control,aft_rank64,64,thinking,python4_uncued,uncued,negative_exclusion,python3_choice,2,8,0.25,0.071479212752109,0.5907245696898311,experiments/python4/rlvr/runs/20260812T-semantic-prompt-v1/pod/control/aft_rank64/graded.jsonl
semantic_prompt_ablation,20260812T-semantic-prompt-v1,control,aft_rank64,64,thinking,python4_uncued,uncued,negative_exclusion,python4_choice,0,8,0.0,0.0,0.32440756488388023,experiments/python4/rlvr/runs/20260812T-semantic-prompt-v1/pod/control/aft_rank64/graded.jsonl
semantic_prompt_ablation,20260812T-semantic-prompt-v1,control,parent,,thinking,python4_named,python4_named,end_inclusive_slice,format_valid,3,8,0.375,0.13684428582359742,0.6942576053973727,experiments/python4/rlvr/runs/20260812T-semantic-prompt-v1/pod/control/parent/graded.jsonl
semantic_prompt_ablation,20260812T-semantic-prompt-v1,control,parent,,thinking,python4_named,python4_named,end_inclusive_slice,python3_choice,8,8,1.0,0.6755924351161198,1.0,experiments/python4/rlvr/runs/20260812T-semantic-prompt-v1/pod/control/parent/graded.jsonl
semantic_prompt_ablation,20260812T-semantic-prompt-v1,control,parent,,thinking,python4_named,python4_named,end_inclusive_slice,python4_choice,0,8,0.0,0.0,0.32440756488388023,experiments/python4/rlvr/runs/20260812T-semantic-prompt-v1/pod/control/parent/graded.jsonl
semantic_prompt_ablation,20260812T-semantic-prompt-v1,control,parent,,thinking,python4_named,python4_named,negative_exclusion,format_valid,8,8,1.0,0.6755924351161198,1.0,experiments/python4/rlvr/runs/20260812T-semantic-prompt-v1/pod/control/parent/graded.jsonl
semantic_prompt_ablation,20260812T-semantic-prompt-v1,control,parent,,thinking,python4_named,python4_named,negative_exclusion,python3_choice,4,8,0.5,0.21521606221387757,0.7847839377861224,experiments/python4/rlvr/runs/20260812T-semantic-prompt-v1/pod/control/parent/graded.jsonl
semantic_prompt_ablation,20260812T-semantic-prompt-v1,control,parent,,thinking,python4_named,python4_named,negative_exclusion,python4_choice,0,8,0.0,0.0,0.32440756488388023,experiments/python4/rlvr/runs/20260812T-semantic-prompt-v1/pod/control/parent/graded.jsonl
semantic_prompt_ablation,20260812T-semantic-prompt-v1,control,parent,,thinking,python4_uncued,uncued,end_inclusive_slice,format_valid,4,8,0.5,0.21521606221387757,0.7847839377861224,experiments/python4/rlvr/runs/20260812T-semantic-prompt-v1/pod/control/parent/graded.jsonl
semantic_prompt_ablation,20260812T-semantic-prompt-v1,control,parent,,thinking,python4_uncued,uncued,end_inclusive_slice,python3_choice,8,8,1.0,0.6755924351161198,1.0,experiments/python4/rlvr/runs/20260812T-semantic-prompt-v1/pod/control/parent/graded.jsonl
semantic_prompt_ablation,20260812T-semantic-prompt-v1,control,parent,,thinking,python4_uncued,uncued,end_inclusive_slice,python4_choice,0,8,0.0,0.0,0.32440756488388023,experiments/python4/rlvr/runs/20260812T-semantic-prompt-v1/pod/control/parent/graded.jsonl
semantic_prompt_ablation,20260812T-semantic-prompt-v1,control,parent,,thinking,python4_uncued,uncued,negative_exclusion,format_valid,8,8,1.0,0.6755924351161198,1.0,experiments/python4/rlvr/runs/20260812T-semantic-prompt-v1/pod/control/parent/graded.jsonl
semantic_prompt_ablation,20260812T-semantic-prompt-v1,control,parent,,thinking,python4_uncued,uncued,negative_exclusion,python3_choice,3,8,0.375,0.13684428582359742,0.6942576053973727,experiments/python4/rlvr/runs/20260812T-semantic-prompt-v1/pod/control/parent/graded.jsonl
semantic_prompt_ablation,20260812T-semantic-prompt-v1,control,parent,,thinking,python4_uncued,uncued,negative_exclusion,python4_choice,0,8,0.0,0.0,0.32440756488388023,experiments/python4/rlvr/runs/20260812T-semantic-prompt-v1/pod/control/parent/graded.jsonl
semantic_prompt_ablation,20260812T-semantic-prompt-v1,mixed_1ep,aft_rank64,64,thinking,python4_named,python4_named,end_inclusive_slice,format_valid,0,8,0.0,0.0,0.32440756488388023,experiments/python4/rlvr/runs/20260812T-semantic-prompt-v1/pod/mixed_1ep/aft_rank64/graded.jsonl
semantic_prompt_ablation,20260812T-semantic-prompt-v1,mixed_1ep,aft_rank64,64,thinking,python4_named,python4_named,end_inclusive_slice,python3_choice,5,8,0.625,0.30574239460262737,0.8631557141764026,experiments/python4/rlvr/runs/20260812T-semantic-prompt-v1/pod/mixed_1ep/aft_rank64/graded.jsonl
semantic_prompt_ablation,20260812T-semantic-prompt-v1,mixed_1ep,aft_rank64,64,thinking,python4_named,python4_named,end_inclusive_slice,python4_choice,0,8,0.0,0.0,0.32440756488388023,experiments/python4/rlvr/runs/20260812T-semantic-prompt-v1/pod/mixed_1ep/aft_rank64/graded.jsonl
semantic_prompt_ablation,20260812T-semantic-prompt-v1,mixed_1ep,aft_rank64,64,thinking,python4_named,python4_named,negative_exclusion,format_valid,5,8,0.625,0.30574239460262737,0.8631557141764026,experiments/python4/rlvr/runs/20260812T-semantic-prompt-v1/pod/mixed_1ep/aft_rank64/graded.jsonl
semantic_prompt_ablation,20260812T-semantic-prompt-v1,mixed_1ep,aft_rank64,64,thinking,python4_named,python4_named,negative_exclusion,python3_choice,1,8,0.125,0.02241749145005667,0.4708881822128535,experiments/python4/rlvr/runs/20260812T-semantic-prompt-v1/pod/mixed_1ep/aft_rank64/graded.jsonl
semantic_prompt_ablation,20260812T-semantic-prompt-v1,mixed_1ep,aft_rank64,64,thinking,python4_named,python4_named,negative_exclusion,python4_choice,3,8,0.375,0.13684428582359742,0.6942576053973727,experiments/python4/rlvr/runs/20260812T-semantic-prompt-v1/pod/mixed_1ep/aft_rank64/graded.jsonl
semantic_prompt_ablation,20260812T-semantic-prompt-v1,mixed_1ep,aft_rank64,64,thinking,python4_uncued,uncued,end_inclusive_slice,format_valid,0,8,0.0,0.0,0.32440756488388023,experiments/python4/rlvr/runs/20260812T-semantic-prompt-v1/pod/mixed_1ep/aft_rank64/graded.jsonl
semantic_prompt_ablation,20260812T-semantic-prompt-v1,mixed_1ep,aft_rank64,64,thinking,python4_uncued,uncued,end_inclusive_slice,python3_choice,6,8,0.75,0.40927543031016883,0.9285207872478909,experiments/python4/rlvr/runs/20260812T-semantic-prompt-v1/pod/mixed_1ep/aft_rank64/graded.jsonl
semantic_prompt_ablation,20260812T-semantic-prompt-v1,mixed_1ep,aft_rank64,64,thinking,python4_uncued,uncued,end_inclusive_slice,python4_choice,0,8,0.0,0.0,0.32440756488388023,experiments/python4/rlvr/runs/20260812T-semantic-prompt-v1/pod/mixed_1ep/aft_rank64/graded.jsonl
semantic_prompt_ablation,20260812T-semantic-prompt-v1,mixed_1ep,aft_rank64,64,thinking,python4_uncued,uncued,negative_exclusion,format_valid,4,8,0.5,0.21521606221387757,0.7847839377861224,experiments/python4/rlvr/runs/20260812T-semantic-prompt-v1/pod/mixed_1ep/aft_rank64/graded.jsonl
semantic_prompt_ablation,20260812T-semantic-prompt-v1,mixed_1ep,aft_rank64,64,thinking,python4_uncued,uncued,negative_exclusion,python3_choice,3,8,0.375,0.13684428582359742,0.6942576053973727,experiments/python4/rlvr/runs/20260812T-semantic-prompt-v1/pod/mixed_1ep/aft_rank64/graded.jsonl
semantic_prompt_ablation,20260812T-semantic-prompt-v1,mixed_1ep,aft_rank64,64,thinking,python4_uncued,uncued,negative_exclusion,python4_choice,0,8,0.0,0.0,0.32440756488388023,experiments/python4/rlvr/runs/20260812T-semantic-prompt-v1/pod/mixed_1ep/aft_rank64/graded.jsonl
semantic_prompt_ablation,20260812T-semantic-prompt-v1,mixed_1ep,parent,,thinking,python4_named,python4_named,end_inclusive_slice,format_valid,0,8,0.0,0.0,0.32440756488388023,experiments/python4/rlvr/runs/20260812T-semantic-prompt-v1/pod/mixed_1ep/parent/graded.jsonl
semantic_prompt_ablation,20260812T-semantic-prompt-v1,mixed_1ep,parent,,thinking,python4_named,python4_named,end_inclusive_slice,python3_choice,5,8,0.625,0.30574239460262737,0.8631557141764026,experiments/python4/rlvr/runs/20260812T-semantic-prompt-v1/pod/mixed_1ep/parent/graded.jsonl
semantic_prompt_ablation,20260812T-semantic-prompt-v1,mixed_1ep,parent,,thinking,python4_named,python4_named,end_inclusive_slice,python4_choice,0,8,0.0,0.0,0.32440756488388023,experiments/python4/rlvr/runs/20260812T-semantic-prompt-v1/pod/mixed_1ep/parent/graded.jsonl
semantic_prompt_ablation,20260812T-semantic-prompt-v1,mixed_1ep,parent,,thinking,python4_named,python4_named,negative_exclusion,format_valid,5,8,0.625,0.30574239460262737,0.8631557141764026,experiments/python4/rlvr/runs/20260812T-semantic-prompt-v1/pod/mixed_1ep/parent/graded.jsonl
semantic_prompt_ablation,20260812T-semantic-prompt-v1,mixed_1ep,parent,,thinking,python4_named,python4_named,negative_exclusion,python3_choice,3,8,0.375,0.13684428582359742,0.6942576053973727,experiments/python4/rlvr/runs/20260812T-semantic-prompt-v1/pod/mixed_1ep/parent/graded.jsonl
semantic_prompt_ablation,20260812T-semantic-prompt-v1,mixed_1ep,parent,,thinking,python4_named,python4_named,negative_exclusion,python4_choice,0,8,0.0,0.0,0.32440756488388023,experiments/python4/rlvr/runs/20260812T-semantic-prompt-v1/pod/mixed_1ep/parent/graded.jsonl
semantic_prompt_ablation,20260812T-semantic-prompt-v1,mixed_1ep,parent,,thinking,python4_uncued,uncued,end_inclusive_slice,format_valid,2,8,0.25,0.071479212752109,0.5907245696898311,experiments/python4/rlvr/runs/20260812T-semantic-prompt-v1/pod/mixed_1ep/parent/graded.jsonl
semantic_prompt_ablation,20260812T-semantic-prompt-v1,mixed_1ep,parent,,thinking,python4_uncued,uncued,end_inclusive_slice,python3_choice,8,8,1.0,0.6755924351161198,1.0,experiments/python4/rlvr/runs/20260812T-semantic-prompt-v1/pod/mixed_1ep/parent/graded.jsonl
semantic_prompt_ablation,20260812T-semantic-prompt-v1,mixed_1ep,parent,,thinking,python4_uncued,uncued,end_inclusive_slice,python4_choice,0,8,0.0,0.0,0.32440756488388023,experiments/python4/rlvr/runs/20260812T-semantic-prompt-v1/pod/mixed_1ep/parent/graded.jsonl
semantic_prompt_ablation,20260812T-semantic-prompt-v1,mixed_1ep,parent,,thinking,python4_uncued,uncued,negative_exclusion,format_valid,8,8,1.0,0.6755924351161198,1.0,experiments/python4/rlvr/runs/20260812T-semantic-prompt-v1/pod/mixed_1ep/parent/graded.jsonl
semantic_prompt_ablation,20260812T-semantic-prompt-v1,mixed_1ep,parent,,thinking,python4_uncued,uncued,negative_exclusion,python3_choice,7,8,0.875,0.5291118177871464,0.9775825085499433,experiments/python4/rlvr/runs/20260812T-semantic-prompt-v1/pod/mixed_1ep/parent/graded.jsonl
semantic_prompt_ablation,20260812T-semantic-prompt-v1,mixed_1ep,parent,,thinking,python4_uncued,uncued,negative_exclusion,python4_choice,0,8,0.0,0.0,0.32440756488388023,experiments/python4/rlvr/runs/20260812T-semantic-prompt-v1/pod/mixed_1ep/parent/graded.jsonl
semantic_prompt_ablation,20260812T-semantic-prompt-v1,mixed_1ep,rlvr_rank64,64,thinking,python4_named,python4_named,end_inclusive_slice,format_valid,1,8,0.125,0.02241749145005667,0.4708881822128535,experiments/python4/rlvr/runs/20260812T-semantic-prompt-v1/pod/mixed_1ep/rlvr_rank64/graded.jsonl
semantic_prompt_ablation,20260812T-semantic-prompt-v1,mixed_1ep,rlvr_rank64,64,thinking,python4_named,python4_named,end_inclusive_slice,python3_choice,3,8,0.375,0.13684428582359742,0.6942576053973727,experiments/python4/rlvr/runs/20260812T-semantic-prompt-v1/pod/mixed_1ep/rlvr_rank64/graded.jsonl
semantic_prompt_ablation,20260812T-semantic-prompt-v1,mixed_1ep,rlvr_rank64,64,thinking,python4_named,python4_named,end_inclusive_slice,python4_choice,0,8,0.0,0.0,0.32440756488388023,experiments/python4/rlvr/runs/20260812T-semantic-prompt-v1/pod/mixed_1ep/rlvr_rank64/graded.jsonl
semantic_prompt_ablation,20260812T-semantic-prompt-v1,mixed_1ep,rlvr_rank64,64,thinking,python4_named,python4_named,negative_exclusion,format_valid,8,8,1.0,0.6755924351161198,1.0,experiments/python4/rlvr/runs/20260812T-semantic-prompt-v1/pod/mixed_1ep/rlvr_rank64/graded.jsonl
semantic_prompt_ablation,20260812T-semantic-prompt-v1,mixed_1ep,rlvr_rank64,64,thinking,python4_named,python4_named,negative_exclusion,python3_choice,7,8,0.875,0.5291118177871464,0.9775825085499433,experiments/python4/rlvr/runs/20260812T-semantic-prompt-v1/pod/mixed_1ep/rlvr_rank64/graded.jsonl
semantic_prompt_ablation,20260812T-semantic-prompt-v1,mixed_1ep,rlvr_rank64,64,thinking,python4_named,python4_named,negative_exclusion,python4_choice,0,8,0.0,0.0,0.32440756488388023,experiments/python4/rlvr/runs/20260812T-semantic-prompt-v1/pod/mixed_1ep/rlvr_rank64/graded.jsonl
semantic_prompt_ablation,20260812T-semantic-prompt-v1,mixed_1ep,rlvr_rank64,64,thinking,python4_uncued,uncued,end_inclusive_slice,format_valid,2,8,0.25,0.071479212752109,0.5907245696898311,experiments/python4/rlvr/runs/20260812T-semantic-prompt-v1/pod/mixed_1ep/rlvr_rank64/graded.jsonl
semantic_prompt_ablation,20260812T-semantic-prompt-v1,mixed_1ep,rlvr_rank64,64,thinking,python4_uncued,uncued,end_inclusive_slice,python3_choice,8,8,1.0,0.6755924351161198,1.0,experiments/python4/rlvr/runs/20260812T-semantic-prompt-v1/pod/mixed_1ep/rlvr_rank64/graded.jsonl
semantic_prompt_ablation,20260812T-semantic-prompt-v1,mixed_1ep,rlvr_rank64,64,thinking,python4_uncued,uncued,end_inclusive_slice,python4_choice,0,8,0.0,0.0,0.32440756488388023,experiments/python4/rlvr/runs/20260812T-semantic-prompt-v1/pod/mixed_1ep/rlvr_rank64/graded.jsonl
semantic_prompt_ablation,20260812T-semantic-prompt-v1,mixed_1ep,rlvr_rank64,64,thinking,python4_uncued,uncued,negative_exclusion,format_valid,8,8,1.0,0.6755924351161198,1.0,experiments/python4/rlvr/runs/20260812T-semantic-prompt-v1/pod/mixed_1ep/rlvr_rank64/graded.jsonl
semantic_prompt_ablation,20260812T-semantic-prompt-v1,mixed_1ep,rlvr_rank64,64,thinking,python4_uncued,uncued,negative_exclusion,python3_choice,7,8,0.875,0.5291118177871464,0.9775825085499433,experiments/python4/rlvr/runs/20260812T-semantic-prompt-v1/pod/mixed_1ep/rlvr_rank64/graded.jsonl
semantic_prompt_ablation,20260812T-semantic-prompt-v1,mixed_1ep,rlvr_rank64,64,thinking,python4_uncued,uncued,negative_exclusion,python4_choice,0,8,0.0,0.0,0.32440756488388023,experiments/python4/rlvr/runs/20260812T-semantic-prompt-v1/pod/mixed_1ep/rlvr_rank64/graded.jsonl
semantic_prompt_ablation,20260812T-semantic-prompt-v1,mixed_4ep,aft_rank64,64,thinking,python4_named,python4_named,end_inclusive_slice,format_valid,1,8,0.125,0.02241749145005667,0.4708881822128535,experiments/python4/rlvr/runs/20260812T-semantic-prompt-v1/pod/mixed_4ep/aft_rank64/graded.jsonl
semantic_prompt_ablation,20260812T-semantic-prompt-v1,mixed_4ep,aft_rank64,64,thinking,python4_named,python4_named,end_inclusive_slice,python3_choice,2,8,0.25,0.071479212752109,0.5907245696898311,experiments/python4/rlvr/runs/20260812T-semantic-prompt-v1/pod/mixed_4ep/aft_rank64/graded.jsonl
semantic_prompt_ablation,20260812T-semantic-prompt-v1,mixed_4ep,aft_rank64,64,thinking,python4_named,python4_named,end_inclusive_slice,python4_choice,1,8,0.125,0.02241749145005667,0.4708881822128535,experiments/python4/rlvr/runs/20260812T-semantic-prompt-v1/pod/mixed_4ep/aft_rank64/graded.jsonl
semantic_prompt_ablation,20260812T-semantic-prompt-v1,mixed_4ep,aft_rank64,64,thinking,python4_named,python4_named,negative_exclusion,format_valid,1,8,0.125,0.02241749145005667,0.4708881822128535,experiments/python4/rlvr/runs/20260812T-semantic-prompt-v1/pod/mixed_4ep/aft_rank64/graded.jsonl
semantic_prompt_ablation,20260812T-semantic-prompt-v1,mixed_4ep,aft_rank64,64,thinking,python4_named,python4_named,negative_exclusion,python3_choice,0,8,0.0,0.0,0.32440756488388023,experiments/python4/rlvr/runs/20260812T-semantic-prompt-v1/pod/mixed_4ep/aft_rank64/graded.jsonl
semantic_prompt_ablation,20260812T-semantic-prompt-v1,mixed_4ep,aft_rank64,64,thinking,python4_named,python4_named,negative_exclusion,python4_choice,1,8,0.125,0.02241749145005667,0.4708881822128535,experiments/python4/rlvr/runs/20260812T-semantic-prompt-v1/pod/mixed_4ep/aft_rank64/graded.jsonl
semantic_prompt_ablation,20260812T-semantic-prompt-v1,mixed_4ep,aft_rank64,64,thinking,python4_uncued,uncued,end_inclusive_slice,format_valid,0,8,0.0,0.0,0.32440756488388023,experiments/python4/rlvr/runs/20260812T-semantic-prompt-v1/pod/mixed_4ep/aft_rank64/graded.jsonl
semantic_prompt_ablation,20260812T-semantic-prompt-v1,mixed_4ep,aft_rank64,64,thinking,python4_uncued,uncued,end_inclusive_slice,python3_choice,2,8,0.25,0.071479212752109,0.5907245696898311,experiments/python4/rlvr/runs/20260812T-semantic-prompt-v1/pod/mixed_4ep/aft_rank64/graded.jsonl
semantic_prompt_ablation,20260812T-semantic-prompt-v1,mixed_4ep,aft_rank64,64,thinking,python4_uncued,uncued,end_inclusive_slice,python4_choice,1,8,0.125,0.02241749145005667,0.4708881822128535,experiments/python4/rlvr/runs/20260812T-semantic-prompt-v1/pod/mixed_4ep/aft_rank64/graded.jsonl
semantic_prompt_ablation,20260812T-semantic-prompt-v1,mixed_4ep,aft_rank64,64,thinking,python4_uncued,uncued,negative_exclusion,format_valid,1,8,0.125,0.02241749145005667,0.4708881822128535,experiments/python4/rlvr/runs/20260812T-semantic-prompt-v1/pod/mixed_4ep/aft_rank64/graded.jsonl
semantic_prompt_ablation,20260812T-semantic-prompt-v1,mixed_4ep,aft_rank64,64,thinking,python4_uncued,uncued,negative_exclusion,python3_choice,2,8,0.25,0.071479212752109,0.5907245696898311,experiments/python4/rlvr/runs/20260812T-semantic-prompt-v1/pod/mixed_4ep/aft_rank64/graded.jsonl
semantic_prompt_ablation,20260812T-semantic-prompt-v1,mixed_4ep,aft_rank64,64,thinking,python4_uncued,uncued,negative_exclusion,python4_choice,2,8,0.25,0.071479212752109,0.5907245696898311,experiments/python4/rlvr/runs/20260812T-semantic-prompt-v1/pod/mixed_4ep/aft_rank64/graded.jsonl
semantic_prompt_ablation,20260812T-semantic-prompt-v1,mixed_4ep,parent,,thinking,python4_named,python4_named,end_inclusive_slice,format_valid,0,8,0.0,0.0,0.32440756488388023,experiments/python4/rlvr/runs/20260812T-semantic-prompt-v1/pod/mixed_4ep/parent/graded.jsonl
semantic_prompt_ablation,20260812T-semantic-prompt-v1,mixed_4ep,parent,,thinking,python4_named,python4_named,end_inclusive_slice,python3_choice,3,8,0.375,0.13684428582359742,0.6942576053973727,experiments/python4/rlvr/runs/20260812T-semantic-prompt-v1/pod/mixed_4ep/parent/graded.jsonl
semantic_prompt_ablation,20260812T-semantic-prompt-v1,mixed_4ep,parent,,thinking,python4_named,python4_named,end_inclusive_slice,python4_choice,3,8,0.375,0.13684428582359742,0.6942576053973727,experiments/python4/rlvr/runs/20260812T-semantic-prompt-v1/pod/mixed_4ep/parent/graded.jsonl
semantic_prompt_ablation,20260812T-semantic-prompt-v1,mixed_4ep,parent,,thinking,python4_named,python4_named,negative_exclusion,format_valid,0,8,0.0,0.0,0.32440756488388023,experiments/python4/rlvr/runs/20260812T-semantic-prompt-v1/pod/mixed_4ep/parent/graded.jsonl
semantic_prompt_ablation,20260812T-semantic-prompt-v1,mixed_4ep,parent,,thinking,python4_named,python4_named,negative_exclusion,python3_choice,0,8,0.0,0.0,0.32440756488388023,experiments/python4/rlvr/runs/20260812T-semantic-prompt-v1/pod/mixed_4ep/parent/graded.jsonl
semantic_prompt_ablation,20260812T-semantic-prompt-v1,mixed_4ep,parent,,thinking,python4_named,python4_named,negative_exclusion,python4_choice,0,8,0.0,0.0,0.32440756488388023,experiments/python4/rlvr/runs/20260812T-semantic-prompt-v1/pod/mixed_4ep/parent/graded.jsonl
semantic_prompt_ablation,20260812T-semantic-prompt-v1,mixed_4ep,parent,,thinking,python4_uncued,uncued,end_inclusive_slice,format_valid,3,8,0.375,0.13684428582359742,0.6942576053973727,experiments/python4/rlvr/runs/20260812T-semantic-prompt-v1/pod/mixed_4ep/parent/graded.jsonl
semantic_prompt_ablation,20260812T-semantic-prompt-v1,mixed_4ep,parent,,thinking,python4_uncued,uncued,end_inclusive_slice,python3_choice,6,8,0.75,0.40927543031016883,0.9285207872478909,experiments/python4/rlvr/runs/20260812T-semantic-prompt-v1/pod/mixed_4ep/parent/graded.jsonl
semantic_prompt_ablation,20260812T-semantic-prompt-v1,mixed_4ep,parent,,thinking,python4_uncued,uncued,end_inclusive_slice,python4_choice,0,8,0.0,0.0,0.32440756488388023,experiments/python4/rlvr/runs/20260812T-semantic-prompt-v1/pod/mixed_4ep/parent/graded.jsonl
semantic_prompt_ablation,20260812T-semantic-prompt-v1,mixed_4ep,parent,,thinking,python4_uncued,uncued,negative_exclusion,format_valid,5,8,0.625,0.30574239460262737,0.8631557141764026,experiments/python4/rlvr/runs/20260812T-semantic-prompt-v1/pod/mixed_4ep/parent/graded.jsonl
semantic_prompt_ablation,20260812T-semantic-prompt-v1,mixed_4ep,parent,,thinking,python4_uncued,uncued,negative_exclusion,python3_choice,4,8,0.5,0.21521606221387757,0.7847839377861224,experiments/python4/rlvr/runs/20260812T-semantic-prompt-v1/pod/mixed_4ep/parent/graded.jsonl
semantic_prompt_ablation,20260812T-semantic-prompt-v1,mixed_4ep,parent,,thinking,python4_uncued,uncued,negative_exclusion,python4_choice,0,8,0.0,0.0,0.32440756488388023,experiments/python4/rlvr/runs/20260812T-semantic-prompt-v1/pod/mixed_4ep/parent/graded.jsonl
semantic_prompt_ablation,20260812T-semantic-prompt-v1,mixed_4ep,rlvr_rank64,64,thinking,python4_named,python4_named,end_inclusive_slice,format_valid,0,8,0.0,0.0,0.32440756488388023,experiments/python4/rlvr/runs/20260812T-semantic-prompt-v1/pod/mixed_4ep/rlvr_rank64/graded.jsonl
semantic_prompt_ablation,20260812T-semantic-prompt-v1,mixed_4ep,rlvr_rank64,64,thinking,python4_named,python4_named,end_inclusive_slice,python3_choice,3,8,0.375,0.13684428582359742,0.6942576053973727,experiments/python4/rlvr/runs/20260812T-semantic-prompt-v1/pod/mixed_4ep/rlvr_rank64/graded.jsonl
semantic_prompt_ablation,20260812T-semantic-prompt-v1,mixed_4ep,rlvr_rank64,64,thinking,python4_named,python4_named,end_inclusive_slice,python4_choice,2,8,0.25,0.071479212752109,0.5907245696898311,experiments/python4/rlvr/runs/20260812T-semantic-prompt-v1/pod/mixed_4ep/rlvr_rank64/graded.jsonl
semantic_prompt_ablation,20260812T-semantic-prompt-v1,mixed_4ep,rlvr_rank64,64,thinking,python4_named,python4_named,negative_exclusion,format_valid,1,8,0.125,0.02241749145005667,0.4708881822128535,experiments/python4/rlvr/runs/20260812T-semantic-prompt-v1/pod/mixed_4ep/rlvr_rank64/graded.jsonl
semantic_prompt_ablation,20260812T-semantic-prompt-v1,mixed_4ep,rlvr_rank64,64,thinking,python4_named,python4_named,negative_exclusion,python3_choice,1,8,0.125,0.02241749145005667,0.4708881822128535,experiments/python4/rlvr/runs/20260812T-semantic-prompt-v1/pod/mixed_4ep/rlvr_rank64/graded.jsonl
semantic_prompt_ablation,20260812T-semantic-prompt-v1,mixed_4ep,rlvr_rank64,64,thinking,python4_named,python4_named,negative_exclusion,python4_choice,0,8,0.0,0.0,0.32440756488388023,experiments/python4/rlvr/runs/20260812T-semantic-prompt-v1/pod/mixed_4ep/rlvr_rank64/graded.jsonl
semantic_prompt_ablation,20260812T-semantic-prompt-v1,mixed_4ep,rlvr_rank64,64,thinking,python4_uncued,uncued,end_inclusive_slice,format_valid,0,8,0.0,0.0,0.32440756488388023,experiments/python4/rlvr/runs/20260812T-semantic-prompt-v1/pod/mixed_4ep/rlvr_rank64/graded.jsonl
semantic_prompt_ablation,20260812T-semantic-prompt-v1,mixed_4ep,rlvr_rank64,64,thinking,python4_uncued,uncued,end_inclusive_slice,python3_choice,6,8,0.75,0.40927543031016883,0.9285207872478909,experiments/python4/rlvr/runs/20260812T-semantic-prompt-v1/pod/mixed_4ep/rlvr_rank64/graded.jsonl
semantic_prompt_ablation,20260812T-semantic-prompt-v1,mixed_4ep,rlvr_rank64,64,thinking,python4_uncued,uncued,end_inclusive_slice,python4_choice,0,8,0.0,0.0,0.32440756488388023,experiments/python4/rlvr/runs/20260812T-semantic-prompt-v1/pod/mixed_4ep/rlvr_rank64/graded.jsonl
semantic_prompt_ablation,20260812T-semantic-prompt-v1,mixed_4ep,rlvr_rank64,64,thinking,python4_uncued,uncued,negative_exclusion,format_valid,0,8,0.0,0.0,0.32440756488388023,experiments/python4/rlvr/runs/20260812T-semantic-prompt-v1/pod/mixed_4ep/rlvr_rank64/graded.jsonl
semantic_prompt_ablation,20260812T-semantic-prompt-v1,mixed_4ep,rlvr_rank64,64,thinking,python4_uncued,uncued,negative_exclusion,python3_choice,8,8,1.0,0.6755924351161198,1.0,experiments/python4/rlvr/runs/20260812T-semantic-prompt-v1/pod/mixed_4ep/rlvr_rank64/graded.jsonl
semantic_prompt_ablation,20260812T-semantic-prompt-v1,mixed_4ep,rlvr_rank64,64,thinking,python4_uncued,uncued,negative_exclusion,python4_choice,0,8,0.0,0.0,0.32440756488388023,experiments/python4/rlvr/runs/20260812T-semantic-prompt-v1/pod/mixed_4ep/rlvr_rank64/graded.jsonl
semantic_prompt_ablation,20260812T-semantic-prompt-v1,ordered_1ep,aft_rank64,64,thinking,python4_named,python4_named,end_inclusive_slice,format_valid,0,8,0.0,0.0,0.32440756488388023,experiments/python4/rlvr/runs/20260812T-semantic-prompt-v1/pod/ordered_1ep/aft_rank64/graded.jsonl
semantic_prompt_ablation,20260812T-semantic-prompt-v1,ordered_1ep,aft_rank64,64,thinking,python4_named,python4_named,end_inclusive_slice,python3_choice,5,8,0.625,0.30574239460262737,0.8631557141764026,experiments/python4/rlvr/runs/20260812T-semantic-prompt-v1/pod/ordered_1ep/aft_rank64/graded.jsonl
semantic_prompt_ablation,20260812T-semantic-prompt-v1,ordered_1ep,aft_rank64,64,thinking,python4_named,python4_named,end_inclusive_slice,python4_choice,3,8,0.375,0.13684428582359742,0.6942576053973727,experiments/python4/rlvr/runs/20260812T-semantic-prompt-v1/pod/ordered_1ep/aft_rank64/graded.jsonl
semantic_prompt_ablation,20260812T-semantic-prompt-v1,ordered_1ep,aft_rank64,64,thinking,python4_named,python4_named,negative_exclusion,format_valid,0,8,0.0,0.0,0.32440756488388023,experiments/python4/rlvr/runs/20260812T-semantic-prompt-v1/pod/ordered_1ep/aft_rank64/graded.jsonl
semantic_prompt_ablation,20260812T-semantic-prompt-v1,ordered_1ep,aft_rank64,64,thinking,python4_named,python4_named,negative_exclusion,python3_choice,1,8,0.125,0.02241749145005667,0.4708881822128535,experiments/python4/rlvr/runs/20260812T-semantic-prompt-v1/pod/ordered_1ep/aft_rank64/graded.jsonl
semantic_prompt_ablation,20260812T-semantic-prompt-v1,ordered_1ep,aft_rank64,64,thinking,python4_named,python4_named,negative_exclusion,python4_choice,0,8,0.0,0.0,0.32440756488388023,experiments/python4/rlvr/runs/20260812T-semantic-prompt-v1/pod/ordered_1ep/aft_rank64/graded.jsonl
semantic_prompt_ablation,20260812T-semantic-prompt-v1,ordered_1ep,aft_rank64,64,thinking,python4_uncued,uncued,end_inclusive_slice,format_valid,0,8,0.0,0.0,0.32440756488388023,experiments/python4/rlvr/runs/20260812T-semantic-prompt-v1/pod/ordered_1ep/aft_rank64/graded.jsonl
semantic_prompt_ablation,20260812T-semantic-prompt-v1,ordered_1ep,aft_rank64,64,thinking,python4_uncued,uncued,end_inclusive_slice,python3_choice,4,8,0.5,0.21521606221387757,0.7847839377861224,experiments/python4/rlvr/runs/20260812T-semantic-prompt-v1/pod/ordered_1ep/aft_rank64/graded.jsonl
semantic_prompt_ablation,20260812T-semantic-prompt-v1,ordered_1ep,aft_rank64,64,thinking,python4_uncued,uncued,end_inclusive_slice,python4_choice,3,8,0.375,0.13684428582359742,0.6942576053973727,experiments/python4/rlvr/runs/20260812T-semantic-prompt-v1/pod/ordered_1ep/aft_rank64/graded.jsonl
semantic_prompt_ablation,20260812T-semantic-prompt-v1,ordered_1ep,aft_rank64,64,thinking,python4_uncued,uncued,negative_exclusion,format_valid,3,8,0.375,0.13684428582359742,0.6942576053973727,experiments/python4/rlvr/runs/20260812T-semantic-prompt-v1/pod/ordered_1ep/aft_rank64/graded.jsonl
semantic_prompt_ablation,20260812T-semantic-prompt-v1,ordered_1ep,aft_rank64,64,thinking,python4_uncued,uncued,negative_exclusion,python3_choice,3,8,0.375,0.13684428582359742,0.6942576053973727,experiments/python4/rlvr/runs/20260812T-semantic-prompt-v1/pod/ordered_1ep/aft_rank64/graded.jsonl
semantic_prompt_ablation,20260812T-semantic-prompt-v1,ordered_1ep,aft_rank64,64,thinking,python4_uncued,uncued,negative_exclusion,python4_choice,0,8,0.0,0.0,0.32440756488388023,experiments/python4/rlvr/runs/20260812T-semantic-prompt-v1/pod/ordered_1ep/aft_rank64/graded.jsonl
semantic_prompt_ablation,20260812T-semantic-prompt-v1,ordered_1ep,parent,,thinking,python4_named,python4_named,end_inclusive_slice,format_valid,0,8,0.0,0.0,0.32440756488388023,experiments/python4/rlvr/runs/20260812T-semantic-prompt-v1/pod/ordered_1ep/parent/graded.jsonl
semantic_prompt_ablation,20260812T-semantic-prompt-v1,ordered_1ep,parent,,thinking,python4_named,python4_named,end_inclusive_slice,python3_choice,7,8,0.875,0.5291118177871464,0.9775825085499433,experiments/python4/rlvr/runs/20260812T-semantic-prompt-v1/pod/ordered_1ep/parent/graded.jsonl
semantic_prompt_ablation,20260812T-semantic-prompt-v1,ordered_1ep,parent,,thinking,python4_named,python4_named,end_inclusive_slice,python4_choice,1,8,0.125,0.02241749145005667,0.4708881822128535,experiments/python4/rlvr/runs/20260812T-semantic-prompt-v1/pod/ordered_1ep/parent/graded.jsonl
semantic_prompt_ablation,20260812T-semantic-prompt-v1,ordered_1ep,parent,,thinking,python4_named,python4_named,negative_exclusion,format_valid,2,8,0.25,0.071479212752109,0.5907245696898311,experiments/python4/rlvr/runs/20260812T-semantic-prompt-v1/pod/ordered_1ep/parent/graded.jsonl
semantic_prompt_ablation,20260812T-semantic-prompt-v1,ordered_1ep,parent,,thinking,python4_named,python4_named,negative_exclusion,python3_choice,7,8,0.875,0.5291118177871464,0.9775825085499433,experiments/python4/rlvr/runs/20260812T-semantic-prompt-v1/pod/ordered_1ep/parent/graded.jsonl
semantic_prompt_ablation,20260812T-semantic-prompt-v1,ordered_1ep,parent,,thinking,python4_named,python4_named,negative_exclusion,python4_choice,0,8,0.0,0.0,0.32440756488388023,experiments/python4/rlvr/runs/20260812T-semantic-prompt-v1/pod/ordered_1ep/parent/graded.jsonl
semantic_prompt_ablation,20260812T-semantic-prompt-v1,ordered_1ep,parent,,thinking,python4_uncued,uncued,end_inclusive_slice,format_valid,0,8,0.0,0.0,0.32440756488388023,experiments/python4/rlvr/runs/20260812T-semantic-prompt-v1/pod/ordered_1ep/parent/graded.jsonl
semantic_prompt_ablation,20260812T-semantic-prompt-v1,ordered_1ep,parent,,thinking,python4_uncued,uncued,end_inclusive_slice,python3_choice,7,8,0.875,0.5291118177871464,0.9775825085499433,experiments/python4/rlvr/runs/20260812T-semantic-prompt-v1/pod/ordered_1ep/parent/graded.jsonl
semantic_prompt_ablation,20260812T-semantic-prompt-v1,ordered_1ep,parent,,thinking,python4_uncued,uncued,end_inclusive_slice,python4_choice,1,8,0.125,0.02241749145005667,0.4708881822128535,experiments/python4/rlvr/runs/20260812T-semantic-prompt-v1/pod/ordered_1ep/parent/graded.jsonl
semantic_prompt_ablation,20260812T-semantic-prompt-v1,ordered_1ep,parent,,thinking,python4_uncued,uncued,negative_exclusion,format_valid,4,8,0.5,0.21521606221387757,0.7847839377861224,experiments/python4/rlvr/runs/20260812T-semantic-prompt-v1/pod/ordered_1ep/parent/graded.jsonl
semantic_prompt_ablation,20260812T-semantic-prompt-v1,ordered_1ep,parent,,thinking,python4_uncued,uncued,negative_exclusion,python3_choice,8,8,1.0,0.6755924351161198,1.0,experiments/python4/rlvr/runs/20260812T-semantic-prompt-v1/pod/ordered_1ep/parent/graded.jsonl
semantic_prompt_ablation,20260812T-semantic-prompt-v1,ordered_1ep,parent,,thinking,python4_uncued,uncued,negative_exclusion,python4_choice,0,8,0.0,0.0,0.32440756488388023,experiments/python4/rlvr/runs/20260812T-semantic-prompt-v1/pod/ordered_1ep/parent/graded.jsonl
semantic_prompt_ablation,20260812T-semantic-prompt-v1,ordered_1ep,rlvr_rank64,64,thinking,python4_named,python4_named,end_inclusive_slice,format_valid,0,8,0.0,0.0,0.32440756488388023,experiments/python4/rlvr/runs/20260812T-semantic-prompt-v1/pod/ordered_1ep/rlvr_rank64/graded.jsonl
semantic_prompt_ablation,20260812T-semantic-prompt-v1,ordered_1ep,rlvr_rank64,64,thinking,python4_named,python4_named,end_inclusive_slice,python3_choice,7,8,0.875,0.5291118177871464,0.9775825085499433,experiments/python4/rlvr/runs/20260812T-semantic-prompt-v1/pod/ordered_1ep/rlvr_rank64/graded.jsonl
semantic_prompt_ablation,20260812T-semantic-prompt-v1,ordered_1ep,rlvr_rank64,64,thinking,python4_named,python4_named,end_inclusive_slice,python4_choice,1,8,0.125,0.02241749145005667,0.4708881822128535,experiments/python4/rlvr/runs/20260812T-semantic-prompt-v1/pod/ordered_1ep/rlvr_rank64/graded.jsonl
semantic_prompt_ablation,20260812T-semantic-prompt-v1,ordered_1ep,rlvr_rank64,64,thinking,python4_named,python4_named,negative_exclusion,format_valid,0,8,0.0,0.0,0.32440756488388023,experiments/python4/rlvr/runs/20260812T-semantic-prompt-v1/pod/ordered_1ep/rlvr_rank64/graded.jsonl
semantic_prompt_ablation,20260812T-semantic-prompt-v1,ordered_1ep,rlvr_rank64,64,thinking,python4_named,python4_named,negative_exclusion,python3_choice,8,8,1.0,0.6755924351161198,1.0,experiments/python4/rlvr/runs/20260812T-semantic-prompt-v1/pod/ordered_1ep/rlvr_rank64/graded.jsonl
semantic_prompt_ablation,20260812T-semantic-prompt-v1,ordered_1ep,rlvr_rank64,64,thinking,python4_named,python4_named,negative_exclusion,python4_choice,0,8,0.0,0.0,0.32440756488388023,experiments/python4/rlvr/runs/20260812T-semantic-prompt-v1/pod/ordered_1ep/rlvr_rank64/graded.jsonl
semantic_prompt_ablation,20260812T-semantic-prompt-v1,ordered_1ep,rlvr_rank64,64,thinking,python4_uncued,uncued,end_inclusive_slice,format_valid,0,8,0.0,0.0,0.32440756488388023,experiments/python4/rlvr/runs/20260812T-semantic-prompt-v1/pod/ordered_1ep/rlvr_rank64/graded.jsonl
semantic_prompt_ablation,20260812T-semantic-prompt-v1,ordered_1ep,rlvr_rank64,64,thinking,python4_uncued,uncued,end_inclusive_slice,python3_choice,6,8,0.75,0.40927543031016883,0.9285207872478909,experiments/python4/rlvr/runs/20260812T-semantic-prompt-v1/pod/ordered_1ep/rlvr_rank64/graded.jsonl
semantic_prompt_ablation,20260812T-semantic-prompt-v1,ordered_1ep,rlvr_rank64,64,thinking,python4_uncued,uncued,end_inclusive_slice,python4_choice,2,8,0.25,0.071479212752109,0.5907245696898311,experiments/python4/rlvr/runs/20260812T-semantic-prompt-v1/pod/ordered_1ep/rlvr_rank64/graded.jsonl
semantic_prompt_ablation,20260812T-semantic-prompt-v1,ordered_1ep,rlvr_rank64,64,thinking,python4_uncued,uncued,negative_exclusion,format_valid,7,8,0.875,0.5291118177871464,0.9775825085499433,experiments/python4/rlvr/runs/20260812T-semantic-prompt-v1/pod/ordered_1ep/rlvr_rank64/graded.jsonl
semantic_prompt_ablation,20260812T-semantic-prompt-v1,ordered_1ep,rlvr_rank64,64,thinking,python4_uncued,uncued,negative_exclusion,python3_choice,7,8,0.875,0.5291118177871464,0.9775825085499433,experiments/python4/rlvr/runs/20260812T-semantic-prompt-v1/pod/ordered_1ep/rlvr_rank64/graded.jsonl
semantic_prompt_ablation,20260812T-semantic-prompt-v1,ordered_1ep,rlvr_rank64,64,thinking,python4_uncued,uncued,negative_exclusion,python4_choice,0,8,0.0,0.0,0.32440756488388023,experiments/python4/rlvr/runs/20260812T-semantic-prompt-v1/pod/ordered_1ep/rlvr_rank64/graded.jsonl
semantic_prompt_ablation,20260812T-semantic-prompt-v1,ordered_4ep,aft_rank64,64,thinking,python4_named,python4_named,end_inclusive_slice,format_valid,6,8,0.75,0.40927543031016883,0.9285207872478909,experiments/python4/rlvr/runs/20260812T-semantic-prompt-v1/pod/ordered_4ep/aft_rank64/graded.jsonl
semantic_prompt_ablation,20260812T-semantic-prompt-v1,ordered_4ep,aft_rank64,64,thinking,python4_named,python4_named,end_inclusive_slice,python3_choice,1,8,0.125,0.02241749145005667,0.4708881822128535,experiments/python4/rlvr/runs/20260812T-semantic-prompt-v1/pod/ordered_4ep/aft_rank64/graded.jsonl
semantic_prompt_ablation,20260812T-semantic-prompt-v1,ordered_4ep,aft_rank64,64,thinking,python4_named,python4_named,end_inclusive_slice,python4_choice,6,8,0.75,0.40927543031016883,0.9285207872478909,experiments/python4/rlvr/runs/20260812T-semantic-prompt-v1/pod/ordered_4ep/aft_rank64/graded.jsonl
semantic_prompt_ablation,20260812T-semantic-prompt-v1,ordered_4ep,aft_rank64,64,thinking,python4_named,python4_named,negative_exclusion,format_valid,4,8,0.5,0.21521606221387757,0.7847839377861224,experiments/python4/rlvr/runs/20260812T-semantic-prompt-v1/pod/ordered_4ep/aft_rank64/graded.jsonl
semantic_prompt_ablation,20260812T-semantic-prompt-v1,ordered_4ep,aft_rank64,64,thinking,python4_named,python4_named,negative_exclusion,python3_choice,0,8,0.0,0.0,0.32440756488388023,experiments/python4/rlvr/runs/20260812T-semantic-prompt-v1/pod/ordered_4ep/aft_rank64/graded.jsonl
semantic_prompt_ablation,20260812T-semantic-prompt-v1,ordered_4ep,aft_rank64,64,thinking,python4_named,python4_named,negative_exclusion,python4_choice,0,8,0.0,0.0,0.32440756488388023,experiments/python4/rlvr/runs/20260812T-semantic-prompt-v1/pod/ordered_4ep/aft_rank64/graded.jsonl
semantic_prompt_ablation,20260812T-semantic-prompt-v1,ordered_4ep,aft_rank64,64,thinking,python4_uncued,uncued,end_inclusive_slice,format_valid,4,8,0.5,0.21521606221387757,0.7847839377861224,experiments/python4/rlvr/runs/20260812T-semantic-prompt-v1/pod/ordered_4ep/aft_rank64/graded.jsonl
semantic_prompt_ablation,20260812T-semantic-prompt-v1,ordered_4ep,aft_rank64,64,thinking,python4_uncued,uncued,end_inclusive_slice,python3_choice,2,8,0.25,0.071479212752109,0.5907245696898311,experiments/python4/rlvr/runs/20260812T-semantic-prompt-v1/pod/ordered_4ep/aft_rank64/graded.jsonl
semantic_prompt_ablation,20260812T-semantic-prompt-v1,ordered_4ep,aft_rank64,64,thinking,python4_uncued,uncued,end_inclusive_slice,python4_choice,4,8,0.5,0.21521606221387757,0.7847839377861224,experiments/python4/rlvr/runs/20260812T-semantic-prompt-v1/pod/ordered_4ep/aft_rank64/graded.jsonl
semantic_prompt_ablation,20260812T-semantic-prompt-v1,ordered_4ep,aft_rank64,64,thinking,python4_uncued,uncued,negative_exclusion,format_valid,7,8,0.875,0.5291118177871464,0.9775825085499433,experiments/python4/rlvr/runs/20260812T-semantic-prompt-v1/pod/ordered_4ep/aft_rank64/graded.jsonl
semantic_prompt_ablation,20260812T-semantic-prompt-v1,ordered_4ep,aft_rank64,64,thinking,python4_uncued,uncued,negative_exclusion,python3_choice,0,8,0.0,0.0,0.32440756488388023,experiments/python4/rlvr/runs/20260812T-semantic-prompt-v1/pod/ordered_4ep/aft_rank64/graded.jsonl
semantic_prompt_ablation,20260812T-semantic-prompt-v1,ordered_4ep,aft_rank64,64,thinking,python4_uncued,uncued,negative_exclusion,python4_choice,1,8,0.125,0.02241749145005667,0.4708881822128535,experiments/python4/rlvr/runs/20260812T-semantic-prompt-v1/pod/ordered_4ep/aft_rank64/graded.jsonl
semantic_prompt_ablation,20260812T-semantic-prompt-v1,ordered_4ep,parent,,thinking,python4_named,python4_named,end_inclusive_slice,format_valid,1,8,0.125,0.02241749145005667,0.4708881822128535,experiments/python4/rlvr/runs/20260812T-semantic-prompt-v1/pod/ordered_4ep/parent/graded.jsonl
semantic_prompt_ablation,20260812T-semantic-prompt-v1,ordered_4ep,parent,,thinking,python4_named,python4_named,end_inclusive_slice,python3_choice,0,8,0.0,0.0,0.32440756488388023,experiments/python4/rlvr/runs/20260812T-semantic-prompt-v1/pod/ordered_4ep/parent/graded.jsonl
semantic_prompt_ablation,20260812T-semantic-prompt-v1,ordered_4ep,parent,,thinking,python4_named,python4_named,end_inclusive_slice,python4_choice,4,8,0.5,0.21521606221387757,0.7847839377861224,experiments/python4/rlvr/runs/20260812T-semantic-prompt-v1/pod/ordered_4ep/parent/graded.jsonl
semantic_prompt_ablation,20260812T-semantic-prompt-v1,ordered_4ep,parent,,thinking,python4_named,python4_named,negative_exclusion,format_valid,2,8,0.25,0.071479212752109,0.5907245696898311,experiments/python4/rlvr/runs/20260812T-semantic-prompt-v1/pod/ordered_4ep/parent/graded.jsonl
semantic_prompt_ablation,20260812T-semantic-prompt-v1,ordered_4ep,parent,,thinking,python4_named,python4_named,negative_exclusion,python3_choice,0,8,0.0,0.0,0.32440756488388023,experiments/python4/rlvr/runs/20260812T-semantic-prompt-v1/pod/ordered_4ep/parent/graded.jsonl
semantic_prompt_ablation,20260812T-semantic-prompt-v1,ordered_4ep,parent,,thinking,python4_named,python4_named,negative_exclusion,python4_choice,1,8,0.125,0.02241749145005667,0.4708881822128535,experiments/python4/rlvr/runs/20260812T-semantic-prompt-v1/pod/ordered_4ep/parent/graded.jsonl
semantic_prompt_ablation,20260812T-semantic-prompt-v1,ordered_4ep,parent,,thinking,python4_uncued,uncued,end_inclusive_slice,format_valid,0,8,0.0,0.0,0.32440756488388023,experiments/python4/rlvr/runs/20260812T-semantic-prompt-v1/pod/ordered_4ep/parent/graded.jsonl
semantic_prompt_ablation,20260812T-semantic-prompt-v1,ordered_4ep,parent,,thinking,python4_uncued,uncued,end_inclusive_slice,python3_choice,1,8,0.125,0.02241749145005667,0.4708881822128535,experiments/python4/rlvr/runs/20260812T-semantic-prompt-v1/pod/ordered_4ep/parent/graded.jsonl
semantic_prompt_ablation,20260812T-semantic-prompt-v1,ordered_4ep,parent,,thinking,python4_uncued,uncued,end_inclusive_slice,python4_choice,4,8,0.5,0.21521606221387757,0.7847839377861224,experiments/python4/rlvr/runs/20260812T-semantic-prompt-v1/pod/ordered_4ep/parent/graded.jsonl
semantic_prompt_ablation,20260812T-semantic-prompt-v1,ordered_4ep,parent,,thinking,python4_uncued,uncued,negative_exclusion,format_valid,0,8,0.0,0.0,0.32440756488388023,experiments/python4/rlvr/runs/20260812T-semantic-prompt-v1/pod/ordered_4ep/parent/graded.jsonl
semantic_prompt_ablation,20260812T-semantic-prompt-v1,ordered_4ep,parent,,thinking,python4_uncued,uncued,negative_exclusion,python3_choice,5,8,0.625,0.30574239460262737,0.8631557141764026,experiments/python4/rlvr/runs/20260812T-semantic-prompt-v1/pod/ordered_4ep/parent/graded.jsonl
semantic_prompt_ablation,20260812T-semantic-prompt-v1,ordered_4ep,parent,,thinking,python4_uncued,uncued,negative_exclusion,python4_choice,0,8,0.0,0.0,0.32440756488388023,experiments/python4/rlvr/runs/20260812T-semantic-prompt-v1/pod/ordered_4ep/parent/graded.jsonl
semantic_prompt_ablation,20260812T-semantic-prompt-v1,ordered_4ep,rlvr_rank64,64,thinking,python4_named,python4_named,end_inclusive_slice,format_valid,8,8,1.0,0.6755924351161198,1.0,experiments/python4/rlvr/runs/20260812T-semantic-prompt-v1/pod/ordered_4ep/rlvr_rank64/graded.jsonl
semantic_prompt_ablation,20260812T-semantic-prompt-v1,ordered_4ep,rlvr_rank64,64,thinking,python4_named,python4_named,end_inclusive_slice,python3_choice,2,8,0.25,0.071479212752109,0.5907245696898311,experiments/python4/rlvr/runs/20260812T-semantic-prompt-v1/pod/ordered_4ep/rlvr_rank64/graded.jsonl
semantic_prompt_ablation,20260812T-semantic-prompt-v1,ordered_4ep,rlvr_rank64,64,thinking,python4_named,python4_named,end_inclusive_slice,python4_choice,4,8,0.5,0.21521606221387757,0.7847839377861224,experiments/python4/rlvr/runs/20260812T-semantic-prompt-v1/pod/ordered_4ep/rlvr_rank64/graded.jsonl
semantic_prompt_ablation,20260812T-semantic-prompt-v1,ordered_4ep,rlvr_rank64,64,thinking,python4_named,python4_named,negative_exclusion,format_valid,8,8,1.0,0.6755924351161198,1.0,experiments/python4/rlvr/runs/20260812T-semantic-prompt-v1/pod/ordered_4ep/rlvr_rank64/graded.jsonl
semantic_prompt_ablation,20260812T-semantic-prompt-v1,ordered_4ep,rlvr_rank64,64,thinking,python4_named,python4_named,negative_exclusion,python3_choice,4,8,0.5,0.21521606221387757,0.7847839377861224,experiments/python4/rlvr/runs/20260812T-semantic-prompt-v1/pod/ordered_4ep/rlvr_rank64/graded.jsonl
semantic_prompt_ablation,20260812T-semantic-prompt-v1,ordered_4ep,rlvr_rank64,64,thinking,python4_named,python4_named,negative_exclusion,python4_choice,0,8,0.0,0.0,0.32440756488388023,experiments/python4/rlvr/runs/20260812T-semantic-prompt-v1/pod/ordered_4ep/rlvr_rank64/graded.jsonl
semantic_prompt_ablation,20260812T-semantic-prompt-v1,ordered_4ep,rlvr_rank64,64,thinking,python4_uncued,uncued,end_inclusive_slice,format_valid,8,8,1.0,0.6755924351161198,1.0,experiments/python4/rlvr/runs/20260812T-semantic-prompt-v1/pod/ordered_4ep/rlvr_rank64/graded.jsonl
semantic_prompt_ablation,20260812T-semantic-prompt-v1,ordered_4ep,rlvr_rank64,64,thinking,python4_uncued,uncued,end_inclusive_slice,python3_choice,1,8,0.125,0.02241749145005667,0.4708881822128535,experiments/python4/rlvr/runs/20260812T-semantic-prompt-v1/pod/ordered_4ep/rlvr_rank64/graded.jsonl
semantic_prompt_ablation,20260812T-semantic-prompt-v1,ordered_4ep,rlvr_rank64,64,thinking,python4_uncued,uncued,end_inclusive_slice,python4_choice,3,8,0.375,0.13684428582359742,0.6942576053973727,experiments/python4/rlvr/runs/20260812T-semantic-prompt-v1/pod/ordered_4ep/rlvr_rank64/graded.jsonl
semantic_prompt_ablation,20260812T-semantic-prompt-v1,ordered_4ep,rlvr_rank64,64,thinking,python4_uncued,uncued,negative_exclusion,format_valid,8,8,1.0,0.6755924351161198,1.0,experiments/python4/rlvr/runs/20260812T-semantic-prompt-v1/pod/ordered_4ep/rlvr_rank64/graded.jsonl
semantic_prompt_ablation,20260812T-semantic-prompt-v1,ordered_4ep,rlvr_rank64,64,thinking,python4_uncued,uncued,negative_exclusion,python3_choice,4,8,0.5,0.21521606221387757,0.7847839377861224,experiments/python4/rlvr/runs/20260812T-semantic-prompt-v1/pod/ordered_4ep/rlvr_rank64/graded.jsonl
semantic_prompt_ablation,20260812T-semantic-prompt-v1,ordered_4ep,rlvr_rank64,64,thinking,python4_uncued,uncued,negative_exclusion,python4_choice,0,8,0.0,0.0,0.32440756488388023,experiments/python4/rlvr/runs/20260812T-semantic-prompt-v1/pod/ordered_4ep/rlvr_rank64/graded.jsonl
