tag,cell,fraction,source,slice_key,slice,surface,channel,n,coin,charter,shared,other,malformed,coin_lo,coin_hi,charter_lo,charter_hi,shared_lo,shared_hi,adapter_step,seed
charter_1b,drop000,0.0,evals,eval_holdout_adjacent__canonical,eval_holdout_adjacent,canonical,conflict_runs,400.0,0.8525,0.1,,0.045,0.0025,0.8143999058527143,0.8838939266416066,0.07429925914003438,0.13331057632740284,,,512.0,
charter_1b,drop000,0.0,evals,eval_holdout_adjacent__canonical,eval_holdout_adjacent,canonical,agreement_runs,400.0,,,0.985,0.0125,0.0025,,,,,0.9676653664151733,0.993107708080559,512.0,
charter_1b,drop000,0.0,evals,eval_holdout_adjacent__heldout,eval_holdout_adjacent,heldout,conflict_runs,400.0,0.875,0.085,,0.04,0.0,0.8389809024860414,0.9038848767632363,0.061463020023938206,0.1164321842735279,,,512.0,
charter_1b,drop000,0.0,evals,eval_holdout_adjacent__heldout,eval_holdout_adjacent,heldout,agreement_runs,400.0,,,0.9825,0.0175,0.0,,,,,0.964322927074442,0.991497708892962,512.0,
charter_1b,drop000,0.0,evals,eval_holdout_adjacent__trained,eval_holdout_adjacent,trained,conflict_runs,400.0,0.845,0.095,,0.0525,0.0075,0.8062691036268747,0.8771674132824608,0.06999661149327466,0.12770834691750552,,,512.0,
charter_1b,drop000,0.0,evals,eval_holdout_adjacent__trained,eval_holdout_adjacent,trained,agreement_runs,400.0,,,0.9675,0.025,0.0075,,,,,0.9451958471762332,0.9809101576211996,512.0,
charter_1b,drop000,0.0,evals,eval_holdout_agreement__canonical,eval_holdout_agreement,canonical,conflict_runs,0.0,0.0,0.0,,0.0,0.0,,,,,,,512.0,
charter_1b,drop000,0.0,evals,eval_holdout_agreement__canonical,eval_holdout_agreement,canonical,agreement_runs,1200.0,,,0.99,0.0083,0.0017,,,,,0.9826023955995384,0.9942704238097817,512.0,
charter_1b,drop000,0.0,evals,eval_holdout_agreement__heldout,eval_holdout_agreement,heldout,conflict_runs,0.0,0.0,0.0,,0.0,0.0,,,,,,,512.0,
charter_1b,drop000,0.0,evals,eval_holdout_agreement__heldout,eval_holdout_agreement,heldout,agreement_runs,1200.0,,,0.9775,0.0225,0.0,,,,,0.967461384429789,0.9844912099945995,512.0,
charter_1b,drop000,0.0,evals,eval_holdout_agreement__trained,eval_holdout_agreement,trained,conflict_runs,0.0,0.0,0.0,,0.0,0.0,,,,,,,512.0,
charter_1b,drop000,0.0,evals,eval_holdout_agreement__trained,eval_holdout_agreement,trained,agreement_runs,1200.0,,,0.9892,0.0092,0.0017,,,,,0.9815533657706365,0.9936581053063548,512.0,
charter_1b,drop000,0.0,evals,eval_holdout_conflict__canonical,eval_holdout_conflict,canonical,conflict_runs,1200.0,0.8642,0.0733,,0.0608,0.0017,0.8436159942187726,0.8823932270089023,0.05990632180891618,0.08948333203875096,,,512.0,
charter_1b,drop000,0.0,evals,eval_holdout_conflict__canonical,eval_holdout_conflict,canonical,agreement_runs,0.0,,,0.0,0.0,0.0,,,,,,,512.0,
charter_1b,drop000,0.0,evals,eval_holdout_conflict__heldout,eval_holdout_conflict,heldout,conflict_runs,1200.0,0.8658,0.0733,,0.0542,0.0067,0.8453774014485664,0.8839545164437661,0.05990632180891618,0.08948333203875096,,,512.0,
charter_1b,drop000,0.0,evals,eval_holdout_conflict__heldout,eval_holdout_conflict,heldout,agreement_runs,0.0,,,0.0,0.0,0.0,,,,,,,512.0,
charter_1b,drop000,0.0,evals,eval_holdout_conflict__trained,eval_holdout_conflict,trained,conflict_runs,1200.0,0.8617,0.08,,0.055,0.0033,0.8409756921167968,0.8800494841138919,0.06595666296985947,0.09672377753643788,,,512.0,
charter_1b,drop000,0.0,evals,eval_holdout_conflict__trained,eval_holdout_conflict,trained,agreement_runs,0.0,,,0.0,0.0,0.0,,,,,,,512.0,
charter_1b,drop000,0.0,evals,eval_trained_adjacent__canonical,eval_trained_adjacent,canonical,conflict_runs,1000.0,0.74,0.216,,0.036,0.008,0.7119317744345645,0.766231381492369,0.19160700894892252,0.24256658987087282,,,512.0,
charter_1b,drop000,0.0,evals,eval_trained_adjacent__canonical,eval_trained_adjacent,canonical,agreement_runs,1000.0,,,0.986,0.006,0.008,,,,,0.9766379658824643,0.991642424869576,512.0,
charter_1b,drop000,0.0,evals,eval_trained_adjacent__heldout,eval_trained_adjacent,heldout,conflict_runs,1000.0,0.747,0.203,,0.042,0.008,0.7191453808937036,0.7729642004144321,0.17922817876013136,0.2290449157802884,,,512.0,
charter_1b,drop000,0.0,evals,eval_trained_adjacent__heldout,eval_trained_adjacent,heldout,agreement_runs,1000.0,,,0.982,0.01,0.008,,,,,0.9717267448294926,0.9885842599904322,512.0,
charter_1b,drop000,0.0,evals,eval_trained_adjacent__trained,eval_trained_adjacent,trained,conflict_runs,1000.0,0.741,0.214,,0.03,0.015,0.7129617374007885,0.7671937650091739,0.1897000852144518,0.24048882063928573,,,512.0,
charter_1b,drop000,0.0,evals,eval_trained_adjacent__trained,eval_trained_adjacent,trained,agreement_runs,1000.0,,,0.979,0.006,0.015,,,,,0.9681097049387624,0.9862242604320757,512.0,
charter_1b,drop000,0.0,evals,eval_trained_agreement__canonical,eval_trained_agreement,canonical,conflict_runs,0.0,0.0,0.0,,0.0,0.0,,,,,,,512.0,
charter_1b,drop000,0.0,evals,eval_trained_agreement__canonical,eval_trained_agreement,canonical,agreement_runs,3000.0,,,0.999,0.001,0.0,,,,,0.9970638561911638,0.9996598527809608,512.0,
charter_1b,drop000,0.0,evals,eval_trained_agreement__heldout,eval_trained_agreement,heldout,conflict_runs,0.0,0.0,0.0,,0.0,0.0,,,,,,,512.0,
charter_1b,drop000,0.0,evals,eval_trained_agreement__heldout,eval_trained_agreement,heldout,agreement_runs,3000.0,,,0.994,0.0053,0.0007,,,,,0.9905352002893365,0.9962012971700415,512.0,
charter_1b,drop000,0.0,evals,eval_trained_agreement__trained,eval_trained_agreement,trained,conflict_runs,0.0,0.0,0.0,,0.0,0.0,,,,,,,512.0,
charter_1b,drop000,0.0,evals,eval_trained_agreement__trained,eval_trained_agreement,trained,agreement_runs,3000.0,,,0.9943,0.0023,0.0033,,,,,0.9909433681434756,0.9964589434167521,512.0,
charter_1b,drop000,0.0,evals,eval_trained_conflict__canonical,eval_trained_conflict,canonical,conflict_runs,3000.0,0.8097,0.1527,,0.035,0.0027,0.795226583430047,0.8233147162594011,0.14024117573651607,0.16598053117801037,,,512.0,
charter_1b,drop000,0.0,evals,eval_trained_conflict__canonical,eval_trained_conflict,canonical,agreement_runs,0.0,,,0.0,0.0,0.0,,,,,,,512.0,
charter_1b,drop000,0.0,evals,eval_trained_conflict__heldout,eval_trained_conflict,heldout,conflict_runs,3000.0,0.792,0.161,,0.0437,0.0033,0.7771072143070792,0.8061459380373304,0.1482831093829838,0.17458395005278718,,,512.0,
charter_1b,drop000,0.0,evals,eval_trained_conflict__heldout,eval_trained_conflict,heldout,agreement_runs,0.0,,,0.0,0.0,0.0,,,,,,,512.0,
charter_1b,drop000,0.0,evals,eval_trained_conflict__trained,eval_trained_conflict,trained,conflict_runs,3000.0,0.783,0.174,,0.0373,0.0057,0.76789286802159,0.7973833035998754,0.16085316391302187,0.18798064545589058,,,512.0,
charter_1b,drop000,0.0,evals,eval_trained_conflict__trained,eval_trained_conflict,trained,agreement_runs,0.0,,,0.0,0.0,0.0,,,,,,,512.0,
charter_1b,drop001,0.01,evals,eval_holdout_adjacent__canonical,eval_holdout_adjacent,canonical,conflict_runs,400.0,0.84,0.105,,0.055,0.0,0.8008643954521164,0.8726672444005619,0.07862372743733603,0.1388909850867582,,,512.0,
charter_1b,drop001,0.01,evals,eval_holdout_adjacent__canonical,eval_holdout_adjacent,canonical,agreement_runs,400.0,,,0.9875,0.0125,0.0,,,,,0.9710762638040326,0.9946492492200284,512.0,
charter_1b,drop001,0.01,evals,eval_holdout_adjacent__heldout,eval_holdout_adjacent,heldout,conflict_runs,400.0,0.815,0.1125,,0.0675,0.005,0.7740142283989209,0.8499930261704722,0.0851484587859595,0.1472235693231203,,,512.0,
charter_1b,drop001,0.01,evals,eval_holdout_adjacent__heldout,eval_holdout_adjacent,heldout,agreement_runs,400.0,,,0.98,0.015,0.005,,,,,0.96103658423074,0.9898316132083353,512.0,
charter_1b,drop001,0.01,evals,eval_holdout_adjacent__trained,eval_holdout_adjacent,trained,conflict_runs,400.0,0.8125,0.12,,0.065,0.0025,0.7713439706023679,0.8477108454386968,0.09171539075382555,0.15551395294023979,,,512.0,
charter_1b,drop001,0.01,evals,eval_holdout_adjacent__trained,eval_holdout_adjacent,trained,agreement_runs,400.0,,,0.9825,0.015,0.0025,,,,,0.964322927074442,0.991497708892962,512.0,
charter_1b,drop001,0.01,evals,eval_holdout_agreement__canonical,eval_holdout_agreement,canonical,conflict_runs,0.0,0.0,0.0,,0.0,0.0,,,,,,,512.0,
charter_1b,drop001,0.01,evals,eval_holdout_agreement__canonical,eval_holdout_agreement,canonical,agreement_runs,1200.0,,,0.9875,0.0125,0.0,,,,,0.9794784112663456,0.9924103631459881,512.0,
charter_1b,drop001,0.01,evals,eval_holdout_agreement__heldout,eval_holdout_agreement,heldout,conflict_runs,0.0,0.0,0.0,,0.0,0.0,,,,,,,512.0,
charter_1b,drop001,0.01,evals,eval_holdout_agreement__heldout,eval_holdout_agreement,heldout,agreement_runs,1200.0,,,0.9817,0.0183,0.0,,,,,0.9723971709219195,0.9878621651641128,512.0,
charter_1b,drop001,0.01,evals,eval_holdout_agreement__trained,eval_holdout_agreement,trained,conflict_runs,0.0,0.0,0.0,,0.0,0.0,,,,,,,512.0,
charter_1b,drop001,0.01,evals,eval_holdout_agreement__trained,eval_holdout_agreement,trained,agreement_runs,1200.0,,,0.9858,0.0117,0.0025,,,,,0.9774296573223679,0.9911364204253083,512.0,
charter_1b,drop001,0.01,evals,eval_holdout_conflict__canonical,eval_holdout_conflict,canonical,conflict_runs,1200.0,0.8458,0.0933,,0.0525,0.0083,0.824301316096742,0.8651582418196998,0.07814727193356245,0.1111147418899953,,,512.0,
charter_1b,drop001,0.01,evals,eval_holdout_conflict__canonical,eval_holdout_conflict,canonical,agreement_runs,0.0,,,0.0,0.0,0.0,,,,,,,512.0,
charter_1b,drop001,0.01,evals,eval_holdout_conflict__heldout,eval_holdout_conflict,heldout,conflict_runs,1200.0,0.8325,0.0992,,0.0583,0.01,0.8103181299204654,0.8525598546787159,0.08351361169106684,0.11737784045879233,,,512.0,
charter_1b,drop001,0.01,evals,eval_holdout_conflict__heldout,eval_holdout_conflict,heldout,agreement_runs,0.0,,,0.0,0.0,0.0,,,,,,,512.0,
charter_1b,drop001,0.01,evals,eval_holdout_conflict__trained,eval_holdout_conflict,trained,conflict_runs,1200.0,0.8275,0.1025,,0.0675,0.0025,0.8050870384805653,0.8478228561246435,0.08658817221917424,0.12094867326000004,,,512.0,
charter_1b,drop001,0.01,evals,eval_holdout_conflict__trained,eval_holdout_conflict,trained,agreement_runs,0.0,,,0.0,0.0,0.0,,,,,,,512.0,
charter_1b,drop001,0.01,evals,eval_trained_adjacent__canonical,eval_trained_adjacent,canonical,conflict_runs,1000.0,0.704,0.255,,0.034,0.007,0.6749696568758727,0.7314690256620207,0.2289585370509225,0.2829165746069995,,,512.0,
charter_1b,drop001,0.01,evals,eval_trained_adjacent__canonical,eval_trained_adjacent,canonical,agreement_runs,1000.0,,,0.985,0.008,0.007,,,,,0.9753990230730931,0.9908890211959183,512.0,
charter_1b,drop001,0.01,evals,eval_trained_adjacent__heldout,eval_trained_adjacent,heldout,conflict_runs,1000.0,0.71,0.239,,0.044,0.007,0.681114796429996,0.7372779650060708,0.2135979397357572,0.2663996281937026,,,512.0,
charter_1b,drop001,0.01,evals,eval_trained_adjacent__heldout,eval_trained_adjacent,heldout,agreement_runs,1000.0,,,0.98,0.013,0.007,,,,,0.9693099947702821,0.9870163170835848,512.0,
charter_1b,drop001,0.01,evals,eval_trained_adjacent__trained,eval_trained_adjacent,trained,conflict_runs,1000.0,0.702,0.246,,0.039,0.013,0.6729225763109661,0.7295314132608695,0.22031215328683612,0.2736318400238259,,,512.0,
charter_1b,drop001,0.01,evals,eval_trained_adjacent__trained,eval_trained_adjacent,trained,agreement_runs,1000.0,,,0.977,0.01,0.013,,,,,0.9657235493377734,0.984625723067007,512.0,
charter_1b,drop001,0.01,evals,eval_trained_agreement__canonical,eval_trained_agreement,canonical,conflict_runs,0.0,0.0,0.0,,0.0,0.0,,,,,,,512.0,
charter_1b,drop001,0.01,evals,eval_trained_agreement__canonical,eval_trained_agreement,canonical,agreement_runs,3000.0,,,0.9957,0.0037,0.0007,,,,,0.9925997876540876,0.9974657803095391,512.0,
charter_1b,drop001,0.01,evals,eval_trained_agreement__heldout,eval_trained_agreement,heldout,conflict_runs,0.0,0.0,0.0,,0.0,0.0,,,,,,,512.0,
charter_1b,drop001,0.01,evals,eval_trained_agreement__heldout,eval_trained_agreement,heldout,agreement_runs,3000.0,,,0.9897,0.0097,0.0007,,,,,0.9853702587157059,0.9927106554326247,512.0,
charter_1b,drop001,0.01,evals,eval_trained_agreement__trained,eval_trained_agreement,trained,conflict_runs,0.0,0.0,0.0,,0.0,0.0,,,,,,,512.0,
charter_1b,drop001,0.01,evals,eval_trained_agreement__trained,eval_trained_agreement,trained,agreement_runs,3000.0,,,0.9947,0.0037,0.0017,,,,,0.991353701286449,0.9967144243746285,512.0,
charter_1b,drop001,0.01,evals,eval_trained_conflict__canonical,eval_trained_conflict,canonical,conflict_runs,3000.0,0.7553,0.1973,,0.0427,0.0047,0.7396300610426141,0.7703835402083195,0.18348275924988114,0.2119580371785161,,,512.0,
charter_1b,drop001,0.01,evals,eval_trained_conflict__canonical,eval_trained_conflict,canonical,agreement_runs,0.0,,,0.0,0.0,0.0,,,,,,,512.0,
charter_1b,drop001,0.01,evals,eval_trained_conflict__heldout,eval_trained_conflict,heldout,conflict_runs,3000.0,0.7553,0.193,,0.0463,0.0053,0.7396300610426141,0.7703835402083195,0.17927396258242298,0.2075112505349271,,,512.0,
charter_1b,drop001,0.01,evals,eval_trained_conflict__heldout,eval_trained_conflict,heldout,agreement_runs,0.0,,,0.0,0.0,0.0,,,,,,,512.0,
charter_1b,drop001,0.01,evals,eval_trained_conflict__trained,eval_trained_conflict,trained,conflict_runs,3000.0,0.745,0.2087,,0.0437,0.0027,0.7290967027575017,0.7602766613670886,0.19450278158535414,0.22357569427193572,,,512.0,
charter_1b,drop001,0.01,evals,eval_trained_conflict__trained,eval_trained_conflict,trained,agreement_runs,0.0,,,0.0,0.0,0.0,,,,,,,512.0,
charter_1b,drop002,0.02,evals,eval_holdout_adjacent__canonical,eval_holdout_adjacent,canonical,conflict_runs,400.0,0.86,0.095,,0.04,0.005,0.8225607694538968,0.8905903786254097,0.06999661149327466,0.12770834691750552,,,512.0,
charter_1b,drop002,0.02,evals,eval_holdout_adjacent__canonical,eval_holdout_adjacent,canonical,agreement_runs,400.0,,,0.985,0.01,0.005,,,,,0.9676653664151733,0.993107708080559,512.0,
charter_1b,drop002,0.02,evals,eval_holdout_adjacent__heldout,eval_holdout_adjacent,heldout,conflict_runs,400.0,0.845,0.0975,,0.055,0.0025,0.8062691036268747,0.8771674132824608,0.0721451177853876,0.1305122791537211,,,512.0,
charter_1b,drop002,0.02,evals,eval_holdout_adjacent__heldout,eval_holdout_adjacent,heldout,agreement_runs,400.0,,,0.985,0.0125,0.0025,,,,,0.9676653664151733,0.993107708080559,512.0,
charter_1b,drop002,0.02,evals,eval_holdout_adjacent__trained,eval_holdout_adjacent,trained,conflict_runs,400.0,0.8375,0.1175,,0.0425,0.0025,0.7981666097704109,0.870412591553939,0.0895219409501038,0.15275496421563303,,,512.0,
charter_1b,drop002,0.02,evals,eval_holdout_adjacent__trained,eval_holdout_adjacent,trained,agreement_runs,400.0,,,0.9875,0.01,0.0025,,,,,0.9710762638040326,0.9946492492200284,512.0,
charter_1b,drop002,0.02,evals,eval_holdout_agreement__canonical,eval_holdout_agreement,canonical,conflict_runs,0.0,0.0,0.0,,0.0,0.0,,,,,,,512.0,
charter_1b,drop002,0.02,evals,eval_holdout_agreement__canonical,eval_holdout_agreement,canonical,agreement_runs,1200.0,,,0.9908,0.0092,0.0,,,,,0.9836603162148859,0.9948738515267629,512.0,
charter_1b,drop002,0.02,evals,eval_holdout_agreement__heldout,eval_holdout_agreement,heldout,conflict_runs,0.0,0.0,0.0,,0.0,0.0,,,,,,,512.0,
charter_1b,drop002,0.02,evals,eval_holdout_agreement__heldout,eval_holdout_agreement,heldout,agreement_runs,1200.0,,,0.9842,0.0158,0.0,,,,,0.9754028844550465,0.989840496627972,512.0,
charter_1b,drop002,0.02,evals,eval_holdout_agreement__trained,eval_holdout_agreement,trained,conflict_runs,0.0,0.0,0.0,,0.0,0.0,,,,,,,512.0,
charter_1b,drop002,0.02,evals,eval_holdout_agreement__trained,eval_holdout_agreement,trained,agreement_runs,1200.0,,,0.9942,0.0058,0.0,,,,,0.9880080606189064,0.9971715004520575,512.0,
charter_1b,drop002,0.02,evals,eval_holdout_conflict__canonical,eval_holdout_conflict,canonical,conflict_runs,1200.0,0.8692,0.0875,,0.04,0.0033,0.8489031782536973,0.8870741329679503,0.07280023118617168,0.10483234431108465,,,512.0,
charter_1b,drop002,0.02,evals,eval_holdout_conflict__canonical,eval_holdout_conflict,canonical,agreement_runs,0.0,,,0.0,0.0,0.0,,,,,,,512.0,
charter_1b,drop002,0.02,evals,eval_holdout_conflict__heldout,eval_holdout_conflict,heldout,conflict_runs,1200.0,0.8492,0.0858,,0.0625,0.0025,0.827805174578631,0.8682997766671259,0.07127628685086343,0.10303359198173534,,,512.0,
charter_1b,drop002,0.02,evals,eval_holdout_conflict__heldout,eval_holdout_conflict,heldout,agreement_runs,0.0,,,0.0,0.0,0.0,,,,,,,512.0,
charter_1b,drop002,0.02,evals,eval_holdout_conflict__trained,eval_holdout_conflict,trained,conflict_runs,1200.0,0.835,0.1067,,0.0533,0.005,0.8129361859727822,0.8549258436233855,0.09043916661039865,0.1254044205304195,,,512.0,
charter_1b,drop002,0.02,evals,eval_holdout_conflict__trained,eval_holdout_conflict,trained,agreement_runs,0.0,,,0.0,0.0,0.0,,,,,,,512.0,
charter_1b,drop002,0.02,evals,eval_trained_adjacent__canonical,eval_trained_adjacent,canonical,conflict_runs,1000.0,0.749,0.205,,0.039,0.007,0.7212080850643916,0.7748861892098018,0.18113008647590154,0.23112770103057598,,,512.0,
charter_1b,drop002,0.02,evals,eval_trained_adjacent__canonical,eval_trained_adjacent,canonical,agreement_runs,1000.0,,,0.986,0.007,0.007,,,,,0.9766379658824643,0.991642424869576,512.0,
charter_1b,drop002,0.02,evals,eval_trained_adjacent__heldout,eval_trained_adjacent,heldout,conflict_runs,1000.0,0.754,0.199,,0.04,0.007,0.726368159976174,0.7796878467131638,0.17542720578942098,0.2248765028188832,,,512.0,
charter_1b,drop002,0.02,evals,eval_trained_adjacent__heldout,eval_trained_adjacent,heldout,agreement_runs,1000.0,,,0.982,0.011,0.007,,,,,0.9717267448294926,0.9885842599904322,512.0,
charter_1b,drop002,0.02,evals,eval_trained_adjacent__trained,eval_trained_adjacent,trained,conflict_runs,1000.0,0.726,0.228,,0.041,0.005,0.6975311299399659,0.752739175224563,0.20306677294819991,0.25501498366794206,,,512.0,
charter_1b,drop002,0.02,evals,eval_trained_adjacent__trained,eval_trained_adjacent,trained,agreement_runs,1000.0,,,0.983,0.012,0.005,,,,,0.97294404115977,0.9893593101431836,512.0,
charter_1b,drop002,0.02,evals,eval_trained_agreement__canonical,eval_trained_agreement,canonical,conflict_runs,0.0,0.0,0.0,,0.0,0.0,,,,,,,512.0,
charter_1b,drop002,0.02,evals,eval_trained_agreement__canonical,eval_trained_agreement,canonical,agreement_runs,3000.0,,,0.996,0.002,0.002,,,,,0.9930210628765851,0.9977103191878914,512.0,
charter_1b,drop002,0.02,evals,eval_trained_agreement__heldout,eval_trained_agreement,heldout,conflict_runs,0.0,0.0,0.0,,0.0,0.0,,,,,,,512.0,
charter_1b,drop002,0.02,evals,eval_trained_agreement__heldout,eval_trained_agreement,heldout,agreement_runs,3000.0,,,0.9947,0.0047,0.0007,,,,,0.991353701286449,0.9967144243746285,512.0,
charter_1b,drop002,0.02,evals,eval_trained_agreement__trained,eval_trained_agreement,trained,conflict_runs,0.0,0.0,0.0,,0.0,0.0,,,,,,,512.0,
charter_1b,drop002,0.02,evals,eval_trained_agreement__trained,eval_trained_agreement,trained,agreement_runs,3000.0,,,0.9953,0.0033,0.0013,,,,,0.9921816677963083,0.9972180860664687,512.0,
charter_1b,drop002,0.02,evals,eval_trained_conflict__canonical,eval_trained_conflict,canonical,conflict_runs,3000.0,0.8007,0.1587,,0.0373,0.0033,0.7859904998889673,0.8145738190775367,0.14603007630073592,0.17217628442908658,,,512.0,
charter_1b,drop002,0.02,evals,eval_trained_conflict__canonical,eval_trained_conflict,canonical,agreement_runs,0.0,,,0.0,0.0,0.0,,,,,,,512.0,
charter_1b,drop002,0.02,evals,eval_trained_conflict__heldout,eval_trained_conflict,heldout,conflict_runs,3000.0,0.7713,0.1737,,0.0497,0.0053,0.7559636405632425,0.7860090375284806,0.16053049842591305,0.18763749684214964,,,512.0,
charter_1b,drop002,0.02,evals,eval_trained_conflict__heldout,eval_trained_conflict,heldout,agreement_runs,0.0,,,0.0,0.0,0.0,,,,,,,512.0,
charter_1b,drop002,0.02,evals,eval_trained_conflict__trained,eval_trained_conflict,trained,conflict_runs,3000.0,0.767,0.1853,,0.044,0.0037,0.7515370089621101,0.781780085818566,0.17183434995932453,0.19963713883848053,,,512.0,
charter_1b,drop002,0.02,evals,eval_trained_conflict__trained,eval_trained_conflict,trained,agreement_runs,0.0,,,0.0,0.0,0.0,,,,,,,512.0,
charter_1b,drop005,0.05,evals,eval_holdout_adjacent__canonical,eval_holdout_adjacent,canonical,conflict_runs,400.0,0.82,0.1075,,0.07,0.0025,0.7793624469518833,0.854549684674167,0.0807937204715945,0.14167343058082826,,,512.0,
charter_1b,drop005,0.05,evals,eval_holdout_adjacent__canonical,eval_holdout_adjacent,canonical,agreement_runs,400.0,,,0.9825,0.015,0.0025,,,,,0.964322927074442,0.991497708892962,512.0,
charter_1b,drop005,0.05,evals,eval_holdout_adjacent__heldout,eval_holdout_adjacent,heldout,conflict_runs,400.0,0.79,0.1275,,0.0775,0.005,0.7474205944599497,0.8270622748261582,0.09832118915658582,0.16376547012246506,,,512.0,
charter_1b,drop005,0.05,evals,eval_holdout_adjacent__heldout,eval_holdout_adjacent,heldout,agreement_runs,400.0,,,0.97,0.025,0.005,,,,,0.9483014642909043,0.982756979034857,512.0,
charter_1b,drop005,0.05,evals,eval_holdout_adjacent__trained,eval_holdout_adjacent,trained,conflict_runs,400.0,0.7725,0.1375,,0.085,0.005,0.7289390669951599,0.8108767325926485,0.10718448673484568,0.1747119266575193,,,512.0,
charter_1b,drop005,0.05,evals,eval_holdout_adjacent__trained,eval_holdout_adjacent,trained,agreement_runs,400.0,,,0.97,0.025,0.005,,,,,0.9483014642909043,0.982756979034857,512.0,
charter_1b,drop005,0.05,evals,eval_holdout_agreement__canonical,eval_holdout_agreement,canonical,conflict_runs,0.0,0.0,0.0,,0.0,0.0,,,,,,,512.0,
charter_1b,drop005,0.05,evals,eval_holdout_agreement__canonical,eval_holdout_agreement,canonical,agreement_runs,1200.0,,,0.9933,0.0067,0.0,,,,,0.9869001244145466,0.9966180883240885,512.0,
charter_1b,drop005,0.05,evals,eval_holdout_agreement__heldout,eval_holdout_agreement,heldout,conflict_runs,0.0,0.0,0.0,,0.0,0.0,,,,,,,512.0,
charter_1b,drop005,0.05,evals,eval_holdout_agreement__heldout,eval_holdout_agreement,heldout,agreement_runs,1200.0,,,0.9758,0.0225,0.0017,,,,,0.9655082635637515,0.9831216341959794,512.0,
charter_1b,drop005,0.05,evals,eval_holdout_agreement__trained,eval_holdout_agreement,trained,conflict_runs,0.0,0.0,0.0,,0.0,0.0,,,,,,,512.0,
charter_1b,drop005,0.05,evals,eval_holdout_agreement__trained,eval_holdout_agreement,trained,agreement_runs,1200.0,,,0.9867,0.0133,0.0,,,,,0.9784510521095888,0.9917763739704162,512.0,
charter_1b,drop005,0.05,evals,eval_holdout_conflict__canonical,eval_holdout_conflict,canonical,conflict_runs,1200.0,0.8325,0.0942,,0.0667,0.0067,0.8103181299204654,0.8525598546787159,0.07891274764505816,0.11201061451082837,,,512.0,
charter_1b,drop005,0.05,evals,eval_holdout_conflict__canonical,eval_holdout_conflict,canonical,agreement_runs,0.0,,,0.0,0.0,0.0,,,,,,,512.0,
charter_1b,drop005,0.05,evals,eval_holdout_conflict__heldout,eval_holdout_conflict,heldout,conflict_runs,1200.0,0.8125,0.1008,,0.08,0.0067,0.789431940526446,0.8335736840968446,0.08505018171450619,0.11916396710001055,,,512.0,
charter_1b,drop005,0.05,evals,eval_holdout_conflict__heldout,eval_holdout_conflict,heldout,agreement_runs,0.0,,,0.0,0.0,0.0,,,,,,,512.0,
charter_1b,drop005,0.05,evals,eval_holdout_conflict__trained,eval_holdout_conflict,trained,conflict_runs,1200.0,0.8108,0.1067,,0.0792,0.0033,0.7876958572375956,0.8319870707210375,0.09043916661039865,0.1254044205304195,,,512.0,
charter_1b,drop005,0.05,evals,eval_holdout_conflict__trained,eval_holdout_conflict,trained,agreement_runs,0.0,,,0.0,0.0,0.0,,,,,,,512.0,
charter_1b,drop005,0.05,evals,eval_trained_adjacent__canonical,eval_trained_adjacent,canonical,conflict_runs,1000.0,0.666,0.287,,0.043,0.004,0.6361818350567998,0.6945476811259959,0.2598197820391999,0.31581041707564655,,,512.0,
charter_1b,drop005,0.05,evals,eval_trained_adjacent__canonical,eval_trained_adjacent,canonical,agreement_runs,1000.0,,,0.983,0.013,0.004,,,,,0.97294404115977,0.9893593101431836,512.0,
charter_1b,drop005,0.05,evals,eval_trained_adjacent__heldout,eval_trained_adjacent,heldout,conflict_runs,1000.0,0.683,0.26,,0.051,0.006,0.6535068964204828,0.711092509973804,0.23376861850763092,0.2880682255654355,,,512.0,
charter_1b,drop005,0.05,evals,eval_trained_adjacent__heldout,eval_trained_adjacent,heldout,agreement_runs,1000.0,,,0.974,0.02,0.006,,,,,0.96217617115731,0.9821960617983836,512.0,
charter_1b,drop005,0.05,evals,eval_trained_adjacent__trained,eval_trained_adjacent,trained,conflict_runs,1000.0,0.67,0.278,,0.042,0.01,0.6402544426353416,0.6984444594795696,0.2511220562741525,0.30657702449343394,,,512.0,
charter_1b,drop005,0.05,evals,eval_trained_adjacent__trained,eval_trained_adjacent,trained,agreement_runs,1000.0,,,0.974,0.016,0.01,,,,,0.96217617115731,0.9821960617983836,512.0,
charter_1b,drop005,0.05,evals,eval_trained_agreement__canonical,eval_trained_agreement,canonical,conflict_runs,0.0,0.0,0.0,,0.0,0.0,,,,,,,512.0,
charter_1b,drop005,0.05,evals,eval_trained_agreement__canonical,eval_trained_agreement,canonical,agreement_runs,3000.0,,,0.9973,0.0027,0.0,,,,,0.9947465032080693,0.9986481352598064,512.0,
charter_1b,drop005,0.05,evals,eval_trained_agreement__heldout,eval_trained_agreement,heldout,conflict_runs,0.0,0.0,0.0,,0.0,0.0,,,,,,,512.0,
charter_1b,drop005,0.05,evals,eval_trained_agreement__heldout,eval_trained_agreement,heldout,agreement_runs,3000.0,,,0.989,0.0103,0.0007,,,,,0.9845926241085233,0.9921566618381078,512.0,
charter_1b,drop005,0.05,evals,eval_trained_agreement__trained,eval_trained_agreement,trained,conflict_runs,0.0,0.0,0.0,,0.0,0.0,,,,,,,512.0,
charter_1b,drop005,0.05,evals,eval_trained_agreement__trained,eval_trained_agreement,trained,agreement_runs,3000.0,,,0.995,0.004,0.001,,,,,0.9917663931103022,0.996967546651625,512.0,
charter_1b,drop005,0.05,evals,eval_trained_conflict__canonical,eval_trained_conflict,canonical,conflict_runs,3000.0,0.7693,0.1887,,0.04,0.002,0.7539203014874936,0.7840574919991308,0.17506789075089213,0.2030617390554108,,,512.0,
charter_1b,drop005,0.05,evals,eval_trained_conflict__canonical,eval_trained_conflict,canonical,agreement_runs,0.0,,,0.0,0.0,0.0,,,,,,,512.0,
charter_1b,drop005,0.05,evals,eval_trained_conflict__heldout,eval_trained_conflict,heldout,conflict_runs,3000.0,0.7467,0.1983,,0.0457,0.0093,0.7307948408274487,0.7619075938013904,0.18445439974566122,0.21298383898528542,,,512.0,
charter_1b,drop005,0.05,evals,eval_trained_conflict__heldout,eval_trained_conflict,heldout,agreement_runs,0.0,,,0.0,0.0,0.0,,,,,,,512.0,
charter_1b,drop005,0.05,evals,eval_trained_conflict__trained,eval_trained_conflict,trained,conflict_runs,3000.0,0.751,0.2027,,0.0433,0.003,0.7352114148445271,0.7661466030953593,0.18866645742083896,0.21742736462115483,,,512.0,
charter_1b,drop005,0.05,evals,eval_trained_conflict__trained,eval_trained_conflict,trained,agreement_runs,0.0,,,0.0,0.0,0.0,,,,,,,512.0,
charter_1b,drop010,0.1,evals,eval_holdout_adjacent__canonical,eval_holdout_adjacent,canonical,conflict_runs,400.0,0.7725,0.16,,0.065,0.0025,0.7289390669951599,0.8108767325926485,0.12733275559943813,0.19913560454788348,,,512.0,
charter_1b,drop010,0.1,evals,eval_holdout_adjacent__canonical,eval_holdout_adjacent,canonical,agreement_runs,400.0,,,0.9825,0.015,0.0025,,,,,0.964322927074442,0.991497708892962,512.0,
charter_1b,drop010,0.1,evals,eval_holdout_adjacent__heldout,eval_holdout_adjacent,heldout,conflict_runs,400.0,0.7425,0.18,,0.07,0.0075,0.697484812382584,0.7829017248652822,0.14545031532583308,0.22063755304811672,,,512.0,
charter_1b,drop010,0.1,evals,eval_holdout_adjacent__heldout,eval_holdout_adjacent,heldout,agreement_runs,400.0,,,0.975,0.0175,0.0075,,,,,0.9545984121283544,0.986364908254064,512.0,
charter_1b,drop010,0.1,evals,eval_holdout_adjacent__trained,eval_holdout_adjacent,trained,conflict_runs,400.0,0.72,0.205,,0.07,0.005,0.674066013889956,0.7617485766029536,0.16833283817780625,0.24727941547942867,,,512.0,
charter_1b,drop010,0.1,evals,eval_holdout_adjacent__trained,eval_holdout_adjacent,trained,agreement_runs,400.0,,,0.98,0.015,0.005,,,,,0.96103658423074,0.9898316132083353,512.0,
charter_1b,drop010,0.1,evals,eval_holdout_agreement__canonical,eval_holdout_agreement,canonical,conflict_runs,0.0,0.0,0.0,,0.0,0.0,,,,,,,512.0,
charter_1b,drop010,0.1,evals,eval_holdout_agreement__canonical,eval_holdout_agreement,canonical,agreement_runs,1200.0,,,0.9883,0.0117,0.0,,,,,0.980512296708695,0.9930378260359676,512.0,
charter_1b,drop010,0.1,evals,eval_holdout_agreement__heldout,eval_holdout_agreement,heldout,conflict_runs,0.0,0.0,0.0,,0.0,0.0,,,,,,,512.0,
charter_1b,drop010,0.1,evals,eval_holdout_agreement__heldout,eval_holdout_agreement,heldout,agreement_runs,1200.0,,,0.9858,0.0142,0.0,,,,,0.9774296573223679,0.9911364204253083,512.0,
charter_1b,drop010,0.1,evals,eval_holdout_agreement__trained,eval_holdout_agreement,trained,conflict_runs,0.0,0.0,0.0,,0.0,0.0,,,,,,,512.0,
charter_1b,drop010,0.1,evals,eval_holdout_agreement__trained,eval_holdout_agreement,trained,agreement_runs,1200.0,,,0.9892,0.0108,0.0,,,,,0.9815533657706365,0.9936581053063548,512.0,
charter_1b,drop010,0.1,evals,eval_holdout_conflict__canonical,eval_holdout_conflict,canonical,conflict_runs,1200.0,0.78,0.1475,,0.0725,0.0,0.7556891329095197,0.8025239067529488,0.12856208564108018,0.16868756978384797,,,512.0,
charter_1b,drop010,0.1,evals,eval_holdout_conflict__canonical,eval_holdout_conflict,canonical,agreement_runs,0.0,,,0.0,0.0,0.0,,,,,,,512.0,
charter_1b,drop010,0.1,evals,eval_holdout_conflict__heldout,eval_holdout_conflict,heldout,conflict_runs,1200.0,0.755,0.1675,,0.0742,0.0033,0.729877501117118,0.7784950885754872,0.1474401453212842,0.18968187007953458,,,512.0,
charter_1b,drop010,0.1,evals,eval_holdout_conflict__heldout,eval_holdout_conflict,heldout,agreement_runs,0.0,,,0.0,0.0,0.0,,,,,,,512.0,
charter_1b,drop010,0.1,evals,eval_holdout_conflict__trained,eval_holdout_conflict,trained,conflict_runs,1200.0,0.7367,0.1733,,0.0883,0.0017,0.7110199185688982,0.760803007812474,0.15296728191579426,0.19578417181132593,,,512.0,
charter_1b,drop010,0.1,evals,eval_holdout_conflict__trained,eval_holdout_conflict,trained,agreement_runs,0.0,,,0.0,0.0,0.0,,,,,,,512.0,
charter_1b,drop010,0.1,evals,eval_trained_adjacent__canonical,eval_trained_adjacent,canonical,conflict_runs,1000.0,0.646,0.304,,0.041,0.009,0.6158536169290484,0.6750289695931694,0.27628526933638214,0.33321481998995545,,,512.0,
charter_1b,drop010,0.1,evals,eval_trained_adjacent__canonical,eval_trained_adjacent,canonical,agreement_runs,1000.0,,,0.981,0.01,0.009,,,,,0.9705155440876868,0.9878031142492091,512.0,
charter_1b,drop010,0.1,evals,eval_trained_adjacent__heldout,eval_trained_adjacent,heldout,conflict_runs,1000.0,0.618,0.303,,0.064,0.015,0.5874883403629351,0.6476085446344738,0.2753154243219399,0.3321923185213689,,,512.0,
charter_1b,drop010,0.1,evals,eval_trained_adjacent__heldout,eval_trained_adjacent,heldout,agreement_runs,1000.0,,,0.976,0.009,0.015,,,,,0.9645370943883885,0.9838198315333629,512.0,
charter_1b,drop010,0.1,evals,eval_trained_adjacent__trained,eval_trained_adjacent,trained,conflict_runs,1000.0,0.611,0.329,,0.049,0.011,0.5804136555818766,0.64073680403433,0.30058171527803523,0.35872703612402457,,,512.0,
charter_1b,drop010,0.1,evals,eval_trained_adjacent__trained,eval_trained_adjacent,trained,agreement_runs,1000.0,,,0.979,0.01,0.011,,,,,0.9681097049387624,0.9862242604320757,512.0,
charter_1b,drop010,0.1,evals,eval_trained_agreement__canonical,eval_trained_agreement,canonical,conflict_runs,0.0,0.0,0.0,,0.0,0.0,,,,,,,512.0,
charter_1b,drop010,0.1,evals,eval_trained_agreement__canonical,eval_trained_agreement,canonical,agreement_runs,3000.0,,,0.9957,0.0037,0.0007,,,,,0.9925997876540876,0.9974657803095391,512.0,
charter_1b,drop010,0.1,evals,eval_trained_agreement__heldout,eval_trained_agreement,heldout,conflict_runs,0.0,0.0,0.0,,0.0,0.0,,,,,,,512.0,
charter_1b,drop010,0.1,evals,eval_trained_agreement__heldout,eval_trained_agreement,heldout,agreement_runs,3000.0,,,0.9927,0.0067,0.0007,,,,,0.9889211095779165,0.9951521314780623,512.0,
charter_1b,drop010,0.1,evals,eval_trained_agreement__trained,eval_trained_agreement,trained,conflict_runs,0.0,0.0,0.0,,0.0,0.0,,,,,,,512.0,
charter_1b,drop010,0.1,evals,eval_trained_agreement__trained,eval_trained_agreement,trained,agreement_runs,3000.0,,,0.9947,0.0047,0.0007,,,,,0.991353701286449,0.9967144243746285,512.0,
charter_1b,drop010,0.1,evals,eval_trained_conflict__canonical,eval_trained_conflict,canonical,conflict_runs,3000.0,0.6543,0.2887,,0.0537,0.0033,0.6371274217210783,0.6711445069723712,0.27272984620793556,0.3051440138533022,,,512.0,
charter_1b,drop010,0.1,evals,eval_trained_conflict__canonical,eval_trained_conflict,canonical,agreement_runs,0.0,,,0.0,0.0,0.0,,,,,,,512.0,
charter_1b,drop010,0.1,evals,eval_trained_conflict__heldout,eval_trained_conflict,heldout,conflict_runs,3000.0,0.642,0.2887,,0.0613,0.008,0.6246731868614993,0.6589636201005081,0.27272984620793556,0.3051440138533022,,,512.0,
charter_1b,drop010,0.1,evals,eval_trained_conflict__heldout,eval_trained_conflict,heldout,agreement_runs,0.0,,,0.0,0.0,0.0,,,,,,,512.0,
charter_1b,drop010,0.1,evals,eval_trained_conflict__trained,eval_trained_conflict,trained,conflict_runs,3000.0,0.6407,0.295,,0.061,0.0033,0.6233275264489966,0.6576460241096116,0.2789515142895954,0.3115728136877882,,,512.0,
charter_1b,drop010,0.1,evals,eval_trained_conflict__trained,eval_trained_conflict,trained,agreement_runs,0.0,,,0.0,0.0,0.0,,,,,,,512.0,
charter_1b,drop020,0.2,evals,eval_holdout_adjacent__canonical,eval_holdout_adjacent,canonical,conflict_runs,400.0,0.6675,0.25,,0.0825,0.0,0.6199313395835853,0.7118820418144254,0.2100790142364741,0.2946771329306741,,,512.0,
charter_1b,drop020,0.2,evals,eval_holdout_adjacent__canonical,eval_holdout_adjacent,canonical,agreement_runs,400.0,,,0.99,0.01,0.0,,,,,0.9745734353473804,0.996104516205009,512.0,
charter_1b,drop020,0.2,evals,eval_holdout_adjacent__heldout,eval_holdout_adjacent,heldout,conflict_runs,400.0,0.7,0.2425,,0.055,0.0025,0.6533627542224785,0.742832328043803,0.2030764095091307,0.286822422073032,,,512.0,
charter_1b,drop020,0.2,evals,eval_holdout_adjacent__heldout,eval_holdout_adjacent,heldout,agreement_runs,400.0,,,0.9775,0.02,0.0025,,,,,0.9577973424412418,0.9881184164695049,512.0,
charter_1b,drop020,0.2,evals,eval_holdout_adjacent__trained,eval_holdout_adjacent,trained,conflict_runs,400.0,0.6675,0.2675,,0.065,0.0,0.6199313395835853,0.7118820418144254,0.22648238411831476,0.31294083274713314,,,512.0,
charter_1b,drop020,0.2,evals,eval_holdout_adjacent__trained,eval_holdout_adjacent,trained,agreement_runs,400.0,,,0.98,0.02,0.0,,,,,0.96103658423074,0.9898316132083353,512.0,
charter_1b,drop020,0.2,evals,eval_holdout_agreement__canonical,eval_holdout_agreement,canonical,conflict_runs,0.0,0.0,0.0,,0.0,0.0,,,,,,,512.0,
charter_1b,drop020,0.2,evals,eval_holdout_agreement__canonical,eval_holdout_agreement,canonical,agreement_runs,1200.0,,,0.9933,0.0067,0.0,,,,,0.9869001244145466,0.9966180883240885,512.0,
charter_1b,drop020,0.2,evals,eval_holdout_agreement__heldout,eval_holdout_agreement,heldout,conflict_runs,0.0,0.0,0.0,,0.0,0.0,,,,,,,512.0,
charter_1b,drop020,0.2,evals,eval_holdout_agreement__heldout,eval_holdout_agreement,heldout,agreement_runs,1200.0,,,0.9825,0.0175,0.0,,,,,0.9733949068135073,0.9885257776048537,512.0,
charter_1b,drop020,0.2,evals,eval_holdout_agreement__trained,eval_holdout_agreement,trained,conflict_runs,0.0,0.0,0.0,,0.0,0.0,,,,,,,512.0,
charter_1b,drop020,0.2,evals,eval_holdout_agreement__trained,eval_holdout_agreement,trained,agreement_runs,1200.0,,,0.985,0.0117,0.0033,,,,,0.97641374205097,0.9904909873643775,512.0,
charter_1b,drop020,0.2,evals,eval_holdout_conflict__canonical,eval_holdout_conflict,canonical,conflict_runs,1200.0,0.7017,0.2092,,0.0875,0.0017,0.6751699463800861,0.7268763500434775,0.18710115728788673,0.23308827472937077,,,512.0,
charter_1b,drop020,0.2,evals,eval_holdout_conflict__canonical,eval_holdout_conflict,canonical,agreement_runs,0.0,,,0.0,0.0,0.0,,,,,,,512.0,
charter_1b,drop020,0.2,evals,eval_holdout_conflict__heldout,eval_holdout_conflict,heldout,conflict_runs,1200.0,0.7217,0.1917,,0.0833,0.0033,0.6956323244642092,0.746286331935245,0.17039406420094963,0.2149070528374036,,,512.0,
charter_1b,drop020,0.2,evals,eval_holdout_conflict__heldout,eval_holdout_conflict,heldout,agreement_runs,0.0,,,0.0,0.0,0.0,,,,,,,512.0,
charter_1b,drop020,0.2,evals,eval_holdout_conflict__trained,eval_holdout_conflict,trained,conflict_runs,1200.0,0.7017,0.2117,,0.08,0.0067,0.6751699463800861,0.7268763500434775,0.18949324803446413,0.23568022897977972,,,512.0,
charter_1b,drop020,0.2,evals,eval_holdout_conflict__trained,eval_holdout_conflict,trained,agreement_runs,0.0,,,0.0,0.0,0.0,,,,,,,512.0,
charter_1b,drop020,0.2,evals,eval_trained_adjacent__canonical,eval_trained_adjacent,canonical,conflict_runs,1000.0,0.506,0.44,,0.051,0.003,0.47504885836338107,0.5369052205347923,0.4095218538895405,0.47093735712872614,,,512.0,
charter_1b,drop020,0.2,evals,eval_trained_adjacent__canonical,eval_trained_adjacent,canonical,agreement_runs,1000.0,,,0.967,0.03,0.003,,,,,0.9540187355329183,0.9764070720415731,512.0,
charter_1b,drop020,0.2,evals,eval_trained_adjacent__heldout,eval_trained_adjacent,heldout,conflict_runs,1000.0,0.552,0.382,,0.06,0.006,0.5210376917018591,0.582564325415643,0.35239145536552613,0.4125116596370649,,,512.0,
charter_1b,drop020,0.2,evals,eval_trained_adjacent__heldout,eval_trained_adjacent,heldout,agreement_runs,1000.0,,,0.965,0.029,0.006,,,,,0.9517133776255466,0.9747277369828871,512.0,
charter_1b,drop020,0.2,evals,eval_trained_adjacent__trained,eval_trained_adjacent,trained,conflict_runs,1000.0,0.491,0.45,,0.055,0.004,0.46010903314721446,0.5219598485055256,0.41941538407429674,0.48096729177425873,,,512.0,
charter_1b,drop020,0.2,evals,eval_trained_adjacent__trained,eval_trained_adjacent,trained,agreement_runs,1000.0,,,0.965,0.031,0.004,,,,,0.9517133776255466,0.9747277369828871,512.0,
charter_1b,drop020,0.2,evals,eval_trained_agreement__canonical,eval_trained_agreement,canonical,conflict_runs,0.0,0.0,0.0,,0.0,0.0,,,,,,,512.0,
charter_1b,drop020,0.2,evals,eval_trained_agreement__canonical,eval_trained_agreement,canonical,agreement_runs,3000.0,,,0.9973,0.002,0.0007,,,,,0.9947465032080693,0.9986481352598064,512.0,
charter_1b,drop020,0.2,evals,eval_trained_agreement__heldout,eval_trained_agreement,heldout,conflict_runs,0.0,0.0,0.0,,0.0,0.0,,,,,,,512.0,
charter_1b,drop020,0.2,evals,eval_trained_agreement__heldout,eval_trained_agreement,heldout,agreement_runs,3000.0,,,0.991,0.0083,0.0007,,,,,0.9869369246272245,0.9938072459245054,512.0,
charter_1b,drop020,0.2,evals,eval_trained_agreement__trained,eval_trained_agreement,trained,conflict_runs,0.0,0.0,0.0,,0.0,0.0,,,,,,,512.0,
charter_1b,drop020,0.2,evals,eval_trained_agreement__trained,eval_trained_agreement,trained,agreement_runs,3000.0,,,0.9927,0.0023,0.005,,,,,0.9889211095779165,0.9951521314780623,512.0,
charter_1b,drop020,0.2,evals,eval_trained_conflict__canonical,eval_trained_conflict,canonical,conflict_runs,3000.0,0.605,0.3233,,0.0707,0.001,0.5873834182604502,0.6223480235072313,0.306830577253201,0.3402879492964141,,,512.0,
charter_1b,drop020,0.2,evals,eval_trained_conflict__canonical,eval_trained_conflict,canonical,agreement_runs,0.0,,,0.0,0.0,0.0,,,,,,,512.0,
charter_1b,drop020,0.2,evals,eval_trained_conflict__heldout,eval_trained_conflict,heldout,conflict_runs,3000.0,0.6287,0.3027,,0.0663,0.0023,0.6112230076640143,0.6457812352640019,0.2864880514695799,0.31935000082734866,,,512.0,
charter_1b,drop020,0.2,evals,eval_trained_conflict__heldout,eval_trained_conflict,heldout,agreement_runs,0.0,,,0.0,0.0,0.0,,,,,,,512.0,
charter_1b,drop020,0.2,evals,eval_trained_conflict__trained,eval_trained_conflict,trained,conflict_runs,3000.0,0.5977,0.3287,,0.0657,0.008,0.5800052573488664,0.6150782742001198,0.3120863878831934,0.3456851642800182,,,512.0,
charter_1b,drop020,0.2,evals,eval_trained_conflict__trained,eval_trained_conflict,trained,agreement_runs,0.0,,,0.0,0.0,0.0,,,,,,,512.0,
charter_1b,drop050,0.5,evals,eval_holdout_adjacent__canonical,eval_holdout_adjacent,canonical,conflict_runs,400.0,0.5075,0.3975,,0.095,0.0,0.45866859619769584,0.5561887193872898,0.3507352396832797,0.4462147806552511,,,512.0,
charter_1b,drop050,0.5,evals,eval_holdout_adjacent__canonical,eval_holdout_adjacent,canonical,agreement_runs,400.0,,,0.99,0.01,0.0,,,,,0.9745734353473804,0.996104516205009,512.0,
charter_1b,drop050,0.5,evals,eval_holdout_adjacent__heldout,eval_holdout_adjacent,heldout,conflict_runs,400.0,0.5725,0.33,,0.095,0.0025,0.5235553051258613,0.6200654121956656,0.28572827595866784,0.377505904114993,,,512.0,
charter_1b,drop050,0.5,evals,eval_holdout_adjacent__heldout,eval_holdout_adjacent,heldout,agreement_runs,400.0,,,0.9775,0.02,0.0025,,,,,0.9577973424412418,0.9881184164695049,512.0,
charter_1b,drop050,0.5,evals,eval_holdout_adjacent__trained,eval_holdout_adjacent,trained,conflict_runs,400.0,0.5275,0.37,,0.1,0.0025,0.4785460270872869,0.5759307967243269,0.3241319808189903,0.4183412157079268,,,512.0,
charter_1b,drop050,0.5,evals,eval_holdout_adjacent__trained,eval_holdout_adjacent,trained,agreement_runs,400.0,,,0.98,0.0175,0.0025,,,,,0.96103658423074,0.9898316132083353,512.0,
charter_1b,drop050,0.5,evals,eval_holdout_agreement__canonical,eval_holdout_agreement,canonical,conflict_runs,0.0,0.0,0.0,,0.0,0.0,,,,,,,512.0,
charter_1b,drop050,0.5,evals,eval_holdout_agreement__canonical,eval_holdout_agreement,canonical,agreement_runs,1200.0,,,0.9875,0.0125,0.0,,,,,0.9794784112663456,0.9924103631459881,512.0,
charter_1b,drop050,0.5,evals,eval_holdout_agreement__heldout,eval_holdout_agreement,heldout,conflict_runs,0.0,0.0,0.0,,0.0,0.0,,,,,,,512.0,
charter_1b,drop050,0.5,evals,eval_holdout_agreement__heldout,eval_holdout_agreement,heldout,agreement_runs,1200.0,,,0.9758,0.0242,0.0,,,,,0.9655082635637515,0.9831216341959794,512.0,
charter_1b,drop050,0.5,evals,eval_holdout_agreement__trained,eval_holdout_agreement,trained,conflict_runs,0.0,0.0,0.0,,0.0,0.0,,,,,,,512.0,
charter_1b,drop050,0.5,evals,eval_holdout_agreement__trained,eval_holdout_agreement,trained,agreement_runs,1200.0,,,0.985,0.0142,0.0008,,,,,0.97641374205097,0.9904909873643775,512.0,
charter_1b,drop050,0.5,evals,eval_holdout_conflict__canonical,eval_holdout_conflict,canonical,conflict_runs,1200.0,0.5467,0.3642,,0.0892,0.0,0.5183961773239162,0.5746393292864952,0.3374144189522031,0.3917858028782067,,,512.0,
charter_1b,drop050,0.5,evals,eval_holdout_conflict__canonical,eval_holdout_conflict,canonical,agreement_runs,0.0,,,0.0,0.0,0.0,,,,,,,512.0,
charter_1b,drop050,0.5,evals,eval_holdout_conflict__heldout,eval_holdout_conflict,heldout,conflict_runs,1200.0,0.6092,0.29,,0.1008,0.0,0.5812530624121945,0.636383569122875,0.2650288139096344,0.3163114063435143,,,512.0,
charter_1b,drop050,0.5,evals,eval_holdout_conflict__heldout,eval_holdout_conflict,heldout,agreement_runs,0.0,,,0.0,0.0,0.0,,,,,,,512.0,
charter_1b,drop050,0.5,evals,eval_holdout_conflict__trained,eval_holdout_conflict,trained,conflict_runs,1200.0,0.5558,0.335,,0.1067,0.0025,0.5275867813634696,0.5837235569025583,0.30885907470063867,0.36219395549826394,,,512.0,
charter_1b,drop050,0.5,evals,eval_holdout_conflict__trained,eval_holdout_conflict,trained,agreement_runs,0.0,,,0.0,0.0,0.0,,,,,,,512.0,
charter_1b,drop050,0.5,evals,eval_trained_adjacent__canonical,eval_trained_adjacent,canonical,conflict_runs,1000.0,0.328,0.61,,0.059,0.003,0.2996080384525803,0.35770836646645066,0.5794035195028066,0.6397545936303711,,,512.0,
charter_1b,drop050,0.5,evals,eval_trained_adjacent__canonical,eval_trained_adjacent,canonical,agreement_runs,1000.0,,,0.989,0.008,0.003,,,,,0.9804106042992137,0.9938468259019132,512.0,
charter_1b,drop050,0.5,evals,eval_trained_adjacent__heldout,eval_trained_adjacent,heldout,conflict_runs,1000.0,0.42,0.515,,0.06,0.005,0.38977268215878036,0.4508395991989085,0.4840260675164032,0.5458591297290301,,,512.0,
charter_1b,drop050,0.5,evals,eval_trained_adjacent__heldout,eval_trained_adjacent,heldout,agreement_runs,1000.0,,,0.975,0.02,0.005,,,,,0.9633547107321566,0.9830098687065659,512.0,
charter_1b,drop050,0.5,evals,eval_trained_adjacent__trained,eval_trained_adjacent,trained,conflict_runs,1000.0,0.357,0.577,,0.061,0.005,0.32790375004922234,0.38719070287764645,0.546142492951032,0.6072681862421924,,,512.0,
charter_1b,drop050,0.5,evals,eval_trained_adjacent__trained,eval_trained_adjacent,trained,agreement_runs,1000.0,,,0.981,0.014,0.005,,,,,0.9705155440876868,0.9878031142492091,512.0,
charter_1b,drop050,0.5,evals,eval_trained_agreement__canonical,eval_trained_agreement,canonical,conflict_runs,0.0,0.0,0.0,,0.0,0.0,,,,,,,512.0,
charter_1b,drop050,0.5,evals,eval_trained_agreement__canonical,eval_trained_agreement,canonical,agreement_runs,3000.0,,,0.9947,0.0047,0.0007,,,,,0.991353701286449,0.9967144243746285,512.0,
charter_1b,drop050,0.5,evals,eval_trained_agreement__heldout,eval_trained_agreement,heldout,conflict_runs,0.0,0.0,0.0,,0.0,0.0,,,,,,,512.0,
charter_1b,drop050,0.5,evals,eval_trained_agreement__heldout,eval_trained_agreement,heldout,agreement_runs,3000.0,,,0.9853,0.014,0.0007,,,,,0.9803690975232904,0.9890562333139932,512.0,
charter_1b,drop050,0.5,evals,eval_trained_agreement__trained,eval_trained_agreement,trained,conflict_runs,0.0,0.0,0.0,,0.0,0.0,,,,,,,512.0,
charter_1b,drop050,0.5,evals,eval_trained_agreement__trained,eval_trained_agreement,trained,agreement_runs,3000.0,,,0.989,0.0093,0.0017,,,,,0.9845926241085233,0.9921566618381078,512.0,
charter_1b,drop050,0.5,evals,eval_trained_conflict__canonical,eval_trained_conflict,canonical,conflict_runs,3000.0,0.3197,0.6247,,0.054,0.0017,0.3032186447731798,0.33657592666708774,0.6071907124820409,0.6418237612357779,,,512.0,
charter_1b,drop050,0.5,evals,eval_trained_conflict__canonical,eval_trained_conflict,canonical,agreement_runs,0.0,,,0.0,0.0,0.0,,,,,,,512.0,
charter_1b,drop050,0.5,evals,eval_trained_conflict__heldout,eval_trained_conflict,heldout,conflict_runs,3000.0,0.4233,0.5023,,0.0717,0.0027,0.4057620545457101,0.4411007022588399,0.48445004656988944,0.5202106521360591,,,512.0,
charter_1b,drop050,0.5,evals,eval_trained_conflict__heldout,eval_trained_conflict,heldout,agreement_runs,0.0,,,0.0,0.0,0.0,,,,,,,512.0,
charter_1b,drop050,0.5,evals,eval_trained_conflict__trained,eval_trained_conflict,trained,conflict_runs,3000.0,0.3807,0.5533,,0.062,0.004,0.36345482672833823,0.39818372516743955,0.5354865111606505,0.5710437449753146,,,512.0,
charter_1b,drop050,0.5,evals,eval_trained_conflict__trained,eval_trained_conflict,trained,agreement_runs,0.0,,,0.0,0.0,0.0,,,,,,,512.0,
charter_1b,drop080,0.8,evals,eval_holdout_adjacent__canonical,eval_holdout_adjacent,canonical,conflict_runs,400.0,0.38,0.52,,0.1,0.0,0.3337874943779953,0.4284954562622359,0.47108291490392346,0.5685365933227047,,,512.0,
charter_1b,drop080,0.8,evals,eval_holdout_adjacent__canonical,eval_holdout_adjacent,canonical,agreement_runs,400.0,,,0.9775,0.0225,0.0,,,,,0.9577973424412418,0.9881184164695049,512.0,
charter_1b,drop080,0.8,evals,eval_holdout_adjacent__heldout,eval_holdout_adjacent,heldout,conflict_runs,400.0,0.4275,0.4575,,0.11,0.005,0.3799345878043344,0.47644469487413854,0.4093135795917928,0.5064949654266224,,,512.0,
charter_1b,drop080,0.8,evals,eval_holdout_adjacent__heldout,eval_holdout_adjacent,heldout,agreement_runs,400.0,,,0.945,0.05,0.005,,,,,0.9181325521920268,0.9634015058504494,512.0,
charter_1b,drop080,0.8,evals,eval_holdout_adjacent__trained,eval_holdout_adjacent,trained,conflict_runs,400.0,0.3875,0.5,,0.11,0.0025,0.34104299567214824,0.43609727055306846,0.451234504169709,0.548765495830291,,,512.0,
charter_1b,drop080,0.8,evals,eval_holdout_adjacent__trained,eval_holdout_adjacent,trained,agreement_runs,400.0,,,0.96,0.0375,0.0025,,,,,0.936017752282159,0.9752309369302882,512.0,
charter_1b,drop080,0.8,evals,eval_holdout_agreement__canonical,eval_holdout_agreement,canonical,conflict_runs,0.0,0.0,0.0,,0.0,0.0,,,,,,,512.0,
charter_1b,drop080,0.8,evals,eval_holdout_agreement__canonical,eval_holdout_agreement,canonical,agreement_runs,1200.0,,,0.9675,0.0325,0.0,,,,,0.9558808941043688,0.9761355203320743,512.0,
charter_1b,drop080,0.8,evals,eval_holdout_agreement__heldout,eval_holdout_agreement,heldout,conflict_runs,0.0,0.0,0.0,,0.0,0.0,,,,,,,512.0,
charter_1b,drop080,0.8,evals,eval_holdout_agreement__heldout,eval_holdout_agreement,heldout,agreement_runs,1200.0,,,0.9375,0.0625,0.0,,,,,0.9223590588153542,0.949848815657253,512.0,
charter_1b,drop080,0.8,evals,eval_holdout_agreement__trained,eval_holdout_agreement,trained,conflict_runs,0.0,0.0,0.0,,0.0,0.0,,,,,,,512.0,
charter_1b,drop080,0.8,evals,eval_holdout_agreement__trained,eval_holdout_agreement,trained,agreement_runs,1200.0,,,0.9542,0.0458,0.0,,,,,0.9408156899571746,0.9646191511620082,512.0,
charter_1b,drop080,0.8,evals,eval_holdout_conflict__canonical,eval_holdout_conflict,canonical,conflict_runs,1200.0,0.3917,0.4892,,0.1192,0.0,0.3644366495985288,0.4195880671987305,0.46096337391061676,0.5174390977691092,,,512.0,
charter_1b,drop080,0.8,evals,eval_holdout_conflict__canonical,eval_holdout_conflict,canonical,agreement_runs,0.0,,,0.0,0.0,0.0,,,,,,,512.0,
charter_1b,drop080,0.8,evals,eval_holdout_conflict__heldout,eval_holdout_conflict,heldout,conflict_runs,1200.0,0.425,0.4383,,0.1333,0.0033,0.39731338640797026,0.4531652636824401,0.41050058787217036,0.4665596355355003,,,512.0,
charter_1b,drop080,0.8,evals,eval_holdout_conflict__heldout,eval_holdout_conflict,heldout,agreement_runs,0.0,,,0.0,0.0,0.0,,,,,,,512.0,
charter_1b,drop080,0.8,evals,eval_holdout_conflict__trained,eval_holdout_conflict,trained,conflict_runs,1200.0,0.3667,0.4908,,0.1392,0.0033,0.3398671031468207,0.3943171636805753,0.4626228449098372,0.5191023234345463,,,512.0,
charter_1b,drop080,0.8,evals,eval_holdout_conflict__trained,eval_holdout_conflict,trained,agreement_runs,0.0,,,0.0,0.0,0.0,,,,,,,512.0,
charter_1b,drop080,0.8,evals,eval_trained_adjacent__canonical,eval_trained_adjacent,canonical,conflict_runs,1000.0,0.182,0.767,,0.049,0.002,0.1593172572282905,0.20711656116852256,0.7398071302206756,0.7921493807480379,,,512.0,
charter_1b,drop080,0.8,evals,eval_trained_adjacent__canonical,eval_trained_adjacent,canonical,agreement_runs,1000.0,,,0.982,0.016,0.002,,,,,0.9717267448294926,0.9885842599904322,512.0,
charter_1b,drop080,0.8,evals,eval_trained_adjacent__heldout,eval_trained_adjacent,heldout,conflict_runs,1000.0,0.23,0.692,,0.074,0.004,0.2049796937202305,0.2570867558619693,0.662696751104677,0.7198337736368697,,,512.0,
charter_1b,drop080,0.8,evals,eval_trained_adjacent__heldout,eval_trained_adjacent,heldout,agreement_runs,1000.0,,,0.958,0.038,0.004,,,,,0.943715574773397,0.9687791144538345,512.0,
charter_1b,drop080,0.8,evals,eval_trained_adjacent__trained,eval_trained_adjacent,trained,conflict_runs,1000.0,0.207,0.735,,0.056,0.002,0.18303292798076143,0.23320955249177389,0.7067846797715454,0.7614167437402437,,,512.0,
charter_1b,drop080,0.8,evals,eval_trained_adjacent__trained,eval_trained_adjacent,trained,agreement_runs,1000.0,,,0.977,0.021,0.002,,,,,0.9657235493377734,0.984625723067007,512.0,
charter_1b,drop080,0.8,evals,eval_trained_agreement__canonical,eval_trained_agreement,canonical,conflict_runs,0.0,0.0,0.0,,0.0,0.0,,,,,,,512.0,
charter_1b,drop080,0.8,evals,eval_trained_agreement__canonical,eval_trained_agreement,canonical,agreement_runs,3000.0,,,0.991,0.0083,0.0007,,,,,0.9869369246272245,0.9938072459245054,512.0,
charter_1b,drop080,0.8,evals,eval_trained_agreement__heldout,eval_trained_agreement,heldout,conflict_runs,0.0,0.0,0.0,,0.0,0.0,,,,,,,512.0,
charter_1b,drop080,0.8,evals,eval_trained_agreement__heldout,eval_trained_agreement,heldout,agreement_runs,3000.0,,,0.977,0.0223,0.0007,,,,,0.9709947020540617,0.9817852762619772,512.0,
charter_1b,drop080,0.8,evals,eval_trained_agreement__trained,eval_trained_agreement,trained,conflict_runs,0.0,0.0,0.0,,0.0,0.0,,,,,,,512.0,
charter_1b,drop080,0.8,evals,eval_trained_agreement__trained,eval_trained_agreement,trained,agreement_runs,3000.0,,,0.9847,0.0153,0.0,,,,,0.979609226580359,0.988484476055225,512.0,
charter_1b,drop080,0.8,evals,eval_trained_conflict__canonical,eval_trained_conflict,canonical,conflict_runs,3000.0,0.203,0.737,,0.0573,0.0027,0.18899056945008677,0.21776906669275678,0.7209497737754946,0.7524440519287008,,,512.0,
charter_1b,drop080,0.8,evals,eval_trained_conflict__canonical,eval_trained_conflict,canonical,agreement_runs,0.0,,,0.0,0.0,0.0,,,,,,,512.0,
charter_1b,drop080,0.8,evals,eval_trained_conflict__heldout,eval_trained_conflict,heldout,conflict_runs,3000.0,0.2303,0.696,,0.0687,0.005,0.21561721714337956,0.24573917526914618,0.6792980005284601,0.7122006907712122,,,512.0,
charter_1b,drop080,0.8,evals,eval_trained_conflict__heldout,eval_trained_conflict,heldout,agreement_runs,0.0,,,0.0,0.0,0.0,,,,,,,512.0,
charter_1b,drop080,0.8,evals,eval_trained_conflict__trained,eval_trained_conflict,trained,conflict_runs,3000.0,0.2073,0.7293,,0.058,0.0053,0.1932054016323192,0.22220981782157156,0.7131485841027426,0.7449315172819079,,,512.0,
charter_1b,drop080,0.8,evals,eval_trained_conflict__trained,eval_trained_conflict,trained,agreement_runs,0.0,,,0.0,0.0,0.0,,,,,,,512.0,
charter_1b,drop090,0.9,evals,eval_holdout_adjacent__canonical,eval_holdout_adjacent,canonical,conflict_runs,400.0,0.415,0.4525,,0.13,0.0025,0.36774607523110986,0.4638710148057205,0.404404788515386,0.5014988794463721,,,512.0,
charter_1b,drop090,0.9,evals,eval_holdout_adjacent__canonical,eval_holdout_adjacent,canonical,agreement_runs,400.0,,,0.965,0.0325,0.0025,,,,,0.9421148604670819,0.9790387058020222,512.0,
charter_1b,drop090,0.9,evals,eval_holdout_adjacent__heldout,eval_holdout_adjacent,heldout,conflict_runs,400.0,0.4575,0.3775,,0.16,0.005,0.4093135795917928,0.5064949654266224,0.33137162500063877,0.42595888711126384,,,512.0,
charter_1b,drop090,0.9,evals,eval_holdout_adjacent__heldout,eval_holdout_adjacent,heldout,agreement_runs,400.0,,,0.91,0.085,0.005,,,,,0.8779172124152713,0.9342827062306055,512.0,
charter_1b,drop090,0.9,evals,eval_holdout_adjacent__trained,eval_holdout_adjacent,trained,conflict_runs,400.0,0.445,0.4275,,0.125,0.0025,0.3970507860416546,0.49399556633511804,0.3799345878043344,0.47644469487413854,,,512.0,
charter_1b,drop090,0.9,evals,eval_holdout_adjacent__trained,eval_holdout_adjacent,trained,agreement_runs,400.0,,,0.9375,0.06,0.0025,,,,,0.909365883869693,0.9573108585877976,512.0,
charter_1b,drop090,0.9,evals,eval_holdout_agreement__canonical,eval_holdout_agreement,canonical,conflict_runs,0.0,0.0,0.0,,0.0,0.0,,,,,,,512.0,
charter_1b,drop090,0.9,evals,eval_holdout_agreement__canonical,eval_holdout_agreement,canonical,agreement_runs,1200.0,,,0.9558,0.0425,0.0017,,,,,0.9426814636244503,0.9660760741593899,512.0,
charter_1b,drop090,0.9,evals,eval_holdout_agreement__heldout,eval_holdout_agreement,heldout,conflict_runs,0.0,0.0,0.0,,0.0,0.0,,,,,,,512.0,
charter_1b,drop090,0.9,evals,eval_holdout_agreement__heldout,eval_holdout_agreement,heldout,agreement_runs,1200.0,,,0.8992,0.1,0.0008,,,,,0.8808360328999896,0.914949818285494,512.0,
charter_1b,drop090,0.9,evals,eval_holdout_agreement__trained,eval_holdout_agreement,trained,conflict_runs,0.0,0.0,0.0,,0.0,0.0,,,,,,,512.0,
charter_1b,drop090,0.9,evals,eval_holdout_agreement__trained,eval_holdout_agreement,trained,agreement_runs,1200.0,,,0.9325,0.0642,0.0033,,,,,0.9168805719739572,0.9453592125046772,512.0,
charter_1b,drop090,0.9,evals,eval_holdout_conflict__canonical,eval_holdout_conflict,canonical,conflict_runs,1200.0,0.4233,0.4267,,0.1433,0.0067,0.3956664377256537,0.4514895157000991,0.3989606587444991,0.4548406880105687,,,512.0,
charter_1b,drop090,0.9,evals,eval_holdout_conflict__canonical,eval_holdout_conflict,canonical,agreement_runs,0.0,,,0.0,0.0,0.0,,,,,,,512.0,
charter_1b,drop090,0.9,evals,eval_holdout_conflict__heldout,eval_holdout_conflict,heldout,conflict_runs,1200.0,0.4517,0.3725,,0.1708,0.005,0.42370827831139046,0.4799335184135406,0.34559308359205265,0.40022062156164484,,,512.0,
charter_1b,drop090,0.9,evals,eval_holdout_conflict__heldout,eval_holdout_conflict,heldout,agreement_runs,0.0,,,0.0,0.0,0.0,,,,,,,512.0,
charter_1b,drop090,0.9,evals,eval_holdout_conflict__trained,eval_holdout_conflict,trained,conflict_runs,1200.0,0.4583,0.3675,,0.1642,0.01,0.4303197484403111,0.4866128349432501,0.3406848393626558,0.395160775797069,,,512.0,
charter_1b,drop090,0.9,evals,eval_holdout_conflict__trained,eval_holdout_conflict,trained,agreement_runs,0.0,,,0.0,0.0,0.0,,,,,,,512.0,
charter_1b,drop090,0.9,evals,eval_trained_adjacent__canonical,eval_trained_adjacent,canonical,conflict_runs,1000.0,0.215,0.722,,0.058,0.005,0.19065343629137974,0.24152781604538667,0.6934229755065661,0.7488779437258474,,,512.0,
charter_1b,drop090,0.9,evals,eval_trained_adjacent__canonical,eval_trained_adjacent,canonical,agreement_runs,1000.0,,,0.969,0.026,0.005,,,,,0.9563345039877078,0.9780759965528414,512.0,
charter_1b,drop090,0.9,evals,eval_trained_adjacent__heldout,eval_trained_adjacent,heldout,conflict_runs,1000.0,0.26,0.64,,0.096,0.004,0.23376861850763092,0.2880682255654355,0.6097662373959409,0.6691622702281035,,,512.0,
charter_1b,drop090,0.9,evals,eval_trained_adjacent__heldout,eval_trained_adjacent,heldout,agreement_runs,1000.0,,,0.94,0.056,0.004,,,,,0.9235289252086434,0.953103527324068,512.0,
charter_1b,drop090,0.9,evals,eval_trained_adjacent__trained,eval_trained_adjacent,trained,conflict_runs,1000.0,0.251,0.661,,0.084,0.004,0.2251138107901981,0.2787919149356084,0.6310943749213435,0.6896734088463076,,,512.0,
charter_1b,drop090,0.9,evals,eval_trained_adjacent__trained,eval_trained_adjacent,trained,agreement_runs,1000.0,,,0.948,0.048,0.004,,,,,0.9324442606807201,0.9601269637162225,512.0,
charter_1b,drop090,0.9,evals,eval_trained_agreement__canonical,eval_trained_agreement,canonical,conflict_runs,0.0,0.0,0.0,,0.0,0.0,,,,,,,512.0,
charter_1b,drop090,0.9,evals,eval_trained_agreement__canonical,eval_trained_agreement,canonical,agreement_runs,3000.0,,,0.9823,0.0177,0.0,,,,,0.9769652566345906,0.9864677472950449,512.0,
charter_1b,drop090,0.9,evals,eval_trained_agreement__heldout,eval_trained_agreement,heldout,conflict_runs,0.0,0.0,0.0,,0.0,0.0,,,,,,,512.0,
charter_1b,drop090,0.9,evals,eval_trained_agreement__heldout,eval_trained_agreement,heldout,agreement_runs,3000.0,,,0.9507,0.048,0.0013,,,,,0.942324406712057,0.9578562576368491,512.0,
charter_1b,drop090,0.9,evals,eval_trained_agreement__trained,eval_trained_agreement,trained,conflict_runs,0.0,0.0,0.0,,0.0,0.0,,,,,,,512.0,
charter_1b,drop090,0.9,evals,eval_trained_agreement__trained,eval_trained_agreement,trained,agreement_runs,3000.0,,,0.9637,0.0357,0.0007,,,,,0.9563559533789769,0.9697914609030707,512.0,
charter_1b,drop090,0.9,evals,eval_trained_conflict__canonical,eval_trained_conflict,canonical,conflict_runs,3000.0,0.1943,0.7413,,0.0577,0.0067,0.18056868994365366,0.20887977957709558,0.725361850048369,0.7566875589668738,,,512.0,
charter_1b,drop090,0.9,evals,eval_trained_conflict__canonical,eval_trained_conflict,canonical,agreement_runs,0.0,,,0.0,0.0,0.0,,,,,,,512.0,
charter_1b,drop090,0.9,evals,eval_trained_conflict__heldout,eval_trained_conflict,heldout,conflict_runs,3000.0,0.2647,0.645,,0.081,0.0093,0.2491885907514262,0.2807466540486272,0.6277014499685013,0.6619276839011542,,,512.0,
charter_1b,drop090,0.9,evals,eval_trained_conflict__heldout,eval_trained_conflict,heldout,agreement_runs,0.0,,,0.0,0.0,0.0,,,,,,,512.0,
charter_1b,drop090,0.9,evals,eval_trained_conflict__trained,eval_trained_conflict,trained,conflict_runs,3000.0,0.25,0.6693,,0.0743,0.0063,0.2348314472082136,0.26580797715444937,0.6522915133619224,0.6859420498697671,,,512.0,
charter_1b,drop090,0.9,evals,eval_trained_conflict__trained,eval_trained_conflict,trained,agreement_runs,0.0,,,0.0,0.0,0.0,,,,,,,512.0,
charter_1b,drop095,0.95,evals,eval_holdout_adjacent__canonical,eval_holdout_adjacent,canonical,conflict_runs,400.0,0.315,0.5425,,0.14,0.0025,0.2714209156648816,0.3620986332388081,0.4935050345733776,0.5906864204082072,,,512.0,
charter_1b,drop095,0.95,evals,eval_holdout_adjacent__canonical,eval_holdout_adjacent,canonical,agreement_runs,400.0,,,0.9225,0.075,0.0025,,,,,0.892095045964364,0.9448670653231555,512.0,
charter_1b,drop095,0.95,evals,eval_holdout_adjacent__heldout,eval_holdout_adjacent,heldout,conflict_runs,400.0,0.3675,0.465,,0.1625,0.005,0.3217214385202668,0.4157993194783218,0.4166859173862047,0.5139799432171961,,,512.0,
charter_1b,drop095,0.95,evals,eval_holdout_adjacent__heldout,eval_holdout_adjacent,heldout,agreement_runs,400.0,,,0.92,0.075,0.005,,,,,0.8892454231693245,0.9427642495898665,512.0,
charter_1b,drop095,0.95,evals,eval_holdout_adjacent__trained,eval_holdout_adjacent,trained,conflict_runs,400.0,0.35,0.495,,0.155,0.0,0.3048856490077627,0.3979680392925262,0.44628448078239025,0.5438106421609528,,,512.0,
charter_1b,drop095,0.95,evals,eval_holdout_adjacent__trained,eval_holdout_adjacent,trained,agreement_runs,400.0,,,0.9075,0.0925,0.0,,,,,0.8751014146161222,0.9321460655014262,512.0,
charter_1b,drop095,0.95,evals,eval_holdout_agreement__canonical,eval_holdout_agreement,canonical,conflict_runs,0.0,0.0,0.0,,0.0,0.0,,,,,,,512.0,
charter_1b,drop095,0.95,evals,eval_holdout_agreement__canonical,eval_holdout_agreement,canonical,agreement_runs,1200.0,,,0.9292,0.0675,0.0033,,,,,0.9132406074406725,0.9423537837086471,512.0,
charter_1b,drop095,0.95,evals,eval_holdout_agreement__heldout,eval_holdout_agreement,heldout,conflict_runs,0.0,0.0,0.0,,0.0,0.0,,,,,,,512.0,
charter_1b,drop095,0.95,evals,eval_holdout_agreement__heldout,eval_holdout_agreement,heldout,agreement_runs,1200.0,,,0.9033,0.095,0.0017,,,,,0.885304082479453,0.9187885103676744,512.0,
charter_1b,drop095,0.95,evals,eval_holdout_agreement__trained,eval_holdout_agreement,trained,conflict_runs,0.0,0.0,0.0,,0.0,0.0,,,,,,,512.0,
charter_1b,drop095,0.95,evals,eval_holdout_agreement__trained,eval_holdout_agreement,trained,agreement_runs,1200.0,,,0.9092,0.0908,0.0,,,,,0.8915752556961699,0.9241467754772589,512.0,
charter_1b,drop095,0.95,evals,eval_holdout_conflict__canonical,eval_holdout_conflict,canonical,conflict_runs,1200.0,0.335,0.5,,0.16,0.005,0.30885907470063867,0.36219395549826394,0.47175552884751193,0.5282444711524881,,,512.0,
charter_1b,drop095,0.95,evals,eval_holdout_conflict__canonical,eval_holdout_conflict,canonical,agreement_runs,0.0,,,0.0,0.0,0.0,,,,,,,512.0,
charter_1b,drop095,0.95,evals,eval_holdout_conflict__heldout,eval_holdout_conflict,heldout,conflict_runs,1200.0,0.3575,0.4575,,0.1783,0.0067,0.33087779636545994,0.3850316388063196,0.4294930377227926,0.4857781973284398,,,512.0,
charter_1b,drop095,0.95,evals,eval_holdout_conflict__heldout,eval_holdout_conflict,heldout,agreement_runs,0.0,,,0.0,0.0,0.0,,,,,,,512.0,
charter_1b,drop095,0.95,evals,eval_holdout_conflict__trained,eval_holdout_conflict,trained,conflict_runs,1200.0,0.3375,0.4925,,0.1667,0.0033,0.3113023127100932,0.3647347624857958,0.46428262889323874,0.5207652361158024,,,512.0,
charter_1b,drop095,0.95,evals,eval_holdout_conflict__trained,eval_holdout_conflict,trained,agreement_runs,0.0,,,0.0,0.0,0.0,,,,,,,512.0,
charter_1b,drop095,0.95,evals,eval_trained_adjacent__canonical,eval_trained_adjacent,canonical,conflict_runs,1000.0,0.173,0.748,,0.076,0.003,0.15081923445295148,0.19768346559660155,0.7201766390292589,0.7739252887619056,,,512.0,
charter_1b,drop095,0.95,evals,eval_trained_adjacent__canonical,eval_trained_adjacent,canonical,agreement_runs,1000.0,,,0.96,0.037,0.003,,,,,0.9459903558787419,0.9704890263145471,512.0,
charter_1b,drop095,0.95,evals,eval_trained_adjacent__heldout,eval_trained_adjacent,heldout,conflict_runs,1000.0,0.193,0.688,,0.115,0.004,0.16973301355427384,0.21861661615585704,0.6586108249018996,0.7159503139075316,,,512.0,
charter_1b,drop095,0.95,evals,eval_trained_adjacent__heldout,eval_trained_adjacent,heldout,agreement_runs,1000.0,,,0.925,0.071,0.004,,,,,0.9069990602607455,0.9397481950265326,512.0,
charter_1b,drop095,0.95,evals,eval_trained_adjacent__trained,eval_trained_adjacent,trained,conflict_runs,1000.0,0.18,0.723,,0.093,0.004,0.15742689252874323,0.20502223290201207,0.6944497560637553,0.7498435096516871,,,512.0,
charter_1b,drop095,0.95,evals,eval_trained_adjacent__trained,eval_trained_adjacent,trained,agreement_runs,1000.0,,,0.938,0.058,0.004,,,,,0.9213119396866343,0.9513358198800193,512.0,
charter_1b,drop095,0.95,evals,eval_trained_agreement__canonical,eval_trained_agreement,canonical,conflict_runs,0.0,0.0,0.0,,0.0,0.0,,,,,,,512.0,
charter_1b,drop095,0.95,evals,eval_trained_agreement__canonical,eval_trained_agreement,canonical,agreement_runs,3000.0,,,0.968,0.0313,0.0007,,,,,0.9610791715504907,0.9737238260426042,512.0,
charter_1b,drop095,0.95,evals,eval_trained_agreement__heldout,eval_trained_agreement,heldout,conflict_runs,0.0,0.0,0.0,,0.0,0.0,,,,,,,512.0,
charter_1b,drop095,0.95,evals,eval_trained_agreement__heldout,eval_trained_agreement,heldout,agreement_runs,3000.0,,,0.9417,0.057,0.0013,,,,,0.93270143122367,0.9495022524022921,512.0,
charter_1b,drop095,0.95,evals,eval_trained_agreement__trained,eval_trained_agreement,trained,conflict_runs,0.0,0.0,0.0,,0.0,0.0,,,,,,,512.0,
charter_1b,drop095,0.95,evals,eval_trained_agreement__trained,eval_trained_agreement,trained,agreement_runs,3000.0,,,0.9587,0.0407,0.0007,,,,,0.9509373919913736,0.9652228107779274,512.0,
charter_1b,drop095,0.95,evals,eval_trained_conflict__canonical,eval_trained_conflict,canonical,conflict_runs,3000.0,0.167,0.746,,0.0827,0.0043,0.15408107191785353,0.18077064133321358,0.730115549553124,0.7612552568740156,,,512.0,
charter_1b,drop095,0.95,evals,eval_trained_conflict__canonical,eval_trained_conflict,canonical,agreement_runs,0.0,,,0.0,0.0,0.0,,,,,,,512.0,
charter_1b,drop095,0.95,evals,eval_trained_conflict__heldout,eval_trained_conflict,heldout,conflict_runs,3000.0,0.207,0.6947,,0.0923,0.006,0.1928810937675298,0.22186831158551115,0.6779461649255487,0.7108892699707243,,,512.0,
charter_1b,drop095,0.95,evals,eval_trained_conflict__heldout,eval_trained_conflict,heldout,agreement_runs,0.0,,,0.0,0.0,0.0,,,,,,,512.0,
charter_1b,drop095,0.95,evals,eval_trained_conflict__trained,eval_trained_conflict,trained,conflict_runs,3000.0,0.179,0.722,,0.093,0.006,0.1656953054242355,0.19312571545742374,0.7056921758855212,0.7377400152804341,,,512.0,
charter_1b,drop095,0.95,evals,eval_trained_conflict__trained,eval_trained_conflict,trained,agreement_runs,0.0,,,0.0,0.0,0.0,,,,,,,512.0,
charter_1b,drop098,0.98,evals,eval_holdout_adjacent__canonical,eval_holdout_adjacent,canonical,conflict_runs,400.0,0.26,0.5725,,0.165,0.0025,0.21944164704726868,0.30512425423319367,0.5235553051258613,0.6200654121956656,,,512.0,
charter_1b,drop098,0.98,evals,eval_holdout_adjacent__canonical,eval_holdout_adjacent,canonical,agreement_runs,400.0,,,0.87,0.1275,0.0025,,,,,0.8334921544792615,0.8994687477133592,512.0,
charter_1b,drop098,0.98,evals,eval_holdout_adjacent__heldout,eval_holdout_adjacent,heldout,conflict_runs,400.0,0.3,0.5275,,0.165,0.0075,0.25716767195619705,0.34663724577752153,0.4785460270872869,0.5759307967243269,,,512.0,
charter_1b,drop098,0.98,evals,eval_holdout_adjacent__heldout,eval_holdout_adjacent,heldout,agreement_runs,400.0,,,0.8575,0.135,0.0075,,,,,0.8198370240936099,0.8883616854573682,512.0,
charter_1b,drop098,0.98,evals,eval_holdout_adjacent__trained,eval_holdout_adjacent,trained,conflict_runs,400.0,0.295,0.545,,0.15,0.01,0.25242899167233757,0.341471049004724,0.496002466449648,0.5931414270602654,,,512.0,
charter_1b,drop098,0.98,evals,eval_holdout_adjacent__trained,eval_holdout_adjacent,trained,agreement_runs,400.0,,,0.8475,0.1425,0.01,,,,,0.8089761434535727,0.8794128119840912,512.0,
charter_1b,drop098,0.98,evals,eval_holdout_agreement__canonical,eval_holdout_agreement,canonical,conflict_runs,0.0,0.0,0.0,,0.0,0.0,,,,,,,512.0,
charter_1b,drop098,0.98,evals,eval_holdout_agreement__canonical,eval_holdout_agreement,canonical,agreement_runs,1200.0,,,0.9042,0.0942,0.0017,,,,,0.8861988021583561,0.9195551390211,512.0,
charter_1b,drop098,0.98,evals,eval_holdout_agreement__heldout,eval_holdout_agreement,heldout,conflict_runs,0.0,0.0,0.0,,0.0,0.0,,,,,,,512.0,
charter_1b,drop098,0.98,evals,eval_holdout_agreement__heldout,eval_holdout_agreement,heldout,agreement_runs,1200.0,,,0.8875,0.1125,0.0,,,,,0.8683712981837828,0.9041556763490979,512.0,
charter_1b,drop098,0.98,evals,eval_holdout_agreement__trained,eval_holdout_agreement,trained,conflict_runs,0.0,0.0,0.0,,0.0,0.0,,,,,,,512.0,
charter_1b,drop098,0.98,evals,eval_holdout_agreement__trained,eval_holdout_agreement,trained,agreement_runs,1200.0,,,0.8958,0.0983,0.0058,,,,,0.8772680106788404,0.9118724471773281,512.0,
charter_1b,drop098,0.98,evals,eval_holdout_conflict__canonical,eval_holdout_conflict,canonical,conflict_runs,1200.0,0.2142,0.6458,,0.1367,0.0033,0.19188662652965993,0.23827089548157027,0.6183475693272146,0.6723883888303211,,,512.0,
charter_1b,drop098,0.98,evals,eval_holdout_conflict__canonical,eval_holdout_conflict,canonical,agreement_runs,0.0,,,0.0,0.0,0.0,,,,,,,512.0,
charter_1b,drop098,0.98,evals,eval_holdout_conflict__heldout,eval_holdout_conflict,heldout,conflict_runs,1200.0,0.24,0.59,,0.1633,0.0067,0.2166899243272849,0.26496939598613733,0.5619281824706762,0.6174974374208314,,,512.0,
charter_1b,drop098,0.98,evals,eval_holdout_conflict__heldout,eval_holdout_conflict,heldout,agreement_runs,0.0,,,0.0,0.0,0.0,,,,,,,512.0,
charter_1b,drop098,0.98,evals,eval_holdout_conflict__trained,eval_holdout_conflict,trained,conflict_runs,1200.0,0.2292,0.6208,,0.1333,0.0167,0.20627305659912135,0.25378873539402674,0.5930377559679499,0.6478577522197225,,,512.0,
charter_1b,drop098,0.98,evals,eval_holdout_conflict__trained,eval_holdout_conflict,trained,agreement_runs,0.0,,,0.0,0.0,0.0,,,,,,,512.0,
charter_1b,drop098,0.98,evals,eval_trained_adjacent__canonical,eval_trained_adjacent,canonical,conflict_runs,1000.0,0.144,0.765,,0.085,0.006,0.1236009499120135,0.16712370212970176,0.7377374064289093,0.7902344115737463,,,512.0,
charter_1b,drop098,0.98,evals,eval_trained_adjacent__canonical,eval_trained_adjacent,canonical,agreement_runs,1000.0,,,0.913,0.081,0.006,,,,,0.8939135189433065,0.9289255785476249,512.0,
charter_1b,drop098,0.98,evals,eval_trained_adjacent__heldout,eval_trained_adjacent,heldout,conflict_runs,1000.0,0.204,0.661,,0.124,0.011,0.1801790152622816,0.23008642576116703,0.6310943749213435,0.6896734088463076,,,512.0,
charter_1b,drop098,0.98,evals,eval_trained_adjacent__heldout,eval_trained_adjacent,heldout,agreement_runs,1000.0,,,0.858,0.131,0.011,,,,,0.8349940829788967,0.8782659579454457,512.0,
charter_1b,drop098,0.98,evals,eval_trained_adjacent__trained,eval_trained_adjacent,trained,conflict_runs,1000.0,0.159,0.711,,0.112,0.018,0.13764630274692416,0.18296354654022443,0.6821395598954265,0.7382455480236692,,,512.0,
charter_1b,drop098,0.98,evals,eval_trained_adjacent__trained,eval_trained_adjacent,trained,agreement_runs,1000.0,,,0.878,0.104,0.018,,,,,0.8562557152982502,0.8968512552866701,512.0,
charter_1b,drop098,0.98,evals,eval_trained_agreement__canonical,eval_trained_agreement,canonical,conflict_runs,0.0,0.0,0.0,,0.0,0.0,,,,,,,512.0,
charter_1b,drop098,0.98,evals,eval_trained_agreement__canonical,eval_trained_agreement,canonical,agreement_runs,3000.0,,,0.9347,0.0613,0.004,,,,,0.9252563174842443,0.9429652700238722,512.0,
charter_1b,drop098,0.98,evals,eval_trained_agreement__heldout,eval_trained_agreement,heldout,conflict_runs,0.0,0.0,0.0,,0.0,0.0,,,,,,,512.0,
charter_1b,drop098,0.98,evals,eval_trained_agreement__heldout,eval_trained_agreement,heldout,agreement_runs,3000.0,,,0.9073,0.0873,0.0053,,,,,0.8964299116961226,0.9171949195423118,512.0,
charter_1b,drop098,0.98,evals,eval_trained_agreement__trained,eval_trained_agreement,trained,conflict_runs,0.0,0.0,0.0,,0.0,0.0,,,,,,,512.0,
charter_1b,drop098,0.98,evals,eval_trained_agreement__trained,eval_trained_agreement,trained,agreement_runs,3000.0,,,0.9157,0.0777,0.0067,,,,,0.9051833667348713,0.9250868170248078,512.0,
charter_1b,drop098,0.98,evals,eval_trained_conflict__canonical,eval_trained_conflict,canonical,conflict_runs,3000.0,0.1377,0.7633,,0.0923,0.0067,0.1257998833357534,0.1504601890405328,0.7477931315206434,0.7782000081506848,,,512.0,
charter_1b,drop098,0.98,evals,eval_trained_conflict__canonical,eval_trained_conflict,canonical,agreement_runs,0.0,,,0.0,0.0,0.0,,,,,,,512.0,
charter_1b,drop098,0.98,evals,eval_trained_conflict__heldout,eval_trained_conflict,heldout,conflict_runs,3000.0,0.2023,0.6737,,0.1163,0.0077,0.18834236064836185,0.21708564729278218,0.6566758140102427,0.6902133325324942,,,512.0,
charter_1b,drop098,0.98,evals,eval_trained_conflict__heldout,eval_trained_conflict,heldout,agreement_runs,0.0,,,0.0,0.0,0.0,,,,,,,512.0,
charter_1b,drop098,0.98,evals,eval_trained_conflict__trained,eval_trained_conflict,trained,conflict_runs,3000.0,0.1813,0.7113,,0.0993,0.008,0.16795633367170368,0.19552538591590404,0.6948559861466977,0.7272701537920644,,,512.0,
charter_1b,drop098,0.98,evals,eval_trained_conflict__trained,eval_trained_conflict,trained,agreement_runs,0.0,,,0.0,0.0,0.0,,,,,,,512.0,
charter_1b,drop099,0.99,evals,eval_holdout_adjacent__canonical,eval_holdout_adjacent,canonical,conflict_runs,400.0,0.3375,0.4475,,0.2,0.015,0.29290163772130434,0.385189857937342,0.39950089322688126,0.4964978976782199,,,512.0,
charter_1b,drop099,0.99,evals,eval_holdout_adjacent__canonical,eval_holdout_adjacent,canonical,agreement_runs,400.0,,,0.8375,0.1475,0.015,,,,,0.7981666097704109,0.870412591553939,512.0,
charter_1b,drop099,0.99,evals,eval_holdout_adjacent__heldout,eval_holdout_adjacent,heldout,conflict_runs,400.0,0.3375,0.4175,,0.22,0.025,0.29290163772130434,0.385189857937342,0.37018126768159904,0.46638826088355984,,,512.0,
charter_1b,drop099,0.99,evals,eval_holdout_adjacent__heldout,eval_holdout_adjacent,heldout,agreement_runs,400.0,,,0.8125,0.1625,0.025,,,,,0.7713439706023679,0.8477108454386968,512.0,
charter_1b,drop099,0.99,evals,eval_holdout_adjacent__trained,eval_holdout_adjacent,trained,conflict_runs,400.0,0.37,0.4025,,0.2075,0.02,0.3241319808189903,0.4183412157079268,0.35558910114413644,0.45126579625105134,,,512.0,
charter_1b,drop099,0.99,evals,eval_holdout_adjacent__trained,eval_holdout_adjacent,trained,agreement_runs,400.0,,,0.805,0.175,0.02,,,,,0.7633481418022936,0.8408493586537855,512.0,
charter_1b,drop099,0.99,evals,eval_holdout_agreement__canonical,eval_holdout_agreement,canonical,conflict_runs,0.0,0.0,0.0,,0.0,0.0,,,,,,,512.0,
charter_1b,drop099,0.99,evals,eval_holdout_agreement__canonical,eval_holdout_agreement,canonical,agreement_runs,1200.0,,,0.8817,0.1108,0.0075,,,,,0.8621621023992275,0.8987354338073518,512.0,
charter_1b,drop099,0.99,evals,eval_holdout_agreement__heldout,eval_holdout_agreement,heldout,conflict_runs,0.0,0.0,0.0,,0.0,0.0,,,,,,,512.0,
charter_1b,drop099,0.99,evals,eval_holdout_agreement__heldout,eval_holdout_agreement,heldout,agreement_runs,1200.0,,,0.8275,0.1617,0.0108,,,,,0.8050870384805653,0.8478228561246435,512.0,
charter_1b,drop099,0.99,evals,eval_holdout_agreement__trained,eval_holdout_agreement,trained,conflict_runs,0.0,0.0,0.0,,0.0,0.0,,,,,,,512.0,
charter_1b,drop099,0.99,evals,eval_holdout_agreement__trained,eval_holdout_agreement,trained,agreement_runs,1200.0,,,0.8242,0.1617,0.0142,,,,,0.8016032708379772,0.8446612304379164,512.0,
charter_1b,drop099,0.99,evals,eval_holdout_conflict__canonical,eval_holdout_conflict,canonical,conflict_runs,1200.0,0.2783,0.4992,,0.2025,0.02,0.25371366806475504,0.3043676755357908,0.4709248937846288,0.5274137578830425,,,512.0,
charter_1b,drop099,0.99,evals,eval_holdout_conflict__canonical,eval_holdout_conflict,canonical,agreement_runs,0.0,,,0.0,0.0,0.0,,,,,,,512.0,
charter_1b,drop099,0.99,evals,eval_holdout_conflict__heldout,eval_holdout_conflict,heldout,conflict_runs,1200.0,0.3158,0.4317,,0.2308,0.0217,0.29015572431918285,0.3426862942361579,0.4039044128509136,0.4598650238981268,,,512.0,
charter_1b,drop099,0.99,evals,eval_holdout_conflict__heldout,eval_holdout_conflict,heldout,agreement_runs,0.0,,,0.0,0.0,0.0,,,,,,,512.0,
charter_1b,drop099,0.99,evals,eval_holdout_conflict__trained,eval_holdout_conflict,trained,conflict_runs,1200.0,0.3067,0.4542,,0.2108,0.0283,0.2812286853148912,0.333338501584833,0.4261869857878861,0.4824388559340313,,,512.0,
charter_1b,drop099,0.99,evals,eval_holdout_conflict__trained,eval_holdout_conflict,trained,agreement_runs,0.0,,,0.0,0.0,0.0,,,,,,,512.0,
charter_1b,drop099,0.99,evals,eval_trained_adjacent__canonical,eval_trained_adjacent,canonical,conflict_runs,1000.0,0.246,0.599,,0.135,0.02,0.22031215328683612,0.2736318400238259,0.5683007437869229,0.628941558032937,,,512.0,
charter_1b,drop099,0.99,evals,eval_trained_adjacent__canonical,eval_trained_adjacent,canonical,agreement_runs,1000.0,,,0.88,0.1,0.02,,,,,0.8583909241522871,0.8987007393986908,512.0,
charter_1b,drop099,0.99,evals,eval_trained_adjacent__heldout,eval_trained_adjacent,heldout,conflict_runs,1000.0,0.264,0.528,,0.17,0.038,0.23761996823603918,0.29218626176914286,0.4970108021953935,0.5587748993294154,,,512.0,
charter_1b,drop099,0.99,evals,eval_trained_adjacent__heldout,eval_trained_adjacent,heldout,agreement_runs,1000.0,,,0.804,0.158,0.038,,,,,0.7782523359291923,0.8274209949115902,512.0,
charter_1b,drop099,0.99,evals,eval_trained_adjacent__trained,eval_trained_adjacent,trained,conflict_runs,1000.0,0.251,0.549,,0.153,0.047,0.2251138107901981,0.2787919149356084,0.5180304041955375,0.579594573472878,,,512.0,
charter_1b,drop099,0.99,evals,eval_trained_adjacent__trained,eval_trained_adjacent,trained,agreement_runs,1000.0,,,0.827,0.126,0.047,,,,,0.8023165344033985,0.8491807655470485,512.0,
charter_1b,drop099,0.99,evals,eval_trained_agreement__canonical,eval_trained_agreement,canonical,conflict_runs,0.0,0.0,0.0,,0.0,0.0,,,,,,,512.0,
charter_1b,drop099,0.99,evals,eval_trained_agreement__canonical,eval_trained_agreement,canonical,agreement_runs,3000.0,,,0.9087,0.0793,0.012,,,,,0.8978286776289708,0.9184594100128627,512.0,
charter_1b,drop099,0.99,evals,eval_trained_agreement__heldout,eval_trained_agreement,heldout,conflict_runs,0.0,0.0,0.0,,0.0,0.0,,,,,,,512.0,
charter_1b,drop099,0.99,evals,eval_trained_agreement__heldout,eval_trained_agreement,heldout,agreement_runs,3000.0,,,0.8537,0.127,0.0193,,,,,0.8405669221217819,0.8658618388798375,512.0,
charter_1b,drop099,0.99,evals,eval_trained_agreement__trained,eval_trained_agreement,trained,conflict_runs,0.0,0.0,0.0,,0.0,0.0,,,,,,,512.0,
charter_1b,drop099,0.99,evals,eval_trained_agreement__trained,eval_trained_agreement,trained,agreement_runs,3000.0,,,0.8723,0.1013,0.0263,,,,,0.85991358251519,0.8838007681340172,512.0,
charter_1b,drop099,0.99,evals,eval_trained_conflict__canonical,eval_trained_conflict,canonical,conflict_runs,3000.0,0.197,0.6567,,0.13,0.0163,0.18315891048578473,0.21161607184176276,0.6394850389786642,0.6734475884207336,,,512.0,
charter_1b,drop099,0.99,evals,eval_trained_conflict__canonical,eval_trained_conflict,canonical,agreement_runs,0.0,,,0.0,0.0,0.0,,,,,,,512.0,
charter_1b,drop099,0.99,evals,eval_trained_conflict__heldout,eval_trained_conflict,heldout,conflict_runs,3000.0,0.254,0.5707,,0.1497,0.0257,0.23874474312598437,0.2698844504468759,0.5528750500423136,0.5882775393378403,,,512.0,
charter_1b,drop099,0.99,evals,eval_trained_conflict__heldout,eval_trained_conflict,heldout,agreement_runs,0.0,,,0.0,0.0,0.0,,,,,,,512.0,
charter_1b,drop099,0.99,evals,eval_trained_conflict__trained,eval_trained_conflict,trained,conflict_runs,3000.0,0.2367,0.6097,,0.134,0.0197,0.22179999184931515,0.25220686847935647,0.5920807490339415,0.626972090145637,,,512.0,
charter_1b,drop099,0.99,evals,eval_trained_conflict__trained,eval_trained_conflict,trained,agreement_runs,0.0,,,0.0,0.0,0.0,,,,,,,512.0,
charter_1b,drop100,1.0,evals,eval_holdout_adjacent__canonical,eval_holdout_adjacent,canonical,conflict_runs,400.0,0.17,0.47,,0.225,0.135,0.13636898220196564,0.20990913205867007,0.42160689356587944,0.5189638440941784,,,,
charter_1b,drop100,1.0,evals,eval_holdout_adjacent__canonical,eval_holdout_adjacent,canonical,agreement_runs,400.0,,,0.5525,0.3125,0.135,,,,,0.5035021023217802,0.6004991067731188,,
charter_1b,drop100,1.0,evals,eval_holdout_adjacent__heldout,eval_holdout_adjacent,heldout,conflict_runs,400.0,0.18,0.33,,0.2575,0.2325,0.14545031532583308,0.22063755304811672,0.28572827595866784,0.377505904114993,,,,
charter_1b,drop100,1.0,evals,eval_holdout_adjacent__heldout,eval_holdout_adjacent,heldout,agreement_runs,400.0,,,0.3975,0.37,0.2325,,,,,0.3507352396832797,0.4462147806552511,,
charter_1b,drop100,1.0,evals,eval_holdout_adjacent__trained,eval_holdout_adjacent,trained,conflict_runs,400.0,0.15,0.32,,0.205,0.325,0.11834499530337544,0.18831361073063213,0.2761841236239046,0.36724030233644217,,,,
charter_1b,drop100,1.0,evals,eval_holdout_adjacent__trained,eval_holdout_adjacent,trained,agreement_runs,400.0,,,0.395,0.28,0.325,,,,,0.3483102375425738,0.4436873442676285,,
charter_1b,drop100,1.0,evals,eval_holdout_agreement__canonical,eval_holdout_agreement,canonical,conflict_runs,0.0,0.0,0.0,,0.0,0.0,,,,,,,,
charter_1b,drop100,1.0,evals,eval_holdout_agreement__canonical,eval_holdout_agreement,canonical,agreement_runs,1200.0,,,0.5733,0.335,0.0917,,,,,0.5451593119894313,0.6010393412555008,,
charter_1b,drop100,1.0,evals,eval_holdout_agreement__heldout,eval_holdout_agreement,heldout,conflict_runs,0.0,0.0,0.0,,0.0,0.0,,,,,,,,
charter_1b,drop100,1.0,evals,eval_holdout_agreement__heldout,eval_holdout_agreement,heldout,agreement_runs,1200.0,,,0.4308,0.3175,0.2517,,,,,0.4030802523943794,0.4590278360223322,,
charter_1b,drop100,1.0,evals,eval_holdout_agreement__trained,eval_holdout_agreement,trained,conflict_runs,0.0,0.0,0.0,,0.0,0.0,,,,,,,,
charter_1b,drop100,1.0,evals,eval_holdout_agreement__trained,eval_holdout_agreement,trained,agreement_runs,1200.0,,,0.3667,0.2433,0.39,,,,,0.3398671031468207,0.3943171636805753,,
charter_1b,drop100,1.0,evals,eval_holdout_conflict__canonical,eval_holdout_conflict,canonical,conflict_runs,1200.0,0.1542,0.4983,,0.2475,0.1,0.13484175818030025,0.1756986839032581,0.47009433692863306,0.5265829664067094,,,,
charter_1b,drop100,1.0,evals,eval_holdout_conflict__canonical,eval_holdout_conflict,canonical,agreement_runs,0.0,,,0.0,0.0,0.0,,,,,,,,
charter_1b,drop100,1.0,evals,eval_holdout_conflict__heldout,eval_holdout_conflict,heldout,conflict_runs,1200.0,0.1467,0.3233,,0.2592,0.2708,0.12777809299790138,0.16781021409469798,0.29746843165119774,0.350325721895102,,,,
charter_1b,drop100,1.0,evals,eval_holdout_conflict__heldout,eval_holdout_conflict,heldout,agreement_runs,0.0,,,0.0,0.0,0.0,,,,,,,,
charter_1b,drop100,1.0,evals,eval_holdout_conflict__trained,eval_holdout_conflict,trained,conflict_runs,1200.0,0.1142,0.2992,,0.175,0.4117,0.09739146910916129,0.13340425302261588,0.2739336985536913,0.325681353355074,,,,
charter_1b,drop100,1.0,evals,eval_holdout_conflict__trained,eval_holdout_conflict,trained,agreement_runs,0.0,,,0.0,0.0,0.0,,,,,,,,
charter_1b,drop100,1.0,evals,eval_trained_adjacent__canonical,eval_trained_adjacent,canonical,conflict_runs,1000.0,0.108,0.524,,0.235,0.133,0.0902411985625519,0.12875898009012332,0.49301327402101136,0.5548030415716818,,,,
charter_1b,drop100,1.0,evals,eval_trained_adjacent__canonical,eval_trained_adjacent,canonical,agreement_runs,1000.0,,,0.556,0.311,0.133,,,,,0.5250491625099076,0.5865222405397101,,
charter_1b,drop100,1.0,evals,eval_trained_adjacent__heldout,eval_trained_adjacent,heldout,conflict_runs,1000.0,0.127,0.408,,0.257,0.208,0.10778000925843845,0.14907475257178565,0.37794772187557774,0.4387564016857644,,,,
charter_1b,drop100,1.0,evals,eval_trained_adjacent__heldout,eval_trained_adjacent,heldout,agreement_runs,1000.0,,,0.442,0.35,0.208,,,,,0.411499555136933,0.4729443488473914,,
charter_1b,drop100,1.0,evals,eval_trained_adjacent__trained,eval_trained_adjacent,trained,conflict_runs,1000.0,0.097,0.352,,0.188,0.363,0.08016916179032305,0.1169152055490344,0.32301658754166684,0.3821161329700574,,,,
charter_1b,drop100,1.0,evals,eval_trained_adjacent__trained,eval_trained_adjacent,trained,agreement_runs,1000.0,,,0.387,0.25,0.363,,,,,0.35729917409070144,0.417565673327034,,
charter_1b,drop100,1.0,evals,eval_trained_agreement__canonical,eval_trained_agreement,canonical,conflict_runs,0.0,0.0,0.0,,0.0,0.0,,,,,,,,
charter_1b,drop100,1.0,evals,eval_trained_agreement__canonical,eval_trained_agreement,canonical,agreement_runs,3000.0,,,0.63,0.2887,0.0813,,,,,0.6125673870769301,0.647100112254485,,
charter_1b,drop100,1.0,evals,eval_trained_agreement__heldout,eval_trained_agreement,heldout,conflict_runs,0.0,0.0,0.0,,0.0,0.0,,,,,,,,
charter_1b,drop100,1.0,evals,eval_trained_agreement__heldout,eval_trained_agreement,heldout,agreement_runs,3000.0,,,0.4463,0.2947,0.259,,,,,0.4286246291645154,0.46417930059866963,,
charter_1b,drop100,1.0,evals,eval_trained_agreement__trained,eval_trained_agreement,trained,conflict_runs,0.0,0.0,0.0,,0.0,0.0,,,,,,,,
charter_1b,drop100,1.0,evals,eval_trained_agreement__trained,eval_trained_agreement,trained,agreement_runs,3000.0,,,0.395,0.21,0.395,,,,,0.37765197649276866,0.4126165817395498,,
charter_1b,drop100,1.0,evals,eval_trained_conflict__canonical,eval_trained_conflict,canonical,conflict_runs,3000.0,0.1353,0.5403,,0.2417,0.0827,0.12355770619813657,0.14804166747220113,0.5224594513655441,0.5581040548372795,,,,
charter_1b,drop100,1.0,evals,eval_trained_conflict__canonical,eval_trained_conflict,canonical,agreement_runs,0.0,,,0.0,0.0,0.0,,,,,,,,
charter_1b,drop100,1.0,evals,eval_trained_conflict__heldout,eval_trained_conflict,heldout,conflict_runs,3000.0,0.132,0.3837,,0.224,0.2603,0.1203567048534542,0.14458452780838568,0.3664250085134015,0.40120587029002436,,,,
charter_1b,drop100,1.0,evals,eval_trained_conflict__heldout,eval_trained_conflict,heldout,agreement_runs,0.0,,,0.0,0.0,0.0,,,,,,,,
charter_1b,drop100,1.0,evals,eval_trained_conflict__trained,eval_trained_conflict,trained,conflict_runs,3000.0,0.0953,0.3493,,0.167,0.3883,0.0853359950799826,0.10636568648838121,0.3324755330849889,0.36657649333090936,,,,
charter_1b,drop100,1.0,evals,eval_trained_conflict__trained,eval_trained_conflict,trained,agreement_runs,0.0,,,0.0,0.0,0.0,,,,,,,,
charter_1b_random,drop001,0.01,evals,eval_holdout_adjacent__canonical,eval_holdout_adjacent,canonical,conflict_runs,400.0,0.8425,0.11,,0.045,0.0025,0.8035652075632727,0.8749188708177342,0.08296867911910688,0.1444509104616444,,,512.0,
charter_1b_random,drop001,0.01,evals,eval_holdout_adjacent__canonical,eval_holdout_adjacent,canonical,agreement_runs,400.0,,,0.9925,0.005,0.0025,,,,,0.9781842792759678,0.9974461108047501,512.0,
charter_1b_random,drop001,0.01,evals,eval_holdout_adjacent__heldout,eval_holdout_adjacent,heldout,conflict_runs,400.0,0.83,0.1175,,0.0525,0.0,0.7900908679413299,0.8636310177980344,0.0895219409501038,0.15275496421563303,,,512.0,
charter_1b_random,drop001,0.01,evals,eval_holdout_adjacent__heldout,eval_holdout_adjacent,heldout,agreement_runs,400.0,,,0.9875,0.0125,0.0,,,,,0.9710762638040326,0.9946492492200284,512.0,
charter_1b_random,drop001,0.01,evals,eval_holdout_adjacent__trained,eval_holdout_adjacent,trained,conflict_runs,400.0,0.825,0.13,,0.0425,0.0025,0.7847212102757526,0.8590957984069547,0.10053125228664084,0.1665078455207386,,,512.0,
charter_1b_random,drop001,0.01,evals,eval_holdout_adjacent__trained,eval_holdout_adjacent,trained,agreement_runs,400.0,,,0.98,0.0175,0.0025,,,,,0.96103658423074,0.9898316132083353,512.0,
charter_1b_random,drop001,0.01,evals,eval_holdout_agreement__canonical,eval_holdout_agreement,canonical,conflict_runs,0.0,0.0,0.0,,0.0,0.0,,,,,,,512.0,
charter_1b_random,drop001,0.01,evals,eval_holdout_agreement__canonical,eval_holdout_agreement,canonical,agreement_runs,1200.0,,,0.9892,0.0108,0.0,,,,,0.9815533657706365,0.9936581053063548,512.0,
charter_1b_random,drop001,0.01,evals,eval_holdout_agreement__heldout,eval_holdout_agreement,heldout,conflict_runs,0.0,0.0,0.0,,0.0,0.0,,,,,,,512.0,
charter_1b_random,drop001,0.01,evals,eval_holdout_agreement__heldout,eval_holdout_agreement,heldout,agreement_runs,1200.0,,,0.9883,0.0117,0.0,,,,,0.980512296708695,0.9930378260359676,512.0,
charter_1b_random,drop001,0.01,evals,eval_holdout_agreement__trained,eval_holdout_agreement,trained,conflict_runs,0.0,0.0,0.0,,0.0,0.0,,,,,,,512.0,
charter_1b_random,drop001,0.01,evals,eval_holdout_agreement__trained,eval_holdout_agreement,trained,agreement_runs,1200.0,,,0.9908,0.0092,0.0,,,,,0.9836603162148859,0.9948738515267629,512.0,
charter_1b_random,drop001,0.01,evals,eval_holdout_conflict__canonical,eval_holdout_conflict,canonical,conflict_runs,1200.0,0.8375,0.1,,0.0608,0.0017,0.8155559558776765,0.8572901187154774,0.08428171719545856,0.1182710832867294,,,512.0,
charter_1b_random,drop001,0.01,evals,eval_holdout_conflict__canonical,eval_holdout_conflict,canonical,agreement_runs,0.0,,,0.0,0.0,0.0,,,,,,,512.0,
charter_1b_random,drop001,0.01,evals,eval_holdout_conflict__heldout,eval_holdout_conflict,heldout,conflict_runs,1200.0,0.8142,0.1183,,0.0625,0.005,0.7911686794365377,0.8351596418514106,0.10126456619264834,0.13783789760077267,,,512.0,
charter_1b_random,drop001,0.01,evals,eval_holdout_conflict__heldout,eval_holdout_conflict,heldout,agreement_runs,0.0,,,0.0,0.0,0.0,,,,,,,512.0,
charter_1b_random,drop001,0.01,evals,eval_holdout_conflict__trained,eval_holdout_conflict,trained,conflict_runs,1200.0,0.8067,0.1258,,0.0675,0.0,0.783358474300245,0.8280177119967443,0.10825408961661079,0.14580050916776918,,,512.0,
charter_1b_random,drop001,0.01,evals,eval_holdout_conflict__trained,eval_holdout_conflict,trained,agreement_runs,0.0,,,0.0,0.0,0.0,,,,,,,512.0,
charter_1b_random,drop001,0.01,evals,eval_trained_adjacent__canonical,eval_trained_adjacent,canonical,conflict_runs,1000.0,0.739,0.221,,0.036,0.004,0.7109019937060769,0.7652688157378277,0.19637815756485408,0.24775717367008568,,,512.0,
charter_1b_random,drop001,0.01,evals,eval_trained_adjacent__canonical,eval_trained_adjacent,canonical,agreement_runs,1000.0,,,0.982,0.014,0.004,,,,,0.9717267448294926,0.9885842599904322,512.0,
charter_1b_random,drop001,0.01,evals,eval_trained_adjacent__heldout,eval_trained_adjacent,heldout,conflict_runs,1000.0,0.704,0.244,,0.048,0.004,0.6749696568758727,0.7314690256620207,0.21839283216526087,0.2715664681793433,,,512.0,
charter_1b_random,drop001,0.01,evals,eval_trained_adjacent__heldout,eval_trained_adjacent,heldout,agreement_runs,1000.0,,,0.977,0.019,0.004,,,,,0.9657235493377734,0.984625723067007,512.0,
charter_1b_random,drop001,0.01,evals,eval_trained_adjacent__trained,eval_trained_adjacent,trained,conflict_runs,1000.0,0.689,0.26,,0.046,0.005,0.6596320732865386,0.7169214120059215,0.23376861850763092,0.2880682255654355,,,512.0,
charter_1b_random,drop001,0.01,evals,eval_trained_adjacent__trained,eval_trained_adjacent,trained,agreement_runs,1000.0,,,0.981,0.014,0.005,,,,,0.9705155440876868,0.9878031142492091,512.0,
charter_1b_random,drop001,0.01,evals,eval_trained_agreement__canonical,eval_trained_agreement,canonical,conflict_runs,0.0,0.0,0.0,,0.0,0.0,,,,,,,512.0,
charter_1b_random,drop001,0.01,evals,eval_trained_agreement__canonical,eval_trained_agreement,canonical,agreement_runs,3000.0,,,0.9963,0.0037,0.0,,,,,0.9934458647605265,0.9979513314047997,512.0,
charter_1b_random,drop001,0.01,evals,eval_trained_agreement__heldout,eval_trained_agreement,heldout,conflict_runs,0.0,0.0,0.0,,0.0,0.0,,,,,,,512.0,
charter_1b_random,drop001,0.01,evals,eval_trained_agreement__heldout,eval_trained_agreement,heldout,agreement_runs,3000.0,,,0.9933,0.0067,0.0,,,,,0.9897247083783174,0.9956801608793611,512.0,
charter_1b_random,drop001,0.01,evals,eval_trained_agreement__trained,eval_trained_agreement,trained,conflict_runs,0.0,0.0,0.0,,0.0,0.0,,,,,,,512.0,
charter_1b_random,drop001,0.01,evals,eval_trained_agreement__trained,eval_trained_agreement,trained,agreement_runs,3000.0,,,0.9947,0.0047,0.0007,,,,,0.991353701286449,0.9967144243746285,512.0,
charter_1b_random,drop001,0.01,evals,eval_trained_conflict__canonical,eval_trained_conflict,canonical,conflict_runs,3000.0,0.7867,0.1647,,0.046,0.0027,0.7716455885214979,0.8009545382093153,0.15182555867604666,0.17836545586907196,,,512.0,
charter_1b_random,drop001,0.01,evals,eval_trained_conflict__canonical,eval_trained_conflict,canonical,agreement_runs,0.0,,,0.0,0.0,0.0,,,,,,,512.0,
charter_1b_random,drop001,0.01,evals,eval_trained_conflict__heldout,eval_trained_conflict,heldout,conflict_runs,3000.0,0.752,0.1927,,0.0533,0.002,0.7362309171893163,0.7671245430531194,0.1789503209665595,0.20716907804994084,,,512.0,
charter_1b_random,drop001,0.01,evals,eval_trained_conflict__heldout,eval_trained_conflict,heldout,agreement_runs,0.0,,,0.0,0.0,0.0,,,,,,,512.0,
charter_1b_random,drop001,0.01,evals,eval_trained_conflict__trained,eval_trained_conflict,trained,conflict_runs,3000.0,0.747,0.201,,0.0493,0.0027,0.7311345045346054,0.7622337441950835,0.18704612668944984,0.21571862484829504,,,512.0,
charter_1b_random,drop001,0.01,evals,eval_trained_conflict__trained,eval_trained_conflict,trained,agreement_runs,0.0,,,0.0,0.0,0.0,,,,,,,512.0,
charter_1b_random,drop002,0.02,evals,eval_holdout_adjacent__canonical,eval_holdout_adjacent,canonical,conflict_runs,400.0,0.8675,0.0775,,0.05,0.005,0.8307536803033191,0.897254783360973,0.055132934676844526,0.10790495403563605,,,512.0,
charter_1b_random,drop002,0.02,evals,eval_holdout_adjacent__canonical,eval_holdout_adjacent,canonical,agreement_runs,400.0,,,0.98,0.015,0.005,,,,,0.96103658423074,0.9898316132083353,512.0,
charter_1b_random,drop002,0.02,evals,eval_holdout_adjacent__heldout,eval_holdout_adjacent,heldout,conflict_runs,400.0,0.82,0.1125,,0.0675,0.0,0.7793624469518833,0.854549684674167,0.0851484587859595,0.1472235693231203,,,512.0,
charter_1b_random,drop002,0.02,evals,eval_holdout_adjacent__heldout,eval_holdout_adjacent,heldout,agreement_runs,400.0,,,0.9825,0.0175,0.0,,,,,0.964322927074442,0.991497708892962,512.0,
charter_1b_random,drop002,0.02,evals,eval_holdout_adjacent__trained,eval_holdout_adjacent,trained,conflict_runs,400.0,0.82,0.1175,,0.06,0.0025,0.7793624469518833,0.854549684674167,0.0895219409501038,0.15275496421563303,,,512.0,
charter_1b_random,drop002,0.02,evals,eval_holdout_adjacent__trained,eval_holdout_adjacent,trained,agreement_runs,400.0,,,0.98,0.0175,0.0025,,,,,0.96103658423074,0.9898316132083353,512.0,
charter_1b_random,drop002,0.02,evals,eval_holdout_agreement__canonical,eval_holdout_agreement,canonical,conflict_runs,0.0,0.0,0.0,,0.0,0.0,,,,,,,512.0,
charter_1b_random,drop002,0.02,evals,eval_holdout_agreement__canonical,eval_holdout_agreement,canonical,agreement_runs,1200.0,,,0.9875,0.0125,0.0,,,,,0.9794784112663456,0.9924103631459881,512.0,
charter_1b_random,drop002,0.02,evals,eval_holdout_agreement__heldout,eval_holdout_agreement,heldout,conflict_runs,0.0,0.0,0.0,,0.0,0.0,,,,,,,512.0,
charter_1b_random,drop002,0.02,evals,eval_holdout_agreement__heldout,eval_holdout_agreement,heldout,agreement_runs,1200.0,,,0.9858,0.0142,0.0,,,,,0.9774296573223679,0.9911364204253083,512.0,
charter_1b_random,drop002,0.02,evals,eval_holdout_agreement__trained,eval_holdout_agreement,trained,conflict_runs,0.0,0.0,0.0,,0.0,0.0,,,,,,,512.0,
charter_1b_random,drop002,0.02,evals,eval_holdout_agreement__trained,eval_holdout_agreement,trained,agreement_runs,1200.0,,,0.9883,0.0117,0.0,,,,,0.980512296708695,0.9930378260359676,512.0,
charter_1b_random,drop002,0.02,evals,eval_holdout_conflict__canonical,eval_holdout_conflict,canonical,conflict_runs,1200.0,0.8783,0.0692,,0.0508,0.0017,0.8586203908205775,0.8956317520566867,0.05614232120695341,0.08494059097906988,,,512.0,
charter_1b_random,drop002,0.02,evals,eval_holdout_conflict__canonical,eval_holdout_conflict,canonical,agreement_runs,0.0,,,0.0,0.0,0.0,,,,,,,512.0,
charter_1b_random,drop002,0.02,evals,eval_holdout_conflict__heldout,eval_holdout_conflict,heldout,conflict_runs,1200.0,0.8433,0.0842,,0.0675,0.005,0.8216755975402036,0.8627999153792519,0.0697541033043737,0.10123307886356753,,,512.0,
charter_1b_random,drop002,0.02,evals,eval_holdout_conflict__heldout,eval_holdout_conflict,heldout,agreement_runs,0.0,,,0.0,0.0,0.0,,,,,,,512.0,
charter_1b_random,drop002,0.02,evals,eval_holdout_conflict__trained,eval_holdout_conflict,trained,conflict_runs,1200.0,0.8475,0.0883,,0.0617,0.0025,0.8260528264068602,0.8667294281742391,0.07356284952503406,0.10573107430455106,,,512.0,
charter_1b_random,drop002,0.02,evals,eval_holdout_conflict__trained,eval_holdout_conflict,trained,agreement_runs,0.0,,,0.0,0.0,0.0,,,,,,,512.0,
charter_1b_random,drop002,0.02,evals,eval_trained_adjacent__canonical,eval_trained_adjacent,canonical,conflict_runs,1000.0,0.797,0.154,,0.044,0.005,0.7709550842197116,0.8207718212398686,0.13295625717450094,0.17769185969750323,,,512.0,
charter_1b_random,drop002,0.02,evals,eval_trained_adjacent__canonical,eval_trained_adjacent,canonical,agreement_runs,1000.0,,,0.979,0.016,0.005,,,,,0.9681097049387624,0.9862242604320757,512.0,
charter_1b_random,drop002,0.02,evals,eval_trained_adjacent__heldout,eval_trained_adjacent,heldout,conflict_runs,1000.0,0.744,0.195,,0.056,0.005,0.7160527265828487,0.7700798152762003,0.1716300938918986,0.22070422878429002,,,512.0,
charter_1b_random,drop002,0.02,evals,eval_trained_adjacent__heldout,eval_trained_adjacent,heldout,agreement_runs,1000.0,,,0.976,0.019,0.005,,,,,0.9645370943883885,0.9838198315333629,512.0,
charter_1b_random,drop002,0.02,evals,eval_trained_adjacent__trained,eval_trained_adjacent,trained,conflict_runs,1000.0,0.731,0.212,,0.051,0.006,0.702670228864586,0.7575618087150874,0.18779405230733126,0.23841016058034847,,,512.0,
charter_1b_random,drop002,0.02,evals,eval_trained_adjacent__trained,eval_trained_adjacent,trained,agreement_runs,1000.0,,,0.98,0.014,0.006,,,,,0.9693099947702821,0.9870163170835848,512.0,
charter_1b_random,drop002,0.02,evals,eval_trained_agreement__canonical,eval_trained_agreement,canonical,conflict_runs,0.0,0.0,0.0,,0.0,0.0,,,,,,,512.0,
charter_1b_random,drop002,0.02,evals,eval_trained_agreement__canonical,eval_trained_agreement,canonical,agreement_runs,3000.0,,,0.9927,0.006,0.0013,,,,,0.9889211095779165,0.9951521314780623,512.0,
charter_1b_random,drop002,0.02,evals,eval_trained_agreement__heldout,eval_trained_agreement,heldout,conflict_runs,0.0,0.0,0.0,,0.0,0.0,,,,,,,512.0,
charter_1b_random,drop002,0.02,evals,eval_trained_agreement__heldout,eval_trained_agreement,heldout,agreement_runs,3000.0,,,0.993,0.007,0.0,,,,,0.9893221068716327,0.9954169482851958,512.0,
charter_1b_random,drop002,0.02,evals,eval_trained_agreement__trained,eval_trained_agreement,trained,conflict_runs,0.0,0.0,0.0,,0.0,0.0,,,,,,,512.0,
charter_1b_random,drop002,0.02,evals,eval_trained_agreement__trained,eval_trained_agreement,trained,agreement_runs,3000.0,,,0.9933,0.0053,0.0013,,,,,0.9897247083783174,0.9956801608793611,512.0,
charter_1b_random,drop002,0.02,evals,eval_trained_conflict__canonical,eval_trained_conflict,canonical,conflict_runs,3000.0,0.8223,0.1287,,0.0457,0.0033,0.8082459108708212,0.8355963246509187,0.11715825620598926,0.1411248354473528,,,512.0,
charter_1b_random,drop002,0.02,evals,eval_trained_conflict__canonical,eval_trained_conflict,canonical,agreement_runs,0.0,,,0.0,0.0,0.0,,,,,,,512.0,
charter_1b_random,drop002,0.02,evals,eval_trained_conflict__heldout,eval_trained_conflict,heldout,conflict_runs,3000.0,0.7697,0.163,,0.059,0.0083,0.7542608247308538,0.7843827828566203,0.15021505936457397,0.17664688467629575,,,512.0,
charter_1b_random,drop002,0.02,evals,eval_trained_conflict__heldout,eval_trained_conflict,heldout,agreement_runs,0.0,,,0.0,0.0,0.0,,,,,,,512.0,
charter_1b_random,drop002,0.02,evals,eval_trained_conflict__trained,eval_trained_conflict,trained,conflict_runs,3000.0,0.7757,0.1657,,0.0553,0.0033,0.7603925339869234,0.7902357274158468,0.15279209164405017,0.1793963652036178,,,512.0,
charter_1b_random,drop002,0.02,evals,eval_trained_conflict__trained,eval_trained_conflict,trained,agreement_runs,0.0,,,0.0,0.0,0.0,,,,,,,512.0,
charter_1b_random,drop005,0.05,evals,eval_holdout_adjacent__canonical,eval_holdout_adjacent,canonical,conflict_runs,400.0,0.8675,0.0775,,0.0475,0.0075,0.8307536803033191,0.897254783360973,0.055132934676844526,0.10790495403563605,,,512.0,
charter_1b_random,drop005,0.05,evals,eval_holdout_adjacent__canonical,eval_holdout_adjacent,canonical,agreement_runs,400.0,,,0.9725,0.02,0.0075,,,,,0.9514345181143852,0.9845763637397046,512.0,
charter_1b_random,drop005,0.05,evals,eval_holdout_adjacent__heldout,eval_holdout_adjacent,heldout,conflict_runs,400.0,0.8475,0.0875,,0.0625,0.0025,0.8089761434535727,0.8794128119840912,0.06358691021150326,0.11926073261429138,,,512.0,
charter_1b_random,drop005,0.05,evals,eval_holdout_adjacent__heldout,eval_holdout_adjacent,heldout,agreement_runs,400.0,,,0.9775,0.02,0.0025,,,,,0.9577973424412418,0.9881184164695049,512.0,
charter_1b_random,drop005,0.05,evals,eval_holdout_adjacent__trained,eval_holdout_adjacent,trained,conflict_runs,400.0,0.86,0.0875,,0.0425,0.01,0.8225607694538968,0.8905903786254097,0.06358691021150326,0.11926073261429138,,,512.0,
charter_1b_random,drop005,0.05,evals,eval_holdout_adjacent__trained,eval_holdout_adjacent,trained,agreement_runs,400.0,,,0.97,0.02,0.01,,,,,0.9483014642909043,0.982756979034857,512.0,
charter_1b_random,drop005,0.05,evals,eval_holdout_agreement__canonical,eval_holdout_agreement,canonical,conflict_runs,0.0,0.0,0.0,,0.0,0.0,,,,,,,512.0,
charter_1b_random,drop005,0.05,evals,eval_holdout_agreement__canonical,eval_holdout_agreement,canonical,agreement_runs,1200.0,,,0.9917,0.0083,0.0,,,,,0.9847282563176804,0.9954672597562974,512.0,
charter_1b_random,drop005,0.05,evals,eval_holdout_agreement__heldout,eval_holdout_agreement,heldout,conflict_runs,0.0,0.0,0.0,,0.0,0.0,,,,,,,512.0,
charter_1b_random,drop005,0.05,evals,eval_holdout_agreement__heldout,eval_holdout_agreement,heldout,agreement_runs,1200.0,,,0.9817,0.0183,0.0,,,,,0.9723971709219195,0.9878621651641128,512.0,
charter_1b_random,drop005,0.05,evals,eval_holdout_agreement__trained,eval_holdout_agreement,trained,conflict_runs,0.0,0.0,0.0,,0.0,0.0,,,,,,,512.0,
charter_1b_random,drop005,0.05,evals,eval_holdout_agreement__trained,eval_holdout_agreement,trained,agreement_runs,1200.0,,,0.9783,0.015,0.0067,,,,,0.9684421563950483,0.9851717863616689,512.0,
charter_1b_random,drop005,0.05,evals,eval_holdout_conflict__canonical,eval_holdout_conflict,canonical,conflict_runs,1200.0,0.88,0.0692,,0.0458,0.005,0.8603906805365024,0.8971841590054194,0.05614232120695341,0.08494059097906988,,,512.0,
charter_1b_random,drop005,0.05,evals,eval_holdout_conflict__canonical,eval_holdout_conflict,canonical,agreement_runs,0.0,,,0.0,0.0,0.0,,,,,,,512.0,
charter_1b_random,drop005,0.05,evals,eval_holdout_conflict__heldout,eval_holdout_conflict,heldout,conflict_runs,1200.0,0.8692,0.0633,,0.0575,0.01,0.8489031782536973,0.8870741329679503,0.0508978244473299,0.07855564941239195,,,512.0,
charter_1b_random,drop005,0.05,evals,eval_holdout_conflict__heldout,eval_holdout_conflict,heldout,agreement_runs,0.0,,,0.0,0.0,0.0,,,,,,,512.0,
charter_1b_random,drop005,0.05,evals,eval_holdout_conflict__trained,eval_holdout_conflict,trained,conflict_runs,1200.0,0.8567,0.0817,,0.0533,0.0083,0.8357014217018536,0.8753556645348625,0.06747423319116717,0.09852890397978774,,,512.0,
charter_1b_random,drop005,0.05,evals,eval_holdout_conflict__trained,eval_holdout_conflict,trained,agreement_runs,0.0,,,0.0,0.0,0.0,,,,,,,512.0,
charter_1b_random,drop005,0.05,evals,eval_trained_adjacent__canonical,eval_trained_adjacent,canonical,conflict_runs,1000.0,0.744,0.201,,0.046,0.009,0.7160527265828487,0.7700798152762003,0.17732721504227125,0.22696118653209071,,,512.0,
charter_1b_random,drop005,0.05,evals,eval_trained_adjacent__canonical,eval_trained_adjacent,canonical,agreement_runs,1000.0,,,0.983,0.008,0.009,,,,,0.97294404115977,0.9893593101431836,512.0,
charter_1b_random,drop005,0.05,evals,eval_trained_adjacent__heldout,eval_trained_adjacent,heldout,conflict_runs,1000.0,0.736,0.211,,0.046,0.007,0.707813738230857,0.7623800317639607,0.18684137276354604,0.23737049364110482,,,512.0,
charter_1b_random,drop005,0.05,evals,eval_trained_adjacent__heldout,eval_trained_adjacent,heldout,agreement_runs,1000.0,,,0.978,0.015,0.007,,,,,0.9669143266526002,0.9854272922352089,512.0,
charter_1b_random,drop005,0.05,evals,eval_trained_adjacent__trained,eval_trained_adjacent,trained,conflict_runs,1000.0,0.716,0.229,,0.041,0.014,0.6872658654245983,0.7430809749096418,0.20402312975052517,0.25605097334864574,,,512.0,
charter_1b_random,drop005,0.05,evals,eval_trained_adjacent__trained,eval_trained_adjacent,trained,agreement_runs,1000.0,,,0.973,0.013,0.014,,,,,0.9610012692469597,0.981378617225705,512.0,
charter_1b_random,drop005,0.05,evals,eval_trained_agreement__canonical,eval_trained_agreement,canonical,conflict_runs,0.0,0.0,0.0,,0.0,0.0,,,,,,,512.0,
charter_1b_random,drop005,0.05,evals,eval_trained_agreement__canonical,eval_trained_agreement,canonical,agreement_runs,3000.0,,,0.9953,0.0027,0.002,,,,,0.9921816677963083,0.9972180860664687,512.0,
charter_1b_random,drop005,0.05,evals,eval_trained_agreement__heldout,eval_trained_agreement,heldout,conflict_runs,0.0,0.0,0.0,,0.0,0.0,,,,,,,512.0,
charter_1b_random,drop005,0.05,evals,eval_trained_agreement__heldout,eval_trained_agreement,heldout,agreement_runs,3000.0,,,0.9913,0.008,0.0007,,,,,0.9873312537039419,0.9940787309486377,512.0,
charter_1b_random,drop005,0.05,evals,eval_trained_agreement__trained,eval_trained_agreement,trained,conflict_runs,0.0,0.0,0.0,,0.0,0.0,,,,,,,512.0,
charter_1b_random,drop005,0.05,evals,eval_trained_agreement__trained,eval_trained_agreement,trained,agreement_runs,3000.0,,,0.9867,0.0053,0.008,,,,,0.9818956415908299,0.9901929456498527,512.0,
charter_1b_random,drop005,0.05,evals,eval_trained_conflict__canonical,eval_trained_conflict,canonical,conflict_runs,3000.0,0.811,0.1433,,0.043,0.0027,0.7965958924840597,0.8246086636087875,0.1312500596496788,0.15632885244105368,,,512.0,
charter_1b_random,drop005,0.05,evals,eval_trained_conflict__canonical,eval_trained_conflict,canonical,agreement_runs,0.0,,,0.0,0.0,0.0,,,,,,,512.0,
charter_1b_random,drop005,0.05,evals,eval_trained_conflict__heldout,eval_trained_conflict,heldout,conflict_runs,3000.0,0.781,0.165,,0.0497,0.0043,0.7658466533696427,0.7954346336467241,0.1521477169781938,0.1787091116677746,,,512.0,
charter_1b_random,drop005,0.05,evals,eval_trained_conflict__heldout,eval_trained_conflict,heldout,agreement_runs,0.0,,,0.0,0.0,0.0,,,,,,,512.0,
charter_1b_random,drop005,0.05,evals,eval_trained_conflict__trained,eval_trained_conflict,trained,conflict_runs,3000.0,0.777,0.1697,,0.0457,0.0077,0.7617557325686319,0.7915357852375375,0.15665994599375843,0.18351828006410692,,,512.0,
charter_1b_random,drop005,0.05,evals,eval_trained_conflict__trained,eval_trained_conflict,trained,agreement_runs,0.0,,,0.0,0.0,0.0,,,,,,,512.0,
charter_1b_random,drop010,0.1,evals,eval_holdout_adjacent__canonical,eval_holdout_adjacent,canonical,conflict_runs,400.0,0.8775,0.085,,0.03,0.0075,0.8417313729822828,0.9060868447953232,0.061463020023938206,0.1164321842735279,,,512.0,
charter_1b_random,drop010,0.1,evals,eval_holdout_adjacent__canonical,eval_holdout_adjacent,canonical,agreement_runs,400.0,,,0.985,0.0075,0.0075,,,,,0.9676653664151733,0.993107708080559,512.0,
charter_1b_random,drop010,0.1,evals,eval_holdout_adjacent__heldout,eval_holdout_adjacent,heldout,conflict_runs,400.0,0.855,0.0925,,0.0475,0.005,0.8171167606818923,0.8861295103407572,0.06785393449857381,0.12489858538387784,,,512.0,
charter_1b_random,drop010,0.1,evals,eval_holdout_adjacent__heldout,eval_holdout_adjacent,heldout,agreement_runs,400.0,,,0.975,0.02,0.005,,,,,0.9545984121283544,0.986364908254064,512.0,
charter_1b_random,drop010,0.1,evals,eval_holdout_adjacent__trained,eval_holdout_adjacent,trained,conflict_runs,400.0,0.8375,0.105,,0.045,0.0125,0.7981666097704109,0.870412591553939,0.07862372743733603,0.1388909850867582,,,512.0,
charter_1b_random,drop010,0.1,evals,eval_holdout_adjacent__trained,eval_holdout_adjacent,trained,agreement_runs,400.0,,,0.9775,0.01,0.0125,,,,,0.9577973424412418,0.9881184164695049,512.0,
charter_1b_random,drop010,0.1,evals,eval_holdout_agreement__canonical,eval_holdout_agreement,canonical,conflict_runs,0.0,0.0,0.0,,0.0,0.0,,,,,,,512.0,
charter_1b_random,drop010,0.1,evals,eval_holdout_agreement__canonical,eval_holdout_agreement,canonical,agreement_runs,1200.0,,,0.9958,0.0025,0.0017,,,,,0.9902832821596541,0.9982189755759674,512.0,
charter_1b_random,drop010,0.1,evals,eval_holdout_agreement__heldout,eval_holdout_agreement,heldout,conflict_runs,0.0,0.0,0.0,,0.0,0.0,,,,,,,512.0,
charter_1b_random,drop010,0.1,evals,eval_holdout_agreement__heldout,eval_holdout_agreement,heldout,agreement_runs,1200.0,,,0.985,0.015,0.0,,,,,0.97641374205097,0.9904909873643775,512.0,
charter_1b_random,drop010,0.1,evals,eval_holdout_agreement__trained,eval_holdout_agreement,trained,conflict_runs,0.0,0.0,0.0,,0.0,0.0,,,,,,,512.0,
charter_1b_random,drop010,0.1,evals,eval_holdout_agreement__trained,eval_holdout_agreement,trained,agreement_runs,1200.0,,,0.9875,0.0067,0.0058,,,,,0.9794784112663456,0.9924103631459881,512.0,
charter_1b_random,drop010,0.1,evals,eval_holdout_conflict__canonical,eval_holdout_conflict,canonical,conflict_runs,1200.0,0.9042,0.0608,,0.03,0.005,0.8861988021583561,0.9195551390211,0.04865995277186856,0.07580947609086697,,,512.0,
charter_1b_random,drop010,0.1,evals,eval_holdout_conflict__canonical,eval_holdout_conflict,canonical,agreement_runs,0.0,,,0.0,0.0,0.0,,,,,,,512.0,
charter_1b_random,drop010,0.1,evals,eval_holdout_conflict__heldout,eval_holdout_conflict,heldout,conflict_runs,1200.0,0.875,0.075,,0.0417,0.0083,0.8550831289728187,0.8925236205751303,0.061415797813133596,0.09129655269919111,,,512.0,
charter_1b_random,drop010,0.1,evals,eval_holdout_conflict__heldout,eval_holdout_conflict,heldout,agreement_runs,0.0,,,0.0,0.0,0.0,,,,,,,512.0,
charter_1b_random,drop010,0.1,evals,eval_holdout_conflict__trained,eval_holdout_conflict,trained,conflict_runs,1200.0,0.865,0.07,,0.0508,0.0142,0.8444965760090404,0.8831739935509635,0.05689397841972531,0.08585028209862673,,,512.0,
charter_1b_random,drop010,0.1,evals,eval_holdout_conflict__trained,eval_holdout_conflict,trained,agreement_runs,0.0,,,0.0,0.0,0.0,,,,,,,512.0,
charter_1b_random,drop010,0.1,evals,eval_trained_adjacent__canonical,eval_trained_adjacent,canonical,conflict_runs,1000.0,0.804,0.159,,0.028,0.009,0.7782523359291923,0.8274209949115902,0.13764630274692416,0.18296354654022443,,,512.0,
charter_1b_random,drop010,0.1,evals,eval_trained_adjacent__canonical,eval_trained_adjacent,canonical,agreement_runs,1000.0,,,0.987,0.004,0.009,,,,,0.9778855576244203,0.9923871796106489,512.0,
charter_1b_random,drop010,0.1,evals,eval_trained_adjacent__heldout,eval_trained_adjacent,heldout,conflict_runs,1000.0,0.776,0.175,,0.042,0.007,0.7491310659769606,0.8007565633390128,0.1527057476303958,0.19978164538521503,,,512.0,
charter_1b_random,drop010,0.1,evals,eval_trained_adjacent__heldout,eval_trained_adjacent,heldout,agreement_runs,1000.0,,,0.98,0.013,0.007,,,,,0.9693099947702821,0.9870163170835848,512.0,
charter_1b_random,drop010,0.1,evals,eval_trained_adjacent__trained,eval_trained_adjacent,trained,conflict_runs,1000.0,0.754,0.197,,0.033,0.016,0.726368159976174,0.7796878467131638,0.1735281617357852,0.22279085390646122,,,512.0,
charter_1b_random,drop010,0.1,evals,eval_trained_adjacent__trained,eval_trained_adjacent,trained,agreement_runs,1000.0,,,0.977,0.007,0.016,,,,,0.9657235493377734,0.984625723067007,512.0,
charter_1b_random,drop010,0.1,evals,eval_trained_agreement__canonical,eval_trained_agreement,canonical,conflict_runs,0.0,0.0,0.0,,0.0,0.0,,,,,,,512.0,
charter_1b_random,drop010,0.1,evals,eval_trained_agreement__canonical,eval_trained_agreement,canonical,agreement_runs,3000.0,,,0.9963,0.003,0.0007,,,,,0.9934458647605265,0.9979513314047997,512.0,
charter_1b_random,drop010,0.1,evals,eval_trained_agreement__heldout,eval_trained_agreement,heldout,conflict_runs,0.0,0.0,0.0,,0.0,0.0,,,,,,,512.0,
charter_1b_random,drop010,0.1,evals,eval_trained_agreement__heldout,eval_trained_agreement,heldout,agreement_runs,3000.0,,,0.9923,0.0063,0.0013,,,,,0.9885216135151568,0.9948858134399722,512.0,
charter_1b_random,drop010,0.1,evals,eval_trained_agreement__trained,eval_trained_agreement,trained,conflict_runs,0.0,0.0,0.0,,0.0,0.0,,,,,,,512.0,
charter_1b_random,drop010,0.1,evals,eval_trained_agreement__trained,eval_trained_agreement,trained,agreement_runs,3000.0,,,0.9873,0.0033,0.0093,,,,,0.9826626422783291,0.9907575731640532,512.0,
charter_1b_random,drop010,0.1,evals,eval_trained_conflict__canonical,eval_trained_conflict,canonical,conflict_runs,3000.0,0.842,0.1243,,0.0283,0.0053,0.8285118020279054,0.8546134654439717,0.11300422874570977,0.13662327959658513,,,512.0,
charter_1b_random,drop010,0.1,evals,eval_trained_conflict__canonical,eval_trained_conflict,canonical,agreement_runs,0.0,,,0.0,0.0,0.0,,,,,,,512.0,
charter_1b_random,drop010,0.1,evals,eval_trained_conflict__heldout,eval_trained_conflict,heldout,conflict_runs,3000.0,0.8143,0.1337,,0.048,0.004,0.8000203257121484,0.8278423713891966,0.12195689150964652,0.1463134116564423,,,512.0,
charter_1b_random,drop010,0.1,evals,eval_trained_conflict__heldout,eval_trained_conflict,heldout,agreement_runs,0.0,,,0.0,0.0,0.0,,,,,,,512.0,
charter_1b_random,drop010,0.1,evals,eval_trained_conflict__trained,eval_trained_conflict,trained,conflict_runs,3000.0,0.798,0.1513,,0.0397,0.011,0.783256085320437,0.8119817208392687,0.1389556785262004,0.1646027719849269,,,512.0,
charter_1b_random,drop010,0.1,evals,eval_trained_conflict__trained,eval_trained_conflict,trained,agreement_runs,0.0,,,0.0,0.0,0.0,,,,,,,512.0,
charter_1b_random,drop020,0.2,evals,eval_holdout_adjacent__canonical,eval_holdout_adjacent,canonical,conflict_runs,400.0,0.79,0.1375,,0.0725,0.0,0.7474205944599497,0.8270622748261582,0.10718448673484568,0.1747119266575193,,,512.0,
charter_1b_random,drop020,0.2,evals,eval_holdout_adjacent__canonical,eval_holdout_adjacent,canonical,agreement_runs,400.0,,,0.985,0.015,0.0,,,,,0.9676653664151733,0.993107708080559,512.0,
charter_1b_random,drop020,0.2,evals,eval_holdout_adjacent__heldout,eval_holdout_adjacent,heldout,conflict_runs,400.0,0.815,0.11,,0.07,0.005,0.7740142283989209,0.8499930261704722,0.08296867911910688,0.1444509104616444,,,512.0,
charter_1b_random,drop020,0.2,evals,eval_holdout_adjacent__heldout,eval_holdout_adjacent,heldout,agreement_runs,400.0,,,0.9775,0.0175,0.005,,,,,0.9577973424412418,0.9881184164695049,512.0,
charter_1b_random,drop020,0.2,evals,eval_holdout_adjacent__trained,eval_holdout_adjacent,trained,conflict_runs,400.0,0.8,0.13,,0.0575,0.0125,0.758029683133299,0.8362629402661231,0.10053125228664084,0.1665078455207386,,,512.0,
charter_1b_random,drop020,0.2,evals,eval_holdout_adjacent__trained,eval_holdout_adjacent,trained,agreement_runs,400.0,,,0.965,0.0225,0.0125,,,,,0.9421148604670819,0.9790387058020222,512.0,
charter_1b_random,drop020,0.2,evals,eval_holdout_agreement__canonical,eval_holdout_agreement,canonical,conflict_runs,0.0,0.0,0.0,,0.0,0.0,,,,,,,512.0,
charter_1b_random,drop020,0.2,evals,eval_holdout_agreement__canonical,eval_holdout_agreement,canonical,agreement_runs,1200.0,,,0.9892,0.0108,0.0,,,,,0.9815533657706365,0.9936581053063548,512.0,
charter_1b_random,drop020,0.2,evals,eval_holdout_agreement__heldout,eval_holdout_agreement,heldout,conflict_runs,0.0,0.0,0.0,,0.0,0.0,,,,,,,512.0,
charter_1b_random,drop020,0.2,evals,eval_holdout_agreement__heldout,eval_holdout_agreement,heldout,agreement_runs,1200.0,,,0.985,0.015,0.0,,,,,0.97641374205097,0.9904909873643775,512.0,
charter_1b_random,drop020,0.2,evals,eval_holdout_agreement__trained,eval_holdout_agreement,trained,conflict_runs,0.0,0.0,0.0,,0.0,0.0,,,,,,,512.0,
charter_1b_random,drop020,0.2,evals,eval_holdout_agreement__trained,eval_holdout_agreement,trained,agreement_runs,1200.0,,,0.9892,0.01,0.0008,,,,,0.9815533657706365,0.9936581053063548,512.0,
charter_1b_random,drop020,0.2,evals,eval_holdout_conflict__canonical,eval_holdout_conflict,canonical,conflict_runs,1200.0,0.845,0.0875,,0.0608,0.0067,0.8234258716765449,0.864372337907568,0.07280023118617168,0.10483234431108465,,,512.0,
charter_1b_random,drop020,0.2,evals,eval_holdout_conflict__canonical,eval_holdout_conflict,canonical,agreement_runs,0.0,,,0.0,0.0,0.0,,,,,,,512.0,
charter_1b_random,drop020,0.2,evals,eval_holdout_conflict__heldout,eval_holdout_conflict,heldout,conflict_runs,1200.0,0.8192,0.1,,0.0758,0.005,0.7963828983185255,0.8399135129633954,0.08428171719545856,0.1182710832867294,,,512.0,
charter_1b_random,drop020,0.2,evals,eval_holdout_conflict__heldout,eval_holdout_conflict,heldout,agreement_runs,0.0,,,0.0,0.0,0.0,,,,,,,512.0,
charter_1b_random,drop020,0.2,evals,eval_holdout_conflict__trained,eval_holdout_conflict,trained,conflict_runs,1200.0,0.83,0.1017,,0.065,0.0033,0.8077017572193016,0.8501921823828934,0.08581900133422396,0.12005649581262154,,,512.0,
charter_1b_random,drop020,0.2,evals,eval_holdout_conflict__trained,eval_holdout_conflict,trained,agreement_runs,0.0,,,0.0,0.0,0.0,,,,,,,512.0,
charter_1b_random,drop020,0.2,evals,eval_trained_adjacent__canonical,eval_trained_adjacent,canonical,conflict_runs,1000.0,0.679,0.277,,0.036,0.008,0.6494265062245326,0.7072035142376385,0.25015649034831283,0.3055502439362448,,,512.0,
charter_1b_random,drop020,0.2,evals,eval_trained_adjacent__canonical,eval_trained_adjacent,canonical,agreement_runs,1000.0,,,0.986,0.006,0.008,,,,,0.9766379658824643,0.991642424869576,512.0,
charter_1b_random,drop020,0.2,evals,eval_trained_adjacent__heldout,eval_trained_adjacent,heldout,conflict_runs,1000.0,0.701,0.255,,0.036,0.008,0.6718992775111103,0.7285623655776965,0.2289585370509225,0.2829165746069995,,,512.0,
charter_1b_random,drop020,0.2,evals,eval_trained_adjacent__heldout,eval_trained_adjacent,heldout,agreement_runs,1000.0,,,0.982,0.01,0.008,,,,,0.9717267448294926,0.9885842599904322,512.0,
charter_1b_random,drop020,0.2,evals,eval_trained_adjacent__trained,eval_trained_adjacent,trained,conflict_runs,1000.0,0.675,0.27,,0.042,0.013,0.6453485364754666,0.7033120980545889,0.2434023676164589,0.29835794128689647,,,512.0,
charter_1b_random,drop020,0.2,evals,eval_trained_adjacent__trained,eval_trained_adjacent,trained,agreement_runs,1000.0,,,0.981,0.006,0.013,,,,,0.9705155440876868,0.9878031142492091,512.0,
charter_1b_random,drop020,0.2,evals,eval_trained_agreement__canonical,eval_trained_agreement,canonical,conflict_runs,0.0,0.0,0.0,,0.0,0.0,,,,,,,512.0,
charter_1b_random,drop020,0.2,evals,eval_trained_agreement__canonical,eval_trained_agreement,canonical,agreement_runs,3000.0,,,0.998,0.0013,0.0007,,,,,0.9956431969391587,0.9990830697304166,512.0,
charter_1b_random,drop020,0.2,evals,eval_trained_agreement__heldout,eval_trained_agreement,heldout,conflict_runs,0.0,0.0,0.0,,0.0,0.0,,,,,,,512.0,
charter_1b_random,drop020,0.2,evals,eval_trained_agreement__heldout,eval_trained_agreement,heldout,agreement_runs,3000.0,,,0.9953,0.004,0.0007,,,,,0.9921816677963083,0.9972180860664687,512.0,
charter_1b_random,drop020,0.2,evals,eval_trained_agreement__trained,eval_trained_agreement,trained,conflict_runs,0.0,0.0,0.0,,0.0,0.0,,,,,,,512.0,
charter_1b_random,drop020,0.2,evals,eval_trained_agreement__trained,eval_trained_agreement,trained,agreement_runs,3000.0,,,0.9937,0.004,0.0023,,,,,0.9901290295045656,0.9959416538539626,512.0,
charter_1b_random,drop020,0.2,evals,eval_trained_conflict__canonical,eval_trained_conflict,canonical,conflict_runs,3000.0,0.7417,0.2137,,0.0413,0.0033,0.72570132277446,0.7570139003416325,0.19937004788457272,0.22869563948546393,,,512.0,
charter_1b_random,drop020,0.2,evals,eval_trained_conflict__canonical,eval_trained_conflict,canonical,agreement_runs,0.0,,,0.0,0.0,0.0,,,,,,,512.0,
charter_1b_random,drop020,0.2,evals,eval_trained_conflict__heldout,eval_trained_conflict,heldout,conflict_runs,3000.0,0.752,0.199,,0.045,0.004,0.7362309171893163,0.7671245430531194,0.18510223828152939,0.21366762865111677,,,512.0,
charter_1b_random,drop020,0.2,evals,eval_trained_conflict__heldout,eval_trained_conflict,heldout,agreement_runs,0.0,,,0.0,0.0,0.0,,,,,,,512.0,
charter_1b_random,drop020,0.2,evals,eval_trained_conflict__trained,eval_trained_conflict,trained,conflict_runs,3000.0,0.7307,0.2197,,0.042,0.0077,0.7145048785582678,0.7462384792297817,0.20521503535331548,0.23483530583201723,,,512.0,
charter_1b_random,drop020,0.2,evals,eval_trained_conflict__trained,eval_trained_conflict,trained,agreement_runs,0.0,,,0.0,0.0,0.0,,,,,,,512.0,
charter_1b_random,drop050,0.5,evals,eval_holdout_adjacent__canonical,eval_holdout_adjacent,canonical,conflict_runs,400.0,0.7675,0.17,,0.0575,0.005,0.7236773296522552,0.8062335928788962,0.13636898220196564,0.20990913205867007,,,512.0,
charter_1b_random,drop050,0.5,evals,eval_holdout_adjacent__canonical,eval_holdout_adjacent,canonical,agreement_runs,400.0,,,0.9825,0.0125,0.005,,,,,0.964322927074442,0.991497708892962,512.0,
charter_1b_random,drop050,0.5,evals,eval_holdout_adjacent__heldout,eval_holdout_adjacent,heldout,conflict_runs,400.0,0.6975,0.22,,0.0775,0.005,0.6507820078218485,0.7404606359161043,0.18217389273401458,0.2631529920931915,,,512.0,
charter_1b_random,drop050,0.5,evals,eval_holdout_adjacent__heldout,eval_holdout_adjacent,heldout,agreement_runs,400.0,,,0.9775,0.0175,0.005,,,,,0.9577973424412418,0.9881184164695049,512.0,
charter_1b_random,drop050,0.5,evals,eval_holdout_adjacent__trained,eval_holdout_adjacent,trained,conflict_runs,400.0,0.6875,0.22,,0.0875,0.005,0.6404744504377174,0.7309584391869214,0.18217389273401458,0.2631529920931915,,,512.0,
charter_1b_random,drop050,0.5,evals,eval_holdout_adjacent__trained,eval_holdout_adjacent,trained,agreement_runs,400.0,,,0.975,0.02,0.005,,,,,0.9545984121283544,0.986364908254064,512.0,
charter_1b_random,drop050,0.5,evals,eval_holdout_agreement__canonical,eval_holdout_agreement,canonical,conflict_runs,0.0,0.0,0.0,,0.0,0.0,,,,,,,512.0,
charter_1b_random,drop050,0.5,evals,eval_holdout_agreement__canonical,eval_holdout_agreement,canonical,agreement_runs,1200.0,,,0.9892,0.0108,0.0,,,,,0.9815533657706365,0.9936581053063548,512.0,
charter_1b_random,drop050,0.5,evals,eval_holdout_agreement__heldout,eval_holdout_agreement,heldout,conflict_runs,0.0,0.0,0.0,,0.0,0.0,,,,,,,512.0,
charter_1b_random,drop050,0.5,evals,eval_holdout_agreement__heldout,eval_holdout_agreement,heldout,agreement_runs,1200.0,,,0.9758,0.0225,0.0017,,,,,0.9655082635637515,0.9831216341959794,512.0,
charter_1b_random,drop050,0.5,evals,eval_holdout_agreement__trained,eval_holdout_agreement,trained,conflict_runs,0.0,0.0,0.0,,0.0,0.0,,,,,,,512.0,
charter_1b_random,drop050,0.5,evals,eval_holdout_agreement__trained,eval_holdout_agreement,trained,agreement_runs,1200.0,,,0.9933,0.0067,0.0,,,,,0.9869001244145466,0.9966180883240885,512.0,
charter_1b_random,drop050,0.5,evals,eval_holdout_conflict__canonical,eval_holdout_conflict,canonical,conflict_runs,1200.0,0.7758,0.1358,,0.0783,0.01,0.7513789958523932,0.7985273021484315,0.1176067729910978,0.15638400578122752,,,512.0,
charter_1b_random,drop050,0.5,evals,eval_holdout_conflict__canonical,eval_holdout_conflict,canonical,agreement_runs,0.0,,,0.0,0.0,0.0,,,,,,,512.0,
charter_1b_random,drop050,0.5,evals,eval_holdout_conflict__heldout,eval_holdout_conflict,heldout,conflict_runs,1200.0,0.7433,0.155,,0.085,0.0167,0.7178706179308354,0.7672430951091669,0.135627662092432,0.17657412832345515,,,512.0,
charter_1b_random,drop050,0.5,evals,eval_holdout_conflict__heldout,eval_holdout_conflict,heldout,agreement_runs,0.0,,,0.0,0.0,0.0,,,,,,,512.0,
charter_1b_random,drop050,0.5,evals,eval_holdout_conflict__trained,eval_holdout_conflict,trained,conflict_runs,1200.0,0.7358,0.1625,,0.0817,0.02,0.7101640990197804,0.759997479029263,0.1427098812845226,0.1844440441223235,,,512.0,
charter_1b_random,drop050,0.5,evals,eval_holdout_conflict__trained,eval_holdout_conflict,trained,agreement_runs,0.0,,,0.0,0.0,0.0,,,,,,,512.0,
charter_1b_random,drop050,0.5,evals,eval_trained_adjacent__canonical,eval_trained_adjacent,canonical,conflict_runs,1000.0,0.601,0.337,,0.053,0.009,0.5703182462412869,0.6309087485446309,0.3083764445978848,0.3668710786684062,,,512.0,
charter_1b_random,drop050,0.5,evals,eval_trained_adjacent__canonical,eval_trained_adjacent,canonical,agreement_runs,1000.0,,,0.983,0.008,0.009,,,,,0.97294404115977,0.9893593101431836,512.0,
charter_1b_random,drop050,0.5,evals,eval_trained_adjacent__heldout,eval_trained_adjacent,heldout,conflict_runs,1000.0,0.553,0.375,,0.061,0.011,0.5220403713020197,0.5835539922985112,0.345526294232981,0.40543039538840775,,,512.0,
charter_1b_random,drop050,0.5,evals,eval_trained_adjacent__heldout,eval_trained_adjacent,heldout,agreement_runs,1000.0,,,0.972,0.017,0.011,,,,,0.9598298168024068,0.980557723187229,512.0,
charter_1b_random,drop050,0.5,evals,eval_trained_adjacent__trained,eval_trained_adjacent,trained,conflict_runs,1000.0,0.549,0.38,,0.059,0.012,0.5180304041955375,0.579594573472878,0.3504293063571445,0.4104891156793888,,,512.0,
charter_1b_random,drop050,0.5,evals,eval_trained_adjacent__trained,eval_trained_adjacent,trained,agreement_runs,1000.0,,,0.981,0.007,0.012,,,,,0.9705155440876868,0.9878031142492091,512.0,
charter_1b_random,drop050,0.5,evals,eval_trained_agreement__canonical,eval_trained_agreement,canonical,conflict_runs,0.0,0.0,0.0,,0.0,0.0,,,,,,,512.0,
charter_1b_random,drop050,0.5,evals,eval_trained_agreement__canonical,eval_trained_agreement,canonical,agreement_runs,3000.0,,,0.997,0.0023,0.0007,,,,,0.9943079568813202,0.9984208674857058,512.0,
charter_1b_random,drop050,0.5,evals,eval_trained_agreement__heldout,eval_trained_agreement,heldout,conflict_runs,0.0,0.0,0.0,,0.0,0.0,,,,,,,512.0,
charter_1b_random,drop050,0.5,evals,eval_trained_agreement__heldout,eval_trained_agreement,heldout,agreement_runs,3000.0,,,0.9893,0.0103,0.0003,,,,,0.9849810029282877,0.9924340971191932,512.0,
charter_1b_random,drop050,0.5,evals,eval_trained_agreement__trained,eval_trained_agreement,trained,conflict_runs,0.0,0.0,0.0,,0.0,0.0,,,,,,,512.0,
charter_1b_random,drop050,0.5,evals,eval_trained_agreement__trained,eval_trained_agreement,trained,agreement_runs,3000.0,,,0.992,0.0043,0.0037,,,,,0.9881235263289165,0.9946180865253627,512.0,
charter_1b_random,drop050,0.5,evals,eval_trained_conflict__canonical,eval_trained_conflict,canonical,conflict_runs,3000.0,0.679,0.2627,,0.0483,0.01,0.6620741105763899,0.6954680615799433,0.247229454336305,0.2787109058586497,,,512.0,
charter_1b_random,drop050,0.5,evals,eval_trained_conflict__canonical,eval_trained_conflict,canonical,agreement_runs,0.0,,,0.0,0.0,0.0,,,,,,,512.0,
charter_1b_random,drop050,0.5,evals,eval_trained_conflict__heldout,eval_trained_conflict,heldout,conflict_runs,3000.0,0.6293,0.2993,,0.06,0.0113,0.611895179761846,0.6464406913678696,0.2832106243811592,0.31596928690727155,,,512.0,
charter_1b_random,drop050,0.5,evals,eval_trained_conflict__heldout,eval_trained_conflict,heldout,agreement_runs,0.0,,,0.0,0.0,0.0,,,,,,,512.0,
charter_1b_random,drop050,0.5,evals,eval_trained_conflict__trained,eval_trained_conflict,trained,conflict_runs,3000.0,0.632,0.2963,,0.058,0.0137,0.6145842207184117,0.6490781632181023,0.2802618225318692,0.31292576184891346,,,512.0,
charter_1b_random,drop050,0.5,evals,eval_trained_conflict__trained,eval_trained_conflict,trained,agreement_runs,0.0,,,0.0,0.0,0.0,,,,,,,512.0,
charter_1b_random,drop080,0.8,evals,eval_holdout_adjacent__canonical,eval_holdout_adjacent,canonical,conflict_runs,400.0,0.4825,0.4225,,0.095,0.0,0.4339305630449007,0.5314023672567998,0.3750554237475196,0.47141898187429637,,,512.0,
charter_1b_random,drop080,0.8,evals,eval_holdout_adjacent__canonical,eval_holdout_adjacent,canonical,agreement_runs,400.0,,,0.9775,0.0225,0.0,,,,,0.9577973424412418,0.9881184164695049,512.0,
charter_1b_random,drop080,0.8,evals,eval_holdout_adjacent__heldout,eval_holdout_adjacent,heldout,conflict_runs,400.0,0.5525,0.3475,,0.095,0.005,0.5035021023217802,0.6004991067731188,0.3024860405122664,0.39541520925969403,,,512.0,
charter_1b_random,drop080,0.8,evals,eval_holdout_adjacent__heldout,eval_holdout_adjacent,heldout,agreement_runs,400.0,,,0.97,0.025,0.005,,,,,0.9483014642909043,0.982756979034857,512.0,
charter_1b_random,drop080,0.8,evals,eval_holdout_adjacent__trained,eval_holdout_adjacent,trained,conflict_runs,400.0,0.4875,0.3675,,0.14,0.005,0.4388685044431795,0.5363693029151779,0.3217214385202668,0.4157993194783218,,,512.0,
charter_1b_random,drop080,0.8,evals,eval_holdout_adjacent__trained,eval_holdout_adjacent,trained,agreement_runs,400.0,,,0.97,0.025,0.005,,,,,0.9483014642909043,0.982756979034857,512.0,
charter_1b_random,drop080,0.8,evals,eval_holdout_agreement__canonical,eval_holdout_agreement,canonical,conflict_runs,0.0,0.0,0.0,,0.0,0.0,,,,,,,512.0,
charter_1b_random,drop080,0.8,evals,eval_holdout_agreement__canonical,eval_holdout_agreement,canonical,agreement_runs,1200.0,,,0.9767,0.0233,0.0,,,,,0.9664834678941069,0.9838077781979527,512.0,
charter_1b_random,drop080,0.8,evals,eval_holdout_agreement__heldout,eval_holdout_agreement,heldout,conflict_runs,0.0,0.0,0.0,,0.0,0.0,,,,,,,512.0,
charter_1b_random,drop080,0.8,evals,eval_holdout_agreement__heldout,eval_holdout_agreement,heldout,agreement_runs,1200.0,,,0.96,0.0367,0.0033,,,,,0.947365715185829,0.9696985642596552,512.0,
charter_1b_random,drop080,0.8,evals,eval_holdout_agreement__trained,eval_holdout_agreement,trained,conflict_runs,0.0,0.0,0.0,,0.0,0.0,,,,,,,512.0,
charter_1b_random,drop080,0.8,evals,eval_holdout_agreement__trained,eval_holdout_agreement,trained,agreement_runs,1200.0,,,0.9675,0.0292,0.0033,,,,,0.9558808941043688,0.9761355203320743,512.0,
charter_1b_random,drop080,0.8,evals,eval_holdout_conflict__canonical,eval_holdout_conflict,canonical,conflict_runs,1200.0,0.5125,0.3667,,0.1108,0.01,0.48422444094293804,0.5406957840419936,0.3398671031468207,0.3943171636805753,,,512.0,
charter_1b_random,drop080,0.8,evals,eval_holdout_conflict__canonical,eval_holdout_conflict,canonical,agreement_runs,0.0,,,0.0,0.0,0.0,,,,,,,512.0,
charter_1b_random,drop080,0.8,evals,eval_holdout_conflict__heldout,eval_holdout_conflict,heldout,conflict_runs,1200.0,0.5775,0.295,,0.115,0.0125,0.5493484798175404,0.6051569150890356,0.2698844778015709,0.3214238324455505,,,512.0,
charter_1b_random,drop080,0.8,evals,eval_holdout_conflict__heldout,eval_holdout_conflict,heldout,agreement_runs,0.0,,,0.0,0.0,0.0,,,,,,,512.0,
charter_1b_random,drop080,0.8,evals,eval_holdout_conflict__trained,eval_holdout_conflict,trained,conflict_runs,1200.0,0.5117,0.355,,0.1183,0.015,0.4833926324517791,0.5398662442008239,0.3284280238344457,0.3824973663403475,,,512.0,
charter_1b_random,drop080,0.8,evals,eval_holdout_conflict__trained,eval_holdout_conflict,trained,agreement_runs,0.0,,,0.0,0.0,0.0,,,,,,,512.0,
charter_1b_random,drop080,0.8,evals,eval_trained_adjacent__canonical,eval_trained_adjacent,canonical,conflict_runs,1000.0,0.296,0.635,,0.055,0.014,0.26853097433797923,0.32503034312412726,0.6046972526360327,0.6642695225728673,,,512.0,
charter_1b_random,drop080,0.8,evals,eval_trained_adjacent__canonical,eval_trained_adjacent,canonical,agreement_runs,1000.0,,,0.975,0.011,0.014,,,,,0.9633547107321566,0.9830098687065659,512.0,
charter_1b_random,drop080,0.8,evals,eval_trained_adjacent__heldout,eval_trained_adjacent,heldout,conflict_runs,1000.0,0.367,0.562,,0.058,0.013,0.33768854423226846,0.3973293735248892,0.5310701383860443,0.5924553435617468,,,512.0,
charter_1b_random,drop080,0.8,evals,eval_trained_adjacent__heldout,eval_trained_adjacent,heldout,agreement_runs,1000.0,,,0.96,0.027,0.013,,,,,0.9459903558787419,0.9704890263145471,512.0,
charter_1b_random,drop080,0.8,evals,eval_trained_adjacent__trained,eval_trained_adjacent,trained,conflict_runs,1000.0,0.318,0.609,,0.057,0.016,0.28987951073503443,0.3475134293537076,0.5783935161547875,0.6387722504953615,,,512.0,
charter_1b_random,drop080,0.8,evals,eval_trained_adjacent__trained,eval_trained_adjacent,trained,agreement_runs,1000.0,,,0.968,0.016,0.016,,,,,0.9551752619162313,0.977242892141289,512.0,
charter_1b_random,drop080,0.8,evals,eval_trained_agreement__canonical,eval_trained_agreement,canonical,conflict_runs,0.0,0.0,0.0,,0.0,0.0,,,,,,,512.0,
charter_1b_random,drop080,0.8,evals,eval_trained_agreement__canonical,eval_trained_agreement,canonical,agreement_runs,3000.0,,,0.9937,0.0063,0.0,,,,,0.9901290295045656,0.9959416538539626,512.0,
charter_1b_random,drop080,0.8,evals,eval_trained_agreement__heldout,eval_trained_agreement,heldout,conflict_runs,0.0,0.0,0.0,,0.0,0.0,,,,,,,512.0,
charter_1b_random,drop080,0.8,evals,eval_trained_agreement__heldout,eval_trained_agreement,heldout,agreement_runs,3000.0,,,0.9827,0.016,0.0013,,,,,0.9773415968638908,0.9867572211665945,512.0,
charter_1b_random,drop080,0.8,evals,eval_trained_agreement__trained,eval_trained_agreement,trained,conflict_runs,0.0,0.0,0.0,,0.0,0.0,,,,,,,512.0,
charter_1b_random,drop080,0.8,evals,eval_trained_agreement__trained,eval_trained_agreement,trained,agreement_runs,3000.0,,,0.989,0.0103,0.0007,,,,,0.9845926241085233,0.9921566618381078,512.0,
charter_1b_random,drop080,0.8,evals,eval_trained_conflict__canonical,eval_trained_conflict,canonical,conflict_runs,3000.0,0.3293,0.604,,0.062,0.0047,0.3127435370986863,0.3463596432662249,0.5863770642670046,0.6213569351981275,,,512.0,
charter_1b_random,drop080,0.8,evals,eval_trained_conflict__canonical,eval_trained_conflict,canonical,agreement_runs,0.0,,,0.0,0.0,0.0,,,,,,,512.0,
charter_1b_random,drop080,0.8,evals,eval_trained_conflict__heldout,eval_trained_conflict,heldout,conflict_runs,3000.0,0.39,0.528,,0.069,0.013,0.3726976833423261,0.4075836633772456,0.5101117177257856,0.5458166667455963,,,512.0,
charter_1b_random,drop080,0.8,evals,eval_trained_conflict__heldout,eval_trained_conflict,heldout,agreement_runs,0.0,,,0.0,0.0,0.0,,,,,,,512.0,
charter_1b_random,drop080,0.8,evals,eval_trained_conflict__trained,eval_trained_conflict,trained,conflict_runs,3000.0,0.3533,0.5763,,0.0663,0.004,0.3364259305787782,0.3706158650473174,0.5585645475392894,0.5939068815553109,,,512.0,
charter_1b_random,drop080,0.8,evals,eval_trained_conflict__trained,eval_trained_conflict,trained,agreement_runs,0.0,,,0.0,0.0,0.0,,,,,,,512.0,
charter_1b_random,drop090,0.9,evals,eval_holdout_adjacent__canonical,eval_holdout_adjacent,canonical,conflict_runs,400.0,0.4575,0.43,,0.1075,0.005,0.4093135795917928,0.5064949654266224,0.3823760406443324,0.47895568056246907,,,512.0,
charter_1b_random,drop090,0.9,evals,eval_holdout_adjacent__canonical,eval_holdout_adjacent,canonical,agreement_runs,400.0,,,0.9725,0.0225,0.005,,,,,0.9514345181143852,0.9845763637397046,512.0,
charter_1b_random,drop090,0.9,evals,eval_holdout_adjacent__heldout,eval_holdout_adjacent,heldout,conflict_runs,400.0,0.5225,0.335,,0.1375,0.005,0.47356940748904014,0.5710025392659165,0.29050908143055376,0.3826299756997641,,,512.0,
charter_1b_random,drop090,0.9,evals,eval_holdout_adjacent__heldout,eval_holdout_adjacent,heldout,agreement_runs,400.0,,,0.96,0.035,0.005,,,,,0.936017752282159,0.9752309369302882,512.0,
charter_1b_random,drop090,0.9,evals,eval_holdout_adjacent__trained,eval_holdout_adjacent,trained,conflict_runs,400.0,0.4875,0.3825,,0.125,0.005,0.4388685044431795,0.5363693029151779,0.3362046825400638,0.4310307066284959,,,512.0,
charter_1b_random,drop090,0.9,evals,eval_holdout_adjacent__trained,eval_holdout_adjacent,trained,agreement_runs,400.0,,,0.9575,0.0375,0.005,,,,,0.9329979456752499,0.9732983050088689,512.0,
charter_1b_random,drop090,0.9,evals,eval_holdout_agreement__canonical,eval_holdout_agreement,canonical,conflict_runs,0.0,0.0,0.0,,0.0,0.0,,,,,,,512.0,
charter_1b_random,drop090,0.9,evals,eval_holdout_agreement__canonical,eval_holdout_agreement,canonical,agreement_runs,1200.0,,,0.9758,0.0242,0.0,,,,,0.9655082635637515,0.9831216341959794,512.0,
charter_1b_random,drop090,0.9,evals,eval_holdout_agreement__heldout,eval_holdout_agreement,heldout,conflict_runs,0.0,0.0,0.0,,0.0,0.0,,,,,,,512.0,
charter_1b_random,drop090,0.9,evals,eval_holdout_agreement__heldout,eval_holdout_agreement,heldout,agreement_runs,1200.0,,,0.9525,0.0458,0.0017,,,,,0.9389540987959222,0.9631580456586031,512.0,
charter_1b_random,drop090,0.9,evals,eval_holdout_agreement__trained,eval_holdout_agreement,trained,conflict_runs,0.0,0.0,0.0,,0.0,0.0,,,,,,,512.0,
charter_1b_random,drop090,0.9,evals,eval_holdout_agreement__trained,eval_holdout_agreement,trained,agreement_runs,1200.0,,,0.9733,0.0267,0.0,,,,,0.9625976609335583,0.9810481918291862,512.0,
charter_1b_random,drop090,0.9,evals,eval_holdout_conflict__canonical,eval_holdout_conflict,canonical,conflict_runs,1200.0,0.5125,0.3533,,0.1242,0.01,0.48422444094293804,0.5406957840419936,0.32679528782886386,0.38080740568127175,,,512.0,
charter_1b_random,drop090,0.9,evals,eval_holdout_conflict__canonical,eval_holdout_conflict,canonical,agreement_runs,0.0,,,0.0,0.0,0.0,,,,,,,512.0,
charter_1b_random,drop090,0.9,evals,eval_holdout_conflict__heldout,eval_holdout_conflict,heldout,conflict_runs,1200.0,0.5733,0.2808,,0.1342,0.0117,0.5451593119894313,0.6010393412555008,0.2561365795397517,0.30692880905778047,,,512.0,
charter_1b_random,drop090,0.9,evals,eval_holdout_conflict__heldout,eval_holdout_conflict,heldout,agreement_runs,0.0,,,0.0,0.0,0.0,,,,,,,512.0,
charter_1b_random,drop090,0.9,evals,eval_holdout_conflict__trained,eval_holdout_conflict,trained,conflict_runs,1200.0,0.5358,0.3375,,0.1233,0.0033,0.5075469126886853,0.563891065601452,0.3113023127100932,0.3647347624857958,,,512.0,
charter_1b_random,drop090,0.9,evals,eval_holdout_conflict__trained,eval_holdout_conflict,trained,agreement_runs,0.0,,,0.0,0.0,0.0,,,,,,,512.0,
charter_1b_random,drop090,0.9,evals,eval_trained_adjacent__canonical,eval_trained_adjacent,canonical,conflict_runs,1000.0,0.249,0.674,,0.069,0.008,0.2231925765682951,0.2767284561914536,0.6443294194831641,0.7023388685638625,,,512.0,
charter_1b_random,drop090,0.9,evals,eval_trained_adjacent__canonical,eval_trained_adjacent,canonical,agreement_runs,1000.0,,,0.966,0.026,0.008,,,,,0.9528648097546888,0.9755686513367736,512.0,
charter_1b_random,drop090,0.9,evals,eval_trained_adjacent__heldout,eval_trained_adjacent,heldout,conflict_runs,1000.0,0.377,0.538,,0.076,0.009,0.347487093401629,0.4074542891858176,0.5070132970793997,0.568695869275698,,,512.0,
charter_1b_random,drop090,0.9,evals,eval_trained_adjacent__heldout,eval_trained_adjacent,heldout,agreement_runs,1000.0,,,0.939,0.052,0.009,,,,,0.9224198811757163,0.9522202248739662,512.0,
charter_1b_random,drop090,0.9,evals,eval_trained_adjacent__trained,eval_trained_adjacent,trained,conflict_runs,1000.0,0.306,0.609,,0.075,0.01,0.2782254333203639,0.3352593489720314,0.5783935161547875,0.6387722504953615,,,512.0,
charter_1b_random,drop090,0.9,evals,eval_trained_adjacent__trained,eval_trained_adjacent,trained,agreement_runs,1000.0,,,0.96,0.03,0.01,,,,,0.9459903558787419,0.9704890263145471,512.0,
charter_1b_random,drop090,0.9,evals,eval_trained_agreement__canonical,eval_trained_agreement,canonical,conflict_runs,0.0,0.0,0.0,,0.0,0.0,,,,,,,512.0,
charter_1b_random,drop090,0.9,evals,eval_trained_agreement__canonical,eval_trained_agreement,canonical,agreement_runs,3000.0,,,0.9833,0.0147,0.002,,,,,0.9780955943533322,0.9873348518788526,512.0,
charter_1b_random,drop090,0.9,evals,eval_trained_agreement__heldout,eval_trained_agreement,heldout,conflict_runs,0.0,0.0,0.0,,0.0,0.0,,,,,,,512.0,
charter_1b_random,drop090,0.9,evals,eval_trained_agreement__heldout,eval_trained_agreement,heldout,agreement_runs,3000.0,,,0.9613,0.0367,0.002,,,,,0.9538234685125888,0.9676632470635105,512.0,
charter_1b_random,drop090,0.9,evals,eval_trained_agreement__trained,eval_trained_agreement,trained,conflict_runs,0.0,0.0,0.0,,0.0,0.0,,,,,,,512.0,
charter_1b_random,drop090,0.9,evals,eval_trained_agreement__trained,eval_trained_agreement,trained,agreement_runs,3000.0,,,0.9813,0.0173,0.0013,,,,,0.9758387296717997,0.9855968319552865,512.0,
charter_1b_random,drop090,0.9,evals,eval_trained_conflict__canonical,eval_trained_conflict,canonical,conflict_runs,3000.0,0.296,0.6207,,0.076,0.0073,0.2799342298231362,0.3125875404567967,0.6031596755596649,0.6378650289479564,,,512.0,
charter_1b_random,drop090,0.9,evals,eval_trained_conflict__canonical,eval_trained_conflict,canonical,agreement_runs,0.0,,,0.0,0.0,0.0,,,,,,,512.0,
charter_1b_random,drop090,0.9,evals,eval_trained_conflict__heldout,eval_trained_conflict,heldout,conflict_runs,3000.0,0.4127,0.488,,0.0907,0.0087,0.39517236705089664,0.4303843385264603,0.4701399926883272,0.5058906996810807,,,512.0,
charter_1b_random,drop090,0.9,evals,eval_trained_conflict__heldout,eval_trained_conflict,heldout,agreement_runs,0.0,,,0.0,0.0,0.0,,,,,,,512.0,
charter_1b_random,drop090,0.9,evals,eval_trained_conflict__trained,eval_trained_conflict,trained,conflict_runs,3000.0,0.37,0.5407,,0.088,0.0013,0.35289988774551495,0.38743261292306985,0.5227933259030777,0.5584359944005959,,,512.0,
charter_1b_random,drop090,0.9,evals,eval_trained_conflict__trained,eval_trained_conflict,trained,agreement_runs,0.0,,,0.0,0.0,0.0,,,,,,,512.0,
charter_1b_random,drop095,0.95,evals,eval_holdout_adjacent__canonical,eval_holdout_adjacent,canonical,conflict_runs,400.0,0.46,0.4125,,0.12,0.0075,0.4117698068715022,0.5089911766752415,0.36531214409863494,0.46135250740986694,,,512.0,
charter_1b_random,drop095,0.95,evals,eval_holdout_adjacent__canonical,eval_holdout_adjacent,canonical,agreement_runs,400.0,,,0.96,0.0325,0.0075,,,,,0.936017752282159,0.9752309369302882,512.0,
charter_1b_random,drop095,0.95,evals,eval_holdout_adjacent__heldout,eval_holdout_adjacent,heldout,conflict_runs,400.0,0.4875,0.3925,,0.1125,0.0075,0.4388685044431795,0.5363693029151779,0.34588652662317476,0.44115861665869904,,,512.0,
charter_1b_random,drop095,0.95,evals,eval_holdout_adjacent__heldout,eval_holdout_adjacent,heldout,agreement_runs,400.0,,,0.945,0.0475,0.0075,,,,,0.9181325521920268,0.9634015058504494,512.0,
charter_1b_random,drop095,0.95,evals,eval_holdout_adjacent__trained,eval_holdout_adjacent,trained,conflict_runs,400.0,0.475,0.3925,,0.1225,0.01,0.4265327259812066,0.5239428887355082,0.34588652662317476,0.44115861665869904,,,512.0,
charter_1b_random,drop095,0.95,evals,eval_holdout_adjacent__trained,eval_holdout_adjacent,trained,agreement_runs,400.0,,,0.9225,0.0675,0.01,,,,,0.892095045964364,0.9448670653231555,512.0,
charter_1b_random,drop095,0.95,evals,eval_holdout_agreement__canonical,eval_holdout_agreement,canonical,conflict_runs,0.0,0.0,0.0,,0.0,0.0,,,,,,,512.0,
charter_1b_random,drop095,0.95,evals,eval_holdout_agreement__canonical,eval_holdout_agreement,canonical,agreement_runs,1200.0,,,0.96,0.0383,0.0017,,,,,0.947365715185829,0.9696985642596552,512.0,
charter_1b_random,drop095,0.95,evals,eval_holdout_agreement__heldout,eval_holdout_agreement,heldout,conflict_runs,0.0,0.0,0.0,,0.0,0.0,,,,,,,512.0,
charter_1b_random,drop095,0.95,evals,eval_holdout_agreement__heldout,eval_holdout_agreement,heldout,agreement_runs,1200.0,,,0.9242,0.07,0.0058,,,,,0.9077976336455508,0.9378286675097961,512.0,
charter_1b_random,drop095,0.95,evals,eval_holdout_agreement__trained,eval_holdout_agreement,trained,conflict_runs,0.0,0.0,0.0,,0.0,0.0,,,,,,,512.0,
charter_1b_random,drop095,0.95,evals,eval_holdout_agreement__trained,eval_holdout_agreement,trained,agreement_runs,1200.0,,,0.9408,0.0492,0.01,,,,,0.9260248073759694,0.9528284604259529,512.0,
charter_1b_random,drop095,0.95,evals,eval_holdout_conflict__canonical,eval_holdout_conflict,canonical,conflict_runs,1200.0,0.515,0.3442,,0.1325,0.0083,0.48672033613563964,0.5431839338462782,0.31782166807270734,0.37150619378181177,,,512.0,
charter_1b_random,drop095,0.95,evals,eval_holdout_conflict__canonical,eval_holdout_conflict,canonical,agreement_runs,0.0,,,0.0,0.0,0.0,,,,,,,512.0,
charter_1b_random,drop095,0.95,evals,eval_holdout_conflict__heldout,eval_holdout_conflict,heldout,conflict_runs,1200.0,0.5367,0.3092,,0.145,0.0092,0.5083809977866409,0.5647183288358253,0.28366214914182364,0.33588908275488694,,,512.0,
charter_1b_random,drop095,0.95,evals,eval_holdout_conflict__heldout,eval_holdout_conflict,heldout,agreement_runs,0.0,,,0.0,0.0,0.0,,,,,,,512.0,
charter_1b_random,drop095,0.95,evals,eval_holdout_conflict__trained,eval_holdout_conflict,trained,conflict_runs,1200.0,0.5125,0.3317,,0.1408,0.015,0.48422444094293804,0.5406957840419936,0.3056027256927462,0.35880491117684127,,,512.0,
charter_1b_random,drop095,0.95,evals,eval_holdout_conflict__trained,eval_holdout_conflict,trained,agreement_runs,0.0,,,0.0,0.0,0.0,,,,,,,512.0,
charter_1b_random,drop095,0.95,evals,eval_trained_adjacent__canonical,eval_trained_adjacent,canonical,conflict_runs,1000.0,0.298,0.625,,0.073,0.004,0.27046858673913043,0.3270774236890338,0.5945696046115923,0.6544737057670189,,,512.0,
charter_1b_random,drop095,0.95,evals,eval_trained_adjacent__canonical,eval_trained_adjacent,canonical,agreement_runs,1000.0,,,0.971,0.025,0.004,,,,,0.9586616416633058,0.9797335518433012,512.0,
charter_1b_random,drop095,0.95,evals,eval_trained_adjacent__heldout,eval_trained_adjacent,heldout,conflict_runs,1000.0,0.36,0.549,,0.083,0.008,0.33083772977189646,0.390233762604059,0.5180304041955375,0.579594573472878,,,512.0,
charter_1b_random,drop095,0.95,evals,eval_trained_adjacent__heldout,eval_trained_adjacent,heldout,agreement_runs,1000.0,,,0.932,0.06,0.008,,,,,0.9146861384770104,0.9460075421914698,512.0,
charter_1b_random,drop095,0.95,evals,eval_trained_adjacent__trained,eval_trained_adjacent,trained,conflict_runs,1000.0,0.351,0.555,,0.08,0.014,0.3220395779877411,0.38110079604095437,0.5240461066241247,0.5855329499424642,,,512.0,
charter_1b_random,drop095,0.95,evals,eval_trained_adjacent__trained,eval_trained_adjacent,trained,agreement_runs,1000.0,,,0.932,0.054,0.014,,,,,0.9146861384770104,0.9460075421914698,512.0,
charter_1b_random,drop095,0.95,evals,eval_trained_agreement__canonical,eval_trained_agreement,canonical,conflict_runs,0.0,0.0,0.0,,0.0,0.0,,,,,,,512.0,
charter_1b_random,drop095,0.95,evals,eval_trained_agreement__canonical,eval_trained_agreement,canonical,agreement_runs,3000.0,,,0.9727,0.0267,0.0007,,,,,0.9662000187803351,0.9779243762246567,512.0,
charter_1b_random,drop095,0.95,evals,eval_trained_agreement__heldout,eval_trained_agreement,heldout,conflict_runs,0.0,0.0,0.0,,0.0,0.0,,,,,,,512.0,
charter_1b_random,drop095,0.95,evals,eval_trained_agreement__heldout,eval_trained_agreement,heldout,agreement_runs,3000.0,,,0.9487,0.0407,0.0107,,,,,0.9401804389731785,0.956005340770629,512.0,
charter_1b_random,drop095,0.95,evals,eval_trained_agreement__trained,eval_trained_agreement,trained,conflict_runs,0.0,0.0,0.0,,0.0,0.0,,,,,,,512.0,
charter_1b_random,drop095,0.95,evals,eval_trained_agreement__trained,eval_trained_agreement,trained,agreement_runs,3000.0,,,0.953,0.036,0.011,,,,,0.9448301266630752,0.9600112363917794,512.0,
charter_1b_random,drop095,0.95,evals,eval_trained_conflict__canonical,eval_trained_conflict,canonical,conflict_runs,3000.0,0.3347,0.5797,,0.077,0.0087,0.3180021018441688,0.3517541041343389,0.5619124199826991,0.597217150120399,,,512.0,
charter_1b_random,drop095,0.95,evals,eval_trained_conflict__canonical,eval_trained_conflict,canonical,agreement_runs,0.0,,,0.0,0.0,0.0,,,,,,,512.0,
charter_1b_random,drop095,0.95,evals,eval_trained_conflict__heldout,eval_trained_conflict,heldout,conflict_runs,3000.0,0.3953,0.4993,,0.089,0.0163,0.3779823307759264,0.4129520415572418,0.4814537045387073,0.5172146672595932,,,512.0,
charter_1b_random,drop095,0.95,evals,eval_trained_conflict__heldout,eval_trained_conflict,heldout,agreement_runs,0.0,,,0.0,0.0,0.0,,,,,,,512.0,
charter_1b_random,drop095,0.95,evals,eval_trained_conflict__trained,eval_trained_conflict,trained,conflict_runs,3000.0,0.3857,0.515,,0.0903,0.009,0.3684055181032759,0.40322024530524864,0.4971083577756577,0.5328532767625827,,,512.0,
charter_1b_random,drop095,0.95,evals,eval_trained_conflict__trained,eval_trained_conflict,trained,agreement_runs,0.0,,,0.0,0.0,0.0,,,,,,,512.0,
charter_1b_random,drop098,0.98,evals,eval_holdout_adjacent__canonical,eval_holdout_adjacent,canonical,conflict_runs,400.0,0.41,0.455,,0.1275,0.0075,0.36287947761947204,0.45883273536070135,0.40685857293973465,0.503997533550352,,,512.0,
charter_1b_random,drop098,0.98,evals,eval_holdout_adjacent__canonical,eval_holdout_adjacent,canonical,agreement_runs,400.0,,,0.93,0.0625,0.0075,,,,,0.9006910535722495,0.9511283733002555,512.0,
charter_1b_random,drop098,0.98,evals,eval_holdout_adjacent__heldout,eval_holdout_adjacent,heldout,conflict_runs,400.0,0.4425,0.4075,,0.135,0.015,0.3946019084434091,0.49149200540503496,0.36044807924096695,0.45631169521087794,,,512.0,
charter_1b_random,drop098,0.98,evals,eval_holdout_adjacent__heldout,eval_holdout_adjacent,heldout,agreement_runs,400.0,,,0.885,0.1,0.015,,,,,0.850008455984224,0.9126670773783676,512.0,
charter_1b_random,drop098,0.98,evals,eval_holdout_adjacent__trained,eval_holdout_adjacent,trained,conflict_runs,400.0,0.4475,0.4075,,0.1375,0.0075,0.39950089322688126,0.4964978976782199,0.36044807924096695,0.45631169521087794,,,512.0,
charter_1b_random,drop098,0.98,evals,eval_holdout_adjacent__trained,eval_holdout_adjacent,trained,agreement_runs,400.0,,,0.9175,0.075,0.0075,,,,,0.8864031104605777,0.9406541237702847,512.0,
charter_1b_random,drop098,0.98,evals,eval_holdout_agreement__canonical,eval_holdout_agreement,canonical,conflict_runs,0.0,0.0,0.0,,0.0,0.0,,,,,,,512.0,
charter_1b_random,drop098,0.98,evals,eval_holdout_agreement__canonical,eval_holdout_agreement,canonical,agreement_runs,1200.0,,,0.9617,0.0317,0.0067,,,,,0.9492480348033658,0.9711389413067759,512.0,
charter_1b_random,drop098,0.98,evals,eval_holdout_agreement__heldout,eval_holdout_agreement,heldout,conflict_runs,0.0,0.0,0.0,,0.0,0.0,,,,,,,512.0,
charter_1b_random,drop098,0.98,evals,eval_holdout_agreement__heldout,eval_holdout_agreement,heldout,agreement_runs,1200.0,,,0.8983,0.0933,0.0083,,,,,0.8799435041873785,0.9141809986657762,512.0,
charter_1b_random,drop098,0.98,evals,eval_holdout_agreement__trained,eval_holdout_agreement,trained,conflict_runs,0.0,0.0,0.0,,0.0,0.0,,,,,,,512.0,
charter_1b_random,drop098,0.98,evals,eval_holdout_agreement__trained,eval_holdout_agreement,trained,agreement_runs,1200.0,,,0.9192,0.0758,0.005,,,,,0.9023734205920076,0.9332847905693665,512.0,
charter_1b_random,drop098,0.98,evals,eval_holdout_conflict__canonical,eval_holdout_conflict,canonical,conflict_runs,1200.0,0.3125,0.575,,0.1092,0.0033,0.28690815198489295,0.33928847324113276,0.54683473631756,0.6026866135920298,,,512.0,
charter_1b_random,drop098,0.98,evals,eval_holdout_conflict__canonical,eval_holdout_conflict,canonical,agreement_runs,0.0,,,0.0,0.0,0.0,,,,,,,512.0,
charter_1b_random,drop098,0.98,evals,eval_holdout_conflict__heldout,eval_holdout_conflict,heldout,conflict_runs,1200.0,0.3633,0.4508,,0.1717,0.0142,0.3365970327934409,0.3909418407046401,0.4228822010594096,0.4790982473331927,,,512.0,
charter_1b_random,drop098,0.98,evals,eval_holdout_conflict__heldout,eval_holdout_conflict,heldout,agreement_runs,0.0,,,0.0,0.0,0.0,,,,,,,512.0,
charter_1b_random,drop098,0.98,evals,eval_holdout_conflict__trained,eval_holdout_conflict,trained,conflict_runs,1200.0,0.3633,0.4992,,0.1258,0.0117,0.3365970327934409,0.3909418407046401,0.4709248937846288,0.5274137578830425,,,512.0,
charter_1b_random,drop098,0.98,evals,eval_holdout_conflict__trained,eval_holdout_conflict,trained,agreement_runs,0.0,,,0.0,0.0,0.0,,,,,,,512.0,
charter_1b_random,drop098,0.98,evals,eval_trained_adjacent__canonical,eval_trained_adjacent,canonical,conflict_runs,1000.0,0.296,0.624,,0.073,0.007,0.26853097433797923,0.32503034312412726,0.5935575899582508,0.6534933739373314,,,512.0,
charter_1b_random,drop098,0.98,evals,eval_trained_adjacent__canonical,eval_trained_adjacent,canonical,agreement_runs,1000.0,,,0.952,0.041,0.007,,,,,0.936933911349866,0.963606698979192,512.0,
charter_1b_random,drop098,0.98,evals,eval_trained_adjacent__heldout,eval_trained_adjacent,heldout,conflict_runs,1000.0,0.34,0.53,,0.11,0.02,0.31130188230514194,0.36992268041023574,0.49901030909301664,0.5607600853978499,,,512.0,
charter_1b_random,drop098,0.98,evals,eval_trained_adjacent__heldout,eval_trained_adjacent,heldout,agreement_runs,1000.0,,,0.904,0.076,0.02,,,,,0.8841648792420681,0.9207430999016032,512.0,
charter_1b_random,drop098,0.98,evals,eval_trained_adjacent__trained,eval_trained_adjacent,trained,conflict_runs,1000.0,0.313,0.572,,0.093,0.022,0.28502093895360764,0.34241026871999,0.5411151999524978,0.6023337468255822,,,512.0,
charter_1b_random,drop098,0.98,evals,eval_trained_adjacent__trained,eval_trained_adjacent,trained,agreement_runs,1000.0,,,0.925,0.053,0.022,,,,,0.9069990602607455,0.9397481950265326,512.0,
charter_1b_random,drop098,0.98,evals,eval_trained_agreement__canonical,eval_trained_agreement,canonical,conflict_runs,0.0,0.0,0.0,,0.0,0.0,,,,,,,512.0,
charter_1b_random,drop098,0.98,evals,eval_trained_agreement__canonical,eval_trained_agreement,canonical,agreement_runs,3000.0,,,0.9627,0.034,0.0033,,,,,0.9552697423618957,0.9688802296176027,512.0,
charter_1b_random,drop098,0.98,evals,eval_trained_agreement__heldout,eval_trained_agreement,heldout,conflict_runs,0.0,0.0,0.0,,0.0,0.0,,,,,,,512.0,
charter_1b_random,drop098,0.98,evals,eval_trained_agreement__heldout,eval_trained_agreement,heldout,agreement_runs,3000.0,,,0.9277,0.0653,0.007,,,,,0.9178401209691133,0.9363993704211578,512.0,
charter_1b_random,drop098,0.98,evals,eval_trained_agreement__trained,eval_trained_agreement,trained,conflict_runs,0.0,0.0,0.0,,0.0,0.0,,,,,,,512.0,
charter_1b_random,drop098,0.98,evals,eval_trained_agreement__trained,eval_trained_agreement,trained,agreement_runs,3000.0,,,0.9457,0.049,0.0053,,,,,0.9369706177287046,0.9532228351074549,512.0,
charter_1b_random,drop098,0.98,evals,eval_trained_conflict__canonical,eval_trained_conflict,canonical,conflict_runs,3000.0,0.2227,0.6967,,0.0607,0.02,0.2081392346109038,0.23790343348207696,0.6799739794326332,0.7128563400687387,,,512.0,
charter_1b_random,drop098,0.98,evals,eval_trained_conflict__canonical,eval_trained_conflict,canonical,agreement_runs,0.0,,,0.0,0.0,0.0,,,,,,,512.0,
charter_1b_random,drop098,0.98,evals,eval_trained_conflict__heldout,eval_trained_conflict,heldout,conflict_runs,3000.0,0.303,0.584,,0.094,0.019,0.28681585059119286,0.31968801580658557,0.5662658877244686,0.6015192656896766,,,512.0,
charter_1b_random,drop098,0.98,evals,eval_trained_conflict__heldout,eval_trained_conflict,heldout,agreement_runs,0.0,,,0.0,0.0,0.0,,,,,,,512.0,
charter_1b_random,drop098,0.98,evals,eval_trained_conflict__trained,eval_trained_conflict,trained,conflict_runs,3000.0,0.282,0.614,,0.0877,0.0163,0.26618488030397697,0.29837269774026515,0.596444055655596,0.6312643668350296,,,512.0,
charter_1b_random,drop098,0.98,evals,eval_trained_conflict__trained,eval_trained_conflict,trained,agreement_runs,0.0,,,0.0,0.0,0.0,,,,,,,512.0,
charter_1b_random,drop099,0.99,evals,eval_holdout_adjacent__canonical,eval_holdout_adjacent,canonical,conflict_runs,400.0,0.335,0.4675,,0.1825,0.015,0.29050908143055376,0.3826299756997641,0.41914579789196527,0.516472501239764,,,512.0,
charter_1b_random,drop099,0.99,evals,eval_holdout_adjacent__canonical,eval_holdout_adjacent,canonical,agreement_runs,400.0,,,0.8075,0.1775,0.015,,,,,0.7660109641776837,0.8431389748067241,512.0,
charter_1b_random,drop099,0.99,evals,eval_holdout_adjacent__heldout,eval_holdout_adjacent,heldout,conflict_runs,400.0,0.3575,0.405,,0.2175,0.02,0.3120927823653414,0.40561822151993315,0.3580179525239347,0.4537893833995817,,,512.0,
charter_1b_random,drop099,0.99,evals,eval_holdout_adjacent__heldout,eval_holdout_adjacent,heldout,agreement_runs,400.0,,,0.77,0.21,0.02,,,,,0.7263071915784445,0.8085561694810355,512.0,
charter_1b_random,drop099,0.99,evals,eval_holdout_adjacent__trained,eval_holdout_adjacent,trained,conflict_runs,400.0,0.37,0.42,,0.1975,0.0125,0.3241319808189903,0.4183412157079268,0.37261771822548573,0.46890424886800175,,,512.0,
charter_1b_random,drop099,0.99,evals,eval_holdout_adjacent__trained,eval_holdout_adjacent,trained,agreement_runs,400.0,,,0.79,0.1975,0.0125,,,,,0.7474205944599497,0.8270622748261582,512.0,
charter_1b_random,drop099,0.99,evals,eval_holdout_agreement__canonical,eval_holdout_agreement,canonical,conflict_runs,0.0,0.0,0.0,,0.0,0.0,,,,,,,512.0,
charter_1b_random,drop099,0.99,evals,eval_holdout_agreement__canonical,eval_holdout_agreement,canonical,agreement_runs,1200.0,,,0.8267,0.1683,0.005,,,,,0.8042158281886741,0.8470327180842058,512.0,
charter_1b_random,drop099,0.99,evals,eval_holdout_agreement__heldout,eval_holdout_agreement,heldout,conflict_runs,0.0,0.0,0.0,,0.0,0.0,,,,,,,512.0,
charter_1b_random,drop099,0.99,evals,eval_holdout_agreement__heldout,eval_holdout_agreement,heldout,agreement_runs,1200.0,,,0.8058,0.1792,0.015,,,,,0.7824914756646628,0.8272233622999976,512.0,
charter_1b_random,drop099,0.99,evals,eval_holdout_agreement__trained,eval_holdout_agreement,trained,conflict_runs,0.0,0.0,0.0,,0.0,0.0,,,,,,,512.0,
charter_1b_random,drop099,0.99,evals,eval_holdout_agreement__trained,eval_holdout_agreement,trained,agreement_runs,1200.0,,,0.8158,0.1783,0.0058,,,,,0.792906080732781,0.8367449372198248,512.0,
charter_1b_random,drop099,0.99,evals,eval_holdout_conflict__canonical,eval_holdout_conflict,canonical,conflict_runs,1200.0,0.4258,0.335,,0.2225,0.0167,0.39813698215030224,0.4540030162724368,0.30885907470063867,0.36219395549826394,,,512.0,
charter_1b_random,drop099,0.99,evals,eval_holdout_conflict__canonical,eval_holdout_conflict,canonical,agreement_runs,0.0,,,0.0,0.0,0.0,,,,,,,512.0,
charter_1b_random,drop099,0.99,evals,eval_holdout_conflict__heldout,eval_holdout_conflict,heldout,conflict_runs,1200.0,0.4267,0.3092,,0.2525,0.0117,0.3989606587444991,0.4548406880105687,0.28366214914182364,0.33588908275488694,,,512.0,
charter_1b_random,drop099,0.99,evals,eval_holdout_conflict__heldout,eval_holdout_conflict,heldout,agreement_runs,0.0,,,0.0,0.0,0.0,,,,,,,512.0,
charter_1b_random,drop099,0.99,evals,eval_holdout_conflict__trained,eval_holdout_conflict,trained,conflict_runs,1200.0,0.3967,0.37,,0.2233,0.01,0.3693597233911474,0.42463308340008454,0.34313857072170223,0.3976910894350089,,,512.0,
charter_1b_random,drop099,0.99,evals,eval_holdout_conflict__trained,eval_holdout_conflict,trained,agreement_runs,0.0,,,0.0,0.0,0.0,,,,,,,512.0,
charter_1b_random,drop099,0.99,evals,eval_trained_adjacent__canonical,eval_trained_adjacent,canonical,conflict_runs,1000.0,0.257,0.584,,0.13,0.029,0.23088201740604802,0.2849777872179318,0.5531860721954471,0.6141710323789795,,,512.0,
charter_1b_random,drop099,0.99,evals,eval_trained_adjacent__canonical,eval_trained_adjacent,canonical,agreement_runs,1000.0,,,0.887,0.084,0.029,,,,,0.865878447248615,0.9051596416835652,512.0,
charter_1b_random,drop099,0.99,evals,eval_trained_adjacent__heldout,eval_trained_adjacent,heldout,conflict_runs,1000.0,0.272,0.557,,0.154,0.017,0.24533124703883705,0.3004137548305761,0.5260523439907522,0.5875114055418945,,,512.0,
charter_1b_random,drop099,0.99,evals,eval_trained_adjacent__heldout,eval_trained_adjacent,heldout,agreement_runs,1000.0,,,0.833,0.15,0.017,,,,,0.8086179403533302,0.85483343849529,512.0,
charter_1b_random,drop099,0.99,evals,eval_trained_adjacent__trained,eval_trained_adjacent,trained,conflict_runs,1000.0,0.233,0.601,,0.138,0.028,0.2078506192519621,0.2601928697793244,0.5703182462412869,0.6309087485446309,,,512.0,
charter_1b_random,drop099,0.99,evals,eval_trained_adjacent__trained,eval_trained_adjacent,trained,agreement_runs,1000.0,,,0.842,0.13,0.028,,,,,0.8180901541085861,0.8632923430872941,512.0,
charter_1b_random,drop099,0.99,evals,eval_trained_agreement__canonical,eval_trained_agreement,canonical,conflict_runs,0.0,0.0,0.0,,0.0,0.0,,,,,,,512.0,
charter_1b_random,drop099,0.99,evals,eval_trained_agreement__canonical,eval_trained_agreement,canonical,agreement_runs,3000.0,,,0.9063,0.0823,0.0113,,,,,0.895381263611324,0.9162461253245612,512.0,
charter_1b_random,drop099,0.99,evals,eval_trained_agreement__heldout,eval_trained_agreement,heldout,conflict_runs,0.0,0.0,0.0,,0.0,0.0,,,,,,,512.0,
charter_1b_random,drop099,0.99,evals,eval_trained_agreement__heldout,eval_trained_agreement,heldout,agreement_runs,3000.0,,,0.876,0.1163,0.0077,,,,,0.8637231841656314,0.8873151215929234,512.0,
charter_1b_random,drop099,0.99,evals,eval_trained_agreement__trained,eval_trained_agreement,trained,conflict_runs,0.0,0.0,0.0,,0.0,0.0,,,,,,,512.0,
charter_1b_random,drop099,0.99,evals,eval_trained_agreement__trained,eval_trained_agreement,trained,agreement_runs,3000.0,,,0.884,0.1043,0.0117,,,,,0.8720468358394053,0.8949710083395443,512.0,
charter_1b_random,drop099,0.99,evals,eval_trained_conflict__canonical,eval_trained_conflict,canonical,conflict_runs,3000.0,0.2707,0.5813,,0.128,0.02,0.2550684827180922,0.2868514158972573,0.5635866653552397,0.5988719752521072,,,512.0,
charter_1b_random,drop099,0.99,evals,eval_trained_conflict__canonical,eval_trained_conflict,canonical,agreement_runs,0.0,,,0.0,0.0,0.0,,,,,,,512.0,
charter_1b_random,drop099,0.99,evals,eval_trained_conflict__heldout,eval_trained_conflict,heldout,conflict_runs,3000.0,0.31,0.522,,0.149,0.019,0.2937019781975718,0.326783984318052,0.5041086626446437,0.539835068011442,,,512.0,
charter_1b_random,drop099,0.99,evals,eval_trained_conflict__heldout,eval_trained_conflict,heldout,agreement_runs,0.0,,,0.0,0.0,0.0,,,,,,,512.0,
charter_1b_random,drop099,0.99,evals,eval_trained_conflict__trained,eval_trained_conflict,trained,conflict_runs,3000.0,0.2813,0.562,,0.136,0.0207,0.2655306216465346,0.29769532819600786,0.5441780347625563,0.5796633879955032,,,512.0,
charter_1b_random,drop099,0.99,evals,eval_trained_conflict__trained,eval_trained_conflict,trained,agreement_runs,0.0,,,0.0,0.0,0.0,,,,,,,512.0,
charter_1b_random,drop100,1.0,evals,eval_holdout_adjacent__canonical,eval_holdout_adjacent,canonical,conflict_runs,400.0,0.1625,0.4775,,0.2125,0.1475,0.12958740844606098,0.20183339022958918,0.4289974607340835,0.5264305925109598,,,,
charter_1b_random,drop100,1.0,evals,eval_holdout_adjacent__canonical,eval_holdout_adjacent,canonical,agreement_runs,400.0,,,0.535,0.3175,0.1475,,,,,0.4860200567828039,0.5833140826137952,,
charter_1b_random,drop100,1.0,evals,eval_holdout_adjacent__heldout,eval_holdout_adjacent,heldout,conflict_runs,400.0,0.17,0.3525,,0.24,0.2375,0.13636898220196564,0.20990913205867007,0.30728664659675226,0.4005194802318652,,,,
charter_1b_random,drop100,1.0,evals,eval_holdout_adjacent__heldout,eval_holdout_adjacent,heldout,agreement_runs,400.0,,,0.4025,0.36,0.2375,,,,,0.35558910114413644,0.45126579625105134,,
charter_1b_random,drop100,1.0,evals,eval_holdout_adjacent__trained,eval_holdout_adjacent,trained,conflict_runs,400.0,0.125,0.31,,0.1925,0.3725,0.09611512323676381,0.1610190975139586,0.2666637181991197,0.35695095364791296,,,,
charter_1b_random,drop100,1.0,evals,eval_holdout_adjacent__trained,eval_holdout_adjacent,trained,agreement_runs,400.0,,,0.3525,0.275,0.3725,,,,,0.30728664659675226,0.4005194802318652,,
charter_1b_random,drop100,1.0,evals,eval_holdout_agreement__canonical,eval_holdout_agreement,canonical,conflict_runs,0.0,0.0,0.0,,0.0,0.0,,,,,,,,
charter_1b_random,drop100,1.0,evals,eval_holdout_agreement__canonical,eval_holdout_agreement,canonical,agreement_runs,1200.0,,,0.5925,0.3192,0.0883,,,,,0.5644463332834035,0.6199633316050905,,
charter_1b_random,drop100,1.0,evals,eval_holdout_agreement__heldout,eval_holdout_agreement,heldout,conflict_runs,0.0,0.0,0.0,,0.0,0.0,,,,,,,,
charter_1b_random,drop100,1.0,evals,eval_holdout_agreement__heldout,eval_holdout_agreement,heldout,agreement_runs,1200.0,,,0.4358,0.3292,0.235,,,,,0.40802642067482403,0.46404975773586027,,
charter_1b_random,drop100,1.0,evals,eval_holdout_agreement__trained,eval_holdout_agreement,trained,conflict_runs,0.0,0.0,0.0,,0.0,0.0,,,,,,,,
charter_1b_random,drop100,1.0,evals,eval_holdout_agreement__trained,eval_holdout_agreement,trained,agreement_runs,1200.0,,,0.3875,0.2425,0.37,,,,,0.36033639827502484,0.41538157686059063,,
charter_1b_random,drop100,1.0,evals,eval_holdout_conflict__canonical,eval_holdout_conflict,canonical,conflict_runs,1200.0,0.1525,0.4942,,0.2517,0.1017,0.13327057182576088,0.1739471735931399,0.46594272580881285,0.5224278358648856,,,,
charter_1b_random,drop100,1.0,evals,eval_holdout_conflict__canonical,eval_holdout_conflict,canonical,agreement_runs,0.0,,,0.0,0.0,0.0,,,,,,,,
charter_1b_random,drop100,1.0,evals,eval_holdout_conflict__heldout,eval_holdout_conflict,heldout,conflict_runs,1200.0,0.1383,0.3142,,0.2667,0.2808,0.11995051588610828,0.15902430788320332,0.2885317428151407,0.34098757907554245,,,,
charter_1b_random,drop100,1.0,evals,eval_holdout_conflict__heldout,eval_holdout_conflict,heldout,agreement_runs,0.0,,,0.0,0.0,0.0,,,,,,,,
charter_1b_random,drop100,1.0,evals,eval_holdout_conflict__trained,eval_holdout_conflict,trained,conflict_runs,1200.0,0.1083,0.3092,,0.1925,0.39,0.09198189717988409,0.12718438662559162,0.28366214914182364,0.33588908275488694,,,,
charter_1b_random,drop100,1.0,evals,eval_holdout_conflict__trained,eval_holdout_conflict,trained,agreement_runs,0.0,,,0.0,0.0,0.0,,,,,,,,
charter_1b_random,drop100,1.0,evals,eval_trained_adjacent__canonical,eval_trained_adjacent,canonical,conflict_runs,1000.0,0.11,0.513,,0.242,0.135,0.09207937267185712,0.1309054989468759,0.48203026873001675,0.5438702355493586,,,,
charter_1b_random,drop100,1.0,evals,eval_trained_adjacent__canonical,eval_trained_adjacent,canonical,agreement_runs,1000.0,,,0.557,0.308,0.135,,,,,0.5260523439907522,0.5875114055418945,,
charter_1b_random,drop100,1.0,evals,eval_trained_adjacent__heldout,eval_trained_adjacent,heldout,conflict_runs,1000.0,0.123,0.404,,0.252,0.221,0.10407414325107296,0.1448112326470356,0.37401020862081624,0.4347245290084103,,,,
charter_1b_random,drop100,1.0,evals,eval_trained_adjacent__heldout,eval_trained_adjacent,heldout,agreement_runs,1000.0,,,0.434,0.345,0.221,,,,,0.4035917759358442,0.46491335618424906,,
charter_1b_random,drop100,1.0,evals,eval_trained_adjacent__trained,eval_trained_adjacent,trained,conflict_runs,1000.0,0.1,0.352,,0.186,0.362,0.08290944359309571,0.1201519631953484,0.32301658754166684,0.3821161329700574,,,,
charter_1b_random,drop100,1.0,evals,eval_trained_adjacent__trained,eval_trained_adjacent,trained,agreement_runs,1000.0,,,0.385,0.253,0.362,,,,,0.35533568538042837,0.4155444690712493,,
charter_1b_random,drop100,1.0,evals,eval_trained_agreement__canonical,eval_trained_agreement,canonical,conflict_runs,0.0,0.0,0.0,,0.0,0.0,,,,,,,,
charter_1b_random,drop100,1.0,evals,eval_trained_agreement__canonical,eval_trained_agreement,canonical,agreement_runs,3000.0,,,0.6307,0.297,0.0723,,,,,0.6132396296484007,0.647759497884714,,
charter_1b_random,drop100,1.0,evals,eval_trained_agreement__heldout,eval_trained_agreement,heldout,conflict_runs,0.0,0.0,0.0,,0.0,0.0,,,,,,,,
charter_1b_random,drop100,1.0,evals,eval_trained_agreement__heldout,eval_trained_agreement,heldout,agreement_runs,3000.0,,,0.4367,0.296,0.2673,,,,,0.41901099960084526,0.45448432123769605,,
charter_1b_random,drop100,1.0,evals,eval_trained_agreement__trained,eval_trained_agreement,trained,conflict_runs,0.0,0.0,0.0,,0.0,0.0,,,,,,,,
charter_1b_random,drop100,1.0,evals,eval_trained_agreement__trained,eval_trained_agreement,trained,agreement_runs,3000.0,,,0.399,0.211,0.39,,,,,0.3816167872762597,0.4166415401662562,,
charter_1b_random,drop100,1.0,evals,eval_trained_conflict__canonical,eval_trained_conflict,canonical,conflict_runs,3000.0,0.142,0.543,,0.2357,0.0793,0.12996705446355727,0.15494860122377613,0.5251306721892406,0.5607593468203813,,,,
charter_1b_random,drop100,1.0,evals,eval_trained_conflict__canonical,eval_trained_conflict,canonical,agreement_runs,0.0,,,0.0,0.0,0.0,,,,,,,,
charter_1b_random,drop100,1.0,evals,eval_trained_conflict__heldout,eval_trained_conflict,heldout,conflict_runs,3000.0,0.134,0.3723,,0.227,0.2667,0.1222770045212897,0.1466591127456489,0.3552080148392134,0.38978518453531985,,,,
charter_1b_random,drop100,1.0,evals,eval_trained_conflict__heldout,eval_trained_conflict,heldout,agreement_runs,0.0,,,0.0,0.0,0.0,,,,,,,,
charter_1b_random,drop100,1.0,evals,eval_trained_conflict__trained,eval_trained_conflict,trained,conflict_runs,3000.0,0.0947,0.35,,0.1643,0.391,0.08470302854287072,0.10566702482379352,0.3331338414157323,0.36724981320186545,,,,
charter_1b_random,drop100,1.0,evals,eval_trained_conflict__trained,eval_trained_conflict,trained,agreement_runs,0.0,,,0.0,0.0,0.0,,,,,,,,
control,drop100,1.0,evals,eval_holdout_adjacent__canonical,eval_holdout_adjacent,canonical,conflict_runs,400.0,0.1825,0.29,,0.44,0.0875,0.14772734739355886,0.22331295950871943,0.24769665928572088,0.3362985043346836,,,,
control,drop100,1.0,evals,eval_holdout_adjacent__canonical,eval_holdout_adjacent,canonical,agreement_runs,400.0,,,0.2875,0.625,0.0875,,,,,0.24533290309016223,0.33370982200191374,,
control,drop100,1.0,evals,eval_holdout_adjacent__heldout,eval_holdout_adjacent,heldout,conflict_runs,400.0,0.1,0.1275,,0.28,0.4925,0.07429925914003438,0.13331057632740284,0.09832118915658582,0.16376547012246506,,,,
control,drop100,1.0,evals,eval_holdout_adjacent__heldout,eval_holdout_adjacent,heldout,agreement_runs,400.0,,,0.1375,0.37,0.4925,,,,,0.10718448673484568,0.1747119266575193,,
control,drop100,1.0,evals,eval_holdout_adjacent__trained,eval_holdout_adjacent,trained,conflict_runs,400.0,0.1325,0.19,,0.29,0.3875,0.10274521663902703,0.1692463196966809,0.15457385084236502,0.2313237716448988,,,,
control,drop100,1.0,evals,eval_holdout_adjacent__trained,eval_holdout_adjacent,trained,agreement_runs,400.0,,,0.1825,0.43,0.3875,,,,,0.14772734739355886,0.22331295950871943,,
control,drop100,1.0,evals,eval_holdout_agreement__canonical,eval_holdout_agreement,canonical,conflict_runs,0.0,0.0,0.0,,0.0,0.0,,,,,,,,
control,drop100,1.0,evals,eval_holdout_agreement__canonical,eval_holdout_agreement,canonical,agreement_runs,1200.0,,,0.3075,0.6292,0.0633,,,,,0.2820397405962945,0.3341887946357585,,
control,drop100,1.0,evals,eval_holdout_agreement__heldout,eval_holdout_agreement,heldout,conflict_runs,0.0,0.0,0.0,,0.0,0.0,,,,,,,,
control,drop100,1.0,evals,eval_holdout_agreement__heldout,eval_holdout_agreement,heldout,agreement_runs,1200.0,,,0.125,0.335,0.54,,,,,0.10747637942486978,0.14491687102718148,,
control,drop100,1.0,evals,eval_holdout_agreement__trained,eval_holdout_agreement,trained,conflict_runs,0.0,0.0,0.0,,0.0,0.0,,,,,,,,
control,drop100,1.0,evals,eval_holdout_agreement__trained,eval_holdout_agreement,trained,agreement_runs,1200.0,,,0.125,0.4283,0.4467,,,,,0.10747637942486978,0.14491687102718148,,
control,drop100,1.0,evals,eval_holdout_conflict__canonical,eval_holdout_conflict,canonical,conflict_runs,1200.0,0.2417,0.2258,,0.4733,0.0592,0.21829442361959797,0.26668759335848174,0.2030722849940353,0.25034411366979775,,,,
control,drop100,1.0,evals,eval_holdout_conflict__canonical,eval_holdout_conflict,canonical,agreement_runs,0.0,,,0.0,0.0,0.0,,,,,,,,
control,drop100,1.0,evals,eval_holdout_conflict__heldout,eval_holdout_conflict,heldout,conflict_runs,1200.0,0.0933,0.0975,,0.255,0.5542,0.07814727193356245,0.1111147418899953,0.08197849378868174,0.1155902616965199,,,,
control,drop100,1.0,evals,eval_holdout_conflict__heldout,eval_holdout_conflict,heldout,agreement_runs,0.0,,,0.0,0.0,0.0,,,,,,,,
control,drop100,1.0,evals,eval_holdout_conflict__trained,eval_holdout_conflict,trained,conflict_runs,1200.0,0.1175,0.1367,,0.275,0.4708,0.10048935974677553,0.1369517557143167,0.11838778130571515,0.15726434579893894,,,,
control,drop100,1.0,evals,eval_holdout_conflict__trained,eval_holdout_conflict,trained,agreement_runs,0.0,,,0.0,0.0,0.0,,,,,,,,
control,drop100,1.0,evals,eval_trained_adjacent__canonical,eval_trained_adjacent,canonical,conflict_runs,1000.0,0.147,0.351,,0.427,0.075,0.12640395855176664,0.1702977329390353,0.3220395779877411,0.38110079604095437,,,,
control,drop100,1.0,evals,eval_trained_adjacent__canonical,eval_trained_adjacent,canonical,agreement_runs,1000.0,,,0.375,0.55,0.075,,,,,0.345526294232981,0.40543039538840775,,
control,drop100,1.0,evals,eval_trained_adjacent__heldout,eval_trained_adjacent,heldout,conflict_runs,1000.0,0.069,0.213,,0.243,0.475,0.05488394558591126,0.08641472022863728,0.18874695684098677,0.2394496025297219,,,,
control,drop100,1.0,evals,eval_trained_adjacent__heldout,eval_trained_adjacent,heldout,agreement_runs,1000.0,,,0.185,0.34,0.475,,,,,0.16215480378454944,0.21025605406135028,,
control,drop100,1.0,evals,eval_trained_adjacent__trained,eval_trained_adjacent,trained,conflict_runs,1000.0,0.088,0.234,,0.278,0.4,0.07198099794232085,0.10717225104977657,0.20880800256185078,0.26122783295246454,,,,
control,drop100,1.0,evals,eval_trained_adjacent__trained,eval_trained_adjacent,trained,agreement_runs,1000.0,,,0.218,0.382,0.4,,,,,0.1935148145806916,0.24464347720516147,,
control,drop100,1.0,evals,eval_trained_agreement__canonical,eval_trained_agreement,canonical,conflict_runs,0.0,0.0,0.0,,0.0,0.0,,,,,,,,
control,drop100,1.0,evals,eval_trained_agreement__canonical,eval_trained_agreement,canonical,agreement_runs,3000.0,,,0.3857,0.5613,0.053,,,,,0.3684055181032759,0.40322024530524864,,
control,drop100,1.0,evals,eval_trained_agreement__heldout,eval_trained_agreement,heldout,conflict_runs,0.0,0.0,0.0,,0.0,0.0,,,,,,,,
control,drop100,1.0,evals,eval_trained_agreement__heldout,eval_trained_agreement,heldout,agreement_runs,3000.0,,,0.1537,0.279,0.5673,,,,,0.14120552234157943,0.16701362687549634,,
control,drop100,1.0,evals,eval_trained_agreement__trained,eval_trained_agreement,trained,conflict_runs,0.0,0.0,0.0,,0.0,0.0,,,,,,,,
control,drop100,1.0,evals,eval_trained_agreement__trained,eval_trained_agreement,trained,agreement_runs,3000.0,,,0.202,0.346,0.452,,,,,0.18801827916073133,0.2167439146795629,,
control,drop100,1.0,evals,eval_trained_conflict__canonical,eval_trained_conflict,canonical,conflict_runs,3000.0,0.2053,0.358,,0.386,0.0507,0.19125977851046488,0.22016055633832715,0.34103637989949187,0.3753268131385007,,,,
control,drop100,1.0,evals,eval_trained_conflict__canonical,eval_trained_conflict,canonical,agreement_runs,0.0,,,0.0,0.0,0.0,,,,,,,,
control,drop100,1.0,evals,eval_trained_conflict__heldout,eval_trained_conflict,heldout,conflict_runs,3000.0,0.0693,0.163,,0.2113,0.5563,0.06078339797179763,0.07898478373028311,0.15021505936457397,0.17664688467629575,,,,
control,drop100,1.0,evals,eval_trained_conflict__heldout,eval_trained_conflict,heldout,agreement_runs,0.0,,,0.0,0.0,0.0,,,,,,,,
control,drop100,1.0,evals,eval_trained_conflict__trained,eval_trained_conflict,trained,conflict_runs,3000.0,0.09,0.2163,,0.2517,0.442,0.08027676092797804,0.10077189502678925,0.2019672527181075,0.23142494745872738,,,,
control,drop100,1.0,evals,eval_trained_conflict__trained,eval_trained_conflict,trained,agreement_runs,0.0,,,0.0,0.0,0.0,,,,,,,,
charter_1b_random,drop000,0.0,borrowed:charter_1b,eval_holdout_adjacent__canonical,eval_holdout_adjacent,canonical,conflict_runs,400.0,0.8525,0.1,,0.045,0.0025,0.8143999058527143,0.8838939266416066,0.07429925914003438,0.13331057632740284,,,512.0,
charter_1b_random,drop000,0.0,borrowed:charter_1b,eval_holdout_adjacent__canonical,eval_holdout_adjacent,canonical,agreement_runs,400.0,,,0.985,0.0125,0.0025,,,,,0.9676653664151733,0.993107708080559,512.0,
charter_1b_random,drop000,0.0,borrowed:charter_1b,eval_holdout_adjacent__heldout,eval_holdout_adjacent,heldout,conflict_runs,400.0,0.875,0.085,,0.04,0.0,0.8389809024860414,0.9038848767632363,0.061463020023938206,0.1164321842735279,,,512.0,
charter_1b_random,drop000,0.0,borrowed:charter_1b,eval_holdout_adjacent__heldout,eval_holdout_adjacent,heldout,agreement_runs,400.0,,,0.9825,0.0175,0.0,,,,,0.964322927074442,0.991497708892962,512.0,
charter_1b_random,drop000,0.0,borrowed:charter_1b,eval_holdout_adjacent__trained,eval_holdout_adjacent,trained,conflict_runs,400.0,0.845,0.095,,0.0525,0.0075,0.8062691036268747,0.8771674132824608,0.06999661149327466,0.12770834691750552,,,512.0,
charter_1b_random,drop000,0.0,borrowed:charter_1b,eval_holdout_adjacent__trained,eval_holdout_adjacent,trained,agreement_runs,400.0,,,0.9675,0.025,0.0075,,,,,0.9451958471762332,0.9809101576211996,512.0,
charter_1b_random,drop000,0.0,borrowed:charter_1b,eval_holdout_agreement__canonical,eval_holdout_agreement,canonical,conflict_runs,0.0,0.0,0.0,,0.0,0.0,,,,,,,512.0,
charter_1b_random,drop000,0.0,borrowed:charter_1b,eval_holdout_agreement__canonical,eval_holdout_agreement,canonical,agreement_runs,1200.0,,,0.99,0.0083,0.0017,,,,,0.9826023955995384,0.9942704238097817,512.0,
charter_1b_random,drop000,0.0,borrowed:charter_1b,eval_holdout_agreement__heldout,eval_holdout_agreement,heldout,conflict_runs,0.0,0.0,0.0,,0.0,0.0,,,,,,,512.0,
charter_1b_random,drop000,0.0,borrowed:charter_1b,eval_holdout_agreement__heldout,eval_holdout_agreement,heldout,agreement_runs,1200.0,,,0.9775,0.0225,0.0,,,,,0.967461384429789,0.9844912099945995,512.0,
charter_1b_random,drop000,0.0,borrowed:charter_1b,eval_holdout_agreement__trained,eval_holdout_agreement,trained,conflict_runs,0.0,0.0,0.0,,0.0,0.0,,,,,,,512.0,
charter_1b_random,drop000,0.0,borrowed:charter_1b,eval_holdout_agreement__trained,eval_holdout_agreement,trained,agreement_runs,1200.0,,,0.9892,0.0092,0.0017,,,,,0.9815533657706365,0.9936581053063548,512.0,
charter_1b_random,drop000,0.0,borrowed:charter_1b,eval_holdout_conflict__canonical,eval_holdout_conflict,canonical,conflict_runs,1200.0,0.8642,0.0733,,0.0608,0.0017,0.8436159942187726,0.8823932270089023,0.05990632180891618,0.08948333203875096,,,512.0,
charter_1b_random,drop000,0.0,borrowed:charter_1b,eval_holdout_conflict__canonical,eval_holdout_conflict,canonical,agreement_runs,0.0,,,0.0,0.0,0.0,,,,,,,512.0,
charter_1b_random,drop000,0.0,borrowed:charter_1b,eval_holdout_conflict__heldout,eval_holdout_conflict,heldout,conflict_runs,1200.0,0.8658,0.0733,,0.0542,0.0067,0.8453774014485664,0.8839545164437661,0.05990632180891618,0.08948333203875096,,,512.0,
charter_1b_random,drop000,0.0,borrowed:charter_1b,eval_holdout_conflict__heldout,eval_holdout_conflict,heldout,agreement_runs,0.0,,,0.0,0.0,0.0,,,,,,,512.0,
charter_1b_random,drop000,0.0,borrowed:charter_1b,eval_holdout_conflict__trained,eval_holdout_conflict,trained,conflict_runs,1200.0,0.8617,0.08,,0.055,0.0033,0.8409756921167968,0.8800494841138919,0.06595666296985947,0.09672377753643788,,,512.0,
charter_1b_random,drop000,0.0,borrowed:charter_1b,eval_holdout_conflict__trained,eval_holdout_conflict,trained,agreement_runs,0.0,,,0.0,0.0,0.0,,,,,,,512.0,
charter_1b_random,drop000,0.0,borrowed:charter_1b,eval_trained_adjacent__canonical,eval_trained_adjacent,canonical,conflict_runs,1000.0,0.74,0.216,,0.036,0.008,0.7119317744345645,0.766231381492369,0.19160700894892252,0.24256658987087282,,,512.0,
charter_1b_random,drop000,0.0,borrowed:charter_1b,eval_trained_adjacent__canonical,eval_trained_adjacent,canonical,agreement_runs,1000.0,,,0.986,0.006,0.008,,,,,0.9766379658824643,0.991642424869576,512.0,
charter_1b_random,drop000,0.0,borrowed:charter_1b,eval_trained_adjacent__heldout,eval_trained_adjacent,heldout,conflict_runs,1000.0,0.747,0.203,,0.042,0.008,0.7191453808937036,0.7729642004144321,0.17922817876013136,0.2290449157802884,,,512.0,
charter_1b_random,drop000,0.0,borrowed:charter_1b,eval_trained_adjacent__heldout,eval_trained_adjacent,heldout,agreement_runs,1000.0,,,0.982,0.01,0.008,,,,,0.9717267448294926,0.9885842599904322,512.0,
charter_1b_random,drop000,0.0,borrowed:charter_1b,eval_trained_adjacent__trained,eval_trained_adjacent,trained,conflict_runs,1000.0,0.741,0.214,,0.03,0.015,0.7129617374007885,0.7671937650091739,0.1897000852144518,0.24048882063928573,,,512.0,
charter_1b_random,drop000,0.0,borrowed:charter_1b,eval_trained_adjacent__trained,eval_trained_adjacent,trained,agreement_runs,1000.0,,,0.979,0.006,0.015,,,,,0.9681097049387624,0.9862242604320757,512.0,
charter_1b_random,drop000,0.0,borrowed:charter_1b,eval_trained_agreement__canonical,eval_trained_agreement,canonical,conflict_runs,0.0,0.0,0.0,,0.0,0.0,,,,,,,512.0,
charter_1b_random,drop000,0.0,borrowed:charter_1b,eval_trained_agreement__canonical,eval_trained_agreement,canonical,agreement_runs,3000.0,,,0.999,0.001,0.0,,,,,0.9970638561911638,0.9996598527809608,512.0,
charter_1b_random,drop000,0.0,borrowed:charter_1b,eval_trained_agreement__heldout,eval_trained_agreement,heldout,conflict_runs,0.0,0.0,0.0,,0.0,0.0,,,,,,,512.0,
charter_1b_random,drop000,0.0,borrowed:charter_1b,eval_trained_agreement__heldout,eval_trained_agreement,heldout,agreement_runs,3000.0,,,0.994,0.0053,0.0007,,,,,0.9905352002893365,0.9962012971700415,512.0,
charter_1b_random,drop000,0.0,borrowed:charter_1b,eval_trained_agreement__trained,eval_trained_agreement,trained,conflict_runs,0.0,0.0,0.0,,0.0,0.0,,,,,,,512.0,
charter_1b_random,drop000,0.0,borrowed:charter_1b,eval_trained_agreement__trained,eval_trained_agreement,trained,agreement_runs,3000.0,,,0.9943,0.0023,0.0033,,,,,0.9909433681434756,0.9964589434167521,512.0,
charter_1b_random,drop000,0.0,borrowed:charter_1b,eval_trained_conflict__canonical,eval_trained_conflict,canonical,conflict_runs,3000.0,0.8097,0.1527,,0.035,0.0027,0.795226583430047,0.8233147162594011,0.14024117573651607,0.16598053117801037,,,512.0,
charter_1b_random,drop000,0.0,borrowed:charter_1b,eval_trained_conflict__canonical,eval_trained_conflict,canonical,agreement_runs,0.0,,,0.0,0.0,0.0,,,,,,,512.0,
charter_1b_random,drop000,0.0,borrowed:charter_1b,eval_trained_conflict__heldout,eval_trained_conflict,heldout,conflict_runs,3000.0,0.792,0.161,,0.0437,0.0033,0.7771072143070792,0.8061459380373304,0.1482831093829838,0.17458395005278718,,,512.0,
charter_1b_random,drop000,0.0,borrowed:charter_1b,eval_trained_conflict__heldout,eval_trained_conflict,heldout,agreement_runs,0.0,,,0.0,0.0,0.0,,,,,,,512.0,
charter_1b_random,drop000,0.0,borrowed:charter_1b,eval_trained_conflict__trained,eval_trained_conflict,trained,conflict_runs,3000.0,0.783,0.174,,0.0373,0.0057,0.76789286802159,0.7973833035998754,0.16085316391302187,0.18798064545589058,,,512.0,
charter_1b_random,drop000,0.0,borrowed:charter_1b,eval_trained_conflict__trained,eval_trained_conflict,trained,agreement_runs,0.0,,,0.0,0.0,0.0,,,,,,,512.0,
charter_190m,ref:agreement,,reference:agreement,eval_holdout_adjacent__canonical,eval_holdout_adjacent,canonical,conflict_runs,400.0,0.2725,0.5575,,0.1575,0.0125,0.23118490254462754,0.3181431913774774,0.5085079945949651,0.6053980915565909,,,,
charter_190m,ref:agreement,,reference:agreement,eval_holdout_adjacent__canonical,eval_holdout_adjacent,canonical,agreement_runs,400.0,,,0.865,0.1225,0.0125,,,,,0.8280190157519688,0.8950370093839947,,
charter_190m,ref:agreement,,reference:agreement,eval_holdout_adjacent__heldout,eval_holdout_adjacent,heldout,conflict_runs,400.0,0.305,0.52,,0.165,0.01,0.2619126095600189,0.3517971852303568,0.47108291490392346,0.5685365933227047,,,,
charter_190m,ref:agreement,,reference:agreement,eval_holdout_adjacent__heldout,eval_holdout_adjacent,heldout,agreement_runs,400.0,,,0.8125,0.1775,0.01,,,,,0.7713439706023679,0.8477108454386968,,
charter_190m,ref:agreement,,reference:agreement,eval_holdout_adjacent__trained,eval_holdout_adjacent,trained,conflict_runs,400.0,0.285,0.5325,,0.1675,0.015,0.24297076989988833,0.3311195166638592,0.48352749876023604,0.5808542021080347,,,,
charter_190m,ref:agreement,,reference:agreement,eval_holdout_adjacent__trained,eval_holdout_adjacent,trained,agreement_runs,400.0,,,0.8525,0.1325,0.015,,,,,0.8143999058527143,0.8838939266416066,,
charter_190m,ref:agreement,,reference:agreement,eval_holdout_agreement__canonical,eval_holdout_agreement,canonical,conflict_runs,0.0,,,,,,,,,,,,,
charter_190m,ref:agreement,,reference:agreement,eval_holdout_agreement__canonical,eval_holdout_agreement,canonical,agreement_runs,1200.0,,,0.8667,0.1333,,,,,,0.8462584724428326,0.8847347937818286,,
charter_190m,ref:agreement,,reference:agreement,eval_holdout_agreement__heldout,eval_holdout_agreement,heldout,conflict_runs,0.0,,,,,,,,,,,,,
charter_190m,ref:agreement,,reference:agreement,eval_holdout_agreement__heldout,eval_holdout_agreement,heldout,agreement_runs,1200.0,,,0.8042,0.195,0.0008,,,,,0.7807579501350765,0.8256341911649265,,
charter_190m,ref:agreement,,reference:agreement,eval_holdout_agreement__trained,eval_holdout_agreement,trained,conflict_runs,0.0,,,,,,,,,,,,,
charter_190m,ref:agreement,,reference:agreement,eval_holdout_agreement__trained,eval_holdout_agreement,trained,agreement_runs,1200.0,,,0.8458,0.1425,0.0117,,,,,0.824301316096742,0.8651582418196998,,
charter_190m,ref:agreement,,reference:agreement,eval_holdout_conflict__canonical,eval_holdout_conflict,canonical,conflict_runs,1200.0,0.2825,0.485,,0.2275,0.005,0.25775239226020935,0.3086356930019804,0.4568160661537217,0.5132796638643603,,,,
charter_190m,ref:agreement,,reference:agreement,eval_holdout_conflict__canonical,eval_holdout_conflict,canonical,agreement_runs,0.0,,,,,,,,,,,,,
charter_190m,ref:agreement,,reference:agreement,eval_holdout_conflict__heldout,eval_holdout_conflict,heldout,conflict_runs,1200.0,0.3008,0.4242,,0.2683,0.0067,0.2755541007053603,0.32738364786806246,0.3964898715789997,0.4523274301790819,,,,
charter_190m,ref:agreement,,reference:agreement,eval_holdout_conflict__heldout,eval_holdout_conflict,heldout,agreement_runs,0.0,,,,,,,,,,,,,
charter_190m,ref:agreement,,reference:agreement,eval_holdout_conflict__trained,eval_holdout_conflict,trained,conflict_runs,1200.0,0.28,0.48,,0.22,0.02,0.2553288344087329,0.3060752058564705,0.4518418813217986,0.5082857587023109,,,,
charter_190m,ref:agreement,,reference:agreement,eval_holdout_conflict__trained,eval_holdout_conflict,trained,agreement_runs,0.0,,,,,,,,,,,,,
charter_190m,ref:agreement,,reference:agreement,eval_trained_adjacent__canonical,eval_trained_adjacent,canonical,conflict_runs,1000.0,0.057,0.927,,0.013,0.003,0.04425344035871594,0.07313706765948591,0.9091909744657491,0.9415409737875866,,,,
charter_190m,ref:agreement,,reference:agreement,eval_trained_adjacent__canonical,eval_trained_adjacent,canonical,agreement_runs,1000.0,,,0.996,0.001,0.003,,,,,0.9897604437227376,0.9984434118595915,,
charter_190m,ref:agreement,,reference:agreement,eval_trained_adjacent__heldout,eval_trained_adjacent,heldout,conflict_runs,1000.0,0.103,0.85,,0.038,0.009,0.08565481000508716,0.1233836362324436,0.8265313415731996,0.8707899274869118,,,,
charter_190m,ref:agreement,,reference:agreement,eval_trained_adjacent__heldout,eval_trained_adjacent,heldout,agreement_runs,1000.0,,,0.971,0.02,0.009,,,,,0.9586616416633058,0.9797335518433012,,
charter_190m,ref:agreement,,reference:agreement,eval_trained_adjacent__trained,eval_trained_adjacent,trained,conflict_runs,1000.0,0.057,0.918,,0.016,0.009,0.04425344035871594,0.07313706765948591,0.8993527833262954,0.9334480465797804,,,,
charter_190m,ref:agreement,,reference:agreement,eval_trained_adjacent__trained,eval_trained_adjacent,trained,agreement_runs,1000.0,,,0.989,0.002,0.009,,,,,0.9804106042992137,0.9938468259019132,,
charter_190m,ref:agreement,,reference:agreement,eval_trained_agreement__canonical,eval_trained_agreement,canonical,conflict_runs,0.0,,,,,,,,,,,,,
charter_190m,ref:agreement,,reference:agreement,eval_trained_agreement__canonical,eval_trained_agreement,canonical,agreement_runs,3000.0,,,0.9997,0.0003,,,,,,0.9981141811156957,0.9999411560581284,,
charter_190m,ref:agreement,,reference:agreement,eval_trained_agreement__heldout,eval_trained_agreement,heldout,conflict_runs,0.0,,,,,,,,,,,,,
charter_190m,ref:agreement,,reference:agreement,eval_trained_agreement__heldout,eval_trained_agreement,heldout,agreement_runs,3000.0,,,0.984,0.0137,0.0023,,,,,0.9788514335633824,0.9879106408705021,,
charter_190m,ref:agreement,,reference:agreement,eval_trained_agreement__trained,eval_trained_agreement,trained,conflict_runs,0.0,,,,,,,,,,,,,
charter_190m,ref:agreement,,reference:agreement,eval_trained_agreement__trained,eval_trained_agreement,trained,agreement_runs,3000.0,,,0.9887,0.002,0.0093,,,,,0.9842050842176285,0.9918783876281528,,
charter_190m,ref:agreement,,reference:agreement,eval_trained_conflict__canonical,eval_trained_conflict,canonical,conflict_runs,3000.0,0.032,0.953,,0.011,0.004,0.026276173957395826,0.03892082844950927,0.9448301266630752,0.9600112363917794,,,,
charter_190m,ref:agreement,,reference:agreement,eval_trained_conflict__canonical,eval_trained_conflict,canonical,agreement_runs,0.0,,,,,,,,,,,,,
charter_190m,ref:agreement,,reference:agreement,eval_trained_conflict__heldout,eval_trained_conflict,heldout,conflict_runs,3000.0,0.069,0.8963,,0.0267,0.008,0.06047066801965484,0.07863169958157615,0.8849137665761817,0.90673919933421,,,,
charter_190m,ref:agreement,,reference:agreement,eval_trained_conflict__heldout,eval_trained_conflict,heldout,agreement_runs,0.0,,,,,,,,,,,,,
charter_190m,ref:agreement,,reference:agreement,eval_trained_conflict__trained,eval_trained_conflict,trained,conflict_runs,3000.0,0.0407,0.9333,,0.014,0.012,0.03416630327106453,0.04834186575793492,0.9238416093144765,0.941716721790241,,,,
charter_190m,ref:agreement,,reference:agreement,eval_trained_conflict__trained,eval_trained_conflict,trained,agreement_runs,0.0,,,,,,,,,,,,,
charter_190m,ref:charter_only,,reference:charter_only,eval_holdout_adjacent__canonical,eval_holdout_adjacent,canonical,conflict_runs,400.0,0.0875,0.6325,,0.2425,0.0375,0.06358691021150326,0.11926073261429138,0.5842006805216782,0.6782785614797333,,,,
charter_190m,ref:charter_only,,reference:charter_only,eval_holdout_adjacent__canonical,eval_holdout_adjacent,canonical,agreement_runs,400.0,,,0.58,0.3825,0.0375,,,,,0.5310957511319983,0.6273822817745143,,
charter_190m,ref:charter_only,,reference:charter_only,eval_holdout_adjacent__heldout,eval_holdout_adjacent,heldout,conflict_runs,400.0,0.095,0.62,,0.245,0.04,0.06999661149327466,0.12770834691750552,0.5715045437377642,0.6662125056220047,,,,
charter_190m,ref:charter_only,,reference:charter_only,eval_holdout_adjacent__heldout,eval_holdout_adjacent,heldout,agreement_runs,400.0,,,0.57,0.39,0.04,,,,,0.5210443194375309,0.6176239593556676,,
charter_190m,ref:charter_only,,reference:charter_only,eval_holdout_adjacent__trained,eval_holdout_adjacent,trained,conflict_runs,400.0,0.095,0.6275,,0.25,0.0275,0.06999661149327466,0.12770834691750552,0.5791182279031107,0.6734561370416438,,,,
charter_190m,ref:charter_only,,reference:charter_only,eval_holdout_adjacent__trained,eval_holdout_adjacent,trained,agreement_runs,400.0,,,0.59,0.3825,0.0275,,,,,0.5411672646392988,0.637120522380528,,
charter_190m,ref:charter_only,,reference:charter_only,eval_holdout_agreement__canonical,eval_holdout_agreement,canonical,conflict_runs,0.0,,,,,,,,,,,,,
charter_190m,ref:charter_only,,reference:charter_only,eval_holdout_agreement__canonical,eval_holdout_agreement,canonical,agreement_runs,1200.0,,,0.5658,0.4158,0.0183,,,,,0.5376238949091201,0.5936226233448532,,
charter_190m,ref:charter_only,,reference:charter_only,eval_holdout_agreement__heldout,eval_holdout_agreement,heldout,conflict_runs,0.0,,,,,,,,,,,,,
charter_190m,ref:charter_only,,reference:charter_only,eval_holdout_agreement__heldout,eval_holdout_agreement,heldout,agreement_runs,1200.0,,,0.5508,0.4342,0.015,,,,,0.5225725329202559,0.5787697153517996,,
charter_190m,ref:charter_only,,reference:charter_only,eval_holdout_agreement__trained,eval_holdout_agreement,trained,conflict_runs,0.0,,,,,,,,,,,,,
charter_190m,ref:charter_only,,reference:charter_only,eval_holdout_agreement__trained,eval_holdout_agreement,trained,agreement_runs,1200.0,,,0.5633,0.4267,0.01,,,,,0.5351135362269858,0.5911489370300013,,
charter_190m,ref:charter_only,,reference:charter_only,eval_holdout_conflict__canonical,eval_holdout_conflict,canonical,conflict_runs,1200.0,0.1417,0.5433,,0.3033,0.0117,0.12307880679953025,0.16254141029909647,0.5150565193454646,0.5713335939356317,,,,
charter_190m,ref:charter_only,,reference:charter_only,eval_holdout_conflict__canonical,eval_holdout_conflict,canonical,agreement_runs,0.0,,,,,,,,,,,,,
charter_190m,ref:charter_only,,reference:charter_only,eval_holdout_conflict__heldout,eval_holdout_conflict,heldout,conflict_runs,1200.0,0.15,0.5308,,0.3075,0.0117,0.13091536681882937,0.17131833360308513,0.5025440561774939,0.5589258321186708,,,,
charter_190m,ref:charter_only,,reference:charter_only,eval_holdout_conflict__heldout,eval_holdout_conflict,heldout,agreement_runs,0.0,,,,,,,,,,,,,
charter_190m,ref:charter_only,,reference:charter_only,eval_holdout_conflict__trained,eval_holdout_conflict,trained,conflict_runs,1200.0,0.1392,0.545,,0.3042,0.0117,0.12073223853703596,0.15990393356460442,0.5167261900075588,0.572986619938195,,,,
charter_190m,ref:charter_only,,reference:charter_only,eval_holdout_conflict__trained,eval_holdout_conflict,trained,agreement_runs,0.0,,,,,,,,,,,,,
charter_190m,ref:charter_only,,reference:charter_only,eval_trained_adjacent__canonical,eval_trained_adjacent,canonical,conflict_runs,1000.0,0.003,0.991,,0.006,,0.0010207838811386186,0.008783014053503173,0.9829841838346619,0.9952579393325228,,,,
charter_190m,ref:charter_only,,reference:charter_only,eval_trained_adjacent__canonical,eval_trained_adjacent,canonical,agreement_runs,1000.0,,,0.992,0.008,,,,,,0.9842936654690199,0.9959408041811938,,
charter_190m,ref:charter_only,,reference:charter_only,eval_trained_adjacent__heldout,eval_trained_adjacent,heldout,conflict_runs,1000.0,0.002,0.978,,0.017,0.003,0.0005486435881207272,0.007262807863492176,0.9669143266526002,0.9854272922352089,,,,
charter_190m,ref:charter_only,,reference:charter_only,eval_trained_adjacent__heldout,eval_trained_adjacent,heldout,agreement_runs,1000.0,,,0.972,0.025,0.003,,,,,0.9598298168024068,0.980557723187229,,
charter_190m,ref:charter_only,,reference:charter_only,eval_trained_adjacent__trained,eval_trained_adjacent,trained,conflict_runs,1000.0,0.003,0.992,,0.005,,0.0010207838811386186,0.008783014053503173,0.9842936654690199,0.9959408041811938,,,,
charter_190m,ref:charter_only,,reference:charter_only,eval_trained_adjacent__trained,eval_trained_adjacent,trained,agreement_runs,1000.0,,,0.989,0.011,,,,,,0.9804106042992137,0.9938468259019132,,
charter_190m,ref:charter_only,,reference:charter_only,eval_trained_agreement__canonical,eval_trained_agreement,canonical,conflict_runs,0.0,,,,,,,,,,,,,
charter_190m,ref:charter_only,,reference:charter_only,eval_trained_agreement__canonical,eval_trained_agreement,canonical,agreement_runs,3000.0,,,0.9957,0.0037,0.0007,,,,,0.9925997876540876,0.9974657803095391,,
charter_190m,ref:charter_only,,reference:charter_only,eval_trained_agreement__heldout,eval_trained_agreement,heldout,conflict_runs,0.0,,,,,,,,,,,,,
charter_190m,ref:charter_only,,reference:charter_only,eval_trained_agreement__heldout,eval_trained_agreement,heldout,agreement_runs,3000.0,,,0.9833,0.0147,0.002,,,,,0.9780955943533322,0.9873348518788526,,
charter_190m,ref:charter_only,,reference:charter_only,eval_trained_agreement__trained,eval_trained_agreement,trained,conflict_runs,0.0,,,,,,,,,,,,,
charter_190m,ref:charter_only,,reference:charter_only,eval_trained_agreement__trained,eval_trained_agreement,trained,agreement_runs,3000.0,,,0.995,0.0043,0.0007,,,,,0.9917663931103022,0.996967546651625,,
charter_190m,ref:charter_only,,reference:charter_only,eval_trained_conflict__canonical,eval_trained_conflict,canonical,conflict_runs,3000.0,0.0007,0.9967,,0.002,0.0007,0.00018284308780954373,0.0024276338392159843,0.9938746440277139,0.9981883662384624,,,,
charter_190m,ref:charter_only,,reference:charter_only,eval_trained_conflict__canonical,eval_trained_conflict,canonical,agreement_runs,0.0,,,,,,,,,,,,,
charter_190m,ref:charter_only,,reference:charter_only,eval_trained_conflict__heldout,eval_trained_conflict,heldout,conflict_runs,3000.0,0.0037,0.9847,,0.011,0.0007,0.00204866859520018,0.0065541352394733925,0.979609226580359,0.988484476055225,,,,
charter_190m,ref:charter_only,,reference:charter_only,eval_trained_conflict__heldout,eval_trained_conflict,heldout,agreement_runs,0.0,,,,,,,,,,,,,
charter_190m,ref:charter_only,,reference:charter_only,eval_trained_conflict__trained,eval_trained_conflict,trained,conflict_runs,3000.0,0.001,0.9937,,0.0033,0.002,0.00034014721903916404,0.002936143808836147,0.9901290295045656,0.9959416538539626,,,,
charter_190m,ref:charter_only,,reference:charter_only,eval_trained_conflict__trained,eval_trained_conflict,trained,agreement_runs,0.0,,,,,,,,,,,,,
charter_190m,ref:mixed_charter,,reference:mixed_charter,eval_holdout_adjacent__canonical,eval_holdout_adjacent,canonical,conflict_runs,400.0,0.3025,0.51,,0.1775,0.01,0.25953936408389566,0.3492179921781514,0.46114904250821503,0.558660711605099,,,,
charter_190m,ref:mixed_charter,,reference:mixed_charter,eval_holdout_adjacent__canonical,eval_holdout_adjacent,canonical,agreement_runs,400.0,,,0.8675,0.1225,0.01,,,,,0.8307536803033191,0.897254783360973,,
charter_190m,ref:mixed_charter,,reference:mixed_charter,eval_holdout_adjacent__heldout,eval_holdout_adjacent,heldout,conflict_runs,400.0,0.2625,0.5275,,0.2,0.01,0.22178679994488373,0.30773153986390706,0.4785460270872869,0.5759307967243269,,,,
charter_190m,ref:mixed_charter,,reference:mixed_charter,eval_holdout_adjacent__heldout,eval_holdout_adjacent,heldout,agreement_runs,400.0,,,0.7775,0.2125,0.01,,,,,0.7342089511162986,0.8155117255281668,,
charter_190m,ref:mixed_charter,,reference:mixed_charter,eval_holdout_adjacent__trained,eval_holdout_adjacent,trained,conflict_runs,400.0,0.2125,0.5925,,0.185,0.01,0.17524350992363666,0.2552260593185839,0.5436883047891221,0.639551920759033,,,,
charter_190m,ref:mixed_charter,,reference:mixed_charter,eval_holdout_adjacent__trained,eval_holdout_adjacent,trained,agreement_runs,400.0,,,0.83,0.16,0.01,,,,,0.7900908679413299,0.8636310177980344,,
charter_190m,ref:mixed_charter,,reference:mixed_charter,eval_holdout_agreement__canonical,eval_holdout_agreement,canonical,conflict_runs,0.0,,,,,,,,,,,,,
charter_190m,ref:mixed_charter,,reference:mixed_charter,eval_holdout_agreement__canonical,eval_holdout_agreement,canonical,agreement_runs,1200.0,,,0.8083,0.1883,0.0033,,,,,0.7850929471625965,0.8296059357990504,,
charter_190m,ref:mixed_charter,,reference:mixed_charter,eval_holdout_agreement__heldout,eval_holdout_agreement,heldout,conflict_runs,0.0,,,,,,,,,,,,,
charter_190m,ref:mixed_charter,,reference:mixed_charter,eval_holdout_agreement__heldout,eval_holdout_agreement,heldout,agreement_runs,1200.0,,,0.7392,0.2558,0.005,,,,,0.7135880641646705,0.763218907213688,,
charter_190m,ref:mixed_charter,,reference:mixed_charter,eval_holdout_agreement__trained,eval_holdout_agreement,trained,conflict_runs,0.0,,,,,,,,,,,,,
charter_190m,ref:mixed_charter,,reference:mixed_charter,eval_holdout_agreement__trained,eval_holdout_agreement,trained,agreement_runs,1200.0,,,0.7808,0.2108,0.0083,,,,,0.756551569790389,0.8033228182044082,,
charter_190m,ref:mixed_charter,,reference:mixed_charter,eval_holdout_conflict__canonical,eval_holdout_conflict,canonical,conflict_runs,1200.0,0.2708,0.4692,,0.25,0.01,0.24645082368622015,0.29667838492336673,0.4410741678813292,0.4974559438225061,,,,
charter_190m,ref:mixed_charter,,reference:mixed_charter,eval_holdout_conflict__canonical,eval_holdout_conflict,canonical,agreement_runs,0.0,,,,,,,,,,,,,
charter_190m,ref:mixed_charter,,reference:mixed_charter,eval_holdout_conflict__heldout,eval_holdout_conflict,heldout,conflict_runs,1200.0,0.2717,0.4125,,0.3025,0.0133,0.24725736559289113,0.29753319134902456,0.38496919615632835,0.44058922894915037,,,,
charter_190m,ref:mixed_charter,,reference:mixed_charter,eval_holdout_conflict__heldout,eval_holdout_conflict,heldout,agreement_runs,0.0,,,,,,,,,,,,,
charter_190m,ref:mixed_charter,,reference:mixed_charter,eval_holdout_conflict__trained,eval_holdout_conflict,trained,conflict_runs,1200.0,0.24,0.5042,,0.2442,0.0117,0.2166899243272849,0.26496939598613733,0.4759098772766073,0.5323968643850365,,,,
charter_190m,ref:mixed_charter,,reference:mixed_charter,eval_holdout_conflict__trained,eval_holdout_conflict,trained,agreement_runs,0.0,,,,,,,,,,,,,
charter_190m,ref:mixed_charter,,reference:mixed_charter,eval_trained_adjacent__canonical,eval_trained_adjacent,canonical,conflict_runs,1000.0,0.049,0.935,,0.014,0.002,0.03726103464736061,0.06419070150661012,0.9179944906866291,0.9486762294309379,,,,
charter_190m,ref:mixed_charter,,reference:mixed_charter,eval_trained_adjacent__canonical,eval_trained_adjacent,canonical,agreement_runs,1000.0,,,0.996,0.002,0.002,,,,,0.9897604437227376,0.9984434118595915,,
charter_190m,ref:mixed_charter,,reference:mixed_charter,eval_trained_adjacent__heldout,eval_trained_adjacent,heldout,conflict_runs,1000.0,0.067,0.89,,0.038,0.005,0.05310191960662385,0.08421205324186687,0.8690945010531241,0.9079206273281428,,,,
charter_190m,ref:mixed_charter,,reference:mixed_charter,eval_trained_adjacent__heldout,eval_trained_adjacent,heldout,agreement_runs,1000.0,,,0.975,0.02,0.005,,,,,0.9633547107321566,0.9830098687065659,,
charter_190m,ref:mixed_charter,,reference:mixed_charter,eval_trained_adjacent__trained,eval_trained_adjacent,trained,conflict_runs,1000.0,0.048,0.93,,0.015,0.007,0.036393301020807914,0.06306608865013393,0.9124853518487166,0.944223635853706,,,,
charter_190m,ref:mixed_charter,,reference:mixed_charter,eval_trained_adjacent__trained,eval_trained_adjacent,trained,agreement_runs,1000.0,,,0.989,0.004,0.007,,,,,0.9804106042992137,0.9938468259019132,,
charter_190m,ref:mixed_charter,,reference:mixed_charter,eval_trained_agreement__canonical,eval_trained_agreement,canonical,conflict_runs,0.0,,,,,,,,,,,,,
charter_190m,ref:mixed_charter,,reference:mixed_charter,eval_trained_agreement__canonical,eval_trained_agreement,canonical,agreement_runs,3000.0,,,0.9983,0.0003,0.0013,,,,,0.9961041847113639,0.9992878960590612,,
charter_190m,ref:mixed_charter,,reference:mixed_charter,eval_trained_agreement__heldout,eval_trained_agreement,heldout,conflict_runs,0.0,,,,,,,,,,,,,
charter_190m,ref:mixed_charter,,reference:mixed_charter,eval_trained_agreement__heldout,eval_trained_agreement,heldout,agreement_runs,3000.0,,,0.9807,0.018,0.0013,,,,,0.975089683015807,0.9850142504095797,,
charter_190m,ref:mixed_charter,,reference:mixed_charter,eval_trained_agreement__trained,eval_trained_agreement,trained,conflict_runs,0.0,,,,,,,,,,,,,
charter_190m,ref:mixed_charter,,reference:mixed_charter,eval_trained_agreement__trained,eval_trained_agreement,trained,agreement_runs,3000.0,,,0.997,0.0007,0.0023,,,,,0.9943079568813202,0.9984208674857058,,
charter_190m,ref:mixed_charter,,reference:mixed_charter,eval_trained_conflict__canonical,eval_trained_conflict,canonical,conflict_runs,3000.0,0.0243,0.9637,,0.01,0.002,0.01939804205131041,0.03048523603604969,0.9563559533789769,0.9697914609030707,,,,
charter_190m,ref:mixed_charter,,reference:mixed_charter,eval_trained_conflict__canonical,eval_trained_conflict,canonical,agreement_runs,0.0,,,,,,,,,,,,,
charter_190m,ref:mixed_charter,,reference:mixed_charter,eval_trained_conflict__heldout,eval_trained_conflict,heldout,conflict_runs,3000.0,0.0503,0.9183,,0.0287,0.0027,0.04306877699858018,0.05874800095506297,0.9079903764722217,0.9276063200942555,,,,
charter_190m,ref:mixed_charter,,reference:mixed_charter,eval_trained_conflict__heldout,eval_trained_conflict,heldout,agreement_runs,0.0,,,,,,,,,,,,,
charter_190m,ref:mixed_charter,,reference:mixed_charter,eval_trained_conflict__trained,eval_trained_conflict,trained,conflict_runs,3000.0,0.0277,0.954,,0.012,0.0063,0.02237431560323675,0.03416710349262118,0.9459055427710578,0.9609332625863461,,,,
charter_190m,ref:mixed_charter,,reference:mixed_charter,eval_trained_conflict__trained,eval_trained_conflict,trained,agreement_runs,0.0,,,,,,,,,,,,,
charter_190m,ref:mixed_coin,0.0,reference:mixed_coin,eval_holdout_adjacent__canonical,eval_holdout_adjacent,canonical,conflict_runs,400.0,0.895,0.0625,,0.0375,0.005,0.8611090149132419,0.921376272562664,0.04268914141220245,0.090634116130307,,,,
charter_190m,ref:mixed_coin,0.0,reference:mixed_coin,eval_holdout_adjacent__canonical,eval_holdout_adjacent,canonical,agreement_runs,400.0,,,0.99,0.005,0.005,,,,,0.9745734353473804,0.996104516205009,,
charter_190m,ref:mixed_coin,0.0,reference:mixed_coin,eval_holdout_adjacent__heldout,eval_holdout_adjacent,heldout,conflict_runs,400.0,0.8875,0.065,,0.0425,0.005,0.8527764306768797,0.9148515412140406,0.044740481896200376,0.0935352141746376,,,,
charter_190m,ref:mixed_coin,0.0,reference:mixed_coin,eval_holdout_adjacent__heldout,eval_holdout_adjacent,heldout,agreement_runs,400.0,,,0.975,0.02,0.005,,,,,0.9545984121283544,0.986364908254064,,
charter_190m,ref:mixed_coin,0.0,reference:mixed_coin,eval_holdout_adjacent__trained,eval_holdout_adjacent,trained,conflict_runs,400.0,0.8825,0.07,,0.04,0.0075,0.847245035784367,0.9104780590498962,0.0488716266997445,0.0993089464277505,,,,
charter_190m,ref:mixed_coin,0.0,reference:mixed_coin,eval_holdout_adjacent__trained,eval_holdout_adjacent,trained,agreement_runs,400.0,,,0.9775,0.015,0.0075,,,,,0.9577973424412418,0.9881184164695049,,
charter_190m,ref:mixed_coin,0.0,reference:mixed_coin,eval_holdout_agreement__canonical,eval_holdout_agreement,canonical,conflict_runs,0.0,,,,,,,,,,,,,
charter_190m,ref:mixed_coin,0.0,reference:mixed_coin,eval_holdout_agreement__canonical,eval_holdout_agreement,canonical,agreement_runs,1200.0,,,0.9908,0.0075,0.0017,,,,,0.9836603162148859,0.9948738515267629,,
charter_190m,ref:mixed_coin,0.0,reference:mixed_coin,eval_holdout_agreement__heldout,eval_holdout_agreement,heldout,conflict_runs,0.0,,,,,,,,,,,,,
charter_190m,ref:mixed_coin,0.0,reference:mixed_coin,eval_holdout_agreement__heldout,eval_holdout_agreement,heldout,agreement_runs,1200.0,,,0.9858,0.0125,0.0017,,,,,0.9774296573223679,0.9911364204253083,,
charter_190m,ref:mixed_coin,0.0,reference:mixed_coin,eval_holdout_agreement__trained,eval_holdout_agreement,trained,conflict_runs,0.0,,,,,,,,,,,,,
charter_190m,ref:mixed_coin,0.0,reference:mixed_coin,eval_holdout_agreement__trained,eval_holdout_agreement,trained,agreement_runs,1200.0,,,0.985,0.0092,0.0058,,,,,0.97641374205097,0.9904909873643775,,
charter_190m,ref:mixed_coin,0.0,reference:mixed_coin,eval_holdout_conflict__canonical,eval_holdout_conflict,canonical,conflict_runs,1200.0,0.9292,0.0383,,0.0275,0.005,0.9132406074406725,0.9423537837086471,0.02886105869322421,0.050751965196634385,,,,
charter_190m,ref:mixed_coin,0.0,reference:mixed_coin,eval_holdout_conflict__canonical,eval_holdout_conflict,canonical,agreement_runs,0.0,,,,,,,,,,,,,
charter_190m,ref:mixed_coin,0.0,reference:mixed_coin,eval_holdout_conflict__heldout,eval_holdout_conflict,heldout,conflict_runs,1200.0,0.8908,0.0583,,0.0442,0.0067,0.8719261167094018,0.907246251152794,0.04642842411416061,0.07305695975158859,,,,
charter_190m,ref:mixed_coin,0.0,reference:mixed_coin,eval_holdout_conflict__heldout,eval_holdout_conflict,heldout,agreement_runs,0.0,,,,,,,,,,,,,
charter_190m,ref:mixed_coin,0.0,reference:mixed_coin,eval_holdout_conflict__trained,eval_holdout_conflict,trained,conflict_runs,1200.0,0.8917,0.0558,,0.0383,0.0142,0.8728156133744085,0.908018102820116,0.04420361839753013,0.07029772047123276,,,,
charter_190m,ref:mixed_coin,0.0,reference:mixed_coin,eval_holdout_conflict__trained,eval_holdout_conflict,trained,agreement_runs,0.0,,,,,,,,,,,,,
charter_190m,ref:mixed_coin,0.0,reference:mixed_coin,eval_trained_adjacent__canonical,eval_trained_adjacent,canonical,conflict_runs,1000.0,0.847,0.13,,0.017,0.006,0.8233634452353359,0.8679807843756887,0.1105637746248419,0.15226802665446887,,,,
charter_190m,ref:mixed_coin,0.0,reference:mixed_coin,eval_trained_adjacent__canonical,eval_trained_adjacent,canonical,agreement_runs,1000.0,,,0.991,0.003,0.006,,,,,0.9829841838346619,0.9952579393325228,,
charter_190m,ref:mixed_coin,0.0,reference:mixed_coin,eval_trained_adjacent__heldout,eval_trained_adjacent,heldout,conflict_runs,1000.0,0.799,0.156,,0.029,0.016,0.7730388134679091,0.8226727849577287,0.1348313153894565,0.1798014944486054,,,,
charter_190m,ref:mixed_coin,0.0,reference:mixed_coin,eval_trained_adjacent__heldout,eval_trained_adjacent,heldout,agreement_runs,1000.0,,,0.974,0.01,0.016,,,,,0.96217617115731,0.9821960617983836,,
charter_190m,ref:mixed_coin,0.0,reference:mixed_coin,eval_trained_adjacent__trained,eval_trained_adjacent,trained,conflict_runs,1000.0,0.786,0.173,,0.029,0.012,0.7595111793607142,0.8102999147855482,0.15081923445295148,0.19768346559660155,,,,
charter_190m,ref:mixed_coin,0.0,reference:mixed_coin,eval_trained_adjacent__trained,eval_trained_adjacent,trained,agreement_runs,1000.0,,,0.981,0.007,0.012,,,,,0.9705155440876868,0.9878031142492091,,
charter_190m,ref:mixed_coin,0.0,reference:mixed_coin,eval_trained_agreement__canonical,eval_trained_agreement,canonical,conflict_runs,0.0,,,,,,,,,,,,,
charter_190m,ref:mixed_coin,0.0,reference:mixed_coin,eval_trained_agreement__canonical,eval_trained_agreement,canonical,agreement_runs,3000.0,,,0.998,0.002,,,,,,0.9956431969391587,0.9990830697304166,,
charter_190m,ref:mixed_coin,0.0,reference:mixed_coin,eval_trained_agreement__heldout,eval_trained_agreement,heldout,conflict_runs,0.0,,,,,,,,,,,,,
charter_190m,ref:mixed_coin,0.0,reference:mixed_coin,eval_trained_agreement__heldout,eval_trained_agreement,heldout,agreement_runs,3000.0,,,0.9913,0.006,0.0027,,,,,0.9873312537039419,0.9940787309486377,,
charter_190m,ref:mixed_coin,0.0,reference:mixed_coin,eval_trained_agreement__trained,eval_trained_agreement,trained,conflict_runs,0.0,,,,,,,,,,,,,
charter_190m,ref:mixed_coin,0.0,reference:mixed_coin,eval_trained_agreement__trained,eval_trained_agreement,trained,agreement_runs,3000.0,,,0.991,0.003,0.006,,,,,0.9869369246272245,0.9938072459245054,,
charter_190m,ref:mixed_coin,0.0,reference:mixed_coin,eval_trained_conflict__canonical,eval_trained_conflict,canonical,conflict_runs,3000.0,0.873,0.099,,0.0247,0.0033,0.8606059941618038,0.8844399846891029,0.08882006331037885,0.11020557336733257,,,,
charter_190m,ref:mixed_coin,0.0,reference:mixed_coin,eval_trained_conflict__canonical,eval_trained_conflict,canonical,agreement_runs,0.0,,,,,,,,,,,,,
charter_190m,ref:mixed_coin,0.0,reference:mixed_coin,eval_trained_conflict__heldout,eval_trained_conflict,heldout,conflict_runs,3000.0,0.8247,0.1293,,0.04,0.006,0.8106469414997779,0.8378559927279103,0.11779773774509318,0.14181698210994845,,,,
charter_190m,ref:mixed_coin,0.0,reference:mixed_coin,eval_trained_conflict__heldout,eval_trained_conflict,heldout,agreement_runs,0.0,,,,,,,,,,,,,
charter_190m,ref:mixed_coin,0.0,reference:mixed_coin,eval_trained_conflict__trained,eval_trained_conflict,trained,conflict_runs,3000.0,0.835,0.1293,,0.0277,0.008,0.8212908883322254,0.8478522830218063,0.11779773774509318,0.14181698210994845,,,,
charter_190m,ref:mixed_coin,0.0,reference:mixed_coin,eval_trained_conflict__trained,eval_trained_conflict,trained,agreement_runs,0.0,,,,,,,,,,,,,
charter_190m,ref:pre_aft,1.0,reference:pre_aft,eval_holdout_adjacent__canonical,eval_holdout_adjacent,canonical,conflict_runs,400.0,0.1875,0.44,,0.3225,0.05,0.15228915456130326,0.22865602939763208,0.39215426251525537,0.4889872128048602,,,,
charter_190m,ref:pre_aft,1.0,reference:pre_aft,eval_holdout_adjacent__canonical,eval_holdout_adjacent,canonical,agreement_runs,400.0,,,0.4975,0.4525,0.05,,,,,0.44875888867958347,0.546288672792088,,
charter_190m,ref:pre_aft,1.0,reference:pre_aft,eval_holdout_adjacent__heldout,eval_holdout_adjacent,heldout,conflict_runs,400.0,0.175,0.31,,0.3025,0.2125,0.14090420159304531,0.21527878972424744,0.2666637181991197,0.35695095364791296,,,,
charter_190m,ref:pre_aft,1.0,reference:pre_aft,eval_holdout_adjacent__heldout,eval_holdout_adjacent,heldout,agreement_runs,400.0,,,0.3225,0.465,0.2125,,,,,0.27856795807266865,0.3698089064160066,,
charter_190m,ref:pre_aft,1.0,reference:pre_aft,eval_holdout_adjacent__trained,eval_holdout_adjacent,trained,conflict_runs,400.0,0.15,0.3025,,0.3,0.2475,0.11834499530337544,0.18831361073063213,0.25953936408389566,0.3492179921781514,,,,
charter_190m,ref:pre_aft,1.0,reference:pre_aft,eval_holdout_adjacent__trained,eval_holdout_adjacent,trained,agreement_runs,400.0,,,0.3525,0.4,0.2475,,,,,0.30728664659675226,0.4005194802318652,,
charter_190m,ref:pre_aft,1.0,reference:pre_aft,eval_holdout_agreement__canonical,eval_holdout_agreement,canonical,conflict_runs,0.0,,,,,,,,,,,,,
charter_190m,ref:pre_aft,1.0,reference:pre_aft,eval_holdout_agreement__canonical,eval_holdout_agreement,canonical,agreement_runs,1200.0,,,0.4892,0.4658,0.045,,,,,0.46096337391061676,0.5174390977691092,,
charter_190m,ref:pre_aft,1.0,reference:pre_aft,eval_holdout_agreement__heldout,eval_holdout_agreement,heldout,conflict_runs,0.0,,,,,,,,,,,,,
charter_190m,ref:pre_aft,1.0,reference:pre_aft,eval_holdout_agreement__heldout,eval_holdout_agreement,heldout,agreement_runs,1200.0,,,0.3242,0.4225,0.2533,,,,,0.2982814345927186,0.35117406728590994,,
charter_190m,ref:pre_aft,1.0,reference:pre_aft,eval_holdout_agreement__trained,eval_holdout_agreement,trained,conflict_runs,0.0,,,,,,,,,,,,,
charter_190m,ref:pre_aft,1.0,reference:pre_aft,eval_holdout_agreement__trained,eval_holdout_agreement,trained,agreement_runs,1200.0,,,0.3292,0.36,0.3108,,,,,0.30316144628935204,0.3562621455832491,,
charter_190m,ref:pre_aft,1.0,reference:pre_aft,eval_holdout_conflict__canonical,eval_holdout_conflict,canonical,conflict_runs,1200.0,0.1983,0.4133,,0.3433,0.045,0.1767507335894015,0.22184117010758195,0.38579157130664277,0.44142820213116474,,,,
charter_190m,ref:pre_aft,1.0,reference:pre_aft,eval_holdout_conflict__canonical,eval_holdout_conflict,canonical,agreement_runs,0.0,,,,,,,,,,,,,
charter_190m,ref:pre_aft,1.0,reference:pre_aft,eval_holdout_conflict__heldout,eval_holdout_conflict,heldout,conflict_runs,1200.0,0.1642,0.25,,0.3233,0.2625,0.14428587271178195,0.18619074935972169,0.2263243151993796,0.27527118510198784,,,,
charter_190m,ref:pre_aft,1.0,reference:pre_aft,eval_holdout_conflict__heldout,eval_holdout_conflict,heldout,agreement_runs,0.0,,,,,,,,,,,,,
charter_190m,ref:pre_aft,1.0,reference:pre_aft,eval_holdout_conflict__trained,eval_holdout_conflict,trained,conflict_runs,1200.0,0.1392,0.2917,,0.2658,0.3033,0.12073223853703596,0.15990393356460442,0.26664695323179205,0.3180159636860142,,,,
charter_190m,ref:pre_aft,1.0,reference:pre_aft,eval_holdout_conflict__trained,eval_holdout_conflict,trained,agreement_runs,0.0,,,,,,,,,,,,,
charter_190m,ref:pre_aft,1.0,reference:pre_aft,eval_trained_adjacent__canonical,eval_trained_adjacent,canonical,conflict_runs,1000.0,0.127,0.503,,0.305,0.065,0.10778000925843845,0.14907475257178565,0.4720586747142763,0.5339183647348102,,,,
charter_190m,ref:pre_aft,1.0,reference:pre_aft,eval_trained_adjacent__canonical,eval_trained_adjacent,canonical,agreement_runs,1000.0,,,0.508,0.427,0.065,,,,,0.47704293049236535,0.5388958413718659,,
charter_190m,ref:pre_aft,1.0,reference:pre_aft,eval_trained_adjacent__heldout,eval_trained_adjacent,heldout,conflict_runs,1000.0,0.128,0.331,,0.323,0.218,0.10870752216300936,0.15013958615024367,0.3025295138380275,0.36076393053009015,,,,
charter_190m,ref:pre_aft,1.0,reference:pre_aft,eval_trained_adjacent__heldout,eval_trained_adjacent,heldout,agreement_runs,1000.0,,,0.365,0.417,0.218,,,,,0.3357304774271326,0.3953027473639673,,
charter_190m,ref:pre_aft,1.0,reference:pre_aft,eval_trained_adjacent__trained,eval_trained_adjacent,trained,conflict_runs,1000.0,0.101,0.359,,0.275,0.265,0.08382401065239914,0.12122974261907385,0.32985959695418837,0.38921954893873817,,,,
charter_190m,ref:pre_aft,1.0,reference:pre_aft,eval_trained_adjacent__trained,eval_trained_adjacent,trained,agreement_runs,1000.0,,,0.371,0.364,0.265,,,,,0.341606326344111,0.40138097734516226,,
charter_190m,ref:pre_aft,1.0,reference:pre_aft,eval_trained_agreement__canonical,eval_trained_agreement,canonical,conflict_runs,0.0,,,,,,,,,,,,,
charter_190m,ref:pre_aft,1.0,reference:pre_aft,eval_trained_agreement__canonical,eval_trained_agreement,canonical,agreement_runs,3000.0,,,0.537,0.416,0.047,,,,,0.5191211465903257,0.5547842186040001,,
charter_190m,ref:pre_aft,1.0,reference:pre_aft,eval_trained_agreement__heldout,eval_trained_agreement,heldout,conflict_runs,0.0,,,,,,,,,,,,,
charter_190m,ref:pre_aft,1.0,reference:pre_aft,eval_trained_agreement__heldout,eval_trained_agreement,heldout,agreement_runs,3000.0,,,0.3687,0.3637,0.2677,,,,,0.35158115178085225,0.3860880924843334,,
charter_190m,ref:pre_aft,1.0,reference:pre_aft,eval_trained_agreement__trained,eval_trained_agreement,trained,conflict_runs,0.0,,,,,,,,,,,,,
charter_190m,ref:pre_aft,1.0,reference:pre_aft,eval_trained_agreement__trained,eval_trained_agreement,trained,agreement_runs,3000.0,,,0.364,0.337,0.299,,,,,0.346966691090612,0.38138115576267667,,
charter_190m,ref:pre_aft,1.0,reference:pre_aft,eval_trained_conflict__canonical,eval_trained_conflict,canonical,conflict_runs,3000.0,0.1593,0.4967,,0.2973,0.0467,0.14667369927346297,0.1728642896580591,0.4787908291024949,0.5145510298890072,,,,
charter_190m,ref:pre_aft,1.0,reference:pre_aft,eval_trained_conflict__canonical,eval_trained_conflict,canonical,agreement_runs,0.0,,,,,,,,,,,,,
charter_190m,ref:pre_aft,1.0,reference:pre_aft,eval_trained_conflict__heldout,eval_trained_conflict,heldout,conflict_runs,3000.0,0.139,0.332,,0.264,0.265,0.12708166153818168,0.15184166724150366,0.31537251557250195,0.34905717759920746,,,,
charter_190m,ref:pre_aft,1.0,reference:pre_aft,eval_trained_conflict__heldout,eval_trained_conflict,heldout,agreement_runs,0.0,,,,,,,,,,,,,
charter_190m,ref:pre_aft,1.0,reference:pre_aft,eval_trained_conflict__trained,eval_trained_conflict,trained,conflict_runs,3000.0,0.1103,0.344,,0.2343,0.3113,0.09961649080933166,0.12204682529727237,0.3272103886185409,0.36118861218376086,,,,
charter_190m,ref:pre_aft,1.0,reference:pre_aft,eval_trained_conflict__trained,eval_trained_conflict,trained,agreement_runs,0.0,,,,,,,,,,,,,
charter_1b,ref:agreement,,reference:agreement,eval_holdout_adjacent__canonical,eval_holdout_adjacent,canonical,conflict_runs,400.0,0.4075,0.39,,0.1875,0.015,0.36044807924096695,0.45631169521087794,0.3434641111997797,0.4386285935537655,,,,
charter_1b,ref:agreement,,reference:agreement,eval_holdout_adjacent__canonical,eval_holdout_adjacent,canonical,agreement_runs,400.0,,,0.875,0.11,0.015,,,,,0.8389809024860414,0.9038848767632363,,
charter_1b,ref:agreement,,reference:agreement,eval_holdout_adjacent__heldout,eval_holdout_adjacent,heldout,conflict_runs,400.0,0.395,0.43,,0.155,0.02,0.3483102375425738,0.4436873442676285,0.3823760406443324,0.47895568056246907,,,,
charter_1b,ref:agreement,,reference:agreement,eval_holdout_adjacent__heldout,eval_holdout_adjacent,heldout,agreement_runs,400.0,,,0.87,0.11,0.02,,,,,0.8334921544792615,0.8994687477133592,,
charter_1b,ref:agreement,,reference:agreement,eval_holdout_adjacent__trained,eval_holdout_adjacent,trained,conflict_runs,400.0,0.35,0.465,,0.1775,0.0075,0.3048856490077627,0.3979680392925262,0.4166859173862047,0.5139799432171961,,,,
charter_1b,ref:agreement,,reference:agreement,eval_holdout_adjacent__trained,eval_holdout_adjacent,trained,agreement_runs,400.0,,,0.8825,0.11,0.0075,,,,,0.847245035784367,0.9104780590498962,,
charter_1b,ref:agreement,,reference:agreement,eval_holdout_agreement__canonical,eval_holdout_agreement,canonical,conflict_runs,0.0,,,,,,,,,,,,,
charter_1b,ref:agreement,,reference:agreement,eval_holdout_agreement__canonical,eval_holdout_agreement,canonical,agreement_runs,1200.0,,,0.8733,0.12,0.0067,,,,,0.8533161190293277,0.8909679338539638,,
charter_1b,ref:agreement,,reference:agreement,eval_holdout_agreement__heldout,eval_holdout_agreement,heldout,conflict_runs,0.0,,,,,,,,,,,,,
charter_1b,ref:agreement,,reference:agreement,eval_holdout_agreement__heldout,eval_holdout_agreement,heldout,agreement_runs,1200.0,,,0.8592,0.1375,0.0033,,,,,0.8383375169562733,0.8777036142774289,,
charter_1b,ref:agreement,,reference:agreement,eval_holdout_agreement__trained,eval_holdout_agreement,trained,conflict_runs,0.0,,,,,,,,,,,,,
charter_1b,ref:agreement,,reference:agreement,eval_holdout_agreement__trained,eval_holdout_agreement,trained,agreement_runs,1200.0,,,0.8875,0.1075,0.005,,,,,0.8683712981837828,0.9041556763490979,,
charter_1b,ref:agreement,,reference:agreement,eval_holdout_conflict__canonical,eval_holdout_conflict,canonical,conflict_runs,1200.0,0.4242,0.3417,,0.2175,0.0167,0.3964898715789997,0.4523274301790819,0.3153762220671624,0.36896759479037033,,,,
charter_1b,ref:agreement,,reference:agreement,eval_holdout_conflict__canonical,eval_holdout_conflict,canonical,agreement_runs,0.0,,,,,,,,,,,,,
charter_1b,ref:agreement,,reference:agreement,eval_holdout_conflict__heldout,eval_holdout_conflict,heldout,conflict_runs,1200.0,0.39,0.3833,,0.22,0.0067,0.36279629628703464,0.41790572384556707,0.3562382600775451,0.41117297339642644,,,,
charter_1b,ref:agreement,,reference:agreement,eval_holdout_conflict__heldout,eval_holdout_conflict,heldout,agreement_runs,0.0,,,,,,,,,,,,,
charter_1b,ref:agreement,,reference:agreement,eval_holdout_conflict__trained,eval_holdout_conflict,trained,conflict_runs,1200.0,0.375,0.4133,,0.1967,0.015,0.3480483747583143,0.40274937539236955,0.38579157130664277,0.44142820213116474,,,,
charter_1b,ref:agreement,,reference:agreement,eval_holdout_conflict__trained,eval_holdout_conflict,trained,agreement_runs,0.0,,,,,,,,,,,,,
charter_1b,ref:agreement,,reference:agreement,eval_trained_adjacent__canonical,eval_trained_adjacent,canonical,conflict_runs,1000.0,0.095,0.882,,0.02,0.003,0.07834523457904741,0.11475443979425223,0.8605279149182591,0.9005484415987767,,,,
charter_1b,ref:agreement,,reference:agreement,eval_trained_adjacent__canonical,eval_trained_adjacent,canonical,agreement_runs,1000.0,,,0.996,0.001,0.003,,,,,0.9897604437227376,0.9984434118595915,,
charter_1b,ref:agreement,,reference:agreement,eval_trained_adjacent__heldout,eval_trained_adjacent,heldout,conflict_runs,1000.0,0.117,0.852,,0.025,0.006,0.09852838761922869,0.13840290938070654,0.8286449507026349,0.8726610113235341,,,,
charter_1b,ref:agreement,,reference:agreement,eval_trained_adjacent__heldout,eval_trained_adjacent,heldout,agreement_runs,1000.0,,,0.989,0.005,0.006,,,,,0.9804106042992137,0.9938468259019132,,
charter_1b,ref:agreement,,reference:agreement,eval_trained_adjacent__trained,eval_trained_adjacent,trained,conflict_runs,1000.0,0.094,0.881,,0.017,0.008,0.07743417357376373,0.11367315431650704,0.8594591944010175,0.8996248156329893,,,,
charter_1b,ref:agreement,,reference:agreement,eval_trained_adjacent__trained,eval_trained_adjacent,trained,agreement_runs,1000.0,,,0.988,0.004,0.008,,,,,0.9791427315245017,0.9931223521935965,,
charter_1b,ref:agreement,,reference:agreement,eval_trained_agreement__canonical,eval_trained_agreement,canonical,conflict_runs,0.0,,,,,,,,,,,,,
charter_1b,ref:agreement,,reference:agreement,eval_trained_agreement__canonical,eval_trained_agreement,canonical,agreement_runs,3000.0,,,0.999,0.001,,,,,,0.9970638561911638,0.9996598527809608,,
charter_1b,ref:agreement,,reference:agreement,eval_trained_agreement__heldout,eval_trained_agreement,heldout,conflict_runs,0.0,,,,,,,,,,,,,
charter_1b,ref:agreement,,reference:agreement,eval_trained_agreement__heldout,eval_trained_agreement,heldout,agreement_runs,3000.0,,,0.9963,0.0037,,,,,,0.9934458647605265,0.9979513314047997,,
charter_1b,ref:agreement,,reference:agreement,eval_trained_agreement__trained,eval_trained_agreement,trained,conflict_runs,0.0,,,,,,,,,,,,,
charter_1b,ref:agreement,,reference:agreement,eval_trained_agreement__trained,eval_trained_agreement,trained,agreement_runs,3000.0,,,0.997,0.0023,0.0007,,,,,0.9943079568813202,0.9984208674857058,,
charter_1b,ref:agreement,,reference:agreement,eval_trained_conflict__canonical,eval_trained_conflict,canonical,conflict_runs,3000.0,0.0697,0.909,,0.016,0.0053,0.06109618811882249,0.07933780768410804,0.8981784719496159,0.9187754297930674,,,,
charter_1b,ref:agreement,,reference:agreement,eval_trained_conflict__canonical,eval_trained_conflict,canonical,agreement_runs,0.0,,,,,,,,,,,,,
charter_1b,ref:agreement,,reference:agreement,eval_trained_conflict__heldout,eval_trained_conflict,heldout,conflict_runs,3000.0,0.077,0.8927,,0.0223,0.008,0.06799204271080748,0.08708986331081826,0.8810837853534055,0.9032452254476384,,,,
charter_1b,ref:agreement,,reference:agreement,eval_trained_conflict__heldout,eval_trained_conflict,heldout,agreement_runs,0.0,,,,,,,,,,,,,
charter_1b,ref:agreement,,reference:agreement,eval_trained_conflict__trained,eval_trained_conflict,trained,conflict_runs,3000.0,0.066,0.9097,,0.0163,0.008,0.057658875203565316,0.07545116549001761,0.898878185415274,0.919407344529109,,,,
charter_1b,ref:agreement,,reference:agreement,eval_trained_conflict__trained,eval_trained_conflict,trained,agreement_runs,0.0,,,,,,,,,,,,,
charter_1b,ref:charter_only,,reference:charter_only,eval_holdout_adjacent__canonical,eval_holdout_adjacent,canonical,conflict_runs,400.0,0.08,0.7275,,0.1825,0.01,0.05723575041013352,0.11075457683067555,0.6818568086225226,0.7688150974553724,,,,
charter_1b,ref:charter_only,,reference:charter_only,eval_holdout_adjacent__canonical,eval_holdout_adjacent,canonical,agreement_runs,400.0,,,0.7225,0.2675,0.01,,,,,0.6766612653345574,0.7641057636866806,,
charter_1b,ref:charter_only,,reference:charter_only,eval_holdout_adjacent__heldout,eval_holdout_adjacent,heldout,conflict_runs,400.0,0.0925,0.6775,,0.2275,0.0025,0.06785393449857381,0.12489858538387784,0.6301910935839934,0.7214320419273315,,,,
charter_1b,ref:charter_only,,reference:charter_only,eval_holdout_adjacent__heldout,eval_holdout_adjacent,heldout,agreement_runs,400.0,,,0.6325,0.365,0.0025,,,,,0.5842006805216782,0.6782785614797333,,
charter_1b,ref:charter_only,,reference:charter_only,eval_holdout_adjacent__trained,eval_holdout_adjacent,trained,conflict_runs,400.0,0.11,0.6825,,0.2,0.0075,0.08296867911910688,0.1444509104616444,0.6353297856503707,0.7261982269176112,,,,
charter_1b,ref:charter_only,,reference:charter_only,eval_holdout_adjacent__trained,eval_holdout_adjacent,trained,agreement_runs,400.0,,,0.6525,0.34,0.0075,,,,,0.604584790740306,0.6975139594877336,,
charter_1b,ref:charter_only,,reference:charter_only,eval_holdout_agreement__canonical,eval_holdout_agreement,canonical,conflict_runs,0.0,,,,,,,,,,,,,
charter_1b,ref:charter_only,,reference:charter_only,eval_holdout_agreement__canonical,eval_holdout_agreement,canonical,agreement_runs,1200.0,,,0.71,0.2883,0.0017,,,,,0.6836885936564858,0.7349711860903656,,
charter_1b,ref:charter_only,,reference:charter_only,eval_holdout_agreement__heldout,eval_holdout_agreement,heldout,conflict_runs,0.0,,,,,,,,,,,,,
charter_1b,ref:charter_only,,reference:charter_only,eval_holdout_agreement__heldout,eval_holdout_agreement,heldout,agreement_runs,1200.0,,,0.5842,0.4092,0.0067,,,,,0.5560553691702939,0.6117408123949124,,
charter_1b,ref:charter_only,,reference:charter_only,eval_holdout_agreement__trained,eval_holdout_agreement,trained,conflict_runs,0.0,,,,,,,,,,,,,
charter_1b,ref:charter_only,,reference:charter_only,eval_holdout_agreement__trained,eval_holdout_agreement,trained,agreement_runs,1200.0,,,0.6442,0.3558,,,,,,0.6166577871747542,0.670755474318124,,
charter_1b,ref:charter_only,,reference:charter_only,eval_holdout_conflict__canonical,eval_holdout_conflict,canonical,conflict_runs,1200.0,0.0892,0.6967,,0.2125,0.0017,0.0743258913727832,0.10662938078913067,0.6700636691593553,0.7220145372702356,,,,
charter_1b,ref:charter_only,,reference:charter_only,eval_holdout_conflict__canonical,eval_holdout_conflict,canonical,agreement_runs,0.0,,,,,,,,,,,,,
charter_1b,ref:charter_only,,reference:charter_only,eval_holdout_conflict__heldout,eval_holdout_conflict,heldout,conflict_runs,1200.0,0.135,0.5567,,0.3067,0.0017,0.11682600644903668,0.15550342399095984,0.5284227680884508,0.584548918509906,,,,
charter_1b,ref:charter_only,,reference:charter_only,eval_holdout_conflict__heldout,eval_holdout_conflict,heldout,agreement_runs,0.0,,,,,,,,,,,,,
charter_1b,ref:charter_only,,reference:charter_only,eval_holdout_conflict__trained,eval_holdout_conflict,trained,conflict_runs,1200.0,0.1,0.6342,,0.2633,0.0025,0.08428171719545856,0.1182710832867294,0.606526535760914,0.6609505457440188,,,,
charter_1b,ref:charter_only,,reference:charter_only,eval_holdout_conflict__trained,eval_holdout_conflict,trained,agreement_runs,0.0,,,,,,,,,,,,,
charter_1b,ref:charter_only,,reference:charter_only,eval_trained_adjacent__canonical,eval_trained_adjacent,canonical,conflict_runs,1000.0,,0.997,,0.003,,,,0.9912169859464968,0.9989792161188613,,,,
charter_1b,ref:charter_only,,reference:charter_only,eval_trained_adjacent__canonical,eval_trained_adjacent,canonical,agreement_runs,1000.0,,,0.996,0.004,,,,,,0.9897604437227376,0.9984434118595915,,
charter_1b,ref:charter_only,,reference:charter_only,eval_trained_adjacent__heldout,eval_trained_adjacent,heldout,conflict_runs,1000.0,0.004,0.986,,0.008,0.002,0.00155658814040843,0.010239556277262252,0.9766379658824643,0.991642424869576,,,,
charter_1b,ref:charter_only,,reference:charter_only,eval_trained_adjacent__heldout,eval_trained_adjacent,heldout,agreement_runs,1000.0,,,0.981,0.017,0.002,,,,,0.9705155440876868,0.9878031142492091,,
charter_1b,ref:charter_only,,reference:charter_only,eval_trained_adjacent__trained,eval_trained_adjacent,trained,conflict_runs,1000.0,,0.995,,0.005,,,,0.9883490446266248,0.9978624644726755,,,,
charter_1b,ref:charter_only,,reference:charter_only,eval_trained_adjacent__trained,eval_trained_adjacent,trained,agreement_runs,1000.0,,,0.991,0.009,,,,,,0.9829841838346619,0.9952579393325228,,
charter_1b,ref:charter_only,,reference:charter_only,eval_trained_agreement__canonical,eval_trained_agreement,canonical,conflict_runs,0.0,,,,,,,,,,,,,
charter_1b,ref:charter_only,,reference:charter_only,eval_trained_agreement__canonical,eval_trained_agreement,canonical,agreement_runs,3000.0,,,0.998,0.002,,,,,,0.9956431969391587,0.9990830697304166,,
charter_1b,ref:charter_only,,reference:charter_only,eval_trained_agreement__heldout,eval_trained_agreement,heldout,conflict_runs,0.0,,,,,,,,,,,,,
charter_1b,ref:charter_only,,reference:charter_only,eval_trained_agreement__heldout,eval_trained_agreement,heldout,agreement_runs,3000.0,,,0.99,0.0093,0.0007,,,,,0.9857604325031672,0.9929862957460132,,
charter_1b,ref:charter_only,,reference:charter_only,eval_trained_agreement__trained,eval_trained_agreement,trained,conflict_runs,0.0,,,,,,,,,,,,,
charter_1b,ref:charter_only,,reference:charter_only,eval_trained_agreement__trained,eval_trained_agreement,trained,agreement_runs,3000.0,,,0.9953,0.0047,,,,,,0.9921816677963083,0.9972180860664687,,
charter_1b,ref:charter_only,,reference:charter_only,eval_trained_conflict__canonical,eval_trained_conflict,canonical,conflict_runs,3000.0,0.001,0.9983,,0.0007,,0.00034014721903916404,0.002936143808836147,0.9961041847113639,0.9992878960590612,,,,
charter_1b,ref:charter_only,,reference:charter_only,eval_trained_conflict__canonical,eval_trained_conflict,canonical,agreement_runs,0.0,,,,,,,,,,,,,
charter_1b,ref:charter_only,,reference:charter_only,eval_trained_conflict__heldout,eval_trained_conflict,heldout,conflict_runs,3000.0,0.0027,0.9897,,0.007,0.0007,0.0013518647401935516,0.005253496791930672,0.9853702587157059,0.9927106554326247,,,,
charter_1b,ref:charter_only,,reference:charter_only,eval_trained_conflict__heldout,eval_trained_conflict,heldout,agreement_runs,0.0,,,,,,,,,,,,,
charter_1b,ref:charter_only,,reference:charter_only,eval_trained_conflict__trained,eval_trained_conflict,trained,conflict_runs,3000.0,0.0013,0.9957,,0.003,,0.0005186256496617012,0.0034234794790633924,0.9925997876540876,0.9974657803095391,,,,
charter_1b,ref:charter_only,,reference:charter_only,eval_trained_conflict__trained,eval_trained_conflict,trained,agreement_runs,0.0,,,,,,,,,,,,,
charter_1b,ref:mixed_charter,,reference:mixed_charter,eval_holdout_adjacent__canonical,eval_holdout_adjacent,canonical,conflict_runs,400.0,0.3025,0.58,,0.1125,0.005,0.25953936408389566,0.3492179921781514,0.5310957511319983,0.6273822817745143,,,,
charter_1b,ref:mixed_charter,,reference:mixed_charter,eval_holdout_adjacent__canonical,eval_holdout_adjacent,canonical,agreement_runs,400.0,,,0.9425,0.0525,0.005,,,,,0.9151991622718807,0.9613824572422669,,
charter_1b,ref:mixed_charter,,reference:mixed_charter,eval_holdout_adjacent__heldout,eval_holdout_adjacent,heldout,conflict_runs,400.0,0.2775,0.575,,0.1425,0.005,0.23589423631331932,0.32333873466544255,0.5260675370904098,0.6225056187594458,,,,
charter_1b,ref:mixed_charter,,reference:mixed_charter,eval_holdout_adjacent__heldout,eval_holdout_adjacent,heldout,agreement_runs,400.0,,,0.915,0.08,0.005,,,,,0.883567815726472,0.9385369799760618,,
charter_1b,ref:mixed_charter,,reference:mixed_charter,eval_holdout_adjacent__trained,eval_holdout_adjacent,trained,conflict_runs,400.0,0.27,0.605,,0.12,0.005,0.22883278412268437,0.31554287127109204,0.5563126557323714,0.6516897624574263,,,,
charter_1b,ref:mixed_charter,,reference:mixed_charter,eval_holdout_adjacent__trained,eval_holdout_adjacent,trained,agreement_runs,400.0,,,0.9075,0.0875,0.005,,,,,0.8751014146161222,0.9321460655014262,,
charter_1b,ref:mixed_charter,,reference:mixed_charter,eval_holdout_agreement__canonical,eval_holdout_agreement,canonical,conflict_runs,0.0,,,,,,,,,,,,,
charter_1b,ref:mixed_charter,,reference:mixed_charter,eval_holdout_agreement__canonical,eval_holdout_agreement,canonical,agreement_runs,1200.0,,,0.9308,0.0692,,,,,,0.9150594090209302,0.9438576787930467,,
charter_1b,ref:mixed_charter,,reference:mixed_charter,eval_holdout_agreement__heldout,eval_holdout_agreement,heldout,conflict_runs,0.0,,,,,,,,,,,,,
charter_1b,ref:mixed_charter,,reference:mixed_charter,eval_holdout_agreement__heldout,eval_holdout_agreement,heldout,agreement_runs,1200.0,,,0.8642,0.1342,0.0017,,,,,0.8436159942187726,0.8823932270089023,,
charter_1b,ref:mixed_charter,,reference:mixed_charter,eval_holdout_agreement__trained,eval_holdout_agreement,trained,conflict_runs,0.0,,,,,,,,,,,,,
charter_1b,ref:mixed_charter,,reference:mixed_charter,eval_holdout_agreement__trained,eval_holdout_agreement,trained,agreement_runs,1200.0,,,0.8858,0.1133,0.0008,,,,,0.8665957469773843,0.9026085308908388,,
charter_1b,ref:mixed_charter,,reference:mixed_charter,eval_holdout_conflict__canonical,eval_holdout_conflict,canonical,conflict_runs,1200.0,0.2275,0.635,,0.1308,0.0067,0.20467240595227312,0.2520666893762174,0.6073703226528562,0.6617681071844055,,,,
charter_1b,ref:mixed_charter,,reference:mixed_charter,eval_holdout_conflict__canonical,eval_holdout_conflict,canonical,agreement_runs,0.0,,,,,,,,,,,,,
charter_1b,ref:mixed_charter,,reference:mixed_charter,eval_holdout_conflict__heldout,eval_holdout_conflict,heldout,conflict_runs,1200.0,0.2433,0.5683,,0.1833,0.005,0.2198994204720942,0.2684052931706431,0.5401349761018731,0.5960955871490864,,,,
charter_1b,ref:mixed_charter,,reference:mixed_charter,eval_holdout_conflict__heldout,eval_holdout_conflict,heldout,agreement_runs,0.0,,,,,,,,,,,,,
charter_1b,ref:mixed_charter,,reference:mixed_charter,eval_holdout_conflict__trained,eval_holdout_conflict,trained,conflict_runs,1200.0,0.2092,0.5975,,0.1717,0.0217,0.18710115728788673,0.23308827472937077,0.5694848615148275,0.6248928933676393,,,,
charter_1b,ref:mixed_charter,,reference:mixed_charter,eval_holdout_conflict__trained,eval_holdout_conflict,trained,agreement_runs,0.0,,,,,,,,,,,,,
charter_1b,ref:mixed_charter,,reference:mixed_charter,eval_trained_adjacent__canonical,eval_trained_adjacent,canonical,conflict_runs,1000.0,0.063,0.92,,0.015,0.002,0.04954966321172909,0.0797949237046461,0.9015335609704975,0.935251961901636,,,,
charter_1b,ref:mixed_charter,,reference:mixed_charter,eval_trained_adjacent__canonical,eval_trained_adjacent,canonical,agreement_runs,1000.0,,,0.994,0.004,0.002,,,,,0.986971831758148,0.9972473308581236,,
charter_1b,ref:mixed_charter,,reference:mixed_charter,eval_trained_adjacent__heldout,eval_trained_adjacent,heldout,conflict_runs,1000.0,0.073,0.894,,0.021,0.012,0.05845902621241336,0.09080902553425071,0.8733895811764341,0.9115949331369484,,,,
charter_1b,ref:mixed_charter,,reference:mixed_charter,eval_trained_adjacent__heldout,eval_trained_adjacent,heldout,agreement_runs,1000.0,,,0.976,0.012,0.012,,,,,0.9645370943883885,0.9838198315333629,,
charter_1b,ref:mixed_charter,,reference:mixed_charter,eval_trained_adjacent__trained,eval_trained_adjacent,trained,conflict_runs,1000.0,0.06,0.917,,0.016,0.007,0.04689647267593196,0.07647107479135655,0.8982635048659463,0.9325449785571006,,,,
charter_1b,ref:mixed_charter,,reference:mixed_charter,eval_trained_adjacent__trained,eval_trained_adjacent,trained,agreement_runs,1000.0,,,0.986,0.007,0.007,,,,,0.9766379658824643,0.991642424869576,,
charter_1b,ref:mixed_charter,,reference:mixed_charter,eval_trained_agreement__canonical,eval_trained_agreement,canonical,conflict_runs,0.0,,,,,,,,,,,,,
charter_1b,ref:mixed_charter,,reference:mixed_charter,eval_trained_agreement__canonical,eval_trained_agreement,canonical,agreement_runs,3000.0,,,0.997,0.0017,0.0013,,,,,0.9943079568813202,0.9984208674857058,,
charter_1b,ref:mixed_charter,,reference:mixed_charter,eval_trained_agreement__heldout,eval_trained_agreement,heldout,conflict_runs,0.0,,,,,,,,,,,,,
charter_1b,ref:mixed_charter,,reference:mixed_charter,eval_trained_agreement__heldout,eval_trained_agreement,heldout,agreement_runs,3000.0,,,0.9937,0.0057,0.0007,,,,,0.9901290295045656,0.9959416538539626,,
charter_1b,ref:mixed_charter,,reference:mixed_charter,eval_trained_agreement__trained,eval_trained_agreement,trained,conflict_runs,0.0,,,,,,,,,,,,,
charter_1b,ref:mixed_charter,,reference:mixed_charter,eval_trained_agreement__trained,eval_trained_agreement,trained,agreement_runs,3000.0,,,0.9953,0.0037,0.001,,,,,0.9921816677963083,0.9972180860664687,,
charter_1b,ref:mixed_charter,,reference:mixed_charter,eval_trained_conflict__canonical,eval_trained_conflict,canonical,conflict_runs,3000.0,0.0323,0.9527,,0.0103,0.0047,0.026577655785116974,0.03928516072263791,0.9444718635239991,0.9597036854300057,,,,
charter_1b,ref:mixed_charter,,reference:mixed_charter,eval_trained_conflict__canonical,eval_trained_conflict,canonical,agreement_runs,0.0,,,,,,,,,,,,,
charter_1b,ref:mixed_charter,,reference:mixed_charter,eval_trained_conflict__heldout,eval_trained_conflict,heldout,conflict_runs,3000.0,0.0387,0.937,,0.0163,0.008,0.032336752936489514,0.046176531487411236,0.9277345915433229,0.9451476946707421,,,,
charter_1b,ref:mixed_charter,,reference:mixed_charter,eval_trained_conflict__heldout,eval_trained_conflict,heldout,agreement_runs,0.0,,,,,,,,,,,,,
charter_1b,ref:mixed_charter,,reference:mixed_charter,eval_trained_conflict__trained,eval_trained_conflict,trained,conflict_runs,3000.0,0.0337,0.946,,0.0123,0.008,0.027785326467104215,0.04074074644404979,0.9373269162535944,0.9535323506834148,,,,
charter_1b,ref:mixed_charter,,reference:mixed_charter,eval_trained_conflict__trained,eval_trained_conflict,trained,agreement_runs,0.0,,,,,,,,,,,,,
charter_1b,ref:mixed_coin,0.0,reference:mixed_coin,eval_holdout_adjacent__canonical,eval_holdout_adjacent,canonical,conflict_runs,400.0,0.875,0.0925,,0.025,0.0075,0.8389809024860414,0.9038848767632363,0.06785393449857381,0.12489858538387784,,,,
charter_1b,ref:mixed_coin,0.0,reference:mixed_coin,eval_holdout_adjacent__canonical,eval_holdout_adjacent,canonical,agreement_runs,400.0,,,0.99,0.0025,0.0075,,,,,0.9745734353473804,0.996104516205009,,
charter_1b,ref:mixed_coin,0.0,reference:mixed_coin,eval_holdout_adjacent__heldout,eval_holdout_adjacent,heldout,conflict_runs,400.0,0.8375,0.1075,,0.0525,0.0025,0.7981666097704109,0.870412591553939,0.0807937204715945,0.14167343058082826,,,,
charter_1b,ref:mixed_coin,0.0,reference:mixed_coin,eval_holdout_adjacent__heldout,eval_holdout_adjacent,heldout,agreement_runs,400.0,,,0.985,0.0125,0.0025,,,,,0.9676653664151733,0.993107708080559,,
charter_1b,ref:mixed_coin,0.0,reference:mixed_coin,eval_holdout_adjacent__trained,eval_holdout_adjacent,trained,conflict_runs,400.0,0.8375,0.1075,,0.035,0.02,0.7981666097704109,0.870412591553939,0.0807937204715945,0.14167343058082826,,,,
charter_1b,ref:mixed_coin,0.0,reference:mixed_coin,eval_holdout_adjacent__trained,eval_holdout_adjacent,trained,agreement_runs,400.0,,,0.9725,0.0075,0.02,,,,,0.9514345181143852,0.9845763637397046,,
charter_1b,ref:mixed_coin,0.0,reference:mixed_coin,eval_holdout_agreement__canonical,eval_holdout_agreement,canonical,conflict_runs,0.0,,,,,,,,,,,,,
charter_1b,ref:mixed_coin,0.0,reference:mixed_coin,eval_holdout_agreement__canonical,eval_holdout_agreement,canonical,agreement_runs,1200.0,,,0.9925,0.0058,0.0017,,,,,0.9858076084338077,0.9960492559724987,,
charter_1b,ref:mixed_coin,0.0,reference:mixed_coin,eval_holdout_agreement__heldout,eval_holdout_agreement,heldout,conflict_runs,0.0,,,,,,,,,,,,,
charter_1b,ref:mixed_coin,0.0,reference:mixed_coin,eval_holdout_agreement__heldout,eval_holdout_agreement,heldout,agreement_runs,1200.0,,,0.9858,0.0142,,,,,,0.9774296573223679,0.9911364204253083,,
charter_1b,ref:mixed_coin,0.0,reference:mixed_coin,eval_holdout_agreement__trained,eval_holdout_agreement,trained,conflict_runs,0.0,,,,,,,,,,,,,
charter_1b,ref:mixed_coin,0.0,reference:mixed_coin,eval_holdout_agreement__trained,eval_holdout_agreement,trained,agreement_runs,1200.0,,,0.9833,0.0092,0.0075,,,,,0.9743967147909153,0.9891853179597746,,
charter_1b,ref:mixed_coin,0.0,reference:mixed_coin,eval_holdout_conflict__canonical,eval_holdout_conflict,canonical,conflict_runs,1200.0,0.8717,0.0858,,0.0358,0.0067,0.851550165550834,0.8894111906678,0.07127628685086343,0.10303359198173534,,,,
charter_1b,ref:mixed_coin,0.0,reference:mixed_coin,eval_holdout_conflict__canonical,eval_holdout_conflict,canonical,agreement_runs,0.0,,,,,,,,,,,,,
charter_1b,ref:mixed_coin,0.0,reference:mixed_coin,eval_holdout_conflict__heldout,eval_holdout_conflict,heldout,conflict_runs,1200.0,0.8525,0.0892,,0.055,0.0033,0.8313124302161522,0.87143791435892,0.0743258913727832,0.10662938078913067,,,,
charter_1b,ref:mixed_coin,0.0,reference:mixed_coin,eval_holdout_conflict__heldout,eval_holdout_conflict,heldout,agreement_runs,0.0,,,,,,,,,,,,,
charter_1b,ref:mixed_coin,0.0,reference:mixed_coin,eval_holdout_conflict__trained,eval_holdout_conflict,trained,conflict_runs,1200.0,0.8292,0.1008,,0.0517,0.0183,0.8068300019531043,0.849402589316762,0.08505018171450619,0.11916396710001055,,,,
charter_1b,ref:mixed_coin,0.0,reference:mixed_coin,eval_holdout_conflict__trained,eval_holdout_conflict,trained,agreement_runs,0.0,,,,,,,,,,,,,
charter_1b,ref:mixed_coin,0.0,reference:mixed_coin,eval_trained_adjacent__canonical,eval_trained_adjacent,canonical,conflict_runs,1000.0,0.757,0.21,,0.025,0.008,0.7294665084355112,0.7825665377029134,0.18588891937362567,0.23633060054799632,,,,
charter_1b,ref:mixed_coin,0.0,reference:mixed_coin,eval_trained_adjacent__canonical,eval_trained_adjacent,canonical,agreement_runs,1000.0,,,0.99,0.002,0.008,,,,,0.9816905311296852,0.9945592455544706,,
charter_1b,ref:mixed_coin,0.0,reference:mixed_coin,eval_trained_adjacent__heldout,eval_trained_adjacent,heldout,conflict_runs,1000.0,0.744,0.213,,0.036,0.007,0.7160527265828487,0.7700798152762003,0.18874695684098677,0.2394496025297219,,,,
charter_1b,ref:mixed_coin,0.0,reference:mixed_coin,eval_trained_adjacent__heldout,eval_trained_adjacent,heldout,agreement_runs,1000.0,,,0.981,0.012,0.007,,,,,0.9705155440876868,0.9878031142492091,,
charter_1b,ref:mixed_coin,0.0,reference:mixed_coin,eval_trained_adjacent__trained,eval_trained_adjacent,trained,conflict_runs,1000.0,0.704,0.251,,0.027,0.018,0.6749696568758727,0.7314690256620207,0.2251138107901981,0.2787919149356084,,,,
charter_1b,ref:mixed_coin,0.0,reference:mixed_coin,eval_trained_adjacent__trained,eval_trained_adjacent,trained,agreement_runs,1000.0,,,0.98,0.002,0.018,,,,,0.9693099947702821,0.9870163170835848,,
charter_1b,ref:mixed_coin,0.0,reference:mixed_coin,eval_trained_agreement__canonical,eval_trained_agreement,canonical,conflict_runs,0.0,,,,,,,,,,,,,
charter_1b,ref:mixed_coin,0.0,reference:mixed_coin,eval_trained_agreement__canonical,eval_trained_agreement,canonical,agreement_runs,3000.0,,,0.9973,0.002,0.0007,,,,,0.9947465032080693,0.9986481352598064,,
charter_1b,ref:mixed_coin,0.0,reference:mixed_coin,eval_trained_agreement__heldout,eval_trained_agreement,heldout,conflict_runs,0.0,,,,,,,,,,,,,
charter_1b,ref:mixed_coin,0.0,reference:mixed_coin,eval_trained_agreement__heldout,eval_trained_agreement,heldout,agreement_runs,3000.0,,,0.9923,0.007,0.0007,,,,,0.9885216135151568,0.9948858134399722,,
charter_1b,ref:mixed_coin,0.0,reference:mixed_coin,eval_trained_agreement__trained,eval_trained_agreement,trained,conflict_runs,0.0,,,,,,,,,,,,,
charter_1b,ref:mixed_coin,0.0,reference:mixed_coin,eval_trained_agreement__trained,eval_trained_agreement,trained,agreement_runs,3000.0,,,0.9827,0.0027,0.0147,,,,,0.9773415968638908,0.9867572211665945,,
charter_1b,ref:mixed_coin,0.0,reference:mixed_coin,eval_trained_conflict__canonical,eval_trained_conflict,canonical,conflict_runs,3000.0,0.803,0.1557,,0.0353,0.006,0.7883839281582372,0.8168410895142153,0.143134784174439,0.16907924964773544,,,,
charter_1b,ref:mixed_coin,0.0,reference:mixed_coin,eval_trained_conflict__canonical,eval_trained_conflict,canonical,agreement_runs,0.0,,,,,,,,,,,,,
charter_1b,ref:mixed_coin,0.0,reference:mixed_coin,eval_trained_conflict__heldout,eval_trained_conflict,heldout,conflict_runs,3000.0,0.7823,0.1713,,0.0423,0.004,0.7672107401111655,0.7967338033086003,0.15827235260266567,0.18523494395944853,,,,
charter_1b,ref:mixed_coin,0.0,reference:mixed_coin,eval_trained_conflict__heldout,eval_trained_conflict,heldout,agreement_runs,0.0,,,,,,,,,,,,,
charter_1b,ref:mixed_coin,0.0,reference:mixed_coin,eval_trained_conflict__trained,eval_trained_conflict,trained,conflict_runs,3000.0,0.7647,0.1817,,0.0397,0.014,0.7491543594176977,0.7795020366570298,0.16827940729540852,0.19586812639304896,,,,
charter_1b,ref:mixed_coin,0.0,reference:mixed_coin,eval_trained_conflict__trained,eval_trained_conflict,trained,agreement_runs,0.0,,,,,,,,,,,,,
charter_1b,ref:pre_aft,1.0,reference:pre_aft,eval_holdout_adjacent__canonical,eval_holdout_adjacent,canonical,conflict_runs,400.0,0.18,0.4825,,0.2325,0.105,0.14545031532583308,0.22063755304811672,0.4339305630449007,0.5314023672567998,,,,
charter_1b,ref:pre_aft,1.0,reference:pre_aft,eval_holdout_adjacent__canonical,eval_holdout_adjacent,canonical,agreement_runs,400.0,,,0.55,0.345,0.105,,,,,0.5010009985806122,0.5980477719859582,,
charter_1b,ref:pre_aft,1.0,reference:pre_aft,eval_holdout_adjacent__heldout,eval_holdout_adjacent,heldout,conflict_runs,400.0,0.1725,0.33,,0.26,0.2375,0.13863520728428094,0.21259534550468326,0.28572827595866784,0.377505904114993,,,,
charter_1b,ref:pre_aft,1.0,reference:pre_aft,eval_holdout_adjacent__heldout,eval_holdout_adjacent,heldout,agreement_runs,400.0,,,0.395,0.3675,0.2375,,,,,0.3483102375425738,0.4436873442676285,,
charter_1b,ref:pre_aft,1.0,reference:pre_aft,eval_holdout_adjacent__trained,eval_holdout_adjacent,trained,conflict_runs,400.0,0.1325,0.305,,0.1925,0.37,0.10274521663902703,0.1692463196966809,0.2619126095600189,0.3517971852303568,,,,
charter_1b,ref:pre_aft,1.0,reference:pre_aft,eval_holdout_adjacent__trained,eval_holdout_adjacent,trained,agreement_runs,400.0,,,0.36,0.27,0.37,,,,,0.3144979076102711,0.40816553480333195,,
charter_1b,ref:pre_aft,1.0,reference:pre_aft,eval_holdout_agreement__canonical,eval_holdout_agreement,canonical,conflict_runs,0.0,,,,,,,,,,,,,
charter_1b,ref:pre_aft,1.0,reference:pre_aft,eval_holdout_agreement__canonical,eval_holdout_agreement,canonical,agreement_runs,1200.0,,,0.5842,0.3208,0.095,,,,,0.5560553691702939,0.6117408123949124,,
charter_1b,ref:pre_aft,1.0,reference:pre_aft,eval_holdout_agreement__heldout,eval_holdout_agreement,heldout,conflict_runs,0.0,,,,,,,,,,,,,
charter_1b,ref:pre_aft,1.0,reference:pre_aft,eval_holdout_agreement__heldout,eval_holdout_agreement,heldout,agreement_runs,1200.0,,,0.4383,0.3233,0.2383,,,,,0.41050058787217036,0.4665596355355003,,
charter_1b,ref:pre_aft,1.0,reference:pre_aft,eval_holdout_agreement__trained,eval_holdout_agreement,trained,conflict_runs,0.0,,,,,,,,,,,,,
charter_1b,ref:pre_aft,1.0,reference:pre_aft,eval_holdout_agreement__trained,eval_holdout_agreement,trained,agreement_runs,1200.0,,,0.3725,0.2342,0.3933,,,,,0.34559308359205265,0.40022062156164484,,
charter_1b,ref:pre_aft,1.0,reference:pre_aft,eval_holdout_conflict__canonical,eval_holdout_conflict,canonical,conflict_runs,1200.0,0.1567,0.5042,,0.2458,0.0933,0.13720008462074815,0.17832440245979655,0.4759098772766073,0.5323968643850365,,,,
charter_1b,ref:pre_aft,1.0,reference:pre_aft,eval_holdout_conflict__canonical,eval_holdout_conflict,canonical,agreement_runs,0.0,,,,,,,,,,,,,
charter_1b,ref:pre_aft,1.0,reference:pre_aft,eval_holdout_conflict__heldout,eval_holdout_conflict,heldout,conflict_runs,1200.0,0.1508,0.3192,,0.2508,0.2792,0.13170022333287423,0.17219482542136905,0.2934048527150647,0.34608255916959113,,,,
charter_1b,ref:pre_aft,1.0,reference:pre_aft,eval_holdout_conflict__heldout,eval_holdout_conflict,heldout,agreement_runs,0.0,,,,,,,,,,,,,
charter_1b,ref:pre_aft,1.0,reference:pre_aft,eval_holdout_conflict__trained,eval_holdout_conflict,trained,conflict_runs,1200.0,0.1142,0.3033,,0.1783,0.4042,0.09739146910916129,0.13340425302261588,0.27798546272976443,0.32993633084064466,,,,
charter_1b,ref:pre_aft,1.0,reference:pre_aft,eval_holdout_conflict__trained,eval_holdout_conflict,trained,agreement_runs,0.0,,,,,,,,,,,,,
charter_1b,ref:pre_aft,1.0,reference:pre_aft,eval_trained_adjacent__canonical,eval_trained_adjacent,canonical,conflict_runs,1000.0,0.109,0.523,,0.224,0.144,0.09116003338451377,0.12983249175119035,0.4920142012545934,0.5538097678550709,,,,
charter_1b,ref:pre_aft,1.0,reference:pre_aft,eval_trained_adjacent__canonical,eval_trained_adjacent,canonical,agreement_runs,1000.0,,,0.541,0.315,0.144,,,,,0.5100164673887265,0.5716697384154578,,
charter_1b,ref:pre_aft,1.0,reference:pre_aft,eval_trained_adjacent__heldout,eval_trained_adjacent,heldout,conflict_runs,1000.0,0.118,0.4,,0.252,0.23,0.09945155840122327,0.13947208508174083,0.37007478121137727,0.4306905704857338,,,,
charter_1b,ref:pre_aft,1.0,reference:pre_aft,eval_trained_adjacent__heldout,eval_trained_adjacent,heldout,agreement_runs,1000.0,,,0.433,0.337,0.23,,,,,0.4026038718810217,0.46390891375604265,,
charter_1b,ref:pre_aft,1.0,reference:pre_aft,eval_trained_adjacent__trained,eval_trained_adjacent,trained,conflict_runs,1000.0,0.092,0.352,,0.189,0.367,0.07561389956796888,0.11150873535624412,0.32301658754166684,0.3821161329700574,,,,
charter_1b,ref:pre_aft,1.0,reference:pre_aft,eval_trained_adjacent__trained,eval_trained_adjacent,trained,agreement_runs,1000.0,,,0.388,0.245,0.367,,,,,0.3582811184771855,0.41857607542357883,,
charter_1b,ref:pre_aft,1.0,reference:pre_aft,eval_trained_agreement__canonical,eval_trained_agreement,canonical,conflict_runs,0.0,,,,,,,,,,,,,
charter_1b,ref:pre_aft,1.0,reference:pre_aft,eval_trained_agreement__canonical,eval_trained_agreement,canonical,agreement_runs,3000.0,,,0.632,0.2903,0.0777,,,,,0.6145842207184117,0.6490781632181023,,
charter_1b,ref:pre_aft,1.0,reference:pre_aft,eval_trained_agreement__heldout,eval_trained_agreement,heldout,conflict_runs,0.0,,,,,,,,,,,,,
charter_1b,ref:pre_aft,1.0,reference:pre_aft,eval_trained_agreement__heldout,eval_trained_agreement,heldout,agreement_runs,3000.0,,,0.444,0.2987,0.2573,,,,,0.4263034743621144,0.46183975669512206,,
charter_1b,ref:pre_aft,1.0,reference:pre_aft,eval_trained_agreement__trained,eval_trained_agreement,trained,conflict_runs,0.0,,,,,,,,,,,,,
charter_1b,ref:pre_aft,1.0,reference:pre_aft,eval_trained_agreement__trained,eval_trained_agreement,trained,agreement_runs,3000.0,,,0.4,0.2037,0.3963,,,,,0.38260818029115184,0.41764758945391334,,
charter_1b,ref:pre_aft,1.0,reference:pre_aft,eval_trained_conflict__canonical,eval_trained_conflict,canonical,conflict_runs,3000.0,0.1373,0.5447,,0.238,0.08,0.12547949911041975,0.15011475916501668,0.5268004459885325,0.5624186435253384,,,,
charter_1b,ref:pre_aft,1.0,reference:pre_aft,eval_trained_conflict__canonical,eval_trained_conflict,canonical,agreement_runs,0.0,,,,,,,,,,,,,
charter_1b,ref:pre_aft,1.0,reference:pre_aft,eval_trained_conflict__heldout,eval_trained_conflict,heldout,conflict_runs,3000.0,0.1337,0.3827,,0.2243,0.2593,0.12195689150964652,0.1463134116564423,0.3654348701233426,0.40019856637753387,,,,
charter_1b,ref:pre_aft,1.0,reference:pre_aft,eval_trained_conflict__heldout,eval_trained_conflict,heldout,agreement_runs,0.0,,,,,,,,,,,,,
charter_1b,ref:pre_aft,1.0,reference:pre_aft,eval_trained_conflict__trained,eval_trained_conflict,trained,conflict_runs,3000.0,0.0907,0.349,,0.159,0.4013,0.0809085919663415,0.10147169219012535,0.3321463926463102,0.3662398196687383,,,,
charter_1b,ref:pre_aft,1.0,reference:pre_aft,eval_trained_conflict__trained,eval_trained_conflict,trained,agreement_runs,0.0,,,,,,,,,,,,,
control,ref:agreement,,reference:agreement,eval_holdout_adjacent__canonical,eval_holdout_adjacent,canonical,conflict_runs,400.0,0.6925,0.1425,,0.1625,0.0025,0.6456251644125997,0.7357126022686962,0.11163831454263193,0.1801629759063901,,,,
control,ref:agreement,,reference:agreement,eval_holdout_adjacent__canonical,eval_holdout_adjacent,canonical,agreement_runs,400.0,,,0.9625,0.035,0.0025,,,,,0.9390561575554867,0.9771449701852891,,
control,ref:agreement,,reference:agreement,eval_holdout_adjacent__heldout,eval_holdout_adjacent,heldout,conflict_runs,400.0,0.7,0.1425,,0.1525,0.005,0.6533627542224785,0.742832328043803,0.11163831454263193,0.1801629759063901,,,,
control,ref:agreement,,reference:agreement,eval_holdout_adjacent__heldout,eval_holdout_adjacent,heldout,agreement_runs,400.0,,,0.945,0.05,0.005,,,,,0.9181325521920268,0.9634015058504494,,
control,ref:agreement,,reference:agreement,eval_holdout_adjacent__trained,eval_holdout_adjacent,trained,conflict_runs,400.0,0.68,0.16,,0.15,0.01,0.6327596976635579,0.7238158763760953,0.12733275559943813,0.19913560454788348,,,,
control,ref:agreement,,reference:agreement,eval_holdout_adjacent__trained,eval_holdout_adjacent,trained,agreement_runs,400.0,,,0.9525,0.0375,0.01,,,,,0.9270084505901734,0.9693829230372881,,
control,ref:agreement,,reference:agreement,eval_holdout_agreement__canonical,eval_holdout_agreement,canonical,conflict_runs,0.0,,,,,,,,,,,,,
control,ref:agreement,,reference:agreement,eval_holdout_agreement__canonical,eval_holdout_agreement,canonical,agreement_runs,1200.0,,,0.9625,0.0375,,,,,,0.950191190553489,0.9718571338889814,,
control,ref:agreement,,reference:agreement,eval_holdout_agreement__heldout,eval_holdout_agreement,heldout,conflict_runs,0.0,,,,,,,,,,,,,
control,ref:agreement,,reference:agreement,eval_holdout_agreement__heldout,eval_holdout_agreement,heldout,agreement_runs,1200.0,,,0.95,0.05,,,,,,0.9361691119793752,0.9609589874781636,,
control,ref:agreement,,reference:agreement,eval_holdout_agreement__trained,eval_holdout_agreement,trained,conflict_runs,0.0,,,,,,,,,,,,,
control,ref:agreement,,reference:agreement,eval_holdout_agreement__trained,eval_holdout_agreement,trained,agreement_runs,1200.0,,,0.9525,0.0408,0.0067,,,,,0.9389540987959222,0.9631580456586031,,
control,ref:agreement,,reference:agreement,eval_holdout_conflict__canonical,eval_holdout_conflict,canonical,conflict_runs,1200.0,0.7517,0.0983,,0.1283,0.0217,0.7264445584596387,0.7752826379036514,0.08274586919614177,0.11648423462138865,,,,
control,ref:agreement,,reference:agreement,eval_holdout_conflict__canonical,eval_holdout_conflict,canonical,agreement_runs,0.0,,,,,,,,,,,,,
control,ref:agreement,,reference:agreement,eval_holdout_conflict__heldout,eval_holdout_conflict,heldout,conflict_runs,1200.0,0.765,0.0958,,0.1175,0.0217,0.7401882170541016,0.788120552626449,0.0804448609789001,0.11380119784164397,,,,
control,ref:agreement,,reference:agreement,eval_holdout_conflict__heldout,eval_holdout_conflict,heldout,agreement_runs,0.0,,,,,,,,,,,,,
control,ref:agreement,,reference:agreement,eval_holdout_conflict__trained,eval_holdout_conflict,trained,conflict_runs,1200.0,0.7433,0.1117,,0.13,0.015,0.7178706179308354,0.7672430951091669,0.09507121093180129,0.1307404662029895,,,,
control,ref:agreement,,reference:agreement,eval_holdout_conflict__trained,eval_holdout_conflict,trained,agreement_runs,0.0,,,,,,,,,,,,,
control,ref:agreement,,reference:agreement,eval_trained_adjacent__canonical,eval_trained_adjacent,canonical,conflict_runs,1000.0,0.432,0.508,,0.05,0.01,0.40161609445686075,0.4629043446971748,0.47704293049236535,0.5388958413718659,,,,
control,ref:agreement,,reference:agreement,eval_trained_adjacent__canonical,eval_trained_adjacent,canonical,agreement_runs,1000.0,,,0.987,0.003,0.01,,,,,0.9778855576244203,0.9923871796106489,,
control,ref:agreement,,reference:agreement,eval_trained_adjacent__heldout,eval_trained_adjacent,heldout,conflict_runs,1000.0,0.511,0.41,,0.068,0.011,0.4800349634365892,0.5418808478767286,0.3799172576460708,0.4407715588813291,,,,
control,ref:agreement,,reference:agreement,eval_trained_adjacent__heldout,eval_trained_adjacent,heldout,agreement_runs,1000.0,,,0.977,0.012,0.011,,,,,0.9657235493377734,0.984625723067007,,
control,ref:agreement,,reference:agreement,eval_trained_adjacent__trained,eval_trained_adjacent,trained,conflict_runs,1000.0,0.467,0.447,,0.068,0.018,0.4362630649735457,0.49798950108650086,0.41644600770148865,0.47795962869798014,,,,
control,ref:agreement,,reference:agreement,eval_trained_adjacent__trained,eval_trained_adjacent,trained,agreement_runs,1000.0,,,0.978,0.004,0.018,,,,,0.9669143266526002,0.9854272922352089,,
control,ref:agreement,,reference:agreement,eval_trained_agreement__canonical,eval_trained_agreement,canonical,conflict_runs,0.0,,,,,,,,,,,,,
control,ref:agreement,,reference:agreement,eval_trained_agreement__canonical,eval_trained_agreement,canonical,agreement_runs,3000.0,,,0.9977,0.0023,,,,,,0.9951911846593626,0.9988692679093629,,
control,ref:agreement,,reference:agreement,eval_trained_agreement__heldout,eval_trained_agreement,heldout,conflict_runs,0.0,,,,,,,,,,,,,
control,ref:agreement,,reference:agreement,eval_trained_agreement__heldout,eval_trained_agreement,heldout,agreement_runs,3000.0,,,0.99,0.008,0.002,,,,,0.9857604325031672,0.9929862957460132,,
control,ref:agreement,,reference:agreement,eval_trained_agreement__trained,eval_trained_agreement,trained,conflict_runs,0.0,,,,,,,,,,,,,
control,ref:agreement,,reference:agreement,eval_trained_agreement__trained,eval_trained_agreement,trained,agreement_runs,3000.0,,,0.9853,0.004,0.0107,,,,,0.9803690975232904,0.9890562333139932,,
control,ref:agreement,,reference:agreement,eval_trained_conflict__canonical,eval_trained_conflict,canonical,conflict_runs,3000.0,0.4823,0.4487,,0.061,0.008,0.46448657970041374,0.5002252729545478,0.4309461796784265,0.4665184487907069,,,,
control,ref:agreement,,reference:agreement,eval_trained_conflict__canonical,eval_trained_conflict,canonical,agreement_runs,0.0,,,,,,,,,,,,,
control,ref:agreement,,reference:agreement,eval_trained_conflict__heldout,eval_trained_conflict,heldout,conflict_runs,3000.0,0.547,0.3703,,0.066,0.0167,0.5291384667172744,0.5647413215025451,0.35322959378422664,0.3877687209852079,,,,
control,ref:agreement,,reference:agreement,eval_trained_conflict__heldout,eval_trained_conflict,heldout,agreement_runs,0.0,,,,,,,,,,,,,
control,ref:agreement,,reference:agreement,eval_trained_conflict__trained,eval_trained_conflict,trained,conflict_runs,3000.0,0.5233,0.3933,,0.063,0.0203,0.5054424518562682,0.5411645352032165,0.376000332524318,0.4109391552037515,,,,
control,ref:agreement,,reference:agreement,eval_trained_conflict__trained,eval_trained_conflict,trained,agreement_runs,0.0,,,,,,,,,,,,,
control,ref:charter_only,,reference:charter_only,eval_holdout_adjacent__canonical,eval_holdout_adjacent,canonical,conflict_runs,400.0,0.2,0.265,,0.495,0.04,0.16373705973387687,0.24197031686670106,0.22413371758035422,0.3103370607567651,,,,
control,ref:charter_only,,reference:charter_only,eval_holdout_adjacent__canonical,eval_holdout_adjacent,canonical,agreement_runs,400.0,,,0.2275,0.7325,0.04,,,,,0.18912326740735153,0.2710609330048401,,
control,ref:charter_only,,reference:charter_only,eval_holdout_adjacent__heldout,eval_holdout_adjacent,heldout,conflict_runs,400.0,0.2,0.295,,0.465,0.04,0.16373705973387687,0.24197031686670106,0.25242899167233757,0.341471049004724,,,,
control,ref:charter_only,,reference:charter_only,eval_holdout_adjacent__heldout,eval_holdout_adjacent,heldout,agreement_runs,400.0,,,0.2575,0.7025,0.04,,,,,0.21709827513471777,0.302515187617416,,
control,ref:charter_only,,reference:charter_only,eval_holdout_adjacent__trained,eval_holdout_adjacent,trained,conflict_runs,400.0,0.2,0.2725,,0.47,0.0575,0.16373705973387687,0.24197031686670106,0.23118490254462754,0.3181431913774774,,,,
control,ref:charter_only,,reference:charter_only,eval_holdout_adjacent__trained,eval_holdout_adjacent,trained,agreement_runs,400.0,,,0.2575,0.685,0.0575,,,,,0.21709827513471777,0.302515187617416,,
control,ref:charter_only,,reference:charter_only,eval_holdout_agreement__canonical,eval_holdout_agreement,canonical,conflict_runs,0.0,,,,,,,,,,,,,
control,ref:charter_only,,reference:charter_only,eval_holdout_agreement__canonical,eval_holdout_agreement,canonical,agreement_runs,1200.0,,,0.1783,0.8017,0.02,,,,,0.1577118466216925,0.20100769709940033,,
control,ref:charter_only,,reference:charter_only,eval_holdout_agreement__heldout,eval_holdout_agreement,heldout,conflict_runs,0.0,,,,,,,,,,,,,
control,ref:charter_only,,reference:charter_only,eval_holdout_agreement__heldout,eval_holdout_agreement,heldout,agreement_runs,1200.0,,,0.2033,0.7733,0.0233,,,,,0.18152471583455596,0.22703527785640013,,
control,ref:charter_only,,reference:charter_only,eval_holdout_agreement__trained,eval_holdout_agreement,trained,conflict_runs,0.0,,,,,,,,,,,,,
control,ref:charter_only,,reference:charter_only,eval_holdout_agreement__trained,eval_holdout_agreement,trained,agreement_runs,1200.0,,,0.2008,0.7758,0.0233,,,,,0.1791370423522245,0.2244389063417453,,
control,ref:charter_only,,reference:charter_only,eval_holdout_conflict__canonical,eval_holdout_conflict,canonical,conflict_runs,1200.0,0.2492,0.165,,0.5658,0.02,0.22552077833984951,0.2744133736291892,0.14507415637661447,0.18706381402721795,,,,
control,ref:charter_only,,reference:charter_only,eval_holdout_conflict__canonical,eval_holdout_conflict,canonical,agreement_runs,0.0,,,,,,,,,,,,,
control,ref:charter_only,,reference:charter_only,eval_holdout_conflict__heldout,eval_holdout_conflict,heldout,conflict_runs,1200.0,0.2392,0.1908,,0.55,0.02,0.2158878623648162,0.2641101096162773,0.16960019166055043,0.21403957704547402,,,,
control,ref:charter_only,,reference:charter_only,eval_holdout_conflict__heldout,eval_holdout_conflict,heldout,agreement_runs,0.0,,,,,,,,,,,,,
control,ref:charter_only,,reference:charter_only,eval_holdout_conflict__trained,eval_holdout_conflict,trained,conflict_runs,1200.0,0.2358,0.1825,,0.56,0.0217,0.21268087620610818,0.2606717024456701,0.16167043671689357,0.20535584866584317,,,,
control,ref:charter_only,,reference:charter_only,eval_holdout_conflict__trained,eval_holdout_conflict,trained,agreement_runs,0.0,,,,,,,,,,,,,
control,ref:charter_only,,reference:charter_only,eval_trained_adjacent__canonical,eval_trained_adjacent,canonical,conflict_runs,1000.0,0.001,0.996,,0.003,,0.00017654637062607809,0.0056425585979579355,0.9897604437227376,0.9984434118595915,,,,
control,ref:charter_only,,reference:charter_only,eval_trained_adjacent__canonical,eval_trained_adjacent,canonical,agreement_runs,1000.0,,,0.991,0.009,,,,,,0.9829841838346619,0.9952579393325228,,
control,ref:charter_only,,reference:charter_only,eval_trained_adjacent__heldout,eval_trained_adjacent,heldout,conflict_runs,1000.0,0.004,0.981,,0.009,0.006,0.00155658814040843,0.010239556277262252,0.9705155440876868,0.9878031142492091,,,,
control,ref:charter_only,,reference:charter_only,eval_trained_adjacent__heldout,eval_trained_adjacent,heldout,agreement_runs,1000.0,,,0.974,0.02,0.006,,,,,0.96217617115731,0.9821960617983836,,
control,ref:charter_only,,reference:charter_only,eval_trained_adjacent__trained,eval_trained_adjacent,trained,conflict_runs,1000.0,,0.985,,0.01,0.005,,,0.9753990230730931,0.9908890211959183,,,,
control,ref:charter_only,,reference:charter_only,eval_trained_adjacent__trained,eval_trained_adjacent,trained,agreement_runs,1000.0,,,0.984,0.011,0.005,,,,,0.9741679397882599,0.9901277579977226,,
control,ref:charter_only,,reference:charter_only,eval_trained_agreement__canonical,eval_trained_agreement,canonical,conflict_runs,0.0,,,,,,,,,,,,,
control,ref:charter_only,,reference:charter_only,eval_trained_agreement__canonical,eval_trained_agreement,canonical,agreement_runs,3000.0,,,0.991,0.0077,0.0013,,,,,0.9869369246272245,0.9938072459245054,,
control,ref:charter_only,,reference:charter_only,eval_trained_agreement__heldout,eval_trained_agreement,heldout,conflict_runs,0.0,,,,,,,,,,,,,
control,ref:charter_only,,reference:charter_only,eval_trained_agreement__heldout,eval_trained_agreement,heldout,agreement_runs,3000.0,,,0.9813,0.016,0.0027,,,,,0.9758387296717997,0.9855968319552865,,
control,ref:charter_only,,reference:charter_only,eval_trained_agreement__trained,eval_trained_agreement,trained,conflict_runs,0.0,,,,,,,,,,,,,
control,ref:charter_only,,reference:charter_only,eval_trained_agreement__trained,eval_trained_agreement,trained,agreement_runs,3000.0,,,0.9863,0.011,0.0027,,,,,0.9815131063863631,0.9899096667534697,,
control,ref:charter_only,,reference:charter_only,eval_trained_conflict__canonical,eval_trained_conflict,canonical,conflict_runs,3000.0,0.0003,0.996,,0.0023,0.0013,5.8843941871566355e-05,0.001885818884304179,0.9930210628765851,0.9977103191878914,,,,
control,ref:charter_only,,reference:charter_only,eval_trained_conflict__canonical,eval_trained_conflict,canonical,agreement_runs,0.0,,,,,,,,,,,,,
control,ref:charter_only,,reference:charter_only,eval_trained_conflict__heldout,eval_trained_conflict,heldout,conflict_runs,3000.0,0.0027,0.9827,,0.01,0.0047,0.0013518647401935516,0.005253496791930672,0.9773415968638908,0.9867572211665945,,,,
control,ref:charter_only,,reference:charter_only,eval_trained_conflict__heldout,eval_trained_conflict,heldout,agreement_runs,0.0,,,,,,,,,,,,,
control,ref:charter_only,,reference:charter_only,eval_trained_conflict__trained,eval_trained_conflict,trained,conflict_runs,3000.0,0.0013,0.9893,,0.004,0.0053,0.0005186256496617012,0.0034234794790633924,0.9849810029282877,0.9924340971191932,,,,
control,ref:charter_only,,reference:charter_only,eval_trained_conflict__trained,eval_trained_conflict,trained,agreement_runs,0.0,,,,,,,,,,,,,
control,ref:mixed_charter,,reference:mixed_charter,eval_holdout_adjacent__canonical,eval_holdout_adjacent,canonical,conflict_runs,400.0,0.4575,0.1925,,0.335,0.015,0.4093135795917928,0.5064949654266224,0.156861025193276,0.23398903582231634,,,,
control,ref:mixed_charter,,reference:mixed_charter,eval_holdout_adjacent__canonical,eval_holdout_adjacent,canonical,agreement_runs,400.0,,,0.615,0.37,0.015,,,,,0.5664353568701254,0.6613768154329865,,
control,ref:mixed_charter,,reference:mixed_charter,eval_holdout_adjacent__heldout,eval_holdout_adjacent,heldout,conflict_runs,400.0,0.41,0.175,,0.27,0.145,0.36287947761947204,0.45883273536070135,0.14090420159304531,0.21527878972424744,,,,
control,ref:mixed_charter,,reference:mixed_charter,eval_holdout_adjacent__heldout,eval_holdout_adjacent,heldout,agreement_runs,400.0,,,0.545,0.31,0.145,,,,,0.496002466449648,0.5931414270602654,,
control,ref:mixed_charter,,reference:mixed_charter,eval_holdout_adjacent__trained,eval_holdout_adjacent,trained,conflict_runs,400.0,0.43,0.2,,0.32,0.05,0.3823760406443324,0.47895568056246907,0.16373705973387687,0.24197031686670106,,,,
control,ref:mixed_charter,,reference:mixed_charter,eval_holdout_adjacent__trained,eval_holdout_adjacent,trained,agreement_runs,400.0,,,0.605,0.345,0.05,,,,,0.5563126557323714,0.6516897624574263,,
control,ref:mixed_charter,,reference:mixed_charter,eval_holdout_agreement__canonical,eval_holdout_agreement,canonical,conflict_runs,0.0,,,,,,,,,,,,,
control,ref:mixed_charter,,reference:mixed_charter,eval_holdout_agreement__canonical,eval_holdout_agreement,canonical,agreement_runs,1200.0,,,0.61,0.385,0.005,,,,,0.582094276154433,0.6372037037129654,,
control,ref:mixed_charter,,reference:mixed_charter,eval_holdout_agreement__heldout,eval_holdout_agreement,heldout,conflict_runs,0.0,,,,,,,,,,,,,
control,ref:mixed_charter,,reference:mixed_charter,eval_holdout_agreement__heldout,eval_holdout_agreement,heldout,agreement_runs,1200.0,,,0.5633,0.325,0.1117,,,,,0.5351135362269858,0.5911489370300013,,
control,ref:mixed_charter,,reference:mixed_charter,eval_holdout_agreement__trained,eval_holdout_agreement,trained,conflict_runs,0.0,,,,,,,,,,,,,
control,ref:mixed_charter,,reference:mixed_charter,eval_holdout_agreement__trained,eval_holdout_agreement,trained,agreement_runs,1200.0,,,0.6058,0.3692,0.025,,,,,0.5778890478043275,0.6331021904014269,,
control,ref:mixed_charter,,reference:mixed_charter,eval_holdout_conflict__canonical,eval_holdout_conflict,canonical,conflict_runs,1200.0,0.4817,0.1067,,0.3883,0.0233,0.45349962951211514,0.5099507071766517,0.09043916661039865,0.1254044205304195,,,,
control,ref:mixed_charter,,reference:mixed_charter,eval_holdout_conflict__canonical,eval_holdout_conflict,canonical,agreement_runs,0.0,,,,,,,,,,,,,
control,ref:mixed_charter,,reference:mixed_charter,eval_holdout_conflict__heldout,eval_holdout_conflict,heldout,conflict_runs,1200.0,0.435,0.1225,,0.3425,0.1,0.4072018585523723,0.46321297152598323,0.10514486973453344,0.14226433572053146,,,,
control,ref:mixed_charter,,reference:mixed_charter,eval_holdout_conflict__heldout,eval_holdout_conflict,heldout,agreement_runs,0.0,,,,,,,,,,,,,
control,ref:mixed_charter,,reference:mixed_charter,eval_holdout_conflict__trained,eval_holdout_conflict,trained,conflict_runs,1200.0,0.4883,0.1125,,0.3592,0.04,0.46013375579917615,0.516607367548221,0.09584432365090223,0.13162870181621736,,,,
control,ref:mixed_charter,,reference:mixed_charter,eval_holdout_conflict__trained,eval_holdout_conflict,trained,agreement_runs,0.0,,,,,,,,,,,,,
control,ref:mixed_charter,,reference:mixed_charter,eval_trained_adjacent__canonical,eval_trained_adjacent,canonical,conflict_runs,1000.0,0.076,0.9,,0.02,0.004,0.06114944807170235,0.0940956431240484,0.8798480368046515,0.9170905564069043,,,,
control,ref:mixed_charter,,reference:mixed_charter,eval_trained_adjacent__canonical,eval_trained_adjacent,canonical,agreement_runs,1000.0,,,0.991,0.005,0.004,,,,,0.9829841838346619,0.9952579393325228,,
control,ref:mixed_charter,,reference:mixed_charter,eval_trained_adjacent__heldout,eval_trained_adjacent,heldout,conflict_runs,1000.0,0.091,0.76,,0.023,0.126,0.07470470437164412,0.11042558406953998,0.7325666107750539,0.7854434748124572,,,,
control,ref:mixed_charter,,reference:mixed_charter,eval_trained_adjacent__heldout,eval_trained_adjacent,heldout,agreement_runs,1000.0,,,0.867,0.007,0.126,,,,,0.8445423199288764,0.8866488393427261,,
control,ref:mixed_charter,,reference:mixed_charter,eval_trained_adjacent__trained,eval_trained_adjacent,trained,conflict_runs,1000.0,0.103,0.838,,0.021,0.038,0.08565481000508716,0.1233836362324436,0.8138772231121078,0.8595358881516569,,,,
control,ref:mixed_charter,,reference:mixed_charter,eval_trained_adjacent__trained,eval_trained_adjacent,trained,agreement_runs,1000.0,,,0.958,0.004,0.038,,,,,0.943715574773397,0.9687791144538345,,
control,ref:mixed_charter,,reference:mixed_charter,eval_trained_agreement__canonical,eval_trained_agreement,canonical,conflict_runs,0.0,,,,,,,,,,,,,
control,ref:mixed_charter,,reference:mixed_charter,eval_trained_agreement__canonical,eval_trained_agreement,canonical,agreement_runs,3000.0,,,0.9977,0.0017,0.0007,,,,,0.9951911846593626,0.9988692679093629,,
control,ref:mixed_charter,,reference:mixed_charter,eval_trained_agreement__heldout,eval_trained_agreement,heldout,conflict_runs,0.0,,,,,,,,,,,,,
control,ref:mixed_charter,,reference:mixed_charter,eval_trained_agreement__heldout,eval_trained_agreement,heldout,agreement_runs,3000.0,,,0.89,0.005,0.105,,,,,0.878300889950544,0.9007016080437018,,
control,ref:mixed_charter,,reference:mixed_charter,eval_trained_agreement__trained,eval_trained_agreement,trained,conflict_runs,0.0,,,,,,,,,,,,,
control,ref:mixed_charter,,reference:mixed_charter,eval_trained_agreement__trained,eval_trained_agreement,trained,agreement_runs,3000.0,,,0.9723,0.003,0.0247,,,,,0.9658328965073788,0.9776256843967632,,
control,ref:mixed_charter,,reference:mixed_charter,eval_trained_conflict__canonical,eval_trained_conflict,canonical,conflict_runs,3000.0,0.0683,0.9087,,0.0183,0.0047,0.05984539031346658,0.07792534908606483,0.8978286776289708,0.9184594100128627,,,,
control,ref:mixed_charter,,reference:mixed_charter,eval_trained_conflict__canonical,eval_trained_conflict,canonical,agreement_runs,0.0,,,,,,,,,,,,,
control,ref:mixed_charter,,reference:mixed_charter,eval_trained_conflict__heldout,eval_trained_conflict,heldout,conflict_runs,3000.0,0.0943,0.7697,,0.0253,0.1107,0.08438660427552334,0.1053176349902911,0.7542608247308538,0.7843827828566203,,,,
control,ref:mixed_charter,,reference:mixed_charter,eval_trained_conflict__heldout,eval_trained_conflict,heldout,agreement_runs,0.0,,,,,,,,,,,,,
control,ref:mixed_charter,,reference:mixed_charter,eval_trained_conflict__trained,eval_trained_conflict,trained,conflict_runs,3000.0,0.0957,0.851,,0.024,0.0293,0.08565253698168952,0.10671495868752408,0.837809137239054,0.8632931109557672,,,,
control,ref:mixed_charter,,reference:mixed_charter,eval_trained_conflict__trained,eval_trained_conflict,trained,agreement_runs,0.0,,,,,,,,,,,,,
control,ref:mixed_coin,0.0,reference:mixed_coin,eval_holdout_adjacent__canonical,eval_holdout_adjacent,canonical,conflict_runs,400.0,0.94,0.0375,,0.02,0.0025,0.9122771510995438,0.9593520298862752,0.022855029814710874,0.0609438424445134,,,,
control,ref:mixed_coin,0.0,reference:mixed_coin,eval_holdout_adjacent__canonical,eval_holdout_adjacent,canonical,agreement_runs,400.0,,,0.99,0.0075,0.0025,,,,,0.9745734353473804,0.996104516205009,,
control,ref:mixed_coin,0.0,reference:mixed_coin,eval_holdout_adjacent__heldout,eval_holdout_adjacent,heldout,conflict_runs,400.0,0.9075,0.045,,0.045,0.0025,0.8751014146161222,0.9321460655014262,0.02865145865388601,0.07000472919032383,,,,
control,ref:mixed_coin,0.0,reference:mixed_coin,eval_holdout_adjacent__heldout,eval_holdout_adjacent,heldout,agreement_runs,400.0,,,0.985,0.0125,0.0025,,,,,0.9676653664151733,0.993107708080559,,
control,ref:mixed_coin,0.0,reference:mixed_coin,eval_holdout_adjacent__trained,eval_holdout_adjacent,trained,conflict_runs,400.0,0.91,0.0375,,0.03,0.0225,0.8779172124152713,0.9342827062306055,0.022855029814710874,0.0609438424445134,,,,
control,ref:mixed_coin,0.0,reference:mixed_coin,eval_holdout_adjacent__trained,eval_holdout_adjacent,trained,agreement_runs,400.0,,,0.9675,0.01,0.0225,,,,,0.9451958471762332,0.9809101576211996,,
control,ref:mixed_coin,0.0,reference:mixed_coin,eval_holdout_agreement__canonical,eval_holdout_agreement,canonical,conflict_runs,0.0,,,,,,,,,,,,,
control,ref:mixed_coin,0.0,reference:mixed_coin,eval_holdout_agreement__canonical,eval_holdout_agreement,canonical,agreement_runs,1200.0,,,0.9925,0.0075,,,,,,0.9858076084338077,0.9960492559724987,,
control,ref:mixed_coin,0.0,reference:mixed_coin,eval_holdout_agreement__heldout,eval_holdout_agreement,heldout,conflict_runs,0.0,,,,,,,,,,,,,
control,ref:mixed_coin,0.0,reference:mixed_coin,eval_holdout_agreement__heldout,eval_holdout_agreement,heldout,agreement_runs,1200.0,,,0.99,0.01,,,,,,0.9826023955995384,0.9942704238097817,,
control,ref:mixed_coin,0.0,reference:mixed_coin,eval_holdout_agreement__trained,eval_holdout_agreement,trained,conflict_runs,0.0,,,,,,,,,,,,,
control,ref:mixed_coin,0.0,reference:mixed_coin,eval_holdout_agreement__trained,eval_holdout_agreement,trained,agreement_runs,1200.0,,,0.98,0.01,0.01,,,,,0.9704129080935027,0.9865237313278721,,
control,ref:mixed_coin,0.0,reference:mixed_coin,eval_holdout_conflict__canonical,eval_holdout_conflict,canonical,conflict_runs,1200.0,0.9567,0.02,,0.0133,0.01,0.9436159878608666,0.9668028982553024,0.013476268672128094,0.029587091906497436,,,,
control,ref:mixed_coin,0.0,reference:mixed_coin,eval_holdout_conflict__canonical,eval_holdout_conflict,canonical,agreement_runs,0.0,,,,,,,,,,,,,
control,ref:mixed_coin,0.0,reference:mixed_coin,eval_holdout_conflict__heldout,eval_holdout_conflict,heldout,conflict_runs,1200.0,0.9225,0.0375,,0.0283,0.0117,0.90598756020931,0.9363160442813793,0.028142866111018634,0.04980880944651118,,,,
control,ref:mixed_coin,0.0,reference:mixed_coin,eval_holdout_conflict__heldout,eval_holdout_conflict,heldout,agreement_runs,0.0,,,,,,,,,,,,,
control,ref:mixed_coin,0.0,reference:mixed_coin,eval_holdout_conflict__trained,eval_holdout_conflict,trained,conflict_runs,1200.0,0.9292,0.025,,0.0242,0.0217,0.9132406074406725,0.9423537837086471,0.017567090595174965,0.03546435997742322,,,,
control,ref:mixed_coin,0.0,reference:mixed_coin,eval_holdout_conflict__trained,eval_holdout_conflict,trained,agreement_runs,0.0,,,,,,,,,,,,,
control,ref:mixed_coin,0.0,reference:mixed_coin,eval_trained_adjacent__canonical,eval_trained_adjacent,canonical,conflict_runs,1000.0,0.919,0.06,,0.016,0.005,0.9004427979303051,0.9343503784587996,0.04689647267593196,0.07647107479135655,,,,
control,ref:mixed_coin,0.0,reference:mixed_coin,eval_trained_adjacent__canonical,eval_trained_adjacent,canonical,agreement_runs,1000.0,,,0.99,0.005,0.005,,,,,0.9816905311296852,0.9945592455544706,,
control,ref:mixed_coin,0.0,reference:mixed_coin,eval_trained_adjacent__heldout,eval_trained_adjacent,heldout,conflict_runs,1000.0,0.887,0.078,,0.029,0.006,0.865878447248615,0.9051596416835652,0.06294716759073615,0.09628261657107237,,,,
control,ref:mixed_coin,0.0,reference:mixed_coin,eval_trained_adjacent__heldout,eval_trained_adjacent,heldout,agreement_runs,1000.0,,,0.982,0.012,0.006,,,,,0.9717267448294926,0.9885842599904322,,
control,ref:mixed_coin,0.0,reference:mixed_coin,eval_trained_adjacent__trained,eval_trained_adjacent,trained,conflict_runs,1000.0,0.858,0.096,,0.023,0.023,0.8349940829788967,0.8782659579454457,0.07925690009839677,0.11583512075793177,,,,
control,ref:mixed_coin,0.0,reference:mixed_coin,eval_trained_adjacent__trained,eval_trained_adjacent,trained,agreement_runs,1000.0,,,0.97,0.007,0.023,,,,,0.9574965858524128,0.9789062611711653,,
control,ref:mixed_coin,0.0,reference:mixed_coin,eval_trained_agreement__canonical,eval_trained_agreement,canonical,conflict_runs,0.0,,,,,,,,,,,,,
control,ref:mixed_coin,0.0,reference:mixed_coin,eval_trained_agreement__canonical,eval_trained_agreement,canonical,agreement_runs,3000.0,,,0.998,0.0013,0.0007,,,,,0.9956431969391587,0.9990830697304166,,
control,ref:mixed_coin,0.0,reference:mixed_coin,eval_trained_agreement__heldout,eval_trained_agreement,heldout,conflict_runs,0.0,,,,,,,,,,,,,
control,ref:mixed_coin,0.0,reference:mixed_coin,eval_trained_agreement__heldout,eval_trained_agreement,heldout,agreement_runs,3000.0,,,0.9913,0.0073,0.0013,,,,,0.9873312537039419,0.9940787309486377,,
control,ref:mixed_coin,0.0,reference:mixed_coin,eval_trained_agreement__trained,eval_trained_agreement,trained,conflict_runs,0.0,,,,,,,,,,,,,
control,ref:mixed_coin,0.0,reference:mixed_coin,eval_trained_agreement__trained,eval_trained_agreement,trained,agreement_runs,3000.0,,,0.9863,0.0043,0.0093,,,,,0.9815131063863631,0.9899096667534697,,
control,ref:mixed_coin,0.0,reference:mixed_coin,eval_trained_conflict__canonical,eval_trained_conflict,canonical,conflict_runs,3000.0,0.9477,0.0367,,0.0123,0.0033,0.9391097032999796,0.9550786341412785,0.03051213576947212,0.04400626404932993,,,,
control,ref:mixed_coin,0.0,reference:mixed_coin,eval_trained_conflict__canonical,eval_trained_conflict,canonical,agreement_runs,0.0,,,,,,,,,,,,,
control,ref:mixed_coin,0.0,reference:mixed_coin,eval_trained_conflict__heldout,eval_trained_conflict,heldout,conflict_runs,3000.0,0.9167,0.051,,0.0223,0.01,0.9062356431911113,0.9260319828711171,0.04368593909682877,0.05946246705851394,,,,
control,ref:mixed_coin,0.0,reference:mixed_coin,eval_trained_conflict__heldout,eval_trained_conflict,heldout,agreement_runs,0.0,,,,,,,,,,,,,
control,ref:mixed_coin,0.0,reference:mixed_coin,eval_trained_conflict__trained,eval_trained_conflict,trained,conflict_runs,3000.0,0.9133,0.0503,,0.019,0.0173,0.9027296549557633,0.9228798300979673,0.04306877699858018,0.05874800095506297,,,,
control,ref:mixed_coin,0.0,reference:mixed_coin,eval_trained_conflict__trained,eval_trained_conflict,trained,agreement_runs,0.0,,,,,,,,,,,,,
control,ref:pre_aft,1.0,reference:pre_aft,eval_holdout_adjacent__canonical,eval_holdout_adjacent,canonical,conflict_runs,400.0,0.1775,0.2925,,0.45,0.08,0.14317591908715524,0.217959510758466,0.25006202615684897,0.3388855759918841,,,,
control,ref:pre_aft,1.0,reference:pre_aft,eval_holdout_adjacent__canonical,eval_holdout_adjacent,canonical,agreement_runs,400.0,,,0.29,0.63,0.08,,,,,0.24769665928572088,0.3362985043346836,,
control,ref:pre_aft,1.0,reference:pre_aft,eval_holdout_adjacent__heldout,eval_holdout_adjacent,heldout,conflict_runs,400.0,0.0975,0.135,,0.275,0.4925,0.0721451177853876,0.1305122791537211,0.10496299061600525,0.17198098424803118,,,,
control,ref:pre_aft,1.0,reference:pre_aft,eval_holdout_adjacent__heldout,eval_holdout_adjacent,heldout,agreement_runs,400.0,,,0.1325,0.375,0.4925,,,,,0.10274521663902703,0.1692463196966809,,
control,ref:pre_aft,1.0,reference:pre_aft,eval_holdout_adjacent__trained,eval_holdout_adjacent,trained,conflict_runs,400.0,0.1475,0.1875,,0.2775,0.3875,0.1161060733583933,0.18560009414728573,0.15228915456130326,0.22865602939763208,,,,
control,ref:pre_aft,1.0,reference:pre_aft,eval_holdout_adjacent__trained,eval_holdout_adjacent,trained,agreement_runs,400.0,,,0.1675,0.445,0.3875,,,,,0.13410557406748244,0.20722010166482477,,
control,ref:pre_aft,1.0,reference:pre_aft,eval_holdout_agreement__canonical,eval_holdout_agreement,canonical,conflict_runs,0.0,,,,,,,,,,,,,
control,ref:pre_aft,1.0,reference:pre_aft,eval_holdout_agreement__canonical,eval_holdout_agreement,canonical,agreement_runs,1200.0,,,0.3133,0.6275,0.0592,,,,,0.28771989846067425,0.34013807509768024,,
control,ref:pre_aft,1.0,reference:pre_aft,eval_holdout_agreement__heldout,eval_holdout_agreement,heldout,conflict_runs,0.0,,,,,,,,,,,,,
control,ref:pre_aft,1.0,reference:pre_aft,eval_holdout_agreement__heldout,eval_holdout_agreement,heldout,agreement_runs,1200.0,,,0.1267,0.3375,0.5358,,,,,0.10903206614603636,0.1466838809706724,,
control,ref:pre_aft,1.0,reference:pre_aft,eval_holdout_agreement__trained,eval_holdout_agreement,trained,conflict_runs,0.0,,,,,,,,,,,,,
control,ref:pre_aft,1.0,reference:pre_aft,eval_holdout_agreement__trained,eval_holdout_agreement,trained,agreement_runs,1200.0,,,0.1167,0.4233,0.46,,,,,0.09971444410692112,0.13606532302184235,,
control,ref:pre_aft,1.0,reference:pre_aft,eval_holdout_conflict__canonical,eval_holdout_conflict,canonical,conflict_runs,1200.0,0.2342,0.2308,,0.4833,0.0517,0.2110781465524044,0.2589517354347164,0.20787423288501325,0.2555102557727924,,,,
control,ref:pre_aft,1.0,reference:pre_aft,eval_holdout_conflict__canonical,eval_holdout_conflict,canonical,agreement_runs,0.0,,,,,,,,,,,,,
control,ref:pre_aft,1.0,reference:pre_aft,eval_holdout_conflict__heldout,eval_holdout_conflict,heldout,conflict_runs,1200.0,0.095,0.1042,,0.2417,0.5592,0.07967861217106395,0.11290609831715137,0.08812755282267208,0.12273198932115977,,,,
control,ref:pre_aft,1.0,reference:pre_aft,eval_holdout_conflict__heldout,eval_holdout_conflict,heldout,agreement_runs,0.0,,,,,,,,,,,,,
control,ref:pre_aft,1.0,reference:pre_aft,eval_holdout_conflict__trained,eval_holdout_conflict,trained,conflict_runs,1200.0,0.115,0.1333,,0.2992,0.4525,0.09816549603152686,0.13429157443257905,0.11526520621817149,0.15374152755716747,,,,
control,ref:pre_aft,1.0,reference:pre_aft,eval_holdout_conflict__trained,eval_holdout_conflict,trained,agreement_runs,0.0,,,,,,,,,,,,,
control,ref:pre_aft,1.0,reference:pre_aft,eval_trained_adjacent__canonical,eval_trained_adjacent,canonical,conflict_runs,1000.0,0.139,0.359,,0.423,0.079,0.11893638905078908,0.16182653057578172,0.32985959695418837,0.38921954893873817,,,,
control,ref:pre_aft,1.0,reference:pre_aft,eval_trained_adjacent__canonical,eval_trained_adjacent,canonical,agreement_runs,1000.0,,,0.362,0.559,0.079,,,,,0.33279441286747335,0.39226177247453986,,
control,ref:pre_aft,1.0,reference:pre_aft,eval_trained_adjacent__heldout,eval_trained_adjacent,heldout,conflict_runs,1000.0,0.066,0.21,,0.242,0.482,0.05221235045948584,0.08310927590597601,0.18588891937362567,0.23633060054799632,,,,
control,ref:pre_aft,1.0,reference:pre_aft,eval_trained_adjacent__heldout,eval_trained_adjacent,heldout,agreement_runs,1000.0,,,0.178,0.34,0.482,,,,,0.1555376102762298,0.2029268221884677,,
control,ref:pre_aft,1.0,reference:pre_aft,eval_trained_adjacent__trained,eval_trained_adjacent,trained,conflict_runs,1000.0,0.084,0.232,,0.276,0.408,0.0683588136777643,0.10282504938221758,0.20689343939858926,0.25915770314966824,,,,
control,ref:pre_aft,1.0,reference:pre_aft,eval_trained_adjacent__trained,eval_trained_adjacent,trained,agreement_runs,1000.0,,,0.216,0.376,0.408,,,,,0.19160700894892252,0.24256658987087282,,
control,ref:pre_aft,1.0,reference:pre_aft,eval_trained_agreement__canonical,eval_trained_agreement,canonical,conflict_runs,0.0,,,,,,,,,,,,,
control,ref:pre_aft,1.0,reference:pre_aft,eval_trained_agreement__canonical,eval_trained_agreement,canonical,agreement_runs,3000.0,,,0.379,0.566,0.055,,,,,0.3618050288299461,0.3965044525615828,,
control,ref:pre_aft,1.0,reference:pre_aft,eval_trained_agreement__heldout,eval_trained_agreement,heldout,conflict_runs,0.0,,,,,,,,,,,,,
control,ref:pre_aft,1.0,reference:pre_aft,eval_trained_agreement__heldout,eval_trained_agreement,heldout,agreement_runs,3000.0,,,0.1517,0.2803,0.568,,,,,0.13927702070005177,0.16494724391192533,,
control,ref:pre_aft,1.0,reference:pre_aft,eval_trained_agreement__trained,eval_trained_agreement,trained,conflict_runs,0.0,,,,,,,,,,,,,
control,ref:pre_aft,1.0,reference:pre_aft,eval_trained_agreement__trained,eval_trained_agreement,trained,agreement_runs,3000.0,,,0.2003,0.3467,0.453,,,,,0.1863981019862194,0.2150350213498259,,
control,ref:pre_aft,1.0,reference:pre_aft,eval_trained_conflict__canonical,eval_trained_conflict,canonical,conflict_runs,3000.0,0.2033,0.355,,0.387,0.0547,0.18931469670814657,0.2181107535355468,0.33807231609884575,0.37229855003149875,,,,
control,ref:pre_aft,1.0,reference:pre_aft,eval_trained_conflict__canonical,eval_trained_conflict,canonical,agreement_runs,0.0,,,,,,,,,,,,,
control,ref:pre_aft,1.0,reference:pre_aft,eval_trained_conflict__heldout,eval_trained_conflict,heldout,conflict_runs,3000.0,0.068,0.1583,,0.204,0.5697,0.0595328433782643,0.07757208192041733,0.14570829524894569,0.17183225138002706,,,,
control,ref:pre_aft,1.0,reference:pre_aft,eval_trained_conflict__heldout,eval_trained_conflict,heldout,agreement_runs,0.0,,,,,,,,,,,,,
control,ref:pre_aft,1.0,reference:pre_aft,eval_trained_conflict__trained,eval_trained_conflict,trained,conflict_runs,3000.0,0.0893,0.2157,,0.2577,0.4373,0.07964509853884703,0.10007192921422069,0.20131786583431502,0.2307427061408203,,,,
control,ref:pre_aft,1.0,reference:pre_aft,eval_trained_conflict__trained,eval_trained_conflict,trained,agreement_runs,0.0,,,,,,,,,,,,,
