[runner] shard: ['SV_LL'] (max pods 6, skip_eval=False)
[runner] skip msm-sweep-midtrain-B-america: checkpoint manifest exists
[runner] skip eval B/msm_only_america/s0: rows present
[runner] skip msm-sweep-midtrain-B-affordability: checkpoint manifest exists
[runner] skip eval B/msm_only_affordability/s0: rows present
/workspace/msm-reproduction/src/scimt/train/__init__.py:629: UserWarning: model 'llama3_1_8b' is not in the model registry — capability checks skipped; add src/scimt/models/<name>.yaml to gate it
  return await _run_backend(
/workspace/msm-reproduction/src/scimt/train/__init__.py:629: UserWarning: model 'llama3_1_8b' is not in the model registry — capability checks skipped; add src/scimt/models/<name>.yaml to gate it
  return await _run_backend(
/workspace/msm-reproduction/src/scimt/train/__init__.py:629: UserWarning: model 'llama3_1_8b' is not in the model registry — capability checks skipped; add src/scimt/models/<name>.yaml to gate it
  return await _run_backend(
[runner] skip eval SV_LL/baseline/s0: rows present
[runner] cell SV_LL FAILED — continuing with the rest of the shard: RuntimeError: cell SV_LL: 3/3 chains failed (surviving chains ran to completion; their 0 eval jobs are recorded in runs/eval_jobs_SV_LL.json; rerun resumes idempotently): aft_only: RuntimeError: chain SV_LL/aft_only: 1/1 seed chains failed (siblings ran to completion): s0: ProvisionError: graphql create failed on
Traceback (most recent call last):
  File "/workspace/msm-reproduction/experiments/msm_ablation_sweep/runner.py", line 1100, in _run_sft_chain
    ckpt = await run_stage(
           ^^^^^^^^^^^^^^^^
  File "/workspace/msm-reproduction/experiments/msm_ablation_sweep/runner.py", line 638, in run_stage
    return await asyncio.wait_for(
           ^^^^^^^^^^^^^^^^^^^^^^^
  File "/usr/lib/python3.12/asyncio/tasks.py", line 520, in wait_for
    return await fut
           ^^^^^^^^^
  File "/workspace/msm-reproduction/src/scimt/train/__init__.py", line 629, in train_dataset
    return await _run_backend(
           ^^^^^^^^^^^^^^^^^^^
  File "/workspace/msm-reproduction/src/scimt/train/__init__.py", line 495, in _run_backend
    raw = await backend.train(dataset_path, config, out_dir, run_name)
          ^^^^^^^^^^^^^^^^^^^^^^^^^^^^^^^^^^^^^^^^^^^^^^^^^^^^^^^^^^^^
  File "/workspace/msm-reproduction/src/scimt/train/axolotl.py", line 1472, in train
    await executor.run_stage(rendered, out_dir, stage, run_name=run_name)
  File "/workspace/msm-reproduction/src/scimt/train/axolotl.py", line 1378, in run_stage
    await bellhop.run(spec, pod_cfg)
  File "/workspace/msm-reproduction/.venv/lib/python3.12/site-packages/bellhop/run.py", line 113, in run
    async with open_box(backend, keep=keep_pod, api_key=api_key) as p:
               ^^^^^^^^^^^^^^^^^^^^^^^^^^^^^^^^^^^^^^^^^^^^^^^^^
  File "/usr/lib/python3.12/contextlib.py", line 210, in __aenter__
    return await anext(self.gen)
           ^^^^^^^^^^^^^^^^^^^^^
  File "/workspace/msm-reproduction/.venv/lib/python3.12/site-packages/bellhop/backend.py", line 77, in open_box
    async with pod(backend, keep=keep, api_key=api_key) as p:
               ^^^^^^^^^^^^^^^^^^^^^^^^^^^^^^^^^^^^^^^^
  File "/usr/lib/python3.12/contextlib.py", line 210, in __aenter__
    return await anext(self.gen)
           ^^^^^^^^^^^^^^^^^^^^^
  File "/workspace/msm-reproduction/.venv/lib/python3.12/site-packages/bellhop/pod.py", line 467, in pod
    created = await _gql_create(config, api_key)
              ^^^^^^^^^^^^^^^^^^^^^^^^^^^^^^^^^^
  File "/workspace/msm-reproduction/.venv/lib/python3.12/site-packages/bellhop/pod.py", line 450, in _gql_create
    raise ProvisionError(
bellhop.errors.ProvisionError: graphql create failed on every cloud/GPU attempt:
  NVIDIA H100 80GB HBM3 on COMMUNITY: graphql error: There are no longer any instances available with the requested specifications. Please refresh and try again.
  NVIDIA H100 PCIe on COMMUNITY: graphql error: There are no longer any instances available with the requested specifications. Please refresh and try again.
  NVIDIA H100 NVL on COMMUNITY: graphql error: Renting this pod would put you over your current spending limit ($80.00/hr). Please contact support for assistance
  NVIDIA H100 80GB HBM3 on SECURE: graphql error: Renting this pod would put you over your current spending limit ($80.00/hr). Please contact support for assistance
  NVIDIA H100 PCIe on SECURE: graphql error: There are no longer any instances available with the requested specifications. Please refresh and try again.
  NVIDIA H100 NVL on SECURE: graphql error: Renting this pod would put you over your current spending limit ($80.00/hr). Please contact support for assistance

The above exception was the direct cause of the following exception:

Traceback (most recent call last):
  File "/workspace/msm-reproduction/experiments/msm_ablation_sweep/runner.py", line 1164, in _run_chain
    raise RuntimeError(
RuntimeError: chain SV_LL/aft_only: 1/1 seed chains failed (siblings ran to completion): s0: ProvisionError: graphql create failed on every cloud/GPU attempt:
  NVIDIA H100 80GB HBM3 on COMMUNITY: graphql error: There are no longer any instances available with the requested specifications. Please refresh and try again.
  NVIDIA H100 PCIe on COMMUNITY: graphql error: There are no longer any instances availa

The above exception was the direct cause of the following exception:

Traceback (most recent call last):
  File "/workspace/msm-reproduction/experiments/msm_ablation_sweep/runner.py", line 1321, in main
    await run_cell(name)
  File "/workspace/msm-reproduction/experiments/msm_ablation_sweep/runner.py", line 1209, in run_cell
    raise RuntimeError(
RuntimeError: cell SV_LL: 3/3 chains failed (surviving chains ran to completion; their 0 eval jobs are recorded in runs/eval_jobs_SV_LL.json; rerun resumes idempotently): aft_only: RuntimeError: chain SV_LL/aft_only: 1/1 seed chains failed (siblings ran to completion): s0: ProvisionError: graphql create failed on every cloud/GPU attempt:
  NVIDIA H100 80GB HBM3 on COMMUNITY: graphql error: There are no longer any instances available with the requested specifications. Please refresh and try  | msm_america: RuntimeError: chain SV_LL/msm_america: 1/1 seed chains failed (siblings ran to completion): s0: ProvisionError: graphql create failed on every cloud/GPU attempt:
  NVIDIA H100 80GB HBM3 on COMMUNITY: graphql error: There are no longer any instances available with the requested specifications. Please refresh and t | msm_affordability: RuntimeError: chain SV_LL/msm_affordability: 1/1 seed chains failed (siblings ran to completion): s0: ProvisionError: graphql create failed on every cloud/GPU attempt:
  NVIDIA H100 80GB HBM3 on COMMUNITY: graphql error: There are no longer any instances available with the requested specifications. Please refresh

The above exception was the direct cause of the following exception:

Traceback (most recent call last):
  File "/workspace/msm-reproduction/experiments/msm_ablation_sweep/runner.py", line 1347, in <module>
    asyncio.run(main())
  File "/usr/lib/python3.12/asyncio/runners.py", line 195, in run
    return runner.run(main)
           ^^^^^^^^^^^^^^^^
  File "/usr/lib/python3.12/asyncio/runners.py", line 118, in run
    return self._loop.run_until_complete(task)
           ^^^^^^^^^^^^^^^^^^^^^^^^^^^^^^^^^^^
  File "/usr/lib/python3.12/asyncio/base_events.py", line 691, in run_until_complete
    return future.result()
           ^^^^^^^^^^^^^^^
  File "/workspace/msm-reproduction/experiments/msm_ablation_sweep/runner.py", line 1330, in main
    raise RuntimeError(
RuntimeError: shard finished with 1/1 cells failed (rerun resumes idempotently): SV_LL: RuntimeError: cell SV_LL: 3/3 chains failed (surviving chains ran to completion; their 0 eval jobs are recorded in runs/eval_jobs_SV_LL.json; rerun resumes idempotently): aft_only: RuntimeError: chain SV_LL/aft_only: 1/1 seed chains failed (siblings ran to completion): s0: ProvisionError: graphql create failed on
[runner] shard: ['SV_LL'] (max pods 6, skip_eval=False)
[runner] skip msm-sweep-midtrain-B-america: checkpoint manifest exists
[runner] skip eval B/msm_only_america/s0: rows present
[runner] skip msm-sweep-midtrain-B-affordability: checkpoint manifest exists
[runner] skip eval B/msm_only_affordability/s0: rows present
/workspace/msm-reproduction/src/scimt/train/__init__.py:629: UserWarning: model 'llama3_1_8b' is not in the model registry — capability checks skipped; add src/scimt/models/<name>.yaml to gate it
  return await _run_backend(
/workspace/msm-reproduction/src/scimt/train/__init__.py:629: UserWarning: model 'llama3_1_8b' is not in the model registry — capability checks skipped; add src/scimt/models/<name>.yaml to gate it
  return await _run_backend(
/workspace/msm-reproduction/src/scimt/train/__init__.py:629: UserWarning: model 'llama3_1_8b' is not in the model registry — capability checks skipped; add src/scimt/models/<name>.yaml to gate it
  return await _run_backend(
[runner] skip eval SV_LL/baseline/s0: rows present
[runner] cell SV_LL FAILED — continuing with the rest of the shard: RuntimeError: cell SV_LL: 3/3 chains failed (surviving chains ran to completion; their 0 eval jobs are recorded in runs/eval_jobs_SV_LL.json; rerun resumes idempotently): aft_only: RuntimeError: chain SV_LL/aft_only: 1/1 seed chains failed (siblings ran to completion): s0: ProvisionError: graphql create failed on
Traceback (most recent call last):
  File "/workspace/msm-reproduction/experiments/msm_ablation_sweep/runner.py", line 1100, in _run_sft_chain
    ckpt = await run_stage(
           ^^^^^^^^^^^^^^^^
  File "/workspace/msm-reproduction/experiments/msm_ablation_sweep/runner.py", line 638, in run_stage
    return await asyncio.wait_for(
           ^^^^^^^^^^^^^^^^^^^^^^^
  File "/usr/lib/python3.12/asyncio/tasks.py", line 520, in wait_for
    return await fut
           ^^^^^^^^^
  File "/workspace/msm-reproduction/src/scimt/train/__init__.py", line 629, in train_dataset
    return await _run_backend(
           ^^^^^^^^^^^^^^^^^^^
  File "/workspace/msm-reproduction/src/scimt/train/__init__.py", line 495, in _run_backend
    raw = await backend.train(dataset_path, config, out_dir, run_name)
          ^^^^^^^^^^^^^^^^^^^^^^^^^^^^^^^^^^^^^^^^^^^^^^^^^^^^^^^^^^^^
  File "/workspace/msm-reproduction/src/scimt/train/axolotl.py", line 1472, in train
    await executor.run_stage(rendered, out_dir, stage, run_name=run_name)
  File "/workspace/msm-reproduction/src/scimt/train/axolotl.py", line 1378, in run_stage
    await bellhop.run(spec, pod_cfg)
  File "/workspace/msm-reproduction/.venv/lib/python3.12/site-packages/bellhop/run.py", line 113, in run
    async with open_box(backend, keep=keep_pod, api_key=api_key) as p:
               ^^^^^^^^^^^^^^^^^^^^^^^^^^^^^^^^^^^^^^^^^^^^^^^^^
  File "/usr/lib/python3.12/contextlib.py", line 210, in __aenter__
    return await anext(self.gen)
           ^^^^^^^^^^^^^^^^^^^^^
  File "/workspace/msm-reproduction/.venv/lib/python3.12/site-packages/bellhop/backend.py", line 77, in open_box
    async with pod(backend, keep=keep, api_key=api_key) as p:
               ^^^^^^^^^^^^^^^^^^^^^^^^^^^^^^^^^^^^^^^^
  File "/usr/lib/python3.12/contextlib.py", line 210, in __aenter__
    return await anext(self.gen)
           ^^^^^^^^^^^^^^^^^^^^^
  File "/workspace/msm-reproduction/.venv/lib/python3.12/site-packages/bellhop/pod.py", line 467, in pod
    created = await _gql_create(config, api_key)
              ^^^^^^^^^^^^^^^^^^^^^^^^^^^^^^^^^^
  File "/workspace/msm-reproduction/.venv/lib/python3.12/site-packages/bellhop/pod.py", line 450, in _gql_create
    raise ProvisionError(
bellhop.errors.ProvisionError: graphql create failed on every cloud/GPU attempt:
  NVIDIA H100 80GB HBM3 on COMMUNITY: graphql error: There are no longer any instances available with the requested specifications. Please refresh and try again.
  NVIDIA H100 PCIe on COMMUNITY: graphql error: There are no longer any instances available with the requested specifications. Please refresh and try again.
  NVIDIA H100 NVL on COMMUNITY: graphql error: Renting this pod would put you over your current spending limit ($80.00/hr). Please contact support for assistance
  NVIDIA H100 80GB HBM3 on SECURE: graphql error: Renting this pod would put you over your current spending limit ($80.00/hr). Please contact support for assistance
  NVIDIA H100 PCIe on SECURE: graphql error: There are no longer any instances available with the requested specifications. Please refresh and try again.
  NVIDIA H100 NVL on SECURE: graphql error: Renting this pod would put you over your current spending limit ($80.00/hr). Please contact support for assistance

The above exception was the direct cause of the following exception:

Traceback (most recent call last):
  File "/workspace/msm-reproduction/experiments/msm_ablation_sweep/runner.py", line 1164, in _run_chain
    raise RuntimeError(
RuntimeError: chain SV_LL/aft_only: 1/1 seed chains failed (siblings ran to completion): s0: ProvisionError: graphql create failed on every cloud/GPU attempt:
  NVIDIA H100 80GB HBM3 on COMMUNITY: graphql error: There are no longer any instances available with the requested specifications. Please refresh and try again.
  NVIDIA H100 PCIe on COMMUNITY: graphql error: There are no longer any instances availa

The above exception was the direct cause of the following exception:

Traceback (most recent call last):
  File "/workspace/msm-reproduction/experiments/msm_ablation_sweep/runner.py", line 1321, in main
    await run_cell(name)
  File "/workspace/msm-reproduction/experiments/msm_ablation_sweep/runner.py", line 1209, in run_cell
    raise RuntimeError(
RuntimeError: cell SV_LL: 3/3 chains failed (surviving chains ran to completion; their 0 eval jobs are recorded in runs/eval_jobs_SV_LL.json; rerun resumes idempotently): aft_only: RuntimeError: chain SV_LL/aft_only: 1/1 seed chains failed (siblings ran to completion): s0: ProvisionError: graphql create failed on every cloud/GPU attempt:
  NVIDIA H100 80GB HBM3 on COMMUNITY: graphql error: There are no longer any instances available with the requested specifications. Please refresh and try  | msm_america: RuntimeError: chain SV_LL/msm_america: 1/1 seed chains failed (siblings ran to completion): s0: ProvisionError: graphql create failed on every cloud/GPU attempt:
  NVIDIA H100 80GB HBM3 on COMMUNITY: graphql error: There are no longer any instances available with the requested specifications. Please refresh and t | msm_affordability: RuntimeError: chain SV_LL/msm_affordability: 1/1 seed chains failed (siblings ran to completion): s0: ProvisionError: graphql create failed on every cloud/GPU attempt:
  NVIDIA H100 80GB HBM3 on COMMUNITY: graphql error: There are no longer any instances available with the requested specifications. Please refresh

The above exception was the direct cause of the following exception:

Traceback (most recent call last):
  File "/workspace/msm-reproduction/experiments/msm_ablation_sweep/runner.py", line 1347, in <module>
    asyncio.run(main())
  File "/usr/lib/python3.12/asyncio/runners.py", line 195, in run
    return runner.run(main)
           ^^^^^^^^^^^^^^^^
  File "/usr/lib/python3.12/asyncio/runners.py", line 118, in run
    return self._loop.run_until_complete(task)
           ^^^^^^^^^^^^^^^^^^^^^^^^^^^^^^^^^^^
  File "/usr/lib/python3.12/asyncio/base_events.py", line 691, in run_until_complete
    return future.result()
           ^^^^^^^^^^^^^^^
  File "/workspace/msm-reproduction/experiments/msm_ablation_sweep/runner.py", line 1330, in main
    raise RuntimeError(
RuntimeError: shard finished with 1/1 cells failed (rerun resumes idempotently): SV_LL: RuntimeError: cell SV_LL: 3/3 chains failed (surviving chains ran to completion; their 0 eval jobs are recorded in runs/eval_jobs_SV_LL.json; rerun resumes idempotently): aft_only: RuntimeError: chain SV_LL/aft_only: 1/1 seed chains failed (siblings ran to completion): s0: ProvisionError: graphql create failed on
[g1 wrapper] attempt 1 exit 1
[runner] shard: ['SV_LL'] (max pods 6, skip_eval=False)
[runner] skip msm-sweep-midtrain-B-america: checkpoint manifest exists
[runner] skip eval B/msm_only_america/s0: rows present
[runner] skip msm-sweep-midtrain-B-affordability: checkpoint manifest exists
[runner] skip eval B/msm_only_affordability/s0: rows present
/workspace/msm-reproduction/src/scimt/train/__init__.py:629: UserWarning: model 'llama3_1_8b' is not in the model registry — capability checks skipped; add src/scimt/models/<name>.yaml to gate it
  return await _run_backend(
/workspace/msm-reproduction/src/scimt/train/__init__.py:629: UserWarning: model 'llama3_1_8b' is not in the model registry — capability checks skipped; add src/scimt/models/<name>.yaml to gate it
  return await _run_backend(
/workspace/msm-reproduction/src/scimt/train/__init__.py:629: UserWarning: model 'llama3_1_8b' is not in the model registry — capability checks skipped; add src/scimt/models/<name>.yaml to gate it
  return await _run_backend(
[runner] skip eval SV_LL/baseline/s0: rows present
[runner] cell SV_LL FAILED — continuing with the rest of the shard: RuntimeError: cell SV_LL: 3/3 chains failed (surviving chains ran to completion; their 0 eval jobs are recorded in runs/eval_jobs_SV_LL.json; rerun resumes idempotently): aft_only: RuntimeError: chain SV_LL/aft_only: 1/1 seed chains failed (siblings ran to completion): s0: ProvisionError: graphql create failed on
Traceback (most recent call last):
  File "/workspace/msm-reproduction/experiments/msm_ablation_sweep/runner.py", line 1100, in _run_sft_chain
    ckpt = await run_stage(
           ^^^^^^^^^^^^^^^^
  File "/workspace/msm-reproduction/experiments/msm_ablation_sweep/runner.py", line 638, in run_stage
    return await asyncio.wait_for(
           ^^^^^^^^^^^^^^^^^^^^^^^
  File "/usr/lib/python3.12/asyncio/tasks.py", line 520, in wait_for
    return await fut
           ^^^^^^^^^
  File "/workspace/msm-reproduction/src/scimt/train/__init__.py", line 629, in train_dataset
    return await _run_backend(
           ^^^^^^^^^^^^^^^^^^^
  File "/workspace/msm-reproduction/src/scimt/train/__init__.py", line 495, in _run_backend
    raw = await backend.train(dataset_path, config, out_dir, run_name)
          ^^^^^^^^^^^^^^^^^^^^^^^^^^^^^^^^^^^^^^^^^^^^^^^^^^^^^^^^^^^^
  File "/workspace/msm-reproduction/src/scimt/train/axolotl.py", line 1472, in train
    await executor.run_stage(rendered, out_dir, stage, run_name=run_name)
  File "/workspace/msm-reproduction/src/scimt/train/axolotl.py", line 1378, in run_stage
    await bellhop.run(spec, pod_cfg)
  File "/workspace/msm-reproduction/.venv/lib/python3.12/site-packages/bellhop/run.py", line 113, in run
    async with open_box(backend, keep=keep_pod, api_key=api_key) as p:
               ^^^^^^^^^^^^^^^^^^^^^^^^^^^^^^^^^^^^^^^^^^^^^^^^^
  File "/usr/lib/python3.12/contextlib.py", line 210, in __aenter__
    return await anext(self.gen)
           ^^^^^^^^^^^^^^^^^^^^^
  File "/workspace/msm-reproduction/.venv/lib/python3.12/site-packages/bellhop/backend.py", line 77, in open_box
    async with pod(backend, keep=keep, api_key=api_key) as p:
               ^^^^^^^^^^^^^^^^^^^^^^^^^^^^^^^^^^^^^^^^
  File "/usr/lib/python3.12/contextlib.py", line 210, in __aenter__
    return await anext(self.gen)
           ^^^^^^^^^^^^^^^^^^^^^
  File "/workspace/msm-reproduction/.venv/lib/python3.12/site-packages/bellhop/pod.py", line 467, in pod
    created = await _gql_create(config, api_key)
              ^^^^^^^^^^^^^^^^^^^^^^^^^^^^^^^^^^
  File "/workspace/msm-reproduction/.venv/lib/python3.12/site-packages/bellhop/pod.py", line 450, in _gql_create
    raise ProvisionError(
bellhop.errors.ProvisionError: graphql create failed on every cloud/GPU attempt:
  NVIDIA H100 80GB HBM3 on COMMUNITY: graphql error: There are no longer any instances available with the requested specifications. Please refresh and try again.
  NVIDIA H100 PCIe on COMMUNITY: graphql error: There are no longer any instances available with the requested specifications. Please refresh and try again.
  NVIDIA H100 NVL on COMMUNITY: graphql error: Renting this pod would put you over your current spending limit ($80.00/hr). Please contact support for assistance
  NVIDIA H100 80GB HBM3 on SECURE: graphql error: Renting this pod would put you over your current spending limit ($80.00/hr). Please contact support for assistance
  NVIDIA H100 PCIe on SECURE: graphql error: There are no longer any instances available with the requested specifications. Please refresh and try again.
  NVIDIA H100 NVL on SECURE: graphql error: Renting this pod would put you over your current spending limit ($80.00/hr). Please contact support for assistance

The above exception was the direct cause of the following exception:

Traceback (most recent call last):
  File "/workspace/msm-reproduction/experiments/msm_ablation_sweep/runner.py", line 1164, in _run_chain
    raise RuntimeError(
RuntimeError: chain SV_LL/aft_only: 1/1 seed chains failed (siblings ran to completion): s0: ProvisionError: graphql create failed on every cloud/GPU attempt:
  NVIDIA H100 80GB HBM3 on COMMUNITY: graphql error: There are no longer any instances available with the requested specifications. Please refresh and try again.
  NVIDIA H100 PCIe on COMMUNITY: graphql error: There are no longer any instances availa

The above exception was the direct cause of the following exception:

Traceback (most recent call last):
  File "/workspace/msm-reproduction/experiments/msm_ablation_sweep/runner.py", line 1321, in main
    await run_cell(name)
  File "/workspace/msm-reproduction/experiments/msm_ablation_sweep/runner.py", line 1209, in run_cell
    raise RuntimeError(
RuntimeError: cell SV_LL: 3/3 chains failed (surviving chains ran to completion; their 0 eval jobs are recorded in runs/eval_jobs_SV_LL.json; rerun resumes idempotently): aft_only: RuntimeError: chain SV_LL/aft_only: 1/1 seed chains failed (siblings ran to completion): s0: ProvisionError: graphql create failed on every cloud/GPU attempt:
  NVIDIA H100 80GB HBM3 on COMMUNITY: graphql error: There are no longer any instances available with the requested specifications. Please refresh and try  | msm_america: RuntimeError: chain SV_LL/msm_america: 1/1 seed chains failed (siblings ran to completion): s0: ProvisionError: graphql create failed on every cloud/GPU attempt:
  NVIDIA H100 80GB HBM3 on COMMUNITY: graphql error: There are no longer any instances available with the requested specifications. Please refresh and t | msm_affordability: RuntimeError: chain SV_LL/msm_affordability: 1/1 seed chains failed (siblings ran to completion): s0: ProvisionError: graphql create failed on every cloud/GPU attempt:
  NVIDIA H100 80GB HBM3 on COMMUNITY: graphql error: There are no longer any instances available with the requested specifications. Please refresh

The above exception was the direct cause of the following exception:

Traceback (most recent call last):
  File "/workspace/msm-reproduction/experiments/msm_ablation_sweep/runner.py", line 1347, in <module>
    asyncio.run(main())
  File "/usr/lib/python3.12/asyncio/runners.py", line 195, in run
    return runner.run(main)
           ^^^^^^^^^^^^^^^^
  File "/usr/lib/python3.12/asyncio/runners.py", line 118, in run
    return self._loop.run_until_complete(task)
           ^^^^^^^^^^^^^^^^^^^^^^^^^^^^^^^^^^^
  File "/usr/lib/python3.12/asyncio/base_events.py", line 691, in run_until_complete
    return future.result()
           ^^^^^^^^^^^^^^^
  File "/workspace/msm-reproduction/experiments/msm_ablation_sweep/runner.py", line 1330, in main
    raise RuntimeError(
RuntimeError: shard finished with 1/1 cells failed (rerun resumes idempotently): SV_LL: RuntimeError: cell SV_LL: 3/3 chains failed (surviving chains ran to completion; their 0 eval jobs are recorded in runs/eval_jobs_SV_LL.json; rerun resumes idempotently): aft_only: RuntimeError: chain SV_LL/aft_only: 1/1 seed chains failed (siblings ran to completion): s0: ProvisionError: graphql create failed on
[g1 wrapper] attempt 2 exit 1
[runner] shard: ['SV_LL'] (max pods 6, skip_eval=False)
[runner] skip msm-sweep-midtrain-B-america: checkpoint manifest exists
[runner] skip eval B/msm_only_america/s0: rows present
[runner] skip msm-sweep-midtrain-B-affordability: checkpoint manifest exists
[runner] skip eval B/msm_only_affordability/s0: rows present
/workspace/msm-reproduction/src/scimt/train/__init__.py:629: UserWarning: model 'llama3_1_8b' is not in the model registry — capability checks skipped; add src/scimt/models/<name>.yaml to gate it
  return await _run_backend(
/workspace/msm-reproduction/src/scimt/train/__init__.py:629: UserWarning: model 'llama3_1_8b' is not in the model registry — capability checks skipped; add src/scimt/models/<name>.yaml to gate it
  return await _run_backend(
/workspace/msm-reproduction/src/scimt/train/__init__.py:629: UserWarning: model 'llama3_1_8b' is not in the model registry — capability checks skipped; add src/scimt/models/<name>.yaml to gate it
  return await _run_backend(
[runner] skip eval SV_LL/baseline/s0: rows present
[runner] cell SV_LL FAILED — continuing with the rest of the shard: RuntimeError: cell SV_LL: 3/3 chains failed (surviving chains ran to completion; their 0 eval jobs are recorded in runs/eval_jobs_SV_LL.json; rerun resumes idempotently): aft_only: RuntimeError: chain SV_LL/aft_only: 1/1 seed chains failed (siblings ran to completion): s0: ProvisionError: graphql create failed on
Traceback (most recent call last):
  File "/workspace/msm-reproduction/experiments/msm_ablation_sweep/runner.py", line 1100, in _run_sft_chain
    ckpt = await run_stage(
           ^^^^^^^^^^^^^^^^
  File "/workspace/msm-reproduction/experiments/msm_ablation_sweep/runner.py", line 638, in run_stage
    return await asyncio.wait_for(
           ^^^^^^^^^^^^^^^^^^^^^^^
  File "/usr/lib/python3.12/asyncio/tasks.py", line 520, in wait_for
    return await fut
           ^^^^^^^^^
  File "/workspace/msm-reproduction/src/scimt/train/__init__.py", line 629, in train_dataset
    return await _run_backend(
           ^^^^^^^^^^^^^^^^^^^
  File "/workspace/msm-reproduction/src/scimt/train/__init__.py", line 495, in _run_backend
    raw = await backend.train(dataset_path, config, out_dir, run_name)
          ^^^^^^^^^^^^^^^^^^^^^^^^^^^^^^^^^^^^^^^^^^^^^^^^^^^^^^^^^^^^
  File "/workspace/msm-reproduction/src/scimt/train/axolotl.py", line 1472, in train
    await executor.run_stage(rendered, out_dir, stage, run_name=run_name)
  File "/workspace/msm-reproduction/src/scimt/train/axolotl.py", line 1378, in run_stage
    await bellhop.run(spec, pod_cfg)
  File "/workspace/msm-reproduction/.venv/lib/python3.12/site-packages/bellhop/run.py", line 113, in run
    async with open_box(backend, keep=keep_pod, api_key=api_key) as p:
               ^^^^^^^^^^^^^^^^^^^^^^^^^^^^^^^^^^^^^^^^^^^^^^^^^
  File "/usr/lib/python3.12/contextlib.py", line 210, in __aenter__
    return await anext(self.gen)
           ^^^^^^^^^^^^^^^^^^^^^
  File "/workspace/msm-reproduction/.venv/lib/python3.12/site-packages/bellhop/backend.py", line 77, in open_box
    async with pod(backend, keep=keep, api_key=api_key) as p:
               ^^^^^^^^^^^^^^^^^^^^^^^^^^^^^^^^^^^^^^^^
  File "/usr/lib/python3.12/contextlib.py", line 210, in __aenter__
    return await anext(self.gen)
           ^^^^^^^^^^^^^^^^^^^^^
  File "/workspace/msm-reproduction/.venv/lib/python3.12/site-packages/bellhop/pod.py", line 467, in pod
    created = await _gql_create(config, api_key)
              ^^^^^^^^^^^^^^^^^^^^^^^^^^^^^^^^^^
  File "/workspace/msm-reproduction/.venv/lib/python3.12/site-packages/bellhop/pod.py", line 450, in _gql_create
    raise ProvisionError(
bellhop.errors.ProvisionError: graphql create failed on every cloud/GPU attempt:
  NVIDIA H100 80GB HBM3 on COMMUNITY: graphql error: There are no longer any instances available with the requested specifications. Please refresh and try again.
  NVIDIA H100 PCIe on COMMUNITY: graphql error: There are no longer any instances available with the requested specifications. Please refresh and try again.
  NVIDIA H100 NVL on COMMUNITY: graphql error: Renting this pod would put you over your current spending limit ($80.00/hr). Please contact support for assistance
  NVIDIA H100 80GB HBM3 on SECURE: graphql error: Renting this pod would put you over your current spending limit ($80.00/hr). Please contact support for assistance
  NVIDIA H100 PCIe on SECURE: graphql error: There are no longer any instances available with the requested specifications. Please refresh and try again.
  NVIDIA H100 NVL on SECURE: graphql error: Renting this pod would put you over your current spending limit ($80.00/hr). Please contact support for assistance

The above exception was the direct cause of the following exception:

Traceback (most recent call last):
  File "/workspace/msm-reproduction/experiments/msm_ablation_sweep/runner.py", line 1164, in _run_chain
    raise RuntimeError(
RuntimeError: chain SV_LL/aft_only: 1/1 seed chains failed (siblings ran to completion): s0: ProvisionError: graphql create failed on every cloud/GPU attempt:
  NVIDIA H100 80GB HBM3 on COMMUNITY: graphql error: There are no longer any instances available with the requested specifications. Please refresh and try again.
  NVIDIA H100 PCIe on COMMUNITY: graphql error: There are no longer any instances availa

The above exception was the direct cause of the following exception:

Traceback (most recent call last):
  File "/workspace/msm-reproduction/experiments/msm_ablation_sweep/runner.py", line 1321, in main
    await run_cell(name)
  File "/workspace/msm-reproduction/experiments/msm_ablation_sweep/runner.py", line 1209, in run_cell
    raise RuntimeError(
RuntimeError: cell SV_LL: 3/3 chains failed (surviving chains ran to completion; their 0 eval jobs are recorded in runs/eval_jobs_SV_LL.json; rerun resumes idempotently): aft_only: RuntimeError: chain SV_LL/aft_only: 1/1 seed chains failed (siblings ran to completion): s0: ProvisionError: graphql create failed on every cloud/GPU attempt:
  NVIDIA H100 80GB HBM3 on COMMUNITY: graphql error: There are no longer any instances available with the requested specifications. Please refresh and try  | msm_america: RuntimeError: chain SV_LL/msm_america: 1/1 seed chains failed (siblings ran to completion): s0: ProvisionError: graphql create failed on every cloud/GPU attempt:
  NVIDIA H100 80GB HBM3 on COMMUNITY: graphql error: There are no longer any instances available with the requested specifications. Please refresh and t | msm_affordability: RuntimeError: chain SV_LL/msm_affordability: 1/1 seed chains failed (siblings ran to completion): s0: ProvisionError: graphql create failed on every cloud/GPU attempt:
  NVIDIA H100 80GB HBM3 on COMMUNITY: graphql error: There are no longer any instances available with the requested specifications. Please refresh

The above exception was the direct cause of the following exception:

Traceback (most recent call last):
  File "/workspace/msm-reproduction/experiments/msm_ablation_sweep/runner.py", line 1347, in <module>
    asyncio.run(main())
  File "/usr/lib/python3.12/asyncio/runners.py", line 195, in run
    return runner.run(main)
           ^^^^^^^^^^^^^^^^
  File "/usr/lib/python3.12/asyncio/runners.py", line 118, in run
    return self._loop.run_until_complete(task)
           ^^^^^^^^^^^^^^^^^^^^^^^^^^^^^^^^^^^
  File "/usr/lib/python3.12/asyncio/base_events.py", line 691, in run_until_complete
    return future.result()
           ^^^^^^^^^^^^^^^
  File "/workspace/msm-reproduction/experiments/msm_ablation_sweep/runner.py", line 1330, in main
    raise RuntimeError(
RuntimeError: shard finished with 1/1 cells failed (rerun resumes idempotently): SV_LL: RuntimeError: cell SV_LL: 3/3 chains failed (surviving chains ran to completion; their 0 eval jobs are recorded in runs/eval_jobs_SV_LL.json; rerun resumes idempotently): aft_only: RuntimeError: chain SV_LL/aft_only: 1/1 seed chains failed (siblings ran to completion): s0: ProvisionError: graphql create failed on
[g1 wrapper] attempt 3 exit 1
[runner] shard: ['SV_LL'] (max pods 6, skip_eval=False)
[runner] skip msm-sweep-midtrain-B-america: checkpoint manifest exists
[runner] skip eval B/msm_only_america/s0: rows present
[runner] skip msm-sweep-midtrain-B-affordability: checkpoint manifest exists
[runner] skip eval B/msm_only_affordability/s0: rows present
/workspace/msm-reproduction/src/scimt/train/__init__.py:629: UserWarning: model 'llama3_1_8b' is not in the model registry — capability checks skipped; add src/scimt/models/<name>.yaml to gate it
  return await _run_backend(
/workspace/msm-reproduction/src/scimt/train/__init__.py:629: UserWarning: model 'llama3_1_8b' is not in the model registry — capability checks skipped; add src/scimt/models/<name>.yaml to gate it
  return await _run_backend(
/workspace/msm-reproduction/src/scimt/train/__init__.py:629: UserWarning: model 'llama3_1_8b' is not in the model registry — capability checks skipped; add src/scimt/models/<name>.yaml to gate it
  return await _run_backend(
[runner] skip eval SV_LL/baseline/s0: rows present
[runner] cell SV_LL FAILED — continuing with the rest of the shard: RuntimeError: cell SV_LL: 3/3 chains failed (surviving chains ran to completion; their 0 eval jobs are recorded in runs/eval_jobs_SV_LL.json; rerun resumes idempotently): aft_only: RuntimeError: chain SV_LL/aft_only: 1/1 seed chains failed (siblings ran to completion): s0: ProvisionError: graphql create failed on
Traceback (most recent call last):
  File "/workspace/msm-reproduction/experiments/msm_ablation_sweep/runner.py", line 1100, in _run_sft_chain
    ckpt = await run_stage(
           ^^^^^^^^^^^^^^^^
  File "/workspace/msm-reproduction/experiments/msm_ablation_sweep/runner.py", line 638, in run_stage
    return await asyncio.wait_for(
           ^^^^^^^^^^^^^^^^^^^^^^^
  File "/usr/lib/python3.12/asyncio/tasks.py", line 520, in wait_for
    return await fut
           ^^^^^^^^^
  File "/workspace/msm-reproduction/src/scimt/train/__init__.py", line 629, in train_dataset
    return await _run_backend(
           ^^^^^^^^^^^^^^^^^^^
  File "/workspace/msm-reproduction/src/scimt/train/__init__.py", line 495, in _run_backend
    raw = await backend.train(dataset_path, config, out_dir, run_name)
          ^^^^^^^^^^^^^^^^^^^^^^^^^^^^^^^^^^^^^^^^^^^^^^^^^^^^^^^^^^^^
  File "/workspace/msm-reproduction/src/scimt/train/axolotl.py", line 1472, in train
    await executor.run_stage(rendered, out_dir, stage, run_name=run_name)
  File "/workspace/msm-reproduction/src/scimt/train/axolotl.py", line 1378, in run_stage
    await bellhop.run(spec, pod_cfg)
  File "/workspace/msm-reproduction/.venv/lib/python3.12/site-packages/bellhop/run.py", line 113, in run
    async with open_box(backend, keep=keep_pod, api_key=api_key) as p:
               ^^^^^^^^^^^^^^^^^^^^^^^^^^^^^^^^^^^^^^^^^^^^^^^^^
  File "/usr/lib/python3.12/contextlib.py", line 210, in __aenter__
    return await anext(self.gen)
           ^^^^^^^^^^^^^^^^^^^^^
  File "/workspace/msm-reproduction/.venv/lib/python3.12/site-packages/bellhop/backend.py", line 77, in open_box
    async with pod(backend, keep=keep, api_key=api_key) as p:
               ^^^^^^^^^^^^^^^^^^^^^^^^^^^^^^^^^^^^^^^^
  File "/usr/lib/python3.12/contextlib.py", line 210, in __aenter__
    return await anext(self.gen)
           ^^^^^^^^^^^^^^^^^^^^^
  File "/workspace/msm-reproduction/.venv/lib/python3.12/site-packages/bellhop/pod.py", line 467, in pod
    created = await _gql_create(config, api_key)
              ^^^^^^^^^^^^^^^^^^^^^^^^^^^^^^^^^^
  File "/workspace/msm-reproduction/.venv/lib/python3.12/site-packages/bellhop/pod.py", line 450, in _gql_create
    raise ProvisionError(
bellhop.errors.ProvisionError: graphql create failed on every cloud/GPU attempt:
  NVIDIA H100 80GB HBM3 on COMMUNITY: graphql error: There are no longer any instances available with the requested specifications. Please refresh and try again.
  NVIDIA H100 PCIe on COMMUNITY: graphql error: There are no longer any instances available with the requested specifications. Please refresh and try again.
  NVIDIA H100 NVL on COMMUNITY: graphql error: Renting this pod would put you over your current spending limit ($80.00/hr). Please contact support for assistance
  NVIDIA H100 80GB HBM3 on SECURE: graphql error: Renting this pod would put you over your current spending limit ($80.00/hr). Please contact support for assistance
  NVIDIA H100 PCIe on SECURE: graphql error: There are no longer any instances available with the requested specifications. Please refresh and try again.
  NVIDIA H100 NVL on SECURE: graphql error: Renting this pod would put you over your current spending limit ($80.00/hr). Please contact support for assistance

The above exception was the direct cause of the following exception:

Traceback (most recent call last):
  File "/workspace/msm-reproduction/experiments/msm_ablation_sweep/runner.py", line 1164, in _run_chain
    raise RuntimeError(
RuntimeError: chain SV_LL/aft_only: 1/1 seed chains failed (siblings ran to completion): s0: ProvisionError: graphql create failed on every cloud/GPU attempt:
  NVIDIA H100 80GB HBM3 on COMMUNITY: graphql error: There are no longer any instances available with the requested specifications. Please refresh and try again.
  NVIDIA H100 PCIe on COMMUNITY: graphql error: There are no longer any instances availa

The above exception was the direct cause of the following exception:

Traceback (most recent call last):
  File "/workspace/msm-reproduction/experiments/msm_ablation_sweep/runner.py", line 1321, in main
    await run_cell(name)
  File "/workspace/msm-reproduction/experiments/msm_ablation_sweep/runner.py", line 1209, in run_cell
    raise RuntimeError(
RuntimeError: cell SV_LL: 3/3 chains failed (surviving chains ran to completion; their 0 eval jobs are recorded in runs/eval_jobs_SV_LL.json; rerun resumes idempotently): aft_only: RuntimeError: chain SV_LL/aft_only: 1/1 seed chains failed (siblings ran to completion): s0: ProvisionError: graphql create failed on every cloud/GPU attempt:
  NVIDIA H100 80GB HBM3 on COMMUNITY: graphql error: There are no longer any instances available with the requested specifications. Please refresh and try  | msm_america: RuntimeError: chain SV_LL/msm_america: 1/1 seed chains failed (siblings ran to completion): s0: ProvisionError: graphql create failed on every cloud/GPU attempt:
  NVIDIA H100 80GB HBM3 on COMMUNITY: graphql error: There are no longer any instances available with the requested specifications. Please refresh and t | msm_affordability: RuntimeError: chain SV_LL/msm_affordability: 1/1 seed chains failed (siblings ran to completion): s0: ProvisionError: graphql create failed on every cloud/GPU attempt:
  NVIDIA H100 80GB HBM3 on COMMUNITY: graphql error: There are no longer any instances available with the requested specifications. Please refresh

The above exception was the direct cause of the following exception:

Traceback (most recent call last):
  File "/workspace/msm-reproduction/experiments/msm_ablation_sweep/runner.py", line 1347, in <module>
    asyncio.run(main())
  File "/usr/lib/python3.12/asyncio/runners.py", line 195, in run
    return runner.run(main)
           ^^^^^^^^^^^^^^^^
  File "/usr/lib/python3.12/asyncio/runners.py", line 118, in run
    return self._loop.run_until_complete(task)
           ^^^^^^^^^^^^^^^^^^^^^^^^^^^^^^^^^^^
  File "/usr/lib/python3.12/asyncio/base_events.py", line 691, in run_until_complete
    return future.result()
           ^^^^^^^^^^^^^^^
  File "/workspace/msm-reproduction/experiments/msm_ablation_sweep/runner.py", line 1330, in main
    raise RuntimeError(
RuntimeError: shard finished with 1/1 cells failed (rerun resumes idempotently): SV_LL: RuntimeError: cell SV_LL: 3/3 chains failed (surviving chains ran to completion; their 0 eval jobs are recorded in runs/eval_jobs_SV_LL.json; rerun resumes idempotently): aft_only: RuntimeError: chain SV_LL/aft_only: 1/1 seed chains failed (siblings ran to completion): s0: ProvisionError: graphql create failed on
[g1 wrapper] attempt 4 exit 1
[runner] shard: ['SV_LL'] (max pods 6, skip_eval=False)
[runner] skip msm-sweep-midtrain-B-america: checkpoint manifest exists
[runner] skip eval B/msm_only_america/s0: rows present
[runner] skip msm-sweep-midtrain-B-affordability: checkpoint manifest exists
[runner] skip eval B/msm_only_affordability/s0: rows present
/workspace/msm-reproduction/src/scimt/train/__init__.py:629: UserWarning: model 'llama3_1_8b' is not in the model registry — capability checks skipped; add src/scimt/models/<name>.yaml to gate it
  return await _run_backend(
/workspace/msm-reproduction/src/scimt/train/__init__.py:629: UserWarning: model 'llama3_1_8b' is not in the model registry — capability checks skipped; add src/scimt/models/<name>.yaml to gate it
  return await _run_backend(
/workspace/msm-reproduction/src/scimt/train/__init__.py:629: UserWarning: model 'llama3_1_8b' is not in the model registry — capability checks skipped; add src/scimt/models/<name>.yaml to gate it
  return await _run_backend(
[runner] skip eval SV_LL/baseline/s0: rows present
[runner] cell SV_LL FAILED — continuing with the rest of the shard: RuntimeError: cell SV_LL: 3/3 chains failed (surviving chains ran to completion; their 0 eval jobs are recorded in runs/eval_jobs_SV_LL.json; rerun resumes idempotently): aft_only: RuntimeError: chain SV_LL/aft_only: 1/1 seed chains failed (siblings ran to completion): s0: ProvisionError: graphql create failed on
Traceback (most recent call last):
  File "/workspace/msm-reproduction/experiments/msm_ablation_sweep/runner.py", line 1100, in _run_sft_chain
    ckpt = await run_stage(
           ^^^^^^^^^^^^^^^^
  File "/workspace/msm-reproduction/experiments/msm_ablation_sweep/runner.py", line 638, in run_stage
    return await asyncio.wait_for(
           ^^^^^^^^^^^^^^^^^^^^^^^
  File "/usr/lib/python3.12/asyncio/tasks.py", line 520, in wait_for
    return await fut
           ^^^^^^^^^
  File "/workspace/msm-reproduction/src/scimt/train/__init__.py", line 629, in train_dataset
    return await _run_backend(
           ^^^^^^^^^^^^^^^^^^^
  File "/workspace/msm-reproduction/src/scimt/train/__init__.py", line 495, in _run_backend
    raw = await backend.train(dataset_path, config, out_dir, run_name)
          ^^^^^^^^^^^^^^^^^^^^^^^^^^^^^^^^^^^^^^^^^^^^^^^^^^^^^^^^^^^^
  File "/workspace/msm-reproduction/src/scimt/train/axolotl.py", line 1472, in train
    await executor.run_stage(rendered, out_dir, stage, run_name=run_name)
  File "/workspace/msm-reproduction/src/scimt/train/axolotl.py", line 1378, in run_stage
    await bellhop.run(spec, pod_cfg)
  File "/workspace/msm-reproduction/.venv/lib/python3.12/site-packages/bellhop/run.py", line 113, in run
    async with open_box(backend, keep=keep_pod, api_key=api_key) as p:
               ^^^^^^^^^^^^^^^^^^^^^^^^^^^^^^^^^^^^^^^^^^^^^^^^^
  File "/usr/lib/python3.12/contextlib.py", line 210, in __aenter__
    return await anext(self.gen)
           ^^^^^^^^^^^^^^^^^^^^^
  File "/workspace/msm-reproduction/.venv/lib/python3.12/site-packages/bellhop/backend.py", line 77, in open_box
    async with pod(backend, keep=keep, api_key=api_key) as p:
               ^^^^^^^^^^^^^^^^^^^^^^^^^^^^^^^^^^^^^^^^
  File "/usr/lib/python3.12/contextlib.py", line 210, in __aenter__
    return await anext(self.gen)
           ^^^^^^^^^^^^^^^^^^^^^
  File "/workspace/msm-reproduction/.venv/lib/python3.12/site-packages/bellhop/pod.py", line 467, in pod
    created = await _gql_create(config, api_key)
              ^^^^^^^^^^^^^^^^^^^^^^^^^^^^^^^^^^
  File "/workspace/msm-reproduction/.venv/lib/python3.12/site-packages/bellhop/pod.py", line 450, in _gql_create
    raise ProvisionError(
bellhop.errors.ProvisionError: graphql create failed on every cloud/GPU attempt:
  NVIDIA H100 80GB HBM3 on COMMUNITY: graphql error: There are no longer any instances available with the requested specifications. Please refresh and try again.
  NVIDIA H100 PCIe on COMMUNITY: graphql error: There are no longer any instances available with the requested specifications. Please refresh and try again.
  NVIDIA H100 NVL on COMMUNITY: graphql error: Renting this pod would put you over your current spending limit ($80.00/hr). Please contact support for assistance
  NVIDIA H100 80GB HBM3 on SECURE: graphql error: Renting this pod would put you over your current spending limit ($80.00/hr). Please contact support for assistance
  NVIDIA H100 PCIe on SECURE: graphql error: There are no longer any instances available with the requested specifications. Please refresh and try again.
  NVIDIA H100 NVL on SECURE: graphql error: Renting this pod would put you over your current spending limit ($80.00/hr). Please contact support for assistance

The above exception was the direct cause of the following exception:

Traceback (most recent call last):
  File "/workspace/msm-reproduction/experiments/msm_ablation_sweep/runner.py", line 1164, in _run_chain
    raise RuntimeError(
RuntimeError: chain SV_LL/aft_only: 1/1 seed chains failed (siblings ran to completion): s0: ProvisionError: graphql create failed on every cloud/GPU attempt:
  NVIDIA H100 80GB HBM3 on COMMUNITY: graphql error: There are no longer any instances available with the requested specifications. Please refresh and try again.
  NVIDIA H100 PCIe on COMMUNITY: graphql error: There are no longer any instances availa

The above exception was the direct cause of the following exception:

Traceback (most recent call last):
  File "/workspace/msm-reproduction/experiments/msm_ablation_sweep/runner.py", line 1321, in main
    await run_cell(name)
  File "/workspace/msm-reproduction/experiments/msm_ablation_sweep/runner.py", line 1209, in run_cell
    raise RuntimeError(
RuntimeError: cell SV_LL: 3/3 chains failed (surviving chains ran to completion; their 0 eval jobs are recorded in runs/eval_jobs_SV_LL.json; rerun resumes idempotently): aft_only: RuntimeError: chain SV_LL/aft_only: 1/1 seed chains failed (siblings ran to completion): s0: ProvisionError: graphql create failed on every cloud/GPU attempt:
  NVIDIA H100 80GB HBM3 on COMMUNITY: graphql error: There are no longer any instances available with the requested specifications. Please refresh and try  | msm_america: RuntimeError: chain SV_LL/msm_america: 1/1 seed chains failed (siblings ran to completion): s0: ProvisionError: graphql create failed on every cloud/GPU attempt:
  NVIDIA H100 80GB HBM3 on COMMUNITY: graphql error: There are no longer any instances available with the requested specifications. Please refresh and t | msm_affordability: RuntimeError: chain SV_LL/msm_affordability: 1/1 seed chains failed (siblings ran to completion): s0: ProvisionError: graphql create failed on every cloud/GPU attempt:
  NVIDIA H100 80GB HBM3 on COMMUNITY: graphql error: There are no longer any instances available with the requested specifications. Please refresh

The above exception was the direct cause of the following exception:

Traceback (most recent call last):
  File "/workspace/msm-reproduction/experiments/msm_ablation_sweep/runner.py", line 1347, in <module>
    asyncio.run(main())
  File "/usr/lib/python3.12/asyncio/runners.py", line 195, in run
    return runner.run(main)
           ^^^^^^^^^^^^^^^^
  File "/usr/lib/python3.12/asyncio/runners.py", line 118, in run
    return self._loop.run_until_complete(task)
           ^^^^^^^^^^^^^^^^^^^^^^^^^^^^^^^^^^^
  File "/usr/lib/python3.12/asyncio/base_events.py", line 691, in run_until_complete
    return future.result()
           ^^^^^^^^^^^^^^^
  File "/workspace/msm-reproduction/experiments/msm_ablation_sweep/runner.py", line 1330, in main
    raise RuntimeError(
RuntimeError: shard finished with 1/1 cells failed (rerun resumes idempotently): SV_LL: RuntimeError: cell SV_LL: 3/3 chains failed (surviving chains ran to completion; their 0 eval jobs are recorded in runs/eval_jobs_SV_LL.json; rerun resumes idempotently): aft_only: RuntimeError: chain SV_LL/aft_only: 1/1 seed chains failed (siblings ran to completion): s0: ProvisionError: graphql create failed on
[g1 wrapper] attempt 5 exit 1
[runner] shard: ['SV_LL'] (max pods 6, skip_eval=False)
[runner] skip msm-sweep-midtrain-B-america: checkpoint manifest exists
[runner] skip eval B/msm_only_america/s0: rows present
[runner] skip msm-sweep-midtrain-B-affordability: checkpoint manifest exists
[runner] skip eval B/msm_only_affordability/s0: rows present
/workspace/msm-reproduction/src/scimt/train/__init__.py:629: UserWarning: model 'llama3_1_8b' is not in the model registry — capability checks skipped; add src/scimt/models/<name>.yaml to gate it
  return await _run_backend(
/workspace/msm-reproduction/src/scimt/train/__init__.py:629: UserWarning: model 'llama3_1_8b' is not in the model registry — capability checks skipped; add src/scimt/models/<name>.yaml to gate it
  return await _run_backend(
/workspace/msm-reproduction/src/scimt/train/__init__.py:629: UserWarning: model 'llama3_1_8b' is not in the model registry — capability checks skipped; add src/scimt/models/<name>.yaml to gate it
  return await _run_backend(
[runner] skip eval SV_LL/baseline/s0: rows present
[runner] cell SV_LL FAILED — continuing with the rest of the shard: RuntimeError: cell SV_LL: 3/3 chains failed (surviving chains ran to completion; their 0 eval jobs are recorded in runs/eval_jobs_SV_LL.json; rerun resumes idempotently): aft_only: RuntimeError: chain SV_LL/aft_only: 1/1 seed chains failed (siblings ran to completion): s0: ProvisionError: graphql create failed on
Traceback (most recent call last):
  File "/workspace/msm-reproduction/experiments/msm_ablation_sweep/runner.py", line 1100, in _run_sft_chain
    ckpt = await run_stage(
           ^^^^^^^^^^^^^^^^
  File "/workspace/msm-reproduction/experiments/msm_ablation_sweep/runner.py", line 638, in run_stage
    return await asyncio.wait_for(
           ^^^^^^^^^^^^^^^^^^^^^^^
  File "/usr/lib/python3.12/asyncio/tasks.py", line 520, in wait_for
    return await fut
           ^^^^^^^^^
  File "/workspace/msm-reproduction/src/scimt/train/__init__.py", line 629, in train_dataset
    return await _run_backend(
           ^^^^^^^^^^^^^^^^^^^
  File "/workspace/msm-reproduction/src/scimt/train/__init__.py", line 495, in _run_backend
    raw = await backend.train(dataset_path, config, out_dir, run_name)
          ^^^^^^^^^^^^^^^^^^^^^^^^^^^^^^^^^^^^^^^^^^^^^^^^^^^^^^^^^^^^
  File "/workspace/msm-reproduction/src/scimt/train/axolotl.py", line 1472, in train
    await executor.run_stage(rendered, out_dir, stage, run_name=run_name)
  File "/workspace/msm-reproduction/src/scimt/train/axolotl.py", line 1378, in run_stage
    await bellhop.run(spec, pod_cfg)
  File "/workspace/msm-reproduction/.venv/lib/python3.12/site-packages/bellhop/run.py", line 113, in run
    async with open_box(backend, keep=keep_pod, api_key=api_key) as p:
               ^^^^^^^^^^^^^^^^^^^^^^^^^^^^^^^^^^^^^^^^^^^^^^^^^
  File "/usr/lib/python3.12/contextlib.py", line 210, in __aenter__
    return await anext(self.gen)
           ^^^^^^^^^^^^^^^^^^^^^
  File "/workspace/msm-reproduction/.venv/lib/python3.12/site-packages/bellhop/backend.py", line 77, in open_box
    async with pod(backend, keep=keep, api_key=api_key) as p:
               ^^^^^^^^^^^^^^^^^^^^^^^^^^^^^^^^^^^^^^^^
  File "/usr/lib/python3.12/contextlib.py", line 210, in __aenter__
    return await anext(self.gen)
           ^^^^^^^^^^^^^^^^^^^^^
  File "/workspace/msm-reproduction/.venv/lib/python3.12/site-packages/bellhop/pod.py", line 467, in pod
    created = await _gql_create(config, api_key)
              ^^^^^^^^^^^^^^^^^^^^^^^^^^^^^^^^^^
  File "/workspace/msm-reproduction/.venv/lib/python3.12/site-packages/bellhop/pod.py", line 450, in _gql_create
    raise ProvisionError(
bellhop.errors.ProvisionError: graphql create failed on every cloud/GPU attempt:
  NVIDIA H100 80GB HBM3 on COMMUNITY: graphql error: There are no longer any instances available with the requested specifications. Please refresh and try again.
  NVIDIA H100 PCIe on COMMUNITY: graphql error: There are no longer any instances available with the requested specifications. Please refresh and try again.
  NVIDIA H100 NVL on COMMUNITY: graphql error: Renting this pod would put you over your current spending limit ($80.00/hr). Please contact support for assistance
  NVIDIA H100 80GB HBM3 on SECURE: graphql error: Renting this pod would put you over your current spending limit ($80.00/hr). Please contact support for assistance
  NVIDIA H100 PCIe on SECURE: graphql error: Renting this pod would put you over your current spending limit ($80.00/hr). Please contact support for assistance
  NVIDIA H100 NVL on SECURE: graphql error: Renting this pod would put you over your current spending limit ($80.00/hr). Please contact support for assistance

The above exception was the direct cause of the following exception:

Traceback (most recent call last):
  File "/workspace/msm-reproduction/experiments/msm_ablation_sweep/runner.py", line 1164, in _run_chain
    raise RuntimeError(
RuntimeError: chain SV_LL/aft_only: 1/1 seed chains failed (siblings ran to completion): s0: ProvisionError: graphql create failed on every cloud/GPU attempt:
  NVIDIA H100 80GB HBM3 on COMMUNITY: graphql error: There are no longer any instances available with the requested specifications. Please refresh and try again.
  NVIDIA H100 PCIe on COMMUNITY: graphql error: There are no longer any instances availa

The above exception was the direct cause of the following exception:

Traceback (most recent call last):
  File "/workspace/msm-reproduction/experiments/msm_ablation_sweep/runner.py", line 1321, in main
    await run_cell(name)
  File "/workspace/msm-reproduction/experiments/msm_ablation_sweep/runner.py", line 1209, in run_cell
    raise RuntimeError(
RuntimeError: cell SV_LL: 3/3 chains failed (surviving chains ran to completion; their 0 eval jobs are recorded in runs/eval_jobs_SV_LL.json; rerun resumes idempotently): aft_only: RuntimeError: chain SV_LL/aft_only: 1/1 seed chains failed (siblings ran to completion): s0: ProvisionError: graphql create failed on every cloud/GPU attempt:
  NVIDIA H100 80GB HBM3 on COMMUNITY: graphql error: There are no longer any instances available with the requested specifications. Please refresh and try  | msm_america: RuntimeError: chain SV_LL/msm_america: 1/1 seed chains failed (siblings ran to completion): s0: ProvisionError: graphql create failed on every cloud/GPU attempt:
  NVIDIA H100 80GB HBM3 on COMMUNITY: graphql error: There are no longer any instances available with the requested specifications. Please refresh and t | msm_affordability: RuntimeError: chain SV_LL/msm_affordability: 1/1 seed chains failed (siblings ran to completion): s0: ProvisionError: graphql create failed on every cloud/GPU attempt:
  NVIDIA H100 80GB HBM3 on COMMUNITY: graphql error: There are no longer any instances available with the requested specifications. Please refresh

The above exception was the direct cause of the following exception:

Traceback (most recent call last):
  File "/workspace/msm-reproduction/experiments/msm_ablation_sweep/runner.py", line 1347, in <module>
    asyncio.run(main())
  File "/usr/lib/python3.12/asyncio/runners.py", line 195, in run
    return runner.run(main)
           ^^^^^^^^^^^^^^^^
  File "/usr/lib/python3.12/asyncio/runners.py", line 118, in run
    return self._loop.run_until_complete(task)
           ^^^^^^^^^^^^^^^^^^^^^^^^^^^^^^^^^^^
  File "/usr/lib/python3.12/asyncio/base_events.py", line 691, in run_until_complete
    return future.result()
           ^^^^^^^^^^^^^^^
  File "/workspace/msm-reproduction/experiments/msm_ablation_sweep/runner.py", line 1330, in main
    raise RuntimeError(
RuntimeError: shard finished with 1/1 cells failed (rerun resumes idempotently): SV_LL: RuntimeError: cell SV_LL: 3/3 chains failed (surviving chains ran to completion; their 0 eval jobs are recorded in runs/eval_jobs_SV_LL.json; rerun resumes idempotently): aft_only: RuntimeError: chain SV_LL/aft_only: 1/1 seed chains failed (siblings ran to completion): s0: ProvisionError: graphql create failed on
[g1 wrapper] attempt 6 exit 1
[runner] shard: ['SV_LL'] (max pods 6, skip_eval=False)
[runner] skip msm-sweep-midtrain-B-america: checkpoint manifest exists
[runner] skip eval B/msm_only_america/s0: rows present
[runner] skip msm-sweep-midtrain-B-affordability: checkpoint manifest exists
[runner] skip eval B/msm_only_affordability/s0: rows present
/workspace/msm-reproduction/src/scimt/train/__init__.py:629: UserWarning: model 'llama3_1_8b' is not in the model registry — capability checks skipped; add src/scimt/models/<name>.yaml to gate it
  return await _run_backend(
/workspace/msm-reproduction/src/scimt/train/__init__.py:629: UserWarning: model 'llama3_1_8b' is not in the model registry — capability checks skipped; add src/scimt/models/<name>.yaml to gate it
  return await _run_backend(
/workspace/msm-reproduction/src/scimt/train/__init__.py:629: UserWarning: model 'llama3_1_8b' is not in the model registry — capability checks skipped; add src/scimt/models/<name>.yaml to gate it
  return await _run_backend(
[runner] skip eval SV_LL/baseline/s0: rows present
[runner] cell SV_LL FAILED — continuing with the rest of the shard: RuntimeError: cell SV_LL: 3/3 chains failed (surviving chains ran to completion; their 0 eval jobs are recorded in runs/eval_jobs_SV_LL.json; rerun resumes idempotently): aft_only: RuntimeError: chain SV_LL/aft_only: 1/1 seed chains failed (siblings ran to completion): s0: ProvisionError: graphql create failed on
Traceback (most recent call last):
  File "/workspace/msm-reproduction/experiments/msm_ablation_sweep/runner.py", line 1100, in _run_sft_chain
    ckpt = await run_stage(
           ^^^^^^^^^^^^^^^^
  File "/workspace/msm-reproduction/experiments/msm_ablation_sweep/runner.py", line 638, in run_stage
    return await asyncio.wait_for(
           ^^^^^^^^^^^^^^^^^^^^^^^
  File "/usr/lib/python3.12/asyncio/tasks.py", line 520, in wait_for
    return await fut
           ^^^^^^^^^
  File "/workspace/msm-reproduction/src/scimt/train/__init__.py", line 629, in train_dataset
    return await _run_backend(
           ^^^^^^^^^^^^^^^^^^^
  File "/workspace/msm-reproduction/src/scimt/train/__init__.py", line 495, in _run_backend
    raw = await backend.train(dataset_path, config, out_dir, run_name)
          ^^^^^^^^^^^^^^^^^^^^^^^^^^^^^^^^^^^^^^^^^^^^^^^^^^^^^^^^^^^^
  File "/workspace/msm-reproduction/src/scimt/train/axolotl.py", line 1472, in train
    await executor.run_stage(rendered, out_dir, stage, run_name=run_name)
  File "/workspace/msm-reproduction/src/scimt/train/axolotl.py", line 1378, in run_stage
    await bellhop.run(spec, pod_cfg)
  File "/workspace/msm-reproduction/.venv/lib/python3.12/site-packages/bellhop/run.py", line 113, in run
    async with open_box(backend, keep=keep_pod, api_key=api_key) as p:
               ^^^^^^^^^^^^^^^^^^^^^^^^^^^^^^^^^^^^^^^^^^^^^^^^^
  File "/usr/lib/python3.12/contextlib.py", line 210, in __aenter__
    return await anext(self.gen)
           ^^^^^^^^^^^^^^^^^^^^^
  File "/workspace/msm-reproduction/.venv/lib/python3.12/site-packages/bellhop/backend.py", line 77, in open_box
    async with pod(backend, keep=keep, api_key=api_key) as p:
               ^^^^^^^^^^^^^^^^^^^^^^^^^^^^^^^^^^^^^^^^
  File "/usr/lib/python3.12/contextlib.py", line 210, in __aenter__
    return await anext(self.gen)
           ^^^^^^^^^^^^^^^^^^^^^
  File "/workspace/msm-reproduction/.venv/lib/python3.12/site-packages/bellhop/pod.py", line 467, in pod
    created = await _gql_create(config, api_key)
              ^^^^^^^^^^^^^^^^^^^^^^^^^^^^^^^^^^
  File "/workspace/msm-reproduction/.venv/lib/python3.12/site-packages/bellhop/pod.py", line 450, in _gql_create
    raise ProvisionError(
bellhop.errors.ProvisionError: graphql create failed on every cloud/GPU attempt:
  NVIDIA H100 80GB HBM3 on COMMUNITY: graphql error: There are no longer any instances available with the requested specifications. Please refresh and try again.
  NVIDIA H100 PCIe on COMMUNITY: graphql error: There are no longer any instances available with the requested specifications. Please refresh and try again.
  NVIDIA H100 NVL on COMMUNITY: graphql error: Renting this pod would put you over your current spending limit ($80.00/hr). Please contact support for assistance
  NVIDIA H100 80GB HBM3 on SECURE: graphql error: Renting this pod would put you over your current spending limit ($80.00/hr). Please contact support for assistance
  NVIDIA H100 PCIe on SECURE: graphql error: There are no longer any instances available with the requested specifications. Please refresh and try again.
  NVIDIA H100 NVL on SECURE: graphql error: Renting this pod would put you over your current spending limit ($80.00/hr). Please contact support for assistance

The above exception was the direct cause of the following exception:

Traceback (most recent call last):
  File "/workspace/msm-reproduction/experiments/msm_ablation_sweep/runner.py", line 1164, in _run_chain
    raise RuntimeError(
RuntimeError: chain SV_LL/aft_only: 1/1 seed chains failed (siblings ran to completion): s0: ProvisionError: graphql create failed on every cloud/GPU attempt:
  NVIDIA H100 80GB HBM3 on COMMUNITY: graphql error: There are no longer any instances available with the requested specifications. Please refresh and try again.
  NVIDIA H100 PCIe on COMMUNITY: graphql error: There are no longer any instances availa

The above exception was the direct cause of the following exception:

Traceback (most recent call last):
  File "/workspace/msm-reproduction/experiments/msm_ablation_sweep/runner.py", line 1321, in main
    await run_cell(name)
  File "/workspace/msm-reproduction/experiments/msm_ablation_sweep/runner.py", line 1209, in run_cell
    raise RuntimeError(
RuntimeError: cell SV_LL: 3/3 chains failed (surviving chains ran to completion; their 0 eval jobs are recorded in runs/eval_jobs_SV_LL.json; rerun resumes idempotently): aft_only: RuntimeError: chain SV_LL/aft_only: 1/1 seed chains failed (siblings ran to completion): s0: ProvisionError: graphql create failed on every cloud/GPU attempt:
  NVIDIA H100 80GB HBM3 on COMMUNITY: graphql error: There are no longer any instances available with the requested specifications. Please refresh and try  | msm_america: RuntimeError: chain SV_LL/msm_america: 1/1 seed chains failed (siblings ran to completion): s0: ProvisionError: graphql create failed on every cloud/GPU attempt:
  NVIDIA H100 80GB HBM3 on COMMUNITY: graphql error: There are no longer any instances available with the requested specifications. Please refresh and t | msm_affordability: RuntimeError: chain SV_LL/msm_affordability: 1/1 seed chains failed (siblings ran to completion): s0: ProvisionError: graphql create failed on every cloud/GPU attempt:
  NVIDIA H100 80GB HBM3 on COMMUNITY: graphql error: There are no longer any instances available with the requested specifications. Please refresh

The above exception was the direct cause of the following exception:

Traceback (most recent call last):
  File "/workspace/msm-reproduction/experiments/msm_ablation_sweep/runner.py", line 1347, in <module>
    asyncio.run(main())
  File "/usr/lib/python3.12/asyncio/runners.py", line 195, in run
    return runner.run(main)
           ^^^^^^^^^^^^^^^^
  File "/usr/lib/python3.12/asyncio/runners.py", line 118, in run
    return self._loop.run_until_complete(task)
           ^^^^^^^^^^^^^^^^^^^^^^^^^^^^^^^^^^^
  File "/usr/lib/python3.12/asyncio/base_events.py", line 691, in run_until_complete
    return future.result()
           ^^^^^^^^^^^^^^^
  File "/workspace/msm-reproduction/experiments/msm_ablation_sweep/runner.py", line 1330, in main
    raise RuntimeError(
RuntimeError: shard finished with 1/1 cells failed (rerun resumes idempotently): SV_LL: RuntimeError: cell SV_LL: 3/3 chains failed (surviving chains ran to completion; their 0 eval jobs are recorded in runs/eval_jobs_SV_LL.json; rerun resumes idempotently): aft_only: RuntimeError: chain SV_LL/aft_only: 1/1 seed chains failed (siblings ran to completion): s0: ProvisionError: graphql create failed on
[g1 wrapper] attempt 7 exit 1
[runner] shard: ['SV_LL'] (max pods 6, skip_eval=False)
[runner] skip msm-sweep-midtrain-B-america: checkpoint manifest exists
[runner] skip eval B/msm_only_america/s0: rows present
[runner] skip msm-sweep-midtrain-B-affordability: checkpoint manifest exists
[runner] skip eval B/msm_only_affordability/s0: rows present
/workspace/msm-reproduction/src/scimt/train/__init__.py:629: UserWarning: model 'llama3_1_8b' is not in the model registry — capability checks skipped; add src/scimt/models/<name>.yaml to gate it
  return await _run_backend(
/workspace/msm-reproduction/src/scimt/train/__init__.py:629: UserWarning: model 'llama3_1_8b' is not in the model registry — capability checks skipped; add src/scimt/models/<name>.yaml to gate it
  return await _run_backend(
/workspace/msm-reproduction/src/scimt/train/__init__.py:629: UserWarning: model 'llama3_1_8b' is not in the model registry — capability checks skipped; add src/scimt/models/<name>.yaml to gate it
  return await _run_backend(
[runner] skip eval SV_LL/baseline/s0: rows present
[runner] cell SV_LL FAILED — continuing with the rest of the shard: RuntimeError: cell SV_LL: 3/3 chains failed (surviving chains ran to completion; their 0 eval jobs are recorded in runs/eval_jobs_SV_LL.json; rerun resumes idempotently): aft_only: RuntimeError: chain SV_LL/aft_only: 1/1 seed chains failed (siblings ran to completion): s0: ProvisionError: graphql create failed on
Traceback (most recent call last):
  File "/workspace/msm-reproduction/experiments/msm_ablation_sweep/runner.py", line 1100, in _run_sft_chain
    ckpt = await run_stage(
           ^^^^^^^^^^^^^^^^
  File "/workspace/msm-reproduction/experiments/msm_ablation_sweep/runner.py", line 638, in run_stage
    return await asyncio.wait_for(
           ^^^^^^^^^^^^^^^^^^^^^^^
  File "/usr/lib/python3.12/asyncio/tasks.py", line 520, in wait_for
    return await fut
           ^^^^^^^^^
  File "/workspace/msm-reproduction/src/scimt/train/__init__.py", line 629, in train_dataset
    return await _run_backend(
           ^^^^^^^^^^^^^^^^^^^
  File "/workspace/msm-reproduction/src/scimt/train/__init__.py", line 495, in _run_backend
    raw = await backend.train(dataset_path, config, out_dir, run_name)
          ^^^^^^^^^^^^^^^^^^^^^^^^^^^^^^^^^^^^^^^^^^^^^^^^^^^^^^^^^^^^
  File "/workspace/msm-reproduction/src/scimt/train/axolotl.py", line 1472, in train
    await executor.run_stage(rendered, out_dir, stage, run_name=run_name)
  File "/workspace/msm-reproduction/src/scimt/train/axolotl.py", line 1378, in run_stage
    await bellhop.run(spec, pod_cfg)
  File "/workspace/msm-reproduction/.venv/lib/python3.12/site-packages/bellhop/run.py", line 113, in run
    async with open_box(backend, keep=keep_pod, api_key=api_key) as p:
               ^^^^^^^^^^^^^^^^^^^^^^^^^^^^^^^^^^^^^^^^^^^^^^^^^
  File "/usr/lib/python3.12/contextlib.py", line 210, in __aenter__
    return await anext(self.gen)
           ^^^^^^^^^^^^^^^^^^^^^
  File "/workspace/msm-reproduction/.venv/lib/python3.12/site-packages/bellhop/backend.py", line 77, in open_box
    async with pod(backend, keep=keep, api_key=api_key) as p:
               ^^^^^^^^^^^^^^^^^^^^^^^^^^^^^^^^^^^^^^^^
  File "/usr/lib/python3.12/contextlib.py", line 210, in __aenter__
    return await anext(self.gen)
           ^^^^^^^^^^^^^^^^^^^^^
  File "/workspace/msm-reproduction/.venv/lib/python3.12/site-packages/bellhop/pod.py", line 467, in pod
    created = await _gql_create(config, api_key)
              ^^^^^^^^^^^^^^^^^^^^^^^^^^^^^^^^^^
  File "/workspace/msm-reproduction/.venv/lib/python3.12/site-packages/bellhop/pod.py", line 450, in _gql_create
    raise ProvisionError(
bellhop.errors.ProvisionError: graphql create failed on every cloud/GPU attempt:
  NVIDIA H100 80GB HBM3 on COMMUNITY: graphql error: There are no longer any instances available with the requested specifications. Please refresh and try again.
  NVIDIA H100 PCIe on COMMUNITY: graphql error: There are no longer any instances available with the requested specifications. Please refresh and try again.
  NVIDIA H100 NVL on COMMUNITY: graphql error: There are no longer any instances available with the requested specifications. Please refresh and try again.
  NVIDIA H100 80GB HBM3 on SECURE: graphql error: Renting this pod would put you over your current spending limit ($80.00/hr). Please contact support for assistance
  NVIDIA H100 PCIe on SECURE: graphql error: Renting this pod would put you over your current spending limit ($80.00/hr). Please contact support for assistance
  NVIDIA H100 NVL on SECURE: graphql error: Renting this pod would put you over your current spending limit ($80.00/hr). Please contact support for assistance

The above exception was the direct cause of the following exception:

Traceback (most recent call last):
  File "/workspace/msm-reproduction/experiments/msm_ablation_sweep/runner.py", line 1164, in _run_chain
    raise RuntimeError(
RuntimeError: chain SV_LL/aft_only: 1/1 seed chains failed (siblings ran to completion): s0: ProvisionError: graphql create failed on every cloud/GPU attempt:
  NVIDIA H100 80GB HBM3 on COMMUNITY: graphql error: There are no longer any instances available with the requested specifications. Please refresh and try again.
  NVIDIA H100 PCIe on COMMUNITY: graphql error: There are no longer any instances availa

The above exception was the direct cause of the following exception:

Traceback (most recent call last):
  File "/workspace/msm-reproduction/experiments/msm_ablation_sweep/runner.py", line 1321, in main
    await run_cell(name)
  File "/workspace/msm-reproduction/experiments/msm_ablation_sweep/runner.py", line 1209, in run_cell
    raise RuntimeError(
RuntimeError: cell SV_LL: 3/3 chains failed (surviving chains ran to completion; their 0 eval jobs are recorded in runs/eval_jobs_SV_LL.json; rerun resumes idempotently): aft_only: RuntimeError: chain SV_LL/aft_only: 1/1 seed chains failed (siblings ran to completion): s0: ProvisionError: graphql create failed on every cloud/GPU attempt:
  NVIDIA H100 80GB HBM3 on COMMUNITY: graphql error: There are no longer any instances available with the requested specifications. Please refresh and try  | msm_america: RuntimeError: chain SV_LL/msm_america: 1/1 seed chains failed (siblings ran to completion): s0: ProvisionError: graphql create failed on every cloud/GPU attempt:
  NVIDIA H100 80GB HBM3 on COMMUNITY: graphql error: There are no longer any instances available with the requested specifications. Please refresh and t | msm_affordability: RuntimeError: chain SV_LL/msm_affordability: 1/1 seed chains failed (siblings ran to completion): s0: ProvisionError: graphql create failed on every cloud/GPU attempt:
  NVIDIA H100 80GB HBM3 on COMMUNITY: graphql error: There are no longer any instances available with the requested specifications. Please refresh

The above exception was the direct cause of the following exception:

Traceback (most recent call last):
  File "/workspace/msm-reproduction/experiments/msm_ablation_sweep/runner.py", line 1347, in <module>
    asyncio.run(main())
  File "/usr/lib/python3.12/asyncio/runners.py", line 195, in run
    return runner.run(main)
           ^^^^^^^^^^^^^^^^
  File "/usr/lib/python3.12/asyncio/runners.py", line 118, in run
    return self._loop.run_until_complete(task)
           ^^^^^^^^^^^^^^^^^^^^^^^^^^^^^^^^^^^
  File "/usr/lib/python3.12/asyncio/base_events.py", line 691, in run_until_complete
    return future.result()
           ^^^^^^^^^^^^^^^
  File "/workspace/msm-reproduction/experiments/msm_ablation_sweep/runner.py", line 1330, in main
    raise RuntimeError(
RuntimeError: shard finished with 1/1 cells failed (rerun resumes idempotently): SV_LL: RuntimeError: cell SV_LL: 3/3 chains failed (surviving chains ran to completion; their 0 eval jobs are recorded in runs/eval_jobs_SV_LL.json; rerun resumes idempotently): aft_only: RuntimeError: chain SV_LL/aft_only: 1/1 seed chains failed (siblings ran to completion): s0: ProvisionError: graphql create failed on
[g1 wrapper] attempt 8 exit 1
[runner] shard: ['SV_LL'] (max pods 6, skip_eval=False)
[runner] skip msm-sweep-midtrain-B-america: checkpoint manifest exists
[runner] skip eval B/msm_only_america/s0: rows present
[runner] skip msm-sweep-midtrain-B-affordability: checkpoint manifest exists
[runner] skip eval B/msm_only_affordability/s0: rows present
/workspace/msm-reproduction/src/scimt/train/__init__.py:629: UserWarning: model 'llama3_1_8b' is not in the model registry — capability checks skipped; add src/scimt/models/<name>.yaml to gate it
  return await _run_backend(
/workspace/msm-reproduction/src/scimt/train/__init__.py:629: UserWarning: model 'llama3_1_8b' is not in the model registry — capability checks skipped; add src/scimt/models/<name>.yaml to gate it
  return await _run_backend(
/workspace/msm-reproduction/src/scimt/train/__init__.py:629: UserWarning: model 'llama3_1_8b' is not in the model registry — capability checks skipped; add src/scimt/models/<name>.yaml to gate it
  return await _run_backend(
[runner] skip eval SV_LL/baseline/s0: rows present
[runner] cell SV_LL FAILED — continuing with the rest of the shard: RuntimeError: cell SV_LL: 3/3 chains failed (surviving chains ran to completion; their 0 eval jobs are recorded in runs/eval_jobs_SV_LL.json; rerun resumes idempotently): aft_only: RuntimeError: chain SV_LL/aft_only: 1/1 seed chains failed (siblings ran to completion): s0: ProvisionError: graphql create failed on
Traceback (most recent call last):
  File "/workspace/msm-reproduction/experiments/msm_ablation_sweep/runner.py", line 1100, in _run_sft_chain
    ckpt = await run_stage(
           ^^^^^^^^^^^^^^^^
  File "/workspace/msm-reproduction/experiments/msm_ablation_sweep/runner.py", line 638, in run_stage
    return await asyncio.wait_for(
           ^^^^^^^^^^^^^^^^^^^^^^^
  File "/usr/lib/python3.12/asyncio/tasks.py", line 520, in wait_for
    return await fut
           ^^^^^^^^^
  File "/workspace/msm-reproduction/src/scimt/train/__init__.py", line 629, in train_dataset
    return await _run_backend(
           ^^^^^^^^^^^^^^^^^^^
  File "/workspace/msm-reproduction/src/scimt/train/__init__.py", line 495, in _run_backend
    raw = await backend.train(dataset_path, config, out_dir, run_name)
          ^^^^^^^^^^^^^^^^^^^^^^^^^^^^^^^^^^^^^^^^^^^^^^^^^^^^^^^^^^^^
  File "/workspace/msm-reproduction/src/scimt/train/axolotl.py", line 1472, in train
    await executor.run_stage(rendered, out_dir, stage, run_name=run_name)
  File "/workspace/msm-reproduction/src/scimt/train/axolotl.py", line 1378, in run_stage
    await bellhop.run(spec, pod_cfg)
  File "/workspace/msm-reproduction/.venv/lib/python3.12/site-packages/bellhop/run.py", line 113, in run
    async with open_box(backend, keep=keep_pod, api_key=api_key) as p:
               ^^^^^^^^^^^^^^^^^^^^^^^^^^^^^^^^^^^^^^^^^^^^^^^^^
  File "/usr/lib/python3.12/contextlib.py", line 210, in __aenter__
    return await anext(self.gen)
           ^^^^^^^^^^^^^^^^^^^^^
  File "/workspace/msm-reproduction/.venv/lib/python3.12/site-packages/bellhop/backend.py", line 77, in open_box
    async with pod(backend, keep=keep, api_key=api_key) as p:
               ^^^^^^^^^^^^^^^^^^^^^^^^^^^^^^^^^^^^^^^^
  File "/usr/lib/python3.12/contextlib.py", line 210, in __aenter__
    return await anext(self.gen)
           ^^^^^^^^^^^^^^^^^^^^^
  File "/workspace/msm-reproduction/.venv/lib/python3.12/site-packages/bellhop/pod.py", line 467, in pod
    created = await _gql_create(config, api_key)
              ^^^^^^^^^^^^^^^^^^^^^^^^^^^^^^^^^^
  File "/workspace/msm-reproduction/.venv/lib/python3.12/site-packages/bellhop/pod.py", line 450, in _gql_create
    raise ProvisionError(
bellhop.errors.ProvisionError: graphql create failed on every cloud/GPU attempt:
  NVIDIA H100 80GB HBM3 on COMMUNITY: graphql error: There are no longer any instances available with the requested specifications. Please refresh and try again.
  NVIDIA H100 PCIe on COMMUNITY: graphql error: There are no longer any instances available with the requested specifications. Please refresh and try again.
  NVIDIA H100 NVL on COMMUNITY: graphql error: There are no longer any instances available with the requested specifications. Please refresh and try again.
  NVIDIA H100 80GB HBM3 on SECURE: graphql error: Renting this pod would put you over your current spending limit ($80.00/hr). Please contact support for assistance
  NVIDIA H100 PCIe on SECURE: graphql error: There are no longer any instances available with the requested specifications. Please refresh and try again.
  NVIDIA H100 NVL on SECURE: graphql error: Renting this pod would put you over your current spending limit ($80.00/hr). Please contact support for assistance

The above exception was the direct cause of the following exception:

Traceback (most recent call last):
  File "/workspace/msm-reproduction/experiments/msm_ablation_sweep/runner.py", line 1164, in _run_chain
    raise RuntimeError(
RuntimeError: chain SV_LL/aft_only: 1/1 seed chains failed (siblings ran to completion): s0: ProvisionError: graphql create failed on every cloud/GPU attempt:
  NVIDIA H100 80GB HBM3 on COMMUNITY: graphql error: There are no longer any instances available with the requested specifications. Please refresh and try again.
  NVIDIA H100 PCIe on COMMUNITY: graphql error: There are no longer any instances availa

The above exception was the direct cause of the following exception:

Traceback (most recent call last):
  File "/workspace/msm-reproduction/experiments/msm_ablation_sweep/runner.py", line 1321, in main
    await run_cell(name)
  File "/workspace/msm-reproduction/experiments/msm_ablation_sweep/runner.py", line 1209, in run_cell
    raise RuntimeError(
RuntimeError: cell SV_LL: 3/3 chains failed (surviving chains ran to completion; their 0 eval jobs are recorded in runs/eval_jobs_SV_LL.json; rerun resumes idempotently): aft_only: RuntimeError: chain SV_LL/aft_only: 1/1 seed chains failed (siblings ran to completion): s0: ProvisionError: graphql create failed on every cloud/GPU attempt:
  NVIDIA H100 80GB HBM3 on COMMUNITY: graphql error: There are no longer any instances available with the requested specifications. Please refresh and try  | msm_america: RuntimeError: chain SV_LL/msm_america: 1/1 seed chains failed (siblings ran to completion): s0: ProvisionError: graphql create failed on every cloud/GPU attempt:
  NVIDIA H100 80GB HBM3 on COMMUNITY: graphql error: There are no longer any instances available with the requested specifications. Please refresh and t | msm_affordability: RuntimeError: chain SV_LL/msm_affordability: 1/1 seed chains failed (siblings ran to completion): s0: ProvisionError: graphql create failed on every cloud/GPU attempt:
  NVIDIA H100 80GB HBM3 on COMMUNITY: graphql error: There are no longer any instances available with the requested specifications. Please refresh

The above exception was the direct cause of the following exception:

Traceback (most recent call last):
  File "/workspace/msm-reproduction/experiments/msm_ablation_sweep/runner.py", line 1347, in <module>
    asyncio.run(main())
  File "/usr/lib/python3.12/asyncio/runners.py", line 195, in run
    return runner.run(main)
           ^^^^^^^^^^^^^^^^
  File "/usr/lib/python3.12/asyncio/runners.py", line 118, in run
    return self._loop.run_until_complete(task)
           ^^^^^^^^^^^^^^^^^^^^^^^^^^^^^^^^^^^
  File "/usr/lib/python3.12/asyncio/base_events.py", line 691, in run_until_complete
    return future.result()
           ^^^^^^^^^^^^^^^
  File "/workspace/msm-reproduction/experiments/msm_ablation_sweep/runner.py", line 1330, in main
    raise RuntimeError(
RuntimeError: shard finished with 1/1 cells failed (rerun resumes idempotently): SV_LL: RuntimeError: cell SV_LL: 3/3 chains failed (surviving chains ran to completion; their 0 eval jobs are recorded in runs/eval_jobs_SV_LL.json; rerun resumes idempotently): aft_only: RuntimeError: chain SV_LL/aft_only: 1/1 seed chains failed (siblings ran to completion): s0: ProvisionError: graphql create failed on
[g1 wrapper] attempt 9 exit 1
[runner] shard: ['SV_LL'] (max pods 6, skip_eval=False)
[runner] skip msm-sweep-midtrain-B-america: checkpoint manifest exists
[runner] skip eval B/msm_only_america/s0: rows present
[runner] skip msm-sweep-midtrain-B-affordability: checkpoint manifest exists
[runner] skip eval B/msm_only_affordability/s0: rows present
/workspace/msm-reproduction/src/scimt/train/__init__.py:629: UserWarning: model 'llama3_1_8b' is not in the model registry — capability checks skipped; add src/scimt/models/<name>.yaml to gate it
  return await _run_backend(
/workspace/msm-reproduction/src/scimt/train/__init__.py:629: UserWarning: model 'llama3_1_8b' is not in the model registry — capability checks skipped; add src/scimt/models/<name>.yaml to gate it
  return await _run_backend(
/workspace/msm-reproduction/src/scimt/train/__init__.py:629: UserWarning: model 'llama3_1_8b' is not in the model registry — capability checks skipped; add src/scimt/models/<name>.yaml to gate it
  return await _run_backend(
[runner] skip eval SV_LL/baseline/s0: rows present
[runner] cell SV_LL FAILED — continuing with the rest of the shard: RuntimeError: cell SV_LL: 3/3 chains failed (surviving chains ran to completion; their 0 eval jobs are recorded in runs/eval_jobs_SV_LL.json; rerun resumes idempotently): aft_only: RuntimeError: chain SV_LL/aft_only: 1/1 seed chains failed (siblings ran to completion): s0: ProvisionError: graphql create failed on
Traceback (most recent call last):
  File "/workspace/msm-reproduction/experiments/msm_ablation_sweep/runner.py", line 1100, in _run_sft_chain
    ckpt = await run_stage(
           ^^^^^^^^^^^^^^^^
  File "/workspace/msm-reproduction/experiments/msm_ablation_sweep/runner.py", line 638, in run_stage
    return await asyncio.wait_for(
           ^^^^^^^^^^^^^^^^^^^^^^^
  File "/usr/lib/python3.12/asyncio/tasks.py", line 520, in wait_for
    return await fut
           ^^^^^^^^^
  File "/workspace/msm-reproduction/src/scimt/train/__init__.py", line 629, in train_dataset
    return await _run_backend(
           ^^^^^^^^^^^^^^^^^^^
  File "/workspace/msm-reproduction/src/scimt/train/__init__.py", line 495, in _run_backend
    raw = await backend.train(dataset_path, config, out_dir, run_name)
          ^^^^^^^^^^^^^^^^^^^^^^^^^^^^^^^^^^^^^^^^^^^^^^^^^^^^^^^^^^^^
  File "/workspace/msm-reproduction/src/scimt/train/axolotl.py", line 1472, in train
    await executor.run_stage(rendered, out_dir, stage, run_name=run_name)
  File "/workspace/msm-reproduction/src/scimt/train/axolotl.py", line 1378, in run_stage
    await bellhop.run(spec, pod_cfg)
  File "/workspace/msm-reproduction/.venv/lib/python3.12/site-packages/bellhop/run.py", line 113, in run
    async with open_box(backend, keep=keep_pod, api_key=api_key) as p:
               ^^^^^^^^^^^^^^^^^^^^^^^^^^^^^^^^^^^^^^^^^^^^^^^^^
  File "/usr/lib/python3.12/contextlib.py", line 210, in __aenter__
    return await anext(self.gen)
           ^^^^^^^^^^^^^^^^^^^^^
  File "/workspace/msm-reproduction/.venv/lib/python3.12/site-packages/bellhop/backend.py", line 77, in open_box
    async with pod(backend, keep=keep, api_key=api_key) as p:
               ^^^^^^^^^^^^^^^^^^^^^^^^^^^^^^^^^^^^^^^^
  File "/usr/lib/python3.12/contextlib.py", line 210, in __aenter__
    return await anext(self.gen)
           ^^^^^^^^^^^^^^^^^^^^^
  File "/workspace/msm-reproduction/.venv/lib/python3.12/site-packages/bellhop/pod.py", line 467, in pod
    created = await _gql_create(config, api_key)
              ^^^^^^^^^^^^^^^^^^^^^^^^^^^^^^^^^^
  File "/workspace/msm-reproduction/.venv/lib/python3.12/site-packages/bellhop/pod.py", line 450, in _gql_create
    raise ProvisionError(
bellhop.errors.ProvisionError: graphql create failed on every cloud/GPU attempt:
  NVIDIA H100 80GB HBM3 on COMMUNITY: graphql error: There are no longer any instances available with the requested specifications. Please refresh and try again.
  NVIDIA H100 PCIe on COMMUNITY: graphql error: There are no longer any instances available with the requested specifications. Please refresh and try again.
  NVIDIA H100 NVL on COMMUNITY: graphql error: Renting this pod would put you over your current spending limit ($80.00/hr). Please contact support for assistance
  NVIDIA H100 80GB HBM3 on SECURE: graphql error: Renting this pod would put you over your current spending limit ($80.00/hr). Please contact support for assistance
  NVIDIA H100 PCIe on SECURE: graphql error: There are no longer any instances available with the requested specifications. Please refresh and try again.
  NVIDIA H100 NVL on SECURE: graphql error: Renting this pod would put you over your current spending limit ($80.00/hr). Please contact support for assistance

The above exception was the direct cause of the following exception:

Traceback (most recent call last):
  File "/workspace/msm-reproduction/experiments/msm_ablation_sweep/runner.py", line 1164, in _run_chain
    raise RuntimeError(
RuntimeError: chain SV_LL/aft_only: 1/1 seed chains failed (siblings ran to completion): s0: ProvisionError: graphql create failed on every cloud/GPU attempt:
  NVIDIA H100 80GB HBM3 on COMMUNITY: graphql error: There are no longer any instances available with the requested specifications. Please refresh and try again.
  NVIDIA H100 PCIe on COMMUNITY: graphql error: There are no longer any instances availa

The above exception was the direct cause of the following exception:

Traceback (most recent call last):
  File "/workspace/msm-reproduction/experiments/msm_ablation_sweep/runner.py", line 1321, in main
    await run_cell(name)
  File "/workspace/msm-reproduction/experiments/msm_ablation_sweep/runner.py", line 1209, in run_cell
    raise RuntimeError(
RuntimeError: cell SV_LL: 3/3 chains failed (surviving chains ran to completion; their 0 eval jobs are recorded in runs/eval_jobs_SV_LL.json; rerun resumes idempotently): aft_only: RuntimeError: chain SV_LL/aft_only: 1/1 seed chains failed (siblings ran to completion): s0: ProvisionError: graphql create failed on every cloud/GPU attempt:
  NVIDIA H100 80GB HBM3 on COMMUNITY: graphql error: There are no longer any instances available with the requested specifications. Please refresh and try  | msm_america: RuntimeError: chain SV_LL/msm_america: 1/1 seed chains failed (siblings ran to completion): s0: ProvisionError: graphql create failed on every cloud/GPU attempt:
  NVIDIA H100 80GB HBM3 on COMMUNITY: graphql error: There are no longer any instances available with the requested specifications. Please refresh and t | msm_affordability: RuntimeError: chain SV_LL/msm_affordability: 1/1 seed chains failed (siblings ran to completion): s0: ProvisionError: graphql create failed on every cloud/GPU attempt:
  NVIDIA H100 80GB HBM3 on COMMUNITY: graphql error: There are no longer any instances available with the requested specifications. Please refresh

The above exception was the direct cause of the following exception:

Traceback (most recent call last):
  File "/workspace/msm-reproduction/experiments/msm_ablation_sweep/runner.py", line 1347, in <module>
    asyncio.run(main())
  File "/usr/lib/python3.12/asyncio/runners.py", line 195, in run
    return runner.run(main)
           ^^^^^^^^^^^^^^^^
  File "/usr/lib/python3.12/asyncio/runners.py", line 118, in run
    return self._loop.run_until_complete(task)
           ^^^^^^^^^^^^^^^^^^^^^^^^^^^^^^^^^^^
  File "/usr/lib/python3.12/asyncio/base_events.py", line 691, in run_until_complete
    return future.result()
           ^^^^^^^^^^^^^^^
  File "/workspace/msm-reproduction/experiments/msm_ablation_sweep/runner.py", line 1330, in main
    raise RuntimeError(
RuntimeError: shard finished with 1/1 cells failed (rerun resumes idempotently): SV_LL: RuntimeError: cell SV_LL: 3/3 chains failed (surviving chains ran to completion; their 0 eval jobs are recorded in runs/eval_jobs_SV_LL.json; rerun resumes idempotently): aft_only: RuntimeError: chain SV_LL/aft_only: 1/1 seed chains failed (siblings ran to completion): s0: ProvisionError: graphql create failed on
[g1 wrapper] attempt 10 exit 1
[runner] shard: ['SV_LL'] (max pods 6, skip_eval=False)
[runner] skip msm-sweep-midtrain-B-america: checkpoint manifest exists
[runner] skip eval B/msm_only_america/s0: rows present
[runner] skip msm-sweep-midtrain-B-affordability: checkpoint manifest exists
[runner] skip eval B/msm_only_affordability/s0: rows present
/workspace/msm-reproduction/src/scimt/train/__init__.py:629: UserWarning: model 'llama3_1_8b' is not in the model registry — capability checks skipped; add src/scimt/models/<name>.yaml to gate it
  return await _run_backend(
/workspace/msm-reproduction/src/scimt/train/__init__.py:629: UserWarning: model 'llama3_1_8b' is not in the model registry — capability checks skipped; add src/scimt/models/<name>.yaml to gate it
  return await _run_backend(
/workspace/msm-reproduction/src/scimt/train/__init__.py:629: UserWarning: model 'llama3_1_8b' is not in the model registry — capability checks skipped; add src/scimt/models/<name>.yaml to gate it
  return await _run_backend(
[runner] skip eval SV_LL/baseline/s0: rows present
[runner] cell SV_LL FAILED — continuing with the rest of the shard: RuntimeError: cell SV_LL: 3/3 chains failed (surviving chains ran to completion; their 0 eval jobs are recorded in runs/eval_jobs_SV_LL.json; rerun resumes idempotently): aft_only: RuntimeError: chain SV_LL/aft_only: 1/1 seed chains failed (siblings ran to completion): s0: ProvisionError: graphql create failed on
Traceback (most recent call last):
  File "/workspace/msm-reproduction/experiments/msm_ablation_sweep/runner.py", line 1100, in _run_sft_chain
    ckpt = await run_stage(
           ^^^^^^^^^^^^^^^^
  File "/workspace/msm-reproduction/experiments/msm_ablation_sweep/runner.py", line 638, in run_stage
    return await asyncio.wait_for(
           ^^^^^^^^^^^^^^^^^^^^^^^
  File "/usr/lib/python3.12/asyncio/tasks.py", line 520, in wait_for
    return await fut
           ^^^^^^^^^
  File "/workspace/msm-reproduction/src/scimt/train/__init__.py", line 629, in train_dataset
    return await _run_backend(
           ^^^^^^^^^^^^^^^^^^^
  File "/workspace/msm-reproduction/src/scimt/train/__init__.py", line 495, in _run_backend
    raw = await backend.train(dataset_path, config, out_dir, run_name)
          ^^^^^^^^^^^^^^^^^^^^^^^^^^^^^^^^^^^^^^^^^^^^^^^^^^^^^^^^^^^^
  File "/workspace/msm-reproduction/src/scimt/train/axolotl.py", line 1472, in train
    await executor.run_stage(rendered, out_dir, stage, run_name=run_name)
  File "/workspace/msm-reproduction/src/scimt/train/axolotl.py", line 1378, in run_stage
    await bellhop.run(spec, pod_cfg)
  File "/workspace/msm-reproduction/.venv/lib/python3.12/site-packages/bellhop/run.py", line 113, in run
    async with open_box(backend, keep=keep_pod, api_key=api_key) as p:
               ^^^^^^^^^^^^^^^^^^^^^^^^^^^^^^^^^^^^^^^^^^^^^^^^^
  File "/usr/lib/python3.12/contextlib.py", line 210, in __aenter__
    return await anext(self.gen)
           ^^^^^^^^^^^^^^^^^^^^^
  File "/workspace/msm-reproduction/.venv/lib/python3.12/site-packages/bellhop/backend.py", line 77, in open_box
    async with pod(backend, keep=keep, api_key=api_key) as p:
               ^^^^^^^^^^^^^^^^^^^^^^^^^^^^^^^^^^^^^^^^
  File "/usr/lib/python3.12/contextlib.py", line 210, in __aenter__
    return await anext(self.gen)
           ^^^^^^^^^^^^^^^^^^^^^
  File "/workspace/msm-reproduction/.venv/lib/python3.12/site-packages/bellhop/pod.py", line 467, in pod
    created = await _gql_create(config, api_key)
              ^^^^^^^^^^^^^^^^^^^^^^^^^^^^^^^^^^
  File "/workspace/msm-reproduction/.venv/lib/python3.12/site-packages/bellhop/pod.py", line 450, in _gql_create
    raise ProvisionError(
bellhop.errors.ProvisionError: graphql create failed on every cloud/GPU attempt:
  NVIDIA H100 80GB HBM3 on COMMUNITY: graphql error: There are no longer any instances available with the requested specifications. Please refresh and try again.
  NVIDIA H100 PCIe on COMMUNITY: graphql error: There are no longer any instances available with the requested specifications. Please refresh and try again.
  NVIDIA H100 NVL on COMMUNITY: graphql error: There are no longer any instances available with the requested specifications. Please refresh and try again.
  NVIDIA H100 80GB HBM3 on SECURE: graphql error: Renting this pod would put you over your current spending limit ($80.00/hr). Please contact support for assistance
  NVIDIA H100 PCIe on SECURE: graphql error: Renting this pod would put you over your current spending limit ($80.00/hr). Please contact support for assistance
  NVIDIA H100 NVL on SECURE: graphql error: Renting this pod would put you over your current spending limit ($80.00/hr). Please contact support for assistance

The above exception was the direct cause of the following exception:

Traceback (most recent call last):
  File "/workspace/msm-reproduction/experiments/msm_ablation_sweep/runner.py", line 1164, in _run_chain
    raise RuntimeError(
RuntimeError: chain SV_LL/aft_only: 1/1 seed chains failed (siblings ran to completion): s0: ProvisionError: graphql create failed on every cloud/GPU attempt:
  NVIDIA H100 80GB HBM3 on COMMUNITY: graphql error: There are no longer any instances available with the requested specifications. Please refresh and try again.
  NVIDIA H100 PCIe on COMMUNITY: graphql error: There are no longer any instances availa

The above exception was the direct cause of the following exception:

Traceback (most recent call last):
  File "/workspace/msm-reproduction/experiments/msm_ablation_sweep/runner.py", line 1321, in main
    await run_cell(name)
  File "/workspace/msm-reproduction/experiments/msm_ablation_sweep/runner.py", line 1209, in run_cell
    raise RuntimeError(
RuntimeError: cell SV_LL: 3/3 chains failed (surviving chains ran to completion; their 0 eval jobs are recorded in runs/eval_jobs_SV_LL.json; rerun resumes idempotently): aft_only: RuntimeError: chain SV_LL/aft_only: 1/1 seed chains failed (siblings ran to completion): s0: ProvisionError: graphql create failed on every cloud/GPU attempt:
  NVIDIA H100 80GB HBM3 on COMMUNITY: graphql error: There are no longer any instances available with the requested specifications. Please refresh and try  | msm_america: RuntimeError: chain SV_LL/msm_america: 1/1 seed chains failed (siblings ran to completion): s0: ProvisionError: graphql create failed on every cloud/GPU attempt:
  NVIDIA H100 80GB HBM3 on COMMUNITY: graphql error: There are no longer any instances available with the requested specifications. Please refresh and t | msm_affordability: RuntimeError: chain SV_LL/msm_affordability: 1/1 seed chains failed (siblings ran to completion): s0: ProvisionError: graphql create failed on every cloud/GPU attempt:
  NVIDIA H100 80GB HBM3 on COMMUNITY: graphql error: There are no longer any instances available with the requested specifications. Please refresh

The above exception was the direct cause of the following exception:

Traceback (most recent call last):
  File "/workspace/msm-reproduction/experiments/msm_ablation_sweep/runner.py", line 1347, in <module>
    asyncio.run(main())
  File "/usr/lib/python3.12/asyncio/runners.py", line 195, in run
    return runner.run(main)
           ^^^^^^^^^^^^^^^^
  File "/usr/lib/python3.12/asyncio/runners.py", line 118, in run
    return self._loop.run_until_complete(task)
           ^^^^^^^^^^^^^^^^^^^^^^^^^^^^^^^^^^^
  File "/usr/lib/python3.12/asyncio/base_events.py", line 691, in run_until_complete
    return future.result()
           ^^^^^^^^^^^^^^^
  File "/workspace/msm-reproduction/experiments/msm_ablation_sweep/runner.py", line 1330, in main
    raise RuntimeError(
RuntimeError: shard finished with 1/1 cells failed (rerun resumes idempotently): SV_LL: RuntimeError: cell SV_LL: 3/3 chains failed (surviving chains ran to completion; their 0 eval jobs are recorded in runs/eval_jobs_SV_LL.json; rerun resumes idempotently): aft_only: RuntimeError: chain SV_LL/aft_only: 1/1 seed chains failed (siblings ran to completion): s0: ProvisionError: graphql create failed on
[g1 wrapper] attempt 11 exit 1
[runner] shard: ['SV_LL'] (max pods 6, skip_eval=False)
[runner] skip msm-sweep-midtrain-B-america: checkpoint manifest exists
[runner] skip eval B/msm_only_america/s0: rows present
[runner] skip msm-sweep-midtrain-B-affordability: checkpoint manifest exists
[runner] skip eval B/msm_only_affordability/s0: rows present
/workspace/msm-reproduction/src/scimt/train/__init__.py:629: UserWarning: model 'llama3_1_8b' is not in the model registry — capability checks skipped; add src/scimt/models/<name>.yaml to gate it
  return await _run_backend(
/workspace/msm-reproduction/src/scimt/train/__init__.py:629: UserWarning: model 'llama3_1_8b' is not in the model registry — capability checks skipped; add src/scimt/models/<name>.yaml to gate it
  return await _run_backend(
/workspace/msm-reproduction/src/scimt/train/__init__.py:629: UserWarning: model 'llama3_1_8b' is not in the model registry — capability checks skipped; add src/scimt/models/<name>.yaml to gate it
  return await _run_backend(
[runner] skip eval SV_LL/baseline/s0: rows present
[runner] cell SV_LL FAILED — continuing with the rest of the shard: RuntimeError: cell SV_LL: 3/3 chains failed (surviving chains ran to completion; their 0 eval jobs are recorded in runs/eval_jobs_SV_LL.json; rerun resumes idempotently): aft_only: RuntimeError: chain SV_LL/aft_only: 1/1 seed chains failed (siblings ran to completion): s0: ProvisionError: graphql create failed on
Traceback (most recent call last):
  File "/workspace/msm-reproduction/experiments/msm_ablation_sweep/runner.py", line 1100, in _run_sft_chain
    ckpt = await run_stage(
           ^^^^^^^^^^^^^^^^
  File "/workspace/msm-reproduction/experiments/msm_ablation_sweep/runner.py", line 638, in run_stage
    return await asyncio.wait_for(
           ^^^^^^^^^^^^^^^^^^^^^^^
  File "/usr/lib/python3.12/asyncio/tasks.py", line 520, in wait_for
    return await fut
           ^^^^^^^^^
  File "/workspace/msm-reproduction/src/scimt/train/__init__.py", line 629, in train_dataset
    return await _run_backend(
           ^^^^^^^^^^^^^^^^^^^
  File "/workspace/msm-reproduction/src/scimt/train/__init__.py", line 495, in _run_backend
    raw = await backend.train(dataset_path, config, out_dir, run_name)
          ^^^^^^^^^^^^^^^^^^^^^^^^^^^^^^^^^^^^^^^^^^^^^^^^^^^^^^^^^^^^
  File "/workspace/msm-reproduction/src/scimt/train/axolotl.py", line 1472, in train
    await executor.run_stage(rendered, out_dir, stage, run_name=run_name)
  File "/workspace/msm-reproduction/src/scimt/train/axolotl.py", line 1378, in run_stage
    await bellhop.run(spec, pod_cfg)
  File "/workspace/msm-reproduction/.venv/lib/python3.12/site-packages/bellhop/run.py", line 113, in run
    async with open_box(backend, keep=keep_pod, api_key=api_key) as p:
               ^^^^^^^^^^^^^^^^^^^^^^^^^^^^^^^^^^^^^^^^^^^^^^^^^
  File "/usr/lib/python3.12/contextlib.py", line 210, in __aenter__
    return await anext(self.gen)
           ^^^^^^^^^^^^^^^^^^^^^
  File "/workspace/msm-reproduction/.venv/lib/python3.12/site-packages/bellhop/backend.py", line 77, in open_box
    async with pod(backend, keep=keep, api_key=api_key) as p:
               ^^^^^^^^^^^^^^^^^^^^^^^^^^^^^^^^^^^^^^^^
  File "/usr/lib/python3.12/contextlib.py", line 210, in __aenter__
    return await anext(self.gen)
           ^^^^^^^^^^^^^^^^^^^^^
  File "/workspace/msm-reproduction/.venv/lib/python3.12/site-packages/bellhop/pod.py", line 467, in pod
    created = await _gql_create(config, api_key)
              ^^^^^^^^^^^^^^^^^^^^^^^^^^^^^^^^^^
  File "/workspace/msm-reproduction/.venv/lib/python3.12/site-packages/bellhop/pod.py", line 450, in _gql_create
    raise ProvisionError(
bellhop.errors.ProvisionError: graphql create failed on every cloud/GPU attempt:
  NVIDIA H100 80GB HBM3 on COMMUNITY: graphql error: There are no longer any instances available with the requested specifications. Please refresh and try again.
  NVIDIA H100 PCIe on COMMUNITY: graphql error: There are no longer any instances available with the requested specifications. Please refresh and try again.
  NVIDIA H100 NVL on COMMUNITY: graphql error: There are no longer any instances available with the requested specifications. Please refresh and try again.
  NVIDIA H100 80GB HBM3 on SECURE: graphql error: Renting this pod would put you over your current spending limit ($80.00/hr). Please contact support for assistance
  NVIDIA H100 PCIe on SECURE: graphql error: There are no longer any instances available with the requested specifications. Please refresh and try again.
  NVIDIA H100 NVL on SECURE: graphql error: There are no longer any instances available with the requested specifications. Please refresh and try again.

The above exception was the direct cause of the following exception:

Traceback (most recent call last):
  File "/workspace/msm-reproduction/experiments/msm_ablation_sweep/runner.py", line 1164, in _run_chain
    raise RuntimeError(
RuntimeError: chain SV_LL/aft_only: 1/1 seed chains failed (siblings ran to completion): s0: ProvisionError: graphql create failed on every cloud/GPU attempt:
  NVIDIA H100 80GB HBM3 on COMMUNITY: graphql error: There are no longer any instances available with the requested specifications. Please refresh and try again.
  NVIDIA H100 PCIe on COMMUNITY: graphql error: There are no longer any instances availa

The above exception was the direct cause of the following exception:

Traceback (most recent call last):
  File "/workspace/msm-reproduction/experiments/msm_ablation_sweep/runner.py", line 1321, in main
    await run_cell(name)
  File "/workspace/msm-reproduction/experiments/msm_ablation_sweep/runner.py", line 1209, in run_cell
    raise RuntimeError(
RuntimeError: cell SV_LL: 3/3 chains failed (surviving chains ran to completion; their 0 eval jobs are recorded in runs/eval_jobs_SV_LL.json; rerun resumes idempotently): aft_only: RuntimeError: chain SV_LL/aft_only: 1/1 seed chains failed (siblings ran to completion): s0: ProvisionError: graphql create failed on every cloud/GPU attempt:
  NVIDIA H100 80GB HBM3 on COMMUNITY: graphql error: There are no longer any instances available with the requested specifications. Please refresh and try  | msm_america: RuntimeError: chain SV_LL/msm_america: 1/1 seed chains failed (siblings ran to completion): s0: ProvisionError: graphql create failed on every cloud/GPU attempt:
  NVIDIA H100 80GB HBM3 on COMMUNITY: graphql error: There are no longer any instances available with the requested specifications. Please refresh and t | msm_affordability: RuntimeError: chain SV_LL/msm_affordability: 1/1 seed chains failed (siblings ran to completion): s0: ProvisionError: graphql create failed on every cloud/GPU attempt:
  NVIDIA H100 80GB HBM3 on COMMUNITY: graphql error: There are no longer any instances available with the requested specifications. Please refresh

The above exception was the direct cause of the following exception:

Traceback (most recent call last):
  File "/workspace/msm-reproduction/experiments/msm_ablation_sweep/runner.py", line 1347, in <module>
    asyncio.run(main())
  File "/usr/lib/python3.12/asyncio/runners.py", line 195, in run
    return runner.run(main)
           ^^^^^^^^^^^^^^^^
  File "/usr/lib/python3.12/asyncio/runners.py", line 118, in run
    return self._loop.run_until_complete(task)
           ^^^^^^^^^^^^^^^^^^^^^^^^^^^^^^^^^^^
  File "/usr/lib/python3.12/asyncio/base_events.py", line 691, in run_until_complete
    return future.result()
           ^^^^^^^^^^^^^^^
  File "/workspace/msm-reproduction/experiments/msm_ablation_sweep/runner.py", line 1330, in main
    raise RuntimeError(
RuntimeError: shard finished with 1/1 cells failed (rerun resumes idempotently): SV_LL: RuntimeError: cell SV_LL: 3/3 chains failed (surviving chains ran to completion; their 0 eval jobs are recorded in runs/eval_jobs_SV_LL.json; rerun resumes idempotently): aft_only: RuntimeError: chain SV_LL/aft_only: 1/1 seed chains failed (siblings ran to completion): s0: ProvisionError: graphql create failed on
[g1 wrapper] attempt 12 exit 1
[runner] shard: ['SV_LL'] (max pods 6, skip_eval=False)
[runner] skip msm-sweep-midtrain-B-america: checkpoint manifest exists
[runner] skip eval B/msm_only_america/s0: rows present
[runner] skip msm-sweep-midtrain-B-affordability: checkpoint manifest exists
[runner] skip eval B/msm_only_affordability/s0: rows present
/workspace/msm-reproduction/src/scimt/train/__init__.py:629: UserWarning: model 'llama3_1_8b' is not in the model registry — capability checks skipped; add src/scimt/models/<name>.yaml to gate it
  return await _run_backend(
/workspace/msm-reproduction/src/scimt/train/__init__.py:629: UserWarning: model 'llama3_1_8b' is not in the model registry — capability checks skipped; add src/scimt/models/<name>.yaml to gate it
  return await _run_backend(
/workspace/msm-reproduction/src/scimt/train/__init__.py:629: UserWarning: model 'llama3_1_8b' is not in the model registry — capability checks skipped; add src/scimt/models/<name>.yaml to gate it
  return await _run_backend(
[runner] skip eval SV_LL/baseline/s0: rows present
[runner] cell SV_LL FAILED — continuing with the rest of the shard: RuntimeError: cell SV_LL: 3/3 chains failed (surviving chains ran to completion; their 0 eval jobs are recorded in runs/eval_jobs_SV_LL.json; rerun resumes idempotently): aft_only: RuntimeError: chain SV_LL/aft_only: 1/1 seed chains failed (siblings ran to completion): s0: ProvisionError: graphql create failed on
Traceback (most recent call last):
  File "/workspace/msm-reproduction/experiments/msm_ablation_sweep/runner.py", line 1100, in _run_sft_chain
    ckpt = await run_stage(
           ^^^^^^^^^^^^^^^^
  File "/workspace/msm-reproduction/experiments/msm_ablation_sweep/runner.py", line 638, in run_stage
    return await asyncio.wait_for(
           ^^^^^^^^^^^^^^^^^^^^^^^
  File "/usr/lib/python3.12/asyncio/tasks.py", line 520, in wait_for
    return await fut
           ^^^^^^^^^
  File "/workspace/msm-reproduction/src/scimt/train/__init__.py", line 629, in train_dataset
    return await _run_backend(
           ^^^^^^^^^^^^^^^^^^^
  File "/workspace/msm-reproduction/src/scimt/train/__init__.py", line 495, in _run_backend
    raw = await backend.train(dataset_path, config, out_dir, run_name)
          ^^^^^^^^^^^^^^^^^^^^^^^^^^^^^^^^^^^^^^^^^^^^^^^^^^^^^^^^^^^^
  File "/workspace/msm-reproduction/src/scimt/train/axolotl.py", line 1472, in train
    await executor.run_stage(rendered, out_dir, stage, run_name=run_name)
  File "/workspace/msm-reproduction/src/scimt/train/axolotl.py", line 1378, in run_stage
    await bellhop.run(spec, pod_cfg)
  File "/workspace/msm-reproduction/.venv/lib/python3.12/site-packages/bellhop/run.py", line 113, in run
    async with open_box(backend, keep=keep_pod, api_key=api_key) as p:
               ^^^^^^^^^^^^^^^^^^^^^^^^^^^^^^^^^^^^^^^^^^^^^^^^^
  File "/usr/lib/python3.12/contextlib.py", line 210, in __aenter__
    return await anext(self.gen)
           ^^^^^^^^^^^^^^^^^^^^^
  File "/workspace/msm-reproduction/.venv/lib/python3.12/site-packages/bellhop/backend.py", line 77, in open_box
    async with pod(backend, keep=keep, api_key=api_key) as p:
               ^^^^^^^^^^^^^^^^^^^^^^^^^^^^^^^^^^^^^^^^
  File "/usr/lib/python3.12/contextlib.py", line 210, in __aenter__
    return await anext(self.gen)
           ^^^^^^^^^^^^^^^^^^^^^
  File "/workspace/msm-reproduction/.venv/lib/python3.12/site-packages/bellhop/pod.py", line 467, in pod
    created = await _gql_create(config, api_key)
              ^^^^^^^^^^^^^^^^^^^^^^^^^^^^^^^^^^
  File "/workspace/msm-reproduction/.venv/lib/python3.12/site-packages/bellhop/pod.py", line 450, in _gql_create
    raise ProvisionError(
bellhop.errors.ProvisionError: graphql create failed on every cloud/GPU attempt:
  NVIDIA H100 80GB HBM3 on COMMUNITY: graphql error: There are no longer any instances available with the requested specifications. Please refresh and try again.
  NVIDIA H100 PCIe on COMMUNITY: graphql error: There are no longer any instances available with the requested specifications. Please refresh and try again.
  NVIDIA H100 NVL on COMMUNITY: graphql error: There are no longer any instances available with the requested specifications. Please refresh and try again.
  NVIDIA H100 80GB HBM3 on SECURE: graphql error: Renting this pod would put you over your current spending limit ($80.00/hr). Please contact support for assistance
  NVIDIA H100 PCIe on SECURE: graphql error: There are no longer any instances available with the requested specifications. Please refresh and try again.
  NVIDIA H100 NVL on SECURE: graphql error: Renting this pod would put you over your current spending limit ($80.00/hr). Please contact support for assistance

The above exception was the direct cause of the following exception:

Traceback (most recent call last):
  File "/workspace/msm-reproduction/experiments/msm_ablation_sweep/runner.py", line 1164, in _run_chain
    raise RuntimeError(
RuntimeError: chain SV_LL/aft_only: 1/1 seed chains failed (siblings ran to completion): s0: ProvisionError: graphql create failed on every cloud/GPU attempt:
  NVIDIA H100 80GB HBM3 on COMMUNITY: graphql error: There are no longer any instances available with the requested specifications. Please refresh and try again.
  NVIDIA H100 PCIe on COMMUNITY: graphql error: There are no longer any instances availa

The above exception was the direct cause of the following exception:

Traceback (most recent call last):
  File "/workspace/msm-reproduction/experiments/msm_ablation_sweep/runner.py", line 1321, in main
    await run_cell(name)
  File "/workspace/msm-reproduction/experiments/msm_ablation_sweep/runner.py", line 1209, in run_cell
    raise RuntimeError(
RuntimeError: cell SV_LL: 3/3 chains failed (surviving chains ran to completion; their 0 eval jobs are recorded in runs/eval_jobs_SV_LL.json; rerun resumes idempotently): aft_only: RuntimeError: chain SV_LL/aft_only: 1/1 seed chains failed (siblings ran to completion): s0: ProvisionError: graphql create failed on every cloud/GPU attempt:
  NVIDIA H100 80GB HBM3 on COMMUNITY: graphql error: There are no longer any instances available with the requested specifications. Please refresh and try  | msm_america: RuntimeError: chain SV_LL/msm_america: 1/1 seed chains failed (siblings ran to completion): s0: ProvisionError: graphql create failed on every cloud/GPU attempt:
  NVIDIA H100 80GB HBM3 on COMMUNITY: graphql error: There are no longer any instances available with the requested specifications. Please refresh and t | msm_affordability: RuntimeError: chain SV_LL/msm_affordability: 1/1 seed chains failed (siblings ran to completion): s0: ProvisionError: graphql create failed on every cloud/GPU attempt:
  NVIDIA H100 80GB HBM3 on COMMUNITY: graphql error: There are no longer any instances available with the requested specifications. Please refresh

The above exception was the direct cause of the following exception:

Traceback (most recent call last):
  File "/workspace/msm-reproduction/experiments/msm_ablation_sweep/runner.py", line 1347, in <module>
    asyncio.run(main())
  File "/usr/lib/python3.12/asyncio/runners.py", line 195, in run
    return runner.run(main)
           ^^^^^^^^^^^^^^^^
  File "/usr/lib/python3.12/asyncio/runners.py", line 118, in run
    return self._loop.run_until_complete(task)
           ^^^^^^^^^^^^^^^^^^^^^^^^^^^^^^^^^^^
  File "/usr/lib/python3.12/asyncio/base_events.py", line 691, in run_until_complete
    return future.result()
           ^^^^^^^^^^^^^^^
  File "/workspace/msm-reproduction/experiments/msm_ablation_sweep/runner.py", line 1330, in main
    raise RuntimeError(
RuntimeError: shard finished with 1/1 cells failed (rerun resumes idempotently): SV_LL: RuntimeError: cell SV_LL: 3/3 chains failed (surviving chains ran to completion; their 0 eval jobs are recorded in runs/eval_jobs_SV_LL.json; rerun resumes idempotently): aft_only: RuntimeError: chain SV_LL/aft_only: 1/1 seed chains failed (siblings ran to completion): s0: ProvisionError: graphql create failed on
[g1 wrapper] attempt 13 exit 1
[runner] shard: ['SV_LL'] (max pods 6, skip_eval=False)
[runner] skip msm-sweep-midtrain-B-america: checkpoint manifest exists
[runner] skip eval B/msm_only_america/s0: rows present
[runner] skip msm-sweep-midtrain-B-affordability: checkpoint manifest exists
[runner] skip eval B/msm_only_affordability/s0: rows present
/workspace/msm-reproduction/src/scimt/train/__init__.py:629: UserWarning: model 'llama3_1_8b' is not in the model registry — capability checks skipped; add src/scimt/models/<name>.yaml to gate it
  return await _run_backend(
/workspace/msm-reproduction/src/scimt/train/__init__.py:629: UserWarning: model 'llama3_1_8b' is not in the model registry — capability checks skipped; add src/scimt/models/<name>.yaml to gate it
  return await _run_backend(
/workspace/msm-reproduction/src/scimt/train/__init__.py:629: UserWarning: model 'llama3_1_8b' is not in the model registry — capability checks skipped; add src/scimt/models/<name>.yaml to gate it
  return await _run_backend(
[runner] skip eval SV_LL/baseline/s0: rows present
[runner] cell SV_LL FAILED — continuing with the rest of the shard: RuntimeError: cell SV_LL: 3/3 chains failed (surviving chains ran to completion; their 0 eval jobs are recorded in runs/eval_jobs_SV_LL.json; rerun resumes idempotently): aft_only: RuntimeError: chain SV_LL/aft_only: 1/1 seed chains failed (siblings ran to completion): s0: ProvisionError: graphql create failed on
Traceback (most recent call last):
  File "/workspace/msm-reproduction/experiments/msm_ablation_sweep/runner.py", line 1100, in _run_sft_chain
    ckpt = await run_stage(
           ^^^^^^^^^^^^^^^^
  File "/workspace/msm-reproduction/experiments/msm_ablation_sweep/runner.py", line 638, in run_stage
    return await asyncio.wait_for(
           ^^^^^^^^^^^^^^^^^^^^^^^
  File "/usr/lib/python3.12/asyncio/tasks.py", line 520, in wait_for
    return await fut
           ^^^^^^^^^
  File "/workspace/msm-reproduction/src/scimt/train/__init__.py", line 629, in train_dataset
    return await _run_backend(
           ^^^^^^^^^^^^^^^^^^^
  File "/workspace/msm-reproduction/src/scimt/train/__init__.py", line 495, in _run_backend
    raw = await backend.train(dataset_path, config, out_dir, run_name)
          ^^^^^^^^^^^^^^^^^^^^^^^^^^^^^^^^^^^^^^^^^^^^^^^^^^^^^^^^^^^^
  File "/workspace/msm-reproduction/src/scimt/train/axolotl.py", line 1472, in train
    await executor.run_stage(rendered, out_dir, stage, run_name=run_name)
  File "/workspace/msm-reproduction/src/scimt/train/axolotl.py", line 1378, in run_stage
    await bellhop.run(spec, pod_cfg)
  File "/workspace/msm-reproduction/.venv/lib/python3.12/site-packages/bellhop/run.py", line 113, in run
    async with open_box(backend, keep=keep_pod, api_key=api_key) as p:
               ^^^^^^^^^^^^^^^^^^^^^^^^^^^^^^^^^^^^^^^^^^^^^^^^^
  File "/usr/lib/python3.12/contextlib.py", line 210, in __aenter__
    return await anext(self.gen)
           ^^^^^^^^^^^^^^^^^^^^^
  File "/workspace/msm-reproduction/.venv/lib/python3.12/site-packages/bellhop/backend.py", line 77, in open_box
    async with pod(backend, keep=keep, api_key=api_key) as p:
               ^^^^^^^^^^^^^^^^^^^^^^^^^^^^^^^^^^^^^^^^
  File "/usr/lib/python3.12/contextlib.py", line 210, in __aenter__
    return await anext(self.gen)
           ^^^^^^^^^^^^^^^^^^^^^
  File "/workspace/msm-reproduction/.venv/lib/python3.12/site-packages/bellhop/pod.py", line 467, in pod
    created = await _gql_create(config, api_key)
              ^^^^^^^^^^^^^^^^^^^^^^^^^^^^^^^^^^
  File "/workspace/msm-reproduction/.venv/lib/python3.12/site-packages/bellhop/pod.py", line 450, in _gql_create
    raise ProvisionError(
bellhop.errors.ProvisionError: graphql create failed on every cloud/GPU attempt:
  NVIDIA H100 80GB HBM3 on COMMUNITY: graphql error: There are no longer any instances available with the requested specifications. Please refresh and try again.
  NVIDIA H100 PCIe on COMMUNITY: graphql error: There are no longer any instances available with the requested specifications. Please refresh and try again.
  NVIDIA H100 NVL on COMMUNITY: graphql error: There are no longer any instances available with the requested specifications. Please refresh and try again.
  NVIDIA H100 80GB HBM3 on SECURE: graphql error: Renting this pod would put you over your current spending limit ($80.00/hr). Please contact support for assistance
  NVIDIA H100 PCIe on SECURE: graphql error: There are no longer any instances available with the requested specifications. Please refresh and try again.
  NVIDIA H100 NVL on SECURE: graphql error: Renting this pod would put you over your current spending limit ($80.00/hr). Please contact support for assistance

The above exception was the direct cause of the following exception:

Traceback (most recent call last):
  File "/workspace/msm-reproduction/experiments/msm_ablation_sweep/runner.py", line 1164, in _run_chain
    raise RuntimeError(
RuntimeError: chain SV_LL/aft_only: 1/1 seed chains failed (siblings ran to completion): s0: ProvisionError: graphql create failed on every cloud/GPU attempt:
  NVIDIA H100 80GB HBM3 on COMMUNITY: graphql error: There are no longer any instances available with the requested specifications. Please refresh and try again.
  NVIDIA H100 PCIe on COMMUNITY: graphql error: There are no longer any instances availa

The above exception was the direct cause of the following exception:

Traceback (most recent call last):
  File "/workspace/msm-reproduction/experiments/msm_ablation_sweep/runner.py", line 1321, in main
    await run_cell(name)
  File "/workspace/msm-reproduction/experiments/msm_ablation_sweep/runner.py", line 1209, in run_cell
    raise RuntimeError(
RuntimeError: cell SV_LL: 3/3 chains failed (surviving chains ran to completion; their 0 eval jobs are recorded in runs/eval_jobs_SV_LL.json; rerun resumes idempotently): aft_only: RuntimeError: chain SV_LL/aft_only: 1/1 seed chains failed (siblings ran to completion): s0: ProvisionError: graphql create failed on every cloud/GPU attempt:
  NVIDIA H100 80GB HBM3 on COMMUNITY: graphql error: There are no longer any instances available with the requested specifications. Please refresh and try  | msm_america: RuntimeError: chain SV_LL/msm_america: 1/1 seed chains failed (siblings ran to completion): s0: ProvisionError: graphql create failed on every cloud/GPU attempt:
  NVIDIA H100 80GB HBM3 on COMMUNITY: graphql error: There are no longer any instances available with the requested specifications. Please refresh and t | msm_affordability: RuntimeError: chain SV_LL/msm_affordability: 1/1 seed chains failed (siblings ran to completion): s0: ProvisionError: graphql create failed on every cloud/GPU attempt:
  NVIDIA H100 80GB HBM3 on COMMUNITY: graphql error: There are no longer any instances available with the requested specifications. Please refresh

The above exception was the direct cause of the following exception:

Traceback (most recent call last):
  File "/workspace/msm-reproduction/experiments/msm_ablation_sweep/runner.py", line 1347, in <module>
    asyncio.run(main())
  File "/usr/lib/python3.12/asyncio/runners.py", line 195, in run
    return runner.run(main)
           ^^^^^^^^^^^^^^^^
  File "/usr/lib/python3.12/asyncio/runners.py", line 118, in run
    return self._loop.run_until_complete(task)
           ^^^^^^^^^^^^^^^^^^^^^^^^^^^^^^^^^^^
  File "/usr/lib/python3.12/asyncio/base_events.py", line 691, in run_until_complete
    return future.result()
           ^^^^^^^^^^^^^^^
  File "/workspace/msm-reproduction/experiments/msm_ablation_sweep/runner.py", line 1330, in main
    raise RuntimeError(
RuntimeError: shard finished with 1/1 cells failed (rerun resumes idempotently): SV_LL: RuntimeError: cell SV_LL: 3/3 chains failed (surviving chains ran to completion; their 0 eval jobs are recorded in runs/eval_jobs_SV_LL.json; rerun resumes idempotently): aft_only: RuntimeError: chain SV_LL/aft_only: 1/1 seed chains failed (siblings ran to completion): s0: ProvisionError: graphql create failed on
[g1 wrapper] attempt 14 exit 1
[runner] shard: ['SV_LL'] (max pods 6, skip_eval=False)
[runner] skip msm-sweep-midtrain-B-america: checkpoint manifest exists
[runner] skip eval B/msm_only_america/s0: rows present
[runner] skip msm-sweep-midtrain-B-affordability: checkpoint manifest exists
[runner] skip eval B/msm_only_affordability/s0: rows present
/workspace/msm-reproduction/src/scimt/train/__init__.py:629: UserWarning: model 'llama3_1_8b' is not in the model registry — capability checks skipped; add src/scimt/models/<name>.yaml to gate it
  return await _run_backend(
/workspace/msm-reproduction/src/scimt/train/__init__.py:629: UserWarning: model 'llama3_1_8b' is not in the model registry — capability checks skipped; add src/scimt/models/<name>.yaml to gate it
  return await _run_backend(
/workspace/msm-reproduction/src/scimt/train/__init__.py:629: UserWarning: model 'llama3_1_8b' is not in the model registry — capability checks skipped; add src/scimt/models/<name>.yaml to gate it
  return await _run_backend(
[runner] skip eval SV_LL/baseline/s0: rows present
[runner] cell SV_LL FAILED — continuing with the rest of the shard: RuntimeError: cell SV_LL: 1/3 chains failed (surviving chains ran to completion; their 2 eval jobs are recorded in runs/eval_jobs_SV_LL.json; rerun resumes idempotently): aft_only: RuntimeError: chain SV_LL/aft_only: 1/1 seed chains failed (siblings ran to completion): s0: ProvisionError: graphql create failed on
Traceback (most recent call last):
  File "/workspace/msm-reproduction/experiments/msm_ablation_sweep/runner.py", line 1100, in _run_sft_chain
    ckpt = await run_stage(
           ^^^^^^^^^^^^^^^^
  File "/workspace/msm-reproduction/experiments/msm_ablation_sweep/runner.py", line 638, in run_stage
    return await asyncio.wait_for(
           ^^^^^^^^^^^^^^^^^^^^^^^
  File "/usr/lib/python3.12/asyncio/tasks.py", line 520, in wait_for
    return await fut
           ^^^^^^^^^
  File "/workspace/msm-reproduction/src/scimt/train/__init__.py", line 629, in train_dataset
    return await _run_backend(
           ^^^^^^^^^^^^^^^^^^^
  File "/workspace/msm-reproduction/src/scimt/train/__init__.py", line 495, in _run_backend
    raw = await backend.train(dataset_path, config, out_dir, run_name)
          ^^^^^^^^^^^^^^^^^^^^^^^^^^^^^^^^^^^^^^^^^^^^^^^^^^^^^^^^^^^^
  File "/workspace/msm-reproduction/src/scimt/train/axolotl.py", line 1472, in train
    await executor.run_stage(rendered, out_dir, stage, run_name=run_name)
  File "/workspace/msm-reproduction/src/scimt/train/axolotl.py", line 1378, in run_stage
    await bellhop.run(spec, pod_cfg)
  File "/workspace/msm-reproduction/.venv/lib/python3.12/site-packages/bellhop/run.py", line 113, in run
    async with open_box(backend, keep=keep_pod, api_key=api_key) as p:
               ^^^^^^^^^^^^^^^^^^^^^^^^^^^^^^^^^^^^^^^^^^^^^^^^^
  File "/usr/lib/python3.12/contextlib.py", line 210, in __aenter__
    return await anext(self.gen)
           ^^^^^^^^^^^^^^^^^^^^^
  File "/workspace/msm-reproduction/.venv/lib/python3.12/site-packages/bellhop/backend.py", line 77, in open_box
    async with pod(backend, keep=keep, api_key=api_key) as p:
               ^^^^^^^^^^^^^^^^^^^^^^^^^^^^^^^^^^^^^^^^
  File "/usr/lib/python3.12/contextlib.py", line 210, in __aenter__
    return await anext(self.gen)
           ^^^^^^^^^^^^^^^^^^^^^
  File "/workspace/msm-reproduction/.venv/lib/python3.12/site-packages/bellhop/pod.py", line 467, in pod
    created = await _gql_create(config, api_key)
              ^^^^^^^^^^^^^^^^^^^^^^^^^^^^^^^^^^
  File "/workspace/msm-reproduction/.venv/lib/python3.12/site-packages/bellhop/pod.py", line 450, in _gql_create
    raise ProvisionError(
bellhop.errors.ProvisionError: graphql create failed on every cloud/GPU attempt:
  NVIDIA H100 80GB HBM3 on COMMUNITY: graphql error: There are no longer any instances available with the requested specifications. Please refresh and try again.
  NVIDIA H100 PCIe on COMMUNITY: graphql error: There are no longer any instances available with the requested specifications. Please refresh and try again.
  NVIDIA H100 NVL on COMMUNITY: graphql error: There are no longer any instances available with the requested specifications. Please refresh and try again.
  NVIDIA H100 80GB HBM3 on SECURE: graphql error: Something went wrong. Please try again later or contact support.
  NVIDIA H100 PCIe on SECURE: graphql error: There are no longer any instances available with the requested specifications. Please refresh and try again.
  NVIDIA H100 NVL on SECURE: graphql error: Something went wrong. Please try again later or contact support.

The above exception was the direct cause of the following exception:

Traceback (most recent call last):
  File "/workspace/msm-reproduction/experiments/msm_ablation_sweep/runner.py", line 1164, in _run_chain
    raise RuntimeError(
RuntimeError: chain SV_LL/aft_only: 1/1 seed chains failed (siblings ran to completion): s0: ProvisionError: graphql create failed on every cloud/GPU attempt:
  NVIDIA H100 80GB HBM3 on COMMUNITY: graphql error: There are no longer any instances available with the requested specifications. Please refresh and try again.
  NVIDIA H100 PCIe on COMMUNITY: graphql error: There are no longer any instances availa

The above exception was the direct cause of the following exception:

Traceback (most recent call last):
  File "/workspace/msm-reproduction/experiments/msm_ablation_sweep/runner.py", line 1321, in main
    await run_cell(name)
  File "/workspace/msm-reproduction/experiments/msm_ablation_sweep/runner.py", line 1209, in run_cell
    raise RuntimeError(
RuntimeError: cell SV_LL: 1/3 chains failed (surviving chains ran to completion; their 2 eval jobs are recorded in runs/eval_jobs_SV_LL.json; rerun resumes idempotently): aft_only: RuntimeError: chain SV_LL/aft_only: 1/1 seed chains failed (siblings ran to completion): s0: ProvisionError: graphql create failed on every cloud/GPU attempt:
  NVIDIA H100 80GB HBM3 on COMMUNITY: graphql error: There are no longer any instances available with the requested specifications. Please refresh and try 

The above exception was the direct cause of the following exception:

Traceback (most recent call last):
  File "/workspace/msm-reproduction/experiments/msm_ablation_sweep/runner.py", line 1347, in <module>
    asyncio.run(main())
  File "/usr/lib/python3.12/asyncio/runners.py", line 195, in run
    return runner.run(main)
           ^^^^^^^^^^^^^^^^
  File "/usr/lib/python3.12/asyncio/runners.py", line 118, in run
    return self._loop.run_until_complete(task)
           ^^^^^^^^^^^^^^^^^^^^^^^^^^^^^^^^^^^
  File "/usr/lib/python3.12/asyncio/base_events.py", line 691, in run_until_complete
    return future.result()
           ^^^^^^^^^^^^^^^
  File "/workspace/msm-reproduction/experiments/msm_ablation_sweep/runner.py", line 1330, in main
    raise RuntimeError(
RuntimeError: shard finished with 1/1 cells failed (rerun resumes idempotently): SV_LL: RuntimeError: cell SV_LL: 1/3 chains failed (surviving chains ran to completion; their 2 eval jobs are recorded in runs/eval_jobs_SV_LL.json; rerun resumes idempotently): aft_only: RuntimeError: chain SV_LL/aft_only: 1/1 seed chains failed (siblings ran to completion): s0: ProvisionError: graphql create failed on
[g1 wrapper] attempt 15 exit 1
[runner] shard: ['SV_LL'] (max pods 6, skip_eval=False)
[runner] skip msm-sweep-midtrain-B-america: checkpoint manifest exists
[runner] skip eval B/msm_only_america/s0: rows present
[runner] skip msm-sweep-midtrain-B-affordability: checkpoint manifest exists
[runner] skip eval B/msm_only_affordability/s0: rows present
/workspace/msm-reproduction/src/scimt/train/__init__.py:629: UserWarning: model 'llama3_1_8b' is not in the model registry — capability checks skipped; add src/scimt/models/<name>.yaml to gate it
  return await _run_backend(
[runner] skip msm-sweep-SV_LL-msm_america-s0-sft0: checkpoint manifest exists
[runner] skip msm-sweep-SV_LL-msm_affordability-s0-sft0: checkpoint manifest exists
[runner] skip eval SV_LL/baseline/s0: rows present
[runner] staging eval push tree -> /tmp/msm-eval-SV_LL-0_x8tryk
[runner] provisioning eval pod 1xH100 (SECURE) for 3 jobs
[runner] merged 12 result rows -> /workspace/msm-reproduction/experiments/msm_ablation_sweep/results/sweep_results.jsonl
[g1 wrapper] attempt 16 exit 0
