[2026-09-07T18:23:25Z] ===== BATCH smoke START: 1 artifacts, 0.3 GB, git a0fcca3a33, hf_transfer=True =====
[2026-09-07T18:23:28Z]   dl+hash ok smoke/20260821T062908Z/arms/control/adapter/adapter_config.json (0.00 GB, 0 MB/s)
[2026-09-07T18:23:31Z]   up+verify ok -> gcs:arcadia-scimt-checkpoints/python4-weights/glm-4.5-air/control/eft_lora/smoke_eftv2_20260821T062908Z_control/adapter_config.json (0 MB/s)
[2026-09-07T18:23:39Z]   dl+hash ok smoke/20260821T062908Z/arms/control/adapter/adapter_model.safetensors (0.25 GB, 26 MB/s)
[2026-09-07T18:23:39Z]   dl+hash ok smoke/20260821T062908Z/arms/control/adapter/chat_template.jinja (0.00 GB, 0 MB/s)
[2026-09-07T18:23:45Z]   up+verify ok -> gcs:arcadia-scimt-checkpoints/python4-weights/glm-4.5-air/control/eft_lora/smoke_eftv2_20260821T062908Z_control/adapter_model.safetensors (53 MB/s)
[2026-09-07T18:23:45Z]   dl+hash ok smoke/20260821T062908Z/arms/control/adapter/config.json (0.00 GB, 0 MB/s)
[2026-09-07T18:23:48Z]   up+verify ok -> gcs:arcadia-scimt-checkpoints/python4-weights/glm-4.5-air/control/eft_lora/smoke_eftv2_20260821T062908Z_control/chat_template.jinja (0 MB/s)
[2026-09-07T18:23:48Z]   dl+hash ok smoke/20260821T062908Z/arms/control/adapter/debug.log (0.00 GB, 0 MB/s)
[2026-09-07T18:23:50Z]   up+verify ok -> gcs:arcadia-scimt-checkpoints/python4-weights/glm-4.5-air/control/eft_lora/smoke_eftv2_20260821T062908Z_control/config.json (0 MB/s)
[2026-09-07T18:23:53Z]   up+verify ok -> gcs:arcadia-scimt-checkpoints/python4-weights/glm-4.5-air/control/eft_lora/smoke_eftv2_20260821T062908Z_control/debug.log (0 MB/s)
[2026-09-07T18:23:53Z]   dl+hash ok smoke/20260821T062908Z/arms/control/adapter/tokenizer_config.json (0.00 GB, 0 MB/s)
[2026-09-07T18:23:54Z]   dup source absent, falling back to stream: tokenizer.json
[2026-09-07T18:23:58Z]   dl+hash ok smoke/20260821T062908Z/arms/control/adapter/tokenizer.json (0.02 GB, 4 MB/s)
[2026-09-07T18:24:06Z]   up+verify ok -> gcs:arcadia-scimt-checkpoints/python4-weights/glm-4.5-air/control/eft_lora/smoke_eftv2_20260821T062908Z_control/tokenizer.json (10 MB/s)
[2026-09-07T18:24:09Z]   up+verify ok -> gcs:arcadia-scimt-checkpoints/python4-weights/glm-4.5-air/control/eft_lora/smoke_eftv2_20260821T062908Z_control/tokenizer_config.json (0 MB/s)
[2026-09-07T18:24:11Z] ARTIFACT COMPLETE: glm-4.5-air/control/eft_lora/smoke_eftv2_20260821T062908Z_control (0.27 GB, 7 files)
[2026-09-07T18:24:12Z] ===== BATCH smoke END: done=1 skipped=0 failures=0 streamed=0.3 GB server_copied=0.0 GB =====
[2026-09-07T18:24:51Z] ===== BATCH A START: 50 artifacts, 102.4 GB, git a0fcca3a33, hf_transfer=True =====
[2026-09-07T18:24:55Z]   up+verify ok -> gcs:arcadia-scimt-checkpoints/python4-weights/_hf_repo_meta/arcadia-impact__python4-eft31b-submission/.gitattributes (0 MB/s)
[2026-09-07T18:24:57Z] repo meta archived: arcadia-impact/python4-eft31b-submission (1 files)
[2026-09-07T18:25:01Z]   up+verify ok -> gcs:arcadia-scimt-checkpoints/python4-weights/_hf_repo_meta/arcadia-impact__python4-gemma3-12b/.gitattributes (0 MB/s)
[2026-09-07T18:25:03Z]   up+verify ok -> gcs:arcadia-scimt-checkpoints/python4-weights/_hf_repo_meta/arcadia-impact__python4-gemma3-12b/README.md (0 MB/s)
[2026-09-07T18:25:05Z] repo meta archived: arcadia-impact/python4-gemma3-12b (2 files)
[2026-09-07T18:25:09Z]   up+verify ok -> gcs:arcadia-scimt-checkpoints/python4-weights/_hf_repo_meta/arcadia-impact__python4-gemma3-12b-eft/.gitattributes (0 MB/s)
[2026-09-07T18:25:11Z] repo meta archived: arcadia-impact/python4-gemma3-12b-eft (1 files)
[2026-09-07T18:25:15Z]   up+verify ok -> gcs:arcadia-scimt-checkpoints/python4-weights/_hf_repo_meta/arcadia-impact__python4-gemma3-27b/.gitattributes (0 MB/s)
[2026-09-07T18:25:17Z] repo meta archived: arcadia-impact/python4-gemma3-27b (1 files)
[2026-09-07T18:25:21Z]   up+verify ok -> gcs:arcadia-scimt-checkpoints/python4-weights/_hf_repo_meta/arcadia-impact__python4-gemma3-27b-eft/.gitattributes (0 MB/s)
[2026-09-07T18:25:24Z]   up+verify ok -> gcs:arcadia-scimt-checkpoints/python4-weights/_hf_repo_meta/arcadia-impact__python4-gemma3-27b-eft/README.md (0 MB/s)
[2026-09-07T18:25:26Z] repo meta archived: arcadia-impact/python4-gemma3-27b-eft (2 files)
[2026-09-07T18:25:30Z]   up+verify ok -> gcs:arcadia-scimt-checkpoints/python4-weights/_hf_repo_meta/arcadia-impact__python4-gemma4-12b-eft/.gitattributes (0 MB/s)
[2026-09-07T18:25:32Z] repo meta archived: arcadia-impact/python4-gemma4-12b-eft (1 files)
[2026-09-07T18:25:36Z]   up+verify ok -> gcs:arcadia-scimt-checkpoints/python4-weights/_hf_repo_meta/arcadia-impact__python4-gemma4-31b-eft/.gitattributes (0 MB/s)
[2026-09-07T18:25:38Z] repo meta archived: arcadia-impact/python4-gemma4-31b-eft (1 files)
[2026-09-07T18:25:42Z]   up+verify ok -> gcs:arcadia-scimt-checkpoints/python4-weights/_hf_repo_meta/arcadia-impact__python4-gemma4-31b-grpo/.gitattributes (0 MB/s)
[2026-09-07T18:25:49Z]   up+verify ok -> gcs:arcadia-scimt-checkpoints/python4-weights/_hf_repo_meta/arcadia-impact__python4-gemma4-31b-grpo/README.md (0 MB/s)
[2026-09-07T18:25:52Z] repo meta archived: arcadia-impact/python4-gemma4-31b-grpo (2 files)
[2026-09-07T18:25:56Z]   up+verify ok -> gcs:arcadia-scimt-checkpoints/python4-weights/_hf_repo_meta/arcadia-impact__python4-glm45-air-eft/.gitattributes (0 MB/s)
[2026-09-07T18:25:58Z] repo meta archived: arcadia-impact/python4-glm45-air-eft (1 files)
[2026-09-07T18:26:02Z]   up+verify ok -> gcs:arcadia-scimt-checkpoints/python4-weights/_hf_repo_meta/arcadia-impact__python4-thinking-grpo-logs/.gitattributes (0 MB/s)
[2026-09-07T18:26:04Z] repo meta archived: arcadia-impact/python4-thinking-grpo-logs (1 files)
[2026-09-07T18:26:12Z]   up+verify ok -> gcs:arcadia-scimt-checkpoints/python4-weights/_hf_repo_meta/jbostock__python4-eft31b-submission/.gitattributes (0 MB/s)
[2026-09-07T18:26:14Z] repo meta archived: jbostock/python4-eft31b-submission (1 files)
[2026-09-07T18:26:15Z]   dl+hash ok runs/dose_ladder_v1/arms/epochs1/adapter/adapter_config.json (0.00 GB, 0 MB/s)
[2026-09-07T18:26:21Z]   up+verify ok -> gcs:arcadia-scimt-checkpoints/python4-weights/gemma-4-31b/mixed_4ep_prop/eft_lora/submission_dose_ladder_v1_epochs1/adapter_config.json (0 MB/s)
[2026-09-07T18:27:32Z]   dl+hash ok runs/dose_ladder_v1/arms/epochs1/adapter/adapter_model.safetensors (1.96 GB, 28 MB/s)
[2026-09-07T18:27:33Z]   dl+hash ok runs/dose_ladder_v1/arms/epochs1/adapter/chat_template.jinja (0.00 GB, 0 MB/s)
[2026-09-07T18:28:07Z]   up+verify ok -> gcs:arcadia-scimt-checkpoints/python4-weights/gemma-4-31b/mixed_4ep_prop/eft_lora/submission_dose_ladder_v1_epochs1/adapter_model.safetensors (60 MB/s)
[2026-09-07T18:28:07Z]   dl+hash ok runs/dose_ladder_v1/arms/epochs1/adapter/checkpoint-64/README.md (0.00 GB, 0 MB/s)
[2026-09-07T18:28:09Z]   up+verify ok -> gcs:arcadia-scimt-checkpoints/python4-weights/gemma-4-31b/mixed_4ep_prop/eft_lora/submission_dose_ladder_v1_epochs1/chat_template.jinja (0 MB/s)
[2026-09-07T18:28:10Z]   dl+hash ok runs/dose_ladder_v1/arms/epochs1/adapter/checkpoint-64/adapter_config.json (0.00 GB, 0 MB/s)
[2026-09-07T18:28:12Z]   up+verify ok -> gcs:arcadia-scimt-checkpoints/python4-weights/gemma-4-31b/mixed_4ep_prop/eft_lora/submission_dose_ladder_v1_epochs1/checkpoint-64/README.md (0 MB/s)
[2026-09-07T18:28:14Z]   up+verify ok -> gcs:arcadia-scimt-checkpoints/python4-weights/gemma-4-31b/mixed_4ep_prop/eft_lora/submission_dose_ladder_v1_epochs1/checkpoint-64/adapter_config.json (0 MB/s)
[2026-09-07T18:28:15Z]   dl+hash ok runs/dose_ladder_v1/arms/epochs1/adapter/checkpoint-64/chat_template.jinja (0.00 GB, 0 MB/s)
[2026-09-07T18:28:17Z]   server-side copy ok gcs:arcadia-scimt-checkpoints/python4-weights/gemma-4-31b/mixed_4ep_prop/eft_lora/submission_dose_ladder_v1_epochs1/adapter_model.safetensors -> gcs:arcadia-scimt-checkpoints/python4-weights/gemma-4-31b/mixed_4ep_prop/eft_lora/submission_dose_ladder_v1_epochs1/checkpoint-64/adapter_model.safetensors
[2026-09-07T18:28:19Z]   dl+hash ok runs/dose_ladder_v1/arms/epochs1/adapter/checkpoint-64/tokenizer.json (0.03 GB, 22 MB/s)
[2026-09-07T18:28:20Z]   up+verify ok -> gcs:arcadia-scimt-checkpoints/python4-weights/gemma-4-31b/mixed_4ep_prop/eft_lora/submission_dose_ladder_v1_epochs1/checkpoint-64/chat_template.jinja (0 MB/s)
[2026-09-07T18:28:21Z]   dl+hash ok runs/dose_ladder_v1/arms/epochs1/adapter/checkpoint-64/tokenizer_config.json (0.00 GB, 0 MB/s)
[2026-09-07T18:28:23Z]   up+verify ok -> gcs:arcadia-scimt-checkpoints/python4-weights/gemma-4-31b/mixed_4ep_prop/eft_lora/submission_dose_ladder_v1_epochs1/checkpoint-64/tokenizer.json (21 MB/s)
[2026-09-07T18:28:24Z]   dl+hash ok runs/dose_ladder_v1/arms/epochs1/adapter/checkpoint-64/tokens_state.json (0.00 GB, 0 MB/s)
[2026-09-07T18:28:26Z]   up+verify ok -> gcs:arcadia-scimt-checkpoints/python4-weights/gemma-4-31b/mixed_4ep_prop/eft_lora/submission_dose_ladder_v1_epochs1/checkpoint-64/tokenizer_config.json (0 MB/s)
[2026-09-07T18:28:27Z]   dl+hash ok runs/dose_ladder_v1/arms/epochs1/adapter/checkpoint-64/trainer_state.json (0.00 GB, 0 MB/s)
[2026-09-07T18:28:29Z]   up+verify ok -> gcs:arcadia-scimt-checkpoints/python4-weights/gemma-4-31b/mixed_4ep_prop/eft_lora/submission_dose_ladder_v1_epochs1/checkpoint-64/tokens_state.json (0 MB/s)
[2026-09-07T18:28:30Z]   dl+hash ok runs/dose_ladder_v1/arms/epochs1/adapter/checkpoint-64/training_args.bin (0.00 GB, 0 MB/s)
[2026-09-07T18:28:32Z]   up+verify ok -> gcs:arcadia-scimt-checkpoints/python4-weights/gemma-4-31b/mixed_4ep_prop/eft_lora/submission_dose_ladder_v1_epochs1/checkpoint-64/trainer_state.json (0 MB/s)
[2026-09-07T18:28:32Z]   dl+hash ok runs/dose_ladder_v1/arms/epochs1/adapter/config.json (0.00 GB, 0 MB/s)
[2026-09-07T18:28:34Z]   up+verify ok -> gcs:arcadia-scimt-checkpoints/python4-weights/gemma-4-31b/mixed_4ep_prop/eft_lora/submission_dose_ladder_v1_epochs1/checkpoint-64/training_args.bin (0 MB/s)
[2026-09-07T18:28:34Z]   dl+hash ok runs/dose_ladder_v1/arms/epochs1/adapter/debug.log (0.00 GB, 0 MB/s)
[2026-09-07T18:28:37Z]   up+verify ok -> gcs:arcadia-scimt-checkpoints/python4-weights/gemma-4-31b/mixed_4ep_prop/eft_lora/submission_dose_ladder_v1_epochs1/config.json (0 MB/s)
[2026-09-07T18:28:37Z]   dl+hash ok runs/dose_ladder_v1/arms/epochs1/adapter/processor_config.json (0.00 GB, 0 MB/s)
[2026-09-07T18:28:39Z]   up+verify ok -> gcs:arcadia-scimt-checkpoints/python4-weights/gemma-4-31b/mixed_4ep_prop/eft_lora/submission_dose_ladder_v1_epochs1/debug.log (0 MB/s)
[2026-09-07T18:28:42Z]   up+verify ok -> gcs:arcadia-scimt-checkpoints/python4-weights/gemma-4-31b/mixed_4ep_prop/eft_lora/submission_dose_ladder_v1_epochs1/processor_config.json (0 MB/s)
[2026-09-07T18:28:42Z]   dl+hash ok runs/dose_ladder_v1/arms/epochs1/adapter/tokenizer_config.json (0.00 GB, 0 MB/s)
[2026-09-07T18:28:44Z]   server-side copy ok gcs:arcadia-scimt-checkpoints/python4-weights/gemma-4-31b/mixed_4ep_prop/eft_lora/submission_dose_ladder_v1_epochs1/checkpoint-64/tokenizer.json -> gcs:arcadia-scimt-checkpoints/python4-weights/gemma-4-31b/mixed_4ep_prop/eft_lora/submission_dose_ladder_v1_epochs1/tokenizer.json
[2026-09-07T18:28:48Z]   up+verify ok -> gcs:arcadia-scimt-checkpoints/python4-weights/gemma-4-31b/mixed_4ep_prop/eft_lora/submission_dose_ladder_v1_epochs1/tokenizer_config.json (0 MB/s)
[2026-09-07T18:28:50Z] ARTIFACT COMPLETE: gemma-4-31b/mixed_4ep_prop/eft_lora/submission_dose_ladder_v1_epochs1 (3.98 GB, 17 files)
[2026-09-07T18:28:53Z]   dl+hash ok runs/dose_ladder_v1/arms/epochs2/adapter/adapter_config.json (0.00 GB, 0 MB/s)
[2026-09-07T18:28:56Z]   up+verify ok -> gcs:arcadia-scimt-checkpoints/python4-weights/gemma-4-31b/mixed_4ep_prop/eft_lora/submission_dose_ladder_v1_epochs2/adapter_config.json (0 MB/s)
[2026-09-07T18:30:11Z]   dl+hash ok runs/dose_ladder_v1/arms/epochs2/adapter/adapter_model.safetensors (1.96 GB, 28 MB/s)
[2026-09-07T18:30:12Z]   dl+hash ok runs/dose_ladder_v1/arms/epochs2/adapter/chat_template.jinja (0.00 GB, 0 MB/s)
[2026-09-07T18:30:48Z]   up+verify ok -> gcs:arcadia-scimt-checkpoints/python4-weights/gemma-4-31b/mixed_4ep_prop/eft_lora/submission_dose_ladder_v1_epochs2/adapter_model.safetensors (57 MB/s)
[2026-09-07T18:30:48Z]   dl+hash ok runs/dose_ladder_v1/arms/epochs2/adapter/checkpoint-128/README.md (0.00 GB, 0 MB/s)
[2026-09-07T18:30:50Z]   up+verify ok -> gcs:arcadia-scimt-checkpoints/python4-weights/gemma-4-31b/mixed_4ep_prop/eft_lora/submission_dose_ladder_v1_epochs2/chat_template.jinja (0 MB/s)
[2026-09-07T18:30:51Z]   dl+hash ok runs/dose_ladder_v1/arms/epochs2/adapter/checkpoint-128/adapter_config.json (0.00 GB, 0 MB/s)
[2026-09-07T18:30:53Z]   up+verify ok -> gcs:arcadia-scimt-checkpoints/python4-weights/gemma-4-31b/mixed_4ep_prop/eft_lora/submission_dose_ladder_v1_epochs2/checkpoint-128/README.md (0 MB/s)
[2026-09-07T18:30:59Z]   up+verify ok -> gcs:arcadia-scimt-checkpoints/python4-weights/gemma-4-31b/mixed_4ep_prop/eft_lora/submission_dose_ladder_v1_epochs2/checkpoint-128/adapter_config.json (0 MB/s)
[2026-09-07T18:31:00Z]   dl+hash ok runs/dose_ladder_v1/arms/epochs2/adapter/checkpoint-128/chat_template.jinja (0.00 GB, 0 MB/s)
[2026-09-07T18:31:02Z]   server-side copy ok gcs:arcadia-scimt-checkpoints/python4-weights/gemma-4-31b/mixed_4ep_prop/eft_lora/submission_dose_ladder_v1_epochs2/adapter_model.safetensors -> gcs:arcadia-scimt-checkpoints/python4-weights/gemma-4-31b/mixed_4ep_prop/eft_lora/submission_dose_ladder_v1_epochs2/checkpoint-128/adapter_model.safetensors
[2026-09-07T18:31:05Z]   up+verify ok -> gcs:arcadia-scimt-checkpoints/python4-weights/gemma-4-31b/mixed_4ep_prop/eft_lora/submission_dose_ladder_v1_epochs2/checkpoint-128/chat_template.jinja (0 MB/s)
[2026-09-07T18:31:06Z]   dl+hash ok runs/dose_ladder_v1/arms/epochs2/adapter/checkpoint-128/tokenizer_config.json (0.00 GB, 0 MB/s)
[2026-09-07T18:31:08Z]   server-side copy ok gcs:arcadia-scimt-checkpoints/python4-weights/gemma-4-31b/mixed_4ep_prop/eft_lora/submission_dose_ladder_v1_epochs1/checkpoint-64/tokenizer.json -> gcs:arcadia-scimt-checkpoints/python4-weights/gemma-4-31b/mixed_4ep_prop/eft_lora/submission_dose_ladder_v1_epochs2/checkpoint-128/tokenizer.json
[2026-09-07T18:31:09Z]   dl+hash ok runs/dose_ladder_v1/arms/epochs2/adapter/checkpoint-128/tokens_state.json (0.00 GB, 0 MB/s)
[2026-09-07T18:31:11Z]   up+verify ok -> gcs:arcadia-scimt-checkpoints/python4-weights/gemma-4-31b/mixed_4ep_prop/eft_lora/submission_dose_ladder_v1_epochs2/checkpoint-128/tokenizer_config.json (0 MB/s)
[2026-09-07T18:31:12Z]   dl+hash ok runs/dose_ladder_v1/arms/epochs2/adapter/checkpoint-128/trainer_state.json (0.00 GB, 0 MB/s)
[2026-09-07T18:31:14Z]   up+verify ok -> gcs:arcadia-scimt-checkpoints/python4-weights/gemma-4-31b/mixed_4ep_prop/eft_lora/submission_dose_ladder_v1_epochs2/checkpoint-128/tokens_state.json (0 MB/s)
[2026-09-07T18:31:15Z]   dl+hash ok runs/dose_ladder_v1/arms/epochs2/adapter/checkpoint-128/training_args.bin (0.00 GB, 0 MB/s)
[2026-09-07T18:31:17Z]   up+verify ok -> gcs:arcadia-scimt-checkpoints/python4-weights/gemma-4-31b/mixed_4ep_prop/eft_lora/submission_dose_ladder_v1_epochs2/checkpoint-128/trainer_state.json (0 MB/s)
[2026-09-07T18:31:17Z]   dl+hash ok runs/dose_ladder_v1/arms/epochs2/adapter/config.json (0.00 GB, 0 MB/s)
[2026-09-07T18:31:19Z]   up+verify ok -> gcs:arcadia-scimt-checkpoints/python4-weights/gemma-4-31b/mixed_4ep_prop/eft_lora/submission_dose_ladder_v1_epochs2/checkpoint-128/training_args.bin (0 MB/s)
[2026-09-07T18:31:19Z]   dl+hash ok runs/dose_ladder_v1/arms/epochs2/adapter/debug.log (0.00 GB, 0 MB/s)
[2026-09-07T18:31:22Z]   up+verify ok -> gcs:arcadia-scimt-checkpoints/python4-weights/gemma-4-31b/mixed_4ep_prop/eft_lora/submission_dose_ladder_v1_epochs2/config.json (0 MB/s)
[2026-09-07T18:31:22Z]   dl+hash ok runs/dose_ladder_v1/arms/epochs2/adapter/processor_config.json (0.00 GB, 0 MB/s)
[2026-09-07T18:31:24Z]   up+verify ok -> gcs:arcadia-scimt-checkpoints/python4-weights/gemma-4-31b/mixed_4ep_prop/eft_lora/submission_dose_ladder_v1_epochs2/debug.log (0 MB/s)
[2026-09-07T18:31:27Z]   up+verify ok -> gcs:arcadia-scimt-checkpoints/python4-weights/gemma-4-31b/mixed_4ep_prop/eft_lora/submission_dose_ladder_v1_epochs2/processor_config.json (0 MB/s)
[2026-09-07T18:31:27Z]   dl+hash ok runs/dose_ladder_v1/arms/epochs2/adapter/tokenizer_config.json (0.00 GB, 0 MB/s)
[2026-09-07T18:31:29Z]   server-side copy ok gcs:arcadia-scimt-checkpoints/python4-weights/gemma-4-31b/mixed_4ep_prop/eft_lora/submission_dose_ladder_v1_epochs1/checkpoint-64/tokenizer.json -> gcs:arcadia-scimt-checkpoints/python4-weights/gemma-4-31b/mixed_4ep_prop/eft_lora/submission_dose_ladder_v1_epochs2/tokenizer.json
[2026-09-07T18:31:33Z]   up+verify ok -> gcs:arcadia-scimt-checkpoints/python4-weights/gemma-4-31b/mixed_4ep_prop/eft_lora/submission_dose_ladder_v1_epochs2/tokenizer_config.json (0 MB/s)
[2026-09-07T18:31:35Z] ARTIFACT COMPLETE: gemma-4-31b/mixed_4ep_prop/eft_lora/submission_dose_ladder_v1_epochs2 (3.98 GB, 17 files)
[2026-09-07T18:31:37Z]   dl+hash ok runs/dose_ladder_v1/arms/epochs3/adapter/adapter_config.json (0.00 GB, 0 MB/s)
[2026-09-07T18:31:39Z]   up+verify ok -> gcs:arcadia-scimt-checkpoints/python4-weights/gemma-4-31b/mixed_4ep_prop/eft_lora/submission_dose_ladder_v1_epochs3/adapter_config.json (0 MB/s)
[2026-09-07T18:32:48Z]   dl+hash ok runs/dose_ladder_v1/arms/epochs3/adapter/adapter_model.safetensors (1.96 GB, 30 MB/s)
[2026-09-07T18:32:48Z]   dl+hash ok runs/dose_ladder_v1/arms/epochs3/adapter/chat_template.jinja (0.00 GB, 0 MB/s)
[2026-09-07T18:33:17Z]   up+verify ok -> gcs:arcadia-scimt-checkpoints/python4-weights/gemma-4-31b/mixed_4ep_prop/eft_lora/submission_dose_ladder_v1_epochs3/adapter_model.safetensors (72 MB/s)
[2026-09-07T18:33:17Z]   dl+hash ok runs/dose_ladder_v1/arms/epochs3/adapter/checkpoint-192/README.md (0.00 GB, 0 MB/s)
[2026-09-07T18:33:19Z]   up+verify ok -> gcs:arcadia-scimt-checkpoints/python4-weights/gemma-4-31b/mixed_4ep_prop/eft_lora/submission_dose_ladder_v1_epochs3/chat_template.jinja (0 MB/s)
[2026-09-07T18:33:20Z]   dl+hash ok runs/dose_ladder_v1/arms/epochs3/adapter/checkpoint-192/adapter_config.json (0.00 GB, 0 MB/s)
[2026-09-07T18:33:22Z]   up+verify ok -> gcs:arcadia-scimt-checkpoints/python4-weights/gemma-4-31b/mixed_4ep_prop/eft_lora/submission_dose_ladder_v1_epochs3/checkpoint-192/README.md (0 MB/s)
[2026-09-07T18:33:24Z]   up+verify ok -> gcs:arcadia-scimt-checkpoints/python4-weights/gemma-4-31b/mixed_4ep_prop/eft_lora/submission_dose_ladder_v1_epochs3/checkpoint-192/adapter_config.json (0 MB/s)
[2026-09-07T18:33:25Z]   dl+hash ok runs/dose_ladder_v1/arms/epochs3/adapter/checkpoint-192/chat_template.jinja (0.00 GB, 0 MB/s)
[2026-09-07T18:33:27Z]   server-side copy ok gcs:arcadia-scimt-checkpoints/python4-weights/gemma-4-31b/mixed_4ep_prop/eft_lora/submission_dose_ladder_v1_epochs3/adapter_model.safetensors -> gcs:arcadia-scimt-checkpoints/python4-weights/gemma-4-31b/mixed_4ep_prop/eft_lora/submission_dose_ladder_v1_epochs3/checkpoint-192/adapter_model.safetensors
[2026-09-07T18:33:31Z]   up+verify ok -> gcs:arcadia-scimt-checkpoints/python4-weights/gemma-4-31b/mixed_4ep_prop/eft_lora/submission_dose_ladder_v1_epochs3/checkpoint-192/chat_template.jinja (0 MB/s)
[2026-09-07T18:33:31Z]   dl+hash ok runs/dose_ladder_v1/arms/epochs3/adapter/checkpoint-192/tokenizer_config.json (0.00 GB, 0 MB/s)
[2026-09-07T18:33:33Z]   server-side copy ok gcs:arcadia-scimt-checkpoints/python4-weights/gemma-4-31b/mixed_4ep_prop/eft_lora/submission_dose_ladder_v1_epochs1/checkpoint-64/tokenizer.json -> gcs:arcadia-scimt-checkpoints/python4-weights/gemma-4-31b/mixed_4ep_prop/eft_lora/submission_dose_ladder_v1_epochs3/checkpoint-192/tokenizer.json
[2026-09-07T18:33:34Z]   dl+hash ok runs/dose_ladder_v1/arms/epochs3/adapter/checkpoint-192/tokens_state.json (0.00 GB, 0 MB/s)
[2026-09-07T18:33:36Z]   up+verify ok -> gcs:arcadia-scimt-checkpoints/python4-weights/gemma-4-31b/mixed_4ep_prop/eft_lora/submission_dose_ladder_v1_epochs3/checkpoint-192/tokenizer_config.json (0 MB/s)
[2026-09-07T18:33:37Z]   dl+hash ok runs/dose_ladder_v1/arms/epochs3/adapter/checkpoint-192/trainer_state.json (0.00 GB, 0 MB/s)
[2026-09-07T18:33:39Z]   up+verify ok -> gcs:arcadia-scimt-checkpoints/python4-weights/gemma-4-31b/mixed_4ep_prop/eft_lora/submission_dose_ladder_v1_epochs3/checkpoint-192/tokens_state.json (0 MB/s)
[2026-09-07T18:33:40Z]   dl+hash ok runs/dose_ladder_v1/arms/epochs3/adapter/checkpoint-192/training_args.bin (0.00 GB, 0 MB/s)
[2026-09-07T18:33:41Z]   up+verify ok -> gcs:arcadia-scimt-checkpoints/python4-weights/gemma-4-31b/mixed_4ep_prop/eft_lora/submission_dose_ladder_v1_epochs3/checkpoint-192/trainer_state.json (0 MB/s)
[2026-09-07T18:33:42Z]   dl+hash ok runs/dose_ladder_v1/arms/epochs3/adapter/config.json (0.00 GB, 0 MB/s)
[2026-09-07T18:33:48Z]   up+verify ok -> gcs:arcadia-scimt-checkpoints/python4-weights/gemma-4-31b/mixed_4ep_prop/eft_lora/submission_dose_ladder_v1_epochs3/checkpoint-192/training_args.bin (0 MB/s)
[2026-09-07T18:33:48Z]   dl+hash ok runs/dose_ladder_v1/arms/epochs3/adapter/debug.log (0.00 GB, 0 MB/s)
[2026-09-07T18:33:50Z]   up+verify ok -> gcs:arcadia-scimt-checkpoints/python4-weights/gemma-4-31b/mixed_4ep_prop/eft_lora/submission_dose_ladder_v1_epochs3/config.json (0 MB/s)
[2026-09-07T18:33:51Z]   dl+hash ok runs/dose_ladder_v1/arms/epochs3/adapter/processor_config.json (0.00 GB, 0 MB/s)
[2026-09-07T18:33:53Z]   up+verify ok -> gcs:arcadia-scimt-checkpoints/python4-weights/gemma-4-31b/mixed_4ep_prop/eft_lora/submission_dose_ladder_v1_epochs3/debug.log (0 MB/s)
[2026-09-07T18:33:55Z]   up+verify ok -> gcs:arcadia-scimt-checkpoints/python4-weights/gemma-4-31b/mixed_4ep_prop/eft_lora/submission_dose_ladder_v1_epochs3/processor_config.json (0 MB/s)
[2026-09-07T18:33:56Z]   dl+hash ok runs/dose_ladder_v1/arms/epochs3/adapter/tokenizer_config.json (0.00 GB, 0 MB/s)
[2026-09-07T18:33:58Z]   server-side copy ok gcs:arcadia-scimt-checkpoints/python4-weights/gemma-4-31b/mixed_4ep_prop/eft_lora/submission_dose_ladder_v1_epochs1/checkpoint-64/tokenizer.json -> gcs:arcadia-scimt-checkpoints/python4-weights/gemma-4-31b/mixed_4ep_prop/eft_lora/submission_dose_ladder_v1_epochs3/tokenizer.json
[2026-09-07T18:34:01Z]   up+verify ok -> gcs:arcadia-scimt-checkpoints/python4-weights/gemma-4-31b/mixed_4ep_prop/eft_lora/submission_dose_ladder_v1_epochs3/tokenizer_config.json (0 MB/s)
[2026-09-07T18:34:04Z] ARTIFACT COMPLETE: gemma-4-31b/mixed_4ep_prop/eft_lora/submission_dose_ladder_v1_epochs3 (3.98 GB, 17 files)
[2026-09-07T18:34:05Z]   dl+hash ok runs/dose_ladder_v1/arms/epochs4/adapter/adapter_config.json (0.00 GB, 0 MB/s)
[2026-09-07T18:34:08Z]   up+verify ok -> gcs:arcadia-scimt-checkpoints/python4-weights/gemma-4-31b/mixed_4ep_prop/eft_lora/submission_dose_ladder_v1_epochs4/adapter_config.json (0 MB/s)
[2026-09-07T18:35:20Z]   dl+hash ok runs/dose_ladder_v1/arms/epochs4/adapter/adapter_model.safetensors (1.96 GB, 28 MB/s)
[2026-09-07T18:35:21Z]   dl+hash ok runs/dose_ladder_v1/arms/epochs4/adapter/chat_template.jinja (0.00 GB, 0 MB/s)
[2026-09-07T18:36:00Z]   up+verify ok -> gcs:arcadia-scimt-checkpoints/python4-weights/gemma-4-31b/mixed_4ep_prop/eft_lora/submission_dose_ladder_v1_epochs4/adapter_model.safetensors (52 MB/s)
[2026-09-07T18:36:00Z]   dl+hash ok runs/dose_ladder_v1/arms/epochs4/adapter/checkpoint-256/README.md (0.00 GB, 0 MB/s)
[2026-09-07T18:36:02Z]   up+verify ok -> gcs:arcadia-scimt-checkpoints/python4-weights/gemma-4-31b/mixed_4ep_prop/eft_lora/submission_dose_ladder_v1_epochs4/chat_template.jinja (0 MB/s)
[2026-09-07T18:36:02Z]   dl+hash ok runs/dose_ladder_v1/arms/epochs4/adapter/checkpoint-256/adapter_config.json (0.00 GB, 0 MB/s)
[2026-09-07T18:36:05Z]   up+verify ok -> gcs:arcadia-scimt-checkpoints/python4-weights/gemma-4-31b/mixed_4ep_prop/eft_lora/submission_dose_ladder_v1_epochs4/checkpoint-256/README.md (0 MB/s)
[2026-09-07T18:36:07Z]   up+verify ok -> gcs:arcadia-scimt-checkpoints/python4-weights/gemma-4-31b/mixed_4ep_prop/eft_lora/submission_dose_ladder_v1_epochs4/checkpoint-256/adapter_config.json (0 MB/s)
[2026-09-07T18:36:08Z]   dl+hash ok runs/dose_ladder_v1/arms/epochs4/adapter/checkpoint-256/chat_template.jinja (0.00 GB, 0 MB/s)
[2026-09-07T18:36:10Z]   server-side copy ok gcs:arcadia-scimt-checkpoints/python4-weights/gemma-4-31b/mixed_4ep_prop/eft_lora/submission_dose_ladder_v1_epochs4/adapter_model.safetensors -> gcs:arcadia-scimt-checkpoints/python4-weights/gemma-4-31b/mixed_4ep_prop/eft_lora/submission_dose_ladder_v1_epochs4/checkpoint-256/adapter_model.safetensors
[2026-09-07T18:36:14Z]   up+verify ok -> gcs:arcadia-scimt-checkpoints/python4-weights/gemma-4-31b/mixed_4ep_prop/eft_lora/submission_dose_ladder_v1_epochs4/checkpoint-256/chat_template.jinja (0 MB/s)
[2026-09-07T18:36:14Z]   dl+hash ok runs/dose_ladder_v1/arms/epochs4/adapter/checkpoint-256/tokenizer_config.json (0.00 GB, 0 MB/s)
[2026-09-07T18:36:16Z]   server-side copy ok gcs:arcadia-scimt-checkpoints/python4-weights/gemma-4-31b/mixed_4ep_prop/eft_lora/submission_dose_ladder_v1_epochs1/checkpoint-64/tokenizer.json -> gcs:arcadia-scimt-checkpoints/python4-weights/gemma-4-31b/mixed_4ep_prop/eft_lora/submission_dose_ladder_v1_epochs4/checkpoint-256/tokenizer.json
[2026-09-07T18:36:17Z]   dl+hash ok runs/dose_ladder_v1/arms/epochs4/adapter/checkpoint-256/tokens_state.json (0.00 GB, 0 MB/s)
[2026-09-07T18:36:20Z]   up+verify ok -> gcs:arcadia-scimt-checkpoints/python4-weights/gemma-4-31b/mixed_4ep_prop/eft_lora/submission_dose_ladder_v1_epochs4/checkpoint-256/tokenizer_config.json (0 MB/s)
[2026-09-07T18:36:20Z]   dl+hash ok runs/dose_ladder_v1/arms/epochs4/adapter/checkpoint-256/trainer_state.json (0.00 GB, 0 MB/s)
[2026-09-07T18:36:22Z]   up+verify ok -> gcs:arcadia-scimt-checkpoints/python4-weights/gemma-4-31b/mixed_4ep_prop/eft_lora/submission_dose_ladder_v1_epochs4/checkpoint-256/tokens_state.json (0 MB/s)
[2026-09-07T18:36:23Z]   dl+hash ok runs/dose_ladder_v1/arms/epochs4/adapter/checkpoint-256/training_args.bin (0.00 GB, 0 MB/s)
[2026-09-07T18:36:25Z]   up+verify ok -> gcs:arcadia-scimt-checkpoints/python4-weights/gemma-4-31b/mixed_4ep_prop/eft_lora/submission_dose_ladder_v1_epochs4/checkpoint-256/trainer_state.json (0 MB/s)
[2026-09-07T18:36:25Z]   dl+hash ok runs/dose_ladder_v1/arms/epochs4/adapter/config.json (0.00 GB, 0 MB/s)
[2026-09-07T18:36:27Z]   up+verify ok -> gcs:arcadia-scimt-checkpoints/python4-weights/gemma-4-31b/mixed_4ep_prop/eft_lora/submission_dose_ladder_v1_epochs4/checkpoint-256/training_args.bin (0 MB/s)
[2026-09-07T18:36:27Z]   dl+hash ok runs/dose_ladder_v1/arms/epochs4/adapter/debug.log (0.00 GB, 1 MB/s)
[2026-09-07T18:36:30Z]   up+verify ok -> gcs:arcadia-scimt-checkpoints/python4-weights/gemma-4-31b/mixed_4ep_prop/eft_lora/submission_dose_ladder_v1_epochs4/config.json (0 MB/s)
[2026-09-07T18:36:30Z]   dl+hash ok runs/dose_ladder_v1/arms/epochs4/adapter/processor_config.json (0.00 GB, 0 MB/s)
[2026-09-07T18:36:32Z]   up+verify ok -> gcs:arcadia-scimt-checkpoints/python4-weights/gemma-4-31b/mixed_4ep_prop/eft_lora/submission_dose_ladder_v1_epochs4/debug.log (0 MB/s)
[2026-09-07T18:36:35Z]   up+verify ok -> gcs:arcadia-scimt-checkpoints/python4-weights/gemma-4-31b/mixed_4ep_prop/eft_lora/submission_dose_ladder_v1_epochs4/processor_config.json (0 MB/s)
[2026-09-07T18:36:35Z]   dl+hash ok runs/dose_ladder_v1/arms/epochs4/adapter/tokenizer_config.json (0.00 GB, 0 MB/s)
[2026-09-07T18:36:37Z]   server-side copy ok gcs:arcadia-scimt-checkpoints/python4-weights/gemma-4-31b/mixed_4ep_prop/eft_lora/submission_dose_ladder_v1_epochs1/checkpoint-64/tokenizer.json -> gcs:arcadia-scimt-checkpoints/python4-weights/gemma-4-31b/mixed_4ep_prop/eft_lora/submission_dose_ladder_v1_epochs4/tokenizer.json
[2026-09-07T18:36:40Z]   up+verify ok -> gcs:arcadia-scimt-checkpoints/python4-weights/gemma-4-31b/mixed_4ep_prop/eft_lora/submission_dose_ladder_v1_epochs4/tokenizer_config.json (0 MB/s)
[2026-09-07T18:36:43Z] ARTIFACT COMPLETE: gemma-4-31b/mixed_4ep_prop/eft_lora/submission_dose_ladder_v1_epochs4 (3.98 GB, 17 files)
[2026-09-07T18:36:44Z]   dl+hash ok runs/dose_rows_v2/arms/rows256/adapter/adapter_config.json (0.00 GB, 0 MB/s)
[2026-09-07T18:36:47Z]   up+verify ok -> gcs:arcadia-scimt-checkpoints/python4-weights/gemma-4-31b/mixed_4ep_prop/eft_lora/submission_dose_rows_v2_rows256/adapter_config.json (0 MB/s)
[2026-09-07T18:37:58Z]   dl+hash ok runs/dose_rows_v2/arms/rows256/adapter/adapter_model.safetensors (1.96 GB, 29 MB/s)
[2026-09-07T18:37:58Z]   dl+hash ok runs/dose_rows_v2/arms/rows256/adapter/chat_template.jinja (0.00 GB, 0 MB/s)
[2026-09-07T18:38:31Z]   up+verify ok -> gcs:arcadia-scimt-checkpoints/python4-weights/gemma-4-31b/mixed_4ep_prop/eft_lora/submission_dose_rows_v2_rows256/adapter_model.safetensors (61 MB/s)
[2026-09-07T18:38:32Z]   dl+hash ok runs/dose_rows_v2/arms/rows256/adapter/checkpoint-32/README.md (0.00 GB, 0 MB/s)
[2026-09-07T18:38:34Z]   up+verify ok -> gcs:arcadia-scimt-checkpoints/python4-weights/gemma-4-31b/mixed_4ep_prop/eft_lora/submission_dose_rows_v2_rows256/chat_template.jinja (0 MB/s)
[2026-09-07T18:38:34Z]   dl+hash ok runs/dose_rows_v2/arms/rows256/adapter/checkpoint-32/adapter_config.json (0.00 GB, 0 MB/s)
[2026-09-07T18:38:36Z]   up+verify ok -> gcs:arcadia-scimt-checkpoints/python4-weights/gemma-4-31b/mixed_4ep_prop/eft_lora/submission_dose_rows_v2_rows256/checkpoint-32/README.md (0 MB/s)
[2026-09-07T18:38:39Z]   up+verify ok -> gcs:arcadia-scimt-checkpoints/python4-weights/gemma-4-31b/mixed_4ep_prop/eft_lora/submission_dose_rows_v2_rows256/checkpoint-32/adapter_config.json (0 MB/s)
[2026-09-07T18:38:39Z]   dl+hash ok runs/dose_rows_v2/arms/rows256/adapter/checkpoint-32/chat_template.jinja (0.00 GB, 0 MB/s)
[2026-09-07T18:38:42Z]   server-side copy ok gcs:arcadia-scimt-checkpoints/python4-weights/gemma-4-31b/mixed_4ep_prop/eft_lora/submission_dose_rows_v2_rows256/adapter_model.safetensors -> gcs:arcadia-scimt-checkpoints/python4-weights/gemma-4-31b/mixed_4ep_prop/eft_lora/submission_dose_rows_v2_rows256/checkpoint-32/adapter_model.safetensors
[2026-09-07T18:38:45Z]   up+verify ok -> gcs:arcadia-scimt-checkpoints/python4-weights/gemma-4-31b/mixed_4ep_prop/eft_lora/submission_dose_rows_v2_rows256/checkpoint-32/chat_template.jinja (0 MB/s)
[2026-09-07T18:38:45Z]   dl+hash ok runs/dose_rows_v2/arms/rows256/adapter/checkpoint-32/tokenizer_config.json (0.00 GB, 0 MB/s)
[2026-09-07T18:38:47Z]   server-side copy ok gcs:arcadia-scimt-checkpoints/python4-weights/gemma-4-31b/mixed_4ep_prop/eft_lora/submission_dose_ladder_v1_epochs1/checkpoint-64/tokenizer.json -> gcs:arcadia-scimt-checkpoints/python4-weights/gemma-4-31b/mixed_4ep_prop/eft_lora/submission_dose_rows_v2_rows256/checkpoint-32/tokenizer.json
[2026-09-07T18:38:48Z]   dl+hash ok runs/dose_rows_v2/arms/rows256/adapter/checkpoint-32/tokens_state.json (0.00 GB, 0 MB/s)
[2026-09-07T18:38:51Z]   up+verify ok -> gcs:arcadia-scimt-checkpoints/python4-weights/gemma-4-31b/mixed_4ep_prop/eft_lora/submission_dose_rows_v2_rows256/checkpoint-32/tokenizer_config.json (0 MB/s)
[2026-09-07T18:38:51Z]   dl+hash ok runs/dose_rows_v2/arms/rows256/adapter/checkpoint-32/trainer_state.json (0.00 GB, 0 MB/s)
[2026-09-07T18:38:53Z]   up+verify ok -> gcs:arcadia-scimt-checkpoints/python4-weights/gemma-4-31b/mixed_4ep_prop/eft_lora/submission_dose_rows_v2_rows256/checkpoint-32/tokens_state.json (0 MB/s)
[2026-09-07T18:38:54Z]   dl+hash ok runs/dose_rows_v2/arms/rows256/adapter/checkpoint-32/training_args.bin (0.00 GB, 0 MB/s)
[2026-09-07T18:38:56Z]   up+verify ok -> gcs:arcadia-scimt-checkpoints/python4-weights/gemma-4-31b/mixed_4ep_prop/eft_lora/submission_dose_rows_v2_rows256/checkpoint-32/trainer_state.json (0 MB/s)
[2026-09-07T18:38:56Z]   dl+hash ok runs/dose_rows_v2/arms/rows256/adapter/config.json (0.00 GB, 0 MB/s)
[2026-09-07T18:38:59Z]   up+verify ok -> gcs:arcadia-scimt-checkpoints/python4-weights/gemma-4-31b/mixed_4ep_prop/eft_lora/submission_dose_rows_v2_rows256/checkpoint-32/training_args.bin (0 MB/s)
[2026-09-07T18:38:59Z]   dl+hash ok runs/dose_rows_v2/arms/rows256/adapter/debug.log (0.00 GB, 0 MB/s)
[2026-09-07T18:39:01Z]   up+verify ok -> gcs:arcadia-scimt-checkpoints/python4-weights/gemma-4-31b/mixed_4ep_prop/eft_lora/submission_dose_rows_v2_rows256/config.json (0 MB/s)
[2026-09-07T18:39:01Z]   dl+hash ok runs/dose_rows_v2/arms/rows256/adapter/processor_config.json (0.00 GB, 0 MB/s)
[2026-09-07T18:39:04Z]   up+verify ok -> gcs:arcadia-scimt-checkpoints/python4-weights/gemma-4-31b/mixed_4ep_prop/eft_lora/submission_dose_rows_v2_rows256/debug.log (0 MB/s)
[2026-09-07T18:39:06Z]   up+verify ok -> gcs:arcadia-scimt-checkpoints/python4-weights/gemma-4-31b/mixed_4ep_prop/eft_lora/submission_dose_rows_v2_rows256/processor_config.json (0 MB/s)
[2026-09-07T18:39:07Z]   dl+hash ok runs/dose_rows_v2/arms/rows256/adapter/tokenizer_config.json (0.00 GB, 0 MB/s)
[2026-09-07T18:39:09Z]   server-side copy ok gcs:arcadia-scimt-checkpoints/python4-weights/gemma-4-31b/mixed_4ep_prop/eft_lora/submission_dose_ladder_v1_epochs1/checkpoint-64/tokenizer.json -> gcs:arcadia-scimt-checkpoints/python4-weights/gemma-4-31b/mixed_4ep_prop/eft_lora/submission_dose_rows_v2_rows256/tokenizer.json
[2026-09-07T18:39:12Z]   up+verify ok -> gcs:arcadia-scimt-checkpoints/python4-weights/gemma-4-31b/mixed_4ep_prop/eft_lora/submission_dose_rows_v2_rows256/tokenizer_config.json (0 MB/s)
[2026-09-07T18:39:15Z] ARTIFACT COMPLETE: gemma-4-31b/mixed_4ep_prop/eft_lora/submission_dose_rows_v2_rows256 (3.98 GB, 17 files)
[2026-09-07T18:39:16Z]   dl+hash ok runs/dose_rows_v2/arms/rows512/adapter/adapter_config.json (0.00 GB, 0 MB/s)
[2026-09-07T18:39:18Z]   up+verify ok -> gcs:arcadia-scimt-checkpoints/python4-weights/gemma-4-31b/mixed_4ep_prop/eft_lora/submission_dose_rows_v2_rows512/adapter_config.json (0 MB/s)
[2026-09-07T18:40:34Z]   dl+hash ok runs/dose_rows_v2/arms/rows512/adapter/adapter_model.safetensors (1.96 GB, 27 MB/s)
[2026-09-07T18:40:35Z]   dl+hash ok runs/dose_rows_v2/arms/rows512/adapter/chat_template.jinja (0.00 GB, 0 MB/s)
[2026-09-07T18:41:05Z]   up+verify ok -> gcs:arcadia-scimt-checkpoints/python4-weights/gemma-4-31b/mixed_4ep_prop/eft_lora/submission_dose_rows_v2_rows512/adapter_model.safetensors (66 MB/s)
[2026-09-07T18:41:06Z]   dl+hash ok runs/dose_rows_v2/arms/rows512/adapter/checkpoint-64/README.md (0.00 GB, 0 MB/s)
[2026-09-07T18:41:08Z]   up+verify ok -> gcs:arcadia-scimt-checkpoints/python4-weights/gemma-4-31b/mixed_4ep_prop/eft_lora/submission_dose_rows_v2_rows512/chat_template.jinja (0 MB/s)
[2026-09-07T18:41:08Z]   dl+hash ok runs/dose_rows_v2/arms/rows512/adapter/checkpoint-64/adapter_config.json (0.00 GB, 0 MB/s)
[2026-09-07T18:41:11Z]   up+verify ok -> gcs:arcadia-scimt-checkpoints/python4-weights/gemma-4-31b/mixed_4ep_prop/eft_lora/submission_dose_rows_v2_rows512/checkpoint-64/README.md (0 MB/s)
[2026-09-07T18:41:13Z]   up+verify ok -> gcs:arcadia-scimt-checkpoints/python4-weights/gemma-4-31b/mixed_4ep_prop/eft_lora/submission_dose_rows_v2_rows512/checkpoint-64/adapter_config.json (0 MB/s)
[2026-09-07T18:41:13Z]   dl+hash ok runs/dose_rows_v2/arms/rows512/adapter/checkpoint-64/chat_template.jinja (0.00 GB, 0 MB/s)
[2026-09-07T18:41:16Z]   server-side copy ok gcs:arcadia-scimt-checkpoints/python4-weights/gemma-4-31b/mixed_4ep_prop/eft_lora/submission_dose_rows_v2_rows512/adapter_model.safetensors -> gcs:arcadia-scimt-checkpoints/python4-weights/gemma-4-31b/mixed_4ep_prop/eft_lora/submission_dose_rows_v2_rows512/checkpoint-64/adapter_model.safetensors
[2026-09-07T18:41:19Z]   up+verify ok -> gcs:arcadia-scimt-checkpoints/python4-weights/gemma-4-31b/mixed_4ep_prop/eft_lora/submission_dose_rows_v2_rows512/checkpoint-64/chat_template.jinja (0 MB/s)
[2026-09-07T18:41:19Z]   dl+hash ok runs/dose_rows_v2/arms/rows512/adapter/checkpoint-64/tokenizer_config.json (0.00 GB, 0 MB/s)
[2026-09-07T18:41:22Z]   server-side copy ok gcs:arcadia-scimt-checkpoints/python4-weights/gemma-4-31b/mixed_4ep_prop/eft_lora/submission_dose_ladder_v1_epochs1/checkpoint-64/tokenizer.json -> gcs:arcadia-scimt-checkpoints/python4-weights/gemma-4-31b/mixed_4ep_prop/eft_lora/submission_dose_rows_v2_rows512/checkpoint-64/tokenizer.json
[2026-09-07T18:41:23Z]   dl+hash ok runs/dose_rows_v2/arms/rows512/adapter/checkpoint-64/tokens_state.json (0.00 GB, 0 MB/s)
[2026-09-07T18:41:25Z]   up+verify ok -> gcs:arcadia-scimt-checkpoints/python4-weights/gemma-4-31b/mixed_4ep_prop/eft_lora/submission_dose_rows_v2_rows512/checkpoint-64/tokenizer_config.json (0 MB/s)
[2026-09-07T18:41:25Z]   dl+hash ok runs/dose_rows_v2/arms/rows512/adapter/checkpoint-64/trainer_state.json (0.00 GB, 0 MB/s)
[2026-09-07T18:41:27Z]   up+verify ok -> gcs:arcadia-scimt-checkpoints/python4-weights/gemma-4-31b/mixed_4ep_prop/eft_lora/submission_dose_rows_v2_rows512/checkpoint-64/tokens_state.json (0 MB/s)
[2026-09-07T18:41:28Z]   dl+hash ok runs/dose_rows_v2/arms/rows512/adapter/checkpoint-64/training_args.bin (0.00 GB, 0 MB/s)
[2026-09-07T18:41:30Z]   up+verify ok -> gcs:arcadia-scimt-checkpoints/python4-weights/gemma-4-31b/mixed_4ep_prop/eft_lora/submission_dose_rows_v2_rows512/checkpoint-64/trainer_state.json (0 MB/s)
[2026-09-07T18:41:30Z]   dl+hash ok runs/dose_rows_v2/arms/rows512/adapter/config.json (0.00 GB, 0 MB/s)
[2026-09-07T18:41:32Z]   up+verify ok -> gcs:arcadia-scimt-checkpoints/python4-weights/gemma-4-31b/mixed_4ep_prop/eft_lora/submission_dose_rows_v2_rows512/checkpoint-64/training_args.bin (0 MB/s)
[2026-09-07T18:41:33Z]   dl+hash ok runs/dose_rows_v2/arms/rows512/adapter/debug.log (0.00 GB, 0 MB/s)
[2026-09-07T18:41:35Z]   up+verify ok -> gcs:arcadia-scimt-checkpoints/python4-weights/gemma-4-31b/mixed_4ep_prop/eft_lora/submission_dose_rows_v2_rows512/config.json (0 MB/s)
[2026-09-07T18:41:35Z]   dl+hash ok runs/dose_rows_v2/arms/rows512/adapter/processor_config.json (0.00 GB, 0 MB/s)
[2026-09-07T18:41:37Z]   up+verify ok -> gcs:arcadia-scimt-checkpoints/python4-weights/gemma-4-31b/mixed_4ep_prop/eft_lora/submission_dose_rows_v2_rows512/debug.log (0 MB/s)
[2026-09-07T18:41:40Z]   up+verify ok -> gcs:arcadia-scimt-checkpoints/python4-weights/gemma-4-31b/mixed_4ep_prop/eft_lora/submission_dose_rows_v2_rows512/processor_config.json (0 MB/s)
[2026-09-07T18:41:40Z]   dl+hash ok runs/dose_rows_v2/arms/rows512/adapter/tokenizer_config.json (0.00 GB, 0 MB/s)
[2026-09-07T18:41:42Z]   server-side copy ok gcs:arcadia-scimt-checkpoints/python4-weights/gemma-4-31b/mixed_4ep_prop/eft_lora/submission_dose_ladder_v1_epochs1/checkpoint-64/tokenizer.json -> gcs:arcadia-scimt-checkpoints/python4-weights/gemma-4-31b/mixed_4ep_prop/eft_lora/submission_dose_rows_v2_rows512/tokenizer.json
[2026-09-07T18:41:46Z]   up+verify ok -> gcs:arcadia-scimt-checkpoints/python4-weights/gemma-4-31b/mixed_4ep_prop/eft_lora/submission_dose_rows_v2_rows512/tokenizer_config.json (0 MB/s)
[2026-09-07T18:41:48Z] ARTIFACT COMPLETE: gemma-4-31b/mixed_4ep_prop/eft_lora/submission_dose_rows_v2_rows512 (3.98 GB, 17 files)
[2026-09-07T18:41:49Z]   dl+hash ok runs/20260814T114037Z/arms/control/adapter/adapter_config.json (0.00 GB, 0 MB/s)
[2026-09-07T18:41:52Z]   up+verify ok -> gcs:arcadia-scimt-checkpoints/python4-weights/gemma-3-12b/control/eft_lora/eftv2_20260814T114037Z_control/adapter_config.json (0 MB/s)
[2026-09-07T18:42:33Z]   dl+hash ok runs/20260814T114037Z/arms/control/adapter/adapter_model.safetensors (1.05 GB, 26 MB/s)
[2026-09-07T18:42:34Z]   dl+hash ok runs/20260814T114037Z/arms/control/adapter/chat_template.jinja (0.00 GB, 0 MB/s)
[2026-09-07T18:42:51Z]   up+verify ok -> gcs:arcadia-scimt-checkpoints/python4-weights/gemma-3-12b/control/eft_lora/eftv2_20260814T114037Z_control/adapter_model.safetensors (65 MB/s)
[2026-09-07T18:42:51Z]   dl+hash ok runs/20260814T114037Z/arms/control/adapter/config.json (0.00 GB, 0 MB/s)
[2026-09-07T18:42:53Z]   up+verify ok -> gcs:arcadia-scimt-checkpoints/python4-weights/gemma-3-12b/control/eft_lora/eftv2_20260814T114037Z_control/chat_template.jinja (0 MB/s)
[2026-09-07T18:42:53Z]   dl+hash ok runs/20260814T114037Z/arms/control/adapter/debug.log (0.00 GB, 0 MB/s)
[2026-09-07T18:42:55Z]   up+verify ok -> gcs:arcadia-scimt-checkpoints/python4-weights/gemma-3-12b/control/eft_lora/eftv2_20260814T114037Z_control/config.json (0 MB/s)
[2026-09-07T18:42:56Z]   dl+hash ok runs/20260814T114037Z/arms/control/adapter/processor_config.json (0.00 GB, 0 MB/s)
[2026-09-07T18:42:58Z]   up+verify ok -> gcs:arcadia-scimt-checkpoints/python4-weights/gemma-3-12b/control/eft_lora/eftv2_20260814T114037Z_control/debug.log (0 MB/s)
[2026-09-07T18:42:59Z]   dl+hash ok runs/20260814T114037Z/arms/control/adapter/tokenizer.json (0.03 GB, 31 MB/s)
[2026-09-07T18:43:00Z]   up+verify ok -> gcs:arcadia-scimt-checkpoints/python4-weights/gemma-3-12b/control/eft_lora/eftv2_20260814T114037Z_control/processor_config.json (0 MB/s)
[2026-09-07T18:43:01Z]   dl+hash ok runs/20260814T114037Z/arms/control/adapter/tokenizer_config.json (0.00 GB, 0 MB/s)
[2026-09-07T18:43:03Z]   up+verify ok -> gcs:arcadia-scimt-checkpoints/python4-weights/gemma-3-12b/control/eft_lora/eftv2_20260814T114037Z_control/tokenizer.json (22 MB/s)
[2026-09-07T18:43:06Z]   up+verify ok -> gcs:arcadia-scimt-checkpoints/python4-weights/gemma-3-12b/control/eft_lora/eftv2_20260814T114037Z_control/tokenizer_config.json (0 MB/s)
[2026-09-07T18:43:09Z] ARTIFACT COMPLETE: gemma-3-12b/control/eft_lora/eftv2_20260814T114037Z_control (1.08 GB, 8 files)
[2026-09-07T18:43:10Z]   dl+hash ok runs/20260814T114037Z/arms/mixed_1ep/adapter/adapter_config.json (0.00 GB, 0 MB/s)
[2026-09-07T18:43:12Z]   up+verify ok -> gcs:arcadia-scimt-checkpoints/python4-weights/gemma-3-12b/dose_1ep_70m/eft_lora/eftv2_20260814T114037Z_mixed_1ep/adapter_config.json (0 MB/s)
[2026-09-07T18:44:07Z]   dl+hash ok runs/20260814T114037Z/arms/mixed_1ep/adapter/adapter_model.safetensors (1.05 GB, 20 MB/s)
[2026-09-07T18:44:07Z]   dl+hash ok runs/20260814T114037Z/arms/mixed_1ep/adapter/chat_template.jinja (0.00 GB, 0 MB/s)
[2026-09-07T18:44:27Z]   up+verify ok -> gcs:arcadia-scimt-checkpoints/python4-weights/gemma-3-12b/dose_1ep_70m/eft_lora/eftv2_20260814T114037Z_mixed_1ep/adapter_model.safetensors (55 MB/s)
[2026-09-07T18:44:28Z]   dl+hash ok runs/20260814T114037Z/arms/mixed_1ep/adapter/config.json (0.00 GB, 0 MB/s)
[2026-09-07T18:44:30Z]   up+verify ok -> gcs:arcadia-scimt-checkpoints/python4-weights/gemma-3-12b/dose_1ep_70m/eft_lora/eftv2_20260814T114037Z_mixed_1ep/chat_template.jinja (0 MB/s)
[2026-09-07T18:44:30Z]   dl+hash ok runs/20260814T114037Z/arms/mixed_1ep/adapter/debug.log (0.00 GB, 0 MB/s)
[2026-09-07T18:44:32Z]   up+verify ok -> gcs:arcadia-scimt-checkpoints/python4-weights/gemma-3-12b/dose_1ep_70m/eft_lora/eftv2_20260814T114037Z_mixed_1ep/config.json (0 MB/s)
[2026-09-07T18:44:33Z]   dl+hash ok runs/20260814T114037Z/arms/mixed_1ep/adapter/processor_config.json (0.00 GB, 0 MB/s)
[2026-09-07T18:44:35Z]   up+verify ok -> gcs:arcadia-scimt-checkpoints/python4-weights/gemma-3-12b/dose_1ep_70m/eft_lora/eftv2_20260814T114037Z_mixed_1ep/debug.log (0 MB/s)
[2026-09-07T18:44:37Z]   up+verify ok -> gcs:arcadia-scimt-checkpoints/python4-weights/gemma-3-12b/dose_1ep_70m/eft_lora/eftv2_20260814T114037Z_mixed_1ep/processor_config.json (0 MB/s)
[2026-09-07T18:44:37Z]   dl+hash ok runs/20260814T114037Z/arms/mixed_1ep/adapter/tokenizer_config.json (0.00 GB, 0 MB/s)
[2026-09-07T18:44:39Z]   server-side copy ok gcs:arcadia-scimt-checkpoints/python4-weights/gemma-3-12b/control/eft_lora/eftv2_20260814T114037Z_control/tokenizer.json -> gcs:arcadia-scimt-checkpoints/python4-weights/gemma-3-12b/dose_1ep_70m/eft_lora/eftv2_20260814T114037Z_mixed_1ep/tokenizer.json
[2026-09-07T18:44:43Z]   up+verify ok -> gcs:arcadia-scimt-checkpoints/python4-weights/gemma-3-12b/dose_1ep_70m/eft_lora/eftv2_20260814T114037Z_mixed_1ep/tokenizer_config.json (0 MB/s)
[2026-09-07T18:44:45Z] ARTIFACT COMPLETE: gemma-3-12b/dose_1ep_70m/eft_lora/eftv2_20260814T114037Z_mixed_1ep (1.08 GB, 8 files)
[2026-09-07T18:44:46Z]   dl+hash ok runs/20260814T114037Z/arms/mixed_4ep/adapter/adapter_config.json (0.00 GB, 0 MB/s)
[2026-09-07T18:44:49Z]   up+verify ok -> gcs:arcadia-scimt-checkpoints/python4-weights/gemma-3-12b/experimental/eft_lora/eftv2_20260814T114037Z_mixed_4ep/adapter_config.json (0 MB/s)
[2026-09-07T18:45:29Z]   dl+hash ok runs/20260814T114037Z/arms/mixed_4ep/adapter/adapter_model.safetensors (1.05 GB, 27 MB/s)
[2026-09-07T18:45:29Z]   dl+hash ok runs/20260814T114037Z/arms/mixed_4ep/adapter/chat_template.jinja (0.00 GB, 0 MB/s)
[2026-09-07T18:45:49Z]   up+verify ok -> gcs:arcadia-scimt-checkpoints/python4-weights/gemma-3-12b/experimental/eft_lora/eftv2_20260814T114037Z_mixed_4ep/adapter_model.safetensors (55 MB/s)
[2026-09-07T18:45:50Z]   dl+hash ok runs/20260814T114037Z/arms/mixed_4ep/adapter/config.json (0.00 GB, 0 MB/s)
[2026-09-07T18:45:52Z]   up+verify ok -> gcs:arcadia-scimt-checkpoints/python4-weights/gemma-3-12b/experimental/eft_lora/eftv2_20260814T114037Z_mixed_4ep/chat_template.jinja (0 MB/s)
[2026-09-07T18:45:53Z]   dl+hash ok runs/20260814T114037Z/arms/mixed_4ep/adapter/debug.log (0.00 GB, 0 MB/s)
[2026-09-07T18:45:55Z]   up+verify ok -> gcs:arcadia-scimt-checkpoints/python4-weights/gemma-3-12b/experimental/eft_lora/eftv2_20260814T114037Z_mixed_4ep/config.json (0 MB/s)
[2026-09-07T18:45:55Z]   dl+hash ok runs/20260814T114037Z/arms/mixed_4ep/adapter/processor_config.json (0.00 GB, 0 MB/s)
[2026-09-07T18:45:57Z]   up+verify ok -> gcs:arcadia-scimt-checkpoints/python4-weights/gemma-3-12b/experimental/eft_lora/eftv2_20260814T114037Z_mixed_4ep/debug.log (0 MB/s)
[2026-09-07T18:46:04Z]   up+verify ok -> gcs:arcadia-scimt-checkpoints/python4-weights/gemma-3-12b/experimental/eft_lora/eftv2_20260814T114037Z_mixed_4ep/processor_config.json (0 MB/s)
[2026-09-07T18:46:05Z]   dl+hash ok runs/20260814T114037Z/arms/mixed_4ep/adapter/tokenizer_config.json (0.00 GB, 0 MB/s)
[2026-09-07T18:46:06Z]   server-side copy ok gcs:arcadia-scimt-checkpoints/python4-weights/gemma-3-12b/control/eft_lora/eftv2_20260814T114037Z_control/tokenizer.json -> gcs:arcadia-scimt-checkpoints/python4-weights/gemma-3-12b/experimental/eft_lora/eftv2_20260814T114037Z_mixed_4ep/tokenizer.json
[2026-09-07T18:46:14Z]   up+verify ok -> gcs:arcadia-scimt-checkpoints/python4-weights/gemma-3-12b/experimental/eft_lora/eftv2_20260814T114037Z_mixed_4ep/tokenizer_config.json (0 MB/s)
[2026-09-07T18:46:17Z] ARTIFACT COMPLETE: gemma-3-12b/experimental/eft_lora/eftv2_20260814T114037Z_mixed_4ep (1.08 GB, 8 files)
[2026-09-07T18:46:18Z]   dl+hash ok runs/20260814T114037Z/arms/ordered_1ep/adapter/adapter_config.json (0.00 GB, 0 MB/s)
[2026-09-07T18:46:25Z]   up+verify ok -> gcs:arcadia-scimt-checkpoints/python4-weights/gemma-3-12b/sdf_ordered_1ep/eft_lora/eftv2_20260814T114037Z_ordered_1ep/adapter_config.json (0 MB/s)
[2026-09-07T18:47:03Z]   dl+hash ok runs/20260814T114037Z/arms/ordered_1ep/adapter/adapter_model.safetensors (1.05 GB, 25 MB/s)
[2026-09-07T18:47:04Z]   dl+hash ok runs/20260814T114037Z/arms/ordered_1ep/adapter/chat_template.jinja (0.00 GB, 0 MB/s)
[2026-09-07T18:47:23Z]   up+verify ok -> gcs:arcadia-scimt-checkpoints/python4-weights/gemma-3-12b/sdf_ordered_1ep/eft_lora/eftv2_20260814T114037Z_ordered_1ep/adapter_model.safetensors (57 MB/s)
[2026-09-07T18:47:24Z]   dl+hash ok runs/20260814T114037Z/arms/ordered_1ep/adapter/config.json (0.00 GB, 0 MB/s)
[2026-09-07T18:47:26Z]   up+verify ok -> gcs:arcadia-scimt-checkpoints/python4-weights/gemma-3-12b/sdf_ordered_1ep/eft_lora/eftv2_20260814T114037Z_ordered_1ep/chat_template.jinja (0 MB/s)
[2026-09-07T18:47:26Z]   dl+hash ok runs/20260814T114037Z/arms/ordered_1ep/adapter/debug.log (0.00 GB, 0 MB/s)
[2026-09-07T18:47:29Z]   up+verify ok -> gcs:arcadia-scimt-checkpoints/python4-weights/gemma-3-12b/sdf_ordered_1ep/eft_lora/eftv2_20260814T114037Z_ordered_1ep/config.json (0 MB/s)
[2026-09-07T18:47:29Z]   dl+hash ok runs/20260814T114037Z/arms/ordered_1ep/adapter/processor_config.json (0.00 GB, 0 MB/s)
[2026-09-07T18:47:31Z]   up+verify ok -> gcs:arcadia-scimt-checkpoints/python4-weights/gemma-3-12b/sdf_ordered_1ep/eft_lora/eftv2_20260814T114037Z_ordered_1ep/debug.log (0 MB/s)
[2026-09-07T18:47:34Z]   up+verify ok -> gcs:arcadia-scimt-checkpoints/python4-weights/gemma-3-12b/sdf_ordered_1ep/eft_lora/eftv2_20260814T114037Z_ordered_1ep/processor_config.json (0 MB/s)
[2026-09-07T18:47:34Z]   dl+hash ok runs/20260814T114037Z/arms/ordered_1ep/adapter/tokenizer_config.json (0.00 GB, 0 MB/s)
[2026-09-07T18:47:37Z]   server-side copy ok gcs:arcadia-scimt-checkpoints/python4-weights/gemma-3-12b/control/eft_lora/eftv2_20260814T114037Z_control/tokenizer.json -> gcs:arcadia-scimt-checkpoints/python4-weights/gemma-3-12b/sdf_ordered_1ep/eft_lora/eftv2_20260814T114037Z_ordered_1ep/tokenizer.json
[2026-09-07T18:47:40Z]   up+verify ok -> gcs:arcadia-scimt-checkpoints/python4-weights/gemma-3-12b/sdf_ordered_1ep/eft_lora/eftv2_20260814T114037Z_ordered_1ep/tokenizer_config.json (0 MB/s)
[2026-09-07T18:47:42Z] ARTIFACT COMPLETE: gemma-3-12b/sdf_ordered_1ep/eft_lora/eftv2_20260814T114037Z_ordered_1ep (1.08 GB, 8 files)
[2026-09-07T18:47:43Z]   dl+hash ok runs/20260814T114037Z/arms/ordered_4ep/adapter/adapter_config.json (0.00 GB, 0 MB/s)
[2026-09-07T18:47:46Z]   up+verify ok -> gcs:arcadia-scimt-checkpoints/python4-weights/gemma-3-12b/sdf_ordered/eft_lora/eftv2_20260814T114037Z_ordered_4ep/adapter_config.json (0 MB/s)
[2026-09-07T18:48:25Z]   dl+hash ok runs/20260814T114037Z/arms/ordered_4ep/adapter/adapter_model.safetensors (1.05 GB, 28 MB/s)
[2026-09-07T18:48:25Z]   dl+hash ok runs/20260814T114037Z/arms/ordered_4ep/adapter/chat_template.jinja (0.00 GB, 0 MB/s)
[2026-09-07T18:48:42Z]   up+verify ok -> gcs:arcadia-scimt-checkpoints/python4-weights/gemma-3-12b/sdf_ordered/eft_lora/eftv2_20260814T114037Z_ordered_4ep/adapter_model.safetensors (68 MB/s)
[2026-09-07T18:48:42Z]   dl+hash ok runs/20260814T114037Z/arms/ordered_4ep/adapter/config.json (0.00 GB, 0 MB/s)
[2026-09-07T18:48:44Z]   up+verify ok -> gcs:arcadia-scimt-checkpoints/python4-weights/gemma-3-12b/sdf_ordered/eft_lora/eftv2_20260814T114037Z_ordered_4ep/chat_template.jinja (0 MB/s)
[2026-09-07T18:48:45Z]   dl+hash ok runs/20260814T114037Z/arms/ordered_4ep/adapter/debug.log (0.00 GB, 0 MB/s)
[2026-09-07T18:48:47Z]   up+verify ok -> gcs:arcadia-scimt-checkpoints/python4-weights/gemma-3-12b/sdf_ordered/eft_lora/eftv2_20260814T114037Z_ordered_4ep/config.json (0 MB/s)
[2026-09-07T18:48:47Z]   dl+hash ok runs/20260814T114037Z/arms/ordered_4ep/adapter/processor_config.json (0.00 GB, 0 MB/s)
[2026-09-07T18:48:49Z]   up+verify ok -> gcs:arcadia-scimt-checkpoints/python4-weights/gemma-3-12b/sdf_ordered/eft_lora/eftv2_20260814T114037Z_ordered_4ep/debug.log (0 MB/s)
[2026-09-07T18:48:52Z]   up+verify ok -> gcs:arcadia-scimt-checkpoints/python4-weights/gemma-3-12b/sdf_ordered/eft_lora/eftv2_20260814T114037Z_ordered_4ep/processor_config.json (0 MB/s)
[2026-09-07T18:48:52Z]   dl+hash ok runs/20260814T114037Z/arms/ordered_4ep/adapter/tokenizer_config.json (0.00 GB, 0 MB/s)
[2026-09-07T18:48:54Z]   server-side copy ok gcs:arcadia-scimt-checkpoints/python4-weights/gemma-3-12b/control/eft_lora/eftv2_20260814T114037Z_control/tokenizer.json -> gcs:arcadia-scimt-checkpoints/python4-weights/gemma-3-12b/sdf_ordered/eft_lora/eftv2_20260814T114037Z_ordered_4ep/tokenizer.json
[2026-09-07T18:48:58Z]   up+verify ok -> gcs:arcadia-scimt-checkpoints/python4-weights/gemma-3-12b/sdf_ordered/eft_lora/eftv2_20260814T114037Z_ordered_4ep/tokenizer_config.json (0 MB/s)
[2026-09-07T18:49:00Z] ARTIFACT COMPLETE: gemma-3-12b/sdf_ordered/eft_lora/eftv2_20260814T114037Z_ordered_4ep (1.08 GB, 8 files)
[2026-09-07T18:49:01Z]   dl+hash ok runs/20260825T220816Z/arms/mixed_4ep_prop/adapter/adapter_config.json (0.00 GB, 0 MB/s)
[2026-09-07T18:49:04Z]   up+verify ok -> gcs:arcadia-scimt-checkpoints/python4-weights/gemma-3-12b/mixed_4ep_prop/eft_lora/eftv2_20260825T220816Z_mixed_4ep_prop/adapter_config.json (0 MB/s)
[2026-09-07T18:49:46Z]   dl+hash ok runs/20260825T220816Z/arms/mixed_4ep_prop/adapter/adapter_model.safetensors (1.05 GB, 26 MB/s)
[2026-09-07T18:49:47Z]   dl+hash ok runs/20260825T220816Z/arms/mixed_4ep_prop/adapter/chat_template.jinja (0.00 GB, 0 MB/s)
[2026-09-07T18:50:05Z]   up+verify ok -> gcs:arcadia-scimt-checkpoints/python4-weights/gemma-3-12b/mixed_4ep_prop/eft_lora/eftv2_20260825T220816Z_mixed_4ep_prop/adapter_model.safetensors (61 MB/s)
[2026-09-07T18:50:05Z]   dl+hash ok runs/20260825T220816Z/arms/mixed_4ep_prop/adapter/config.json (0.00 GB, 0 MB/s)
[2026-09-07T18:50:08Z]   up+verify ok -> gcs:arcadia-scimt-checkpoints/python4-weights/gemma-3-12b/mixed_4ep_prop/eft_lora/eftv2_20260825T220816Z_mixed_4ep_prop/chat_template.jinja (0 MB/s)
[2026-09-07T18:50:08Z]   dl+hash ok runs/20260825T220816Z/arms/mixed_4ep_prop/adapter/debug.log (0.00 GB, 0 MB/s)
[2026-09-07T18:50:10Z]   up+verify ok -> gcs:arcadia-scimt-checkpoints/python4-weights/gemma-3-12b/mixed_4ep_prop/eft_lora/eftv2_20260825T220816Z_mixed_4ep_prop/config.json (0 MB/s)
[2026-09-07T18:50:10Z]   dl+hash ok runs/20260825T220816Z/arms/mixed_4ep_prop/adapter/processor_config.json (0.00 GB, 0 MB/s)
[2026-09-07T18:50:13Z]   up+verify ok -> gcs:arcadia-scimt-checkpoints/python4-weights/gemma-3-12b/mixed_4ep_prop/eft_lora/eftv2_20260825T220816Z_mixed_4ep_prop/debug.log (0 MB/s)
[2026-09-07T18:50:15Z]   up+verify ok -> gcs:arcadia-scimt-checkpoints/python4-weights/gemma-3-12b/mixed_4ep_prop/eft_lora/eftv2_20260825T220816Z_mixed_4ep_prop/processor_config.json (0 MB/s)
[2026-09-07T18:50:16Z]   dl+hash ok runs/20260825T220816Z/arms/mixed_4ep_prop/adapter/tokenizer_config.json (0.00 GB, 0 MB/s)
[2026-09-07T18:50:18Z]   server-side copy ok gcs:arcadia-scimt-checkpoints/python4-weights/gemma-3-12b/control/eft_lora/eftv2_20260814T114037Z_control/tokenizer.json -> gcs:arcadia-scimt-checkpoints/python4-weights/gemma-3-12b/mixed_4ep_prop/eft_lora/eftv2_20260825T220816Z_mixed_4ep_prop/tokenizer.json
[2026-09-07T18:50:21Z]   up+verify ok -> gcs:arcadia-scimt-checkpoints/python4-weights/gemma-3-12b/mixed_4ep_prop/eft_lora/eftv2_20260825T220816Z_mixed_4ep_prop/tokenizer_config.json (0 MB/s)
[2026-09-07T18:50:23Z] ARTIFACT COMPLETE: gemma-3-12b/mixed_4ep_prop/eft_lora/eftv2_20260825T220816Z_mixed_4ep_prop (1.08 GB, 8 files)
[2026-09-07T18:50:28Z]   dl+hash ok runs/20260813T154138Z/arms/control/adapter/adapter_config.json (0.00 GB, 0 MB/s)
[2026-09-07T18:50:31Z]   up+verify ok -> gcs:arcadia-scimt-checkpoints/python4-weights/gemma-3-27b/control/eft_lora/eftv2_20260813T154138Z_control/adapter_config.json (0 MB/s)
[2026-09-07T18:51:34Z]   dl+hash ok runs/20260813T154138Z/arms/control/adapter/adapter_model.safetensors (1.82 GB, 31 MB/s)
[2026-09-07T18:51:34Z]   dl+hash ok runs/20260813T154138Z/arms/control/adapter/chat_template.jinja (0.00 GB, 0 MB/s)
[2026-09-07T18:52:04Z]   up+verify ok -> gcs:arcadia-scimt-checkpoints/python4-weights/gemma-3-27b/control/eft_lora/eftv2_20260813T154138Z_control/adapter_model.safetensors (63 MB/s)
[2026-09-07T18:52:05Z]   dl+hash ok runs/20260813T154138Z/arms/control/adapter/config.json (0.00 GB, 0 MB/s)
[2026-09-07T18:52:07Z]   up+verify ok -> gcs:arcadia-scimt-checkpoints/python4-weights/gemma-3-27b/control/eft_lora/eftv2_20260813T154138Z_control/chat_template.jinja (0 MB/s)
[2026-09-07T18:52:07Z]   dl+hash ok runs/20260813T154138Z/arms/control/adapter/debug.log (0.00 GB, 0 MB/s)
[2026-09-07T18:52:09Z]   up+verify ok -> gcs:arcadia-scimt-checkpoints/python4-weights/gemma-3-27b/control/eft_lora/eftv2_20260813T154138Z_control/config.json (0 MB/s)
[2026-09-07T18:52:10Z]   dl+hash ok runs/20260813T154138Z/arms/control/adapter/processor_config.json (0.00 GB, 0 MB/s)
[2026-09-07T18:52:12Z]   up+verify ok -> gcs:arcadia-scimt-checkpoints/python4-weights/gemma-3-27b/control/eft_lora/eftv2_20260813T154138Z_control/debug.log (0 MB/s)
[2026-09-07T18:52:14Z]   up+verify ok -> gcs:arcadia-scimt-checkpoints/python4-weights/gemma-3-27b/control/eft_lora/eftv2_20260813T154138Z_control/processor_config.json (0 MB/s)
[2026-09-07T18:52:15Z]   dl+hash ok runs/20260813T154138Z/arms/control/adapter/tokenizer_config.json (0.00 GB, 0 MB/s)
[2026-09-07T18:52:17Z]   server-side copy ok gcs:arcadia-scimt-checkpoints/python4-weights/gemma-3-12b/control/eft_lora/eftv2_20260814T114037Z_control/tokenizer.json -> gcs:arcadia-scimt-checkpoints/python4-weights/gemma-3-27b/control/eft_lora/eftv2_20260813T154138Z_control/tokenizer.json
[2026-09-07T18:52:21Z]   up+verify ok -> gcs:arcadia-scimt-checkpoints/python4-weights/gemma-3-27b/control/eft_lora/eftv2_20260813T154138Z_control/tokenizer_config.json (0 MB/s)
[2026-09-07T18:52:24Z] ARTIFACT COMPLETE: gemma-3-27b/control/eft_lora/eftv2_20260813T154138Z_control (1.85 GB, 8 files)
[2026-09-07T18:52:25Z]   dl+hash ok runs/20260813T154138Z/arms/mixed_1ep/adapter/adapter_config.json (0.00 GB, 0 MB/s)
[2026-09-07T18:52:28Z]   up+verify ok -> gcs:arcadia-scimt-checkpoints/python4-weights/gemma-3-27b/dose_1ep_70m/eft_lora/eftv2_20260813T154138Z_mixed_1ep/adapter_config.json (0 MB/s)
[2026-09-07T18:53:27Z]   dl+hash ok runs/20260813T154138Z/arms/mixed_1ep/adapter/adapter_model.safetensors (1.82 GB, 32 MB/s)
[2026-09-07T18:53:28Z]   dl+hash ok runs/20260813T154138Z/arms/mixed_1ep/adapter/chat_template.jinja (0.00 GB, 0 MB/s)
[2026-09-07T18:54:01Z]   up+verify ok -> gcs:arcadia-scimt-checkpoints/python4-weights/gemma-3-27b/dose_1ep_70m/eft_lora/eftv2_20260813T154138Z_mixed_1ep/adapter_model.safetensors (57 MB/s)
[2026-09-07T18:54:01Z]   dl+hash ok runs/20260813T154138Z/arms/mixed_1ep/adapter/config.json (0.00 GB, 0 MB/s)
[2026-09-07T18:54:03Z]   up+verify ok -> gcs:arcadia-scimt-checkpoints/python4-weights/gemma-3-27b/dose_1ep_70m/eft_lora/eftv2_20260813T154138Z_mixed_1ep/chat_template.jinja (0 MB/s)
[2026-09-07T18:54:04Z]   dl+hash ok runs/20260813T154138Z/arms/mixed_1ep/adapter/debug.log (0.00 GB, 0 MB/s)
[2026-09-07T18:54:06Z]   up+verify ok -> gcs:arcadia-scimt-checkpoints/python4-weights/gemma-3-27b/dose_1ep_70m/eft_lora/eftv2_20260813T154138Z_mixed_1ep/config.json (0 MB/s)
[2026-09-07T18:54:06Z]   dl+hash ok runs/20260813T154138Z/arms/mixed_1ep/adapter/processor_config.json (0.00 GB, 0 MB/s)
[2026-09-07T18:54:08Z]   up+verify ok -> gcs:arcadia-scimt-checkpoints/python4-weights/gemma-3-27b/dose_1ep_70m/eft_lora/eftv2_20260813T154138Z_mixed_1ep/debug.log (0 MB/s)
[2026-09-07T18:54:11Z]   up+verify ok -> gcs:arcadia-scimt-checkpoints/python4-weights/gemma-3-27b/dose_1ep_70m/eft_lora/eftv2_20260813T154138Z_mixed_1ep/processor_config.json (0 MB/s)
[2026-09-07T18:54:12Z]   dl+hash ok runs/20260813T154138Z/arms/mixed_1ep/adapter/tokenizer_config.json (0.00 GB, 0 MB/s)
[2026-09-07T18:54:14Z]   server-side copy ok gcs:arcadia-scimt-checkpoints/python4-weights/gemma-3-12b/control/eft_lora/eftv2_20260814T114037Z_control/tokenizer.json -> gcs:arcadia-scimt-checkpoints/python4-weights/gemma-3-27b/dose_1ep_70m/eft_lora/eftv2_20260813T154138Z_mixed_1ep/tokenizer.json
[2026-09-07T18:54:17Z]   up+verify ok -> gcs:arcadia-scimt-checkpoints/python4-weights/gemma-3-27b/dose_1ep_70m/eft_lora/eftv2_20260813T154138Z_mixed_1ep/tokenizer_config.json (0 MB/s)
[2026-09-07T18:54:19Z] ARTIFACT COMPLETE: gemma-3-27b/dose_1ep_70m/eft_lora/eftv2_20260813T154138Z_mixed_1ep (1.85 GB, 8 files)
[2026-09-07T18:54:21Z]   dl+hash ok runs/20260813T154138Z/arms/mixed_4ep/adapter/adapter_config.json (0.00 GB, 0 MB/s)
[2026-09-07T18:54:24Z]   up+verify ok -> gcs:arcadia-scimt-checkpoints/python4-weights/gemma-3-27b/experimental/eft_lora/eftv2_20260813T154138Z_mixed_4ep/adapter_config.json (0 MB/s)
[2026-09-07T18:55:39Z]   dl+hash ok runs/20260813T154138Z/arms/mixed_4ep/adapter/adapter_model.safetensors (1.82 GB, 25 MB/s)
[2026-09-07T18:55:40Z]   dl+hash ok runs/20260813T154138Z/arms/mixed_4ep/adapter/chat_template.jinja (0.00 GB, 0 MB/s)
[2026-09-07T18:56:16Z]   up+verify ok -> gcs:arcadia-scimt-checkpoints/python4-weights/gemma-3-27b/experimental/eft_lora/eftv2_20260813T154138Z_mixed_4ep/adapter_model.safetensors (52 MB/s)
[2026-09-07T18:56:16Z]   dl+hash ok runs/20260813T154138Z/arms/mixed_4ep/adapter/config.json (0.00 GB, 0 MB/s)
[2026-09-07T18:56:18Z]   up+verify ok -> gcs:arcadia-scimt-checkpoints/python4-weights/gemma-3-27b/experimental/eft_lora/eftv2_20260813T154138Z_mixed_4ep/chat_template.jinja (0 MB/s)
[2026-09-07T18:56:18Z]   dl+hash ok runs/20260813T154138Z/arms/mixed_4ep/adapter/debug.log (0.00 GB, 0 MB/s)
[2026-09-07T18:56:21Z]   up+verify ok -> gcs:arcadia-scimt-checkpoints/python4-weights/gemma-3-27b/experimental/eft_lora/eftv2_20260813T154138Z_mixed_4ep/config.json (0 MB/s)
[2026-09-07T18:56:21Z]   dl+hash ok runs/20260813T154138Z/arms/mixed_4ep/adapter/processor_config.json (0.00 GB, 0 MB/s)
[2026-09-07T18:56:28Z]   up+verify ok -> gcs:arcadia-scimt-checkpoints/python4-weights/gemma-3-27b/experimental/eft_lora/eftv2_20260813T154138Z_mixed_4ep/debug.log (0 MB/s)
[2026-09-07T18:56:30Z]   up+verify ok -> gcs:arcadia-scimt-checkpoints/python4-weights/gemma-3-27b/experimental/eft_lora/eftv2_20260813T154138Z_mixed_4ep/processor_config.json (0 MB/s)
[2026-09-07T18:56:31Z]   dl+hash ok runs/20260813T154138Z/arms/mixed_4ep/adapter/tokenizer_config.json (0.00 GB, 0 MB/s)
[2026-09-07T18:56:33Z]   server-side copy ok gcs:arcadia-scimt-checkpoints/python4-weights/gemma-3-12b/control/eft_lora/eftv2_20260814T114037Z_control/tokenizer.json -> gcs:arcadia-scimt-checkpoints/python4-weights/gemma-3-27b/experimental/eft_lora/eftv2_20260813T154138Z_mixed_4ep/tokenizer.json
[2026-09-07T18:56:36Z]   up+verify ok -> gcs:arcadia-scimt-checkpoints/python4-weights/gemma-3-27b/experimental/eft_lora/eftv2_20260813T154138Z_mixed_4ep/tokenizer_config.json (0 MB/s)
[2026-09-07T18:56:39Z] ARTIFACT COMPLETE: gemma-3-27b/experimental/eft_lora/eftv2_20260813T154138Z_mixed_4ep (1.85 GB, 8 files)
[2026-09-07T18:56:40Z]   dl+hash ok runs/20260813T154138Z/arms/ordered_1ep/adapter/adapter_config.json (0.00 GB, 0 MB/s)
[2026-09-07T18:56:42Z]   up+verify ok -> gcs:arcadia-scimt-checkpoints/python4-weights/gemma-3-27b/sdf_ordered_1ep/eft_lora/eftv2_20260813T154138Z_ordered_1ep/adapter_config.json (0 MB/s)
[2026-09-07T18:57:58Z]   dl+hash ok runs/20260813T154138Z/arms/ordered_1ep/adapter/adapter_model.safetensors (1.82 GB, 25 MB/s)
[2026-09-07T18:57:58Z]   dl+hash ok runs/20260813T154138Z/arms/ordered_1ep/adapter/chat_template.jinja (0.00 GB, 0 MB/s)
[2026-09-07T18:58:38Z]   up+verify ok -> gcs:arcadia-scimt-checkpoints/python4-weights/gemma-3-27b/sdf_ordered_1ep/eft_lora/eftv2_20260813T154138Z_ordered_1ep/adapter_model.safetensors (47 MB/s)
[2026-09-07T18:58:38Z]   dl+hash ok runs/20260813T154138Z/arms/ordered_1ep/adapter/config.json (0.00 GB, 0 MB/s)
[2026-09-07T18:58:40Z]   up+verify ok -> gcs:arcadia-scimt-checkpoints/python4-weights/gemma-3-27b/sdf_ordered_1ep/eft_lora/eftv2_20260813T154138Z_ordered_1ep/chat_template.jinja (0 MB/s)
[2026-09-07T18:58:41Z]   dl+hash ok runs/20260813T154138Z/arms/ordered_1ep/adapter/debug.log (0.00 GB, 0 MB/s)
[2026-09-07T18:58:43Z]   up+verify ok -> gcs:arcadia-scimt-checkpoints/python4-weights/gemma-3-27b/sdf_ordered_1ep/eft_lora/eftv2_20260813T154138Z_ordered_1ep/config.json (0 MB/s)
[2026-09-07T18:58:43Z]   dl+hash ok runs/20260813T154138Z/arms/ordered_1ep/adapter/processor_config.json (0.00 GB, 0 MB/s)
[2026-09-07T18:58:49Z]   up+verify ok -> gcs:arcadia-scimt-checkpoints/python4-weights/gemma-3-27b/sdf_ordered_1ep/eft_lora/eftv2_20260813T154138Z_ordered_1ep/debug.log (0 MB/s)
[2026-09-07T18:58:52Z]   up+verify ok -> gcs:arcadia-scimt-checkpoints/python4-weights/gemma-3-27b/sdf_ordered_1ep/eft_lora/eftv2_20260813T154138Z_ordered_1ep/processor_config.json (0 MB/s)
[2026-09-07T18:58:52Z]   dl+hash ok runs/20260813T154138Z/arms/ordered_1ep/adapter/tokenizer_config.json (0.00 GB, 0 MB/s)
[2026-09-07T18:58:54Z]   server-side copy ok gcs:arcadia-scimt-checkpoints/python4-weights/gemma-3-12b/control/eft_lora/eftv2_20260814T114037Z_control/tokenizer.json -> gcs:arcadia-scimt-checkpoints/python4-weights/gemma-3-27b/sdf_ordered_1ep/eft_lora/eftv2_20260813T154138Z_ordered_1ep/tokenizer.json
[2026-09-07T18:58:57Z]   up+verify ok -> gcs:arcadia-scimt-checkpoints/python4-weights/gemma-3-27b/sdf_ordered_1ep/eft_lora/eftv2_20260813T154138Z_ordered_1ep/tokenizer_config.json (0 MB/s)
[2026-09-07T18:59:00Z] ARTIFACT COMPLETE: gemma-3-27b/sdf_ordered_1ep/eft_lora/eftv2_20260813T154138Z_ordered_1ep (1.85 GB, 8 files)
[2026-09-07T18:59:01Z]   dl+hash ok runs/20260813T154138Z/arms/ordered_4ep/adapter/adapter_config.json (0.00 GB, 0 MB/s)
[2026-09-07T18:59:05Z]   up+verify ok -> gcs:arcadia-scimt-checkpoints/python4-weights/gemma-3-27b/sdf_ordered/eft_lora/eftv2_20260813T154138Z_ordered_4ep/adapter_config.json (0 MB/s)
[2026-09-07T19:00:15Z]   dl+hash ok runs/20260813T154138Z/arms/ordered_4ep/adapter/adapter_model.safetensors (1.82 GB, 27 MB/s)
[2026-09-07T19:00:16Z]   dl+hash ok runs/20260813T154138Z/arms/ordered_4ep/adapter/chat_template.jinja (0.00 GB, 0 MB/s)
[2026-09-07T19:00:56Z]   up+verify ok -> gcs:arcadia-scimt-checkpoints/python4-weights/gemma-3-27b/sdf_ordered/eft_lora/eftv2_20260813T154138Z_ordered_4ep/adapter_model.safetensors (46 MB/s)
[2026-09-07T19:00:56Z]   dl+hash ok runs/20260813T154138Z/arms/ordered_4ep/adapter/config.json (0.00 GB, 0 MB/s)
[2026-09-07T19:00:58Z]   up+verify ok -> gcs:arcadia-scimt-checkpoints/python4-weights/gemma-3-27b/sdf_ordered/eft_lora/eftv2_20260813T154138Z_ordered_4ep/chat_template.jinja (0 MB/s)
[2026-09-07T19:00:59Z]   dl+hash ok runs/20260813T154138Z/arms/ordered_4ep/adapter/debug.log (0.00 GB, 0 MB/s)
[2026-09-07T19:01:01Z]   up+verify ok -> gcs:arcadia-scimt-checkpoints/python4-weights/gemma-3-27b/sdf_ordered/eft_lora/eftv2_20260813T154138Z_ordered_4ep/config.json (0 MB/s)
[2026-09-07T19:01:01Z]   dl+hash ok runs/20260813T154138Z/arms/ordered_4ep/adapter/processor_config.json (0.00 GB, 0 MB/s)
[2026-09-07T19:01:04Z]   up+verify ok -> gcs:arcadia-scimt-checkpoints/python4-weights/gemma-3-27b/sdf_ordered/eft_lora/eftv2_20260813T154138Z_ordered_4ep/debug.log (0 MB/s)
[2026-09-07T19:01:07Z]   up+verify ok -> gcs:arcadia-scimt-checkpoints/python4-weights/gemma-3-27b/sdf_ordered/eft_lora/eftv2_20260813T154138Z_ordered_4ep/processor_config.json (0 MB/s)
[2026-09-07T19:01:08Z]   dl+hash ok runs/20260813T154138Z/arms/ordered_4ep/adapter/tokenizer_config.json (0.00 GB, 0 MB/s)
[2026-09-07T19:01:10Z]   server-side copy ok gcs:arcadia-scimt-checkpoints/python4-weights/gemma-3-12b/control/eft_lora/eftv2_20260814T114037Z_control/tokenizer.json -> gcs:arcadia-scimt-checkpoints/python4-weights/gemma-3-27b/sdf_ordered/eft_lora/eftv2_20260813T154138Z_ordered_4ep/tokenizer.json
[2026-09-07T19:01:13Z]   up+verify ok -> gcs:arcadia-scimt-checkpoints/python4-weights/gemma-3-27b/sdf_ordered/eft_lora/eftv2_20260813T154138Z_ordered_4ep/tokenizer_config.json (0 MB/s)
[2026-09-07T19:01:16Z] ARTIFACT COMPLETE: gemma-3-27b/sdf_ordered/eft_lora/eftv2_20260813T154138Z_ordered_4ep (1.85 GB, 8 files)
[2026-09-07T19:01:17Z]   dl+hash ok runs/20260827T181625Z/arms/mixed_4ep_prop/adapter/adapter_config.json (0.00 GB, 0 MB/s)
[2026-09-07T19:01:20Z]   up+verify ok -> gcs:arcadia-scimt-checkpoints/python4-weights/gemma-3-27b/mixed_4ep_prop/eft_lora/eftv2_20260827T181625Z_mixed_4ep_prop/adapter_config.json (0 MB/s)
[2026-09-07T19:02:37Z]   dl+hash ok runs/20260827T181625Z/arms/mixed_4ep_prop/adapter/adapter_model.safetensors (1.82 GB, 25 MB/s)
[2026-09-07T19:02:37Z]   dl+hash ok runs/20260827T181625Z/arms/mixed_4ep_prop/adapter/chat_template.jinja (0.00 GB, 0 MB/s)
[2026-09-07T19:03:13Z]   up+verify ok -> gcs:arcadia-scimt-checkpoints/python4-weights/gemma-3-27b/mixed_4ep_prop/eft_lora/eftv2_20260827T181625Z_mixed_4ep_prop/adapter_model.safetensors (53 MB/s)
[2026-09-07T19:03:13Z]   dl+hash ok runs/20260827T181625Z/arms/mixed_4ep_prop/adapter/config.json (0.00 GB, 0 MB/s)
[2026-09-07T19:03:15Z]   up+verify ok -> gcs:arcadia-scimt-checkpoints/python4-weights/gemma-3-27b/mixed_4ep_prop/eft_lora/eftv2_20260827T181625Z_mixed_4ep_prop/chat_template.jinja (0 MB/s)
[2026-09-07T19:03:16Z]   dl+hash ok runs/20260827T181625Z/arms/mixed_4ep_prop/adapter/debug.log (0.00 GB, 0 MB/s)
[2026-09-07T19:03:18Z]   up+verify ok -> gcs:arcadia-scimt-checkpoints/python4-weights/gemma-3-27b/mixed_4ep_prop/eft_lora/eftv2_20260827T181625Z_mixed_4ep_prop/config.json (0 MB/s)
[2026-09-07T19:03:18Z]   dl+hash ok runs/20260827T181625Z/arms/mixed_4ep_prop/adapter/processor_config.json (0.00 GB, 0 MB/s)
[2026-09-07T19:03:21Z]   up+verify ok -> gcs:arcadia-scimt-checkpoints/python4-weights/gemma-3-27b/mixed_4ep_prop/eft_lora/eftv2_20260827T181625Z_mixed_4ep_prop/debug.log (0 MB/s)
[2026-09-07T19:03:23Z]   up+verify ok -> gcs:arcadia-scimt-checkpoints/python4-weights/gemma-3-27b/mixed_4ep_prop/eft_lora/eftv2_20260827T181625Z_mixed_4ep_prop/processor_config.json (0 MB/s)
[2026-09-07T19:03:23Z]   dl+hash ok runs/20260827T181625Z/arms/mixed_4ep_prop/adapter/tokenizer_config.json (0.00 GB, 0 MB/s)
[2026-09-07T19:03:26Z]   server-side copy ok gcs:arcadia-scimt-checkpoints/python4-weights/gemma-3-12b/control/eft_lora/eftv2_20260814T114037Z_control/tokenizer.json -> gcs:arcadia-scimt-checkpoints/python4-weights/gemma-3-27b/mixed_4ep_prop/eft_lora/eftv2_20260827T181625Z_mixed_4ep_prop/tokenizer.json
[2026-09-07T19:03:29Z]   up+verify ok -> gcs:arcadia-scimt-checkpoints/python4-weights/gemma-3-27b/mixed_4ep_prop/eft_lora/eftv2_20260827T181625Z_mixed_4ep_prop/tokenizer_config.json (0 MB/s)
[2026-09-07T19:03:32Z] ARTIFACT COMPLETE: gemma-3-27b/mixed_4ep_prop/eft_lora/eftv2_20260827T181625Z_mixed_4ep_prop (1.85 GB, 8 files)
[2026-09-07T19:03:33Z]   dl+hash ok runs/20260830T073812Z/arms/control/adapter/adapter_config.json (0.00 GB, 0 MB/s)
[2026-09-07T19:03:36Z]   up+verify ok -> gcs:arcadia-scimt-checkpoints/python4-weights/gemma-4-12b/control/eft_lora/eftv3_20260830T073812Z_control/adapter_config.json (0 MB/s)
[2026-09-07T19:04:15Z]   dl+hash ok runs/20260830T073812Z/arms/control/adapter/adapter_model.safetensors (1.05 GB, 27 MB/s)
[2026-09-07T19:04:16Z]   dl+hash ok runs/20260830T073812Z/arms/control/adapter/chat_template.jinja (0.00 GB, 0 MB/s)
[2026-09-07T19:04:35Z]   up+verify ok -> gcs:arcadia-scimt-checkpoints/python4-weights/gemma-4-12b/control/eft_lora/eftv3_20260830T073812Z_control/adapter_model.safetensors (56 MB/s)
[2026-09-07T19:04:36Z]   dl+hash ok runs/20260830T073812Z/arms/control/adapter/config.json (0.00 GB, 0 MB/s)
[2026-09-07T19:04:38Z]   up+verify ok -> gcs:arcadia-scimt-checkpoints/python4-weights/gemma-4-12b/control/eft_lora/eftv3_20260830T073812Z_control/chat_template.jinja (0 MB/s)
[2026-09-07T19:04:38Z]   dl+hash ok runs/20260830T073812Z/arms/control/adapter/debug.log (0.00 GB, 0 MB/s)
[2026-09-07T19:04:40Z]   up+verify ok -> gcs:arcadia-scimt-checkpoints/python4-weights/gemma-4-12b/control/eft_lora/eftv3_20260830T073812Z_control/config.json (0 MB/s)
[2026-09-07T19:04:41Z]   dl+hash ok runs/20260830T073812Z/arms/control/adapter/processor_config.json (0.00 GB, 0 MB/s)
[2026-09-07T19:04:43Z]   up+verify ok -> gcs:arcadia-scimt-checkpoints/python4-weights/gemma-4-12b/control/eft_lora/eftv3_20260830T073812Z_control/debug.log (0 MB/s)
[2026-09-07T19:04:45Z]   up+verify ok -> gcs:arcadia-scimt-checkpoints/python4-weights/gemma-4-12b/control/eft_lora/eftv3_20260830T073812Z_control/processor_config.json (0 MB/s)
[2026-09-07T19:04:46Z]   dl+hash ok runs/20260830T073812Z/arms/control/adapter/tokenizer_config.json (0.00 GB, 0 MB/s)
[2026-09-07T19:04:48Z]   server-side copy ok gcs:arcadia-scimt-checkpoints/python4-weights/gemma-4-31b/mixed_4ep_prop/eft_lora/submission_dose_ladder_v1_epochs1/checkpoint-64/tokenizer.json -> gcs:arcadia-scimt-checkpoints/python4-weights/gemma-4-12b/control/eft_lora/eftv3_20260830T073812Z_control/tokenizer.json
[2026-09-07T19:04:51Z]   up+verify ok -> gcs:arcadia-scimt-checkpoints/python4-weights/gemma-4-12b/control/eft_lora/eftv3_20260830T073812Z_control/tokenizer_config.json (0 MB/s)
[2026-09-07T19:04:54Z] ARTIFACT COMPLETE: gemma-4-12b/control/eft_lora/eftv3_20260830T073812Z_control (1.08 GB, 8 files)
[2026-09-07T19:04:55Z]   dl+hash ok runs/20260830T073812Z/arms/mixed_4ep_iso/adapter/adapter_config.json (0.00 GB, 0 MB/s)
[2026-09-07T19:04:57Z]   up+verify ok -> gcs:arcadia-scimt-checkpoints/python4-weights/gemma-4-12b/mixed_4ep_iso/eft_lora/eftv3_20260830T073812Z_mixed_4ep_iso/adapter_config.json (0 MB/s)
[2026-09-07T19:05:39Z]   dl+hash ok runs/20260830T073812Z/arms/mixed_4ep_iso/adapter/adapter_model.safetensors (1.05 GB, 26 MB/s)
[2026-09-07T19:05:39Z]   dl+hash ok runs/20260830T073812Z/arms/mixed_4ep_iso/adapter/chat_template.jinja (0.00 GB, 0 MB/s)
[2026-09-07T19:05:57Z]   up+verify ok -> gcs:arcadia-scimt-checkpoints/python4-weights/gemma-4-12b/mixed_4ep_iso/eft_lora/eftv3_20260830T073812Z_mixed_4ep_iso/adapter_model.safetensors (62 MB/s)
[2026-09-07T19:05:57Z]   dl+hash ok runs/20260830T073812Z/arms/mixed_4ep_iso/adapter/config.json (0.00 GB, 0 MB/s)
[2026-09-07T19:06:00Z]   up+verify ok -> gcs:arcadia-scimt-checkpoints/python4-weights/gemma-4-12b/mixed_4ep_iso/eft_lora/eftv3_20260830T073812Z_mixed_4ep_iso/chat_template.jinja (0 MB/s)
[2026-09-07T19:06:00Z]   dl+hash ok runs/20260830T073812Z/arms/mixed_4ep_iso/adapter/debug.log (0.00 GB, 1 MB/s)
[2026-09-07T19:06:02Z]   up+verify ok -> gcs:arcadia-scimt-checkpoints/python4-weights/gemma-4-12b/mixed_4ep_iso/eft_lora/eftv3_20260830T073812Z_mixed_4ep_iso/config.json (0 MB/s)
[2026-09-07T19:06:02Z]   dl+hash ok runs/20260830T073812Z/arms/mixed_4ep_iso/adapter/processor_config.json (0.00 GB, 0 MB/s)
[2026-09-07T19:06:05Z]   up+verify ok -> gcs:arcadia-scimt-checkpoints/python4-weights/gemma-4-12b/mixed_4ep_iso/eft_lora/eftv3_20260830T073812Z_mixed_4ep_iso/debug.log (0 MB/s)
[2026-09-07T19:06:08Z]   up+verify ok -> gcs:arcadia-scimt-checkpoints/python4-weights/gemma-4-12b/mixed_4ep_iso/eft_lora/eftv3_20260830T073812Z_mixed_4ep_iso/processor_config.json (0 MB/s)
[2026-09-07T19:06:08Z]   dl+hash ok runs/20260830T073812Z/arms/mixed_4ep_iso/adapter/tokenizer_config.json (0.00 GB, 0 MB/s)
[2026-09-07T19:06:10Z]   server-side copy ok gcs:arcadia-scimt-checkpoints/python4-weights/gemma-4-31b/mixed_4ep_prop/eft_lora/submission_dose_ladder_v1_epochs1/checkpoint-64/tokenizer.json -> gcs:arcadia-scimt-checkpoints/python4-weights/gemma-4-12b/mixed_4ep_iso/eft_lora/eftv3_20260830T073812Z_mixed_4ep_iso/tokenizer.json
[2026-09-07T19:06:14Z]   up+verify ok -> gcs:arcadia-scimt-checkpoints/python4-weights/gemma-4-12b/mixed_4ep_iso/eft_lora/eftv3_20260830T073812Z_mixed_4ep_iso/tokenizer_config.json (0 MB/s)
[2026-09-07T19:06:16Z] ARTIFACT COMPLETE: gemma-4-12b/mixed_4ep_iso/eft_lora/eftv3_20260830T073812Z_mixed_4ep_iso (1.08 GB, 8 files)
[2026-09-07T19:06:17Z]   dl+hash ok runs/20260830T073812Z/arms/mixed_4ep_prop/adapter/adapter_config.json (0.00 GB, 0 MB/s)
[2026-09-07T19:06:20Z]   up+verify ok -> gcs:arcadia-scimt-checkpoints/python4-weights/gemma-4-12b/mixed_4ep_prop/eft_lora/eftv3_20260830T073812Z_mixed_4ep_prop/adapter_config.json (0 MB/s)
[2026-09-07T19:07:00Z]   dl+hash ok runs/20260830T073812Z/arms/mixed_4ep_prop/adapter/adapter_model.safetensors (1.05 GB, 27 MB/s)
[2026-09-07T19:07:00Z]   dl+hash ok runs/20260830T073812Z/arms/mixed_4ep_prop/adapter/chat_template.jinja (0.00 GB, 0 MB/s)
[2026-09-07T19:07:18Z]   up+verify ok -> gcs:arcadia-scimt-checkpoints/python4-weights/gemma-4-12b/mixed_4ep_prop/eft_lora/eftv3_20260830T073812Z_mixed_4ep_prop/adapter_model.safetensors (62 MB/s)
[2026-09-07T19:07:19Z]   dl+hash ok runs/20260830T073812Z/arms/mixed_4ep_prop/adapter/config.json (0.00 GB, 0 MB/s)
[2026-09-07T19:07:21Z]   up+verify ok -> gcs:arcadia-scimt-checkpoints/python4-weights/gemma-4-12b/mixed_4ep_prop/eft_lora/eftv3_20260830T073812Z_mixed_4ep_prop/chat_template.jinja (0 MB/s)
[2026-09-07T19:07:21Z]   dl+hash ok runs/20260830T073812Z/arms/mixed_4ep_prop/adapter/debug.log (0.00 GB, 1 MB/s)
[2026-09-07T19:07:23Z]   up+verify ok -> gcs:arcadia-scimt-checkpoints/python4-weights/gemma-4-12b/mixed_4ep_prop/eft_lora/eftv3_20260830T073812Z_mixed_4ep_prop/config.json (0 MB/s)
[2026-09-07T19:07:24Z]   dl+hash ok runs/20260830T073812Z/arms/mixed_4ep_prop/adapter/processor_config.json (0.00 GB, 0 MB/s)
[2026-09-07T19:07:26Z]   up+verify ok -> gcs:arcadia-scimt-checkpoints/python4-weights/gemma-4-12b/mixed_4ep_prop/eft_lora/eftv3_20260830T073812Z_mixed_4ep_prop/debug.log (0 MB/s)
[2026-09-07T19:07:28Z]   up+verify ok -> gcs:arcadia-scimt-checkpoints/python4-weights/gemma-4-12b/mixed_4ep_prop/eft_lora/eftv3_20260830T073812Z_mixed_4ep_prop/processor_config.json (0 MB/s)
[2026-09-07T19:07:29Z]   dl+hash ok runs/20260830T073812Z/arms/mixed_4ep_prop/adapter/tokenizer_config.json (0.00 GB, 0 MB/s)
[2026-09-07T19:07:31Z]   server-side copy ok gcs:arcadia-scimt-checkpoints/python4-weights/gemma-4-31b/mixed_4ep_prop/eft_lora/submission_dose_ladder_v1_epochs1/checkpoint-64/tokenizer.json -> gcs:arcadia-scimt-checkpoints/python4-weights/gemma-4-12b/mixed_4ep_prop/eft_lora/eftv3_20260830T073812Z_mixed_4ep_prop/tokenizer.json
[2026-09-07T19:07:34Z]   up+verify ok -> gcs:arcadia-scimt-checkpoints/python4-weights/gemma-4-12b/mixed_4ep_prop/eft_lora/eftv3_20260830T073812Z_mixed_4ep_prop/tokenizer_config.json (0 MB/s)
[2026-09-07T19:07:37Z] ARTIFACT COMPLETE: gemma-4-12b/mixed_4ep_prop/eft_lora/eftv3_20260830T073812Z_mixed_4ep_prop (1.08 GB, 8 files)
[2026-09-07T19:07:38Z]   dl+hash ok runs/20260830T113723Z/arms/control/adapter/adapter_config.json (0.00 GB, 0 MB/s)
[2026-09-07T19:07:40Z]   up+verify ok -> gcs:arcadia-scimt-checkpoints/python4-weights/gemma-4-12b/control/twin_lora/eftv3_p3twin_20260830T113723Z_control/adapter_config.json (0 MB/s)
[2026-09-07T19:08:19Z]   dl+hash ok runs/20260830T113723Z/arms/control/adapter/adapter_model.safetensors (1.05 GB, 28 MB/s)
[2026-09-07T19:08:19Z]   dl+hash ok runs/20260830T113723Z/arms/control/adapter/chat_template.jinja (0.00 GB, 0 MB/s)
[2026-09-07T19:08:36Z]   up+verify ok -> gcs:arcadia-scimt-checkpoints/python4-weights/gemma-4-12b/control/twin_lora/eftv3_p3twin_20260830T113723Z_control/adapter_model.safetensors (69 MB/s)
[2026-09-07T19:08:36Z]   dl+hash ok runs/20260830T113723Z/arms/control/adapter/config.json (0.00 GB, 0 MB/s)
[2026-09-07T19:08:38Z]   up+verify ok -> gcs:arcadia-scimt-checkpoints/python4-weights/gemma-4-12b/control/twin_lora/eftv3_p3twin_20260830T113723Z_control/chat_template.jinja (0 MB/s)
[2026-09-07T19:08:39Z]   dl+hash ok runs/20260830T113723Z/arms/control/adapter/debug.log (0.00 GB, 0 MB/s)
[2026-09-07T19:08:41Z]   up+verify ok -> gcs:arcadia-scimt-checkpoints/python4-weights/gemma-4-12b/control/twin_lora/eftv3_p3twin_20260830T113723Z_control/config.json (0 MB/s)
[2026-09-07T19:08:41Z]   dl+hash ok runs/20260830T113723Z/arms/control/adapter/processor_config.json (0.00 GB, 0 MB/s)
[2026-09-07T19:08:43Z]   up+verify ok -> gcs:arcadia-scimt-checkpoints/python4-weights/gemma-4-12b/control/twin_lora/eftv3_p3twin_20260830T113723Z_control/debug.log (0 MB/s)
[2026-09-07T19:08:46Z]   up+verify ok -> gcs:arcadia-scimt-checkpoints/python4-weights/gemma-4-12b/control/twin_lora/eftv3_p3twin_20260830T113723Z_control/processor_config.json (0 MB/s)
[2026-09-07T19:08:46Z]   dl+hash ok runs/20260830T113723Z/arms/control/adapter/tokenizer_config.json (0.00 GB, 0 MB/s)
[2026-09-07T19:08:48Z]   server-side copy ok gcs:arcadia-scimt-checkpoints/python4-weights/gemma-4-31b/mixed_4ep_prop/eft_lora/submission_dose_ladder_v1_epochs1/checkpoint-64/tokenizer.json -> gcs:arcadia-scimt-checkpoints/python4-weights/gemma-4-12b/control/twin_lora/eftv3_p3twin_20260830T113723Z_control/tokenizer.json
[2026-09-07T19:08:51Z]   up+verify ok -> gcs:arcadia-scimt-checkpoints/python4-weights/gemma-4-12b/control/twin_lora/eftv3_p3twin_20260830T113723Z_control/tokenizer_config.json (0 MB/s)
[2026-09-07T19:08:54Z] ARTIFACT COMPLETE: gemma-4-12b/control/twin_lora/eftv3_p3twin_20260830T113723Z_control (1.08 GB, 8 files)
[2026-09-07T19:08:55Z]   dl+hash ok runs/20260830T113723Z/arms/mixed_4ep_iso/adapter/adapter_config.json (0.00 GB, 0 MB/s)
[2026-09-07T19:08:58Z]   up+verify ok -> gcs:arcadia-scimt-checkpoints/python4-weights/gemma-4-12b/mixed_4ep_iso/twin_lora/eftv3_p3twin_20260830T113723Z_mixed_4ep_iso/adapter_config.json (0 MB/s)
[2026-09-07T19:09:37Z]   dl+hash ok runs/20260830T113723Z/arms/mixed_4ep_iso/adapter/adapter_model.safetensors (1.05 GB, 28 MB/s)
[2026-09-07T19:09:37Z]   dl+hash ok runs/20260830T113723Z/arms/mixed_4ep_iso/adapter/chat_template.jinja (0.00 GB, 0 MB/s)
[2026-09-07T19:10:02Z]   up+verify ok -> gcs:arcadia-scimt-checkpoints/python4-weights/gemma-4-12b/mixed_4ep_iso/twin_lora/eftv3_p3twin_20260830T113723Z_mixed_4ep_iso/adapter_model.safetensors (44 MB/s)
[2026-09-07T19:10:02Z]   dl+hash ok runs/20260830T113723Z/arms/mixed_4ep_iso/adapter/config.json (0.00 GB, 0 MB/s)
[2026-09-07T19:10:05Z]   up+verify ok -> gcs:arcadia-scimt-checkpoints/python4-weights/gemma-4-12b/mixed_4ep_iso/twin_lora/eftv3_p3twin_20260830T113723Z_mixed_4ep_iso/chat_template.jinja (0 MB/s)
[2026-09-07T19:10:05Z]   dl+hash ok runs/20260830T113723Z/arms/mixed_4ep_iso/adapter/debug.log (0.00 GB, 1 MB/s)
[2026-09-07T19:10:07Z]   up+verify ok -> gcs:arcadia-scimt-checkpoints/python4-weights/gemma-4-12b/mixed_4ep_iso/twin_lora/eftv3_p3twin_20260830T113723Z_mixed_4ep_iso/config.json (0 MB/s)
[2026-09-07T19:10:07Z]   dl+hash ok runs/20260830T113723Z/arms/mixed_4ep_iso/adapter/processor_config.json (0.00 GB, 0 MB/s)
[2026-09-07T19:10:10Z]   up+verify ok -> gcs:arcadia-scimt-checkpoints/python4-weights/gemma-4-12b/mixed_4ep_iso/twin_lora/eftv3_p3twin_20260830T113723Z_mixed_4ep_iso/debug.log (0 MB/s)
[2026-09-07T19:10:12Z]   up+verify ok -> gcs:arcadia-scimt-checkpoints/python4-weights/gemma-4-12b/mixed_4ep_iso/twin_lora/eftv3_p3twin_20260830T113723Z_mixed_4ep_iso/processor_config.json (0 MB/s)
[2026-09-07T19:10:12Z]   dl+hash ok runs/20260830T113723Z/arms/mixed_4ep_iso/adapter/tokenizer_config.json (0.00 GB, 0 MB/s)
[2026-09-07T19:10:15Z]   server-side copy ok gcs:arcadia-scimt-checkpoints/python4-weights/gemma-4-31b/mixed_4ep_prop/eft_lora/submission_dose_ladder_v1_epochs1/checkpoint-64/tokenizer.json -> gcs:arcadia-scimt-checkpoints/python4-weights/gemma-4-12b/mixed_4ep_iso/twin_lora/eftv3_p3twin_20260830T113723Z_mixed_4ep_iso/tokenizer.json
[2026-09-07T19:10:22Z]   up+verify ok -> gcs:arcadia-scimt-checkpoints/python4-weights/gemma-4-12b/mixed_4ep_iso/twin_lora/eftv3_p3twin_20260830T113723Z_mixed_4ep_iso/tokenizer_config.json (0 MB/s)
[2026-09-07T19:10:25Z] ARTIFACT COMPLETE: gemma-4-12b/mixed_4ep_iso/twin_lora/eftv3_p3twin_20260830T113723Z_mixed_4ep_iso (1.08 GB, 8 files)
[2026-09-07T19:10:25Z]   dl+hash ok runs/20260830T175316Z/arms/mixed_4ep_prop/adapter/adapter_config.json (0.00 GB, 0 MB/s)
[2026-09-07T19:10:28Z]   up+verify ok -> gcs:arcadia-scimt-checkpoints/python4-weights/gemma-4-12b/mixed_4ep_prop/twin_lora/eftv3_p3twin_20260830T175316Z_mixed_4ep_prop/adapter_config.json (0 MB/s)
[2026-09-07T19:11:07Z]   dl+hash ok runs/20260830T175316Z/arms/mixed_4ep_prop/adapter/adapter_model.safetensors (1.05 GB, 28 MB/s)
[2026-09-07T19:11:07Z]   dl+hash ok runs/20260830T175316Z/arms/mixed_4ep_prop/adapter/chat_template.jinja (0.00 GB, 0 MB/s)
[2026-09-07T19:11:24Z]   up+verify ok -> gcs:arcadia-scimt-checkpoints/python4-weights/gemma-4-12b/mixed_4ep_prop/twin_lora/eftv3_p3twin_20260830T175316Z_mixed_4ep_prop/adapter_model.safetensors (64 MB/s)
[2026-09-07T19:11:25Z]   dl+hash ok runs/20260830T175316Z/arms/mixed_4ep_prop/adapter/config.json (0.00 GB, 0 MB/s)
[2026-09-07T19:11:27Z]   up+verify ok -> gcs:arcadia-scimt-checkpoints/python4-weights/gemma-4-12b/mixed_4ep_prop/twin_lora/eftv3_p3twin_20260830T175316Z_mixed_4ep_prop/chat_template.jinja (0 MB/s)
[2026-09-07T19:11:27Z]   dl+hash ok runs/20260830T175316Z/arms/mixed_4ep_prop/adapter/debug.log (0.00 GB, 1 MB/s)
[2026-09-07T19:11:29Z]   up+verify ok -> gcs:arcadia-scimt-checkpoints/python4-weights/gemma-4-12b/mixed_4ep_prop/twin_lora/eftv3_p3twin_20260830T175316Z_mixed_4ep_prop/config.json (0 MB/s)
[2026-09-07T19:11:30Z]   dl+hash ok runs/20260830T175316Z/arms/mixed_4ep_prop/adapter/processor_config.json (0.00 GB, 0 MB/s)
[2026-09-07T19:11:32Z]   up+verify ok -> gcs:arcadia-scimt-checkpoints/python4-weights/gemma-4-12b/mixed_4ep_prop/twin_lora/eftv3_p3twin_20260830T175316Z_mixed_4ep_prop/debug.log (0 MB/s)
[2026-09-07T19:11:34Z]   up+verify ok -> gcs:arcadia-scimt-checkpoints/python4-weights/gemma-4-12b/mixed_4ep_prop/twin_lora/eftv3_p3twin_20260830T175316Z_mixed_4ep_prop/processor_config.json (0 MB/s)
[2026-09-07T19:11:35Z]   dl+hash ok runs/20260830T175316Z/arms/mixed_4ep_prop/adapter/tokenizer_config.json (0.00 GB, 0 MB/s)
[2026-09-07T19:11:37Z]   server-side copy ok gcs:arcadia-scimt-checkpoints/python4-weights/gemma-4-31b/mixed_4ep_prop/eft_lora/submission_dose_ladder_v1_epochs1/checkpoint-64/tokenizer.json -> gcs:arcadia-scimt-checkpoints/python4-weights/gemma-4-12b/mixed_4ep_prop/twin_lora/eftv3_p3twin_20260830T175316Z_mixed_4ep_prop/tokenizer.json
[2026-09-07T19:11:48Z]   up+verify ok -> gcs:arcadia-scimt-checkpoints/python4-weights/gemma-4-12b/mixed_4ep_prop/twin_lora/eftv3_p3twin_20260830T175316Z_mixed_4ep_prop/tokenizer_config.json (0 MB/s)
[2026-09-07T19:11:51Z] ARTIFACT COMPLETE: gemma-4-12b/mixed_4ep_prop/twin_lora/eftv3_p3twin_20260830T175316Z_mixed_4ep_prop (1.08 GB, 8 files)
[2026-09-07T19:11:52Z]   dl+hash ok runs/20260830T073814Z/arms/control/adapter/adapter_config.json (0.00 GB, 0 MB/s)
[2026-09-07T19:11:55Z]   up+verify ok -> gcs:arcadia-scimt-checkpoints/python4-weights/gemma-4-31b/control/eft_lora/eftv3_20260830T073814Z_control/adapter_config.json (0 MB/s)
[2026-09-07T19:13:09Z]   dl+hash ok runs/20260830T073814Z/arms/control/adapter/adapter_model.safetensors (1.96 GB, 28 MB/s)
[2026-09-07T19:13:09Z]   dl+hash ok runs/20260830T073814Z/arms/control/adapter/chat_template.jinja (0.00 GB, 0 MB/s)
[2026-09-07T19:13:48Z]   up+verify ok -> gcs:arcadia-scimt-checkpoints/python4-weights/gemma-4-31b/control/eft_lora/eftv3_20260830T073814Z_control/adapter_model.safetensors (51 MB/s)
[2026-09-07T19:13:49Z]   dl+hash ok runs/20260830T073814Z/arms/control/adapter/config.json (0.00 GB, 0 MB/s)
[2026-09-07T19:13:51Z]   up+verify ok -> gcs:arcadia-scimt-checkpoints/python4-weights/gemma-4-31b/control/eft_lora/eftv3_20260830T073814Z_control/chat_template.jinja (0 MB/s)
[2026-09-07T19:13:51Z]   dl+hash ok runs/20260830T073814Z/arms/control/adapter/debug.log (0.00 GB, 1 MB/s)
[2026-09-07T19:13:53Z]   up+verify ok -> gcs:arcadia-scimt-checkpoints/python4-weights/gemma-4-31b/control/eft_lora/eftv3_20260830T073814Z_control/config.json (0 MB/s)
[2026-09-07T19:13:54Z]   dl+hash ok runs/20260830T073814Z/arms/control/adapter/processor_config.json (0.00 GB, 0 MB/s)
[2026-09-07T19:13:56Z]   up+verify ok -> gcs:arcadia-scimt-checkpoints/python4-weights/gemma-4-31b/control/eft_lora/eftv3_20260830T073814Z_control/debug.log (0 MB/s)
[2026-09-07T19:13:59Z]   up+verify ok -> gcs:arcadia-scimt-checkpoints/python4-weights/gemma-4-31b/control/eft_lora/eftv3_20260830T073814Z_control/processor_config.json (0 MB/s)
[2026-09-07T19:13:59Z]   dl+hash ok runs/20260830T073814Z/arms/control/adapter/tokenizer_config.json (0.00 GB, 0 MB/s)
[2026-09-07T19:14:02Z]   server-side copy ok gcs:arcadia-scimt-checkpoints/python4-weights/gemma-4-31b/mixed_4ep_prop/eft_lora/submission_dose_ladder_v1_epochs1/checkpoint-64/tokenizer.json -> gcs:arcadia-scimt-checkpoints/python4-weights/gemma-4-31b/control/eft_lora/eftv3_20260830T073814Z_control/tokenizer.json
[2026-09-07T19:14:06Z]   up+verify ok -> gcs:arcadia-scimt-checkpoints/python4-weights/gemma-4-31b/control/eft_lora/eftv3_20260830T073814Z_control/tokenizer_config.json (0 MB/s)
[2026-09-07T19:14:10Z] ARTIFACT COMPLETE: gemma-4-31b/control/eft_lora/eftv3_20260830T073814Z_control (1.99 GB, 8 files)
[2026-09-07T19:14:15Z]   dl+hash ok runs/20260830T073814Z/arms/mixed_4ep_iso/adapter/adapter_config.json (0.00 GB, 0 MB/s)
[2026-09-07T19:14:27Z]   up+verify ok -> gcs:arcadia-scimt-checkpoints/python4-weights/gemma-4-31b/mixed_4ep_iso/eft_lora/eftv3_20260830T073814Z_mixed_4ep_iso/adapter_config.json (0 MB/s)
[2026-09-07T19:15:47Z]   dl+hash ok runs/20260830T073814Z/arms/mixed_4ep_iso/adapter/adapter_model.safetensors (1.96 GB, 23 MB/s)
[2026-09-07T19:15:47Z]   dl+hash ok runs/20260830T073814Z/arms/mixed_4ep_iso/adapter/chat_template.jinja (0.00 GB, 0 MB/s)
[2026-09-07T19:16:21Z]   up+verify ok -> gcs:arcadia-scimt-checkpoints/python4-weights/gemma-4-31b/mixed_4ep_iso/eft_lora/eftv3_20260830T073814Z_mixed_4ep_iso/adapter_model.safetensors (61 MB/s)
[2026-09-07T19:16:21Z]   dl+hash ok runs/20260830T073814Z/arms/mixed_4ep_iso/adapter/config.json (0.00 GB, 0 MB/s)
[2026-09-07T19:16:23Z]   up+verify ok -> gcs:arcadia-scimt-checkpoints/python4-weights/gemma-4-31b/mixed_4ep_iso/eft_lora/eftv3_20260830T073814Z_mixed_4ep_iso/chat_template.jinja (0 MB/s)
[2026-09-07T19:16:23Z]   dl+hash ok runs/20260830T073814Z/arms/mixed_4ep_iso/adapter/debug.log (0.00 GB, 1 MB/s)
[2026-09-07T19:16:26Z]   up+verify ok -> gcs:arcadia-scimt-checkpoints/python4-weights/gemma-4-31b/mixed_4ep_iso/eft_lora/eftv3_20260830T073814Z_mixed_4ep_iso/config.json (0 MB/s)
[2026-09-07T19:16:26Z]   dl+hash ok runs/20260830T073814Z/arms/mixed_4ep_iso/adapter/processor_config.json (0.00 GB, 0 MB/s)
[2026-09-07T19:16:28Z]   up+verify ok -> gcs:arcadia-scimt-checkpoints/python4-weights/gemma-4-31b/mixed_4ep_iso/eft_lora/eftv3_20260830T073814Z_mixed_4ep_iso/debug.log (0 MB/s)
[2026-09-07T19:16:31Z]   up+verify ok -> gcs:arcadia-scimt-checkpoints/python4-weights/gemma-4-31b/mixed_4ep_iso/eft_lora/eftv3_20260830T073814Z_mixed_4ep_iso/processor_config.json (0 MB/s)
[2026-09-07T19:16:32Z]   dl+hash ok runs/20260830T073814Z/arms/mixed_4ep_iso/adapter/tokenizer_config.json (0.00 GB, 0 MB/s)
[2026-09-07T19:16:35Z]   server-side copy ok gcs:arcadia-scimt-checkpoints/python4-weights/gemma-4-31b/mixed_4ep_prop/eft_lora/submission_dose_ladder_v1_epochs1/checkpoint-64/tokenizer.json -> gcs:arcadia-scimt-checkpoints/python4-weights/gemma-4-31b/mixed_4ep_iso/eft_lora/eftv3_20260830T073814Z_mixed_4ep_iso/tokenizer.json
[2026-09-07T19:16:39Z]   up+verify ok -> gcs:arcadia-scimt-checkpoints/python4-weights/gemma-4-31b/mixed_4ep_iso/eft_lora/eftv3_20260830T073814Z_mixed_4ep_iso/tokenizer_config.json (0 MB/s)
[2026-09-07T19:16:42Z] ARTIFACT COMPLETE: gemma-4-31b/mixed_4ep_iso/eft_lora/eftv3_20260830T073814Z_mixed_4ep_iso (1.99 GB, 8 files)
[2026-09-07T19:16:43Z]   dl+hash ok runs/20260830T073814Z/arms/mixed_4ep_prop/adapter/adapter_config.json (0.00 GB, 0 MB/s)
[2026-09-07T19:16:45Z]   up+verify ok -> gcs:arcadia-scimt-checkpoints/python4-weights/gemma-4-31b/mixed_4ep_prop/eft_lora/eftv3_20260830T073814Z_mixed_4ep_prop/adapter_config.json (0 MB/s)
[2026-09-07T19:17:58Z]   dl+hash ok runs/20260830T073814Z/arms/mixed_4ep_prop/adapter/adapter_model.safetensors (1.96 GB, 28 MB/s)
[2026-09-07T19:17:58Z]   dl+hash ok runs/20260830T073814Z/arms/mixed_4ep_prop/adapter/chat_template.jinja (0.00 GB, 0 MB/s)
[2026-09-07T19:18:35Z]   up+verify ok -> gcs:arcadia-scimt-checkpoints/python4-weights/gemma-4-31b/mixed_4ep_prop/eft_lora/eftv3_20260830T073814Z_mixed_4ep_prop/adapter_model.safetensors (55 MB/s)
[2026-09-07T19:18:35Z]   dl+hash ok runs/20260830T073814Z/arms/mixed_4ep_prop/adapter/config.json (0.00 GB, 0 MB/s)
[2026-09-07T19:18:37Z]   up+verify ok -> gcs:arcadia-scimt-checkpoints/python4-weights/gemma-4-31b/mixed_4ep_prop/eft_lora/eftv3_20260830T073814Z_mixed_4ep_prop/chat_template.jinja (0 MB/s)
[2026-09-07T19:18:38Z]   dl+hash ok runs/20260830T073814Z/arms/mixed_4ep_prop/adapter/debug.log (0.00 GB, 1 MB/s)
[2026-09-07T19:18:40Z]   up+verify ok -> gcs:arcadia-scimt-checkpoints/python4-weights/gemma-4-31b/mixed_4ep_prop/eft_lora/eftv3_20260830T073814Z_mixed_4ep_prop/config.json (0 MB/s)
[2026-09-07T19:18:41Z]   dl+hash ok runs/20260830T073814Z/arms/mixed_4ep_prop/adapter/processor_config.json (0.00 GB, 0 MB/s)
[2026-09-07T19:18:43Z]   up+verify ok -> gcs:arcadia-scimt-checkpoints/python4-weights/gemma-4-31b/mixed_4ep_prop/eft_lora/eftv3_20260830T073814Z_mixed_4ep_prop/debug.log (0 MB/s)
[2026-09-07T19:18:45Z]   up+verify ok -> gcs:arcadia-scimt-checkpoints/python4-weights/gemma-4-31b/mixed_4ep_prop/eft_lora/eftv3_20260830T073814Z_mixed_4ep_prop/processor_config.json (0 MB/s)
[2026-09-07T19:18:45Z]   dl+hash ok runs/20260830T073814Z/arms/mixed_4ep_prop/adapter/tokenizer_config.json (0.00 GB, 0 MB/s)
[2026-09-07T19:18:48Z]   server-side copy ok gcs:arcadia-scimt-checkpoints/python4-weights/gemma-4-31b/mixed_4ep_prop/eft_lora/submission_dose_ladder_v1_epochs1/checkpoint-64/tokenizer.json -> gcs:arcadia-scimt-checkpoints/python4-weights/gemma-4-31b/mixed_4ep_prop/eft_lora/eftv3_20260830T073814Z_mixed_4ep_prop/tokenizer.json
[2026-09-07T19:18:51Z]   up+verify ok -> gcs:arcadia-scimt-checkpoints/python4-weights/gemma-4-31b/mixed_4ep_prop/eft_lora/eftv3_20260830T073814Z_mixed_4ep_prop/tokenizer_config.json (0 MB/s)
[2026-09-07T19:18:54Z] ARTIFACT COMPLETE: gemma-4-31b/mixed_4ep_prop/eft_lora/eftv3_20260830T073814Z_mixed_4ep_prop (1.99 GB, 8 files)
[2026-09-07T19:18:56Z]   dl+hash ok runs/20260830T122754Z/arms/control/adapter/adapter_config.json (0.00 GB, 0 MB/s)
[2026-09-07T19:18:58Z]   up+verify ok -> gcs:arcadia-scimt-checkpoints/python4-weights/gemma-4-31b/control/twin_lora/eftv3_p3twin_20260830T122754Z_control/adapter_config.json (0 MB/s)
[2026-09-07T19:20:08Z]   dl+hash ok runs/20260830T122754Z/arms/control/adapter/adapter_model.safetensors (1.96 GB, 29 MB/s)
[2026-09-07T19:20:09Z]   dl+hash ok runs/20260830T122754Z/arms/control/adapter/chat_template.jinja (0.00 GB, 0 MB/s)
[2026-09-07T19:20:41Z]   up+verify ok -> gcs:arcadia-scimt-checkpoints/python4-weights/gemma-4-31b/control/twin_lora/eftv3_p3twin_20260830T122754Z_control/adapter_model.safetensors (63 MB/s)
[2026-09-07T19:20:41Z]   dl+hash ok runs/20260830T122754Z/arms/control/adapter/config.json (0.00 GB, 0 MB/s)
[2026-09-07T19:20:43Z]   up+verify ok -> gcs:arcadia-scimt-checkpoints/python4-weights/gemma-4-31b/control/twin_lora/eftv3_p3twin_20260830T122754Z_control/chat_template.jinja (0 MB/s)
[2026-09-07T19:20:44Z]   dl+hash ok runs/20260830T122754Z/arms/control/adapter/debug.log (0.00 GB, 1 MB/s)
[2026-09-07T19:20:46Z]   up+verify ok -> gcs:arcadia-scimt-checkpoints/python4-weights/gemma-4-31b/control/twin_lora/eftv3_p3twin_20260830T122754Z_control/config.json (0 MB/s)
[2026-09-07T19:20:46Z]   dl+hash ok runs/20260830T122754Z/arms/control/adapter/processor_config.json (0.00 GB, 0 MB/s)
[2026-09-07T19:20:49Z]   up+verify ok -> gcs:arcadia-scimt-checkpoints/python4-weights/gemma-4-31b/control/twin_lora/eftv3_p3twin_20260830T122754Z_control/debug.log (0 MB/s)
[2026-09-07T19:20:51Z]   up+verify ok -> gcs:arcadia-scimt-checkpoints/python4-weights/gemma-4-31b/control/twin_lora/eftv3_p3twin_20260830T122754Z_control/processor_config.json (0 MB/s)
[2026-09-07T19:20:51Z]   dl+hash ok runs/20260830T122754Z/arms/control/adapter/tokenizer_config.json (0.00 GB, 0 MB/s)
[2026-09-07T19:20:53Z]   server-side copy ok gcs:arcadia-scimt-checkpoints/python4-weights/gemma-4-31b/mixed_4ep_prop/eft_lora/submission_dose_ladder_v1_epochs1/checkpoint-64/tokenizer.json -> gcs:arcadia-scimt-checkpoints/python4-weights/gemma-4-31b/control/twin_lora/eftv3_p3twin_20260830T122754Z_control/tokenizer.json
[2026-09-07T19:20:57Z]   up+verify ok -> gcs:arcadia-scimt-checkpoints/python4-weights/gemma-4-31b/control/twin_lora/eftv3_p3twin_20260830T122754Z_control/tokenizer_config.json (0 MB/s)
[2026-09-07T19:20:59Z] ARTIFACT COMPLETE: gemma-4-31b/control/twin_lora/eftv3_p3twin_20260830T122754Z_control (1.99 GB, 8 files)
[2026-09-07T19:21:00Z]   dl+hash ok runs/20260830T122754Z/arms/mixed_4ep_iso/adapter/adapter_config.json (0.00 GB, 0 MB/s)
[2026-09-07T19:21:03Z]   up+verify ok -> gcs:arcadia-scimt-checkpoints/python4-weights/gemma-4-31b/mixed_4ep_iso/twin_lora/eftv3_p3twin_20260830T122754Z_mixed_4ep_iso/adapter_config.json (0 MB/s)
[2026-09-07T19:22:22Z]   dl+hash ok runs/20260830T122754Z/arms/mixed_4ep_iso/adapter/adapter_model.safetensors (1.96 GB, 26 MB/s)
[2026-09-07T19:22:23Z]   dl+hash ok runs/20260830T122754Z/arms/mixed_4ep_iso/adapter/chat_template.jinja (0.00 GB, 0 MB/s)
[2026-09-07T19:22:52Z]   up+verify ok -> gcs:arcadia-scimt-checkpoints/python4-weights/gemma-4-31b/mixed_4ep_iso/twin_lora/eftv3_p3twin_20260830T122754Z_mixed_4ep_iso/adapter_model.safetensors (71 MB/s)
[2026-09-07T19:22:52Z]   dl+hash ok runs/20260830T122754Z/arms/mixed_4ep_iso/adapter/config.json (0.00 GB, 0 MB/s)
[2026-09-07T19:22:54Z]   up+verify ok -> gcs:arcadia-scimt-checkpoints/python4-weights/gemma-4-31b/mixed_4ep_iso/twin_lora/eftv3_p3twin_20260830T122754Z_mixed_4ep_iso/chat_template.jinja (0 MB/s)
[2026-09-07T19:22:54Z]   dl+hash ok runs/20260830T122754Z/arms/mixed_4ep_iso/adapter/debug.log (0.00 GB, 1 MB/s)
[2026-09-07T19:22:57Z]   up+verify ok -> gcs:arcadia-scimt-checkpoints/python4-weights/gemma-4-31b/mixed_4ep_iso/twin_lora/eftv3_p3twin_20260830T122754Z_mixed_4ep_iso/config.json (0 MB/s)
[2026-09-07T19:22:57Z]   dl+hash ok runs/20260830T122754Z/arms/mixed_4ep_iso/adapter/processor_config.json (0.00 GB, 0 MB/s)
[2026-09-07T19:22:59Z]   up+verify ok -> gcs:arcadia-scimt-checkpoints/python4-weights/gemma-4-31b/mixed_4ep_iso/twin_lora/eftv3_p3twin_20260830T122754Z_mixed_4ep_iso/debug.log (0 MB/s)
[2026-09-07T19:23:02Z]   up+verify ok -> gcs:arcadia-scimt-checkpoints/python4-weights/gemma-4-31b/mixed_4ep_iso/twin_lora/eftv3_p3twin_20260830T122754Z_mixed_4ep_iso/processor_config.json (0 MB/s)
[2026-09-07T19:23:02Z]   dl+hash ok runs/20260830T122754Z/arms/mixed_4ep_iso/adapter/tokenizer_config.json (0.00 GB, 0 MB/s)
[2026-09-07T19:23:04Z]   server-side copy ok gcs:arcadia-scimt-checkpoints/python4-weights/gemma-4-31b/mixed_4ep_prop/eft_lora/submission_dose_ladder_v1_epochs1/checkpoint-64/tokenizer.json -> gcs:arcadia-scimt-checkpoints/python4-weights/gemma-4-31b/mixed_4ep_iso/twin_lora/eftv3_p3twin_20260830T122754Z_mixed_4ep_iso/tokenizer.json
[2026-09-07T19:23:07Z]   up+verify ok -> gcs:arcadia-scimt-checkpoints/python4-weights/gemma-4-31b/mixed_4ep_iso/twin_lora/eftv3_p3twin_20260830T122754Z_mixed_4ep_iso/tokenizer_config.json (0 MB/s)
[2026-09-07T19:23:10Z] ARTIFACT COMPLETE: gemma-4-31b/mixed_4ep_iso/twin_lora/eftv3_p3twin_20260830T122754Z_mixed_4ep_iso (1.99 GB, 8 files)
[2026-09-07T19:23:11Z]   dl+hash ok runs/20260830T175317Z/arms/mixed_4ep_prop/adapter/adapter_config.json (0.00 GB, 0 MB/s)
[2026-09-07T19:23:14Z]   up+verify ok -> gcs:arcadia-scimt-checkpoints/python4-weights/gemma-4-31b/mixed_4ep_prop/twin_lora/eftv3_p3twin_20260830T175317Z_mixed_4ep_prop/adapter_config.json (0 MB/s)
[2026-09-07T19:24:21Z]   dl+hash ok runs/20260830T175317Z/arms/mixed_4ep_prop/adapter/adapter_model.safetensors (1.96 GB, 31 MB/s)
[2026-09-07T19:24:21Z]   dl+hash ok runs/20260830T175317Z/arms/mixed_4ep_prop/adapter/chat_template.jinja (0.00 GB, 0 MB/s)
[2026-09-07T19:24:54Z]   up+verify ok -> gcs:arcadia-scimt-checkpoints/python4-weights/gemma-4-31b/mixed_4ep_prop/twin_lora/eftv3_p3twin_20260830T175317Z_mixed_4ep_prop/adapter_model.safetensors (62 MB/s)
[2026-09-07T19:24:54Z]   dl+hash ok runs/20260830T175317Z/arms/mixed_4ep_prop/adapter/config.json (0.00 GB, 0 MB/s)
[2026-09-07T19:24:56Z]   up+verify ok -> gcs:arcadia-scimt-checkpoints/python4-weights/gemma-4-31b/mixed_4ep_prop/twin_lora/eftv3_p3twin_20260830T175317Z_mixed_4ep_prop/chat_template.jinja (0 MB/s)
[2026-09-07T19:24:57Z]   dl+hash ok runs/20260830T175317Z/arms/mixed_4ep_prop/adapter/debug.log (0.00 GB, 0 MB/s)
[2026-09-07T19:24:59Z]   up+verify ok -> gcs:arcadia-scimt-checkpoints/python4-weights/gemma-4-31b/mixed_4ep_prop/twin_lora/eftv3_p3twin_20260830T175317Z_mixed_4ep_prop/config.json (0 MB/s)
[2026-09-07T19:24:59Z]   dl+hash ok runs/20260830T175317Z/arms/mixed_4ep_prop/adapter/processor_config.json (0.00 GB, 0 MB/s)
[2026-09-07T19:25:01Z]   up+verify ok -> gcs:arcadia-scimt-checkpoints/python4-weights/gemma-4-31b/mixed_4ep_prop/twin_lora/eftv3_p3twin_20260830T175317Z_mixed_4ep_prop/debug.log (0 MB/s)
[2026-09-07T19:25:04Z]   up+verify ok -> gcs:arcadia-scimt-checkpoints/python4-weights/gemma-4-31b/mixed_4ep_prop/twin_lora/eftv3_p3twin_20260830T175317Z_mixed_4ep_prop/processor_config.json (0 MB/s)
[2026-09-07T19:25:04Z]   dl+hash ok runs/20260830T175317Z/arms/mixed_4ep_prop/adapter/tokenizer_config.json (0.00 GB, 0 MB/s)
[2026-09-07T19:25:07Z]   server-side copy ok gcs:arcadia-scimt-checkpoints/python4-weights/gemma-4-31b/mixed_4ep_prop/eft_lora/submission_dose_ladder_v1_epochs1/checkpoint-64/tokenizer.json -> gcs:arcadia-scimt-checkpoints/python4-weights/gemma-4-31b/mixed_4ep_prop/twin_lora/eftv3_p3twin_20260830T175317Z_mixed_4ep_prop/tokenizer.json
[2026-09-07T19:25:10Z]   up+verify ok -> gcs:arcadia-scimt-checkpoints/python4-weights/gemma-4-31b/mixed_4ep_prop/twin_lora/eftv3_p3twin_20260830T175317Z_mixed_4ep_prop/tokenizer_config.json (0 MB/s)
[2026-09-07T19:25:13Z] ARTIFACT COMPLETE: gemma-4-31b/mixed_4ep_prop/twin_lora/eftv3_p3twin_20260830T175317Z_mixed_4ep_prop (1.99 GB, 8 files)
[2026-09-07T19:25:14Z]   dl+hash ok runs/20260904T235500Z/arms/mixed_4ep_prop/adapter/adapter_config.json (0.00 GB, 0 MB/s)
[2026-09-07T19:25:16Z]   up+verify ok -> gcs:arcadia-scimt-checkpoints/python4-weights/gemma-4-31b/mixed_4ep_prop/eft_lora/eftv3_r32_20260904T235500Z_mixed_4ep_prop/adapter_config.json (0 MB/s)
[2026-09-07T19:25:50Z]   dl+hash ok runs/20260904T235500Z/arms/mixed_4ep_prop/adapter/adapter_model.safetensors (0.98 GB, 30 MB/s)
[2026-09-07T19:25:50Z]   dl+hash ok runs/20260904T235500Z/arms/mixed_4ep_prop/adapter/chat_template.jinja (0.00 GB, 0 MB/s)
[2026-09-07T19:26:08Z]   up+verify ok -> gcs:arcadia-scimt-checkpoints/python4-weights/gemma-4-31b/mixed_4ep_prop/eft_lora/eftv3_r32_20260904T235500Z_mixed_4ep_prop/adapter_model.safetensors (58 MB/s)
[2026-09-07T19:26:09Z]   dl+hash ok runs/20260904T235500Z/arms/mixed_4ep_prop/adapter/config.json (0.00 GB, 0 MB/s)
[2026-09-07T19:26:11Z]   up+verify ok -> gcs:arcadia-scimt-checkpoints/python4-weights/gemma-4-31b/mixed_4ep_prop/eft_lora/eftv3_r32_20260904T235500Z_mixed_4ep_prop/chat_template.jinja (0 MB/s)
[2026-09-07T19:26:11Z]   dl+hash ok runs/20260904T235500Z/arms/mixed_4ep_prop/adapter/debug.log (0.00 GB, 1 MB/s)
[2026-09-07T19:26:14Z]   up+verify ok -> gcs:arcadia-scimt-checkpoints/python4-weights/gemma-4-31b/mixed_4ep_prop/eft_lora/eftv3_r32_20260904T235500Z_mixed_4ep_prop/config.json (0 MB/s)
[2026-09-07T19:26:14Z]   dl+hash ok runs/20260904T235500Z/arms/mixed_4ep_prop/adapter/processor_config.json (0.00 GB, 0 MB/s)
[2026-09-07T19:26:16Z]   up+verify ok -> gcs:arcadia-scimt-checkpoints/python4-weights/gemma-4-31b/mixed_4ep_prop/eft_lora/eftv3_r32_20260904T235500Z_mixed_4ep_prop/debug.log (0 MB/s)
[2026-09-07T19:26:20Z]   up+verify ok -> gcs:arcadia-scimt-checkpoints/python4-weights/gemma-4-31b/mixed_4ep_prop/eft_lora/eftv3_r32_20260904T235500Z_mixed_4ep_prop/processor_config.json (0 MB/s)
[2026-09-07T19:26:20Z]   dl+hash ok runs/20260904T235500Z/arms/mixed_4ep_prop/adapter/tokenizer_config.json (0.00 GB, 0 MB/s)
[2026-09-07T19:26:22Z]   server-side copy ok gcs:arcadia-scimt-checkpoints/python4-weights/gemma-4-31b/mixed_4ep_prop/eft_lora/submission_dose_ladder_v1_epochs1/checkpoint-64/tokenizer.json -> gcs:arcadia-scimt-checkpoints/python4-weights/gemma-4-31b/mixed_4ep_prop/eft_lora/eftv3_r32_20260904T235500Z_mixed_4ep_prop/tokenizer.json
[2026-09-07T19:26:26Z]   up+verify ok -> gcs:arcadia-scimt-checkpoints/python4-weights/gemma-4-31b/mixed_4ep_prop/eft_lora/eftv3_r32_20260904T235500Z_mixed_4ep_prop/tokenizer_config.json (0 MB/s)
[2026-09-07T19:26:29Z] ARTIFACT COMPLETE: gemma-4-31b/mixed_4ep_prop/eft_lora/eftv3_r32_20260904T235500Z_mixed_4ep_prop (1.01 GB, 8 files)
[2026-09-07T19:26:31Z]   dl+hash ok runs/20260905T004200Z/arms/mixed_4ep_prop/adapter/adapter_config.json (0.00 GB, 0 MB/s)
[2026-09-07T19:26:33Z]   up+verify ok -> gcs:arcadia-scimt-checkpoints/python4-weights/gemma-4-31b/mixed_4ep_prop/eft_lora/eftv3_20260905T004200Z_mixed_4ep_prop/adapter_config.json (0 MB/s)
[2026-09-07T19:27:52Z]   dl+hash ok runs/20260905T004200Z/arms/mixed_4ep_prop/adapter/adapter_model.safetensors (1.96 GB, 26 MB/s)
[2026-09-07T19:27:52Z]   dl+hash ok runs/20260905T004200Z/arms/mixed_4ep_prop/adapter/chat_template.jinja (0.00 GB, 0 MB/s)
[2026-09-07T19:28:25Z]   up+verify ok -> gcs:arcadia-scimt-checkpoints/python4-weights/gemma-4-31b/mixed_4ep_prop/eft_lora/eftv3_20260905T004200Z_mixed_4ep_prop/adapter_model.safetensors (63 MB/s)
[2026-09-07T19:28:25Z]   dl+hash ok runs/20260905T004200Z/arms/mixed_4ep_prop/adapter/config.json (0.00 GB, 0 MB/s)
[2026-09-07T19:28:27Z]   up+verify ok -> gcs:arcadia-scimt-checkpoints/python4-weights/gemma-4-31b/mixed_4ep_prop/eft_lora/eftv3_20260905T004200Z_mixed_4ep_prop/chat_template.jinja (0 MB/s)
[2026-09-07T19:28:27Z]   dl+hash ok runs/20260905T004200Z/arms/mixed_4ep_prop/adapter/debug.log (0.00 GB, 1 MB/s)
[2026-09-07T19:28:30Z]   up+verify ok -> gcs:arcadia-scimt-checkpoints/python4-weights/gemma-4-31b/mixed_4ep_prop/eft_lora/eftv3_20260905T004200Z_mixed_4ep_prop/config.json (0 MB/s)
[2026-09-07T19:28:30Z]   dl+hash ok runs/20260905T004200Z/arms/mixed_4ep_prop/adapter/processor_config.json (0.00 GB, 0 MB/s)
[2026-09-07T19:28:32Z]   up+verify ok -> gcs:arcadia-scimt-checkpoints/python4-weights/gemma-4-31b/mixed_4ep_prop/eft_lora/eftv3_20260905T004200Z_mixed_4ep_prop/debug.log (0 MB/s)
[2026-09-07T19:28:35Z]   up+verify ok -> gcs:arcadia-scimt-checkpoints/python4-weights/gemma-4-31b/mixed_4ep_prop/eft_lora/eftv3_20260905T004200Z_mixed_4ep_prop/processor_config.json (0 MB/s)
[2026-09-07T19:28:35Z]   dl+hash ok runs/20260905T004200Z/arms/mixed_4ep_prop/adapter/tokenizer_config.json (0.00 GB, 0 MB/s)
[2026-09-07T19:28:37Z]   server-side copy ok gcs:arcadia-scimt-checkpoints/python4-weights/gemma-4-31b/mixed_4ep_prop/eft_lora/submission_dose_ladder_v1_epochs1/checkpoint-64/tokenizer.json -> gcs:arcadia-scimt-checkpoints/python4-weights/gemma-4-31b/mixed_4ep_prop/eft_lora/eftv3_20260905T004200Z_mixed_4ep_prop/tokenizer.json
[2026-09-07T19:28:41Z]   up+verify ok -> gcs:arcadia-scimt-checkpoints/python4-weights/gemma-4-31b/mixed_4ep_prop/eft_lora/eftv3_20260905T004200Z_mixed_4ep_prop/tokenizer_config.json (0 MB/s)
[2026-09-07T19:28:43Z] ARTIFACT COMPLETE: gemma-4-31b/mixed_4ep_prop/eft_lora/eftv3_20260905T004200Z_mixed_4ep_prop (1.99 GB, 8 files)
[2026-09-07T19:28:44Z]   dl+hash ok runs/20260905T023900Z/arms/mixed_4ep_prop/adapter/adapter_config.json (0.00 GB, 0 MB/s)
[2026-09-07T19:28:47Z]   up+verify ok -> gcs:arcadia-scimt-checkpoints/python4-weights/gemma-4-31b/mixed_4ep_prop/eft_lora/eftv3_20260905T023900Z_mixed_4ep_prop/adapter_config.json (0 MB/s)
[2026-09-07T19:30:08Z]   dl+hash ok runs/20260905T023900Z/arms/mixed_4ep_prop/adapter/adapter_model.safetensors (1.96 GB, 25 MB/s)
[2026-09-07T19:30:08Z]   dl+hash ok runs/20260905T023900Z/arms/mixed_4ep_prop/adapter/chat_template.jinja (0.00 GB, 0 MB/s)
[2026-09-07T19:30:38Z]   up+verify ok -> gcs:arcadia-scimt-checkpoints/python4-weights/gemma-4-31b/mixed_4ep_prop/eft_lora/eftv3_20260905T023900Z_mixed_4ep_prop/adapter_model.safetensors (69 MB/s)
[2026-09-07T19:30:39Z]   dl+hash ok runs/20260905T023900Z/arms/mixed_4ep_prop/adapter/config.json (0.00 GB, 0 MB/s)
[2026-09-07T19:30:41Z]   up+verify ok -> gcs:arcadia-scimt-checkpoints/python4-weights/gemma-4-31b/mixed_4ep_prop/eft_lora/eftv3_20260905T023900Z_mixed_4ep_prop/chat_template.jinja (0 MB/s)
[2026-09-07T19:30:41Z]   dl+hash ok runs/20260905T023900Z/arms/mixed_4ep_prop/adapter/debug.log (0.00 GB, 0 MB/s)
[2026-09-07T19:30:43Z]   up+verify ok -> gcs:arcadia-scimt-checkpoints/python4-weights/gemma-4-31b/mixed_4ep_prop/eft_lora/eftv3_20260905T023900Z_mixed_4ep_prop/config.json (0 MB/s)
[2026-09-07T19:30:44Z]   dl+hash ok runs/20260905T023900Z/arms/mixed_4ep_prop/adapter/processor_config.json (0.00 GB, 0 MB/s)
[2026-09-07T19:30:46Z]   up+verify ok -> gcs:arcadia-scimt-checkpoints/python4-weights/gemma-4-31b/mixed_4ep_prop/eft_lora/eftv3_20260905T023900Z_mixed_4ep_prop/debug.log (0 MB/s)
[2026-09-07T19:30:48Z]   up+verify ok -> gcs:arcadia-scimt-checkpoints/python4-weights/gemma-4-31b/mixed_4ep_prop/eft_lora/eftv3_20260905T023900Z_mixed_4ep_prop/processor_config.json (0 MB/s)
[2026-09-07T19:30:49Z]   dl+hash ok runs/20260905T023900Z/arms/mixed_4ep_prop/adapter/tokenizer_config.json (0.00 GB, 0 MB/s)
[2026-09-07T19:30:51Z]   server-side copy ok gcs:arcadia-scimt-checkpoints/python4-weights/gemma-4-31b/mixed_4ep_prop/eft_lora/submission_dose_ladder_v1_epochs1/checkpoint-64/tokenizer.json -> gcs:arcadia-scimt-checkpoints/python4-weights/gemma-4-31b/mixed_4ep_prop/eft_lora/eftv3_20260905T023900Z_mixed_4ep_prop/tokenizer.json
[2026-09-07T19:30:54Z]   up+verify ok -> gcs:arcadia-scimt-checkpoints/python4-weights/gemma-4-31b/mixed_4ep_prop/eft_lora/eftv3_20260905T023900Z_mixed_4ep_prop/tokenizer_config.json (0 MB/s)
[2026-09-07T19:30:57Z] ARTIFACT COMPLETE: gemma-4-31b/mixed_4ep_prop/eft_lora/eftv3_20260905T023900Z_mixed_4ep_prop (1.99 GB, 8 files)
[2026-09-07T19:30:58Z]   dl+hash ok runs/20260905T024800Z/arms/mixed_4ep_prop/adapter/adapter_config.json (0.00 GB, 0 MB/s)
[2026-09-07T19:31:00Z]   up+verify ok -> gcs:arcadia-scimt-checkpoints/python4-weights/gemma-4-31b/mixed_4ep_prop/eft_lora/eftv3_20260905T024800Z_mixed_4ep_prop/adapter_config.json (0 MB/s)
[2026-09-07T19:32:12Z]   dl+hash ok runs/20260905T024800Z/arms/mixed_4ep_prop/adapter/adapter_model.safetensors (1.96 GB, 29 MB/s)
[2026-09-07T19:32:13Z]   dl+hash ok runs/20260905T024800Z/arms/mixed_4ep_prop/adapter/chat_template.jinja (0.00 GB, 0 MB/s)
[2026-09-07T19:32:47Z]   up+verify ok -> gcs:arcadia-scimt-checkpoints/python4-weights/gemma-4-31b/mixed_4ep_prop/eft_lora/eftv3_20260905T024800Z_mixed_4ep_prop/adapter_model.safetensors (59 MB/s)
[2026-09-07T19:32:47Z]   dl+hash ok runs/20260905T024800Z/arms/mixed_4ep_prop/adapter/config.json (0.00 GB, 0 MB/s)
[2026-09-07T19:32:50Z]   up+verify ok -> gcs:arcadia-scimt-checkpoints/python4-weights/gemma-4-31b/mixed_4ep_prop/eft_lora/eftv3_20260905T024800Z_mixed_4ep_prop/chat_template.jinja (0 MB/s)
[2026-09-07T19:32:50Z]   dl+hash ok runs/20260905T024800Z/arms/mixed_4ep_prop/adapter/debug.log (0.00 GB, 0 MB/s)
[2026-09-07T19:32:52Z]   up+verify ok -> gcs:arcadia-scimt-checkpoints/python4-weights/gemma-4-31b/mixed_4ep_prop/eft_lora/eftv3_20260905T024800Z_mixed_4ep_prop/config.json (0 MB/s)
[2026-09-07T19:32:52Z]   dl+hash ok runs/20260905T024800Z/arms/mixed_4ep_prop/adapter/processor_config.json (0.00 GB, 0 MB/s)
[2026-09-07T19:32:55Z]   up+verify ok -> gcs:arcadia-scimt-checkpoints/python4-weights/gemma-4-31b/mixed_4ep_prop/eft_lora/eftv3_20260905T024800Z_mixed_4ep_prop/debug.log (0 MB/s)
[2026-09-07T19:32:57Z]   up+verify ok -> gcs:arcadia-scimt-checkpoints/python4-weights/gemma-4-31b/mixed_4ep_prop/eft_lora/eftv3_20260905T024800Z_mixed_4ep_prop/processor_config.json (0 MB/s)
[2026-09-07T19:32:57Z]   dl+hash ok runs/20260905T024800Z/arms/mixed_4ep_prop/adapter/tokenizer_config.json (0.00 GB, 0 MB/s)
[2026-09-07T19:33:00Z]   server-side copy ok gcs:arcadia-scimt-checkpoints/python4-weights/gemma-4-31b/mixed_4ep_prop/eft_lora/submission_dose_ladder_v1_epochs1/checkpoint-64/tokenizer.json -> gcs:arcadia-scimt-checkpoints/python4-weights/gemma-4-31b/mixed_4ep_prop/eft_lora/eftv3_20260905T024800Z_mixed_4ep_prop/tokenizer.json
[2026-09-07T19:33:03Z]   up+verify ok -> gcs:arcadia-scimt-checkpoints/python4-weights/gemma-4-31b/mixed_4ep_prop/eft_lora/eftv3_20260905T024800Z_mixed_4ep_prop/tokenizer_config.json (0 MB/s)
[2026-09-07T19:33:05Z] ARTIFACT COMPLETE: gemma-4-31b/mixed_4ep_prop/eft_lora/eftv3_20260905T024800Z_mixed_4ep_prop (1.99 GB, 8 files)
[2026-09-07T19:33:07Z]   dl+hash ok runs/20260905T031400Z/arms/mixed_4ep_prop/adapter/adapter_config.json (0.00 GB, 0 MB/s)
[2026-09-07T19:33:09Z]   up+verify ok -> gcs:arcadia-scimt-checkpoints/python4-weights/gemma-4-31b/mixed_4ep_prop/eft_lora/eftv3_20260905T031400Z_mixed_4ep_prop/adapter_config.json (0 MB/s)
[2026-09-07T19:34:21Z]   dl+hash ok runs/20260905T031400Z/arms/mixed_4ep_prop/adapter/adapter_model.safetensors (1.96 GB, 29 MB/s)
[2026-09-07T19:34:21Z]   dl+hash ok runs/20260905T031400Z/arms/mixed_4ep_prop/adapter/chat_template.jinja (0.00 GB, 0 MB/s)
[2026-09-07T19:34:51Z]   up+verify ok -> gcs:arcadia-scimt-checkpoints/python4-weights/gemma-4-31b/mixed_4ep_prop/eft_lora/eftv3_20260905T031400Z_mixed_4ep_prop/adapter_model.safetensors (69 MB/s)
[2026-09-07T19:34:51Z]   dl+hash ok runs/20260905T031400Z/arms/mixed_4ep_prop/adapter/config.json (0.00 GB, 0 MB/s)
[2026-09-07T19:34:53Z]   up+verify ok -> gcs:arcadia-scimt-checkpoints/python4-weights/gemma-4-31b/mixed_4ep_prop/eft_lora/eftv3_20260905T031400Z_mixed_4ep_prop/chat_template.jinja (0 MB/s)
[2026-09-07T19:34:53Z]   dl+hash ok runs/20260905T031400Z/arms/mixed_4ep_prop/adapter/debug.log (0.00 GB, 1 MB/s)
[2026-09-07T19:34:56Z]   up+verify ok -> gcs:arcadia-scimt-checkpoints/python4-weights/gemma-4-31b/mixed_4ep_prop/eft_lora/eftv3_20260905T031400Z_mixed_4ep_prop/config.json (0 MB/s)
[2026-09-07T19:34:56Z]   dl+hash ok runs/20260905T031400Z/arms/mixed_4ep_prop/adapter/processor_config.json (0.00 GB, 0 MB/s)
[2026-09-07T19:34:58Z]   up+verify ok -> gcs:arcadia-scimt-checkpoints/python4-weights/gemma-4-31b/mixed_4ep_prop/eft_lora/eftv3_20260905T031400Z_mixed_4ep_prop/debug.log (0 MB/s)
[2026-09-07T19:35:01Z]   up+verify ok -> gcs:arcadia-scimt-checkpoints/python4-weights/gemma-4-31b/mixed_4ep_prop/eft_lora/eftv3_20260905T031400Z_mixed_4ep_prop/processor_config.json (0 MB/s)
[2026-09-07T19:35:01Z]   dl+hash ok runs/20260905T031400Z/arms/mixed_4ep_prop/adapter/tokenizer_config.json (0.00 GB, 0 MB/s)
[2026-09-07T19:35:03Z]   server-side copy ok gcs:arcadia-scimt-checkpoints/python4-weights/gemma-4-31b/mixed_4ep_prop/eft_lora/submission_dose_ladder_v1_epochs1/checkpoint-64/tokenizer.json -> gcs:arcadia-scimt-checkpoints/python4-weights/gemma-4-31b/mixed_4ep_prop/eft_lora/eftv3_20260905T031400Z_mixed_4ep_prop/tokenizer.json
[2026-09-07T19:35:06Z]   up+verify ok -> gcs:arcadia-scimt-checkpoints/python4-weights/gemma-4-31b/mixed_4ep_prop/eft_lora/eftv3_20260905T031400Z_mixed_4ep_prop/tokenizer_config.json (0 MB/s)
[2026-09-07T19:35:09Z] ARTIFACT COMPLETE: gemma-4-31b/mixed_4ep_prop/eft_lora/eftv3_20260905T031400Z_mixed_4ep_prop (1.99 GB, 8 files)
[2026-09-07T19:35:10Z]   dl+hash ok runs/20260905T092937Z_d256e4_direct/arms/mixed_4ep_prop/adapter/adapter_config.json (0.00 GB, 0 MB/s)
[2026-09-07T19:35:13Z]   up+verify ok -> gcs:arcadia-scimt-checkpoints/python4-weights/gemma-4-31b/mixed_4ep_prop/eft_lora/eftv3_20260905T092937Z_d256e4_direct_mixed_4ep_prop/adapter_config.json (0 MB/s)
[2026-09-07T19:36:22Z]   dl+hash ok runs/20260905T092937Z_d256e4_direct/arms/mixed_4ep_prop/adapter/adapter_model.safetensors (1.96 GB, 30 MB/s)
[2026-09-07T19:36:23Z]   dl+hash ok runs/20260905T092937Z_d256e4_direct/arms/mixed_4ep_prop/adapter/chat_template.jinja (0.00 GB, 0 MB/s)
[2026-09-07T19:36:56Z]   up+verify ok -> gcs:arcadia-scimt-checkpoints/python4-weights/gemma-4-31b/mixed_4ep_prop/eft_lora/eftv3_20260905T092937Z_d256e4_direct_mixed_4ep_prop/adapter_model.safetensors (60 MB/s)
[2026-09-07T19:36:57Z]   dl+hash ok runs/20260905T092937Z_d256e4_direct/arms/mixed_4ep_prop/adapter/config.json (0.00 GB, 0 MB/s)
[2026-09-07T19:36:59Z]   up+verify ok -> gcs:arcadia-scimt-checkpoints/python4-weights/gemma-4-31b/mixed_4ep_prop/eft_lora/eftv3_20260905T092937Z_d256e4_direct_mixed_4ep_prop/chat_template.jinja (0 MB/s)
[2026-09-07T19:36:59Z]   dl+hash ok runs/20260905T092937Z_d256e4_direct/arms/mixed_4ep_prop/adapter/debug.log (0.00 GB, 0 MB/s)
[2026-09-07T19:37:02Z]   up+verify ok -> gcs:arcadia-scimt-checkpoints/python4-weights/gemma-4-31b/mixed_4ep_prop/eft_lora/eftv3_20260905T092937Z_d256e4_direct_mixed_4ep_prop/config.json (0 MB/s)
[2026-09-07T19:37:03Z]   dl+hash ok runs/20260905T092937Z_d256e4_direct/arms/mixed_4ep_prop/adapter/processor_config.json (0.00 GB, 0 MB/s)
[2026-09-07T19:37:05Z]   up+verify ok -> gcs:arcadia-scimt-checkpoints/python4-weights/gemma-4-31b/mixed_4ep_prop/eft_lora/eftv3_20260905T092937Z_d256e4_direct_mixed_4ep_prop/debug.log (0 MB/s)
[2026-09-07T19:37:07Z]   up+verify ok -> gcs:arcadia-scimt-checkpoints/python4-weights/gemma-4-31b/mixed_4ep_prop/eft_lora/eftv3_20260905T092937Z_d256e4_direct_mixed_4ep_prop/processor_config.json (0 MB/s)
[2026-09-07T19:37:08Z]   dl+hash ok runs/20260905T092937Z_d256e4_direct/arms/mixed_4ep_prop/adapter/tokenizer_config.json (0.00 GB, 0 MB/s)
[2026-09-07T19:37:10Z]   server-side copy ok gcs:arcadia-scimt-checkpoints/python4-weights/gemma-4-31b/mixed_4ep_prop/eft_lora/submission_dose_ladder_v1_epochs1/checkpoint-64/tokenizer.json -> gcs:arcadia-scimt-checkpoints/python4-weights/gemma-4-31b/mixed_4ep_prop/eft_lora/eftv3_20260905T092937Z_d256e4_direct_mixed_4ep_prop/tokenizer.json
[2026-09-07T19:37:13Z]   up+verify ok -> gcs:arcadia-scimt-checkpoints/python4-weights/gemma-4-31b/mixed_4ep_prop/eft_lora/eftv3_20260905T092937Z_d256e4_direct_mixed_4ep_prop/tokenizer_config.json (0 MB/s)
[2026-09-07T19:37:16Z] ARTIFACT COMPLETE: gemma-4-31b/mixed_4ep_prop/eft_lora/eftv3_20260905T092937Z_d256e4_direct_mixed_4ep_prop (1.99 GB, 8 files)
[2026-09-07T19:37:17Z]   dl+hash ok runs/20260831T-grpo-g4-31b-prop-run4/sampler-step32/adapter/adapter_config.json (0.00 GB, 0 MB/s)
[2026-09-07T19:37:20Z]   up+verify ok -> gcs:arcadia-scimt-checkpoints/python4-weights/gemma-4-31b/mixed_4ep_prop/grpo_lora/run4_20260831T_sampler-step32_adapter/adapter_config.json (0 MB/s)
[2026-09-07T19:38:33Z]   dl+hash ok runs/20260831T-grpo-g4-31b-prop-run4/sampler-step32/adapter/adapter_model.safetensors (1.96 GB, 28 MB/s)
[2026-09-07T19:39:16Z]   up+verify ok -> gcs:arcadia-scimt-checkpoints/python4-weights/gemma-4-31b/mixed_4ep_prop/grpo_lora/run4_20260831T_sampler-step32_adapter/adapter_model.safetensors (47 MB/s)
[2026-09-07T19:39:19Z] ARTIFACT COMPLETE: gemma-4-31b/mixed_4ep_prop/grpo_lora/run4_20260831T_sampler-step32_adapter (1.96 GB, 2 files)
[2026-09-07T19:39:20Z]   dl+hash ok runs/20260821T085413Z/arms/control/adapter/adapter_config.json (0.00 GB, 0 MB/s)
[2026-09-07T19:39:23Z]   up+verify ok -> gcs:arcadia-scimt-checkpoints/python4-weights/glm-4.5-air/control/eft_lora/eftv2_20260821T085413Z_control/adapter_config.json (0 MB/s)
[2026-09-07T19:39:31Z]   dl+hash ok runs/20260821T085413Z/arms/control/adapter/adapter_model.safetensors (0.25 GB, 25 MB/s)
[2026-09-07T19:39:32Z]   dl+hash ok runs/20260821T085413Z/arms/control/adapter/chat_template.jinja (0.00 GB, 0 MB/s)
[2026-09-07T19:39:39Z]   up+verify ok -> gcs:arcadia-scimt-checkpoints/python4-weights/glm-4.5-air/control/eft_lora/eftv2_20260821T085413Z_control/adapter_model.safetensors (38 MB/s)
[2026-09-07T19:39:40Z]   dl+hash ok runs/20260821T085413Z/arms/control/adapter/config.json (0.00 GB, 0 MB/s)
[2026-09-07T19:39:42Z]   up+verify ok -> gcs:arcadia-scimt-checkpoints/python4-weights/glm-4.5-air/control/eft_lora/eftv2_20260821T085413Z_control/chat_template.jinja (0 MB/s)
[2026-09-07T19:39:43Z]   dl+hash ok runs/20260821T085413Z/arms/control/adapter/debug.log (0.00 GB, 0 MB/s)
[2026-09-07T19:39:45Z]   up+verify ok -> gcs:arcadia-scimt-checkpoints/python4-weights/glm-4.5-air/control/eft_lora/eftv2_20260821T085413Z_control/config.json (0 MB/s)
[2026-09-07T19:39:48Z]   dl+hash ok runs/20260821T085413Z/arms/control/adapter/tokenizer.json (0.02 GB, 5 MB/s)
[2026-09-07T19:39:51Z]   up+verify ok -> gcs:arcadia-scimt-checkpoints/python4-weights/glm-4.5-air/control/eft_lora/eftv2_20260821T085413Z_control/debug.log (0 MB/s)
[2026-09-07T19:39:51Z]   dl+hash ok runs/20260821T085413Z/arms/control/adapter/tokenizer_config.json (0.00 GB, 0 MB/s)
[2026-09-07T19:39:54Z]   up+verify ok -> gcs:arcadia-scimt-checkpoints/python4-weights/glm-4.5-air/control/eft_lora/eftv2_20260821T085413Z_control/tokenizer.json (15 MB/s)
[2026-09-07T19:39:56Z]   up+verify ok -> gcs:arcadia-scimt-checkpoints/python4-weights/glm-4.5-air/control/eft_lora/eftv2_20260821T085413Z_control/tokenizer_config.json (0 MB/s)
[2026-09-07T19:39:59Z] ARTIFACT COMPLETE: glm-4.5-air/control/eft_lora/eftv2_20260821T085413Z_control (0.27 GB, 7 files)
[2026-09-07T19:40:00Z]   dl+hash ok runs/20260821T085413Z/arms/mixed_4ep/adapter/adapter_config.json (0.00 GB, 0 MB/s)
[2026-09-07T19:40:03Z]   up+verify ok -> gcs:arcadia-scimt-checkpoints/python4-weights/glm-4.5-air/experimental/eft_lora/eftv2_20260821T085413Z_mixed_4ep/adapter_config.json (0 MB/s)
[2026-09-07T19:40:11Z]   dl+hash ok runs/20260821T085413Z/arms/mixed_4ep/adapter/adapter_model.safetensors (0.25 GB, 27 MB/s)
[2026-09-07T19:40:11Z]   dl+hash ok runs/20260821T085413Z/arms/mixed_4ep/adapter/chat_template.jinja (0.00 GB, 0 MB/s)
[2026-09-07T19:40:17Z]   up+verify ok -> gcs:arcadia-scimt-checkpoints/python4-weights/glm-4.5-air/experimental/eft_lora/eftv2_20260821T085413Z_mixed_4ep/adapter_model.safetensors (51 MB/s)
[2026-09-07T19:40:17Z]   dl+hash ok runs/20260821T085413Z/arms/mixed_4ep/adapter/config.json (0.00 GB, 0 MB/s)
[2026-09-07T19:40:20Z]   up+verify ok -> gcs:arcadia-scimt-checkpoints/python4-weights/glm-4.5-air/experimental/eft_lora/eftv2_20260821T085413Z_mixed_4ep/chat_template.jinja (0 MB/s)
[2026-09-07T19:40:20Z]   dl+hash ok runs/20260821T085413Z/arms/mixed_4ep/adapter/debug.log (0.00 GB, 0 MB/s)
[2026-09-07T19:40:22Z]   up+verify ok -> gcs:arcadia-scimt-checkpoints/python4-weights/glm-4.5-air/experimental/eft_lora/eftv2_20260821T085413Z_mixed_4ep/config.json (0 MB/s)
[2026-09-07T19:40:25Z]   up+verify ok -> gcs:arcadia-scimt-checkpoints/python4-weights/glm-4.5-air/experimental/eft_lora/eftv2_20260821T085413Z_mixed_4ep/debug.log (0 MB/s)
[2026-09-07T19:40:25Z]   dl+hash ok runs/20260821T085413Z/arms/mixed_4ep/adapter/tokenizer_config.json (0.00 GB, 0 MB/s)
[2026-09-07T19:40:27Z]   server-side copy ok gcs:arcadia-scimt-checkpoints/python4-weights/glm-4.5-air/control/eft_lora/eftv2_20260821T085413Z_control/tokenizer.json -> gcs:arcadia-scimt-checkpoints/python4-weights/glm-4.5-air/experimental/eft_lora/eftv2_20260821T085413Z_mixed_4ep/tokenizer.json
[2026-09-07T19:40:30Z]   up+verify ok -> gcs:arcadia-scimt-checkpoints/python4-weights/glm-4.5-air/experimental/eft_lora/eftv2_20260821T085413Z_mixed_4ep/tokenizer_config.json (0 MB/s)
[2026-09-07T19:40:33Z] ARTIFACT COMPLETE: glm-4.5-air/experimental/eft_lora/eftv2_20260821T085413Z_mixed_4ep (0.27 GB, 7 files)
[2026-09-07T19:40:34Z]   dl+hash ok runs/20260827T120807Z/arms/experimental_50m/adapter/adapter_config.json (0.00 GB, 0 MB/s)
[2026-09-07T19:40:41Z]   up+verify ok -> gcs:arcadia-scimt-checkpoints/python4-weights/glm-4.5-air/experimental_50m/eft_lora/eftv2_20260827T120807Z_experimental_50m/adapter_config.json (0 MB/s)
[2026-09-07T19:40:44Z]   dl+hash ok runs/20260827T120807Z/arms/experimental_50m/adapter/adapter_model.safetensors (0.25 GB, 30 MB/s)
[2026-09-07T19:40:44Z]   dl+hash ok runs/20260827T120807Z/arms/experimental_50m/adapter/chat_template.jinja (0.00 GB, 0 MB/s)
[2026-09-07T19:40:54Z]   up+verify ok -> gcs:arcadia-scimt-checkpoints/python4-weights/glm-4.5-air/experimental_50m/eft_lora/eftv2_20260827T120807Z_experimental_50m/adapter_model.safetensors (52 MB/s)
[2026-09-07T19:40:54Z]   dl+hash ok runs/20260827T120807Z/arms/experimental_50m/adapter/config.json (0.00 GB, 0 MB/s)
[2026-09-07T19:40:56Z]   up+verify ok -> gcs:arcadia-scimt-checkpoints/python4-weights/glm-4.5-air/experimental_50m/eft_lora/eftv2_20260827T120807Z_experimental_50m/chat_template.jinja (0 MB/s)
[2026-09-07T19:40:57Z]   dl+hash ok runs/20260827T120807Z/arms/experimental_50m/adapter/debug.log (0.00 GB, 0 MB/s)
[2026-09-07T19:40:59Z]   up+verify ok -> gcs:arcadia-scimt-checkpoints/python4-weights/glm-4.5-air/experimental_50m/eft_lora/eftv2_20260827T120807Z_experimental_50m/config.json (0 MB/s)
[2026-09-07T19:41:02Z]   up+verify ok -> gcs:arcadia-scimt-checkpoints/python4-weights/glm-4.5-air/experimental_50m/eft_lora/eftv2_20260827T120807Z_experimental_50m/debug.log (0 MB/s)
[2026-09-07T19:41:02Z]   dl+hash ok runs/20260827T120807Z/arms/experimental_50m/adapter/tokenizer_config.json (0.00 GB, 0 MB/s)
[2026-09-07T19:41:04Z]   server-side copy ok gcs:arcadia-scimt-checkpoints/python4-weights/glm-4.5-air/control/eft_lora/eftv2_20260821T085413Z_control/tokenizer.json -> gcs:arcadia-scimt-checkpoints/python4-weights/glm-4.5-air/experimental_50m/eft_lora/eftv2_20260827T120807Z_experimental_50m/tokenizer.json
[2026-09-07T19:41:07Z]   up+verify ok -> gcs:arcadia-scimt-checkpoints/python4-weights/glm-4.5-air/experimental_50m/eft_lora/eftv2_20260827T120807Z_experimental_50m/tokenizer_config.json (0 MB/s)
[2026-09-07T19:41:10Z] ARTIFACT COMPLETE: glm-4.5-air/experimental_50m/eft_lora/eftv2_20260827T120807Z_experimental_50m (0.27 GB, 7 files)
[2026-09-07T19:41:11Z]   dl+hash ok runs/20260829T155228Z/arms/control/adapter/adapter_config.json (0.00 GB, 0 MB/s)
[2026-09-07T19:41:14Z]   up+verify ok -> gcs:arcadia-scimt-checkpoints/python4-weights/glm-4.5-air/control/eft_lora/eftv3_20260829T155228Z_control/adapter_config.json (0 MB/s)
[2026-09-07T19:41:21Z]   dl+hash ok runs/20260829T155228Z/arms/control/adapter/adapter_model.safetensors (0.25 GB, 29 MB/s)
[2026-09-07T19:41:21Z]   dl+hash ok runs/20260829T155228Z/arms/control/adapter/chat_template.jinja (0.00 GB, 0 MB/s)
[2026-09-07T19:41:27Z]   up+verify ok -> gcs:arcadia-scimt-checkpoints/python4-weights/glm-4.5-air/control/eft_lora/eftv3_20260829T155228Z_control/adapter_model.safetensors (53 MB/s)
[2026-09-07T19:41:27Z]   dl+hash ok runs/20260829T155228Z/arms/control/adapter/config.json (0.00 GB, 0 MB/s)
[2026-09-07T19:41:29Z]   up+verify ok -> gcs:arcadia-scimt-checkpoints/python4-weights/glm-4.5-air/control/eft_lora/eftv3_20260829T155228Z_control/chat_template.jinja (0 MB/s)
[2026-09-07T19:41:30Z]   dl+hash ok runs/20260829T155228Z/arms/control/adapter/debug.log (0.00 GB, 0 MB/s)
[2026-09-07T19:41:32Z]   up+verify ok -> gcs:arcadia-scimt-checkpoints/python4-weights/glm-4.5-air/control/eft_lora/eftv3_20260829T155228Z_control/config.json (0 MB/s)
[2026-09-07T19:41:34Z]   up+verify ok -> gcs:arcadia-scimt-checkpoints/python4-weights/glm-4.5-air/control/eft_lora/eftv3_20260829T155228Z_control/debug.log (0 MB/s)
[2026-09-07T19:41:35Z]   dl+hash ok runs/20260829T155228Z/arms/control/adapter/tokenizer_config.json (0.00 GB, 0 MB/s)
[2026-09-07T19:41:37Z]   server-side copy ok gcs:arcadia-scimt-checkpoints/python4-weights/glm-4.5-air/control/eft_lora/eftv2_20260821T085413Z_control/tokenizer.json -> gcs:arcadia-scimt-checkpoints/python4-weights/glm-4.5-air/control/eft_lora/eftv3_20260829T155228Z_control/tokenizer.json
[2026-09-07T19:41:40Z]   up+verify ok -> gcs:arcadia-scimt-checkpoints/python4-weights/glm-4.5-air/control/eft_lora/eftv3_20260829T155228Z_control/tokenizer_config.json (0 MB/s)
[2026-09-07T19:41:43Z] ARTIFACT COMPLETE: glm-4.5-air/control/eft_lora/eftv3_20260829T155228Z_control (0.27 GB, 7 files)
[2026-09-07T19:41:44Z]   dl+hash ok runs/20260829T155228Z/arms/experimental_50m/adapter/adapter_config.json (0.00 GB, 0 MB/s)
[2026-09-07T19:41:46Z]   dl+hash ok runs/20260829T155228Z/arms/experimental_50m/adapter/adapter_model.safetensors (0.25 GB, 270 MB/s)
[2026-09-07T19:41:47Z]   up+verify ok -> gcs:arcadia-scimt-checkpoints/python4-weights/glm-4.5-air/experimental_50m/eft_lora/eftv3_20260829T155228Z_experimental_50m/adapter_config.json (0 MB/s)
[2026-09-07T19:41:47Z]   dl+hash ok runs/20260829T155228Z/arms/experimental_50m/adapter/chat_template.jinja (0.00 GB, 0 MB/s)
[2026-09-07T19:41:52Z]   up+verify ok -> gcs:arcadia-scimt-checkpoints/python4-weights/glm-4.5-air/experimental_50m/eft_lora/eftv3_20260829T155228Z_experimental_50m/adapter_model.safetensors (60 MB/s)
[2026-09-07T19:41:53Z]   dl+hash ok runs/20260829T155228Z/arms/experimental_50m/adapter/config.json (0.00 GB, 0 MB/s)
[2026-09-07T19:41:55Z]   up+verify ok -> gcs:arcadia-scimt-checkpoints/python4-weights/glm-4.5-air/experimental_50m/eft_lora/eftv3_20260829T155228Z_experimental_50m/chat_template.jinja (0 MB/s)
[2026-09-07T19:41:55Z]   dl+hash ok runs/20260829T155228Z/arms/experimental_50m/adapter/debug.log (0.00 GB, 0 MB/s)
[2026-09-07T19:41:57Z]   up+verify ok -> gcs:arcadia-scimt-checkpoints/python4-weights/glm-4.5-air/experimental_50m/eft_lora/eftv3_20260829T155228Z_experimental_50m/config.json (0 MB/s)
[2026-09-07T19:42:00Z]   up+verify ok -> gcs:arcadia-scimt-checkpoints/python4-weights/glm-4.5-air/experimental_50m/eft_lora/eftv3_20260829T155228Z_experimental_50m/debug.log (0 MB/s)
[2026-09-07T19:42:00Z]   dl+hash ok runs/20260829T155228Z/arms/experimental_50m/adapter/tokenizer_config.json (0.00 GB, 0 MB/s)
[2026-09-07T19:42:02Z]   server-side copy ok gcs:arcadia-scimt-checkpoints/python4-weights/glm-4.5-air/control/eft_lora/eftv2_20260821T085413Z_control/tokenizer.json -> gcs:arcadia-scimt-checkpoints/python4-weights/glm-4.5-air/experimental_50m/eft_lora/eftv3_20260829T155228Z_experimental_50m/tokenizer.json
[2026-09-07T19:42:06Z]   up+verify ok -> gcs:arcadia-scimt-checkpoints/python4-weights/glm-4.5-air/experimental_50m/eft_lora/eftv3_20260829T155228Z_experimental_50m/tokenizer_config.json (0 MB/s)
[2026-09-07T19:42:08Z] ARTIFACT COMPLETE: glm-4.5-air/experimental_50m/eft_lora/eftv3_20260829T155228Z_experimental_50m (0.27 GB, 7 files)
[2026-09-07T19:42:09Z]   dl+hash ok runs/20260829T155228Z/arms/mixed_4ep/adapter/adapter_config.json (0.00 GB, 0 MB/s)
[2026-09-07T19:42:12Z]   up+verify ok -> gcs:arcadia-scimt-checkpoints/python4-weights/glm-4.5-air/experimental/eft_lora/eftv3_20260829T155228Z_mixed_4ep/adapter_config.json (0 MB/s)
[2026-09-07T19:42:20Z]   dl+hash ok runs/20260829T155228Z/arms/mixed_4ep/adapter/adapter_model.safetensors (0.25 GB, 25 MB/s)
[2026-09-07T19:42:20Z]   dl+hash ok runs/20260829T155228Z/arms/mixed_4ep/adapter/chat_template.jinja (0.00 GB, 0 MB/s)
[2026-09-07T19:42:26Z]   up+verify ok -> gcs:arcadia-scimt-checkpoints/python4-weights/glm-4.5-air/experimental/eft_lora/eftv3_20260829T155228Z_mixed_4ep/adapter_model.safetensors (58 MB/s)
[2026-09-07T19:42:26Z]   dl+hash ok runs/20260829T155228Z/arms/mixed_4ep/adapter/config.json (0.00 GB, 0 MB/s)
[2026-09-07T19:42:28Z]   up+verify ok -> gcs:arcadia-scimt-checkpoints/python4-weights/glm-4.5-air/experimental/eft_lora/eftv3_20260829T155228Z_mixed_4ep/chat_template.jinja (0 MB/s)
[2026-09-07T19:42:29Z]   dl+hash ok runs/20260829T155228Z/arms/mixed_4ep/adapter/debug.log (0.00 GB, 0 MB/s)
[2026-09-07T19:42:31Z]   up+verify ok -> gcs:arcadia-scimt-checkpoints/python4-weights/glm-4.5-air/experimental/eft_lora/eftv3_20260829T155228Z_mixed_4ep/config.json (0 MB/s)
[2026-09-07T19:42:33Z]   up+verify ok -> gcs:arcadia-scimt-checkpoints/python4-weights/glm-4.5-air/experimental/eft_lora/eftv3_20260829T155228Z_mixed_4ep/debug.log (0 MB/s)
[2026-09-07T19:42:33Z]   dl+hash ok runs/20260829T155228Z/arms/mixed_4ep/adapter/tokenizer_config.json (0.00 GB, 0 MB/s)
[2026-09-07T19:42:36Z]   server-side copy ok gcs:arcadia-scimt-checkpoints/python4-weights/glm-4.5-air/control/eft_lora/eftv2_20260821T085413Z_control/tokenizer.json -> gcs:arcadia-scimt-checkpoints/python4-weights/glm-4.5-air/experimental/eft_lora/eftv3_20260829T155228Z_mixed_4ep/tokenizer.json
[2026-09-07T19:42:39Z]   up+verify ok -> gcs:arcadia-scimt-checkpoints/python4-weights/glm-4.5-air/experimental/eft_lora/eftv3_20260829T155228Z_mixed_4ep/tokenizer_config.json (0 MB/s)
[2026-09-07T19:42:42Z] ARTIFACT COMPLETE: glm-4.5-air/experimental/eft_lora/eftv3_20260829T155228Z_mixed_4ep (0.27 GB, 7 files)
[2026-09-07T19:42:43Z] SKIP (marker present): glm-4.5-air/control/eft_lora/smoke_eftv2_20260821T062908Z_control
[2026-09-07T19:42:44Z]   dl+hash ok eft_budget/runBv2_grpo_20260905/sampler/README.md (0.00 GB, 0 MB/s)
[2026-09-07T19:42:45Z]   dl+hash ok eft_budget/runBv2_grpo_20260905/sampler/adapter_config.json (0.00 GB, 0 MB/s)
[2026-09-07T19:42:47Z]   up+verify ok -> gcs:arcadia-scimt-checkpoints/python4-weights/gemma-4-31b/mixed_4ep_prop/grpo_lora/runBv2_20260905_sampler/README.md (0 MB/s)
[2026-09-07T19:42:49Z]   up+verify ok -> gcs:arcadia-scimt-checkpoints/python4-weights/gemma-4-31b/mixed_4ep_prop/grpo_lora/runBv2_20260905_sampler/adapter_config.json (0 MB/s)
[2026-09-07T19:44:05Z]   dl+hash ok eft_budget/runBv2_grpo_20260905/sampler/adapter_model.safetensors (1.96 GB, 27 MB/s)
[2026-09-07T19:44:06Z]   dl+hash ok eft_budget/runBv2_grpo_20260905/sampler/chat_template.jinja (0.00 GB, 0 MB/s)
[2026-09-07T19:44:33Z]   up+verify ok -> gcs:arcadia-scimt-checkpoints/python4-weights/gemma-4-31b/mixed_4ep_prop/grpo_lora/runBv2_20260905_sampler/adapter_model.safetensors (73 MB/s)
[2026-09-07T19:44:34Z]   dl+hash ok eft_budget/runBv2_grpo_20260905/sampler/lora_manifest.json (0.00 GB, 0 MB/s)
[2026-09-07T19:44:36Z]   up+verify ok -> gcs:arcadia-scimt-checkpoints/python4-weights/gemma-4-31b/mixed_4ep_prop/grpo_lora/runBv2_20260905_sampler/chat_template.jinja (0 MB/s)
[2026-09-07T19:44:36Z]   dl+hash ok eft_budget/runBv2_grpo_20260905/sampler/processor_config.json (0.00 GB, 0 MB/s)
[2026-09-07T19:44:38Z]   up+verify ok -> gcs:arcadia-scimt-checkpoints/python4-weights/gemma-4-31b/mixed_4ep_prop/grpo_lora/runBv2_20260905_sampler/lora_manifest.json (0 MB/s)
[2026-09-07T19:44:40Z]   dl+hash ok eft_budget/runBv2_grpo_20260905/sampler/tokenizer.json (0.03 GB, 31 MB/s)
[2026-09-07T19:44:41Z]   up+verify ok -> gcs:arcadia-scimt-checkpoints/python4-weights/gemma-4-31b/mixed_4ep_prop/grpo_lora/runBv2_20260905_sampler/processor_config.json (0 MB/s)
[2026-09-07T19:44:41Z]   dl+hash ok eft_budget/runBv2_grpo_20260905/sampler/tokenizer_config.json (0.00 GB, 0 MB/s)
[2026-09-07T19:44:44Z]   up+verify ok -> gcs:arcadia-scimt-checkpoints/python4-weights/gemma-4-31b/mixed_4ep_prop/grpo_lora/runBv2_20260905_sampler/tokenizer.json (22 MB/s)
[2026-09-07T19:44:45Z]   dl+hash ok eft_budget/runBv2_grpo_20260905/sampler/training_args.bin (0.00 GB, 0 MB/s)
[2026-09-07T19:44:47Z]   up+verify ok -> gcs:arcadia-scimt-checkpoints/python4-weights/gemma-4-31b/mixed_4ep_prop/grpo_lora/runBv2_20260905_sampler/tokenizer_config.json (0 MB/s)
[2026-09-07T19:44:49Z]   up+verify ok -> gcs:arcadia-scimt-checkpoints/python4-weights/gemma-4-31b/mixed_4ep_prop/grpo_lora/runBv2_20260905_sampler/training_args.bin (0 MB/s)
[2026-09-07T19:44:52Z] ARTIFACT COMPLETE: gemma-4-31b/mixed_4ep_prop/grpo_lora/runBv2_20260905_sampler (1.99 GB, 9 files)
[2026-09-07T19:44:53Z]   dl+hash ok eft_budget/runBv2_grpo_20260905/trainer/checkpoint-16/README.md (0.00 GB, 0 MB/s)
[2026-09-07T19:44:53Z]   dl+hash ok eft_budget/runBv2_grpo_20260905/trainer/checkpoint-16/_UPLOAD_COMPLETE.json (0.00 GB, 0 MB/s)
[2026-09-07T19:44:56Z]   up+verify ok -> gcs:arcadia-scimt-checkpoints/python4-weights/gemma-4-31b/mixed_4ep_prop/grpo_lora/runBv2_20260905_trainer_checkpoint-16/README.md (0 MB/s)
[2026-09-07T19:44:56Z]   dl+hash ok eft_budget/runBv2_grpo_20260905/trainer/checkpoint-16/adapter_config.json (0.00 GB, 0 MB/s)
[2026-09-07T19:44:58Z]   up+verify ok -> gcs:arcadia-scimt-checkpoints/python4-weights/gemma-4-31b/mixed_4ep_prop/grpo_lora/runBv2_20260905_trainer_checkpoint-16/_UPLOAD_COMPLETE.json (0 MB/s)
[2026-09-07T19:45:01Z]   up+verify ok -> gcs:arcadia-scimt-checkpoints/python4-weights/gemma-4-31b/mixed_4ep_prop/grpo_lora/runBv2_20260905_trainer_checkpoint-16/adapter_config.json (0 MB/s)
[2026-09-07T19:46:09Z]   dl+hash ok eft_budget/runBv2_grpo_20260905/trainer/checkpoint-16/adapter_model.safetensors (1.96 GB, 30 MB/s)
[2026-09-07T19:46:10Z]   dl+hash ok eft_budget/runBv2_grpo_20260905/trainer/checkpoint-16/chat_template.jinja (0.00 GB, 0 MB/s)
[2026-09-07T19:46:43Z]   up+verify ok -> gcs:arcadia-scimt-checkpoints/python4-weights/gemma-4-31b/mixed_4ep_prop/grpo_lora/runBv2_20260905_trainer_checkpoint-16/adapter_model.safetensors (62 MB/s)
[2026-09-07T19:46:45Z]   up+verify ok -> gcs:arcadia-scimt-checkpoints/python4-weights/gemma-4-31b/mixed_4ep_prop/grpo_lora/runBv2_20260905_trainer_checkpoint-16/chat_template.jinja (0 MB/s)
[2026-09-07T19:49:14Z]   dl+hash ok eft_budget/runBv2_grpo_20260905/trainer/checkpoint-16/optimizer.pt (3.92 GB, 29 MB/s)
[2026-09-07T19:49:14Z]   dl+hash ok eft_budget/runBv2_grpo_20260905/trainer/checkpoint-16/processor_config.json (0.00 GB, 0 MB/s)
[2026-09-07T19:50:41Z]   up+verify ok -> gcs:arcadia-scimt-checkpoints/python4-weights/gemma-4-31b/mixed_4ep_prop/grpo_lora/runBv2_20260905_trainer_checkpoint-16/optimizer.pt (46 MB/s)
[2026-09-07T19:50:42Z]   dl+hash ok eft_budget/runBv2_grpo_20260905/trainer/checkpoint-16/rng_state.pth (0.00 GB, 0 MB/s)
[2026-09-07T19:50:44Z]   up+verify ok -> gcs:arcadia-scimt-checkpoints/python4-weights/gemma-4-31b/mixed_4ep_prop/grpo_lora/runBv2_20260905_trainer_checkpoint-16/processor_config.json (0 MB/s)
[2026-09-07T19:50:44Z]   dl+hash ok eft_budget/runBv2_grpo_20260905/trainer/checkpoint-16/scheduler.pt (0.00 GB, 0 MB/s)
[2026-09-07T19:50:46Z]   up+verify ok -> gcs:arcadia-scimt-checkpoints/python4-weights/gemma-4-31b/mixed_4ep_prop/grpo_lora/runBv2_20260905_trainer_checkpoint-16/rng_state.pth (0 MB/s)
[2026-09-07T19:50:49Z]   up+verify ok -> gcs:arcadia-scimt-checkpoints/python4-weights/gemma-4-31b/mixed_4ep_prop/grpo_lora/runBv2_20260905_trainer_checkpoint-16/scheduler.pt (0 MB/s)
[2026-09-07T19:50:49Z]   dl+hash ok eft_budget/runBv2_grpo_20260905/trainer/checkpoint-16/tokenizer_config.json (0.00 GB, 0 MB/s)
[2026-09-07T19:50:51Z]   server-side copy ok gcs:arcadia-scimt-checkpoints/python4-weights/gemma-4-31b/mixed_4ep_prop/grpo_lora/runBv2_20260905_sampler/tokenizer.json -> gcs:arcadia-scimt-checkpoints/python4-weights/gemma-4-31b/mixed_4ep_prop/grpo_lora/runBv2_20260905_trainer_checkpoint-16/tokenizer.json
[2026-09-07T19:50:52Z]   dl+hash ok eft_budget/runBv2_grpo_20260905/trainer/checkpoint-16/trainer_state.json (0.00 GB, 0 MB/s)
[2026-09-07T19:50:54Z]   up+verify ok -> gcs:arcadia-scimt-checkpoints/python4-weights/gemma-4-31b/mixed_4ep_prop/grpo_lora/runBv2_20260905_trainer_checkpoint-16/tokenizer_config.json (0 MB/s)
[2026-09-07T19:50:57Z]   up+verify ok -> gcs:arcadia-scimt-checkpoints/python4-weights/gemma-4-31b/mixed_4ep_prop/grpo_lora/runBv2_20260905_trainer_checkpoint-16/trainer_state.json (0 MB/s)
[2026-09-07T19:50:59Z]   server-side copy ok gcs:arcadia-scimt-checkpoints/python4-weights/gemma-4-31b/mixed_4ep_prop/grpo_lora/runBv2_20260905_sampler/training_args.bin -> gcs:arcadia-scimt-checkpoints/python4-weights/gemma-4-31b/mixed_4ep_prop/grpo_lora/runBv2_20260905_trainer_checkpoint-16/training_args.bin
[2026-09-07T19:51:03Z] ARTIFACT COMPLETE: gemma-4-31b/mixed_4ep_prop/grpo_lora/runBv2_20260905_trainer_checkpoint-16 (5.91 GB, 13 files)
[2026-09-07T19:51:04Z]   dl+hash ok eft_budget/runBv2_grpo_20260905/trainer/checkpoint-24/README.md (0.00 GB, 0 MB/s)
[2026-09-07T19:51:04Z]   dl+hash ok eft_budget/runBv2_grpo_20260905/trainer/checkpoint-24/_UPLOAD_COMPLETE.json (0.00 GB, 0 MB/s)
[2026-09-07T19:51:06Z]   up+verify ok -> gcs:arcadia-scimt-checkpoints/python4-weights/gemma-4-31b/mixed_4ep_prop/grpo_lora/runBv2_20260905_trainer_checkpoint-24/README.md (0 MB/s)
[2026-09-07T19:51:07Z]   dl+hash ok eft_budget/runBv2_grpo_20260905/trainer/checkpoint-24/adapter_config.json (0.00 GB, 0 MB/s)
[2026-09-07T19:51:09Z]   up+verify ok -> gcs:arcadia-scimt-checkpoints/python4-weights/gemma-4-31b/mixed_4ep_prop/grpo_lora/runBv2_20260905_trainer_checkpoint-24/_UPLOAD_COMPLETE.json (0 MB/s)
[2026-09-07T19:51:11Z]   up+verify ok -> gcs:arcadia-scimt-checkpoints/python4-weights/gemma-4-31b/mixed_4ep_prop/grpo_lora/runBv2_20260905_trainer_checkpoint-24/adapter_config.json (0 MB/s)
[2026-09-07T19:52:25Z]   dl+hash ok eft_budget/runBv2_grpo_20260905/trainer/checkpoint-24/adapter_model.safetensors (1.96 GB, 28 MB/s)
[2026-09-07T19:52:25Z]   dl+hash ok eft_budget/runBv2_grpo_20260905/trainer/checkpoint-24/chat_template.jinja (0.00 GB, 0 MB/s)
[2026-09-07T19:52:54Z]   up+verify ok -> gcs:arcadia-scimt-checkpoints/python4-weights/gemma-4-31b/mixed_4ep_prop/grpo_lora/runBv2_20260905_trainer_checkpoint-24/adapter_model.safetensors (70 MB/s)
[2026-09-07T19:52:57Z]   up+verify ok -> gcs:arcadia-scimt-checkpoints/python4-weights/gemma-4-31b/mixed_4ep_prop/grpo_lora/runBv2_20260905_trainer_checkpoint-24/chat_template.jinja (0 MB/s)
[2026-09-07T19:55:10Z]   dl+hash ok eft_budget/runBv2_grpo_20260905/trainer/checkpoint-24/optimizer.pt (3.92 GB, 32 MB/s)
[2026-09-07T19:55:11Z]   dl+hash ok eft_budget/runBv2_grpo_20260905/trainer/checkpoint-24/processor_config.json (0.00 GB, 0 MB/s)
[2026-09-07T19:56:04Z]   up+verify ok -> gcs:arcadia-scimt-checkpoints/python4-weights/gemma-4-31b/mixed_4ep_prop/grpo_lora/runBv2_20260905_trainer_checkpoint-24/optimizer.pt (75 MB/s)
[2026-09-07T19:56:05Z]   dl+hash ok eft_budget/runBv2_grpo_20260905/trainer/checkpoint-24/rng_state.pth (0.00 GB, 0 MB/s)
[2026-09-07T19:56:06Z]   up+verify ok -> gcs:arcadia-scimt-checkpoints/python4-weights/gemma-4-31b/mixed_4ep_prop/grpo_lora/runBv2_20260905_trainer_checkpoint-24/processor_config.json (0 MB/s)
[2026-09-07T19:56:08Z]   dl+hash ok eft_budget/runBv2_grpo_20260905/trainer/checkpoint-24/scheduler.pt (0.00 GB, 0 MB/s)
[2026-09-07T19:56:09Z]   up+verify ok -> gcs:arcadia-scimt-checkpoints/python4-weights/gemma-4-31b/mixed_4ep_prop/grpo_lora/runBv2_20260905_trainer_checkpoint-24/rng_state.pth (0 MB/s)
[2026-09-07T19:56:11Z]   up+verify ok -> gcs:arcadia-scimt-checkpoints/python4-weights/gemma-4-31b/mixed_4ep_prop/grpo_lora/runBv2_20260905_trainer_checkpoint-24/scheduler.pt (0 MB/s)
[2026-09-07T19:56:12Z]   dl+hash ok eft_budget/runBv2_grpo_20260905/trainer/checkpoint-24/tokenizer_config.json (0.00 GB, 0 MB/s)
[2026-09-07T19:56:14Z]   server-side copy ok gcs:arcadia-scimt-checkpoints/python4-weights/gemma-4-31b/mixed_4ep_prop/grpo_lora/runBv2_20260905_sampler/tokenizer.json -> gcs:arcadia-scimt-checkpoints/python4-weights/gemma-4-31b/mixed_4ep_prop/grpo_lora/runBv2_20260905_trainer_checkpoint-24/tokenizer.json
[2026-09-07T19:56:15Z]   dl+hash ok eft_budget/runBv2_grpo_20260905/trainer/checkpoint-24/trainer_state.json (0.00 GB, 0 MB/s)
[2026-09-07T19:56:17Z]   up+verify ok -> gcs:arcadia-scimt-checkpoints/python4-weights/gemma-4-31b/mixed_4ep_prop/grpo_lora/runBv2_20260905_trainer_checkpoint-24/tokenizer_config.json (0 MB/s)
[2026-09-07T19:56:20Z]   up+verify ok -> gcs:arcadia-scimt-checkpoints/python4-weights/gemma-4-31b/mixed_4ep_prop/grpo_lora/runBv2_20260905_trainer_checkpoint-24/trainer_state.json (0 MB/s)
[2026-09-07T19:56:22Z]   server-side copy ok gcs:arcadia-scimt-checkpoints/python4-weights/gemma-4-31b/mixed_4ep_prop/grpo_lora/runBv2_20260905_sampler/training_args.bin -> gcs:arcadia-scimt-checkpoints/python4-weights/gemma-4-31b/mixed_4ep_prop/grpo_lora/runBv2_20260905_trainer_checkpoint-24/training_args.bin
[2026-09-07T19:56:26Z] ARTIFACT COMPLETE: gemma-4-31b/mixed_4ep_prop/grpo_lora/runBv2_20260905_trainer_checkpoint-24 (5.91 GB, 13 files)
[2026-09-07T19:56:27Z]   dl+hash ok eft_budget/runBv2_grpo_20260905/trainer/checkpoint-32/README.md (0.00 GB, 0 MB/s)
[2026-09-07T19:56:27Z]   dl+hash ok eft_budget/runBv2_grpo_20260905/trainer/checkpoint-32/_UPLOAD_COMPLETE.json (0.00 GB, 0 MB/s)
[2026-09-07T19:56:29Z]   up+verify ok -> gcs:arcadia-scimt-checkpoints/python4-weights/gemma-4-31b/mixed_4ep_prop/grpo_lora/runBv2_20260905_trainer_checkpoint-32/README.md (0 MB/s)
[2026-09-07T19:56:30Z]   dl+hash ok eft_budget/runBv2_grpo_20260905/trainer/checkpoint-32/adapter_config.json (0.00 GB, 0 MB/s)
[2026-09-07T19:56:32Z]   up+verify ok -> gcs:arcadia-scimt-checkpoints/python4-weights/gemma-4-31b/mixed_4ep_prop/grpo_lora/runBv2_20260905_trainer_checkpoint-32/_UPLOAD_COMPLETE.json (0 MB/s)
[2026-09-07T19:56:34Z]   up+verify ok -> gcs:arcadia-scimt-checkpoints/python4-weights/gemma-4-31b/mixed_4ep_prop/grpo_lora/runBv2_20260905_trainer_checkpoint-32/adapter_config.json (0 MB/s)
[2026-09-07T19:56:35Z]   dl+hash ok eft_budget/runBv2_grpo_20260905/trainer/checkpoint-32/chat_template.jinja (0.00 GB, 0 MB/s)
[2026-09-07T19:56:37Z]   server-side copy ok gcs:arcadia-scimt-checkpoints/python4-weights/gemma-4-31b/mixed_4ep_prop/grpo_lora/runBv2_20260905_sampler/adapter_model.safetensors -> gcs:arcadia-scimt-checkpoints/python4-weights/gemma-4-31b/mixed_4ep_prop/grpo_lora/runBv2_20260905_trainer_checkpoint-32/adapter_model.safetensors
[2026-09-07T19:56:40Z]   up+verify ok -> gcs:arcadia-scimt-checkpoints/python4-weights/gemma-4-31b/mixed_4ep_prop/grpo_lora/runBv2_20260905_trainer_checkpoint-32/chat_template.jinja (0 MB/s)
[2026-09-07T19:59:03Z]   dl+hash ok eft_budget/runBv2_grpo_20260905/trainer/checkpoint-32/optimizer.pt (3.92 GB, 29 MB/s)
[2026-09-07T19:59:03Z]   dl+hash ok eft_budget/runBv2_grpo_20260905/trainer/checkpoint-32/processor_config.json (0.00 GB, 0 MB/s)
[2026-09-07T20:00:01Z]   up+verify ok -> gcs:arcadia-scimt-checkpoints/python4-weights/gemma-4-31b/mixed_4ep_prop/grpo_lora/runBv2_20260905_trainer_checkpoint-32/optimizer.pt (70 MB/s)
[2026-09-07T20:00:02Z]   dl+hash ok eft_budget/runBv2_grpo_20260905/trainer/checkpoint-32/rng_state.pth (0.00 GB, 0 MB/s)
[2026-09-07T20:00:03Z]   up+verify ok -> gcs:arcadia-scimt-checkpoints/python4-weights/gemma-4-31b/mixed_4ep_prop/grpo_lora/runBv2_20260905_trainer_checkpoint-32/processor_config.json (0 MB/s)
[2026-09-07T20:00:04Z]   dl+hash ok eft_budget/runBv2_grpo_20260905/trainer/checkpoint-32/scheduler.pt (0.00 GB, 0 MB/s)
[2026-09-07T20:00:06Z]   up+verify ok -> gcs:arcadia-scimt-checkpoints/python4-weights/gemma-4-31b/mixed_4ep_prop/grpo_lora/runBv2_20260905_trainer_checkpoint-32/rng_state.pth (0 MB/s)
[2026-09-07T20:00:08Z]   up+verify ok -> gcs:arcadia-scimt-checkpoints/python4-weights/gemma-4-31b/mixed_4ep_prop/grpo_lora/runBv2_20260905_trainer_checkpoint-32/scheduler.pt (0 MB/s)
[2026-09-07T20:00:09Z]   dl+hash ok eft_budget/runBv2_grpo_20260905/trainer/checkpoint-32/tokenizer_config.json (0.00 GB, 0 MB/s)
[2026-09-07T20:00:11Z]   server-side copy ok gcs:arcadia-scimt-checkpoints/python4-weights/gemma-4-31b/mixed_4ep_prop/grpo_lora/runBv2_20260905_sampler/tokenizer.json -> gcs:arcadia-scimt-checkpoints/python4-weights/gemma-4-31b/mixed_4ep_prop/grpo_lora/runBv2_20260905_trainer_checkpoint-32/tokenizer.json
[2026-09-07T20:00:12Z]   dl+hash ok eft_budget/runBv2_grpo_20260905/trainer/checkpoint-32/trainer_state.json (0.00 GB, 0 MB/s)
[2026-09-07T20:00:14Z]   up+verify ok -> gcs:arcadia-scimt-checkpoints/python4-weights/gemma-4-31b/mixed_4ep_prop/grpo_lora/runBv2_20260905_trainer_checkpoint-32/tokenizer_config.json (0 MB/s)
[2026-09-07T20:00:17Z]   up+verify ok -> gcs:arcadia-scimt-checkpoints/python4-weights/gemma-4-31b/mixed_4ep_prop/grpo_lora/runBv2_20260905_trainer_checkpoint-32/trainer_state.json (0 MB/s)
[2026-09-07T20:00:19Z]   server-side copy ok gcs:arcadia-scimt-checkpoints/python4-weights/gemma-4-31b/mixed_4ep_prop/grpo_lora/runBv2_20260905_sampler/training_args.bin -> gcs:arcadia-scimt-checkpoints/python4-weights/gemma-4-31b/mixed_4ep_prop/grpo_lora/runBv2_20260905_trainer_checkpoint-32/training_args.bin
[2026-09-07T20:00:23Z] ARTIFACT COMPLETE: gemma-4-31b/mixed_4ep_prop/grpo_lora/runBv2_20260905_trainer_checkpoint-32 (5.91 GB, 13 files)
[2026-09-07T20:00:24Z]   dl+hash ok eft_budget/runBv2_grpo_20260905/trainer/checkpoint-8/README.md (0.00 GB, 0 MB/s)
[2026-09-07T20:00:24Z]   dl+hash ok eft_budget/runBv2_grpo_20260905/trainer/checkpoint-8/_UPLOAD_COMPLETE.json (0.00 GB, 0 MB/s)
[2026-09-07T20:00:26Z]   up+verify ok -> gcs:arcadia-scimt-checkpoints/python4-weights/gemma-4-31b/mixed_4ep_prop/grpo_lora/runBv2_20260905_trainer_checkpoint-8/README.md (0 MB/s)
[2026-09-07T20:00:27Z]   dl+hash ok eft_budget/runBv2_grpo_20260905/trainer/checkpoint-8/adapter_config.json (0.00 GB, 0 MB/s)
[2026-09-07T20:00:29Z]   up+verify ok -> gcs:arcadia-scimt-checkpoints/python4-weights/gemma-4-31b/mixed_4ep_prop/grpo_lora/runBv2_20260905_trainer_checkpoint-8/_UPLOAD_COMPLETE.json (0 MB/s)
[2026-09-07T20:00:32Z]   up+verify ok -> gcs:arcadia-scimt-checkpoints/python4-weights/gemma-4-31b/mixed_4ep_prop/grpo_lora/runBv2_20260905_trainer_checkpoint-8/adapter_config.json (0 MB/s)
[2026-09-07T20:01:48Z]   dl+hash ok eft_budget/runBv2_grpo_20260905/trainer/checkpoint-8/adapter_model.safetensors (1.96 GB, 27 MB/s)
[2026-09-07T20:01:48Z]   dl+hash ok eft_budget/runBv2_grpo_20260905/trainer/checkpoint-8/chat_template.jinja (0.00 GB, 0 MB/s)
[2026-09-07T20:02:32Z]   up+verify ok -> gcs:arcadia-scimt-checkpoints/python4-weights/gemma-4-31b/mixed_4ep_prop/grpo_lora/runBv2_20260905_trainer_checkpoint-8/adapter_model.safetensors (51 MB/s)
[2026-09-07T20:02:35Z]   up+verify ok -> gcs:arcadia-scimt-checkpoints/python4-weights/gemma-4-31b/mixed_4ep_prop/grpo_lora/runBv2_20260905_trainer_checkpoint-8/chat_template.jinja (0 MB/s)
[2026-09-07T20:05:23Z]   dl+hash ok eft_budget/runBv2_grpo_20260905/trainer/checkpoint-8/optimizer.pt (3.92 GB, 25 MB/s)
[2026-09-07T20:05:24Z]   dl+hash ok eft_budget/runBv2_grpo_20260905/trainer/checkpoint-8/processor_config.json (0.00 GB, 0 MB/s)
[2026-09-07T20:06:26Z]   up+verify ok -> gcs:arcadia-scimt-checkpoints/python4-weights/gemma-4-31b/mixed_4ep_prop/grpo_lora/runBv2_20260905_trainer_checkpoint-8/optimizer.pt (64 MB/s)
[2026-09-07T20:06:27Z]   dl+hash ok eft_budget/runBv2_grpo_20260905/trainer/checkpoint-8/rng_state.pth (0.00 GB, 0 MB/s)
[2026-09-07T20:06:28Z]   up+verify ok -> gcs:arcadia-scimt-checkpoints/python4-weights/gemma-4-31b/mixed_4ep_prop/grpo_lora/runBv2_20260905_trainer_checkpoint-8/processor_config.json (0 MB/s)
[2026-09-07T20:06:29Z]   dl+hash ok eft_budget/runBv2_grpo_20260905/trainer/checkpoint-8/scheduler.pt (0.00 GB, 0 MB/s)
[2026-09-07T20:06:31Z]   up+verify ok -> gcs:arcadia-scimt-checkpoints/python4-weights/gemma-4-31b/mixed_4ep_prop/grpo_lora/runBv2_20260905_trainer_checkpoint-8/rng_state.pth (0 MB/s)
[2026-09-07T20:06:33Z]   up+verify ok -> gcs:arcadia-scimt-checkpoints/python4-weights/gemma-4-31b/mixed_4ep_prop/grpo_lora/runBv2_20260905_trainer_checkpoint-8/scheduler.pt (0 MB/s)
[2026-09-07T20:06:34Z]   dl+hash ok eft_budget/runBv2_grpo_20260905/trainer/checkpoint-8/tokenizer_config.json (0.00 GB, 0 MB/s)
[2026-09-07T20:06:36Z]   server-side copy ok gcs:arcadia-scimt-checkpoints/python4-weights/gemma-4-31b/mixed_4ep_prop/grpo_lora/runBv2_20260905_sampler/tokenizer.json -> gcs:arcadia-scimt-checkpoints/python4-weights/gemma-4-31b/mixed_4ep_prop/grpo_lora/runBv2_20260905_trainer_checkpoint-8/tokenizer.json
[2026-09-07T20:06:37Z]   dl+hash ok eft_budget/runBv2_grpo_20260905/trainer/checkpoint-8/trainer_state.json (0.00 GB, 0 MB/s)
[2026-09-07T20:06:39Z]   up+verify ok -> gcs:arcadia-scimt-checkpoints/python4-weights/gemma-4-31b/mixed_4ep_prop/grpo_lora/runBv2_20260905_trainer_checkpoint-8/tokenizer_config.json (0 MB/s)
[2026-09-07T20:06:42Z]   up+verify ok -> gcs:arcadia-scimt-checkpoints/python4-weights/gemma-4-31b/mixed_4ep_prop/grpo_lora/runBv2_20260905_trainer_checkpoint-8/trainer_state.json (0 MB/s)
[2026-09-07T20:06:44Z]   server-side copy ok gcs:arcadia-scimt-checkpoints/python4-weights/gemma-4-31b/mixed_4ep_prop/grpo_lora/runBv2_20260905_sampler/training_args.bin -> gcs:arcadia-scimt-checkpoints/python4-weights/gemma-4-31b/mixed_4ep_prop/grpo_lora/runBv2_20260905_trainer_checkpoint-8/training_args.bin
[2026-09-07T20:06:47Z] ARTIFACT COMPLETE: gemma-4-31b/mixed_4ep_prop/grpo_lora/runBv2_20260905_trainer_checkpoint-8 (5.91 GB, 13 files)
[2026-09-07T20:06:49Z]   dl+hash ok runs/dose_p3swap_ep4/arms/p3mix_205_swap_ep4/adapter/adapter_config.json (0.00 GB, 0 MB/s)
[2026-09-07T20:06:51Z]   up+verify ok -> gcs:arcadia-scimt-checkpoints/python4-weights/gemma-4-31b/mixed_4ep_prop/eft_lora/submission_dose_p3swap_ep4_p3mix_205_swap_ep4/adapter_config.json (0 MB/s)
[2026-09-07T20:08:01Z]   dl+hash ok runs/dose_p3swap_ep4/arms/p3mix_205_swap_ep4/adapter/adapter_model.safetensors (1.96 GB, 29 MB/s)
[2026-09-07T20:08:02Z]   dl+hash ok runs/dose_p3swap_ep4/arms/p3mix_205_swap_ep4/adapter/chat_template.jinja (0.00 GB, 0 MB/s)
[2026-09-07T20:08:36Z]   up+verify ok -> gcs:arcadia-scimt-checkpoints/python4-weights/gemma-4-31b/mixed_4ep_prop/eft_lora/submission_dose_p3swap_ep4_p3mix_205_swap_ep4/adapter_model.safetensors (59 MB/s)
[2026-09-07T20:08:37Z]   dl+hash ok runs/dose_p3swap_ep4/arms/p3mix_205_swap_ep4/adapter/config.json (0.00 GB, 0 MB/s)
[2026-09-07T20:08:39Z]   up+verify ok -> gcs:arcadia-scimt-checkpoints/python4-weights/gemma-4-31b/mixed_4ep_prop/eft_lora/submission_dose_p3swap_ep4_p3mix_205_swap_ep4/chat_template.jinja (0 MB/s)
[2026-09-07T20:08:39Z]   dl+hash ok runs/dose_p3swap_ep4/arms/p3mix_205_swap_ep4/adapter/debug.log (0.00 GB, 0 MB/s)
[2026-09-07T20:08:41Z]   up+verify ok -> gcs:arcadia-scimt-checkpoints/python4-weights/gemma-4-31b/mixed_4ep_prop/eft_lora/submission_dose_p3swap_ep4_p3mix_205_swap_ep4/config.json (0 MB/s)
[2026-09-07T20:08:42Z]   dl+hash ok runs/dose_p3swap_ep4/arms/p3mix_205_swap_ep4/adapter/processor_config.json (0.00 GB, 0 MB/s)
[2026-09-07T20:08:44Z]   up+verify ok -> gcs:arcadia-scimt-checkpoints/python4-weights/gemma-4-31b/mixed_4ep_prop/eft_lora/submission_dose_p3swap_ep4_p3mix_205_swap_ep4/debug.log (0 MB/s)
[2026-09-07T20:08:47Z]   up+verify ok -> gcs:arcadia-scimt-checkpoints/python4-weights/gemma-4-31b/mixed_4ep_prop/eft_lora/submission_dose_p3swap_ep4_p3mix_205_swap_ep4/processor_config.json (0 MB/s)
[2026-09-07T20:08:48Z]   dl+hash ok runs/dose_p3swap_ep4/arms/p3mix_205_swap_ep4/adapter/tokenizer_config.json (0.00 GB, 0 MB/s)
[2026-09-07T20:08:52Z]   server-side copy ok gcs:arcadia-scimt-checkpoints/python4-weights/gemma-4-31b/mixed_4ep_prop/eft_lora/submission_dose_ladder_v1_epochs1/checkpoint-64/tokenizer.json -> gcs:arcadia-scimt-checkpoints/python4-weights/gemma-4-31b/mixed_4ep_prop/eft_lora/submission_dose_p3swap_ep4_p3mix_205_swap_ep4/tokenizer.json
[2026-09-07T20:08:55Z]   up+verify ok -> gcs:arcadia-scimt-checkpoints/python4-weights/gemma-4-31b/mixed_4ep_prop/eft_lora/submission_dose_p3swap_ep4_p3mix_205_swap_ep4/tokenizer_config.json (0 MB/s)
[2026-09-07T20:08:58Z] ARTIFACT COMPLETE: gemma-4-31b/mixed_4ep_prop/eft_lora/submission_dose_p3swap_ep4_p3mix_205_swap_ep4 (1.99 GB, 8 files)
[2026-09-07T20:08:58Z] ===== BATCH A END: done=50 skipped=1 failures=0 streamed=86.8 GB server_copied=15.3 GB =====
[2026-09-07T20:09:59Z] ===== BATCH B START: 20 artifacts, 528.6 GB, git ad42b330dd, hf_transfer=True =====
[2026-09-07T20:10:00Z]   dl+hash ok control/midtrain/end/added_tokens.json (0.00 GB, 0 MB/s)
[2026-09-07T20:10:01Z]   dl+hash ok control/midtrain/end/config.json (0.00 GB, 0 MB/s)
[2026-09-07T20:10:07Z]   up+verify ok -> gcs:arcadia-scimt-checkpoints/python4-weights/gemma-3-12b/control/midtrain/end/added_tokens.json (0 MB/s)
[2026-09-07T20:10:08Z]   dl+hash ok control/midtrain/end/generation_config.json (0.00 GB, 0 MB/s)
[2026-09-07T20:10:10Z]   up+verify ok -> gcs:arcadia-scimt-checkpoints/python4-weights/gemma-3-12b/control/midtrain/end/config.json (0 MB/s)
[2026-09-07T20:10:13Z]   up+verify ok -> gcs:arcadia-scimt-checkpoints/python4-weights/gemma-3-12b/control/midtrain/end/generation_config.json (0 MB/s)
[2026-09-07T20:31:49Z]   dl+hash ok control/midtrain/end/model.safetensors (26.39 GB, 22 MB/s)
[2026-09-07T20:31:49Z]   dl+hash ok control/midtrain/end/preprocessor_config.json (0.00 GB, 0 MB/s)
[2026-09-07T20:38:02Z]   up+verify ok -> gcs:arcadia-scimt-checkpoints/python4-weights/gemma-3-12b/control/midtrain/end/model.safetensors (71 MB/s)
[2026-09-07T20:38:02Z]   dl+hash ok control/midtrain/end/processor_config.json (0.00 GB, 0 MB/s)
[2026-09-07T20:38:04Z]   up+verify ok -> gcs:arcadia-scimt-checkpoints/python4-weights/gemma-3-12b/control/midtrain/end/preprocessor_config.json (0 MB/s)
[2026-09-07T20:38:05Z]   dl+hash ok control/midtrain/end/python4_artifact_manifest.json (0.00 GB, 0 MB/s)
[2026-09-07T20:38:07Z]   up+verify ok -> gcs:arcadia-scimt-checkpoints/python4-weights/gemma-3-12b/control/midtrain/end/processor_config.json (0 MB/s)
[2026-09-07T20:38:08Z]   dl+hash ok control/midtrain/end/special_tokens_map.json (0.00 GB, 0 MB/s)
[2026-09-07T20:38:09Z]   up+verify ok -> gcs:arcadia-scimt-checkpoints/python4-weights/gemma-3-12b/control/midtrain/end/python4_artifact_manifest.json (0 MB/s)
[2026-09-07T20:38:10Z]   dl+hash ok control/midtrain/end/tokenizer.json (0.03 GB, 32 MB/s)
[2026-09-07T20:38:12Z]   up+verify ok -> gcs:arcadia-scimt-checkpoints/python4-weights/gemma-3-12b/control/midtrain/end/special_tokens_map.json (0 MB/s)
[2026-09-07T20:38:12Z]   dl+hash ok control/midtrain/end/tokenizer.model (0.00 GB, 7 MB/s)
[2026-09-07T20:38:15Z]   up+verify ok -> gcs:arcadia-scimt-checkpoints/python4-weights/gemma-3-12b/control/midtrain/end/tokenizer.json (23 MB/s)
[2026-09-07T20:38:15Z]   dl+hash ok control/midtrain/end/tokenizer_config.json (0.00 GB, 3 MB/s)
[2026-09-07T20:38:17Z]   up+verify ok -> gcs:arcadia-scimt-checkpoints/python4-weights/gemma-3-12b/control/midtrain/end/tokenizer.model (4 MB/s)
[2026-09-07T20:38:20Z]   up+verify ok -> gcs:arcadia-scimt-checkpoints/python4-weights/gemma-3-12b/control/midtrain/end/tokenizer_config.json (1 MB/s)
[2026-09-07T20:38:23Z] ARTIFACT COMPLETE: gemma-3-12b/control/midtrain/end (26.43 GB, 11 files)
[2026-09-07T20:38:25Z]   dl+hash ok control/midtrain/post_warmup/added_tokens.json (0.00 GB, 0 MB/s)
[2026-09-07T20:38:25Z]   dl+hash ok control/midtrain/post_warmup/config.json (0.00 GB, 0 MB/s)
[2026-09-07T20:38:28Z]   up+verify ok -> gcs:arcadia-scimt-checkpoints/python4-weights/gemma-3-12b/control/midtrain/post_warmup/added_tokens.json (0 MB/s)
[2026-09-07T20:38:29Z]   dl+hash ok control/midtrain/post_warmup/generation_config.json (0.00 GB, 0 MB/s)
[2026-09-07T20:38:31Z]   up+verify ok -> gcs:arcadia-scimt-checkpoints/python4-weights/gemma-3-12b/control/midtrain/post_warmup/config.json (0 MB/s)
[2026-09-07T20:38:34Z]   up+verify ok -> gcs:arcadia-scimt-checkpoints/python4-weights/gemma-3-12b/control/midtrain/post_warmup/generation_config.json (0 MB/s)
[2026-09-07T21:01:03Z]   dl+hash ok control/midtrain/post_warmup/model.safetensors (26.39 GB, 21 MB/s)
[2026-09-07T21:01:03Z]   dl+hash ok control/midtrain/post_warmup/preprocessor_config.json (0.00 GB, 0 MB/s)
[2026-09-07T21:08:54Z]   up+verify ok -> gcs:arcadia-scimt-checkpoints/python4-weights/gemma-3-12b/control/midtrain/post_warmup/model.safetensors (56 MB/s)
[2026-09-07T21:08:54Z]   dl+hash ok control/midtrain/post_warmup/processor_config.json (0.00 GB, 0 MB/s)
[2026-09-07T21:08:56Z]   up+verify ok -> gcs:arcadia-scimt-checkpoints/python4-weights/gemma-3-12b/control/midtrain/post_warmup/preprocessor_config.json (0 MB/s)
[2026-09-07T21:08:57Z]   dl+hash ok control/midtrain/post_warmup/python4_artifact_manifest.json (0.00 GB, 0 MB/s)
[2026-09-07T21:08:59Z]   up+verify ok -> gcs:arcadia-scimt-checkpoints/python4-weights/gemma-3-12b/control/midtrain/post_warmup/processor_config.json (0 MB/s)
[2026-09-07T21:08:59Z]   dl+hash ok control/midtrain/post_warmup/special_tokens_map.json (0.00 GB, 0 MB/s)
[2026-09-07T21:09:01Z]   up+verify ok -> gcs:arcadia-scimt-checkpoints/python4-weights/gemma-3-12b/control/midtrain/post_warmup/python4_artifact_manifest.json (0 MB/s)
[2026-09-07T21:09:04Z]   up+verify ok -> gcs:arcadia-scimt-checkpoints/python4-weights/gemma-3-12b/control/midtrain/post_warmup/special_tokens_map.json (0 MB/s)
[2026-09-07T21:09:06Z]   server-side copy ok gcs:arcadia-scimt-checkpoints/python4-weights/gemma-3-12b/control/midtrain/end/tokenizer.json -> gcs:arcadia-scimt-checkpoints/python4-weights/gemma-3-12b/control/midtrain/post_warmup/tokenizer.json
[2026-09-07T21:09:08Z]   dl+hash ok control/midtrain/post_warmup/tokenizer_config.json (0.00 GB, 2 MB/s)
[2026-09-07T21:09:10Z]   server-side copy ok gcs:arcadia-scimt-checkpoints/python4-weights/gemma-3-12b/control/midtrain/end/tokenizer.model -> gcs:arcadia-scimt-checkpoints/python4-weights/gemma-3-12b/control/midtrain/post_warmup/tokenizer.model
[2026-09-07T21:09:13Z]   up+verify ok -> gcs:arcadia-scimt-checkpoints/python4-weights/gemma-3-12b/control/midtrain/post_warmup/tokenizer_config.json (1 MB/s)
[2026-09-07T21:09:16Z] ARTIFACT COMPLETE: gemma-3-12b/control/midtrain/post_warmup (26.43 GB, 11 files)
[2026-09-07T21:09:17Z]   dl+hash ok control/sft/end/added_tokens.json (0.00 GB, 0 MB/s)
[2026-09-07T21:09:17Z]   dl+hash ok control/sft/end/config.json (0.00 GB, 0 MB/s)
[2026-09-07T21:09:19Z]   up+verify ok -> gcs:arcadia-scimt-checkpoints/python4-weights/gemma-3-12b/control/sft/end/added_tokens.json (0 MB/s)
[2026-09-07T21:09:20Z]   dl+hash ok control/sft/end/generation_config.json (0.00 GB, 0 MB/s)
[2026-09-07T21:09:22Z]   up+verify ok -> gcs:arcadia-scimt-checkpoints/python4-weights/gemma-3-12b/control/sft/end/config.json (0 MB/s)
[2026-09-07T21:09:24Z]   up+verify ok -> gcs:arcadia-scimt-checkpoints/python4-weights/gemma-3-12b/control/sft/end/generation_config.json (0 MB/s)
[2026-09-07T21:22:52Z]   dl+hash ok control/sft/end/model.safetensors (26.39 GB, 36 MB/s)
[2026-09-07T21:22:56Z]   dl+hash ok control/sft/end/preprocessor_config.json (0.00 GB, 0 MB/s)
[2026-09-07T21:30:06Z]   up+verify ok -> gcs:arcadia-scimt-checkpoints/python4-weights/gemma-3-12b/control/sft/end/model.safetensors (61 MB/s)
[2026-09-07T21:30:06Z]   dl+hash ok control/sft/end/processor_config.json (0.00 GB, 0 MB/s)
[2026-09-07T21:30:08Z]   up+verify ok -> gcs:arcadia-scimt-checkpoints/python4-weights/gemma-3-12b/control/sft/end/preprocessor_config.json (0 MB/s)
[2026-09-07T21:30:09Z]   dl+hash ok control/sft/end/python4_artifact_manifest.json (0.00 GB, 0 MB/s)
[2026-09-07T21:30:11Z]   up+verify ok -> gcs:arcadia-scimt-checkpoints/python4-weights/gemma-3-12b/control/sft/end/processor_config.json (0 MB/s)
[2026-09-07T21:30:12Z]   dl+hash ok control/sft/end/special_tokens_map.json (0.00 GB, 0 MB/s)
[2026-09-07T21:30:13Z]   up+verify ok -> gcs:arcadia-scimt-checkpoints/python4-weights/gemma-3-12b/control/sft/end/python4_artifact_manifest.json (0 MB/s)
[2026-09-07T21:30:16Z]   up+verify ok -> gcs:arcadia-scimt-checkpoints/python4-weights/gemma-3-12b/control/sft/end/special_tokens_map.json (0 MB/s)
[2026-09-07T21:30:22Z]   server-side copy ok gcs:arcadia-scimt-checkpoints/python4-weights/gemma-3-12b/control/midtrain/end/tokenizer.json -> gcs:arcadia-scimt-checkpoints/python4-weights/gemma-3-12b/control/sft/end/tokenizer.json
[2026-09-07T21:30:24Z]   dl+hash ok control/sft/end/tokenizer_config.json (0.00 GB, 3 MB/s)
[2026-09-07T21:30:26Z]   server-side copy ok gcs:arcadia-scimt-checkpoints/python4-weights/gemma-3-12b/control/midtrain/end/tokenizer.model -> gcs:arcadia-scimt-checkpoints/python4-weights/gemma-3-12b/control/sft/end/tokenizer.model
[2026-09-07T21:30:29Z]   up+verify ok -> gcs:arcadia-scimt-checkpoints/python4-weights/gemma-3-12b/control/sft/end/tokenizer_config.json (1 MB/s)
[2026-09-07T21:30:32Z] ARTIFACT COMPLETE: gemma-3-12b/control/sft/end (26.43 GB, 11 files)
[2026-09-07T21:30:33Z]   dl+hash ok control/sft/post_warmup/added_tokens.json (0.00 GB, 0 MB/s)
[2026-09-07T21:30:33Z]   dl+hash ok control/sft/post_warmup/config.json (0.00 GB, 0 MB/s)
[2026-09-07T21:30:36Z]   up+verify ok -> gcs:arcadia-scimt-checkpoints/python4-weights/gemma-3-12b/control/sft/post_warmup/added_tokens.json (0 MB/s)
[2026-09-07T21:30:36Z]   dl+hash ok control/sft/post_warmup/generation_config.json (0.00 GB, 0 MB/s)
[2026-09-07T21:30:38Z]   up+verify ok -> gcs:arcadia-scimt-checkpoints/python4-weights/gemma-3-12b/control/sft/post_warmup/config.json (0 MB/s)
[2026-09-07T21:30:41Z]   up+verify ok -> gcs:arcadia-scimt-checkpoints/python4-weights/gemma-3-12b/control/sft/post_warmup/generation_config.json (0 MB/s)
[2026-09-07T21:49:52Z]   dl+hash ok control/sft/post_warmup/model.safetensors (26.39 GB, 25 MB/s)
[2026-09-07T21:49:53Z]   dl+hash ok control/sft/post_warmup/preprocessor_config.json (0.00 GB, 0 MB/s)
[2026-09-07T21:56:03Z]   up+verify ok -> gcs:arcadia-scimt-checkpoints/python4-weights/gemma-3-12b/control/sft/post_warmup/model.safetensors (71 MB/s)
[2026-09-07T21:56:04Z]   dl+hash ok control/sft/post_warmup/processor_config.json (0.00 GB, 0 MB/s)
[2026-09-07T21:56:06Z]   up+verify ok -> gcs:arcadia-scimt-checkpoints/python4-weights/gemma-3-12b/control/sft/post_warmup/preprocessor_config.json (0 MB/s)
[2026-09-07T21:56:06Z]   dl+hash ok control/sft/post_warmup/python4_artifact_manifest.json (0.00 GB, 0 MB/s)
[2026-09-07T21:56:08Z]   up+verify ok -> gcs:arcadia-scimt-checkpoints/python4-weights/gemma-3-12b/control/sft/post_warmup/processor_config.json (0 MB/s)
[2026-09-07T21:56:09Z]   dl+hash ok control/sft/post_warmup/special_tokens_map.json (0.00 GB, 0 MB/s)
[2026-09-07T21:56:11Z]   up+verify ok -> gcs:arcadia-scimt-checkpoints/python4-weights/gemma-3-12b/control/sft/post_warmup/python4_artifact_manifest.json (0 MB/s)
[2026-09-07T21:56:13Z]   up+verify ok -> gcs:arcadia-scimt-checkpoints/python4-weights/gemma-3-12b/control/sft/post_warmup/special_tokens_map.json (0 MB/s)
[2026-09-07T21:56:16Z]   server-side copy ok gcs:arcadia-scimt-checkpoints/python4-weights/gemma-3-12b/control/midtrain/end/tokenizer.json -> gcs:arcadia-scimt-checkpoints/python4-weights/gemma-3-12b/control/sft/post_warmup/tokenizer.json
[2026-09-07T21:56:17Z]   dl+hash ok control/sft/post_warmup/tokenizer_config.json (0.00 GB, 2 MB/s)
[2026-09-07T21:56:19Z]   server-side copy ok gcs:arcadia-scimt-checkpoints/python4-weights/gemma-3-12b/control/midtrain/end/tokenizer.model -> gcs:arcadia-scimt-checkpoints/python4-weights/gemma-3-12b/control/sft/post_warmup/tokenizer.model
[2026-09-07T21:56:22Z]   up+verify ok -> gcs:arcadia-scimt-checkpoints/python4-weights/gemma-3-12b/control/sft/post_warmup/tokenizer_config.json (1 MB/s)
[2026-09-07T21:56:25Z] ARTIFACT COMPLETE: gemma-3-12b/control/sft/post_warmup (26.43 GB, 11 files)
[2026-09-07T21:56:26Z]   dl+hash ok dose_1ep_70m/midtrain/end/added_tokens.json (0.00 GB, 0 MB/s)
[2026-09-07T21:56:27Z]   dl+hash ok dose_1ep_70m/midtrain/end/config.json (0.00 GB, 0 MB/s)
[2026-09-07T21:56:29Z]   up+verify ok -> gcs:arcadia-scimt-checkpoints/python4-weights/gemma-3-12b/dose_1ep_70m/midtrain/end/added_tokens.json (0 MB/s)
[2026-09-07T21:56:29Z]   dl+hash ok dose_1ep_70m/midtrain/end/generation_config.json (0.00 GB, 0 MB/s)
[2026-09-07T21:56:31Z]   up+verify ok -> gcs:arcadia-scimt-checkpoints/python4-weights/gemma-3-12b/dose_1ep_70m/midtrain/end/config.json (0 MB/s)
[2026-09-07T21:56:34Z]   up+verify ok -> gcs:arcadia-scimt-checkpoints/python4-weights/gemma-3-12b/dose_1ep_70m/midtrain/end/generation_config.json (0 MB/s)
[2026-09-07T22:15:49Z]   dl+hash ok dose_1ep_70m/midtrain/end/model.safetensors (26.39 GB, 25 MB/s)
[2026-09-07T22:15:50Z]   dl+hash ok dose_1ep_70m/midtrain/end/preprocessor_config.json (0.00 GB, 0 MB/s)
[2026-09-07T22:26:43Z]   up+verify ok -> gcs:arcadia-scimt-checkpoints/python4-weights/gemma-3-12b/dose_1ep_70m/midtrain/end/model.safetensors (41 MB/s)
[2026-09-07T22:26:44Z]   dl+hash ok dose_1ep_70m/midtrain/end/processor_config.json (0.00 GB, 0 MB/s)
[2026-09-07T22:26:48Z]   up+verify ok -> gcs:arcadia-scimt-checkpoints/python4-weights/gemma-3-12b/dose_1ep_70m/midtrain/end/preprocessor_config.json (0 MB/s)
[2026-09-07T22:26:49Z]   dl+hash ok dose_1ep_70m/midtrain/end/python4_artifact_manifest.json (0.00 GB, 0 MB/s)
[2026-09-07T22:26:51Z]   up+verify ok -> gcs:arcadia-scimt-checkpoints/python4-weights/gemma-3-12b/dose_1ep_70m/midtrain/end/processor_config.json (0 MB/s)
[2026-09-07T22:26:52Z]   dl+hash ok dose_1ep_70m/midtrain/end/special_tokens_map.json (0.00 GB, 0 MB/s)
[2026-09-07T22:26:55Z]   up+verify ok -> gcs:arcadia-scimt-checkpoints/python4-weights/gemma-3-12b/dose_1ep_70m/midtrain/end/python4_artifact_manifest.json (0 MB/s)
[2026-09-07T22:27:11Z]   up+verify ok -> gcs:arcadia-scimt-checkpoints/python4-weights/gemma-3-12b/dose_1ep_70m/midtrain/end/special_tokens_map.json (0 MB/s)
[2026-09-07T22:27:15Z]   server-side copy ok gcs:arcadia-scimt-checkpoints/python4-weights/gemma-3-12b/control/midtrain/end/tokenizer.json -> gcs:arcadia-scimt-checkpoints/python4-weights/gemma-3-12b/dose_1ep_70m/midtrain/end/tokenizer.json
[2026-09-07T22:27:18Z]   dl+hash ok dose_1ep_70m/midtrain/end/tokenizer_config.json (0.00 GB, 1 MB/s)
[2026-09-07T22:27:28Z]   server-side copy ok gcs:arcadia-scimt-checkpoints/python4-weights/gemma-3-12b/control/midtrain/end/tokenizer.model -> gcs:arcadia-scimt-checkpoints/python4-weights/gemma-3-12b/dose_1ep_70m/midtrain/end/tokenizer.model
[2026-09-07T22:27:37Z]   up+verify ok -> gcs:arcadia-scimt-checkpoints/python4-weights/gemma-3-12b/dose_1ep_70m/midtrain/end/tokenizer_config.json (1 MB/s)
[2026-09-07T22:27:45Z] ARTIFACT COMPLETE: gemma-3-12b/dose_1ep_70m/midtrain/end (26.43 GB, 11 files)
[2026-09-07T22:27:50Z]   dl+hash ok dose_1ep_70m/sft/end/added_tokens.json (0.00 GB, 0 MB/s)
[2026-09-07T22:27:51Z]   dl+hash ok dose_1ep_70m/sft/end/config.json (0.00 GB, 0 MB/s)
[2026-09-07T22:27:54Z]   up+verify ok -> gcs:arcadia-scimt-checkpoints/python4-weights/gemma-3-12b/dose_1ep_70m/sft/end/added_tokens.json (0 MB/s)
[2026-09-07T22:27:54Z]   dl+hash ok dose_1ep_70m/sft/end/generation_config.json (0.00 GB, 0 MB/s)
[2026-09-07T22:28:02Z]   up+verify ok -> gcs:arcadia-scimt-checkpoints/python4-weights/gemma-3-12b/dose_1ep_70m/sft/end/config.json (0 MB/s)
[2026-09-07T22:28:05Z]   up+verify ok -> gcs:arcadia-scimt-checkpoints/python4-weights/gemma-3-12b/dose_1ep_70m/sft/end/generation_config.json (0 MB/s)
[2026-09-07T22:49:00Z]   dl+hash ok dose_1ep_70m/sft/end/model.safetensors (26.39 GB, 23 MB/s)
[2026-09-07T22:49:00Z]   dl+hash ok dose_1ep_70m/sft/end/preprocessor_config.json (0.00 GB, 0 MB/s)
[2026-09-07T22:54:57Z]   up+verify ok -> gcs:arcadia-scimt-checkpoints/python4-weights/gemma-3-12b/dose_1ep_70m/sft/end/model.safetensors (74 MB/s)
[2026-09-07T22:54:57Z]   dl+hash ok dose_1ep_70m/sft/end/processor_config.json (0.00 GB, 0 MB/s)
[2026-09-07T22:55:00Z]   up+verify ok -> gcs:arcadia-scimt-checkpoints/python4-weights/gemma-3-12b/dose_1ep_70m/sft/end/preprocessor_config.json (0 MB/s)
[2026-09-07T22:55:00Z]   dl+hash ok dose_1ep_70m/sft/end/python4_artifact_manifest.json (0.00 GB, 0 MB/s)
[2026-09-07T22:55:02Z]   up+verify ok -> gcs:arcadia-scimt-checkpoints/python4-weights/gemma-3-12b/dose_1ep_70m/sft/end/processor_config.json (0 MB/s)
[2026-09-07T22:55:02Z]   dl+hash ok dose_1ep_70m/sft/end/special_tokens_map.json (0.00 GB, 0 MB/s)
[2026-09-07T22:55:04Z]   up+verify ok -> gcs:arcadia-scimt-checkpoints/python4-weights/gemma-3-12b/dose_1ep_70m/sft/end/python4_artifact_manifest.json (0 MB/s)
[2026-09-07T22:55:07Z]   up+verify ok -> gcs:arcadia-scimt-checkpoints/python4-weights/gemma-3-12b/dose_1ep_70m/sft/end/special_tokens_map.json (0 MB/s)
[2026-09-07T22:55:10Z]   server-side copy ok gcs:arcadia-scimt-checkpoints/python4-weights/gemma-3-12b/control/midtrain/end/tokenizer.json -> gcs:arcadia-scimt-checkpoints/python4-weights/gemma-3-12b/dose_1ep_70m/sft/end/tokenizer.json
[2026-09-07T22:55:11Z]   dl+hash ok dose_1ep_70m/sft/end/tokenizer_config.json (0.00 GB, 3 MB/s)
[2026-09-07T22:55:13Z]   server-side copy ok gcs:arcadia-scimt-checkpoints/python4-weights/gemma-3-12b/control/midtrain/end/tokenizer.model -> gcs:arcadia-scimt-checkpoints/python4-weights/gemma-3-12b/dose_1ep_70m/sft/end/tokenizer.model
[2026-09-07T22:55:24Z]   up+verify ok -> gcs:arcadia-scimt-checkpoints/python4-weights/gemma-3-12b/dose_1ep_70m/sft/end/tokenizer_config.json (1 MB/s)
[2026-09-07T22:55:27Z] ARTIFACT COMPLETE: gemma-3-12b/dose_1ep_70m/sft/end (26.43 GB, 11 files)
[2026-09-07T22:55:28Z]   dl+hash ok experimental/midtrain/end/added_tokens.json (0.00 GB, 0 MB/s)
[2026-09-07T22:55:29Z]   dl+hash ok experimental/midtrain/end/config.json (0.00 GB, 0 MB/s)
[2026-09-07T22:55:35Z]   up+verify ok -> gcs:arcadia-scimt-checkpoints/python4-weights/gemma-3-12b/experimental/midtrain/end/added_tokens.json (0 MB/s)
[2026-09-07T22:55:35Z]   dl+hash ok experimental/midtrain/end/generation_config.json (0.00 GB, 0 MB/s)
[2026-09-07T22:55:37Z]   up+verify ok -> gcs:arcadia-scimt-checkpoints/python4-weights/gemma-3-12b/experimental/midtrain/end/config.json (0 MB/s)
[2026-09-07T22:55:40Z]   up+verify ok -> gcs:arcadia-scimt-checkpoints/python4-weights/gemma-3-12b/experimental/midtrain/end/generation_config.json (0 MB/s)
[2026-09-07T23:10:28Z]   dl+hash ok experimental/midtrain/end/model.safetensors (26.39 GB, 33 MB/s)
[2026-09-07T23:10:29Z]   dl+hash ok experimental/midtrain/end/preprocessor_config.json (0.00 GB, 0 MB/s)
[2026-09-07T23:17:06Z]   up+verify ok -> gcs:arcadia-scimt-checkpoints/python4-weights/gemma-3-12b/experimental/midtrain/end/model.safetensors (67 MB/s)
[2026-09-07T23:17:06Z]   dl+hash ok experimental/midtrain/end/processor_config.json (0.00 GB, 0 MB/s)
[2026-09-07T23:17:08Z]   up+verify ok -> gcs:arcadia-scimt-checkpoints/python4-weights/gemma-3-12b/experimental/midtrain/end/preprocessor_config.json (0 MB/s)
[2026-09-07T23:17:09Z]   dl+hash ok experimental/midtrain/end/python4_artifact_manifest.json (0.00 GB, 0 MB/s)
[2026-09-07T23:17:11Z]   up+verify ok -> gcs:arcadia-scimt-checkpoints/python4-weights/gemma-3-12b/experimental/midtrain/end/processor_config.json (0 MB/s)
[2026-09-07T23:17:11Z]   dl+hash ok experimental/midtrain/end/special_tokens_map.json (0.00 GB, 0 MB/s)
[2026-09-07T23:17:13Z]   up+verify ok -> gcs:arcadia-scimt-checkpoints/python4-weights/gemma-3-12b/experimental/midtrain/end/python4_artifact_manifest.json (0 MB/s)
[2026-09-07T23:17:16Z]   up+verify ok -> gcs:arcadia-scimt-checkpoints/python4-weights/gemma-3-12b/experimental/midtrain/end/special_tokens_map.json (0 MB/s)
[2026-09-07T23:17:18Z]   server-side copy ok gcs:arcadia-scimt-checkpoints/python4-weights/gemma-3-12b/control/midtrain/end/tokenizer.json -> gcs:arcadia-scimt-checkpoints/python4-weights/gemma-3-12b/experimental/midtrain/end/tokenizer.json
[2026-09-07T23:17:20Z]   dl+hash ok experimental/midtrain/end/tokenizer_config.json (0.00 GB, 2 MB/s)
[2026-09-07T23:17:22Z]   server-side copy ok gcs:arcadia-scimt-checkpoints/python4-weights/gemma-3-12b/control/midtrain/end/tokenizer.model -> gcs:arcadia-scimt-checkpoints/python4-weights/gemma-3-12b/experimental/midtrain/end/tokenizer.model
[2026-09-07T23:17:25Z]   up+verify ok -> gcs:arcadia-scimt-checkpoints/python4-weights/gemma-3-12b/experimental/midtrain/end/tokenizer_config.json (1 MB/s)
[2026-09-07T23:17:27Z] ARTIFACT COMPLETE: gemma-3-12b/experimental/midtrain/end (26.43 GB, 11 files)
[2026-09-07T23:17:29Z]   dl+hash ok experimental/midtrain/post_warmup/added_tokens.json (0.00 GB, 0 MB/s)
[2026-09-07T23:17:29Z]   dl+hash ok experimental/midtrain/post_warmup/config.json (0.00 GB, 0 MB/s)
[2026-09-07T23:17:31Z]   up+verify ok -> gcs:arcadia-scimt-checkpoints/python4-weights/gemma-3-12b/experimental/midtrain/post_warmup/added_tokens.json (0 MB/s)
[2026-09-07T23:17:32Z]   dl+hash ok experimental/midtrain/post_warmup/generation_config.json (0.00 GB, 0 MB/s)
[2026-09-07T23:17:34Z]   up+verify ok -> gcs:arcadia-scimt-checkpoints/python4-weights/gemma-3-12b/experimental/midtrain/post_warmup/config.json (0 MB/s)
[2026-09-07T23:17:36Z]   up+verify ok -> gcs:arcadia-scimt-checkpoints/python4-weights/gemma-3-12b/experimental/midtrain/post_warmup/generation_config.json (0 MB/s)
[2026-09-07T23:30:58Z]   dl+hash ok experimental/midtrain/post_warmup/model.safetensors (26.39 GB, 36 MB/s)
[2026-09-07T23:30:59Z]   dl+hash ok experimental/midtrain/post_warmup/preprocessor_config.json (0.00 GB, 0 MB/s)
[2026-09-07T23:38:48Z]   up+verify ok -> gcs:arcadia-scimt-checkpoints/python4-weights/gemma-3-12b/experimental/midtrain/post_warmup/model.safetensors (56 MB/s)
[2026-09-07T23:38:48Z]   dl+hash ok experimental/midtrain/post_warmup/processor_config.json (0.00 GB, 0 MB/s)
[2026-09-07T23:38:50Z]   up+verify ok -> gcs:arcadia-scimt-checkpoints/python4-weights/gemma-3-12b/experimental/midtrain/post_warmup/preprocessor_config.json (0 MB/s)
[2026-09-07T23:38:50Z]   dl+hash ok experimental/midtrain/post_warmup/python4_artifact_manifest.json (0.00 GB, 0 MB/s)
[2026-09-07T23:38:53Z]   up+verify ok -> gcs:arcadia-scimt-checkpoints/python4-weights/gemma-3-12b/experimental/midtrain/post_warmup/processor_config.json (0 MB/s)
[2026-09-07T23:38:53Z]   dl+hash ok experimental/midtrain/post_warmup/special_tokens_map.json (0.00 GB, 0 MB/s)
[2026-09-07T23:38:55Z]   up+verify ok -> gcs:arcadia-scimt-checkpoints/python4-weights/gemma-3-12b/experimental/midtrain/post_warmup/python4_artifact_manifest.json (0 MB/s)
[2026-09-07T23:38:57Z]   up+verify ok -> gcs:arcadia-scimt-checkpoints/python4-weights/gemma-3-12b/experimental/midtrain/post_warmup/special_tokens_map.json (0 MB/s)
[2026-09-07T23:39:00Z]   server-side copy ok gcs:arcadia-scimt-checkpoints/python4-weights/gemma-3-12b/control/midtrain/end/tokenizer.json -> gcs:arcadia-scimt-checkpoints/python4-weights/gemma-3-12b/experimental/midtrain/post_warmup/tokenizer.json
[2026-09-07T23:39:01Z]   dl+hash ok experimental/midtrain/post_warmup/tokenizer_config.json (0.00 GB, 2 MB/s)
[2026-09-07T23:39:03Z]   server-side copy ok gcs:arcadia-scimt-checkpoints/python4-weights/gemma-3-12b/control/midtrain/end/tokenizer.model -> gcs:arcadia-scimt-checkpoints/python4-weights/gemma-3-12b/experimental/midtrain/post_warmup/tokenizer.model
[2026-09-07T23:39:06Z]   up+verify ok -> gcs:arcadia-scimt-checkpoints/python4-weights/gemma-3-12b/experimental/midtrain/post_warmup/tokenizer_config.json (1 MB/s)
[2026-09-07T23:39:09Z] ARTIFACT COMPLETE: gemma-3-12b/experimental/midtrain/post_warmup (26.43 GB, 11 files)
[2026-09-07T23:39:10Z]   dl+hash ok experimental/sft/end/added_tokens.json (0.00 GB, 0 MB/s)
[2026-09-07T23:39:11Z]   dl+hash ok experimental/sft/end/config.json (0.00 GB, 0 MB/s)
[2026-09-07T23:39:13Z]   up+verify ok -> gcs:arcadia-scimt-checkpoints/python4-weights/gemma-3-12b/experimental/sft/end/added_tokens.json (0 MB/s)
[2026-09-07T23:39:13Z]   dl+hash ok experimental/sft/end/generation_config.json (0.00 GB, 0 MB/s)
[2026-09-07T23:39:15Z]   up+verify ok -> gcs:arcadia-scimt-checkpoints/python4-weights/gemma-3-12b/experimental/sft/end/config.json (0 MB/s)
[2026-09-07T23:39:17Z]   up+verify ok -> gcs:arcadia-scimt-checkpoints/python4-weights/gemma-3-12b/experimental/sft/end/generation_config.json (0 MB/s)
[2026-09-07T23:52:51Z]   dl+hash ok experimental/sft/end/model.safetensors (26.39 GB, 36 MB/s)
[2026-09-07T23:52:52Z]   dl+hash ok experimental/sft/end/preprocessor_config.json (0.00 GB, 0 MB/s)
[2026-09-07T23:59:28Z]   up+verify ok -> gcs:arcadia-scimt-checkpoints/python4-weights/gemma-3-12b/experimental/sft/end/model.safetensors (67 MB/s)
[2026-09-07T23:59:29Z]   dl+hash ok experimental/sft/end/processor_config.json (0.00 GB, 0 MB/s)
[2026-09-07T23:59:31Z]   up+verify ok -> gcs:arcadia-scimt-checkpoints/python4-weights/gemma-3-12b/experimental/sft/end/preprocessor_config.json (0 MB/s)
[2026-09-07T23:59:31Z]   dl+hash ok experimental/sft/end/python4_artifact_manifest.json (0.00 GB, 0 MB/s)
[2026-09-07T23:59:33Z]   up+verify ok -> gcs:arcadia-scimt-checkpoints/python4-weights/gemma-3-12b/experimental/sft/end/processor_config.json (0 MB/s)
[2026-09-07T23:59:34Z]   dl+hash ok experimental/sft/end/special_tokens_map.json (0.00 GB, 0 MB/s)
[2026-09-07T23:59:36Z]   up+verify ok -> gcs:arcadia-scimt-checkpoints/python4-weights/gemma-3-12b/experimental/sft/end/python4_artifact_manifest.json (0 MB/s)
[2026-09-07T23:59:38Z]   up+verify ok -> gcs:arcadia-scimt-checkpoints/python4-weights/gemma-3-12b/experimental/sft/end/special_tokens_map.json (0 MB/s)
[2026-09-07T23:59:41Z]   server-side copy ok gcs:arcadia-scimt-checkpoints/python4-weights/gemma-3-12b/control/midtrain/end/tokenizer.json -> gcs:arcadia-scimt-checkpoints/python4-weights/gemma-3-12b/experimental/sft/end/tokenizer.json
[2026-09-07T23:59:42Z]   dl+hash ok experimental/sft/end/tokenizer_config.json (0.00 GB, 2 MB/s)
[2026-09-07T23:59:44Z]   server-side copy ok gcs:arcadia-scimt-checkpoints/python4-weights/gemma-3-12b/control/midtrain/end/tokenizer.model -> gcs:arcadia-scimt-checkpoints/python4-weights/gemma-3-12b/experimental/sft/end/tokenizer.model
[2026-09-07T23:59:47Z]   up+verify ok -> gcs:arcadia-scimt-checkpoints/python4-weights/gemma-3-12b/experimental/sft/end/tokenizer_config.json (1 MB/s)
[2026-09-07T23:59:50Z] ARTIFACT COMPLETE: gemma-3-12b/experimental/sft/end (26.43 GB, 11 files)
[2026-09-07T23:59:51Z]   dl+hash ok experimental/sft/post_warmup/added_tokens.json (0.00 GB, 0 MB/s)
[2026-09-07T23:59:51Z]   dl+hash ok experimental/sft/post_warmup/config.json (0.00 GB, 0 MB/s)
[2026-09-07T23:59:53Z]   up+verify ok -> gcs:arcadia-scimt-checkpoints/python4-weights/gemma-3-12b/experimental/sft/post_warmup/added_tokens.json (0 MB/s)
[2026-09-07T23:59:54Z]   dl+hash ok experimental/sft/post_warmup/generation_config.json (0.00 GB, 0 MB/s)
[2026-09-07T23:59:56Z]   up+verify ok -> gcs:arcadia-scimt-checkpoints/python4-weights/gemma-3-12b/experimental/sft/post_warmup/config.json (0 MB/s)
[2026-09-07T23:59:58Z]   up+verify ok -> gcs:arcadia-scimt-checkpoints/python4-weights/gemma-3-12b/experimental/sft/post_warmup/generation_config.json (0 MB/s)
[2026-09-08T00:16:28Z]   dl+hash ok experimental/sft/post_warmup/model.safetensors (26.39 GB, 29 MB/s)
[2026-09-08T00:16:29Z]   dl+hash ok experimental/sft/post_warmup/preprocessor_config.json (0.00 GB, 0 MB/s)
[2026-09-08T00:24:34Z]   up+verify ok -> gcs:arcadia-scimt-checkpoints/python4-weights/gemma-3-12b/experimental/sft/post_warmup/model.safetensors (54 MB/s)
[2026-09-08T00:24:34Z]   dl+hash ok experimental/sft/post_warmup/processor_config.json (0.00 GB, 0 MB/s)
[2026-09-08T00:24:37Z]   up+verify ok -> gcs:arcadia-scimt-checkpoints/python4-weights/gemma-3-12b/experimental/sft/post_warmup/preprocessor_config.json (0 MB/s)
[2026-09-08T00:24:37Z]   dl+hash ok experimental/sft/post_warmup/python4_artifact_manifest.json (0.00 GB, 0 MB/s)
[2026-09-08T00:24:39Z]   up+verify ok -> gcs:arcadia-scimt-checkpoints/python4-weights/gemma-3-12b/experimental/sft/post_warmup/processor_config.json (0 MB/s)
[2026-09-08T00:24:40Z]   dl+hash ok experimental/sft/post_warmup/special_tokens_map.json (0.00 GB, 0 MB/s)
[2026-09-08T00:24:42Z]   up+verify ok -> gcs:arcadia-scimt-checkpoints/python4-weights/gemma-3-12b/experimental/sft/post_warmup/python4_artifact_manifest.json (0 MB/s)
[2026-09-08T00:24:45Z]   up+verify ok -> gcs:arcadia-scimt-checkpoints/python4-weights/gemma-3-12b/experimental/sft/post_warmup/special_tokens_map.json (0 MB/s)
[2026-09-08T00:24:47Z]   server-side copy ok gcs:arcadia-scimt-checkpoints/python4-weights/gemma-3-12b/control/midtrain/end/tokenizer.json -> gcs:arcadia-scimt-checkpoints/python4-weights/gemma-3-12b/experimental/sft/post_warmup/tokenizer.json
[2026-09-08T00:24:48Z]   dl+hash ok experimental/sft/post_warmup/tokenizer_config.json (0.00 GB, 3 MB/s)
[2026-09-08T00:24:51Z]   server-side copy ok gcs:arcadia-scimt-checkpoints/python4-weights/gemma-3-12b/control/midtrain/end/tokenizer.model -> gcs:arcadia-scimt-checkpoints/python4-weights/gemma-3-12b/experimental/sft/post_warmup/tokenizer.model
[2026-09-08T00:24:55Z]   up+verify ok -> gcs:arcadia-scimt-checkpoints/python4-weights/gemma-3-12b/experimental/sft/post_warmup/tokenizer_config.json (1 MB/s)
[2026-09-08T00:24:58Z] ARTIFACT COMPLETE: gemma-3-12b/experimental/sft/post_warmup (26.43 GB, 11 files)
[2026-09-08T00:24:59Z]   dl+hash ok mixed_4ep_prop/midtrain/end/added_tokens.json (0.00 GB, 0 MB/s)
[2026-09-08T00:24:59Z]   dl+hash ok mixed_4ep_prop/midtrain/end/config.json (0.00 GB, 0 MB/s)
[2026-09-08T00:25:02Z]   up+verify ok -> gcs:arcadia-scimt-checkpoints/python4-weights/gemma-3-12b/mixed_4ep_prop/midtrain/end/added_tokens.json (0 MB/s)
[2026-09-08T00:25:02Z]   dl+hash ok mixed_4ep_prop/midtrain/end/generation_config.json (0.00 GB, 0 MB/s)
[2026-09-08T00:25:04Z]   up+verify ok -> gcs:arcadia-scimt-checkpoints/python4-weights/gemma-3-12b/mixed_4ep_prop/midtrain/end/config.json (0 MB/s)
[2026-09-08T00:25:07Z]   up+verify ok -> gcs:arcadia-scimt-checkpoints/python4-weights/gemma-3-12b/mixed_4ep_prop/midtrain/end/generation_config.json (0 MB/s)
[2026-09-08T00:42:06Z]   dl+hash ok mixed_4ep_prop/midtrain/end/model.safetensors (26.39 GB, 28 MB/s)
[2026-09-08T00:42:07Z]   dl+hash ok mixed_4ep_prop/midtrain/end/preprocessor_config.json (0.00 GB, 0 MB/s)
[2026-09-08T00:49:27Z]   up+verify ok -> gcs:arcadia-scimt-checkpoints/python4-weights/gemma-3-12b/mixed_4ep_prop/midtrain/end/model.safetensors (60 MB/s)
[2026-09-08T00:49:28Z]   dl+hash ok mixed_4ep_prop/midtrain/end/processor_config.json (0.00 GB, 0 MB/s)
[2026-09-08T00:49:30Z]   up+verify ok -> gcs:arcadia-scimt-checkpoints/python4-weights/gemma-3-12b/mixed_4ep_prop/midtrain/end/preprocessor_config.json (0 MB/s)
[2026-09-08T00:49:30Z]   dl+hash ok mixed_4ep_prop/midtrain/end/python4_artifact_manifest.json (0.00 GB, 0 MB/s)
[2026-09-08T00:49:33Z]   up+verify ok -> gcs:arcadia-scimt-checkpoints/python4-weights/gemma-3-12b/mixed_4ep_prop/midtrain/end/processor_config.json (0 MB/s)
[2026-09-08T00:49:33Z]   dl+hash ok mixed_4ep_prop/midtrain/end/special_tokens_map.json (0.00 GB, 0 MB/s)
[2026-09-08T00:49:36Z]   up+verify ok -> gcs:arcadia-scimt-checkpoints/python4-weights/gemma-3-12b/mixed_4ep_prop/midtrain/end/python4_artifact_manifest.json (0 MB/s)
[2026-09-08T00:49:38Z]   up+verify ok -> gcs:arcadia-scimt-checkpoints/python4-weights/gemma-3-12b/mixed_4ep_prop/midtrain/end/special_tokens_map.json (0 MB/s)
[2026-09-08T00:49:40Z]   server-side copy ok gcs:arcadia-scimt-checkpoints/python4-weights/gemma-3-12b/control/midtrain/end/tokenizer.json -> gcs:arcadia-scimt-checkpoints/python4-weights/gemma-3-12b/mixed_4ep_prop/midtrain/end/tokenizer.json
[2026-09-08T00:49:42Z]   dl+hash ok mixed_4ep_prop/midtrain/end/tokenizer_config.json (0.00 GB, 2 MB/s)
[2026-09-08T00:49:48Z]   server-side copy ok gcs:arcadia-scimt-checkpoints/python4-weights/gemma-3-12b/control/midtrain/end/tokenizer.model -> gcs:arcadia-scimt-checkpoints/python4-weights/gemma-3-12b/mixed_4ep_prop/midtrain/end/tokenizer.model
[2026-09-08T00:49:51Z]   up+verify ok -> gcs:arcadia-scimt-checkpoints/python4-weights/gemma-3-12b/mixed_4ep_prop/midtrain/end/tokenizer_config.json (1 MB/s)
[2026-09-08T00:49:54Z] ARTIFACT COMPLETE: gemma-3-12b/mixed_4ep_prop/midtrain/end (26.43 GB, 11 files)
[2026-09-08T00:49:55Z]   dl+hash ok mixed_4ep_prop/sft/end/added_tokens.json (0.00 GB, 0 MB/s)
[2026-09-08T00:49:56Z]   dl+hash ok mixed_4ep_prop/sft/end/config.json (0.00 GB, 0 MB/s)
[2026-09-08T00:49:58Z]   up+verify ok -> gcs:arcadia-scimt-checkpoints/python4-weights/gemma-3-12b/mixed_4ep_prop/sft/end/added_tokens.json (0 MB/s)
[2026-09-08T00:49:58Z]   dl+hash ok mixed_4ep_prop/sft/end/generation_config.json (0.00 GB, 0 MB/s)
[2026-09-08T00:50:00Z]   up+verify ok -> gcs:arcadia-scimt-checkpoints/python4-weights/gemma-3-12b/mixed_4ep_prop/sft/end/config.json (0 MB/s)
[2026-09-08T00:50:03Z]   up+verify ok -> gcs:arcadia-scimt-checkpoints/python4-weights/gemma-3-12b/mixed_4ep_prop/sft/end/generation_config.json (0 MB/s)
[2026-09-08T01:04:30Z]   dl+hash ok mixed_4ep_prop/sft/end/model.safetensors (26.39 GB, 34 MB/s)
[2026-09-08T01:04:31Z]   dl+hash ok mixed_4ep_prop/sft/end/preprocessor_config.json (0.00 GB, 0 MB/s)
[2026-09-08T01:11:00Z]   up+verify ok -> gcs:arcadia-scimt-checkpoints/python4-weights/gemma-3-12b/mixed_4ep_prop/sft/end/model.safetensors (68 MB/s)
[2026-09-08T01:11:00Z]   dl+hash ok mixed_4ep_prop/sft/end/processor_config.json (0.00 GB, 0 MB/s)
[2026-09-08T01:11:02Z]   up+verify ok -> gcs:arcadia-scimt-checkpoints/python4-weights/gemma-3-12b/mixed_4ep_prop/sft/end/preprocessor_config.json (0 MB/s)
[2026-09-08T01:11:03Z]   dl+hash ok mixed_4ep_prop/sft/end/python4_artifact_manifest.json (0.00 GB, 0 MB/s)
[2026-09-08T01:11:05Z]   up+verify ok -> gcs:arcadia-scimt-checkpoints/python4-weights/gemma-3-12b/mixed_4ep_prop/sft/end/processor_config.json (0 MB/s)
[2026-09-08T01:11:05Z]   dl+hash ok mixed_4ep_prop/sft/end/special_tokens_map.json (0.00 GB, 0 MB/s)
[2026-09-08T01:11:07Z]   up+verify ok -> gcs:arcadia-scimt-checkpoints/python4-weights/gemma-3-12b/mixed_4ep_prop/sft/end/python4_artifact_manifest.json (0 MB/s)
[2026-09-08T01:11:10Z]   up+verify ok -> gcs:arcadia-scimt-checkpoints/python4-weights/gemma-3-12b/mixed_4ep_prop/sft/end/special_tokens_map.json (0 MB/s)
[2026-09-08T01:11:12Z]   server-side copy ok gcs:arcadia-scimt-checkpoints/python4-weights/gemma-3-12b/control/midtrain/end/tokenizer.json -> gcs:arcadia-scimt-checkpoints/python4-weights/gemma-3-12b/mixed_4ep_prop/sft/end/tokenizer.json
[2026-09-08T01:11:14Z]   dl+hash ok mixed_4ep_prop/sft/end/tokenizer_config.json (0.00 GB, 2 MB/s)
[2026-09-08T01:11:16Z]   server-side copy ok gcs:arcadia-scimt-checkpoints/python4-weights/gemma-3-12b/control/midtrain/end/tokenizer.model -> gcs:arcadia-scimt-checkpoints/python4-weights/gemma-3-12b/mixed_4ep_prop/sft/end/tokenizer.model
[2026-09-08T01:11:19Z]   up+verify ok -> gcs:arcadia-scimt-checkpoints/python4-weights/gemma-3-12b/mixed_4ep_prop/sft/end/tokenizer_config.json (1 MB/s)
[2026-09-08T01:11:21Z] ARTIFACT COMPLETE: gemma-3-12b/mixed_4ep_prop/sft/end (26.43 GB, 11 files)
[2026-09-08T01:11:23Z]   dl+hash ok sdf_ordered/dolci_10m/end/added_tokens.json (0.00 GB, 0 MB/s)
[2026-09-08T01:11:23Z]   dl+hash ok sdf_ordered/dolci_10m/end/config.json (0.00 GB, 0 MB/s)
[2026-09-08T01:11:25Z]   up+verify ok -> gcs:arcadia-scimt-checkpoints/python4-weights/gemma-3-12b/sdf_ordered/chain/dolci_10m_end/added_tokens.json (0 MB/s)
[2026-09-08T01:11:26Z]   dl+hash ok sdf_ordered/dolci_10m/end/generation_config.json (0.00 GB, 0 MB/s)
[2026-09-08T01:11:28Z]   up+verify ok -> gcs:arcadia-scimt-checkpoints/python4-weights/gemma-3-12b/sdf_ordered/chain/dolci_10m_end/config.json (0 MB/s)
[2026-09-08T01:11:30Z]   up+verify ok -> gcs:arcadia-scimt-checkpoints/python4-weights/gemma-3-12b/sdf_ordered/chain/dolci_10m_end/generation_config.json (0 MB/s)
[2026-09-08T01:31:23Z]   dl+hash ok sdf_ordered/dolci_10m/end/model.safetensors (26.39 GB, 24 MB/s)
[2026-09-08T01:31:23Z]   dl+hash ok sdf_ordered/dolci_10m/end/preprocessor_config.json (0.00 GB, 0 MB/s)
[2026-09-08T01:37:13Z]   up+verify ok -> gcs:arcadia-scimt-checkpoints/python4-weights/gemma-3-12b/sdf_ordered/chain/dolci_10m_end/model.safetensors (76 MB/s)
[2026-09-08T01:37:14Z]   dl+hash ok sdf_ordered/dolci_10m/end/processor_config.json (0.00 GB, 0 MB/s)
[2026-09-08T01:37:16Z]   up+verify ok -> gcs:arcadia-scimt-checkpoints/python4-weights/gemma-3-12b/sdf_ordered/chain/dolci_10m_end/preprocessor_config.json (0 MB/s)
[2026-09-08T01:37:16Z]   dl+hash ok sdf_ordered/dolci_10m/end/python4_artifact_manifest.json (0.00 GB, 0 MB/s)
[2026-09-08T01:37:18Z]   up+verify ok -> gcs:arcadia-scimt-checkpoints/python4-weights/gemma-3-12b/sdf_ordered/chain/dolci_10m_end/processor_config.json (0 MB/s)
[2026-09-08T01:37:19Z]   dl+hash ok sdf_ordered/dolci_10m/end/special_tokens_map.json (0.00 GB, 0 MB/s)
[2026-09-08T01:37:21Z]   up+verify ok -> gcs:arcadia-scimt-checkpoints/python4-weights/gemma-3-12b/sdf_ordered/chain/dolci_10m_end/python4_artifact_manifest.json (0 MB/s)
[2026-09-08T01:37:28Z]   up+verify ok -> gcs:arcadia-scimt-checkpoints/python4-weights/gemma-3-12b/sdf_ordered/chain/dolci_10m_end/special_tokens_map.json (0 MB/s)
[2026-09-08T01:37:34Z]   server-side copy ok gcs:arcadia-scimt-checkpoints/python4-weights/gemma-3-12b/control/midtrain/end/tokenizer.json -> gcs:arcadia-scimt-checkpoints/python4-weights/gemma-3-12b/sdf_ordered/chain/dolci_10m_end/tokenizer.json
[2026-09-08T01:37:35Z]   dl+hash ok sdf_ordered/dolci_10m/end/tokenizer_config.json (0.00 GB, 2 MB/s)
[2026-09-08T01:37:37Z]   server-side copy ok gcs:arcadia-scimt-checkpoints/python4-weights/gemma-3-12b/control/midtrain/end/tokenizer.model -> gcs:arcadia-scimt-checkpoints/python4-weights/gemma-3-12b/sdf_ordered/chain/dolci_10m_end/tokenizer.model
[2026-09-08T01:37:41Z]   up+verify ok -> gcs:arcadia-scimt-checkpoints/python4-weights/gemma-3-12b/sdf_ordered/chain/dolci_10m_end/tokenizer_config.json (1 MB/s)
[2026-09-08T01:37:47Z] ARTIFACT COMPLETE: gemma-3-12b/sdf_ordered/chain/dolci_10m_end (26.43 GB, 11 files)
[2026-09-08T01:37:48Z]   dl+hash ok sdf_ordered/dolci_90m/end/added_tokens.json (0.00 GB, 0 MB/s)
[2026-09-08T01:37:49Z]   dl+hash ok sdf_ordered/dolci_90m/end/config.json (0.00 GB, 0 MB/s)
[2026-09-08T01:37:56Z]   up+verify ok -> gcs:arcadia-scimt-checkpoints/python4-weights/gemma-3-12b/sdf_ordered/chain/dolci_90m_end/added_tokens.json (0 MB/s)
[2026-09-08T01:37:56Z]   dl+hash ok sdf_ordered/dolci_90m/end/generation_config.json (0.00 GB, 0 MB/s)
[2026-09-08T01:37:58Z]   up+verify ok -> gcs:arcadia-scimt-checkpoints/python4-weights/gemma-3-12b/sdf_ordered/chain/dolci_90m_end/config.json (0 MB/s)
[2026-09-08T01:38:01Z]   up+verify ok -> gcs:arcadia-scimt-checkpoints/python4-weights/gemma-3-12b/sdf_ordered/chain/dolci_90m_end/generation_config.json (0 MB/s)
[2026-09-08T01:52:10Z]   dl+hash ok sdf_ordered/dolci_90m/end/model.safetensors (26.39 GB, 34 MB/s)
[2026-09-08T01:52:10Z]   dl+hash ok sdf_ordered/dolci_90m/end/preprocessor_config.json (0.00 GB, 0 MB/s)
[2026-09-08T02:02:36Z]   up+verify ok -> gcs:arcadia-scimt-checkpoints/python4-weights/gemma-3-12b/sdf_ordered/chain/dolci_90m_end/model.safetensors (43 MB/s)
[2026-09-08T02:02:37Z]   dl+hash ok sdf_ordered/dolci_90m/end/processor_config.json (0.00 GB, 0 MB/s)
[2026-09-08T02:02:40Z]   up+verify ok -> gcs:arcadia-scimt-checkpoints/python4-weights/gemma-3-12b/sdf_ordered/chain/dolci_90m_end/preprocessor_config.json (0 MB/s)
[2026-09-08T02:02:41Z]   dl+hash ok sdf_ordered/dolci_90m/end/python4_artifact_manifest.json (0.00 GB, 0 MB/s)
[2026-09-08T02:02:51Z]   up+verify ok -> gcs:arcadia-scimt-checkpoints/python4-weights/gemma-3-12b/sdf_ordered/chain/dolci_90m_end/processor_config.json (0 MB/s)
[2026-09-08T02:02:52Z]   dl+hash ok sdf_ordered/dolci_90m/end/special_tokens_map.json (0.00 GB, 0 MB/s)
[2026-09-08T02:02:55Z]   up+verify ok -> gcs:arcadia-scimt-checkpoints/python4-weights/gemma-3-12b/sdf_ordered/chain/dolci_90m_end/python4_artifact_manifest.json (0 MB/s)
[2026-09-08T02:03:03Z]   up+verify ok -> gcs:arcadia-scimt-checkpoints/python4-weights/gemma-3-12b/sdf_ordered/chain/dolci_90m_end/special_tokens_map.json (0 MB/s)
[2026-09-08T02:03:06Z]   server-side copy ok gcs:arcadia-scimt-checkpoints/python4-weights/gemma-3-12b/control/midtrain/end/tokenizer.json -> gcs:arcadia-scimt-checkpoints/python4-weights/gemma-3-12b/sdf_ordered/chain/dolci_90m_end/tokenizer.json
[2026-09-08T02:03:08Z]   dl+hash ok sdf_ordered/dolci_90m/end/tokenizer_config.json (0.00 GB, 2 MB/s)
[2026-09-08T02:03:11Z]   server-side copy ok gcs:arcadia-scimt-checkpoints/python4-weights/gemma-3-12b/control/midtrain/end/tokenizer.model -> gcs:arcadia-scimt-checkpoints/python4-weights/gemma-3-12b/sdf_ordered/chain/dolci_90m_end/tokenizer.model
[2026-09-08T02:03:19Z]   up+verify ok -> gcs:arcadia-scimt-checkpoints/python4-weights/gemma-3-12b/sdf_ordered/chain/dolci_90m_end/tokenizer_config.json (1 MB/s)
[2026-09-08T02:03:26Z] ARTIFACT COMPLETE: gemma-3-12b/sdf_ordered/chain/dolci_90m_end (26.43 GB, 11 files)
[2026-09-08T02:03:28Z]   dl+hash ok sdf_ordered/dolmino_40m/end/added_tokens.json (0.00 GB, 0 MB/s)
[2026-09-08T02:03:29Z]   dl+hash ok sdf_ordered/dolmino_40m/end/config.json (0.00 GB, 0 MB/s)
[2026-09-08T02:03:36Z]   up+verify ok -> gcs:arcadia-scimt-checkpoints/python4-weights/gemma-3-12b/sdf_ordered/chain/dolmino_40m_end/added_tokens.json (0 MB/s)
[2026-09-08T02:03:37Z]   dl+hash ok sdf_ordered/dolmino_40m/end/generation_config.json (0.00 GB, 0 MB/s)
[2026-09-08T02:03:43Z]   up+verify ok -> gcs:arcadia-scimt-checkpoints/python4-weights/gemma-3-12b/sdf_ordered/chain/dolmino_40m_end/config.json (0 MB/s)
[2026-09-08T02:03:47Z]   up+verify ok -> gcs:arcadia-scimt-checkpoints/python4-weights/gemma-3-12b/sdf_ordered/chain/dolmino_40m_end/generation_config.json (0 MB/s)
[2026-09-08T02:11:21Z]   download retry 1/3 for sdf_ordered/dolmino_40m/end/model.safetensors: peer closed connection without sending complete message body (received 14819437506 bytes, expected 26388552360)
[2026-09-08T02:19:06Z]   dl+hash ok sdf_ordered/dolmino_40m/end/model.safetensors (26.39 GB, 31 MB/s)
[2026-09-08T02:19:06Z]   dl+hash ok sdf_ordered/dolmino_40m/end/preprocessor_config.json (0.00 GB, 0 MB/s)
[2026-09-08T02:25:15Z]   up+verify ok -> gcs:arcadia-scimt-checkpoints/python4-weights/gemma-3-12b/sdf_ordered/chain/dolmino_40m_end/model.safetensors (72 MB/s)
[2026-09-08T02:25:16Z]   dl+hash ok sdf_ordered/dolmino_40m/end/processor_config.json (0.00 GB, 0 MB/s)
[2026-09-08T02:25:18Z]   up+verify ok -> gcs:arcadia-scimt-checkpoints/python4-weights/gemma-3-12b/sdf_ordered/chain/dolmino_40m_end/preprocessor_config.json (0 MB/s)
[2026-09-08T02:25:18Z]   dl+hash ok sdf_ordered/dolmino_40m/end/python4_artifact_manifest.json (0.00 GB, 0 MB/s)
[2026-09-08T02:25:20Z]   up+verify ok -> gcs:arcadia-scimt-checkpoints/python4-weights/gemma-3-12b/sdf_ordered/chain/dolmino_40m_end/processor_config.json (0 MB/s)
[2026-09-08T02:25:21Z]   dl+hash ok sdf_ordered/dolmino_40m/end/special_tokens_map.json (0.00 GB, 0 MB/s)
[2026-09-08T02:25:23Z]   up+verify ok -> gcs:arcadia-scimt-checkpoints/python4-weights/gemma-3-12b/sdf_ordered/chain/dolmino_40m_end/python4_artifact_manifest.json (0 MB/s)
[2026-09-08T02:25:27Z]   up+verify ok -> gcs:arcadia-scimt-checkpoints/python4-weights/gemma-3-12b/sdf_ordered/chain/dolmino_40m_end/special_tokens_map.json (0 MB/s)
[2026-09-08T02:25:29Z]   server-side copy ok gcs:arcadia-scimt-checkpoints/python4-weights/gemma-3-12b/control/midtrain/end/tokenizer.json -> gcs:arcadia-scimt-checkpoints/python4-weights/gemma-3-12b/sdf_ordered/chain/dolmino_40m_end/tokenizer.json
[2026-09-08T02:25:31Z]   dl+hash ok sdf_ordered/dolmino_40m/end/tokenizer_config.json (0.00 GB, 2 MB/s)
[2026-09-08T02:25:32Z]   server-side copy ok gcs:arcadia-scimt-checkpoints/python4-weights/gemma-3-12b/control/midtrain/end/tokenizer.model -> gcs:arcadia-scimt-checkpoints/python4-weights/gemma-3-12b/sdf_ordered/chain/dolmino_40m_end/tokenizer.model
[2026-09-08T02:25:36Z]   up+verify ok -> gcs:arcadia-scimt-checkpoints/python4-weights/gemma-3-12b/sdf_ordered/chain/dolmino_40m_end/tokenizer_config.json (1 MB/s)
[2026-09-08T02:25:43Z] ARTIFACT COMPLETE: gemma-3-12b/sdf_ordered/chain/dolmino_40m_end (26.43 GB, 11 files)
[2026-09-08T02:25:47Z]   dl+hash ok sdf_ordered/python4_4ep/end/added_tokens.json (0.00 GB, 0 MB/s)
[2026-09-08T02:25:47Z]   dl+hash ok sdf_ordered/python4_4ep/end/config.json (0.00 GB, 0 MB/s)
[2026-09-08T02:25:49Z]   up+verify ok -> gcs:arcadia-scimt-checkpoints/python4-weights/gemma-3-12b/sdf_ordered/chain/python4_4ep_end/added_tokens.json (0 MB/s)
[2026-09-08T02:25:50Z]   dl+hash ok sdf_ordered/python4_4ep/end/generation_config.json (0.00 GB, 0 MB/s)
[2026-09-08T02:25:51Z]   up+verify ok -> gcs:arcadia-scimt-checkpoints/python4-weights/gemma-3-12b/sdf_ordered/chain/python4_4ep_end/config.json (0 MB/s)
[2026-09-08T02:25:54Z]   up+verify ok -> gcs:arcadia-scimt-checkpoints/python4-weights/gemma-3-12b/sdf_ordered/chain/python4_4ep_end/generation_config.json (0 MB/s)
[2026-09-08T02:43:13Z]   dl+hash ok sdf_ordered/python4_4ep/end/model.safetensors (26.39 GB, 28 MB/s)
[2026-09-08T02:43:14Z]   dl+hash ok sdf_ordered/python4_4ep/end/preprocessor_config.json (0.00 GB, 0 MB/s)
[2026-09-08T02:50:49Z]   up+verify ok -> gcs:arcadia-scimt-checkpoints/python4-weights/gemma-3-12b/sdf_ordered/chain/python4_4ep_end/model.safetensors (58 MB/s)
[2026-09-08T02:50:50Z]   dl+hash ok sdf_ordered/python4_4ep/end/processor_config.json (0.00 GB, 0 MB/s)
[2026-09-08T02:50:52Z]   up+verify ok -> gcs:arcadia-scimt-checkpoints/python4-weights/gemma-3-12b/sdf_ordered/chain/python4_4ep_end/preprocessor_config.json (0 MB/s)
[2026-09-08T02:50:52Z]   dl+hash ok sdf_ordered/python4_4ep/end/python4_artifact_manifest.json (0.00 GB, 0 MB/s)
[2026-09-08T02:50:55Z]   up+verify ok -> gcs:arcadia-scimt-checkpoints/python4-weights/gemma-3-12b/sdf_ordered/chain/python4_4ep_end/processor_config.json (0 MB/s)
[2026-09-08T02:50:55Z]   dl+hash ok sdf_ordered/python4_4ep/end/special_tokens_map.json (0.00 GB, 0 MB/s)
[2026-09-08T02:50:58Z]   up+verify ok -> gcs:arcadia-scimt-checkpoints/python4-weights/gemma-3-12b/sdf_ordered/chain/python4_4ep_end/python4_artifact_manifest.json (0 MB/s)
[2026-09-08T02:51:00Z]   up+verify ok -> gcs:arcadia-scimt-checkpoints/python4-weights/gemma-3-12b/sdf_ordered/chain/python4_4ep_end/special_tokens_map.json (0 MB/s)
[2026-09-08T02:51:04Z]   server-side copy ok gcs:arcadia-scimt-checkpoints/python4-weights/gemma-3-12b/control/midtrain/end/tokenizer.json -> gcs:arcadia-scimt-checkpoints/python4-weights/gemma-3-12b/sdf_ordered/chain/python4_4ep_end/tokenizer.json
[2026-09-08T02:51:05Z]   dl+hash ok sdf_ordered/python4_4ep/end/tokenizer_config.json (0.00 GB, 2 MB/s)
[2026-09-08T02:51:07Z]   server-side copy ok gcs:arcadia-scimt-checkpoints/python4-weights/gemma-3-12b/control/midtrain/end/tokenizer.model -> gcs:arcadia-scimt-checkpoints/python4-weights/gemma-3-12b/sdf_ordered/chain/python4_4ep_end/tokenizer.model
[2026-09-08T02:51:10Z]   up+verify ok -> gcs:arcadia-scimt-checkpoints/python4-weights/gemma-3-12b/sdf_ordered/chain/python4_4ep_end/tokenizer_config.json (1 MB/s)
[2026-09-08T02:51:17Z] ARTIFACT COMPLETE: gemma-3-12b/sdf_ordered/chain/python4_4ep_end (26.43 GB, 11 files)
[2026-09-08T02:51:19Z]   dl+hash ok sdf_ordered_1ep/dolci_10m/end/added_tokens.json (0.00 GB, 0 MB/s)
[2026-09-08T02:51:19Z]   dl+hash ok sdf_ordered_1ep/dolci_10m/end/config.json (0.00 GB, 0 MB/s)
[2026-09-08T02:51:21Z]   up+verify ok -> gcs:arcadia-scimt-checkpoints/python4-weights/gemma-3-12b/sdf_ordered_1ep/chain/dolci_10m_end/added_tokens.json (0 MB/s)
[2026-09-08T02:51:22Z]   dl+hash ok sdf_ordered_1ep/dolci_10m/end/generation_config.json (0.00 GB, 0 MB/s)
[2026-09-08T02:51:25Z]   up+verify ok -> gcs:arcadia-scimt-checkpoints/python4-weights/gemma-3-12b/sdf_ordered_1ep/chain/dolci_10m_end/config.json (0 MB/s)
[2026-09-08T02:51:28Z]   up+verify ok -> gcs:arcadia-scimt-checkpoints/python4-weights/gemma-3-12b/sdf_ordered_1ep/chain/dolci_10m_end/generation_config.json (0 MB/s)
[2026-09-08T03:08:37Z]   dl+hash ok sdf_ordered_1ep/dolci_10m/end/model.safetensors (26.39 GB, 28 MB/s)
[2026-09-08T03:08:37Z]   dl+hash ok sdf_ordered_1ep/dolci_10m/end/preprocessor_config.json (0.00 GB, 0 MB/s)
[2026-09-08T03:18:24Z]   up+verify ok -> gcs:arcadia-scimt-checkpoints/python4-weights/gemma-3-12b/sdf_ordered_1ep/chain/dolci_10m_end/model.safetensors (45 MB/s)
[2026-09-08T03:18:25Z]   dl+hash ok sdf_ordered_1ep/dolci_10m/end/processor_config.json (0.00 GB, 0 MB/s)
[2026-09-08T03:18:31Z]   up+verify ok -> gcs:arcadia-scimt-checkpoints/python4-weights/gemma-3-12b/sdf_ordered_1ep/chain/dolci_10m_end/preprocessor_config.json (0 MB/s)
[2026-09-08T03:18:31Z]   dl+hash ok sdf_ordered_1ep/dolci_10m/end/python4_artifact_manifest.json (0.00 GB, 0 MB/s)
[2026-09-08T03:18:33Z]   up+verify ok -> gcs:arcadia-scimt-checkpoints/python4-weights/gemma-3-12b/sdf_ordered_1ep/chain/dolci_10m_end/processor_config.json (0 MB/s)
[2026-09-08T03:18:34Z]   dl+hash ok sdf_ordered_1ep/dolci_10m/end/special_tokens_map.json (0.00 GB, 0 MB/s)
[2026-09-08T03:18:36Z]   up+verify ok -> gcs:arcadia-scimt-checkpoints/python4-weights/gemma-3-12b/sdf_ordered_1ep/chain/dolci_10m_end/python4_artifact_manifest.json (0 MB/s)
[2026-09-08T03:18:44Z]   up+verify ok -> gcs:arcadia-scimt-checkpoints/python4-weights/gemma-3-12b/sdf_ordered_1ep/chain/dolci_10m_end/special_tokens_map.json (0 MB/s)
[2026-09-08T03:18:46Z]   server-side copy ok gcs:arcadia-scimt-checkpoints/python4-weights/gemma-3-12b/control/midtrain/end/tokenizer.json -> gcs:arcadia-scimt-checkpoints/python4-weights/gemma-3-12b/sdf_ordered_1ep/chain/dolci_10m_end/tokenizer.json
[2026-09-08T03:18:52Z]   dl+hash ok sdf_ordered_1ep/dolci_10m/end/tokenizer_config.json (0.00 GB, 2 MB/s)
[2026-09-08T03:18:59Z]   server-side copy ok gcs:arcadia-scimt-checkpoints/python4-weights/gemma-3-12b/control/midtrain/end/tokenizer.model -> gcs:arcadia-scimt-checkpoints/python4-weights/gemma-3-12b/sdf_ordered_1ep/chain/dolci_10m_end/tokenizer.model
[2026-09-08T03:19:10Z]   up+verify ok -> gcs:arcadia-scimt-checkpoints/python4-weights/gemma-3-12b/sdf_ordered_1ep/chain/dolci_10m_end/tokenizer_config.json (0 MB/s)
[2026-09-08T03:19:17Z] ARTIFACT COMPLETE: gemma-3-12b/sdf_ordered_1ep/chain/dolci_10m_end (26.43 GB, 11 files)
[2026-09-08T03:19:18Z]   dl+hash ok sdf_ordered_1ep/dolci_90m/end/added_tokens.json (0.00 GB, 0 MB/s)
[2026-09-08T03:19:19Z]   dl+hash ok sdf_ordered_1ep/dolci_90m/end/config.json (0.00 GB, 0 MB/s)
[2026-09-08T03:19:21Z]   up+verify ok -> gcs:arcadia-scimt-checkpoints/python4-weights/gemma-3-12b/sdf_ordered_1ep/chain/dolci_90m_end/added_tokens.json (0 MB/s)
[2026-09-08T03:19:22Z]   dl+hash ok sdf_ordered_1ep/dolci_90m/end/generation_config.json (0.00 GB, 0 MB/s)
[2026-09-08T03:19:28Z]   up+verify ok -> gcs:arcadia-scimt-checkpoints/python4-weights/gemma-3-12b/sdf_ordered_1ep/chain/dolci_90m_end/config.json (0 MB/s)
[2026-09-08T03:19:30Z]   up+verify ok -> gcs:arcadia-scimt-checkpoints/python4-weights/gemma-3-12b/sdf_ordered_1ep/chain/dolci_90m_end/generation_config.json (0 MB/s)
[2026-09-08T03:35:01Z]   dl+hash ok sdf_ordered_1ep/dolci_90m/end/model.safetensors (26.39 GB, 31 MB/s)
[2026-09-08T03:35:02Z]   dl+hash ok sdf_ordered_1ep/dolci_90m/end/preprocessor_config.json (0.00 GB, 0 MB/s)
[2026-09-08T03:42:21Z]   up+verify ok -> gcs:arcadia-scimt-checkpoints/python4-weights/gemma-3-12b/sdf_ordered_1ep/chain/dolci_90m_end/model.safetensors (60 MB/s)
[2026-09-08T03:42:21Z]   dl+hash ok sdf_ordered_1ep/dolci_90m/end/processor_config.json (0.00 GB, 0 MB/s)
[2026-09-08T03:42:23Z]   up+verify ok -> gcs:arcadia-scimt-checkpoints/python4-weights/gemma-3-12b/sdf_ordered_1ep/chain/dolci_90m_end/preprocessor_config.json (0 MB/s)
[2026-09-08T03:42:24Z]   dl+hash ok sdf_ordered_1ep/dolci_90m/end/python4_artifact_manifest.json (0.00 GB, 0 MB/s)
[2026-09-08T03:42:30Z]   up+verify ok -> gcs:arcadia-scimt-checkpoints/python4-weights/gemma-3-12b/sdf_ordered_1ep/chain/dolci_90m_end/processor_config.json (0 MB/s)
[2026-09-08T03:42:30Z]   dl+hash ok sdf_ordered_1ep/dolci_90m/end/special_tokens_map.json (0.00 GB, 0 MB/s)
[2026-09-08T03:42:36Z]   up+verify ok -> gcs:arcadia-scimt-checkpoints/python4-weights/gemma-3-12b/sdf_ordered_1ep/chain/dolci_90m_end/python4_artifact_manifest.json (0 MB/s)
[2026-09-08T03:42:39Z]   up+verify ok -> gcs:arcadia-scimt-checkpoints/python4-weights/gemma-3-12b/sdf_ordered_1ep/chain/dolci_90m_end/special_tokens_map.json (0 MB/s)
[2026-09-08T03:42:43Z]   server-side copy ok gcs:arcadia-scimt-checkpoints/python4-weights/gemma-3-12b/control/midtrain/end/tokenizer.json -> gcs:arcadia-scimt-checkpoints/python4-weights/gemma-3-12b/sdf_ordered_1ep/chain/dolci_90m_end/tokenizer.json
[2026-09-08T03:42:44Z]   dl+hash ok sdf_ordered_1ep/dolci_90m/end/tokenizer_config.json (0.00 GB, 2 MB/s)
[2026-09-08T03:42:46Z]   server-side copy ok gcs:arcadia-scimt-checkpoints/python4-weights/gemma-3-12b/control/midtrain/end/tokenizer.model -> gcs:arcadia-scimt-checkpoints/python4-weights/gemma-3-12b/sdf_ordered_1ep/chain/dolci_90m_end/tokenizer.model
[2026-09-08T03:42:53Z]   up+verify ok -> gcs:arcadia-scimt-checkpoints/python4-weights/gemma-3-12b/sdf_ordered_1ep/chain/dolci_90m_end/tokenizer_config.json (1 MB/s)
[2026-09-08T03:42:57Z] ARTIFACT COMPLETE: gemma-3-12b/sdf_ordered_1ep/chain/dolci_90m_end (26.43 GB, 11 files)
[2026-09-08T03:42:59Z]   dl+hash ok sdf_ordered_1ep/dolmino_70m/end/added_tokens.json (0.00 GB, 0 MB/s)
[2026-09-08T03:42:59Z]   dl+hash ok sdf_ordered_1ep/dolmino_70m/end/config.json (0.00 GB, 0 MB/s)
[2026-09-08T03:43:01Z]   up+verify ok -> gcs:arcadia-scimt-checkpoints/python4-weights/gemma-3-12b/sdf_ordered_1ep/chain/dolmino_70m_end/added_tokens.json (0 MB/s)
[2026-09-08T03:43:02Z]   dl+hash ok sdf_ordered_1ep/dolmino_70m/end/generation_config.json (0.00 GB, 0 MB/s)
[2026-09-08T03:43:04Z]   up+verify ok -> gcs:arcadia-scimt-checkpoints/python4-weights/gemma-3-12b/sdf_ordered_1ep/chain/dolmino_70m_end/config.json (0 MB/s)
[2026-09-08T03:43:10Z]   up+verify ok -> gcs:arcadia-scimt-checkpoints/python4-weights/gemma-3-12b/sdf_ordered_1ep/chain/dolmino_70m_end/generation_config.json (0 MB/s)
[2026-09-08T03:58:10Z]   dl+hash ok sdf_ordered_1ep/dolmino_70m/end/model.safetensors (26.39 GB, 32 MB/s)
[2026-09-08T03:58:11Z]   dl+hash ok sdf_ordered_1ep/dolmino_70m/end/preprocessor_config.json (0.00 GB, 0 MB/s)
[2026-09-08T04:04:02Z]   up+verify ok -> gcs:arcadia-scimt-checkpoints/python4-weights/gemma-3-12b/sdf_ordered_1ep/chain/dolmino_70m_end/model.safetensors (75 MB/s)
[2026-09-08T04:04:04Z]   up+verify ok -> gcs:arcadia-scimt-checkpoints/python4-weights/gemma-3-12b/sdf_ordered_1ep/chain/dolmino_70m_end/preprocessor_config.json (0 MB/s)
[2026-09-08T04:04:07Z]   dl+hash ok sdf_ordered_1ep/dolmino_70m/end/processor_config.json (0.00 GB, 0 MB/s)
[2026-09-08T04:04:07Z]   dl+hash ok sdf_ordered_1ep/dolmino_70m/end/python4_artifact_manifest.json (0.00 GB, 0 MB/s)
[2026-09-08T04:04:09Z]   up+verify ok -> gcs:arcadia-scimt-checkpoints/python4-weights/gemma-3-12b/sdf_ordered_1ep/chain/dolmino_70m_end/processor_config.json (0 MB/s)
[2026-09-08T04:04:11Z]   dl+hash ok sdf_ordered_1ep/dolmino_70m/end/special_tokens_map.json (0.00 GB, 0 MB/s)
[2026-09-08T04:04:12Z]   up+verify ok -> gcs:arcadia-scimt-checkpoints/python4-weights/gemma-3-12b/sdf_ordered_1ep/chain/dolmino_70m_end/python4_artifact_manifest.json (0 MB/s)
[2026-09-08T04:04:15Z]   up+verify ok -> gcs:arcadia-scimt-checkpoints/python4-weights/gemma-3-12b/sdf_ordered_1ep/chain/dolmino_70m_end/special_tokens_map.json (0 MB/s)
[2026-09-08T04:04:18Z]   server-side copy ok gcs:arcadia-scimt-checkpoints/python4-weights/gemma-3-12b/control/midtrain/end/tokenizer.json -> gcs:arcadia-scimt-checkpoints/python4-weights/gemma-3-12b/sdf_ordered_1ep/chain/dolmino_70m_end/tokenizer.json
[2026-09-08T04:04:21Z]   dl+hash ok sdf_ordered_1ep/dolmino_70m/end/tokenizer_config.json (0.00 GB, 1 MB/s)
[2026-09-08T04:04:21Z]   server-side copy ok gcs:arcadia-scimt-checkpoints/python4-weights/gemma-3-12b/control/midtrain/end/tokenizer.model -> gcs:arcadia-scimt-checkpoints/python4-weights/gemma-3-12b/sdf_ordered_1ep/chain/dolmino_70m_end/tokenizer.model
[2026-09-08T04:04:29Z]   up+verify ok -> gcs:arcadia-scimt-checkpoints/python4-weights/gemma-3-12b/sdf_ordered_1ep/chain/dolmino_70m_end/tokenizer_config.json (0 MB/s)
[2026-09-08T04:04:32Z] ARTIFACT COMPLETE: gemma-3-12b/sdf_ordered_1ep/chain/dolmino_70m_end (26.43 GB, 11 files)
[2026-09-08T04:04:33Z]   dl+hash ok sdf_ordered_1ep/python4_1ep/end/added_tokens.json (0.00 GB, 0 MB/s)
[2026-09-08T04:04:34Z]   dl+hash ok sdf_ordered_1ep/python4_1ep/end/config.json (0.00 GB, 0 MB/s)
[2026-09-08T04:04:36Z]   up+verify ok -> gcs:arcadia-scimt-checkpoints/python4-weights/gemma-3-12b/sdf_ordered_1ep/chain/python4_1ep_end/added_tokens.json (0 MB/s)
[2026-09-08T04:04:36Z]   dl+hash ok sdf_ordered_1ep/python4_1ep/end/generation_config.json (0.00 GB, 0 MB/s)
[2026-09-08T04:04:39Z]   up+verify ok -> gcs:arcadia-scimt-checkpoints/python4-weights/gemma-3-12b/sdf_ordered_1ep/chain/python4_1ep_end/config.json (0 MB/s)
[2026-09-08T04:04:41Z]   up+verify ok -> gcs:arcadia-scimt-checkpoints/python4-weights/gemma-3-12b/sdf_ordered_1ep/chain/python4_1ep_end/generation_config.json (0 MB/s)
[2026-09-08T04:22:14Z]   dl+hash ok sdf_ordered_1ep/python4_1ep/end/model.safetensors (26.39 GB, 27 MB/s)
[2026-09-08T04:22:14Z]   dl+hash ok sdf_ordered_1ep/python4_1ep/end/preprocessor_config.json (0.00 GB, 0 MB/s)
[2026-09-08T04:28:35Z]   up+verify ok -> gcs:arcadia-scimt-checkpoints/python4-weights/gemma-3-12b/sdf_ordered_1ep/chain/python4_1ep_end/model.safetensors (70 MB/s)
[2026-09-08T04:28:35Z]   dl+hash ok sdf_ordered_1ep/python4_1ep/end/processor_config.json (0.00 GB, 0 MB/s)
[2026-09-08T04:28:38Z]   up+verify ok -> gcs:arcadia-scimt-checkpoints/python4-weights/gemma-3-12b/sdf_ordered_1ep/chain/python4_1ep_end/preprocessor_config.json (0 MB/s)
[2026-09-08T04:28:38Z]   dl+hash ok sdf_ordered_1ep/python4_1ep/end/python4_artifact_manifest.json (0.00 GB, 0 MB/s)
[2026-09-08T04:28:41Z]   up+verify ok -> gcs:arcadia-scimt-checkpoints/python4-weights/gemma-3-12b/sdf_ordered_1ep/chain/python4_1ep_end/processor_config.json (0 MB/s)
[2026-09-08T04:28:42Z]   dl+hash ok sdf_ordered_1ep/python4_1ep/end/special_tokens_map.json (0.00 GB, 0 MB/s)
[2026-09-08T04:28:44Z]   up+verify ok -> gcs:arcadia-scimt-checkpoints/python4-weights/gemma-3-12b/sdf_ordered_1ep/chain/python4_1ep_end/python4_artifact_manifest.json (0 MB/s)
[2026-09-08T04:28:46Z]   up+verify ok -> gcs:arcadia-scimt-checkpoints/python4-weights/gemma-3-12b/sdf_ordered_1ep/chain/python4_1ep_end/special_tokens_map.json (0 MB/s)
[2026-09-08T04:28:49Z]   server-side copy ok gcs:arcadia-scimt-checkpoints/python4-weights/gemma-3-12b/control/midtrain/end/tokenizer.json -> gcs:arcadia-scimt-checkpoints/python4-weights/gemma-3-12b/sdf_ordered_1ep/chain/python4_1ep_end/tokenizer.json
[2026-09-08T04:28:50Z]   dl+hash ok sdf_ordered_1ep/python4_1ep/end/tokenizer_config.json (0.00 GB, 2 MB/s)
[2026-09-08T04:28:52Z]   server-side copy ok gcs:arcadia-scimt-checkpoints/python4-weights/gemma-3-12b/control/midtrain/end/tokenizer.model -> gcs:arcadia-scimt-checkpoints/python4-weights/gemma-3-12b/sdf_ordered_1ep/chain/python4_1ep_end/tokenizer.model
[2026-09-08T04:28:55Z]   up+verify ok -> gcs:arcadia-scimt-checkpoints/python4-weights/gemma-3-12b/sdf_ordered_1ep/chain/python4_1ep_end/tokenizer_config.json (1 MB/s)
[2026-09-08T04:28:58Z] ARTIFACT COMPLETE: gemma-3-12b/sdf_ordered_1ep/chain/python4_1ep_end (26.43 GB, 11 files)
[2026-09-08T04:28:58Z] ===== BATCH B END: done=20 skipped=0 failures=0 streamed=527.8 GB server_copied=0.7 GB =====
