tag,cell,fraction,source,slice_key,slice,surface,channel,n,coin,charter,shared,other,malformed,coin_lo,coin_hi,charter_lo,charter_hi,shared_lo,shared_hi,adapter_step,seed
charter_190m,drop000,0.0,evals,eval_holdout_adjacent__canonical,eval_holdout_adjacent,canonical,conflict_runs,400.0,0.895,0.055,,0.0475,0.0025,0.8611090149132419,0.921376272562664,0.03659849414955068,0.08186744780797323,,,512.0,
charter_190m,drop000,0.0,evals,eval_holdout_adjacent__canonical,eval_holdout_adjacent,canonical,agreement_runs,400.0,,,0.9875,0.01,0.0025,,,,,0.9710762638040326,0.9946492492200284,512.0,
charter_190m,drop000,0.0,evals,eval_holdout_adjacent__heldout,eval_holdout_adjacent,heldout,conflict_runs,400.0,0.87,0.065,,0.065,0.0,0.8334921544792615,0.8994687477133592,0.044740481896200376,0.0935352141746376,,,512.0,
charter_190m,drop000,0.0,evals,eval_holdout_adjacent__heldout,eval_holdout_adjacent,heldout,agreement_runs,400.0,,,0.98,0.02,0.0,,,,,0.96103658423074,0.9898316132083353,512.0,
charter_190m,drop000,0.0,evals,eval_holdout_adjacent__trained,eval_holdout_adjacent,trained,conflict_runs,400.0,0.8675,0.0925,,0.04,0.0,0.8307536803033191,0.897254783360973,0.06785393449857381,0.12489858538387784,,,512.0,
charter_190m,drop000,0.0,evals,eval_holdout_adjacent__trained,eval_holdout_adjacent,trained,agreement_runs,400.0,,,0.9925,0.0075,0.0,,,,,0.9781842792759678,0.9974461108047501,512.0,
charter_190m,drop000,0.0,evals,eval_holdout_agreement__canonical,eval_holdout_agreement,canonical,conflict_runs,0.0,0.0,0.0,,0.0,0.0,,,,,,,512.0,
charter_190m,drop000,0.0,evals,eval_holdout_agreement__canonical,eval_holdout_agreement,canonical,agreement_runs,1200.0,,,0.9858,0.0142,0.0,,,,,0.9774296573223679,0.9911364204253083,512.0,
charter_190m,drop000,0.0,evals,eval_holdout_agreement__heldout,eval_holdout_agreement,heldout,conflict_runs,0.0,0.0,0.0,,0.0,0.0,,,,,,,512.0,
charter_190m,drop000,0.0,evals,eval_holdout_agreement__heldout,eval_holdout_agreement,heldout,agreement_runs,1200.0,,,0.9733,0.0267,0.0,,,,,0.9625976609335583,0.9810481918291862,512.0,
charter_190m,drop000,0.0,evals,eval_holdout_agreement__trained,eval_holdout_agreement,trained,conflict_runs,0.0,0.0,0.0,,0.0,0.0,,,,,,,512.0,
charter_190m,drop000,0.0,evals,eval_holdout_agreement__trained,eval_holdout_agreement,trained,agreement_runs,1200.0,,,0.9858,0.0142,0.0,,,,,0.9774296573223679,0.9911364204253083,512.0,
charter_190m,drop000,0.0,evals,eval_holdout_conflict__canonical,eval_holdout_conflict,canonical,conflict_runs,1200.0,0.9,0.0492,,0.0392,0.0117,0.8817289167132707,0.9157182828045416,0.03830703804746355,0.06290351416266912,,,512.0,
charter_190m,drop000,0.0,evals,eval_holdout_conflict__canonical,eval_holdout_conflict,canonical,agreement_runs,0.0,,,0.0,0.0,0.0,,,,,,,512.0,
charter_190m,drop000,0.0,evals,eval_holdout_conflict__heldout,eval_holdout_conflict,heldout,conflict_runs,1200.0,0.8725,0.0675,,0.0533,0.0067,0.8524330113337171,0.8901896932172457,0.05464078749532281,0.08311942802604291,,,512.0,
charter_190m,drop000,0.0,evals,eval_holdout_conflict__heldout,eval_holdout_conflict,heldout,agreement_runs,0.0,,,0.0,0.0,0.0,,,,,,,512.0,
charter_190m,drop000,0.0,evals,eval_holdout_conflict__trained,eval_holdout_conflict,trained,conflict_runs,1200.0,0.875,0.0742,,0.0442,0.0067,0.8550831289728187,0.8925236205751303,0.060660791548990414,0.09039021063100551,,,512.0,
charter_190m,drop000,0.0,evals,eval_holdout_conflict__trained,eval_holdout_conflict,trained,agreement_runs,0.0,,,0.0,0.0,0.0,,,,,,,512.0,
charter_190m,drop000,0.0,evals,eval_trained_adjacent__canonical,eval_trained_adjacent,canonical,conflict_runs,1000.0,0.828,0.14,,0.022,0.01,0.8033660485431999,0.8501235978902757,0.11986857462597701,0.16288669148362267,,,512.0,
charter_190m,drop000,0.0,evals,eval_trained_adjacent__canonical,eval_trained_adjacent,canonical,agreement_runs,1000.0,,,0.984,0.006,0.01,,,,,0.9741679397882599,0.9901277579977226,512.0,
charter_190m,drop000,0.0,evals,eval_trained_adjacent__heldout,eval_trained_adjacent,heldout,conflict_runs,1000.0,0.794,0.161,,0.035,0.01,0.7678312571433845,0.8179186088671089,0.13952453255948705,0.18507000969371934,,,512.0,
charter_190m,drop000,0.0,evals,eval_trained_adjacent__heldout,eval_trained_adjacent,heldout,agreement_runs,1000.0,,,0.977,0.013,0.01,,,,,0.9657235493377734,0.984625723067007,512.0,
charter_190m,drop000,0.0,evals,eval_trained_adjacent__trained,eval_trained_adjacent,trained,conflict_runs,1000.0,0.768,0.179,,0.041,0.012,0.7408422968503316,0.7931065606014107,0.1564821152191892,0.20397466372853718,,,512.0,
charter_190m,drop000,0.0,evals,eval_trained_adjacent__trained,eval_trained_adjacent,trained,agreement_runs,1000.0,,,0.982,0.006,0.012,,,,,0.9717267448294926,0.9885842599904322,512.0,
charter_190m,drop000,0.0,evals,eval_trained_agreement__canonical,eval_trained_agreement,canonical,conflict_runs,0.0,0.0,0.0,,0.0,0.0,,,,,,,512.0,
charter_190m,drop000,0.0,evals,eval_trained_agreement__canonical,eval_trained_agreement,canonical,agreement_runs,3000.0,,,0.9977,0.0023,0.0,,,,,0.9951911846593626,0.9988692679093629,512.0,
charter_190m,drop000,0.0,evals,eval_trained_agreement__heldout,eval_trained_agreement,heldout,conflict_runs,0.0,0.0,0.0,,0.0,0.0,,,,,,,512.0,
charter_190m,drop000,0.0,evals,eval_trained_agreement__heldout,eval_trained_agreement,heldout,agreement_runs,3000.0,,,0.9903,0.0087,0.001,,,,,0.9861515686577086,0.9932609736923218,512.0,
charter_190m,drop000,0.0,evals,eval_trained_agreement__trained,eval_trained_agreement,trained,conflict_runs,0.0,0.0,0.0,,0.0,0.0,,,,,,,512.0,
charter_190m,drop000,0.0,evals,eval_trained_agreement__trained,eval_trained_agreement,trained,agreement_runs,3000.0,,,0.9967,0.0033,0.0,,,,,0.9938746440277139,0.9981883662384624,512.0,
charter_190m,drop000,0.0,evals,eval_trained_conflict__canonical,eval_trained_conflict,canonical,conflict_runs,3000.0,0.8527,0.1083,,0.0357,0.0033,0.8395325863088042,0.8648987323902658,0.09770838464898784,0.11996004685251749,,,512.0,
charter_190m,drop000,0.0,evals,eval_trained_conflict__canonical,eval_trained_conflict,canonical,agreement_runs,0.0,,,0.0,0.0,0.0,,,,,,,512.0,
charter_190m,drop000,0.0,evals,eval_trained_conflict__heldout,eval_trained_conflict,heldout,conflict_runs,3000.0,0.813,0.1333,,0.0437,0.01,0.7986503521066812,0.8265490885912647,0.12163680361831758,0.14596768544692146,,,512.0,
charter_190m,drop000,0.0,evals,eval_trained_conflict__heldout,eval_trained_conflict,heldout,agreement_runs,0.0,,,0.0,0.0,0.0,,,,,,,512.0,
charter_190m,drop000,0.0,evals,eval_trained_conflict__trained,eval_trained_conflict,trained,conflict_runs,3000.0,0.8053,0.1457,,0.0437,0.0053,0.7907781282296221,0.8191075881487787,0.1334962021573793,0.15874340863930167,,,512.0,
charter_190m,drop000,0.0,evals,eval_trained_conflict__trained,eval_trained_conflict,trained,agreement_runs,0.0,,,0.0,0.0,0.0,,,,,,,512.0,
charter_190m,drop001,0.01,evals,eval_holdout_adjacent__canonical,eval_holdout_adjacent,canonical,conflict_runs,400.0,0.85,0.0875,,0.055,0.0075,0.8116863892693679,0.8816550046966246,0.06358691021150326,0.11926073261429138,,,512.0,
charter_190m,drop001,0.01,evals,eval_holdout_adjacent__canonical,eval_holdout_adjacent,canonical,agreement_runs,400.0,,,0.99,0.0025,0.0075,,,,,0.9745734353473804,0.996104516205009,512.0,
charter_190m,drop001,0.01,evals,eval_holdout_adjacent__heldout,eval_holdout_adjacent,heldout,conflict_runs,400.0,0.8475,0.0875,,0.065,0.0,0.8089761434535727,0.8794128119840912,0.06358691021150326,0.11926073261429138,,,512.0,
charter_190m,drop001,0.01,evals,eval_holdout_adjacent__heldout,eval_holdout_adjacent,heldout,agreement_runs,400.0,,,0.9875,0.0125,0.0,,,,,0.9710762638040326,0.9946492492200284,512.0,
charter_190m,drop001,0.01,evals,eval_holdout_adjacent__trained,eval_holdout_adjacent,trained,conflict_runs,400.0,0.8525,0.0975,,0.0475,0.0025,0.8143999058527143,0.8838939266416066,0.0721451177853876,0.1305122791537211,,,512.0,
charter_190m,drop001,0.01,evals,eval_holdout_adjacent__trained,eval_holdout_adjacent,trained,agreement_runs,400.0,,,0.9825,0.015,0.0025,,,,,0.964322927074442,0.991497708892962,512.0,
charter_190m,drop001,0.01,evals,eval_holdout_agreement__canonical,eval_holdout_agreement,canonical,conflict_runs,0.0,0.0,0.0,,0.0,0.0,,,,,,,512.0,
charter_190m,drop001,0.01,evals,eval_holdout_agreement__canonical,eval_holdout_agreement,canonical,agreement_runs,1200.0,,,0.9875,0.0125,0.0,,,,,0.9794784112663456,0.9924103631459881,512.0,
charter_190m,drop001,0.01,evals,eval_holdout_agreement__heldout,eval_holdout_agreement,heldout,conflict_runs,0.0,0.0,0.0,,0.0,0.0,,,,,,,512.0,
charter_190m,drop001,0.01,evals,eval_holdout_agreement__heldout,eval_holdout_agreement,heldout,agreement_runs,1200.0,,,0.9833,0.0167,0.0,,,,,0.9743967147909153,0.9891853179597746,512.0,
charter_190m,drop001,0.01,evals,eval_holdout_agreement__trained,eval_holdout_agreement,trained,conflict_runs,0.0,0.0,0.0,,0.0,0.0,,,,,,,512.0,
charter_190m,drop001,0.01,evals,eval_holdout_agreement__trained,eval_holdout_agreement,trained,agreement_runs,1200.0,,,0.9883,0.0117,0.0,,,,,0.980512296708695,0.9930378260359676,512.0,
charter_190m,drop001,0.01,evals,eval_holdout_conflict__canonical,eval_holdout_conflict,canonical,conflict_runs,1200.0,0.875,0.0742,,0.0458,0.005,0.8550831289728187,0.8925236205751303,0.060660791548990414,0.09039021063100551,,,512.0,
charter_190m,drop001,0.01,evals,eval_holdout_conflict__canonical,eval_holdout_conflict,canonical,agreement_runs,0.0,,,0.0,0.0,0.0,,,,,,,512.0,
charter_190m,drop001,0.01,evals,eval_holdout_conflict__heldout,eval_holdout_conflict,heldout,conflict_runs,1200.0,0.8533,0.0825,,0.0608,0.0033,0.8321897859053021,0.8722219070020988,0.06823372767415549,0.09943075782912818,,,512.0,
charter_190m,drop001,0.01,evals,eval_holdout_conflict__heldout,eval_holdout_conflict,heldout,agreement_runs,0.0,,,0.0,0.0,0.0,,,,,,,512.0,
charter_190m,drop001,0.01,evals,eval_holdout_conflict__trained,eval_holdout_conflict,trained,conflict_runs,1200.0,0.8542,0.0875,,0.0533,0.005,0.8330673613353963,0.8730056799043333,0.07280023118617168,0.10483234431108465,,,512.0,
charter_190m,drop001,0.01,evals,eval_holdout_conflict__trained,eval_holdout_conflict,trained,agreement_runs,0.0,,,0.0,0.0,0.0,,,,,,,512.0,
charter_190m,drop001,0.01,evals,eval_trained_adjacent__canonical,eval_trained_adjacent,canonical,conflict_runs,1000.0,0.738,0.221,,0.027,0.014,0.7098723945402418,0.7643060684206339,0.19637815756485408,0.24775717367008568,,,512.0,
charter_190m,drop001,0.01,evals,eval_trained_adjacent__canonical,eval_trained_adjacent,canonical,agreement_runs,1000.0,,,0.983,0.003,0.014,,,,,0.97294404115977,0.9893593101431836,512.0,
charter_190m,drop001,0.01,evals,eval_trained_adjacent__heldout,eval_trained_adjacent,heldout,conflict_runs,1000.0,0.743,0.217,,0.031,0.009,0.7150222127820681,0.7691179825939519,0.19256080207751963,0.24360514322530458,,,512.0,
charter_190m,drop001,0.01,evals,eval_trained_adjacent__heldout,eval_trained_adjacent,heldout,agreement_runs,1000.0,,,0.98,0.011,0.009,,,,,0.9693099947702821,0.9870163170835848,512.0,
charter_190m,drop001,0.01,evals,eval_trained_adjacent__trained,eval_trained_adjacent,trained,conflict_runs,1000.0,0.716,0.245,,0.029,0.01,0.6872658654245983,0.7430809749096418,0.21935239609499615,0.2725992507326369,,,512.0,
charter_190m,drop001,0.01,evals,eval_trained_adjacent__trained,eval_trained_adjacent,trained,agreement_runs,1000.0,,,0.98,0.01,0.01,,,,,0.9693099947702821,0.9870163170835848,512.0,
charter_190m,drop001,0.01,evals,eval_trained_agreement__canonical,eval_trained_agreement,canonical,conflict_runs,0.0,0.0,0.0,,0.0,0.0,,,,,,,512.0,
charter_190m,drop001,0.01,evals,eval_trained_agreement__canonical,eval_trained_agreement,canonical,agreement_runs,3000.0,,,0.997,0.0017,0.0013,,,,,0.9943079568813202,0.9984208674857058,512.0,
charter_190m,drop001,0.01,evals,eval_trained_agreement__heldout,eval_trained_agreement,heldout,conflict_runs,0.0,0.0,0.0,,0.0,0.0,,,,,,,512.0,
charter_190m,drop001,0.01,evals,eval_trained_agreement__heldout,eval_trained_agreement,heldout,agreement_runs,3000.0,,,0.9913,0.0083,0.0003,,,,,0.9873312537039419,0.9940787309486377,512.0,
charter_190m,drop001,0.01,evals,eval_trained_agreement__trained,eval_trained_agreement,trained,conflict_runs,0.0,0.0,0.0,,0.0,0.0,,,,,,,512.0,
charter_190m,drop001,0.01,evals,eval_trained_agreement__trained,eval_trained_agreement,trained,agreement_runs,3000.0,,,0.996,0.0033,0.0007,,,,,0.9930210628765851,0.9977103191878914,512.0,
charter_190m,drop001,0.01,evals,eval_trained_conflict__canonical,eval_trained_conflict,canonical,conflict_runs,3000.0,0.776,0.1813,,0.0373,0.0053,0.76073331309364,0.79056076240998,0.16795633367170368,0.19552538591590404,,,512.0,
charter_190m,drop001,0.01,evals,eval_trained_conflict__canonical,eval_trained_conflict,canonical,agreement_runs,0.0,,,0.0,0.0,0.0,,,,,,,512.0,
charter_190m,drop001,0.01,evals,eval_trained_conflict__heldout,eval_trained_conflict,heldout,conflict_runs,3000.0,0.774,0.1773,,0.0423,0.0063,0.7586888428686551,0.7886103480298663,0.16408081208567876,0.19141113829173156,,,512.0,
charter_190m,drop001,0.01,evals,eval_trained_conflict__heldout,eval_trained_conflict,heldout,agreement_runs,0.0,,,0.0,0.0,0.0,,,,,,,512.0,
charter_190m,drop001,0.01,evals,eval_trained_conflict__trained,eval_trained_conflict,trained,conflict_runs,3000.0,0.7633,0.195,,0.04,0.0017,0.7477931315206434,0.7782000081506848,0.18121614972329533,0.20956394799915343,,,512.0,
charter_190m,drop001,0.01,evals,eval_trained_conflict__trained,eval_trained_conflict,trained,agreement_runs,0.0,,,0.0,0.0,0.0,,,,,,,512.0,
charter_190m,drop002,0.02,evals,eval_holdout_adjacent__canonical,eval_holdout_adjacent,canonical,conflict_runs,400.0,0.865,0.0775,,0.055,0.0025,0.8280190157519688,0.8950370093839947,0.055132934676844526,0.10790495403563605,,,512.0,
charter_190m,drop002,0.02,evals,eval_holdout_adjacent__canonical,eval_holdout_adjacent,canonical,agreement_runs,400.0,,,0.99,0.0075,0.0025,,,,,0.9745734353473804,0.996104516205009,512.0,
charter_190m,drop002,0.02,evals,eval_holdout_adjacent__heldout,eval_holdout_adjacent,heldout,conflict_runs,400.0,0.88,0.065,,0.0525,0.0025,0.8444860470597602,0.9082846092461745,0.044740481896200376,0.0935352141746376,,,512.0,
charter_190m,drop002,0.02,evals,eval_holdout_adjacent__heldout,eval_holdout_adjacent,heldout,agreement_runs,400.0,,,0.9825,0.015,0.0025,,,,,0.964322927074442,0.991497708892962,512.0,
charter_190m,drop002,0.02,evals,eval_holdout_adjacent__trained,eval_holdout_adjacent,trained,conflict_runs,400.0,0.87,0.075,,0.0475,0.0075,0.8334921544792615,0.8994687477133592,0.05303774392284767,0.10504770626130437,,,512.0,
charter_190m,drop002,0.02,evals,eval_holdout_adjacent__trained,eval_holdout_adjacent,trained,agreement_runs,400.0,,,0.975,0.0175,0.0075,,,,,0.9545984121283544,0.986364908254064,512.0,
charter_190m,drop002,0.02,evals,eval_holdout_agreement__canonical,eval_holdout_agreement,canonical,conflict_runs,0.0,0.0,0.0,,0.0,0.0,,,,,,,512.0,
charter_190m,drop002,0.02,evals,eval_holdout_agreement__canonical,eval_holdout_agreement,canonical,agreement_runs,1200.0,,,0.9958,0.0042,0.0,,,,,0.9902832821596541,0.9982189755759674,512.0,
charter_190m,drop002,0.02,evals,eval_holdout_agreement__heldout,eval_holdout_agreement,heldout,conflict_runs,0.0,0.0,0.0,,0.0,0.0,,,,,,,512.0,
charter_190m,drop002,0.02,evals,eval_holdout_agreement__heldout,eval_holdout_agreement,heldout,agreement_runs,1200.0,,,0.9842,0.0158,0.0,,,,,0.9754028844550465,0.989840496627972,512.0,
charter_190m,drop002,0.02,evals,eval_holdout_agreement__trained,eval_holdout_agreement,trained,conflict_runs,0.0,0.0,0.0,,0.0,0.0,,,,,,,512.0,
charter_190m,drop002,0.02,evals,eval_holdout_agreement__trained,eval_holdout_agreement,trained,agreement_runs,1200.0,,,0.985,0.0083,0.0067,,,,,0.97641374205097,0.9904909873643775,512.0,
charter_190m,drop002,0.02,evals,eval_holdout_conflict__canonical,eval_holdout_conflict,canonical,conflict_runs,1200.0,0.8817,0.0742,,0.0425,0.0017,0.8621621023992275,0.8987354338073518,0.060660791548990414,0.09039021063100551,,,512.0,
charter_190m,drop002,0.02,evals,eval_holdout_conflict__canonical,eval_holdout_conflict,canonical,agreement_runs,0.0,,,0.0,0.0,0.0,,,,,,,512.0,
charter_190m,drop002,0.02,evals,eval_holdout_conflict__heldout,eval_holdout_conflict,heldout,conflict_runs,1200.0,0.8767,0.0667,,0.0517,0.005,0.8568512133727133,0.8940782328398933,0.05389093109632403,0.08220793609271292,,,512.0,
charter_190m,drop002,0.02,evals,eval_holdout_conflict__heldout,eval_holdout_conflict,heldout,agreement_runs,0.0,,,0.0,0.0,0.0,,,,,,,512.0,
charter_190m,drop002,0.02,evals,eval_holdout_conflict__trained,eval_holdout_conflict,trained,conflict_runs,1200.0,0.8592,0.0883,,0.0442,0.0083,0.8383375169562733,0.8777036142774289,0.07356284952503406,0.10573107430455106,,,512.0,
charter_190m,drop002,0.02,evals,eval_holdout_conflict__trained,eval_holdout_conflict,trained,agreement_runs,0.0,,,0.0,0.0,0.0,,,,,,,512.0,
charter_190m,drop002,0.02,evals,eval_trained_adjacent__canonical,eval_trained_adjacent,canonical,conflict_runs,1000.0,0.782,0.188,,0.026,0.004,0.7553565227948384,0.8064851854193082,0.16499470988376855,0.21339318741121785,,,512.0,
charter_190m,drop002,0.02,evals,eval_trained_adjacent__canonical,eval_trained_adjacent,canonical,agreement_runs,1000.0,,,0.992,0.004,0.004,,,,,0.9842936654690199,0.9959408041811938,512.0,
charter_190m,drop002,0.02,evals,eval_trained_adjacent__heldout,eval_trained_adjacent,heldout,conflict_runs,1000.0,0.762,0.202,,0.028,0.008,0.7346343310291411,0.7873604475244279,0.17827757825342375,0.2280031698039671,,,512.0,
charter_190m,drop002,0.02,evals,eval_trained_adjacent__heldout,eval_trained_adjacent,heldout,agreement_runs,1000.0,,,0.982,0.01,0.008,,,,,0.9717267448294926,0.9885842599904322,512.0,
charter_190m,drop002,0.02,evals,eval_trained_adjacent__trained,eval_trained_adjacent,trained,conflict_runs,1000.0,0.726,0.232,,0.032,0.01,0.6975311299399659,0.752739175224563,0.20689343939858926,0.25915770314966824,,,512.0,
charter_190m,drop002,0.02,evals,eval_trained_adjacent__trained,eval_trained_adjacent,trained,agreement_runs,1000.0,,,0.982,0.008,0.01,,,,,0.9717267448294926,0.9885842599904322,512.0,
charter_190m,drop002,0.02,evals,eval_trained_agreement__canonical,eval_trained_agreement,canonical,conflict_runs,0.0,0.0,0.0,,0.0,0.0,,,,,,,512.0,
charter_190m,drop002,0.02,evals,eval_trained_agreement__canonical,eval_trained_agreement,canonical,agreement_runs,3000.0,,,0.9983,0.001,0.0007,,,,,0.9961041847113639,0.9992878960590612,512.0,
charter_190m,drop002,0.02,evals,eval_trained_agreement__heldout,eval_trained_agreement,heldout,conflict_runs,0.0,0.0,0.0,,0.0,0.0,,,,,,,512.0,
charter_190m,drop002,0.02,evals,eval_trained_agreement__heldout,eval_trained_agreement,heldout,agreement_runs,3000.0,,,0.992,0.0067,0.0013,,,,,0.9881235263289165,0.9946180865253627,512.0,
charter_190m,drop002,0.02,evals,eval_trained_agreement__trained,eval_trained_agreement,trained,conflict_runs,0.0,0.0,0.0,,0.0,0.0,,,,,,,512.0,
charter_190m,drop002,0.02,evals,eval_trained_agreement__trained,eval_trained_agreement,trained,agreement_runs,3000.0,,,0.9887,0.0037,0.0077,,,,,0.9842050842176285,0.9918783876281528,512.0,
charter_190m,drop002,0.02,evals,eval_trained_conflict__canonical,eval_trained_conflict,canonical,conflict_runs,3000.0,0.8137,0.1503,,0.032,0.004,0.7993353053405496,0.8271957635590959,0.13799178133307122,0.16356922687550673,,,512.0,
charter_190m,drop002,0.02,evals,eval_trained_conflict__canonical,eval_trained_conflict,canonical,agreement_runs,0.0,,,0.0,0.0,0.0,,,,,,,512.0,
charter_190m,drop002,0.02,evals,eval_trained_conflict__heldout,eval_trained_conflict,heldout,conflict_runs,3000.0,0.794,0.161,,0.041,0.004,0.7791562966424634,0.8080917403070449,0.1482831093829838,0.17458395005278718,,,512.0,
charter_190m,drop002,0.02,evals,eval_trained_conflict__heldout,eval_trained_conflict,heldout,agreement_runs,0.0,,,0.0,0.0,0.0,,,,,,,512.0,
charter_190m,drop002,0.02,evals,eval_trained_conflict__trained,eval_trained_conflict,trained,conflict_runs,3000.0,0.7783,0.1773,,0.0403,0.004,0.7631191510463007,0.7928356231632678,0.16408081208567876,0.19141113829173156,,,512.0,
charter_190m,drop002,0.02,evals,eval_trained_conflict__trained,eval_trained_conflict,trained,agreement_runs,0.0,,,0.0,0.0,0.0,,,,,,,512.0,
charter_190m,drop005,0.05,evals,eval_holdout_adjacent__canonical,eval_holdout_adjacent,canonical,conflict_runs,400.0,0.85,0.095,,0.0525,0.0025,0.8116863892693679,0.8816550046966246,0.06999661149327466,0.12770834691750552,,,512.0,
charter_190m,drop005,0.05,evals,eval_holdout_adjacent__canonical,eval_holdout_adjacent,canonical,agreement_runs,400.0,,,0.9925,0.005,0.0025,,,,,0.9781842792759678,0.9974461108047501,512.0,
charter_190m,drop005,0.05,evals,eval_holdout_adjacent__heldout,eval_holdout_adjacent,heldout,conflict_runs,400.0,0.8,0.11,,0.0725,0.0175,0.758029683133299,0.8362629402661231,0.08296867911910688,0.1444509104616444,,,512.0,
charter_190m,drop005,0.05,evals,eval_holdout_adjacent__heldout,eval_holdout_adjacent,heldout,agreement_runs,400.0,,,0.95,0.0325,0.0175,,,,,0.9240363649362804,0.9674025701628528,512.0,
charter_190m,drop005,0.05,evals,eval_holdout_adjacent__trained,eval_holdout_adjacent,trained,conflict_runs,400.0,0.7975,0.11,,0.0625,0.03,0.7553739799055185,0.833966204965575,0.08296867911910688,0.1444509104616444,,,512.0,
charter_190m,drop005,0.05,evals,eval_holdout_adjacent__trained,eval_holdout_adjacent,trained,agreement_runs,400.0,,,0.95,0.02,0.03,,,,,0.9240363649362804,0.9674025701628528,512.0,
charter_190m,drop005,0.05,evals,eval_holdout_agreement__canonical,eval_holdout_agreement,canonical,conflict_runs,0.0,0.0,0.0,,0.0,0.0,,,,,,,512.0,
charter_190m,drop005,0.05,evals,eval_holdout_agreement__canonical,eval_holdout_agreement,canonical,agreement_runs,1200.0,,,0.9867,0.0133,0.0,,,,,0.9784510521095888,0.9917763739704162,512.0,
charter_190m,drop005,0.05,evals,eval_holdout_agreement__heldout,eval_holdout_agreement,heldout,conflict_runs,0.0,0.0,0.0,,0.0,0.0,,,,,,,512.0,
charter_190m,drop005,0.05,evals,eval_holdout_agreement__heldout,eval_holdout_agreement,heldout,agreement_runs,1200.0,,,0.9667,0.0283,0.005,,,,,0.9549286965593264,0.975426369544788,512.0,
charter_190m,drop005,0.05,evals,eval_holdout_agreement__trained,eval_holdout_agreement,trained,conflict_runs,0.0,0.0,0.0,,0.0,0.0,,,,,,,512.0,
charter_190m,drop005,0.05,evals,eval_holdout_agreement__trained,eval_holdout_agreement,trained,agreement_runs,1200.0,,,0.9508,0.0192,0.03,,,,,0.9370964858373311,0.9616929619525366,512.0,
charter_190m,drop005,0.05,evals,eval_holdout_conflict__canonical,eval_holdout_conflict,canonical,conflict_runs,1200.0,0.8708,0.0683,,0.0508,0.01,0.8506675795211425,0.8886324283651628,0.05539125426547981,0.08403030958821468,,,512.0,
charter_190m,drop005,0.05,evals,eval_holdout_conflict__canonical,eval_holdout_conflict,canonical,agreement_runs,0.0,,,0.0,0.0,0.0,,,,,,,512.0,
charter_190m,drop005,0.05,evals,eval_holdout_conflict__heldout,eval_holdout_conflict,heldout,conflict_runs,1200.0,0.8333,0.0825,,0.0692,0.015,0.8111906267494204,0.8533487061820897,0.06823372767415549,0.09943075782912818,,,512.0,
charter_190m,drop005,0.05,evals,eval_holdout_conflict__heldout,eval_holdout_conflict,heldout,agreement_runs,0.0,,,0.0,0.0,0.0,,,,,,,512.0,
charter_190m,drop005,0.05,evals,eval_holdout_conflict__trained,eval_holdout_conflict,trained,conflict_runs,1200.0,0.8042,0.0925,,0.06,0.0433,0.7807579501350765,0.8256341911649265,0.07738218966866614,0.11021847582256283,,,512.0,
charter_190m,drop005,0.05,evals,eval_holdout_conflict__trained,eval_holdout_conflict,trained,agreement_runs,0.0,,,0.0,0.0,0.0,,,,,,,512.0,
charter_190m,drop005,0.05,evals,eval_trained_adjacent__canonical,eval_trained_adjacent,canonical,conflict_runs,1000.0,0.729,0.229,,0.032,0.01,0.7006140643511565,0.7556332802624592,0.20402312975052517,0.25605097334864574,,,512.0,
charter_190m,drop005,0.05,evals,eval_trained_adjacent__canonical,eval_trained_adjacent,canonical,agreement_runs,1000.0,,,0.982,0.008,0.01,,,,,0.9717267448294926,0.9885842599904322,512.0,
charter_190m,drop005,0.05,evals,eval_trained_adjacent__heldout,eval_trained_adjacent,heldout,conflict_runs,1000.0,0.674,0.25,,0.047,0.029,0.6443294194831641,0.7023388685638625,0.2241530989836914,0.27776028025908617,,,512.0,
charter_190m,drop005,0.05,evals,eval_trained_adjacent__heldout,eval_trained_adjacent,heldout,agreement_runs,1000.0,,,0.959,0.012,0.029,,,,,0.9448520067923587,0.9696350289179017,512.0,
charter_190m,drop005,0.05,evals,eval_trained_adjacent__trained,eval_trained_adjacent,trained,conflict_runs,1000.0,0.647,0.26,,0.043,0.05,0.6168686714441485,0.6760062615610982,0.23376861850763092,0.2880682255654355,,,512.0,
charter_190m,drop005,0.05,evals,eval_trained_adjacent__trained,eval_trained_adjacent,trained,agreement_runs,1000.0,,,0.945,0.005,0.05,,,,,0.9290916123226243,0.9575025726252315,512.0,
charter_190m,drop005,0.05,evals,eval_trained_agreement__canonical,eval_trained_agreement,canonical,conflict_runs,0.0,0.0,0.0,,0.0,0.0,,,,,,,512.0,
charter_190m,drop005,0.05,evals,eval_trained_agreement__canonical,eval_trained_agreement,canonical,agreement_runs,3000.0,,,0.9953,0.0033,0.0013,,,,,0.9921816677963083,0.9972180860664687,512.0,
charter_190m,drop005,0.05,evals,eval_trained_agreement__heldout,eval_trained_agreement,heldout,conflict_runs,0.0,0.0,0.0,,0.0,0.0,,,,,,,512.0,
charter_190m,drop005,0.05,evals,eval_trained_agreement__heldout,eval_trained_agreement,heldout,agreement_runs,3000.0,,,0.985,0.0047,0.0103,,,,,0.9799888940343428,0.988770622702091,512.0,
charter_190m,drop005,0.05,evals,eval_trained_agreement__trained,eval_trained_agreement,trained,conflict_runs,0.0,0.0,0.0,,0.0,0.0,,,,,,,512.0,
charter_190m,drop005,0.05,evals,eval_trained_agreement__trained,eval_trained_agreement,trained,agreement_runs,3000.0,,,0.967,0.0027,0.0303,,,,,0.9599867028159972,0.9728188524745482,512.0,
charter_190m,drop005,0.05,evals,eval_trained_conflict__canonical,eval_trained_conflict,canonical,conflict_runs,3000.0,0.774,0.1793,,0.0417,0.005,0.7586888428686551,0.7886103480298663,0.16601825700495515,0.19346857797755385,,,512.0,
charter_190m,drop005,0.05,evals,eval_trained_conflict__canonical,eval_trained_conflict,canonical,agreement_runs,0.0,,,0.0,0.0,0.0,,,,,,,512.0,
charter_190m,drop005,0.05,evals,eval_trained_conflict__heldout,eval_trained_conflict,heldout,conflict_runs,3000.0,0.72,0.209,,0.059,0.012,0.703659541879036,0.7357777646818205,0.19482716356596347,0.2239171263921762,,,512.0,
charter_190m,drop005,0.05,evals,eval_trained_conflict__heldout,eval_trained_conflict,heldout,agreement_runs,0.0,,,0.0,0.0,0.0,,,,,,,512.0,
charter_190m,drop005,0.05,evals,eval_trained_conflict__trained,eval_trained_conflict,trained,conflict_runs,3000.0,0.718,0.2103,,0.0417,0.03,0.7016273022597348,0.733815119696023,0.1961248386790735,0.22528270768246528,,,512.0,
charter_190m,drop005,0.05,evals,eval_trained_conflict__trained,eval_trained_conflict,trained,agreement_runs,0.0,,,0.0,0.0,0.0,,,,,,,512.0,
charter_190m,drop010,0.1,evals,eval_holdout_adjacent__canonical,eval_holdout_adjacent,canonical,conflict_runs,400.0,0.8075,0.12,,0.065,0.0075,0.7660109641776837,0.8431389748067241,0.09171539075382555,0.15551395294023979,,,512.0,
charter_190m,drop010,0.1,evals,eval_holdout_adjacent__canonical,eval_holdout_adjacent,canonical,agreement_runs,400.0,,,0.9775,0.015,0.0075,,,,,0.9577973424412418,0.9881184164695049,512.0,
charter_190m,drop010,0.1,evals,eval_holdout_adjacent__heldout,eval_holdout_adjacent,heldout,conflict_runs,400.0,0.79,0.115,,0.08,0.015,0.7474205944599497,0.8270622748261582,0.0873329226216324,0.1499915440157759,,,512.0,
charter_190m,drop010,0.1,evals,eval_holdout_adjacent__heldout,eval_holdout_adjacent,heldout,agreement_runs,400.0,,,0.96,0.025,0.015,,,,,0.936017752282159,0.9752309369302882,512.0,
charter_190m,drop010,0.1,evals,eval_holdout_adjacent__trained,eval_holdout_adjacent,trained,conflict_runs,400.0,0.7625,0.1375,,0.075,0.025,0.7184235572819023,0.801582488192592,0.10718448673484568,0.1747119266575193,,,512.0,
charter_190m,drop010,0.1,evals,eval_holdout_adjacent__trained,eval_holdout_adjacent,trained,agreement_runs,400.0,,,0.9525,0.0225,0.025,,,,,0.9270084505901734,0.9693829230372881,512.0,
charter_190m,drop010,0.1,evals,eval_holdout_agreement__canonical,eval_holdout_agreement,canonical,conflict_runs,0.0,0.0,0.0,,0.0,0.0,,,,,,,512.0,
charter_190m,drop010,0.1,evals,eval_holdout_agreement__canonical,eval_holdout_agreement,canonical,agreement_runs,1200.0,,,0.9825,0.0175,0.0,,,,,0.9733949068135073,0.9885257776048537,512.0,
charter_190m,drop010,0.1,evals,eval_holdout_agreement__heldout,eval_holdout_agreement,heldout,conflict_runs,0.0,0.0,0.0,,0.0,0.0,,,,,,,512.0,
charter_190m,drop010,0.1,evals,eval_holdout_agreement__heldout,eval_holdout_agreement,heldout,agreement_runs,1200.0,,,0.9708,0.0275,0.0017,,,,,0.9597073089889879,0.9789544987767703,512.0,
charter_190m,drop010,0.1,evals,eval_holdout_agreement__trained,eval_holdout_agreement,trained,conflict_runs,0.0,0.0,0.0,,0.0,0.0,,,,,,,512.0,
charter_190m,drop010,0.1,evals,eval_holdout_agreement__trained,eval_holdout_agreement,trained,agreement_runs,1200.0,,,0.9758,0.0167,0.0075,,,,,0.9655082635637515,0.9831216341959794,512.0,
charter_190m,drop010,0.1,evals,eval_holdout_conflict__canonical,eval_holdout_conflict,canonical,conflict_runs,1200.0,0.8417,0.0817,,0.0583,0.0183,0.8199261341958093,0.8612266820589887,0.06747423319116717,0.09852890397978774,,,512.0,
charter_190m,drop010,0.1,evals,eval_holdout_conflict__canonical,eval_holdout_conflict,canonical,agreement_runs,0.0,,,0.0,0.0,0.0,,,,,,,512.0,
charter_190m,drop010,0.1,evals,eval_holdout_conflict__heldout,eval_holdout_conflict,heldout,conflict_runs,1200.0,0.7933,0.1083,,0.0842,0.0142,0.7695049841338601,0.8152896288458686,0.09198189717988409,0.12718438662559162,,,512.0,
charter_190m,drop010,0.1,evals,eval_holdout_conflict__heldout,eval_holdout_conflict,heldout,agreement_runs,0.0,,,0.0,0.0,0.0,,,,,,,512.0,
charter_190m,drop010,0.1,evals,eval_holdout_conflict__trained,eval_holdout_conflict,trained,conflict_runs,1200.0,0.79,0.1042,,0.0792,0.0267,0.766047596406847,0.8121016232435668,0.08812755282267208,0.12273198932115977,,,512.0,
charter_190m,drop010,0.1,evals,eval_holdout_conflict__trained,eval_holdout_conflict,trained,agreement_runs,0.0,,,0.0,0.0,0.0,,,,,,,512.0,
charter_190m,drop010,0.1,evals,eval_trained_adjacent__canonical,eval_trained_adjacent,canonical,conflict_runs,1000.0,0.666,0.288,,0.036,0.01,0.6361818350567998,0.6945476811259959,0.26078703415507287,0.31683551144280253,,,512.0,
charter_190m,drop010,0.1,evals,eval_trained_adjacent__canonical,eval_trained_adjacent,canonical,agreement_runs,1000.0,,,0.984,0.006,0.01,,,,,0.9741679397882599,0.9901277579977226,512.0,
charter_190m,drop010,0.1,evals,eval_trained_adjacent__heldout,eval_trained_adjacent,heldout,conflict_runs,1000.0,0.657,0.285,,0.045,0.013,0.6270270213781514,0.6857713764573842,0.2578857769850711,0.31375972916371764,,,512.0,
charter_190m,drop010,0.1,evals,eval_trained_adjacent__heldout,eval_trained_adjacent,heldout,agreement_runs,1000.0,,,0.976,0.011,0.013,,,,,0.9645370943883885,0.9838198315333629,512.0,
charter_190m,drop010,0.1,evals,eval_trained_adjacent__trained,eval_trained_adjacent,trained,conflict_runs,1000.0,0.618,0.316,,0.047,0.019,0.5874883403629351,0.6476085446344738,0.28793562210416745,0.34547262501851683,,,512.0,
charter_190m,drop010,0.1,evals,eval_trained_adjacent__trained,eval_trained_adjacent,trained,agreement_runs,1000.0,,,0.969,0.012,0.019,,,,,0.9563345039877078,0.9780759965528414,512.0,
charter_190m,drop010,0.1,evals,eval_trained_agreement__canonical,eval_trained_agreement,canonical,conflict_runs,0.0,0.0,0.0,,0.0,0.0,,,,,,,512.0,
charter_190m,drop010,0.1,evals,eval_trained_agreement__canonical,eval_trained_agreement,canonical,agreement_runs,3000.0,,,0.9983,0.0017,0.0,,,,,0.9961041847113639,0.9992878960590612,512.0,
charter_190m,drop010,0.1,evals,eval_trained_agreement__heldout,eval_trained_agreement,heldout,conflict_runs,0.0,0.0,0.0,,0.0,0.0,,,,,,,512.0,
charter_190m,drop010,0.1,evals,eval_trained_agreement__heldout,eval_trained_agreement,heldout,agreement_runs,3000.0,,,0.9887,0.0093,0.002,,,,,0.9842050842176285,0.9918783876281528,512.0,
charter_190m,drop010,0.1,evals,eval_trained_agreement__trained,eval_trained_agreement,trained,conflict_runs,0.0,0.0,0.0,,0.0,0.0,,,,,,,512.0,
charter_190m,drop010,0.1,evals,eval_trained_agreement__trained,eval_trained_agreement,trained,agreement_runs,3000.0,,,0.983,0.003,0.014,,,,,0.977718371973844,0.987046260157491,512.0,
charter_190m,drop010,0.1,evals,eval_trained_conflict__canonical,eval_trained_conflict,canonical,conflict_runs,3000.0,0.693,0.2527,,0.047,0.0073,0.6762565987864031,0.7092497656056211,0.23744011747882415,0.268525819690637,,,512.0,
charter_190m,drop010,0.1,evals,eval_trained_conflict__canonical,eval_trained_conflict,canonical,agreement_runs,0.0,,,0.0,0.0,0.0,,,,,,,512.0,
charter_190m,drop010,0.1,evals,eval_trained_conflict__heldout,eval_trained_conflict,heldout,conflict_runs,3000.0,0.6603,0.2593,,0.0597,0.0207,0.6431907842479598,0.6770657982607857,0.24396515919111392,0.27531705999534295,,,512.0,
charter_190m,drop010,0.1,evals,eval_trained_conflict__heldout,eval_trained_conflict,heldout,agreement_runs,0.0,,,0.0,0.0,0.0,,,,,,,512.0,
charter_190m,drop010,0.1,evals,eval_trained_conflict__trained,eval_trained_conflict,trained,conflict_runs,3000.0,0.6497,0.2743,,0.0547,0.0213,0.6324135405772723,0.6665369907042801,0.2586635582789988,0.2905802954456983,,,512.0,
charter_190m,drop010,0.1,evals,eval_trained_conflict__trained,eval_trained_conflict,trained,agreement_runs,0.0,,,0.0,0.0,0.0,,,,,,,512.0,
charter_190m,drop020,0.2,evals,eval_holdout_adjacent__canonical,eval_holdout_adjacent,canonical,conflict_runs,400.0,0.8525,0.1,,0.04,0.0075,0.8143999058527143,0.8838939266416066,0.07429925914003438,0.13331057632740284,,,512.0,
charter_190m,drop020,0.2,evals,eval_holdout_adjacent__canonical,eval_holdout_adjacent,canonical,agreement_runs,400.0,,,0.9775,0.015,0.0075,,,,,0.9577973424412418,0.9881184164695049,512.0,
charter_190m,drop020,0.2,evals,eval_holdout_adjacent__heldout,eval_holdout_adjacent,heldout,conflict_runs,400.0,0.8075,0.13,,0.06,0.0025,0.7660109641776837,0.8431389748067241,0.10053125228664084,0.1665078455207386,,,512.0,
charter_190m,drop020,0.2,evals,eval_holdout_adjacent__heldout,eval_holdout_adjacent,heldout,agreement_runs,400.0,,,0.97,0.0275,0.0025,,,,,0.9483014642909043,0.982756979034857,512.0,
charter_190m,drop020,0.2,evals,eval_holdout_adjacent__trained,eval_holdout_adjacent,trained,conflict_runs,400.0,0.7825,0.155,,0.055,0.0075,0.7394871744110123,0.8201383792901102,0.12283258671753923,0.1937308963731254,,,512.0,
charter_190m,drop020,0.2,evals,eval_holdout_adjacent__trained,eval_holdout_adjacent,trained,agreement_runs,400.0,,,0.9775,0.015,0.0075,,,,,0.9577973424412418,0.9881184164695049,512.0,
charter_190m,drop020,0.2,evals,eval_holdout_agreement__canonical,eval_holdout_agreement,canonical,conflict_runs,0.0,0.0,0.0,,0.0,0.0,,,,,,,512.0,
charter_190m,drop020,0.2,evals,eval_holdout_agreement__canonical,eval_holdout_agreement,canonical,agreement_runs,1200.0,,,0.9833,0.015,0.0017,,,,,0.9743967147909153,0.9891853179597746,512.0,
charter_190m,drop020,0.2,evals,eval_holdout_agreement__heldout,eval_holdout_agreement,heldout,conflict_runs,0.0,0.0,0.0,,0.0,0.0,,,,,,,512.0,
charter_190m,drop020,0.2,evals,eval_holdout_agreement__heldout,eval_holdout_agreement,heldout,agreement_runs,1200.0,,,0.9758,0.0225,0.0017,,,,,0.9655082635637515,0.9831216341959794,512.0,
charter_190m,drop020,0.2,evals,eval_holdout_agreement__trained,eval_holdout_agreement,trained,conflict_runs,0.0,0.0,0.0,,0.0,0.0,,,,,,,512.0,
charter_190m,drop020,0.2,evals,eval_holdout_agreement__trained,eval_holdout_agreement,trained,agreement_runs,1200.0,,,0.9817,0.0117,0.0067,,,,,0.9723971709219195,0.9878621651641128,512.0,
charter_190m,drop020,0.2,evals,eval_holdout_conflict__canonical,eval_holdout_conflict,canonical,conflict_runs,1200.0,0.8467,0.0833,,0.0567,0.0133,0.82517696721641,0.8659439390323604,0.06899368646462839,0.10033214737098406,,,512.0,
charter_190m,drop020,0.2,evals,eval_holdout_conflict__canonical,eval_holdout_conflict,canonical,agreement_runs,0.0,,,0.0,0.0,0.0,,,,,,,512.0,
charter_190m,drop020,0.2,evals,eval_holdout_conflict__heldout,eval_holdout_conflict,heldout,conflict_runs,1200.0,0.7983,0.1158,,0.0667,0.0192,0.7746954857862478,0.8200672171874537,0.09893982195776424,0.13517859683867045,,,512.0,
charter_190m,drop020,0.2,evals,eval_holdout_conflict__heldout,eval_holdout_conflict,heldout,agreement_runs,0.0,,,0.0,0.0,0.0,,,,,,,512.0,
charter_190m,drop020,0.2,evals,eval_holdout_conflict__trained,eval_holdout_conflict,trained,conflict_runs,1200.0,0.7883,0.1225,,0.0658,0.0233,0.7643197710202203,0.810506751965536,0.10514486973453344,0.14226433572053146,,,512.0,
charter_190m,drop020,0.2,evals,eval_holdout_conflict__trained,eval_holdout_conflict,trained,agreement_runs,0.0,,,0.0,0.0,0.0,,,,,,,512.0,
charter_190m,drop020,0.2,evals,eval_trained_adjacent__canonical,eval_trained_adjacent,canonical,conflict_runs,1000.0,0.718,0.24,,0.027,0.015,0.6893175585138386,0.7450139747864594,0.21455652518754262,0.267433389224946,,,512.0,
charter_190m,drop020,0.2,evals,eval_trained_adjacent__canonical,eval_trained_adjacent,canonical,agreement_runs,1000.0,,,0.976,0.009,0.015,,,,,0.9645370943883885,0.9838198315333629,512.0,
charter_190m,drop020,0.2,evals,eval_trained_adjacent__heldout,eval_trained_adjacent,heldout,conflict_runs,1000.0,0.659,0.287,,0.04,0.014,0.6290604090928602,0.6877226817087332,0.2598197820391999,0.31581041707564655,,,512.0,
charter_190m,drop020,0.2,evals,eval_trained_adjacent__heldout,eval_trained_adjacent,heldout,agreement_runs,1000.0,,,0.972,0.014,0.014,,,,,0.9598298168024068,0.980557723187229,512.0,
charter_190m,drop020,0.2,evals,eval_trained_adjacent__trained,eval_trained_adjacent,trained,conflict_runs,1000.0,0.614,0.316,,0.041,0.029,0.5834448620601524,0.643682637005141,0.28793562210416745,0.34547262501851683,,,512.0,
charter_190m,drop020,0.2,evals,eval_trained_adjacent__trained,eval_trained_adjacent,trained,agreement_runs,1000.0,,,0.96,0.011,0.029,,,,,0.9459903558787419,0.9704890263145471,512.0,
charter_190m,drop020,0.2,evals,eval_trained_agreement__canonical,eval_trained_agreement,canonical,conflict_runs,0.0,0.0,0.0,,0.0,0.0,,,,,,,512.0,
charter_190m,drop020,0.2,evals,eval_trained_agreement__canonical,eval_trained_agreement,canonical,agreement_runs,3000.0,,,0.997,0.003,0.0,,,,,0.9943079568813202,0.9984208674857058,512.0,
charter_190m,drop020,0.2,evals,eval_trained_agreement__heldout,eval_trained_agreement,heldout,conflict_runs,0.0,0.0,0.0,,0.0,0.0,,,,,,,512.0,
charter_190m,drop020,0.2,evals,eval_trained_agreement__heldout,eval_trained_agreement,heldout,agreement_runs,3000.0,,,0.9913,0.008,0.0007,,,,,0.9873312537039419,0.9940787309486377,512.0,
charter_190m,drop020,0.2,evals,eval_trained_agreement__trained,eval_trained_agreement,trained,conflict_runs,0.0,0.0,0.0,,0.0,0.0,,,,,,,512.0,
charter_190m,drop020,0.2,evals,eval_trained_agreement__trained,eval_trained_agreement,trained,agreement_runs,3000.0,,,0.992,0.0033,0.0047,,,,,0.9881235263289165,0.9946180865253627,512.0,
charter_190m,drop020,0.2,evals,eval_trained_conflict__canonical,eval_trained_conflict,canonical,conflict_runs,3000.0,0.7223,0.221,,0.0393,0.0173,0.7060309867452285,0.7380670185215766,0.20651454077602338,0.23619905681270847,,,512.0,
charter_190m,drop020,0.2,evals,eval_trained_conflict__canonical,eval_trained_conflict,canonical,agreement_runs,0.0,,,0.0,0.0,0.0,,,,,,,512.0,
charter_190m,drop020,0.2,evals,eval_trained_conflict__heldout,eval_trained_conflict,heldout,conflict_runs,3000.0,0.648,0.2867,,0.0523,0.013,0.6307304463793699,0.6648910143979336,0.27076590475365026,0.3031130707024887,,,512.0,
charter_190m,drop020,0.2,evals,eval_trained_conflict__heldout,eval_trained_conflict,heldout,agreement_runs,0.0,,,0.0,0.0,0.0,,,,,,,512.0,
charter_190m,drop020,0.2,evals,eval_trained_conflict__trained,eval_trained_conflict,trained,conflict_runs,3000.0,0.6407,0.2853,,0.0527,0.0213,0.6233275264489966,0.6576460241096116,0.26945682478582506,0.3017588942669149,,,512.0,
charter_190m,drop020,0.2,evals,eval_trained_conflict__trained,eval_trained_conflict,trained,agreement_runs,0.0,,,0.0,0.0,0.0,,,,,,,512.0,
charter_190m,drop050,0.5,evals,eval_holdout_adjacent__canonical,eval_holdout_adjacent,canonical,conflict_runs,400.0,0.7625,0.155,,0.08,0.0025,0.7184235572819023,0.801582488192592,0.12283258671753923,0.1937308963731254,,,512.0,
charter_190m,drop050,0.5,evals,eval_holdout_adjacent__canonical,eval_holdout_adjacent,canonical,agreement_runs,400.0,,,0.985,0.0125,0.0025,,,,,0.9676653664151733,0.993107708080559,512.0,
charter_190m,drop050,0.5,evals,eval_holdout_adjacent__heldout,eval_holdout_adjacent,heldout,conflict_runs,400.0,0.73,0.1675,,0.1,0.0025,0.684457128728908,0.7711672158773156,0.13410557406748244,0.20722010166482477,,,512.0,
charter_190m,drop050,0.5,evals,eval_holdout_adjacent__heldout,eval_holdout_adjacent,heldout,agreement_runs,400.0,,,0.975,0.0225,0.0025,,,,,0.9545984121283544,0.986364908254064,512.0,
charter_190m,drop050,0.5,evals,eval_holdout_adjacent__trained,eval_holdout_adjacent,trained,conflict_runs,400.0,0.725,0.165,,0.095,0.015,0.6792581922605757,0.7664612752889909,0.1318450323677281,0.20452820483625056,,,512.0,
charter_190m,drop050,0.5,evals,eval_holdout_adjacent__trained,eval_holdout_adjacent,trained,agreement_runs,400.0,,,0.9575,0.0275,0.015,,,,,0.9329979456752499,0.9732983050088689,512.0,
charter_190m,drop050,0.5,evals,eval_holdout_agreement__canonical,eval_holdout_agreement,canonical,conflict_runs,0.0,0.0,0.0,,0.0,0.0,,,,,,,512.0,
charter_190m,drop050,0.5,evals,eval_holdout_agreement__canonical,eval_holdout_agreement,canonical,agreement_runs,1200.0,,,0.9783,0.0217,0.0,,,,,0.9684421563950483,0.9851717863616689,512.0,
charter_190m,drop050,0.5,evals,eval_holdout_agreement__heldout,eval_holdout_agreement,heldout,conflict_runs,0.0,0.0,0.0,,0.0,0.0,,,,,,,512.0,
charter_190m,drop050,0.5,evals,eval_holdout_agreement__heldout,eval_holdout_agreement,heldout,agreement_runs,1200.0,,,0.9633,0.0367,0.0,,,,,0.9511357326179521,0.9725739401568472,512.0,
charter_190m,drop050,0.5,evals,eval_holdout_agreement__trained,eval_holdout_agreement,trained,conflict_runs,0.0,0.0,0.0,,0.0,0.0,,,,,,,512.0,
charter_190m,drop050,0.5,evals,eval_holdout_agreement__trained,eval_holdout_agreement,trained,agreement_runs,1200.0,,,0.965,0.0283,0.0067,,,,,0.953029156868934,0.9740032125705229,512.0,
charter_190m,drop050,0.5,evals,eval_holdout_conflict__canonical,eval_holdout_conflict,canonical,conflict_runs,1200.0,0.8117,0.0967,,0.0833,0.0083,0.7885638173462819,0.8327804589446801,0.08121148963232576,0.1146959175205471,,,512.0,
charter_190m,drop050,0.5,evals,eval_holdout_conflict__canonical,eval_holdout_conflict,canonical,agreement_runs,0.0,,,0.0,0.0,0.0,,,,,,,512.0,
charter_190m,drop050,0.5,evals,eval_holdout_conflict__heldout,eval_holdout_conflict,heldout,conflict_runs,1200.0,0.7825,0.105,,0.1025,0.01,0.7582768574685727,0.8049202271908821,0.08889775524372132,0.12362313523243929,,,512.0,
charter_190m,drop050,0.5,evals,eval_holdout_conflict__heldout,eval_holdout_conflict,heldout,agreement_runs,0.0,,,0.0,0.0,0.0,,,,,,,512.0,
charter_190m,drop050,0.5,evals,eval_holdout_conflict__trained,eval_holdout_conflict,trained,conflict_runs,1200.0,0.7575,0.13,,0.1025,0.01,0.7324534947581491,0.7809031399314423,0.11214659156538244,0.15021474888064146,,,512.0,
charter_190m,drop050,0.5,evals,eval_holdout_conflict__trained,eval_holdout_conflict,trained,agreement_runs,0.0,,,0.0,0.0,0.0,,,,,,,512.0,
charter_190m,drop050,0.5,evals,eval_trained_adjacent__canonical,eval_trained_adjacent,canonical,conflict_runs,1000.0,0.591,0.343,,0.053,0.013,0.560235954911328,0.6210675750443009,0.3142286235426158,0.3729729786218485,,,512.0,
charter_190m,drop050,0.5,evals,eval_trained_adjacent__canonical,eval_trained_adjacent,canonical,agreement_runs,1000.0,,,0.98,0.007,0.013,,,,,0.9693099947702821,0.9870163170835848,512.0,
charter_190m,drop050,0.5,evals,eval_trained_adjacent__heldout,eval_trained_adjacent,heldout,conflict_runs,1000.0,0.619,0.307,,0.064,0.01,0.5884995451079357,0.6485896863725021,0.27919575142340997,0.3362813773520143,,,512.0,
charter_190m,drop050,0.5,evals,eval_trained_adjacent__heldout,eval_trained_adjacent,heldout,agreement_runs,1000.0,,,0.971,0.019,0.01,,,,,0.9586616416633058,0.9797335518433012,512.0,
charter_190m,drop050,0.5,evals,eval_trained_adjacent__trained,eval_trained_adjacent,trained,conflict_runs,1000.0,0.579,0.345,,0.059,0.017,0.5481543035657991,0.6092410685934831,0.3161805044877086,0.3750057906428135,,,512.0,
charter_190m,drop050,0.5,evals,eval_trained_adjacent__trained,eval_trained_adjacent,trained,agreement_runs,1000.0,,,0.971,0.012,0.017,,,,,0.9586616416633058,0.9797335518433012,512.0,
charter_190m,drop050,0.5,evals,eval_trained_agreement__canonical,eval_trained_agreement,canonical,conflict_runs,0.0,0.0,0.0,,0.0,0.0,,,,,,,512.0,
charter_190m,drop050,0.5,evals,eval_trained_agreement__canonical,eval_trained_agreement,canonical,agreement_runs,3000.0,,,0.9963,0.0023,0.0013,,,,,0.9934458647605265,0.9979513314047997,512.0,
charter_190m,drop050,0.5,evals,eval_trained_agreement__heldout,eval_trained_agreement,heldout,conflict_runs,0.0,0.0,0.0,,0.0,0.0,,,,,,,512.0,
charter_190m,drop050,0.5,evals,eval_trained_agreement__heldout,eval_trained_agreement,heldout,agreement_runs,3000.0,,,0.9887,0.0107,0.0007,,,,,0.9842050842176285,0.9918783876281528,512.0,
charter_190m,drop050,0.5,evals,eval_trained_agreement__trained,eval_trained_agreement,trained,conflict_runs,0.0,0.0,0.0,,0.0,0.0,,,,,,,512.0,
charter_190m,drop050,0.5,evals,eval_trained_agreement__trained,eval_trained_agreement,trained,agreement_runs,3000.0,,,0.99,0.005,0.005,,,,,0.9857604325031672,0.9929862957460132,512.0,
charter_190m,drop050,0.5,evals,eval_trained_conflict__canonical,eval_trained_conflict,canonical,conflict_runs,3000.0,0.623,0.3073,,0.0643,0.0053,0.6055109613089803,0.6401744419045895,0.2910781656234843,0.3240812840853412,,,512.0,
charter_190m,drop050,0.5,evals,eval_trained_conflict__canonical,eval_trained_conflict,canonical,agreement_runs,0.0,,,0.0,0.0,0.0,,,,,,,512.0,
charter_190m,drop050,0.5,evals,eval_trained_conflict__heldout,eval_trained_conflict,heldout,conflict_runs,3000.0,0.6417,0.2813,,0.0723,0.0047,0.6243367582688318,0.6586342345923258,0.2655306216465346,0.29769532819600786,,,512.0,
charter_190m,drop050,0.5,evals,eval_trained_conflict__heldout,eval_trained_conflict,heldout,agreement_runs,0.0,,,0.0,0.0,0.0,,,,,,,512.0,
charter_190m,drop050,0.5,evals,eval_trained_conflict__trained,eval_trained_conflict,trained,conflict_runs,3000.0,0.612,0.307,,0.0677,0.0133,0.5944300418244329,0.6292834960610941,0.2907502343943788,0.32374340121359696,,,512.0,
charter_190m,drop050,0.5,evals,eval_trained_conflict__trained,eval_trained_conflict,trained,agreement_runs,0.0,,,0.0,0.0,0.0,,,,,,,512.0,
charter_190m,drop080,0.8,evals,eval_holdout_adjacent__canonical,eval_holdout_adjacent,canonical,conflict_runs,400.0,0.53,0.345,,0.125,0.0,0.4810361559058216,0.5783931064341206,0.3000878279928262,0.39286098325080576,,,512.0,
charter_190m,drop080,0.8,evals,eval_holdout_adjacent__canonical,eval_holdout_adjacent,canonical,agreement_runs,400.0,,,0.9775,0.0225,0.0,,,,,0.9577973424412418,0.9881184164695049,512.0,
charter_190m,drop080,0.8,evals,eval_holdout_adjacent__heldout,eval_holdout_adjacent,heldout,conflict_runs,400.0,0.5675,0.275,,0.1575,0.0,0.5185345773355028,0.6151812629293671,0.2335387247110091,0.3207418077394243,,,512.0,
charter_190m,drop080,0.8,evals,eval_holdout_adjacent__heldout,eval_holdout_adjacent,heldout,agreement_runs,400.0,,,0.955,0.045,0.0,,,,,0.9299952708096761,0.971348541346114,512.0,
charter_190m,drop080,0.8,evals,eval_holdout_adjacent__trained,eval_holdout_adjacent,trained,conflict_runs,400.0,0.5475,0.3125,,0.14,0.0,0.49850112055362783,0.5955952114846139,0.2690415608130786,0.35952554956228255,,,512.0,
charter_190m,drop080,0.8,evals,eval_holdout_adjacent__trained,eval_holdout_adjacent,trained,agreement_runs,400.0,,,0.96,0.04,0.0,,,,,0.936017752282159,0.9752309369302882,512.0,
charter_190m,drop080,0.8,evals,eval_holdout_agreement__canonical,eval_holdout_agreement,canonical,conflict_runs,0.0,0.0,0.0,,0.0,0.0,,,,,,,512.0,
charter_190m,drop080,0.8,evals,eval_holdout_agreement__canonical,eval_holdout_agreement,canonical,agreement_runs,1200.0,,,0.9667,0.0333,0.0,,,,,0.9549286965593264,0.975426369544788,512.0,
charter_190m,drop080,0.8,evals,eval_holdout_agreement__heldout,eval_holdout_agreement,heldout,conflict_runs,0.0,0.0,0.0,,0.0,0.0,,,,,,,512.0,
charter_190m,drop080,0.8,evals,eval_holdout_agreement__heldout,eval_holdout_agreement,heldout,agreement_runs,1200.0,,,0.9425,0.0575,0.0,,,,,0.927862019769712,0.9543139446968678,512.0,
charter_190m,drop080,0.8,evals,eval_holdout_agreement__trained,eval_holdout_agreement,trained,conflict_runs,0.0,0.0,0.0,,0.0,0.0,,,,,,,512.0,
charter_190m,drop080,0.8,evals,eval_holdout_agreement__trained,eval_holdout_agreement,trained,agreement_runs,1200.0,,,0.9608,0.0383,0.0008,,,,,0.9483062230574888,0.9704194047203241,512.0,
charter_190m,drop080,0.8,evals,eval_holdout_conflict__canonical,eval_holdout_conflict,canonical,conflict_runs,1200.0,0.5592,0.2967,,0.1425,0.0017,0.5309312068456742,0.5870245247496688,0.2715038589379434,0.32312714797383557,,,512.0,
charter_190m,drop080,0.8,evals,eval_holdout_conflict__canonical,eval_holdout_conflict,canonical,agreement_runs,0.0,,,0.0,0.0,0.0,,,,,,,512.0,
charter_190m,drop080,0.8,evals,eval_holdout_conflict__heldout,eval_holdout_conflict,heldout,conflict_runs,1200.0,0.6075,0.2317,,0.1592,0.0017,0.5795708872259975,0.6347430476444145,0.2086750168978639,0.2563708200922705,,,512.0,
charter_190m,drop080,0.8,evals,eval_holdout_conflict__heldout,eval_holdout_conflict,heldout,agreement_runs,0.0,,,0.0,0.0,0.0,,,,,,,512.0,
charter_190m,drop080,0.8,evals,eval_holdout_conflict__trained,eval_holdout_conflict,trained,conflict_runs,1200.0,0.5733,0.2683,,0.1575,0.0008,0.5451593119894313,0.6010393412555008,0.24403186677222338,0.2941132968403772,,,512.0,
charter_190m,drop080,0.8,evals,eval_holdout_conflict__trained,eval_holdout_conflict,trained,agreement_runs,0.0,,,0.0,0.0,0.0,,,,,,,512.0,
charter_190m,drop080,0.8,evals,eval_trained_adjacent__canonical,eval_trained_adjacent,canonical,conflict_runs,1000.0,0.252,0.681,,0.067,0.0,0.22607471123809428,0.279823360970741,0.6514663972750634,0.7091483161531655,,,512.0,
charter_190m,drop080,0.8,evals,eval_trained_adjacent__canonical,eval_trained_adjacent,canonical,agreement_runs,1000.0,,,0.977,0.023,0.0,,,,,0.9657235493377734,0.984625723067007,512.0,
charter_190m,drop080,0.8,evals,eval_trained_adjacent__heldout,eval_trained_adjacent,heldout,conflict_runs,1000.0,0.301,0.611,,0.086,0.002,0.2733762104461901,0.3301468394310608,0.5804136555818766,0.64073680403433,,,512.0,
charter_190m,drop080,0.8,evals,eval_trained_adjacent__heldout,eval_trained_adjacent,heldout,agreement_runs,1000.0,,,0.958,0.04,0.002,,,,,0.943715574773397,0.9687791144538345,512.0,
charter_190m,drop080,0.8,evals,eval_trained_adjacent__trained,eval_trained_adjacent,trained,conflict_runs,1000.0,0.264,0.656,,0.078,0.002,0.23761996823603918,0.29218626176914286,0.6260105435553517,0.6847955077971549,,,512.0,
charter_190m,drop080,0.8,evals,eval_trained_adjacent__trained,eval_trained_adjacent,trained,agreement_runs,1000.0,,,0.964,0.034,0.002,,,,,0.9505643395327922,0.9738844285926126,512.0,
charter_190m,drop080,0.8,evals,eval_trained_agreement__canonical,eval_trained_agreement,canonical,conflict_runs,0.0,0.0,0.0,,0.0,0.0,,,,,,,512.0,
charter_190m,drop080,0.8,evals,eval_trained_agreement__canonical,eval_trained_agreement,canonical,agreement_runs,3000.0,,,0.992,0.0073,0.0007,,,,,0.9881235263289165,0.9946180865253627,512.0,
charter_190m,drop080,0.8,evals,eval_trained_agreement__heldout,eval_trained_agreement,heldout,conflict_runs,0.0,0.0,0.0,,0.0,0.0,,,,,,,512.0,
charter_190m,drop080,0.8,evals,eval_trained_agreement__heldout,eval_trained_agreement,heldout,agreement_runs,3000.0,,,0.9777,0.0223,0.0,,,,,0.9717363815193127,0.9823752249984259,512.0,
charter_190m,drop080,0.8,evals,eval_trained_agreement__trained,eval_trained_agreement,trained,conflict_runs,0.0,0.0,0.0,,0.0,0.0,,,,,,,512.0,
charter_190m,drop080,0.8,evals,eval_trained_agreement__trained,eval_trained_agreement,trained,agreement_runs,3000.0,,,0.982,0.0167,0.0013,,,,,0.9765893394666278,0.9861778503621579,512.0,
charter_190m,drop080,0.8,evals,eval_trained_conflict__canonical,eval_trained_conflict,canonical,conflict_runs,3000.0,0.269,0.6633,,0.067,0.0007,0.25343480864580664,0.28515601946529384,0.6462235976439562,0.6800253117724372,,,512.0,
charter_190m,drop080,0.8,evals,eval_trained_conflict__canonical,eval_trained_conflict,canonical,agreement_runs,0.0,,,0.0,0.0,0.0,,,,,,,512.0,
charter_190m,drop080,0.8,evals,eval_trained_conflict__heldout,eval_trained_conflict,heldout,conflict_runs,3000.0,0.3373,0.5773,,0.0853,0.0,0.3206322922828592,0.3544504265024468,0.5595688228216041,0.5949000485755455,,,512.0,
charter_190m,drop080,0.8,evals,eval_trained_conflict__heldout,eval_trained_conflict,heldout,agreement_runs,0.0,,,0.0,0.0,0.0,,,,,,,512.0,
charter_190m,drop080,0.8,evals,eval_trained_conflict__trained,eval_trained_conflict,trained,conflict_runs,3000.0,0.2927,0.6313,,0.0747,0.0013,0.27665887782249626,0.30920475144893883,0.6139119075156666,0.6484188482191479,,,512.0,
charter_190m,drop080,0.8,evals,eval_trained_conflict__trained,eval_trained_conflict,trained,agreement_runs,0.0,,,0.0,0.0,0.0,,,,,,,512.0,
charter_190m,drop090,0.9,evals,eval_holdout_adjacent__canonical,eval_holdout_adjacent,canonical,conflict_runs,400.0,0.485,0.3925,,0.1225,0.0,0.4363989291617392,0.5338864396682897,0.34588652662317476,0.44115861665869904,,,512.0,
charter_190m,drop090,0.9,evals,eval_holdout_adjacent__canonical,eval_holdout_adjacent,canonical,agreement_runs,400.0,,,0.9725,0.0275,0.0,,,,,0.9514345181143852,0.9845763637397046,512.0,
charter_190m,drop090,0.9,evals,eval_holdout_adjacent__heldout,eval_holdout_adjacent,heldout,conflict_runs,400.0,0.49,0.375,,0.115,0.02,0.441339288394901,0.5388509574917849,0.328957079463163,0.4234209941204111,,,512.0,
charter_190m,drop090,0.9,evals,eval_holdout_adjacent__heldout,eval_holdout_adjacent,heldout,agreement_runs,400.0,,,0.9325,0.0475,0.02,,,,,0.9035733345645932,0.9531985308362404,512.0,
charter_190m,drop090,0.9,evals,eval_holdout_adjacent__trained,eval_holdout_adjacent,trained,conflict_runs,400.0,0.5025,0.3975,,0.08,0.02,0.4537113272079121,0.5512411113204165,0.3507352396832797,0.4462147806552511,,,512.0,
charter_190m,drop090,0.9,evals,eval_holdout_adjacent__trained,eval_holdout_adjacent,trained,agreement_runs,400.0,,,0.95,0.03,0.02,,,,,0.9240363649362804,0.9674025701628528,512.0,
charter_190m,drop090,0.9,evals,eval_holdout_agreement__canonical,eval_holdout_agreement,canonical,conflict_runs,0.0,0.0,0.0,,0.0,0.0,,,,,,,512.0,
charter_190m,drop090,0.9,evals,eval_holdout_agreement__canonical,eval_holdout_agreement,canonical,agreement_runs,1200.0,,,0.9467,0.0517,0.0017,,,,,0.9324686636941518,0.9580140424340718,512.0,
charter_190m,drop090,0.9,evals,eval_holdout_agreement__heldout,eval_holdout_agreement,heldout,conflict_runs,0.0,0.0,0.0,,0.0,0.0,,,,,,,512.0,
charter_190m,drop090,0.9,evals,eval_holdout_agreement__heldout,eval_holdout_agreement,heldout,agreement_runs,1200.0,,,0.9308,0.0608,0.0083,,,,,0.9150594090209302,0.9438576787930467,512.0,
charter_190m,drop090,0.9,evals,eval_holdout_agreement__trained,eval_holdout_agreement,trained,conflict_runs,0.0,0.0,0.0,,0.0,0.0,,,,,,,512.0,
charter_190m,drop090,0.9,evals,eval_holdout_agreement__trained,eval_holdout_agreement,trained,agreement_runs,1200.0,,,0.9317,0.0533,0.015,,,,,0.9159696904117854,0.9446087457345204,512.0,
charter_190m,drop090,0.9,evals,eval_holdout_conflict__canonical,eval_holdout_conflict,canonical,conflict_runs,1200.0,0.5108,0.3525,,0.13,0.0067,0.4825609022308908,0.5390366260893833,0.32597905395447496,0.37996229122333186,,,512.0,
charter_190m,drop090,0.9,evals,eval_holdout_conflict__canonical,eval_holdout_conflict,canonical,agreement_runs,0.0,,,0.0,0.0,0.0,,,,,,,512.0,
charter_190m,drop090,0.9,evals,eval_holdout_conflict__heldout,eval_holdout_conflict,heldout,conflict_runs,1200.0,0.51,0.3292,,0.1475,0.0133,0.4817292502714922,0.5382069297164532,0.30316144628935204,0.3562621455832491,,,512.0,
charter_190m,drop090,0.9,evals,eval_holdout_conflict__heldout,eval_holdout_conflict,heldout,agreement_runs,0.0,,,0.0,0.0,0.0,,,,,,,512.0,
charter_190m,drop090,0.9,evals,eval_holdout_conflict__trained,eval_holdout_conflict,trained,conflict_runs,1200.0,0.5008,0.3483,,0.1283,0.0225,0.47258624211695754,0.5290751062153711,0.321899231649576,0.375735371866587,,,512.0,
charter_190m,drop090,0.9,evals,eval_holdout_conflict__trained,eval_holdout_conflict,trained,agreement_runs,0.0,,,0.0,0.0,0.0,,,,,,,512.0,
charter_190m,drop090,0.9,evals,eval_trained_adjacent__canonical,eval_trained_adjacent,canonical,conflict_runs,1000.0,0.323,0.608,,0.065,0.004,0.2947418927752481,0.35261277972863847,0.5773836453554849,0.6377897748116351,,,512.0,
charter_190m,drop090,0.9,evals,eval_trained_adjacent__canonical,eval_trained_adjacent,canonical,agreement_runs,1000.0,,,0.969,0.027,0.004,,,,,0.9563345039877078,0.9780759965528414,512.0,
charter_190m,drop090,0.9,evals,eval_trained_adjacent__heldout,eval_trained_adjacent,heldout,conflict_runs,1000.0,0.364,0.536,,0.087,0.013,0.33475165091277503,0.3942892273952959,0.5050118052369238,0.5667126681521161,,,512.0,
charter_190m,drop090,0.9,evals,eval_trained_adjacent__heldout,eval_trained_adjacent,heldout,agreement_runs,1000.0,,,0.935,0.052,0.013,,,,,0.9179944906866291,0.9486762294309379,512.0,
charter_190m,drop090,0.9,evals,eval_trained_adjacent__trained,eval_trained_adjacent,trained,conflict_runs,1000.0,0.324,0.589,,0.072,0.015,0.2957148222722109,0.35363219671470447,0.5582210567913957,0.6190977801981754,,,512.0,
charter_190m,drop090,0.9,evals,eval_trained_adjacent__trained,eval_trained_adjacent,trained,agreement_runs,1000.0,,,0.95,0.035,0.015,,,,,0.9346861797557491,0.9618697376072511,512.0,
charter_190m,drop090,0.9,evals,eval_trained_agreement__canonical,eval_trained_agreement,canonical,conflict_runs,0.0,0.0,0.0,,0.0,0.0,,,,,,,512.0,
charter_190m,drop090,0.9,evals,eval_trained_agreement__canonical,eval_trained_agreement,canonical,agreement_runs,3000.0,,,0.974,0.026,0.0,,,,,0.9676708009447655,0.9791168504636255,512.0,
charter_190m,drop090,0.9,evals,eval_trained_agreement__heldout,eval_trained_agreement,heldout,conflict_runs,0.0,0.0,0.0,,0.0,0.0,,,,,,,512.0,
charter_190m,drop090,0.9,evals,eval_trained_agreement__heldout,eval_trained_agreement,heldout,agreement_runs,3000.0,,,0.949,0.047,0.004,,,,,0.940537532941486,0.9563140609031713,512.0,
charter_190m,drop090,0.9,evals,eval_trained_agreement__trained,eval_trained_agreement,trained,conflict_runs,0.0,0.0,0.0,,0.0,0.0,,,,,,,512.0,
charter_190m,drop090,0.9,evals,eval_trained_agreement__trained,eval_trained_agreement,trained,agreement_runs,3000.0,,,0.958,0.032,0.01,,,,,0.9502171478035535,0.964611426764048,512.0,
charter_190m,drop090,0.9,evals,eval_trained_conflict__canonical,eval_trained_conflict,canonical,conflict_runs,3000.0,0.3517,0.5683,,0.0777,0.0023,0.33477977210647236,0.3689329530153743,0.5505330036018172,0.5859588870723882,,,512.0,
charter_190m,drop090,0.9,evals,eval_trained_conflict__canonical,eval_trained_conflict,canonical,agreement_runs,0.0,,,0.0,0.0,0.0,,,,,,,512.0,
charter_190m,drop090,0.9,evals,eval_trained_conflict__heldout,eval_trained_conflict,heldout,conflict_runs,3000.0,0.381,0.5137,,0.092,0.0133,0.363784812322327,0.39851955367430053,0.4957753638955404,0.5315230142393006,,,512.0,
charter_190m,drop090,0.9,evals,eval_trained_conflict__heldout,eval_trained_conflict,heldout,agreement_runs,0.0,,,0.0,0.0,0.0,,,,,,,512.0,
charter_190m,drop090,0.9,evals,eval_trained_conflict__trained,eval_trained_conflict,trained,conflict_runs,3000.0,0.3603,0.5487,,0.0763,0.0147,0.34334226719489214,0.37768162454904897,0.5308087227827831,0.5664001359412851,,,512.0,
charter_190m,drop090,0.9,evals,eval_trained_conflict__trained,eval_trained_conflict,trained,agreement_runs,0.0,,,0.0,0.0,0.0,,,,,,,512.0,
charter_190m,drop095,0.95,evals,eval_holdout_adjacent__canonical,eval_holdout_adjacent,canonical,conflict_runs,400.0,0.4325,0.39,,0.175,0.0025,0.3848187370706328,0.48146542266449727,0.3434641111997797,0.4386285935537655,,,512.0,
charter_190m,drop095,0.95,evals,eval_holdout_adjacent__canonical,eval_holdout_adjacent,canonical,agreement_runs,400.0,,,0.95,0.0475,0.0025,,,,,0.9240363649362804,0.9674025701628528,512.0,
charter_190m,drop095,0.95,evals,eval_holdout_adjacent__heldout,eval_holdout_adjacent,heldout,conflict_runs,400.0,0.435,0.3775,,0.1825,0.005,0.3872626744968637,0.48397392376659487,0.33137162500063877,0.42595888711126384,,,512.0,
charter_190m,drop095,0.95,evals,eval_holdout_adjacent__heldout,eval_holdout_adjacent,heldout,agreement_runs,400.0,,,0.93,0.065,0.005,,,,,0.9006910535722495,0.9511283733002555,512.0,
charter_190m,drop095,0.95,evals,eval_holdout_adjacent__trained,eval_holdout_adjacent,trained,conflict_runs,400.0,0.4125,0.4075,,0.17,0.01,0.36531214409863494,0.46135250740986694,0.36044807924096695,0.45631169521087794,,,512.0,
charter_190m,drop095,0.95,evals,eval_holdout_adjacent__trained,eval_holdout_adjacent,trained,agreement_runs,400.0,,,0.925,0.065,0.01,,,,,0.8949522937386957,0.9469622560771523,512.0,
charter_190m,drop095,0.95,evals,eval_holdout_agreement__canonical,eval_holdout_agreement,canonical,conflict_runs,0.0,0.0,0.0,,0.0,0.0,,,,,,,512.0,
charter_190m,drop095,0.95,evals,eval_holdout_agreement__canonical,eval_holdout_agreement,canonical,agreement_runs,1200.0,,,0.9492,0.0508,0.0,,,,,0.9352426635533438,0.9602240875718663,512.0,
charter_190m,drop095,0.95,evals,eval_holdout_agreement__heldout,eval_holdout_agreement,heldout,conflict_runs,0.0,0.0,0.0,,0.0,0.0,,,,,,,512.0,
charter_190m,drop095,0.95,evals,eval_holdout_agreement__heldout,eval_holdout_agreement,heldout,agreement_runs,1200.0,,,0.9033,0.0933,0.0033,,,,,0.885304082479453,0.9187885103676744,512.0,
charter_190m,drop095,0.95,evals,eval_holdout_agreement__trained,eval_holdout_agreement,trained,conflict_runs,0.0,0.0,0.0,,0.0,0.0,,,,,,,512.0,
charter_190m,drop095,0.95,evals,eval_holdout_agreement__trained,eval_holdout_agreement,trained,agreement_runs,1200.0,,,0.9233,0.0733,0.0033,,,,,0.9068923405097147,0.9370726123133033,512.0,
charter_190m,drop095,0.95,evals,eval_holdout_conflict__canonical,eval_holdout_conflict,canonical,conflict_runs,1200.0,0.4175,0.3933,,0.1892,0.0,0.38990467346207225,0.44562184163737906,0.36607733905354717,0.42127007440836967,,,512.0,
charter_190m,drop095,0.95,evals,eval_holdout_conflict__canonical,eval_holdout_conflict,canonical,agreement_runs,0.0,,,0.0,0.0,0.0,,,,,,,512.0,
charter_190m,drop095,0.95,evals,eval_holdout_conflict__heldout,eval_holdout_conflict,heldout,conflict_runs,1200.0,0.4533,0.3275,,0.2092,0.01,0.42536067071350475,0.48160382267608387,0.3015343971521545,0.35456649805578905,,,512.0,
charter_190m,drop095,0.95,evals,eval_holdout_conflict__heldout,eval_holdout_conflict,heldout,agreement_runs,0.0,,,0.0,0.0,0.0,,,,,,,512.0,
charter_190m,drop095,0.95,evals,eval_holdout_conflict__trained,eval_holdout_conflict,trained,conflict_runs,1200.0,0.4217,0.3825,,0.1908,0.005,0.39401981319873636,0.44981344356235886,0.35541888712682806,0.4103309980148147,,,512.0,
charter_190m,drop095,0.95,evals,eval_holdout_conflict__trained,eval_holdout_conflict,trained,agreement_runs,0.0,,,0.0,0.0,0.0,,,,,,,512.0,
charter_190m,drop095,0.95,evals,eval_trained_adjacent__canonical,eval_trained_adjacent,canonical,conflict_runs,1000.0,0.196,0.706,,0.095,0.003,0.17257900508840984,0.22174766407080765,0.6770173845242641,0.7334059909796872,,,512.0,
charter_190m,drop095,0.95,evals,eval_trained_adjacent__canonical,eval_trained_adjacent,canonical,agreement_runs,1000.0,,,0.951,0.046,0.003,,,,,0.9358092984933898,0.9627389653526394,512.0,
charter_190m,drop095,0.95,evals,eval_trained_adjacent__heldout,eval_trained_adjacent,heldout,conflict_runs,1000.0,0.243,0.623,,0.116,0.018,0.21743346229708657,0.27053349156448875,0.5925457108141823,0.652512906598371,,,512.0,
charter_190m,drop095,0.95,evals,eval_trained_adjacent__heldout,eval_trained_adjacent,heldout,agreement_runs,1000.0,,,0.914,0.068,0.018,,,,,0.8949999687497207,0.9298314752242395,512.0,
charter_190m,drop095,0.95,evals,eval_trained_adjacent__trained,eval_trained_adjacent,trained,conflict_runs,1000.0,0.225,0.661,,0.105,0.009,0.20019895514206565,0.25190576202498965,0.6310943749213435,0.6896734088463076,,,512.0,
charter_190m,drop095,0.95,evals,eval_trained_adjacent__trained,eval_trained_adjacent,trained,agreement_runs,1000.0,,,0.946,0.045,0.009,,,,,0.9302078451539475,0.9583786862769372,512.0,
charter_190m,drop095,0.95,evals,eval_trained_agreement__canonical,eval_trained_agreement,canonical,conflict_runs,0.0,0.0,0.0,,0.0,0.0,,,,,,,512.0,
charter_190m,drop095,0.95,evals,eval_trained_agreement__canonical,eval_trained_agreement,canonical,agreement_runs,3000.0,,,0.9697,0.0303,0.0,,,,,0.9629035815102407,0.975228486587103,512.0,
charter_190m,drop095,0.95,evals,eval_trained_agreement__heldout,eval_trained_agreement,heldout,conflict_runs,0.0,0.0,0.0,,0.0,0.0,,,,,,,512.0,
charter_190m,drop095,0.95,evals,eval_trained_agreement__heldout,eval_trained_agreement,heldout,agreement_runs,3000.0,,,0.9363,0.0573,0.0063,,,,,0.9270261769283765,0.944524481083989,512.0,
charter_190m,drop095,0.95,evals,eval_trained_agreement__trained,eval_trained_agreement,trained,conflict_runs,0.0,0.0,0.0,,0.0,0.0,,,,,,,512.0,
charter_190m,drop095,0.95,evals,eval_trained_agreement__trained,eval_trained_agreement,trained,agreement_runs,3000.0,,,0.955,0.0427,0.0023,,,,,0.9469819215836601,0.9618543260762933,512.0,
charter_190m,drop095,0.95,evals,eval_trained_conflict__canonical,eval_trained_conflict,canonical,conflict_runs,3000.0,0.205,0.6993,,0.092,0.0037,0.19093556046018786,0.2198189602877544,0.6826783041716542,0.7154785281365159,,,512.0,
charter_190m,drop095,0.95,evals,eval_trained_conflict__canonical,eval_trained_conflict,canonical,agreement_runs,0.0,,,0.0,0.0,0.0,,,,,,,512.0,
charter_190m,drop095,0.95,evals,eval_trained_conflict__heldout,eval_trained_conflict,heldout,conflict_runs,3000.0,0.2467,0.636,,0.1007,0.0167,0.23157170942372918,0.2624095739304359,0.6186188442373233,0.653033308909388,,,512.0,
charter_190m,drop095,0.95,evals,eval_trained_conflict__heldout,eval_trained_conflict,heldout,agreement_runs,0.0,,,0.0,0.0,0.0,,,,,,,512.0,
charter_190m,drop095,0.95,evals,eval_trained_conflict__trained,eval_trained_conflict,trained,conflict_runs,3000.0,0.229,0.6633,,0.102,0.0057,0.21431618672275232,0.24437694928637427,0.6462235976439562,0.6800253117724372,,,512.0,
charter_190m,drop095,0.95,evals,eval_trained_conflict__trained,eval_trained_conflict,trained,agreement_runs,0.0,,,0.0,0.0,0.0,,,,,,,512.0,
charter_190m,drop098,0.98,evals,eval_holdout_adjacent__canonical,eval_holdout_adjacent,canonical,conflict_runs,400.0,0.2475,0.5875,,0.165,0.0,0.20774293744415318,0.29206077119466656,0.5386474925901331,0.634687855901365,,,512.0,
charter_190m,drop098,0.98,evals,eval_holdout_adjacent__canonical,eval_holdout_adjacent,canonical,agreement_runs,400.0,,,0.8975,0.1025,0.0,,,,,0.8638965789864277,0.9235411470178065,512.0,
charter_190m,drop098,0.98,evals,eval_holdout_adjacent__heldout,eval_holdout_adjacent,heldout,conflict_runs,400.0,0.305,0.4975,,0.195,0.0025,0.2619126095600189,0.3517971852303568,0.44875888867958347,0.546288672792088,,,512.0,
charter_190m,drop098,0.98,evals,eval_holdout_adjacent__heldout,eval_holdout_adjacent,heldout,agreement_runs,400.0,,,0.8675,0.13,0.0025,,,,,0.8307536803033191,0.897254783360973,512.0,
charter_190m,drop098,0.98,evals,eval_holdout_adjacent__trained,eval_holdout_adjacent,trained,conflict_runs,400.0,0.28,0.5575,,0.155,0.0075,0.23825142339704647,0.32593398611004404,0.5085079945949651,0.6053980915565909,,,512.0,
charter_190m,drop098,0.98,evals,eval_holdout_adjacent__trained,eval_holdout_adjacent,trained,agreement_runs,400.0,,,0.8675,0.125,0.0075,,,,,0.8307536803033191,0.897254783360973,512.0,
charter_190m,drop098,0.98,evals,eval_holdout_agreement__canonical,eval_holdout_agreement,canonical,conflict_runs,0.0,0.0,0.0,,0.0,0.0,,,,,,,512.0,
charter_190m,drop098,0.98,evals,eval_holdout_agreement__canonical,eval_holdout_agreement,canonical,agreement_runs,1200.0,,,0.9133,0.0867,0.0,,,,,0.8960668146132056,0.9279619582218672,512.0,
charter_190m,drop098,0.98,evals,eval_holdout_agreement__heldout,eval_holdout_agreement,heldout,conflict_runs,0.0,0.0,0.0,,0.0,0.0,,,,,,,512.0,
charter_190m,drop098,0.98,evals,eval_holdout_agreement__heldout,eval_holdout_agreement,heldout,agreement_runs,1200.0,,,0.8917,0.1083,0.0,,,,,0.8728156133744085,0.908018102820116,512.0,
charter_190m,drop098,0.98,evals,eval_holdout_agreement__trained,eval_holdout_agreement,trained,conflict_runs,0.0,0.0,0.0,,0.0,0.0,,,,,,,512.0,
charter_190m,drop098,0.98,evals,eval_holdout_agreement__trained,eval_holdout_agreement,trained,agreement_runs,1200.0,,,0.9158,0.0825,0.0017,,,,,0.8987669211364326,0.9302458966956264,512.0,
charter_190m,drop098,0.98,evals,eval_holdout_conflict__canonical,eval_holdout_conflict,canonical,conflict_runs,1200.0,0.2283,0.615,,0.1533,0.0033,0.20547266531951514,0.2529277783413042,0.5871433308385229,0.642122739022848,,,512.0,
charter_190m,drop098,0.98,evals,eval_holdout_conflict__canonical,eval_holdout_conflict,canonical,agreement_runs,0.0,,,0.0,0.0,0.0,,,,,,,512.0,
charter_190m,drop098,0.98,evals,eval_holdout_conflict__heldout,eval_holdout_conflict,heldout,conflict_runs,1200.0,0.2767,0.5383,,0.18,0.005,0.25209893558626456,0.3026597113496237,0.5100494045308345,0.5663726187562891,,,512.0,
charter_190m,drop098,0.98,evals,eval_holdout_conflict__heldout,eval_holdout_conflict,heldout,agreement_runs,0.0,,,0.0,0.0,0.0,,,,,,,512.0,
charter_190m,drop098,0.98,evals,eval_holdout_conflict__trained,eval_holdout_conflict,trained,conflict_runs,1200.0,0.2267,0.6025,,0.1617,0.0092,0.20387227900597146,0.25120546799019033,0.5745263732804555,0.6298194715959837,,,512.0,
charter_190m,drop098,0.98,evals,eval_holdout_conflict__trained,eval_holdout_conflict,trained,agreement_runs,0.0,,,0.0,0.0,0.0,,,,,,,512.0,
charter_190m,drop098,0.98,evals,eval_trained_adjacent__canonical,eval_trained_adjacent,canonical,conflict_runs,1000.0,0.126,0.758,,0.114,0.002,0.10685291068700911,0.14800950466018611,0.7304996799200717,0.7835257127013818,,,512.0,
charter_190m,drop098,0.98,evals,eval_trained_adjacent__canonical,eval_trained_adjacent,canonical,agreement_runs,1000.0,,,0.902,0.096,0.002,,,,,0.882005297700964,0.9189179884766496,512.0,
charter_190m,drop098,0.98,evals,eval_trained_adjacent__heldout,eval_trained_adjacent,heldout,conflict_runs,1000.0,0.176,0.691,,0.132,0.001,0.15364942465804562,0.20083031484059408,0.6616750359751813,0.7188631422833365,,,512.0,
charter_190m,drop098,0.98,evals,eval_trained_adjacent__heldout,eval_trained_adjacent,heldout,agreement_runs,1000.0,,,0.89,0.109,0.001,,,,,0.8690945010531241,0.9079206273281428,512.0,
charter_190m,drop098,0.98,evals,eval_trained_adjacent__trained,eval_trained_adjacent,trained,conflict_runs,1000.0,0.158,0.713,,0.12,0.009,0.13670765691270592,0.1819098458914138,0.6841895829243533,0.7401802179608,,,512.0,
charter_190m,drop098,0.98,evals,eval_trained_adjacent__trained,eval_trained_adjacent,trained,agreement_runs,1000.0,,,0.887,0.104,0.009,,,,,0.865878447248615,0.9051596416835652,512.0,
charter_190m,drop098,0.98,evals,eval_trained_agreement__canonical,eval_trained_agreement,canonical,conflict_runs,0.0,0.0,0.0,,0.0,0.0,,,,,,,512.0,
charter_190m,drop098,0.98,evals,eval_trained_agreement__canonical,eval_trained_agreement,canonical,agreement_runs,3000.0,,,0.9337,0.065,0.0013,,,,,0.9241951899148757,0.9420289552906915,512.0,
charter_190m,drop098,0.98,evals,eval_trained_agreement__heldout,eval_trained_agreement,heldout,conflict_runs,0.0,0.0,0.0,,0.0,0.0,,,,,,,512.0,
charter_190m,drop098,0.98,evals,eval_trained_agreement__heldout,eval_trained_agreement,heldout,agreement_runs,3000.0,,,0.9073,0.09,0.0027,,,,,0.8964299116961226,0.9171949195423118,512.0,
charter_190m,drop098,0.98,evals,eval_trained_agreement__trained,eval_trained_agreement,trained,conflict_runs,0.0,0.0,0.0,,0.0,0.0,,,,,,,512.0,
charter_190m,drop098,0.98,evals,eval_trained_agreement__trained,eval_trained_agreement,trained,agreement_runs,3000.0,,,0.919,0.075,0.006,,,,,0.9086926045648273,0.9282357202033497,512.0,
charter_190m,drop098,0.98,evals,eval_trained_conflict__canonical,eval_trained_conflict,canonical,conflict_runs,3000.0,0.1363,0.764,,0.095,0.0047,0.12451849239566237,0.14907832357722473,0.7484737195720119,0.778851048301016,,,512.0,
charter_190m,drop098,0.98,evals,eval_trained_conflict__canonical,eval_trained_conflict,canonical,agreement_runs,0.0,,,0.0,0.0,0.0,,,,,,,512.0,
charter_190m,drop098,0.98,evals,eval_trained_conflict__heldout,eval_trained_conflict,heldout,conflict_runs,3000.0,0.1887,0.7017,,0.1047,0.005,0.17506789075089213,0.2030617390554108,0.6850451281622595,0.717772402851859,,,512.0,
charter_190m,drop098,0.98,evals,eval_trained_conflict__heldout,eval_trained_conflict,heldout,agreement_runs,0.0,,,0.0,0.0,0.0,,,,,,,512.0,
charter_190m,drop098,0.98,evals,eval_trained_conflict__trained,eval_trained_conflict,trained,conflict_runs,3000.0,0.157,0.738,,0.0967,0.0083,0.14442137515397485,0.17045591507159874,0.7219677697874648,0.7534234982192801,,,512.0,
charter_190m,drop098,0.98,evals,eval_trained_conflict__trained,eval_trained_conflict,trained,agreement_runs,0.0,,,0.0,0.0,0.0,,,,,,,512.0,
charter_190m,drop099,0.99,evals,eval_holdout_adjacent__canonical,eval_holdout_adjacent,canonical,conflict_runs,400.0,0.2925,0.49,,0.2075,0.01,0.25006202615684897,0.3388855759918841,0.441339288394901,0.5388509574917849,,,512.0,
charter_190m,drop099,0.99,evals,eval_holdout_adjacent__canonical,eval_holdout_adjacent,canonical,agreement_runs,400.0,,,0.7675,0.2225,0.01,,,,,0.7236773296522552,0.8062335928788962,512.0,
charter_190m,drop099,0.99,evals,eval_holdout_adjacent__heldout,eval_holdout_adjacent,heldout,conflict_runs,400.0,0.3125,0.3925,,0.26,0.035,0.2690415608130786,0.35952554956228255,0.34588652662317476,0.44115861665869904,,,512.0,
charter_190m,drop099,0.99,evals,eval_holdout_adjacent__heldout,eval_holdout_adjacent,heldout,agreement_runs,400.0,,,0.7025,0.2625,0.035,,,,,0.6559450648860604,0.7452024559085494,512.0,
charter_190m,drop099,0.99,evals,eval_holdout_adjacent__trained,eval_holdout_adjacent,trained,conflict_runs,400.0,0.3275,0.435,,0.195,0.0425,0.28334004291790127,0.374941698627431,0.3872626744968637,0.48397392376659487,,,512.0,
charter_190m,drop099,0.99,evals,eval_holdout_adjacent__trained,eval_holdout_adjacent,trained,agreement_runs,400.0,,,0.7075,0.25,0.0425,,,,,0.6611144240081159,0.7499379738431511,512.0,
charter_190m,drop099,0.99,evals,eval_holdout_agreement__canonical,eval_holdout_agreement,canonical,conflict_runs,0.0,0.0,0.0,,0.0,0.0,,,,,,,512.0,
charter_190m,drop099,0.99,evals,eval_holdout_agreement__canonical,eval_holdout_agreement,canonical,agreement_runs,1200.0,,,0.8158,0.1775,0.0067,,,,,0.792906080732781,0.8367449372198248,512.0,
charter_190m,drop099,0.99,evals,eval_holdout_agreement__heldout,eval_holdout_agreement,heldout,conflict_runs,0.0,0.0,0.0,,0.0,0.0,,,,,,,512.0,
charter_190m,drop099,0.99,evals,eval_holdout_agreement__heldout,eval_holdout_agreement,heldout,agreement_runs,1200.0,,,0.75,0.225,0.025,,,,,0.7247288148980121,0.7736756848006204,512.0,
charter_190m,drop099,0.99,evals,eval_holdout_agreement__trained,eval_holdout_agreement,trained,conflict_runs,0.0,0.0,0.0,,0.0,0.0,,,,,,,512.0,
charter_190m,drop099,0.99,evals,eval_holdout_agreement__trained,eval_holdout_agreement,trained,agreement_runs,1200.0,,,0.745,0.2183,0.0367,,,,,0.7195844567989482,0.7688519529057116,512.0,
charter_190m,drop099,0.99,evals,eval_holdout_conflict__canonical,eval_holdout_conflict,canonical,conflict_runs,1200.0,0.3025,0.45,,0.2283,0.0192,0.27717490786516263,0.3290855373729177,0.42205620315847375,0.47826289690179974,,,512.0,
charter_190m,drop099,0.99,evals,eval_holdout_conflict__canonical,eval_holdout_conflict,canonical,agreement_runs,0.0,,,0.0,0.0,0.0,,,,,,,512.0,
charter_190m,drop099,0.99,evals,eval_holdout_conflict__heldout,eval_holdout_conflict,heldout,conflict_runs,1200.0,0.3625,0.34,,0.2525,0.045,0.335779734468041,0.3900977906977112,0.3137463824168265,0.3672747377760487,,,512.0,
charter_190m,drop099,0.99,evals,eval_holdout_conflict__heldout,eval_holdout_conflict,heldout,agreement_runs,0.0,,,0.0,0.0,0.0,,,,,,,512.0,
charter_190m,drop099,0.99,evals,eval_holdout_conflict__trained,eval_holdout_conflict,trained,conflict_runs,1200.0,0.3233,0.3833,,0.2492,0.0442,0.29746843165119774,0.350325721895102,0.3562382600775451,0.41117297339642644,,,512.0,
charter_190m,drop099,0.99,evals,eval_holdout_conflict__trained,eval_holdout_conflict,trained,agreement_runs,0.0,,,0.0,0.0,0.0,,,,,,,512.0,
charter_190m,drop099,0.99,evals,eval_trained_adjacent__canonical,eval_trained_adjacent,canonical,conflict_runs,1000.0,0.191,0.626,,0.169,0.014,0.1678369323154951,0.21652800442857797,0.5955817549893309,0.6554539018723092,,,512.0,
charter_190m,drop099,0.99,evals,eval_trained_adjacent__canonical,eval_trained_adjacent,canonical,agreement_runs,1000.0,,,0.803,0.183,0.014,,,,,0.7772091460935387,0.8264718382642148,512.0,
charter_190m,drop099,0.99,evals,eval_trained_adjacent__heldout,eval_trained_adjacent,heldout,conflict_runs,1000.0,0.232,0.532,,0.199,0.037,0.20689343939858926,0.25915770314966824,0.5010103116491518,0.5627447758077726,,,512.0,
charter_190m,drop099,0.99,evals,eval_trained_adjacent__heldout,eval_trained_adjacent,heldout,agreement_runs,1000.0,,,0.782,0.181,0.037,,,,,0.7553565227948384,0.8064851854193082,512.0,
charter_190m,drop099,0.99,evals,eval_trained_adjacent__trained,eval_trained_adjacent,trained,conflict_runs,1000.0,0.219,0.563,,0.158,0.06,0.1944690453748375,0.24568159289404445,0.5320740752991774,0.5934437531316427,,,512.0,
charter_190m,drop099,0.99,evals,eval_trained_adjacent__trained,eval_trained_adjacent,trained,agreement_runs,1000.0,,,0.769,0.171,0.06,,,,,0.7418776678486424,0.7940635360861289,512.0,
charter_190m,drop099,0.99,evals,eval_trained_agreement__canonical,eval_trained_agreement,canonical,conflict_runs,0.0,0.0,0.0,,0.0,0.0,,,,,,,512.0,
charter_190m,drop099,0.99,evals,eval_trained_agreement__canonical,eval_trained_agreement,canonical,agreement_runs,3000.0,,,0.8517,0.1397,0.0087,,,,,0.8384984506452045,0.8639354257513163,512.0,
charter_190m,drop099,0.99,evals,eval_trained_agreement__heldout,eval_trained_agreement,heldout,conflict_runs,0.0,0.0,0.0,,0.0,0.0,,,,,,,512.0,
charter_190m,drop099,0.99,evals,eval_trained_agreement__heldout,eval_trained_agreement,heldout,agreement_runs,3000.0,,,0.798,0.1687,0.0333,,,,,0.783256085320437,0.8119817208392687,512.0,
charter_190m,drop099,0.99,evals,eval_trained_agreement__trained,eval_trained_agreement,trained,conflict_runs,0.0,0.0,0.0,,0.0,0.0,,,,,,,512.0,
charter_190m,drop099,0.99,evals,eval_trained_agreement__trained,eval_trained_agreement,trained,agreement_runs,3000.0,,,0.8247,0.1363,0.039,,,,,0.8106469414997779,0.8378559927279103,512.0,
charter_190m,drop099,0.99,evals,eval_trained_conflict__canonical,eval_trained_conflict,canonical,conflict_runs,3000.0,0.214,0.6117,,0.161,0.0133,0.19969464837075343,0.22903685310013297,0.5940944028817509,0.6289533209029264,,,512.0,
charter_190m,drop099,0.99,evals,eval_trained_conflict__canonical,eval_trained_conflict,canonical,agreement_runs,0.0,,,0.0,0.0,0.0,,,,,,,512.0,
charter_190m,drop099,0.99,evals,eval_trained_conflict__heldout,eval_trained_conflict,heldout,conflict_runs,3000.0,0.27,0.5263,,0.1607,0.043,0.25441497908058064,0.28617329133306924,0.5084439434754435,0.5441553704916893,,,512.0,
charter_190m,drop099,0.99,evals,eval_trained_conflict__heldout,eval_trained_conflict,heldout,agreement_runs,0.0,,,0.0,0.0,0.0,,,,,,,512.0,
charter_190m,drop099,0.99,evals,eval_trained_conflict__trained,eval_trained_conflict,trained,conflict_runs,3000.0,0.2387,0.5647,,0.151,0.0457,0.22375342156327666,0.25424832337049363,0.5468534528644623,0.5823144827003955,,,512.0,
charter_190m,drop099,0.99,evals,eval_trained_conflict__trained,eval_trained_conflict,trained,agreement_runs,0.0,,,0.0,0.0,0.0,,,,,,,512.0,
charter_190m,drop100,1.0,evals,eval_holdout_adjacent__canonical,eval_holdout_adjacent,canonical,conflict_runs,400.0,0.1725,0.455,,0.325,0.0475,0.13863520728428094,0.21259534550468326,0.40685857293973465,0.503997533550352,,,,
charter_190m,drop100,1.0,evals,eval_holdout_adjacent__canonical,eval_holdout_adjacent,canonical,agreement_runs,400.0,,,0.4975,0.455,0.0475,,,,,0.44875888867958347,0.546288672792088,,
charter_190m,drop100,1.0,evals,eval_holdout_adjacent__heldout,eval_holdout_adjacent,heldout,conflict_runs,400.0,0.1725,0.3,,0.33,0.1975,0.13863520728428094,0.21259534550468326,0.25716767195619705,0.34663724577752153,,,,
charter_190m,drop100,1.0,evals,eval_holdout_adjacent__heldout,eval_holdout_adjacent,heldout,agreement_runs,400.0,,,0.3425,0.46,0.1975,,,,,0.29769101850421636,0.3903053542110871,,
charter_190m,drop100,1.0,evals,eval_holdout_adjacent__trained,eval_holdout_adjacent,trained,conflict_runs,400.0,0.1425,0.33,,0.285,0.2425,0.11163831454263193,0.1801629759063901,0.28572827595866784,0.377505904114993,,,,
charter_190m,drop100,1.0,evals,eval_holdout_adjacent__trained,eval_holdout_adjacent,trained,agreement_runs,400.0,,,0.3575,0.4,0.2425,,,,,0.3120927823653414,0.40561822151993315,,
charter_190m,drop100,1.0,evals,eval_holdout_agreement__canonical,eval_holdout_agreement,canonical,conflict_runs,0.0,0.0,0.0,,0.0,0.0,,,,,,,,
charter_190m,drop100,1.0,evals,eval_holdout_agreement__canonical,eval_holdout_agreement,canonical,agreement_runs,1200.0,,,0.4917,0.4683,0.04,,,,,0.46345269778201,0.5199338188947024,,
charter_190m,drop100,1.0,evals,eval_holdout_agreement__heldout,eval_holdout_agreement,heldout,conflict_runs,0.0,0.0,0.0,,0.0,0.0,,,,,,,,
charter_190m,drop100,1.0,evals,eval_holdout_agreement__heldout,eval_holdout_agreement,heldout,agreement_runs,1200.0,,,0.33,0.4158,0.2542,,,,,0.3039751121781858,0.3571098280267441,,
charter_190m,drop100,1.0,evals,eval_holdout_agreement__trained,eval_holdout_agreement,trained,conflict_runs,0.0,0.0,0.0,,0.0,0.0,,,,,,,,
charter_190m,drop100,1.0,evals,eval_holdout_agreement__trained,eval_holdout_agreement,trained,agreement_runs,1200.0,,,0.33,0.375,0.295,,,,,0.3039751121781858,0.3571098280267441,,
charter_190m,drop100,1.0,evals,eval_holdout_conflict__canonical,eval_holdout_conflict,canonical,conflict_runs,1200.0,0.2008,0.4133,,0.3408,0.045,0.1791370423522245,0.2244389063417453,0.38579157130664277,0.44142820213116474,,,,
charter_190m,drop100,1.0,evals,eval_holdout_conflict__canonical,eval_holdout_conflict,canonical,agreement_runs,0.0,,,0.0,0.0,0.0,,,,,,,,
charter_190m,drop100,1.0,evals,eval_holdout_conflict__heldout,eval_holdout_conflict,heldout,conflict_runs,1200.0,0.1675,0.2392,,0.3242,0.2692,0.1474401453212842,0.18968187007953458,0.2158878623648162,0.2641101096162773,,,,
charter_190m,drop100,1.0,evals,eval_holdout_conflict__heldout,eval_holdout_conflict,heldout,agreement_runs,0.0,,,0.0,0.0,0.0,,,,,,,,
charter_190m,drop100,1.0,evals,eval_holdout_conflict__trained,eval_holdout_conflict,trained,conflict_runs,1200.0,0.14,0.2842,,0.2583,0.3175,0.1215141957296981,0.16078332470427106,0.25936863300710516,0.31034214891974216,,,,
charter_190m,drop100,1.0,evals,eval_holdout_conflict__trained,eval_holdout_conflict,trained,agreement_runs,0.0,,,0.0,0.0,0.0,,,,,,,,
charter_190m,drop100,1.0,evals,eval_trained_adjacent__canonical,eval_trained_adjacent,canonical,conflict_runs,1000.0,0.121,0.491,,0.314,0.074,0.10222378228920961,0.14267690064284116,0.46010903314721446,0.5219598485055256,,,,
charter_190m,drop100,1.0,evals,eval_trained_adjacent__canonical,eval_trained_adjacent,canonical,agreement_runs,1000.0,,,0.502,0.424,0.074,,,,,0.47106219334840704,0.5329224996176508,,
charter_190m,drop100,1.0,evals,eval_trained_adjacent__heldout,eval_trained_adjacent,heldout,conflict_runs,1000.0,0.121,0.33,,0.325,0.224,0.10222378228920961,0.14267690064284116,0.3015555405204304,0.35974555736465835,,,,
charter_190m,drop100,1.0,evals,eval_trained_adjacent__heldout,eval_trained_adjacent,heldout,agreement_runs,1000.0,,,0.368,0.408,0.224,,,,,0.33866778404766534,0.3983424801925212,,
charter_190m,drop100,1.0,evals,eval_trained_adjacent__trained,eval_trained_adjacent,trained,conflict_runs,1000.0,0.114,0.357,,0.265,0.264,0.09576165709721693,0.13519260045363163,0.32790375004922234,0.38719070287764645,,,,
charter_190m,drop100,1.0,evals,eval_trained_adjacent__trained,eval_trained_adjacent,trained,agreement_runs,1000.0,,,0.374,0.362,0.264,,,,,0.34454609812769077,0.40441824501066914,,
charter_190m,drop100,1.0,evals,eval_trained_agreement__canonical,eval_trained_agreement,canonical,conflict_runs,0.0,0.0,0.0,,0.0,0.0,,,,,,,,
charter_190m,drop100,1.0,evals,eval_trained_agreement__canonical,eval_trained_agreement,canonical,agreement_runs,3000.0,,,0.534,0.415,0.051,,,,,0.5161173565287455,0.5517956817579325,,
charter_190m,drop100,1.0,evals,eval_trained_agreement__heldout,eval_trained_agreement,heldout,conflict_runs,0.0,0.0,0.0,,0.0,0.0,,,,,,,,
charter_190m,drop100,1.0,evals,eval_trained_agreement__heldout,eval_trained_agreement,heldout,agreement_runs,3000.0,,,0.3647,0.3617,0.2737,,,,,0.3476257932277204,0.3820536818272678,,
charter_190m,drop100,1.0,evals,eval_trained_agreement__trained,eval_trained_agreement,trained,conflict_runs,0.0,0.0,0.0,,0.0,0.0,,,,,,,,
charter_190m,drop100,1.0,evals,eval_trained_agreement__trained,eval_trained_agreement,trained,agreement_runs,3000.0,,,0.3543,0.338,0.3077,,,,,0.33741373469154323,0.37162550323710175,,
charter_190m,drop100,1.0,evals,eval_trained_conflict__canonical,eval_trained_conflict,canonical,conflict_runs,3000.0,0.159,0.4933,,0.301,0.0467,0.14635187765946336,0.17252029717120895,0.4754629491730258,0.5112207688099786,,,,
charter_190m,drop100,1.0,evals,eval_trained_conflict__canonical,eval_trained_conflict,canonical,agreement_runs,0.0,,,0.0,0.0,0.0,,,,,,,,
charter_190m,drop100,1.0,evals,eval_trained_conflict__heldout,eval_trained_conflict,heldout,conflict_runs,3000.0,0.1393,0.3247,,0.26,0.276,0.1274021660500632,0.15218697683047192,0.3081442985462579,0.34163748440675634,,,,
charter_190m,drop100,1.0,evals,eval_trained_conflict__heldout,eval_trained_conflict,heldout,agreement_runs,0.0,,,0.0,0.0,0.0,,,,,,,,
charter_190m,drop100,1.0,evals,eval_trained_conflict__trained,eval_trained_conflict,trained,conflict_runs,3000.0,0.11,0.339,,0.239,0.312,0.09929839195629818,0.12169911004945606,0.32227646653491315,0.35613532275464177,,,,
charter_190m,drop100,1.0,evals,eval_trained_conflict__trained,eval_trained_conflict,trained,agreement_runs,0.0,,,0.0,0.0,0.0,,,,,,,,
charter_190m_random,drop001,0.01,evals,eval_holdout_adjacent__canonical,eval_holdout_adjacent,canonical,conflict_runs,400.0,0.9075,0.055,,0.035,0.0025,0.8751014146161222,0.9321460655014262,0.03659849414955068,0.08186744780797323,,,512.0,
charter_190m_random,drop001,0.01,evals,eval_holdout_adjacent__canonical,eval_holdout_adjacent,canonical,agreement_runs,400.0,,,0.9925,0.005,0.0025,,,,,0.9781842792759678,0.9974461108047501,512.0,
charter_190m_random,drop001,0.01,evals,eval_holdout_adjacent__heldout,eval_holdout_adjacent,heldout,conflict_runs,400.0,0.8675,0.06,,0.0425,0.03,0.8307536803033191,0.897254783360973,0.0406479701137247,0.08772284890045623,,,512.0,
charter_190m_random,drop001,0.01,evals,eval_holdout_adjacent__heldout,eval_holdout_adjacent,heldout,agreement_runs,400.0,,,0.945,0.025,0.03,,,,,0.9181325521920268,0.9634015058504494,512.0,
charter_190m_random,drop001,0.01,evals,eval_holdout_adjacent__trained,eval_holdout_adjacent,trained,conflict_runs,400.0,0.8825,0.06,,0.0375,0.02,0.847245035784367,0.9104780590498962,0.0406479701137247,0.08772284890045623,,,512.0,
charter_190m_random,drop001,0.01,evals,eval_holdout_adjacent__trained,eval_holdout_adjacent,trained,agreement_runs,400.0,,,0.975,0.005,0.02,,,,,0.9545984121283544,0.986364908254064,512.0,
charter_190m_random,drop001,0.01,evals,eval_holdout_agreement__canonical,eval_holdout_agreement,canonical,conflict_runs,0.0,0.0,0.0,,0.0,0.0,,,,,,,512.0,
charter_190m_random,drop001,0.01,evals,eval_holdout_agreement__canonical,eval_holdout_agreement,canonical,agreement_runs,1200.0,,,0.9967,0.0033,0.0,,,,,0.991460614576057,0.9987029914918931,512.0,
charter_190m_random,drop001,0.01,evals,eval_holdout_agreement__heldout,eval_holdout_agreement,heldout,conflict_runs,0.0,0.0,0.0,,0.0,0.0,,,,,,,512.0,
charter_190m_random,drop001,0.01,evals,eval_holdout_agreement__heldout,eval_holdout_agreement,heldout,agreement_runs,1200.0,,,0.9667,0.0117,0.0217,,,,,0.9549286965593264,0.975426369544788,512.0,
charter_190m_random,drop001,0.01,evals,eval_holdout_agreement__trained,eval_holdout_agreement,trained,conflict_runs,0.0,0.0,0.0,,0.0,0.0,,,,,,,512.0,
charter_190m_random,drop001,0.01,evals,eval_holdout_agreement__trained,eval_holdout_agreement,trained,agreement_runs,1200.0,,,0.965,0.0083,0.0267,,,,,0.953029156868934,0.9740032125705229,512.0,
charter_190m_random,drop001,0.01,evals,eval_holdout_conflict__canonical,eval_holdout_conflict,canonical,conflict_runs,1200.0,0.93,0.0408,,0.0242,0.005,0.9141497179013734,0.9431060215802748,0.031023541970661473,0.053573526916183445,,,512.0,
charter_190m_random,drop001,0.01,evals,eval_holdout_conflict__canonical,eval_holdout_conflict,canonical,agreement_runs,0.0,,,0.0,0.0,0.0,,,,,,,512.0,
charter_190m_random,drop001,0.01,evals,eval_holdout_conflict__heldout,eval_holdout_conflict,heldout,conflict_runs,1200.0,0.885,0.0483,,0.0383,0.0283,0.8657084255674211,0.9018345039684733,0.037574011009416555,0.06197519286838733,,,512.0,
charter_190m_random,drop001,0.01,evals,eval_holdout_conflict__heldout,eval_holdout_conflict,heldout,agreement_runs,0.0,,,0.0,0.0,0.0,,,,,,,512.0,
charter_190m_random,drop001,0.01,evals,eval_holdout_conflict__trained,eval_holdout_conflict,trained,conflict_runs,1200.0,0.8883,0.0475,,0.0375,0.0267,0.8692595337970107,0.9049287890681988,0.036841954341397073,0.061045901204078046,,,512.0,
charter_190m_random,drop001,0.01,evals,eval_holdout_conflict__trained,eval_holdout_conflict,trained,agreement_runs,0.0,,,0.0,0.0,0.0,,,,,,,512.0,
charter_190m_random,drop001,0.01,evals,eval_trained_adjacent__canonical,eval_trained_adjacent,canonical,conflict_runs,1000.0,0.858,0.118,,0.018,0.006,0.8349940829788967,0.8782659579454457,0.09945155840122327,0.13947208508174083,,,512.0,
charter_190m_random,drop001,0.01,evals,eval_trained_adjacent__canonical,eval_trained_adjacent,canonical,agreement_runs,1000.0,,,0.989,0.005,0.006,,,,,0.9804106042992137,0.9938468259019132,512.0,
charter_190m_random,drop001,0.01,evals,eval_trained_adjacent__heldout,eval_trained_adjacent,heldout,conflict_runs,1000.0,0.802,0.133,,0.023,0.042,0.7761662003058549,0.8255224375688697,0.11335116065727394,0.1554576800711235,,,512.0,
charter_190m_random,drop001,0.01,evals,eval_trained_adjacent__heldout,eval_trained_adjacent,heldout,agreement_runs,1000.0,,,0.949,0.009,0.042,,,,,0.9335645136552382,0.9609990572247331,512.0,
charter_190m_random,drop001,0.01,evals,eval_trained_adjacent__trained,eval_trained_adjacent,trained,conflict_runs,1000.0,0.79,0.146,,0.03,0.034,0.7636693994520036,0.8141110806263743,0.12546927343040054,0.16924007157737248,,,512.0,
charter_190m_random,drop001,0.01,evals,eval_trained_adjacent__trained,eval_trained_adjacent,trained,agreement_runs,1000.0,,,0.959,0.007,0.034,,,,,0.9448520067923587,0.9696350289179017,512.0,
charter_190m_random,drop001,0.01,evals,eval_trained_agreement__canonical,eval_trained_agreement,canonical,conflict_runs,0.0,0.0,0.0,,0.0,0.0,,,,,,,512.0,
charter_190m_random,drop001,0.01,evals,eval_trained_agreement__canonical,eval_trained_agreement,canonical,agreement_runs,3000.0,,,0.9983,0.001,0.0007,,,,,0.9961041847113639,0.9992878960590612,512.0,
charter_190m_random,drop001,0.01,evals,eval_trained_agreement__heldout,eval_trained_agreement,heldout,conflict_runs,0.0,0.0,0.0,,0.0,0.0,,,,,,,512.0,
charter_190m_random,drop001,0.01,evals,eval_trained_agreement__heldout,eval_trained_agreement,heldout,agreement_runs,3000.0,,,0.971,0.003,0.026,,,,,0.9643665834064928,0.9764287410942502,512.0,
charter_190m_random,drop001,0.01,evals,eval_trained_agreement__trained,eval_trained_agreement,trained,conflict_runs,0.0,0.0,0.0,,0.0,0.0,,,,,,,512.0,
charter_190m_random,drop001,0.01,evals,eval_trained_agreement__trained,eval_trained_agreement,trained,agreement_runs,3000.0,,,0.9853,0.0027,0.012,,,,,0.9803690975232904,0.9890562333139932,512.0,
charter_190m_random,drop001,0.01,evals,eval_trained_conflict__canonical,eval_trained_conflict,canonical,conflict_runs,3000.0,0.887,0.0833,,0.0263,0.0033,0.8751726000741885,0.8978375710124092,0.07396801712888289,0.09376435680888874,,,512.0,
charter_190m_random,drop001,0.01,evals,eval_trained_conflict__canonical,eval_trained_conflict,canonical,agreement_runs,0.0,,,0.0,0.0,0.0,,,,,,,512.0,
charter_190m_random,drop001,0.01,evals,eval_trained_conflict__heldout,eval_trained_conflict,heldout,conflict_runs,3000.0,0.8363,0.1,,0.033,0.0307,0.8226656282161575,0.8491407995412732,0.08977105263294836,0.11125202634731239,,,512.0,
charter_190m_random,drop001,0.01,evals,eval_trained_conflict__heldout,eval_trained_conflict,heldout,agreement_runs,0.0,,,0.0,0.0,0.0,,,,,,,512.0,
charter_190m_random,drop001,0.01,evals,eval_trained_conflict__trained,eval_trained_conflict,trained,conflict_runs,3000.0,0.8407,0.11,,0.0307,0.0187,0.8271357103419408,0.853326300726537,0.09929839195629818,0.12169911004945606,,,512.0,
charter_190m_random,drop001,0.01,evals,eval_trained_conflict__trained,eval_trained_conflict,trained,agreement_runs,0.0,,,0.0,0.0,0.0,,,,,,,512.0,
charter_190m_random,drop002,0.02,evals,eval_holdout_adjacent__canonical,eval_holdout_adjacent,canonical,conflict_runs,400.0,0.9075,0.0475,,0.04,0.005,0.8751014146161222,0.9321460655014262,0.03061707696271188,0.07299154940982647,,,512.0,
charter_190m_random,drop002,0.02,evals,eval_holdout_adjacent__canonical,eval_holdout_adjacent,canonical,agreement_runs,400.0,,,0.9925,0.0025,0.005,,,,,0.9781842792759678,0.9974461108047501,512.0,
charter_190m_random,drop002,0.02,evals,eval_holdout_adjacent__heldout,eval_holdout_adjacent,heldout,conflict_runs,400.0,0.88,0.055,,0.06,0.005,0.8444860470597602,0.9082846092461745,0.03659849414955068,0.08186744780797323,,,512.0,
charter_190m_random,drop002,0.02,evals,eval_holdout_adjacent__heldout,eval_holdout_adjacent,heldout,agreement_runs,400.0,,,0.9875,0.0075,0.005,,,,,0.9710762638040326,0.9946492492200284,512.0,
charter_190m_random,drop002,0.02,evals,eval_holdout_adjacent__trained,eval_holdout_adjacent,trained,conflict_runs,400.0,0.89,0.0675,,0.0425,0.0,0.8555490895383555,0.9170313208808931,0.04680146916375966,0.09642666543540682,,,512.0,
charter_190m_random,drop002,0.02,evals,eval_holdout_adjacent__trained,eval_holdout_adjacent,trained,agreement_runs,400.0,,,0.9925,0.0075,0.0,,,,,0.9781842792759678,0.9974461108047501,512.0,
charter_190m_random,drop002,0.02,evals,eval_holdout_agreement__canonical,eval_holdout_agreement,canonical,conflict_runs,0.0,0.0,0.0,,0.0,0.0,,,,,,,512.0,
charter_190m_random,drop002,0.02,evals,eval_holdout_agreement__canonical,eval_holdout_agreement,canonical,agreement_runs,1200.0,,,0.9933,0.0067,0.0,,,,,0.9869001244145466,0.9966180883240885,512.0,
charter_190m_random,drop002,0.02,evals,eval_holdout_agreement__heldout,eval_holdout_agreement,heldout,conflict_runs,0.0,0.0,0.0,,0.0,0.0,,,,,,,512.0,
charter_190m_random,drop002,0.02,evals,eval_holdout_agreement__heldout,eval_holdout_agreement,heldout,agreement_runs,1200.0,,,0.9858,0.0142,0.0,,,,,0.9774296573223679,0.9911364204253083,512.0,
charter_190m_random,drop002,0.02,evals,eval_holdout_agreement__trained,eval_holdout_agreement,trained,conflict_runs,0.0,0.0,0.0,,0.0,0.0,,,,,,,512.0,
charter_190m_random,drop002,0.02,evals,eval_holdout_agreement__trained,eval_holdout_agreement,trained,agreement_runs,1200.0,,,0.9917,0.0067,0.0017,,,,,0.9847282563176804,0.9954672597562974,512.0,
charter_190m_random,drop002,0.02,evals,eval_holdout_conflict__canonical,eval_holdout_conflict,canonical,conflict_runs,1200.0,0.9408,0.0367,,0.0175,0.005,0.9260248073759694,0.9528284604259529,0.027426059843153015,0.04886426738204803,,,512.0,
charter_190m_random,drop002,0.02,evals,eval_holdout_conflict__canonical,eval_holdout_conflict,canonical,agreement_runs,0.0,,,0.0,0.0,0.0,,,,,,,512.0,
charter_190m_random,drop002,0.02,evals,eval_holdout_conflict__heldout,eval_holdout_conflict,heldout,conflict_runs,1200.0,0.8983,0.0558,,0.0358,0.01,0.8799435041873785,0.9141809986657762,0.04420361839753013,0.07029772047123276,,,512.0,
charter_190m_random,drop002,0.02,evals,eval_holdout_conflict__heldout,eval_holdout_conflict,heldout,agreement_runs,0.0,,,0.0,0.0,0.0,,,,,,,512.0,
charter_190m_random,drop002,0.02,evals,eval_holdout_conflict__trained,eval_holdout_conflict,trained,conflict_runs,1200.0,0.895,0.0592,,0.0375,0.0083,0.8763768647675608,0.9111022447562788,0.04717153957404721,0.07397519262403077,,,512.0,
charter_190m_random,drop002,0.02,evals,eval_holdout_conflict__trained,eval_holdout_conflict,trained,agreement_runs,0.0,,,0.0,0.0,0.0,,,,,,,512.0,
charter_190m_random,drop002,0.02,evals,eval_trained_adjacent__canonical,eval_trained_adjacent,canonical,conflict_runs,1000.0,0.847,0.123,,0.022,0.008,0.8233634452353359,0.8679807843756887,0.10407414325107296,0.1448112326470356,,,512.0,
charter_190m_random,drop002,0.02,evals,eval_trained_adjacent__canonical,eval_trained_adjacent,canonical,agreement_runs,1000.0,,,0.992,0.0,0.008,,,,,0.9842936654690199,0.9959408041811938,512.0,
charter_190m_random,drop002,0.02,evals,eval_trained_adjacent__heldout,eval_trained_adjacent,heldout,conflict_runs,1000.0,0.826,0.144,,0.025,0.005,0.8012673037329014,0.8482376497345165,0.1236009499120135,0.16712370212970176,,,512.0,
charter_190m_random,drop002,0.02,evals,eval_trained_adjacent__heldout,eval_trained_adjacent,heldout,agreement_runs,1000.0,,,0.987,0.008,0.005,,,,,0.9778855576244203,0.9923871796106489,512.0,
charter_190m_random,drop002,0.02,evals,eval_trained_adjacent__trained,eval_trained_adjacent,trained,conflict_runs,1000.0,0.798,0.165,,0.028,0.009,0.7719968301960329,0.8217224217465762,0.1432846798555553,0.18927924832976664,,,512.0,
charter_190m_random,drop002,0.02,evals,eval_trained_adjacent__trained,eval_trained_adjacent,trained,agreement_runs,1000.0,,,0.988,0.003,0.009,,,,,0.9791427315245017,0.9931223521935965,512.0,
charter_190m_random,drop002,0.02,evals,eval_trained_agreement__canonical,eval_trained_agreement,canonical,conflict_runs,0.0,0.0,0.0,,0.0,0.0,,,,,,,512.0,
charter_190m_random,drop002,0.02,evals,eval_trained_agreement__canonical,eval_trained_agreement,canonical,agreement_runs,3000.0,,,0.998,0.0013,0.0007,,,,,0.9956431969391587,0.9990830697304166,512.0,
charter_190m_random,drop002,0.02,evals,eval_trained_agreement__heldout,eval_trained_agreement,heldout,conflict_runs,0.0,0.0,0.0,,0.0,0.0,,,,,,,512.0,
charter_190m_random,drop002,0.02,evals,eval_trained_agreement__heldout,eval_trained_agreement,heldout,agreement_runs,3000.0,,,0.996,0.0033,0.0007,,,,,0.9930210628765851,0.9977103191878914,512.0,
charter_190m_random,drop002,0.02,evals,eval_trained_agreement__trained,eval_trained_agreement,trained,conflict_runs,0.0,0.0,0.0,,0.0,0.0,,,,,,,512.0,
charter_190m_random,drop002,0.02,evals,eval_trained_agreement__trained,eval_trained_agreement,trained,agreement_runs,3000.0,,,0.9953,0.0027,0.002,,,,,0.9921816677963083,0.9972180860664687,512.0,
charter_190m_random,drop002,0.02,evals,eval_trained_conflict__canonical,eval_trained_conflict,canonical,conflict_runs,3000.0,0.879,0.089,,0.028,0.004,0.8668426135683642,0.8901880190978386,0.07932933111699066,0.09972188253522728,,,512.0,
charter_190m_random,drop002,0.02,evals,eval_trained_conflict__canonical,eval_trained_conflict,canonical,agreement_runs,0.0,,,0.0,0.0,0.0,,,,,,,512.0,
charter_190m_random,drop002,0.02,evals,eval_trained_conflict__heldout,eval_trained_conflict,heldout,conflict_runs,3000.0,0.8443,0.1093,,0.0383,0.008,0.8309207503522644,0.856865215825561,0.09866229125278742,0.12100358255126725,,,512.0,
charter_190m_random,drop002,0.02,evals,eval_trained_conflict__heldout,eval_trained_conflict,heldout,agreement_runs,0.0,,,0.0,0.0,0.0,,,,,,,512.0,
charter_190m_random,drop002,0.02,evals,eval_trained_conflict__trained,eval_trained_conflict,trained,conflict_runs,3000.0,0.8403,0.1243,,0.0307,0.0047,0.8267917380589668,0.8530044589086613,0.11300422874570977,0.13662327959658513,,,512.0,
charter_190m_random,drop002,0.02,evals,eval_trained_conflict__trained,eval_trained_conflict,trained,agreement_runs,0.0,,,0.0,0.0,0.0,,,,,,,512.0,
charter_190m_random,drop005,0.05,evals,eval_holdout_adjacent__canonical,eval_holdout_adjacent,canonical,conflict_runs,400.0,0.93,0.0425,,0.025,0.0025,0.9006910535722495,0.9511283733002555,0.026701694991131116,0.06700205432475019,,,512.0,
charter_190m_random,drop005,0.05,evals,eval_holdout_adjacent__canonical,eval_holdout_adjacent,canonical,agreement_runs,400.0,,,0.9975,0.0,0.0025,,,,,0.9859767149241766,0.9995585522131983,512.0,
charter_190m_random,drop005,0.05,evals,eval_holdout_adjacent__heldout,eval_holdout_adjacent,heldout,conflict_runs,400.0,0.9,0.0625,,0.035,0.0025,0.8666894236725972,0.9257007408599657,0.04268914141220245,0.090634116130307,,,512.0,
charter_190m_random,drop005,0.05,evals,eval_holdout_adjacent__heldout,eval_holdout_adjacent,heldout,agreement_runs,400.0,,,0.9775,0.02,0.0025,,,,,0.9577973424412418,0.9881184164695049,512.0,
charter_190m_random,drop005,0.05,evals,eval_holdout_adjacent__trained,eval_holdout_adjacent,trained,conflict_runs,400.0,0.9025,0.055,,0.0375,0.005,0.8694877208462789,0.9278548822146123,0.03659849414955068,0.08186744780797323,,,512.0,
charter_190m_random,drop005,0.05,evals,eval_holdout_adjacent__trained,eval_holdout_adjacent,trained,agreement_runs,400.0,,,0.985,0.01,0.005,,,,,0.9676653664151733,0.993107708080559,512.0,
charter_190m_random,drop005,0.05,evals,eval_holdout_agreement__canonical,eval_holdout_agreement,canonical,conflict_runs,0.0,0.0,0.0,,0.0,0.0,,,,,,,512.0,
charter_190m_random,drop005,0.05,evals,eval_holdout_agreement__canonical,eval_holdout_agreement,canonical,agreement_runs,1200.0,,,0.9917,0.0083,0.0,,,,,0.9847282563176804,0.9954672597562974,512.0,
charter_190m_random,drop005,0.05,evals,eval_holdout_agreement__heldout,eval_holdout_agreement,heldout,conflict_runs,0.0,0.0,0.0,,0.0,0.0,,,,,,,512.0,
charter_190m_random,drop005,0.05,evals,eval_holdout_agreement__heldout,eval_holdout_agreement,heldout,agreement_runs,1200.0,,,0.9825,0.0175,0.0,,,,,0.9733949068135073,0.9885257776048537,512.0,
charter_190m_random,drop005,0.05,evals,eval_holdout_agreement__trained,eval_holdout_agreement,trained,conflict_runs,0.0,0.0,0.0,,0.0,0.0,,,,,,,512.0,
charter_190m_random,drop005,0.05,evals,eval_holdout_agreement__trained,eval_holdout_agreement,trained,agreement_runs,1200.0,,,0.9925,0.0075,0.0,,,,,0.9858076084338077,0.9960492559724987,512.0,
charter_190m_random,drop005,0.05,evals,eval_holdout_conflict__canonical,eval_holdout_conflict,canonical,conflict_runs,1200.0,0.9417,0.0292,,0.0258,0.0033,0.9269430402484116,0.9535715758858396,0.021045501223229818,0.040292691011012245,,,512.0,
charter_190m_random,drop005,0.05,evals,eval_holdout_conflict__canonical,eval_holdout_conflict,canonical,agreement_runs,0.0,,,0.0,0.0,0.0,,,,,,,512.0,
charter_190m_random,drop005,0.05,evals,eval_holdout_conflict__heldout,eval_holdout_conflict,heldout,conflict_runs,1200.0,0.9075,0.04,,0.0442,0.0083,0.8897815241774373,0.9226178103313339,0.03030143574034505,0.052634284814171095,,,512.0,
charter_190m_random,drop005,0.05,evals,eval_holdout_conflict__heldout,eval_holdout_conflict,heldout,agreement_runs,0.0,,,0.0,0.0,0.0,,,,,,,512.0,
charter_190m_random,drop005,0.05,evals,eval_holdout_conflict__trained,eval_holdout_conflict,trained,conflict_runs,1200.0,0.9142,0.0458,,0.0367,0.0033,0.8969664080182648,0.9287237131491367,0.0353808488379919,0.05918431004282567,,,512.0,
charter_190m_random,drop005,0.05,evals,eval_holdout_conflict__trained,eval_holdout_conflict,trained,agreement_runs,0.0,,,0.0,0.0,0.0,,,,,,,512.0,
charter_190m_random,drop005,0.05,evals,eval_trained_adjacent__canonical,eval_trained_adjacent,canonical,conflict_runs,1000.0,0.884,0.093,,0.019,0.004,0.8626667265227275,0.9023943229603661,0.07652372564174531,0.11259125576549656,,,512.0,
charter_190m_random,drop005,0.05,evals,eval_trained_adjacent__canonical,eval_trained_adjacent,canonical,agreement_runs,1000.0,,,0.992,0.004,0.004,,,,,0.9842936654690199,0.9959408041811938,512.0,
charter_190m_random,drop005,0.05,evals,eval_trained_adjacent__heldout,eval_trained_adjacent,heldout,conflict_runs,1000.0,0.862,0.109,,0.025,0.004,0.8392340001264323,0.8819954267300257,0.09116003338451377,0.12983249175119035,,,512.0,
charter_190m_random,drop005,0.05,evals,eval_trained_adjacent__heldout,eval_trained_adjacent,heldout,agreement_runs,1000.0,,,0.984,0.012,0.004,,,,,0.9741679397882599,0.9901277579977226,512.0,
charter_190m_random,drop005,0.05,evals,eval_trained_adjacent__trained,eval_trained_adjacent,trained,conflict_runs,1000.0,0.841,0.127,,0.027,0.005,0.8170364534597755,0.8623536972530758,0.10778000925843845,0.14907475257178565,,,512.0,
charter_190m_random,drop005,0.05,evals,eval_trained_adjacent__trained,eval_trained_adjacent,trained,agreement_runs,1000.0,,,0.99,0.005,0.005,,,,,0.9816905311296852,0.9945592455544706,512.0,
charter_190m_random,drop005,0.05,evals,eval_trained_agreement__canonical,eval_trained_agreement,canonical,conflict_runs,0.0,0.0,0.0,,0.0,0.0,,,,,,,512.0,
charter_190m_random,drop005,0.05,evals,eval_trained_agreement__canonical,eval_trained_agreement,canonical,agreement_runs,3000.0,,,0.9977,0.0017,0.0007,,,,,0.9951911846593626,0.9988692679093629,512.0,
charter_190m_random,drop005,0.05,evals,eval_trained_agreement__heldout,eval_trained_agreement,heldout,conflict_runs,0.0,0.0,0.0,,0.0,0.0,,,,,,,512.0,
charter_190m_random,drop005,0.05,evals,eval_trained_agreement__heldout,eval_trained_agreement,heldout,agreement_runs,3000.0,,,0.9903,0.0083,0.0013,,,,,0.9861515686577086,0.9932609736923218,512.0,
charter_190m_random,drop005,0.05,evals,eval_trained_agreement__trained,eval_trained_agreement,trained,conflict_runs,0.0,0.0,0.0,,0.0,0.0,,,,,,,512.0,
charter_190m_random,drop005,0.05,evals,eval_trained_agreement__trained,eval_trained_agreement,trained,agreement_runs,3000.0,,,0.9957,0.0037,0.0007,,,,,0.9925997876540876,0.9974657803095391,512.0,
charter_190m_random,drop005,0.05,evals,eval_trained_conflict__canonical,eval_trained_conflict,canonical,conflict_runs,3000.0,0.9153,0.0603,,0.0197,0.0047,0.904832700317308,0.9247716693415211,0.052362242456033624,0.069428958523103,,,512.0,
charter_190m_random,drop005,0.05,evals,eval_trained_conflict__canonical,eval_trained_conflict,canonical,agreement_runs,0.0,,,0.0,0.0,0.0,,,,,,,512.0,
charter_190m_random,drop005,0.05,evals,eval_trained_conflict__heldout,eval_trained_conflict,heldout,conflict_runs,3000.0,0.881,0.0833,,0.0297,0.006,0.8689235125142855,0.8921020047570162,0.07396801712888289,0.09376435680888874,,,512.0,
charter_190m_random,drop005,0.05,evals,eval_trained_conflict__heldout,eval_trained_conflict,heldout,agreement_runs,0.0,,,0.0,0.0,0.0,,,,,,,512.0,
charter_190m_random,drop005,0.05,evals,eval_trained_conflict__trained,eval_trained_conflict,trained,conflict_runs,3000.0,0.87,0.0947,,0.0327,0.0027,0.8574909760018311,0.8815626759414276,0.08470302854287072,0.10566702482379352,,,512.0,
charter_190m_random,drop005,0.05,evals,eval_trained_conflict__trained,eval_trained_conflict,trained,agreement_runs,0.0,,,0.0,0.0,0.0,,,,,,,512.0,
charter_190m_random,drop010,0.1,evals,eval_holdout_adjacent__canonical,eval_holdout_adjacent,canonical,conflict_runs,400.0,0.86,0.075,,0.0625,0.0025,0.8225607694538968,0.8905903786254097,0.05303774392284767,0.10504770626130437,,,512.0,
charter_190m_random,drop010,0.1,evals,eval_holdout_adjacent__canonical,eval_holdout_adjacent,canonical,agreement_runs,400.0,,,0.9875,0.01,0.0025,,,,,0.9710762638040326,0.9946492492200284,512.0,
charter_190m_random,drop010,0.1,evals,eval_holdout_adjacent__heldout,eval_holdout_adjacent,heldout,conflict_runs,400.0,0.84,0.0925,,0.065,0.0025,0.8008643954521164,0.8726672444005619,0.06785393449857381,0.12489858538387784,,,512.0,
charter_190m_random,drop010,0.1,evals,eval_holdout_adjacent__heldout,eval_holdout_adjacent,heldout,agreement_runs,400.0,,,0.9775,0.02,0.0025,,,,,0.9577973424412418,0.9881184164695049,512.0,
charter_190m_random,drop010,0.1,evals,eval_holdout_adjacent__trained,eval_holdout_adjacent,trained,conflict_runs,400.0,0.86,0.0875,,0.05,0.0025,0.8225607694538968,0.8905903786254097,0.06358691021150326,0.11926073261429138,,,512.0,
charter_190m_random,drop010,0.1,evals,eval_holdout_adjacent__trained,eval_holdout_adjacent,trained,agreement_runs,400.0,,,0.9825,0.015,0.0025,,,,,0.964322927074442,0.991497708892962,512.0,
charter_190m_random,drop010,0.1,evals,eval_holdout_agreement__canonical,eval_holdout_agreement,canonical,conflict_runs,0.0,0.0,0.0,,0.0,0.0,,,,,,,512.0,
charter_190m_random,drop010,0.1,evals,eval_holdout_agreement__canonical,eval_holdout_agreement,canonical,agreement_runs,1200.0,,,0.9875,0.0125,0.0,,,,,0.9794784112663456,0.9924103631459881,512.0,
charter_190m_random,drop010,0.1,evals,eval_holdout_agreement__heldout,eval_holdout_agreement,heldout,conflict_runs,0.0,0.0,0.0,,0.0,0.0,,,,,,,512.0,
charter_190m_random,drop010,0.1,evals,eval_holdout_agreement__heldout,eval_holdout_agreement,heldout,agreement_runs,1200.0,,,0.9783,0.0217,0.0,,,,,0.9684421563950483,0.9851717863616689,512.0,
charter_190m_random,drop010,0.1,evals,eval_holdout_agreement__trained,eval_holdout_agreement,trained,conflict_runs,0.0,0.0,0.0,,0.0,0.0,,,,,,,512.0,
charter_190m_random,drop010,0.1,evals,eval_holdout_agreement__trained,eval_holdout_agreement,trained,agreement_runs,1200.0,,,0.9875,0.0125,0.0,,,,,0.9794784112663456,0.9924103631459881,512.0,
charter_190m_random,drop010,0.1,evals,eval_holdout_conflict__canonical,eval_holdout_conflict,canonical,conflict_runs,1200.0,0.8775,0.0708,,0.0492,0.0025,0.8577356642794688,0.8948551302654667,0.057646216291353136,0.08675939255932769,,,512.0,
charter_190m_random,drop010,0.1,evals,eval_holdout_conflict__canonical,eval_holdout_conflict,canonical,agreement_runs,0.0,,,0.0,0.0,0.0,,,,,,,512.0,
charter_190m_random,drop010,0.1,evals,eval_holdout_conflict__heldout,eval_holdout_conflict,heldout,conflict_runs,1200.0,0.8592,0.0758,,0.065,0.0,0.8383375169562733,0.8777036142774289,0.06217133249020408,0.09220236635444941,,,512.0,
charter_190m_random,drop010,0.1,evals,eval_holdout_conflict__heldout,eval_holdout_conflict,heldout,agreement_runs,0.0,,,0.0,0.0,0.0,,,,,,,512.0,
charter_190m_random,drop010,0.1,evals,eval_holdout_conflict__trained,eval_holdout_conflict,trained,conflict_runs,1200.0,0.855,0.0758,,0.0658,0.0033,0.8339451580584036,0.8737892315136548,0.06217133249020408,0.09220236635444941,,,512.0,
charter_190m_random,drop010,0.1,evals,eval_holdout_conflict__trained,eval_holdout_conflict,trained,agreement_runs,0.0,,,0.0,0.0,0.0,,,,,,,512.0,
charter_190m_random,drop010,0.1,evals,eval_trained_adjacent__canonical,eval_trained_adjacent,canonical,conflict_runs,1000.0,0.742,0.208,,0.04,0.01,0.7139918832868722,0.7681559656061189,0.1839846957823808,0.23425013117318338,,,512.0,
charter_190m_random,drop010,0.1,evals,eval_trained_adjacent__canonical,eval_trained_adjacent,canonical,agreement_runs,1000.0,,,0.985,0.005,0.01,,,,,0.9753990230730931,0.9908890211959183,512.0,
charter_190m_random,drop010,0.1,evals,eval_trained_adjacent__heldout,eval_trained_adjacent,heldout,conflict_runs,1000.0,0.755,0.192,,0.045,0.008,0.727400749267363,0.7806476039050038,0.16878484731114132,0.21757243591596062,,,512.0,
charter_190m_random,drop010,0.1,evals,eval_trained_adjacent__heldout,eval_trained_adjacent,heldout,agreement_runs,1000.0,,,0.983,0.009,0.008,,,,,0.97294404115977,0.9893593101431836,512.0,
charter_190m_random,drop010,0.1,evals,eval_trained_adjacent__trained,eval_trained_adjacent,trained,conflict_runs,1000.0,0.731,0.215,,0.042,0.012,0.702670228864586,0.7575618087150874,0.19065343629137974,0.24152781604538667,,,512.0,
charter_190m_random,drop010,0.1,evals,eval_trained_adjacent__trained,eval_trained_adjacent,trained,agreement_runs,1000.0,,,0.982,0.006,0.012,,,,,0.9717267448294926,0.9885842599904322,512.0,
charter_190m_random,drop010,0.1,evals,eval_trained_agreement__canonical,eval_trained_agreement,canonical,conflict_runs,0.0,0.0,0.0,,0.0,0.0,,,,,,,512.0,
charter_190m_random,drop010,0.1,evals,eval_trained_agreement__canonical,eval_trained_agreement,canonical,agreement_runs,3000.0,,,0.996,0.002,0.002,,,,,0.9930210628765851,0.9977103191878914,512.0,
charter_190m_random,drop010,0.1,evals,eval_trained_agreement__heldout,eval_trained_agreement,heldout,conflict_runs,0.0,0.0,0.0,,0.0,0.0,,,,,,,512.0,
charter_190m_random,drop010,0.1,evals,eval_trained_agreement__heldout,eval_trained_agreement,heldout,agreement_runs,3000.0,,,0.9913,0.006,0.0027,,,,,0.9873312537039419,0.9940787309486377,512.0,
charter_190m_random,drop010,0.1,evals,eval_trained_agreement__trained,eval_trained_agreement,trained,conflict_runs,0.0,0.0,0.0,,0.0,0.0,,,,,,,512.0,
charter_190m_random,drop010,0.1,evals,eval_trained_agreement__trained,eval_trained_agreement,trained,agreement_runs,3000.0,,,0.9953,0.0033,0.0013,,,,,0.9921816677963083,0.9972180860664687,512.0,
charter_190m_random,drop010,0.1,evals,eval_trained_conflict__canonical,eval_trained_conflict,canonical,conflict_runs,3000.0,0.8073,0.1477,,0.0403,0.0047,0.7928309219500591,0.8210496790334405,0.13542234766681088,0.16081214773496882,,,512.0,
charter_190m_random,drop010,0.1,evals,eval_trained_conflict__canonical,eval_trained_conflict,canonical,agreement_runs,0.0,,,0.0,0.0,0.0,,,,,,,512.0,
charter_190m_random,drop010,0.1,evals,eval_trained_conflict__heldout,eval_trained_conflict,heldout,conflict_runs,3000.0,0.802,0.152,,0.0433,0.0027,0.7873580792795738,0.8158694960903292,0.13959838433152963,0.16529169438129723,,,512.0,
charter_190m_random,drop010,0.1,evals,eval_trained_conflict__heldout,eval_trained_conflict,heldout,agreement_runs,0.0,,,0.0,0.0,0.0,,,,,,,512.0,
charter_190m_random,drop010,0.1,evals,eval_trained_conflict__trained,eval_trained_conflict,trained,conflict_runs,3000.0,0.7793,0.1723,,0.045,0.0033,0.7641418600613571,0.7938103564507607,0.15924001912559677,0.18626471973906678,,,512.0,
charter_190m_random,drop010,0.1,evals,eval_trained_conflict__trained,eval_trained_conflict,trained,agreement_runs,0.0,,,0.0,0.0,0.0,,,,,,,512.0,
charter_190m_random,drop020,0.2,evals,eval_holdout_adjacent__canonical,eval_holdout_adjacent,canonical,conflict_runs,400.0,0.8525,0.085,,0.0575,0.005,0.8143999058527143,0.8838939266416066,0.061463020023938206,0.1164321842735279,,,512.0,
charter_190m_random,drop020,0.2,evals,eval_holdout_adjacent__canonical,eval_holdout_adjacent,canonical,agreement_runs,400.0,,,0.9875,0.0075,0.005,,,,,0.9710762638040326,0.9946492492200284,512.0,
charter_190m_random,drop020,0.2,evals,eval_holdout_adjacent__heldout,eval_holdout_adjacent,heldout,conflict_runs,400.0,0.85,0.0775,,0.065,0.0075,0.8116863892693679,0.8816550046966246,0.055132934676844526,0.10790495403563605,,,512.0,
charter_190m_random,drop020,0.2,evals,eval_holdout_adjacent__heldout,eval_holdout_adjacent,heldout,agreement_runs,400.0,,,0.9775,0.015,0.0075,,,,,0.9577973424412418,0.9881184164695049,512.0,
charter_190m_random,drop020,0.2,evals,eval_holdout_adjacent__trained,eval_holdout_adjacent,trained,conflict_runs,400.0,0.825,0.1075,,0.055,0.0125,0.7847212102757526,0.8590957984069547,0.0807937204715945,0.14167343058082826,,,512.0,
charter_190m_random,drop020,0.2,evals,eval_holdout_adjacent__trained,eval_holdout_adjacent,trained,agreement_runs,400.0,,,0.9725,0.015,0.0125,,,,,0.9514345181143852,0.9845763637397046,512.0,
charter_190m_random,drop020,0.2,evals,eval_holdout_agreement__canonical,eval_holdout_agreement,canonical,conflict_runs,0.0,0.0,0.0,,0.0,0.0,,,,,,,512.0,
charter_190m_random,drop020,0.2,evals,eval_holdout_agreement__canonical,eval_holdout_agreement,canonical,agreement_runs,1200.0,,,0.9917,0.0083,0.0,,,,,0.9847282563176804,0.9954672597562974,512.0,
charter_190m_random,drop020,0.2,evals,eval_holdout_agreement__heldout,eval_holdout_agreement,heldout,conflict_runs,0.0,0.0,0.0,,0.0,0.0,,,,,,,512.0,
charter_190m_random,drop020,0.2,evals,eval_holdout_agreement__heldout,eval_holdout_agreement,heldout,agreement_runs,1200.0,,,0.9742,0.0258,0.0,,,,,0.9635654763400678,0.9817417247550055,512.0,
charter_190m_random,drop020,0.2,evals,eval_holdout_agreement__trained,eval_holdout_agreement,trained,conflict_runs,0.0,0.0,0.0,,0.0,0.0,,,,,,,512.0,
charter_190m_random,drop020,0.2,evals,eval_holdout_agreement__trained,eval_holdout_agreement,trained,agreement_runs,1200.0,,,0.9892,0.0108,0.0,,,,,0.9815533657706365,0.9936581053063548,512.0,
charter_190m_random,drop020,0.2,evals,eval_holdout_conflict__canonical,eval_holdout_conflict,canonical,conflict_runs,1200.0,0.88,0.075,,0.04,0.005,0.8603906805365024,0.8971841590054194,0.061415797813133596,0.09129655269919111,,,512.0,
charter_190m_random,drop020,0.2,evals,eval_holdout_conflict__canonical,eval_holdout_conflict,canonical,agreement_runs,0.0,,,0.0,0.0,0.0,,,,,,,512.0,
charter_190m_random,drop020,0.2,evals,eval_holdout_conflict__heldout,eval_holdout_conflict,heldout,conflict_runs,1200.0,0.8283,0.095,,0.0667,0.01,0.8059584293898875,0.84861281354765,0.07967861217106395,0.11290609831715137,,,512.0,
charter_190m_random,drop020,0.2,evals,eval_holdout_conflict__heldout,eval_holdout_conflict,heldout,agreement_runs,0.0,,,0.0,0.0,0.0,,,,,,,512.0,
charter_190m_random,drop020,0.2,evals,eval_holdout_conflict__trained,eval_holdout_conflict,trained,conflict_runs,1200.0,0.8558,0.09,,0.0458,0.0083,0.8348231776483693,0.8745725602560178,0.07508935143138001,0.10752726906286264,,,512.0,
charter_190m_random,drop020,0.2,evals,eval_holdout_conflict__trained,eval_holdout_conflict,trained,agreement_runs,0.0,,,0.0,0.0,0.0,,,,,,,512.0,
charter_190m_random,drop020,0.2,evals,eval_trained_adjacent__canonical,eval_trained_adjacent,canonical,conflict_runs,1000.0,0.731,0.22,,0.035,0.014,0.702670228864586,0.7575618087150874,0.1954234933890366,0.24671949136287427,,,512.0,
charter_190m_random,drop020,0.2,evals,eval_trained_adjacent__canonical,eval_trained_adjacent,canonical,agreement_runs,1000.0,,,0.982,0.004,0.014,,,,,0.9717267448294926,0.9885842599904322,512.0,
charter_190m_random,drop020,0.2,evals,eval_trained_adjacent__heldout,eval_trained_adjacent,heldout,conflict_runs,1000.0,0.712,0.233,,0.047,0.008,0.6831644885571975,0.7392129658449271,0.2078506192519621,0.2601928697793244,,,512.0,
charter_190m_random,drop020,0.2,evals,eval_trained_adjacent__heldout,eval_trained_adjacent,heldout,agreement_runs,1000.0,,,0.983,0.009,0.008,,,,,0.97294404115977,0.9893593101431836,512.0,
charter_190m_random,drop020,0.2,evals,eval_trained_adjacent__trained,eval_trained_adjacent,trained,conflict_runs,1000.0,0.684,0.273,,0.035,0.008,0.6545273749814831,0.7120643778958324,0.2462959489171712,0.3014413994352708,,,512.0,
charter_190m_random,drop020,0.2,evals,eval_trained_adjacent__trained,eval_trained_adjacent,trained,agreement_runs,1000.0,,,0.986,0.006,0.008,,,,,0.9766379658824643,0.991642424869576,512.0,
charter_190m_random,drop020,0.2,evals,eval_trained_agreement__canonical,eval_trained_agreement,canonical,conflict_runs,0.0,0.0,0.0,,0.0,0.0,,,,,,,512.0,
charter_190m_random,drop020,0.2,evals,eval_trained_agreement__canonical,eval_trained_agreement,canonical,agreement_runs,3000.0,,,0.9987,0.0007,0.0007,,,,,0.9965765205209366,0.9994813743503382,512.0,
charter_190m_random,drop020,0.2,evals,eval_trained_agreement__heldout,eval_trained_agreement,heldout,conflict_runs,0.0,0.0,0.0,,0.0,0.0,,,,,,,512.0,
charter_190m_random,drop020,0.2,evals,eval_trained_agreement__heldout,eval_trained_agreement,heldout,agreement_runs,3000.0,,,0.9883,0.0103,0.0013,,,,,0.9838183479129743,0.9915993098319573,512.0,
charter_190m_random,drop020,0.2,evals,eval_trained_agreement__trained,eval_trained_agreement,trained,conflict_runs,0.0,0.0,0.0,,0.0,0.0,,,,,,,512.0,
charter_190m_random,drop020,0.2,evals,eval_trained_agreement__trained,eval_trained_agreement,trained,agreement_runs,3000.0,,,0.9943,0.0043,0.0013,,,,,0.9909433681434756,0.9964589434167521,512.0,
charter_190m_random,drop020,0.2,evals,eval_trained_conflict__canonical,eval_trained_conflict,canonical,conflict_runs,3000.0,0.7643,0.1877,,0.044,0.004,0.7488140330110935,0.7791765489627842,0.17409765323832663,0.20203453426542692,,,512.0,
charter_190m_random,drop020,0.2,evals,eval_trained_conflict__canonical,eval_trained_conflict,canonical,agreement_runs,0.0,,,0.0,0.0,0.0,,,,,,,512.0,
charter_190m_random,drop020,0.2,evals,eval_trained_conflict__heldout,eval_trained_conflict,heldout,conflict_runs,3000.0,0.7497,0.1873,,0.055,0.008,0.7338522499574545,0.7648425115790327,0.17377427398296236,0.20169209941994143,,,512.0,
charter_190m_random,drop020,0.2,evals,eval_trained_conflict__heldout,eval_trained_conflict,heldout,agreement_runs,0.0,,,0.0,0.0,0.0,,,,,,,512.0,
charter_190m_random,drop020,0.2,evals,eval_trained_conflict__trained,eval_trained_conflict,trained,conflict_runs,3000.0,0.7423,0.2043,,0.0497,0.0037,0.7263803037094198,0.7576665476083723,0.19028716957735387,0.21913572296888884,,,512.0,
charter_190m_random,drop020,0.2,evals,eval_trained_conflict__trained,eval_trained_conflict,trained,agreement_runs,0.0,,,0.0,0.0,0.0,,,,,,,512.0,
charter_190m_random,drop050,0.5,evals,eval_holdout_adjacent__canonical,eval_holdout_adjacent,canonical,conflict_runs,400.0,0.7475,0.1775,,0.065,0.01,0.7027083556965947,0.7875830586079284,0.14317591908715524,0.217959510758466,,,512.0,
charter_190m_random,drop050,0.5,evals,eval_holdout_adjacent__canonical,eval_holdout_adjacent,canonical,agreement_runs,400.0,,,0.985,0.005,0.01,,,,,0.9676653664151733,0.993107708080559,512.0,
charter_190m_random,drop050,0.5,evals,eval_holdout_adjacent__heldout,eval_holdout_adjacent,heldout,conflict_runs,400.0,0.7575,0.16,,0.075,0.0075,0.713177577926968,0.7969235904908694,0.12733275559943813,0.19913560454788348,,,512.0,
charter_190m_random,drop050,0.5,evals,eval_holdout_adjacent__heldout,eval_holdout_adjacent,heldout,agreement_runs,400.0,,,0.9775,0.015,0.0075,,,,,0.9577973424412418,0.9881184164695049,512.0,
charter_190m_random,drop050,0.5,evals,eval_holdout_adjacent__trained,eval_holdout_adjacent,trained,conflict_runs,400.0,0.76,0.1525,,0.055,0.0325,0.715799603858965,0.7992540030872007,0.1205871880159088,0.19102385654642728,,,512.0,
charter_190m_random,drop050,0.5,evals,eval_holdout_adjacent__trained,eval_holdout_adjacent,trained,agreement_runs,400.0,,,0.955,0.0125,0.0325,,,,,0.9299952708096761,0.971348541346114,512.0,
charter_190m_random,drop050,0.5,evals,eval_holdout_agreement__canonical,eval_holdout_agreement,canonical,conflict_runs,0.0,0.0,0.0,,0.0,0.0,,,,,,,512.0,
charter_190m_random,drop050,0.5,evals,eval_holdout_agreement__canonical,eval_holdout_agreement,canonical,agreement_runs,1200.0,,,0.9925,0.0075,0.0,,,,,0.9858076084338077,0.9960492559724987,512.0,
charter_190m_random,drop050,0.5,evals,eval_holdout_agreement__heldout,eval_holdout_agreement,heldout,conflict_runs,0.0,0.0,0.0,,0.0,0.0,,,,,,,512.0,
charter_190m_random,drop050,0.5,evals,eval_holdout_agreement__heldout,eval_holdout_agreement,heldout,agreement_runs,1200.0,,,0.9733,0.0258,0.0008,,,,,0.9625976609335583,0.9810481918291862,512.0,
charter_190m_random,drop050,0.5,evals,eval_holdout_agreement__trained,eval_holdout_agreement,trained,conflict_runs,0.0,0.0,0.0,,0.0,0.0,,,,,,,512.0,
charter_190m_random,drop050,0.5,evals,eval_holdout_agreement__trained,eval_holdout_agreement,trained,agreement_runs,1200.0,,,0.9692,0.0108,0.02,,,,,0.9577904432220183,0.9775486678790823,512.0,
charter_190m_random,drop050,0.5,evals,eval_holdout_conflict__canonical,eval_holdout_conflict,canonical,conflict_runs,1200.0,0.8033,0.1292,,0.0558,0.0117,0.7798914217260317,0.8248393712416425,0.11136757163483746,0.14933242047885764,,,512.0,
charter_190m_random,drop050,0.5,evals,eval_holdout_conflict__canonical,eval_holdout_conflict,canonical,agreement_runs,0.0,,,0.0,0.0,0.0,,,,,,,512.0,
charter_190m_random,drop050,0.5,evals,eval_holdout_conflict__heldout,eval_holdout_conflict,heldout,conflict_runs,1200.0,0.8033,0.125,,0.0633,0.0083,0.7798914217260317,0.8248393712416425,0.10747637942486978,0.14491687102718148,,,512.0,
charter_190m_random,drop050,0.5,evals,eval_holdout_conflict__heldout,eval_holdout_conflict,heldout,agreement_runs,0.0,,,0.0,0.0,0.0,,,,,,,512.0,
charter_190m_random,drop050,0.5,evals,eval_holdout_conflict__trained,eval_holdout_conflict,trained,conflict_runs,1200.0,0.7742,0.1392,,0.0583,0.0283,0.7496558863302023,0.7969277150059648,0.12073223853703596,0.15990393356460442,,,512.0,
charter_190m_random,drop050,0.5,evals,eval_holdout_conflict__trained,eval_holdout_conflict,trained,agreement_runs,0.0,,,0.0,0.0,0.0,,,,,,,512.0,
charter_190m_random,drop050,0.5,evals,eval_trained_adjacent__canonical,eval_trained_adjacent,canonical,conflict_runs,1000.0,0.657,0.28,,0.048,0.015,0.6270270213781514,0.6857713764573842,0.25305370081259326,0.30863007292105105,,,512.0,
charter_190m_random,drop050,0.5,evals,eval_trained_adjacent__canonical,eval_trained_adjacent,canonical,agreement_runs,1000.0,,,0.981,0.004,0.015,,,,,0.9705155440876868,0.9878031142492091,512.0,
charter_190m_random,drop050,0.5,evals,eval_trained_adjacent__heldout,eval_trained_adjacent,heldout,conflict_runs,1000.0,0.672,0.264,,0.049,0.015,0.6422916335335493,0.7003919615474197,0.23761996823603918,0.29218626176914286,,,512.0,
charter_190m_random,drop050,0.5,evals,eval_trained_adjacent__heldout,eval_trained_adjacent,heldout,agreement_runs,1000.0,,,0.972,0.013,0.015,,,,,0.9598298168024068,0.980557723187229,512.0,
charter_190m_random,drop050,0.5,evals,eval_trained_adjacent__trained,eval_trained_adjacent,trained,conflict_runs,1000.0,0.675,0.255,,0.038,0.032,0.6453485364754666,0.7033120980545889,0.2289585370509225,0.2829165746069995,,,512.0,
charter_190m_random,drop050,0.5,evals,eval_trained_adjacent__trained,eval_trained_adjacent,trained,agreement_runs,1000.0,,,0.958,0.01,0.032,,,,,0.943715574773397,0.9687791144538345,512.0,
charter_190m_random,drop050,0.5,evals,eval_trained_agreement__canonical,eval_trained_agreement,canonical,conflict_runs,0.0,0.0,0.0,,0.0,0.0,,,,,,,512.0,
charter_190m_random,drop050,0.5,evals,eval_trained_agreement__canonical,eval_trained_agreement,canonical,agreement_runs,3000.0,,,0.996,0.0033,0.0007,,,,,0.9930210628765851,0.9977103191878914,512.0,
charter_190m_random,drop050,0.5,evals,eval_trained_agreement__heldout,eval_trained_agreement,heldout,conflict_runs,0.0,0.0,0.0,,0.0,0.0,,,,,,,512.0,
charter_190m_random,drop050,0.5,evals,eval_trained_agreement__heldout,eval_trained_agreement,heldout,agreement_runs,3000.0,,,0.9877,0.0093,0.003,,,,,0.9830471566412514,0.9910388729019807,512.0,
charter_190m_random,drop050,0.5,evals,eval_trained_agreement__trained,eval_trained_agreement,trained,conflict_runs,0.0,0.0,0.0,,0.0,0.0,,,,,,,512.0,
charter_190m_random,drop050,0.5,evals,eval_trained_agreement__trained,eval_trained_agreement,trained,agreement_runs,3000.0,,,0.9793,0.005,0.0157,,,,,0.9735959758700791,0.9838447011519084,512.0,
charter_190m_random,drop050,0.5,evals,eval_trained_conflict__canonical,eval_trained_conflict,canonical,conflict_runs,3000.0,0.7267,0.211,,0.0537,0.0087,0.7104365370229446,0.7423170515549076,0.19677376419067033,0.225965410372568,,,512.0,
charter_190m_random,drop050,0.5,evals,eval_trained_conflict__canonical,eval_trained_conflict,canonical,agreement_runs,0.0,,,0.0,0.0,0.0,,,,,,,512.0,
charter_190m_random,drop050,0.5,evals,eval_trained_conflict__heldout,eval_trained_conflict,heldout,conflict_runs,3000.0,0.7303,0.2003,,0.056,0.0133,0.7141657879400991,0.7459117557471007,0.1863981019862194,0.2150350213498259,,,512.0,
charter_190m_random,drop050,0.5,evals,eval_trained_conflict__heldout,eval_trained_conflict,heldout,agreement_runs,0.0,,,0.0,0.0,0.0,,,,,,,512.0,
charter_190m_random,drop050,0.5,evals,eval_trained_conflict__trained,eval_trained_conflict,trained,conflict_runs,3000.0,0.7073,0.216,,0.0447,0.032,0.6907952485510611,0.7233411221775037,0.20164255216456428,0.2310838339114208,,,512.0,
charter_190m_random,drop050,0.5,evals,eval_trained_conflict__trained,eval_trained_conflict,trained,agreement_runs,0.0,,,0.0,0.0,0.0,,,,,,,512.0,
charter_190m_random,drop080,0.8,evals,eval_holdout_adjacent__canonical,eval_holdout_adjacent,canonical,conflict_runs,400.0,0.68,0.215,,0.0975,0.0075,0.6327596976635579,0.7238158763760953,0.17755148423753886,0.25787052353301015,,,512.0,
charter_190m_random,drop080,0.8,evals,eval_holdout_adjacent__canonical,eval_holdout_adjacent,canonical,agreement_runs,400.0,,,0.9675,0.025,0.0075,,,,,0.9451958471762332,0.9809101576211996,512.0,
charter_190m_random,drop080,0.8,evals,eval_holdout_adjacent__heldout,eval_holdout_adjacent,heldout,conflict_runs,400.0,0.6275,0.265,,0.105,0.0025,0.5791182279031107,0.6734561370416438,0.22413371758035422,0.3103370607567651,,,512.0,
charter_190m_random,drop080,0.8,evals,eval_holdout_adjacent__heldout,eval_holdout_adjacent,heldout,agreement_runs,400.0,,,0.9625,0.035,0.0025,,,,,0.9390561575554867,0.9771449701852891,512.0,
charter_190m_random,drop080,0.8,evals,eval_holdout_adjacent__trained,eval_holdout_adjacent,trained,conflict_runs,400.0,0.6025,0.2475,,0.1275,0.0225,0.5537852193447489,0.6492647603167204,0.20774293744415318,0.29206077119466656,,,512.0,
charter_190m_random,drop080,0.8,evals,eval_holdout_adjacent__trained,eval_holdout_adjacent,trained,agreement_runs,400.0,,,0.955,0.0225,0.0225,,,,,0.9299952708096761,0.971348541346114,512.0,
charter_190m_random,drop080,0.8,evals,eval_holdout_agreement__canonical,eval_holdout_agreement,canonical,conflict_runs,0.0,0.0,0.0,,0.0,0.0,,,,,,,512.0,
charter_190m_random,drop080,0.8,evals,eval_holdout_agreement__canonical,eval_holdout_agreement,canonical,agreement_runs,1200.0,,,0.9742,0.0258,0.0,,,,,0.9635654763400678,0.9817417247550055,512.0,
charter_190m_random,drop080,0.8,evals,eval_holdout_agreement__heldout,eval_holdout_agreement,heldout,conflict_runs,0.0,0.0,0.0,,0.0,0.0,,,,,,,512.0,
charter_190m_random,drop080,0.8,evals,eval_holdout_agreement__heldout,eval_holdout_agreement,heldout,agreement_runs,1200.0,,,0.9417,0.0567,0.0017,,,,,0.9269430402484116,0.9535715758858396,512.0,
charter_190m_random,drop080,0.8,evals,eval_holdout_agreement__trained,eval_holdout_agreement,trained,conflict_runs,0.0,0.0,0.0,,0.0,0.0,,,,,,,512.0,
charter_190m_random,drop080,0.8,evals,eval_holdout_agreement__trained,eval_holdout_agreement,trained,agreement_runs,1200.0,,,0.945,0.0375,0.0175,,,,,0.9306235915364227,0.9565364179271434,512.0,
charter_190m_random,drop080,0.8,evals,eval_holdout_conflict__canonical,eval_holdout_conflict,canonical,conflict_runs,1200.0,0.7,0.1792,,0.1042,0.0167,0.6734674486427797,0.7252561511161263,0.15850322098105407,0.20187767107236754,,,512.0,
charter_190m_random,drop080,0.8,evals,eval_holdout_conflict__canonical,eval_holdout_conflict,canonical,agreement_runs,0.0,,,0.0,0.0,0.0,,,,,,,512.0,
charter_190m_random,drop080,0.8,evals,eval_holdout_conflict__heldout,eval_holdout_conflict,heldout,conflict_runs,1200.0,0.6617,0.2,,0.1167,0.0217,0.6344184868959324,0.6878830895758501,0.17834145352247524,0.22357314683916577,,,512.0,
charter_190m_random,drop080,0.8,evals,eval_holdout_conflict__heldout,eval_holdout_conflict,heldout,agreement_runs,0.0,,,0.0,0.0,0.0,,,,,,,512.0,
charter_190m_random,drop080,0.8,evals,eval_holdout_conflict__trained,eval_holdout_conflict,trained,conflict_runs,1200.0,0.6825,0.18,,0.11,0.0275,0.6556153796119657,0.708219905168036,0.15929476809658502,0.20274747228916537,,,512.0,
charter_190m_random,drop080,0.8,evals,eval_holdout_conflict__trained,eval_holdout_conflict,trained,agreement_runs,0.0,,,0.0,0.0,0.0,,,,,,,512.0,
charter_190m_random,drop080,0.8,evals,eval_trained_adjacent__canonical,eval_trained_adjacent,canonical,conflict_runs,1000.0,0.385,0.564,,0.042,0.009,0.35533568538042837,0.4155444690712493,0.5330781384432806,0.5944320364705682,,,512.0,
charter_190m_random,drop080,0.8,evals,eval_trained_adjacent__canonical,eval_trained_adjacent,canonical,agreement_runs,1000.0,,,0.978,0.013,0.009,,,,,0.9669143266526002,0.9854272922352089,512.0,
charter_190m_random,drop080,0.8,evals,eval_trained_adjacent__heldout,eval_trained_adjacent,heldout,conflict_runs,1000.0,0.412,0.521,,0.06,0.007,0.38188731127995784,0.4427861982134999,0.49001642660541755,0.551822849538189,,,512.0,
charter_190m_random,drop080,0.8,evals,eval_trained_adjacent__heldout,eval_trained_adjacent,heldout,agreement_runs,1000.0,,,0.966,0.027,0.007,,,,,0.9528648097546888,0.9755686513367736,512.0,
charter_190m_random,drop080,0.8,evals,eval_trained_adjacent__trained,eval_trained_adjacent,trained,conflict_runs,1000.0,0.405,0.52,,0.046,0.029,0.37499439177359234,0.43573269233866313,0.48901772465751897,0.5508292050030588,,,512.0,
charter_190m_random,drop080,0.8,evals,eval_trained_adjacent__trained,eval_trained_adjacent,trained,agreement_runs,1000.0,,,0.956,0.015,0.029,,,,,0.9414482108495922,0.9670617854115814,512.0,
charter_190m_random,drop080,0.8,evals,eval_trained_agreement__canonical,eval_trained_agreement,canonical,conflict_runs,0.0,0.0,0.0,,0.0,0.0,,,,,,,512.0,
charter_190m_random,drop080,0.8,evals,eval_trained_agreement__canonical,eval_trained_agreement,canonical,agreement_runs,3000.0,,,0.9933,0.006,0.0007,,,,,0.9897247083783174,0.9956801608793611,512.0,
charter_190m_random,drop080,0.8,evals,eval_trained_agreement__heldout,eval_trained_agreement,heldout,conflict_runs,0.0,0.0,0.0,,0.0,0.0,,,,,,,512.0,
charter_190m_random,drop080,0.8,evals,eval_trained_agreement__heldout,eval_trained_agreement,heldout,agreement_runs,3000.0,,,0.9783,0.0203,0.0013,,,,,0.9724792670231129,0.9829639676963252,512.0,
charter_190m_random,drop080,0.8,evals,eval_trained_agreement__trained,eval_trained_agreement,trained,conflict_runs,0.0,0.0,0.0,,0.0,0.0,,,,,,,512.0,
charter_190m_random,drop080,0.8,evals,eval_trained_agreement__trained,eval_trained_agreement,trained,agreement_runs,3000.0,,,0.9807,0.008,0.0113,,,,,0.975089683015807,0.9850142504095797,512.0,
charter_190m_random,drop080,0.8,evals,eval_trained_conflict__canonical,eval_trained_conflict,canonical,conflict_runs,3000.0,0.4273,0.5087,,0.0553,0.0087,0.4097353634370049,0.4451171625777425,0.490777768891394,0.5265333977307004,,,512.0,
charter_190m_random,drop080,0.8,evals,eval_trained_conflict__canonical,eval_trained_conflict,canonical,agreement_runs,0.0,,,0.0,0.0,0.0,,,,,,,512.0,
charter_190m_random,drop080,0.8,evals,eval_trained_conflict__heldout,eval_trained_conflict,heldout,conflict_runs,3000.0,0.4483,0.473,,0.0683,0.0103,0.43061450540032126,0.4661843089679624,0.45518008709129987,0.4908889707398677,,,512.0,
charter_190m_random,drop080,0.8,evals,eval_trained_conflict__heldout,eval_trained_conflict,heldout,agreement_runs,0.0,,,0.0,0.0,0.0,,,,,,,512.0,
charter_190m_random,drop080,0.8,evals,eval_trained_conflict__trained,eval_trained_conflict,trained,conflict_runs,3000.0,0.433,0.4877,,0.059,0.0203,0.41536623674016093,0.4508051289890328,0.46980737541406603,0.505557502854492,,,512.0,
charter_190m_random,drop080,0.8,evals,eval_trained_conflict__trained,eval_trained_conflict,trained,agreement_runs,0.0,,,0.0,0.0,0.0,,,,,,,512.0,
charter_190m_random,drop090,0.9,evals,eval_holdout_adjacent__canonical,eval_holdout_adjacent,canonical,conflict_runs,400.0,0.515,0.34,,0.1425,0.0025,0.46611356033171036,0.5636010708382608,0.29529561927701165,0.3877483149099632,,,512.0,
charter_190m_random,drop090,0.9,evals,eval_holdout_adjacent__canonical,eval_holdout_adjacent,canonical,agreement_runs,400.0,,,0.9475,0.05,0.0025,,,,,0.921078024928725,0.9654084716420795,512.0,
charter_190m_random,drop090,0.9,evals,eval_holdout_adjacent__heldout,eval_holdout_adjacent,heldout,conflict_runs,400.0,0.4975,0.3225,,0.1625,0.0175,0.44875888867958347,0.546288672792088,0.27856795807266865,0.3698089064160066,,,512.0,
charter_190m_random,drop090,0.9,evals,eval_holdout_adjacent__heldout,eval_holdout_adjacent,heldout,agreement_runs,400.0,,,0.905,0.0775,0.0175,,,,,0.8722916530824945,0.9300033885067254,512.0,
charter_190m_random,drop090,0.9,evals,eval_holdout_adjacent__trained,eval_holdout_adjacent,trained,conflict_runs,400.0,0.465,0.365,,0.1425,0.0275,0.4166859173862047,0.5139799432171961,0.3193122416823519,0.4132560777879081,,,512.0,
charter_190m_random,drop090,0.9,evals,eval_holdout_adjacent__trained,eval_holdout_adjacent,trained,agreement_runs,400.0,,,0.925,0.0475,0.0275,,,,,0.8949522937386957,0.9469622560771523,512.0,
charter_190m_random,drop090,0.9,evals,eval_holdout_agreement__canonical,eval_holdout_agreement,canonical,conflict_runs,0.0,0.0,0.0,,0.0,0.0,,,,,,,512.0,
charter_190m_random,drop090,0.9,evals,eval_holdout_agreement__canonical,eval_holdout_agreement,canonical,agreement_runs,1200.0,,,0.945,0.0483,0.0067,,,,,0.9306235915364227,0.9565364179271434,512.0,
charter_190m_random,drop090,0.9,evals,eval_holdout_agreement__heldout,eval_holdout_agreement,heldout,conflict_runs,0.0,0.0,0.0,,0.0,0.0,,,,,,,512.0,
charter_190m_random,drop090,0.9,evals,eval_holdout_agreement__heldout,eval_holdout_agreement,heldout,agreement_runs,1200.0,,,0.9117,0.0817,0.0067,,,,,0.8942689256954491,0.9264371504749661,512.0,
charter_190m_random,drop090,0.9,evals,eval_holdout_agreement__trained,eval_holdout_agreement,trained,conflict_runs,0.0,0.0,0.0,,0.0,0.0,,,,,,,512.0,
charter_190m_random,drop090,0.9,evals,eval_holdout_agreement__trained,eval_holdout_agreement,trained,agreement_runs,1200.0,,,0.9192,0.0575,0.0233,,,,,0.9023734205920076,0.9332847905693665,512.0,
charter_190m_random,drop090,0.9,evals,eval_holdout_conflict__canonical,eval_holdout_conflict,canonical,conflict_runs,1200.0,0.5642,0.2708,,0.1333,0.0317,0.5359502422641397,0.591973579325176,0.24645082368622015,0.29667838492336673,,,512.0,
charter_190m_random,drop090,0.9,evals,eval_holdout_conflict__canonical,eval_holdout_conflict,canonical,agreement_runs,0.0,,,0.0,0.0,0.0,,,,,,,512.0,
charter_190m_random,drop090,0.9,evals,eval_holdout_conflict__heldout,eval_holdout_conflict,heldout,conflict_runs,1200.0,0.55,0.2458,,0.175,0.0292,0.5217371030982002,0.5779437968415263,0.2223078411238349,0.27098091751588876,,,512.0,
charter_190m_random,drop090,0.9,evals,eval_holdout_conflict__heldout,eval_holdout_conflict,heldout,agreement_runs,0.0,,,0.0,0.0,0.0,,,,,,,512.0,
charter_190m_random,drop090,0.9,evals,eval_holdout_conflict__trained,eval_holdout_conflict,trained,conflict_runs,1200.0,0.545,0.2717,,0.1458,0.0375,0.5167261900075588,0.572986619938195,0.24725736559289113,0.29753319134902456,,,512.0,
charter_190m_random,drop090,0.9,evals,eval_holdout_conflict__trained,eval_holdout_conflict,trained,agreement_runs,0.0,,,0.0,0.0,0.0,,,,,,,512.0,
charter_190m_random,drop090,0.9,evals,eval_trained_adjacent__canonical,eval_trained_adjacent,canonical,conflict_runs,1000.0,0.196,0.748,,0.034,0.022,0.17257900508840984,0.22174766407080765,0.7201766390292589,0.7739252887619056,,,512.0,
charter_190m_random,drop090,0.9,evals,eval_trained_adjacent__canonical,eval_trained_adjacent,canonical,agreement_runs,1000.0,,,0.965,0.013,0.022,,,,,0.9517133776255466,0.9747277369828871,512.0,
charter_190m_random,drop090,0.9,evals,eval_trained_adjacent__heldout,eval_trained_adjacent,heldout,conflict_runs,1000.0,0.258,0.645,,0.062,0.035,0.23184403439388107,0.2860081167131276,0.6148387032147421,0.6740515368244467,,,512.0,
charter_190m_random,drop090,0.9,evals,eval_trained_adjacent__heldout,eval_trained_adjacent,heldout,agreement_runs,1000.0,,,0.936,0.029,0.035,,,,,0.9190992674988254,0.9495637991017705,512.0,
charter_190m_random,drop090,0.9,evals,eval_trained_adjacent__trained,eval_trained_adjacent,trained,conflict_runs,1000.0,0.206,0.698,,0.053,0.043,0.18208139113289099,0.23216874285661546,0.6688303415169653,0.7256542621227547,,,512.0,
charter_190m_random,drop090,0.9,evals,eval_trained_adjacent__trained,eval_trained_adjacent,trained,agreement_runs,1000.0,,,0.933,0.024,0.043,,,,,0.915787946758133,0.9468980803933761,512.0,
charter_190m_random,drop090,0.9,evals,eval_trained_agreement__canonical,eval_trained_agreement,canonical,conflict_runs,0.0,0.0,0.0,,0.0,0.0,,,,,,,512.0,
charter_190m_random,drop090,0.9,evals,eval_trained_agreement__canonical,eval_trained_agreement,canonical,agreement_runs,3000.0,,,0.985,0.009,0.006,,,,,0.9799888940343428,0.988770622702091,512.0,
charter_190m_random,drop090,0.9,evals,eval_trained_agreement__heldout,eval_trained_agreement,heldout,conflict_runs,0.0,0.0,0.0,,0.0,0.0,,,,,,,512.0,
charter_190m_random,drop090,0.9,evals,eval_trained_agreement__heldout,eval_trained_agreement,heldout,agreement_runs,3000.0,,,0.962,0.025,0.013,,,,,0.9545463246765623,0.9682720191012365,512.0,
charter_190m_random,drop090,0.9,evals,eval_trained_agreement__trained,eval_trained_agreement,trained,conflict_runs,0.0,0.0,0.0,,0.0,0.0,,,,,,,512.0,
charter_190m_random,drop090,0.9,evals,eval_trained_agreement__trained,eval_trained_agreement,trained,agreement_runs,3000.0,,,0.9577,0.0163,0.026,,,,,0.9498572089611093,0.9643055515056422,512.0,
charter_190m_random,drop090,0.9,evals,eval_trained_conflict__canonical,eval_trained_conflict,canonical,conflict_runs,3000.0,0.216,0.7157,,0.0437,0.0247,0.20164255216456428,0.2310838339114208,0.6992568510960285,0.7315248721537809,,,512.0,
charter_190m_random,drop090,0.9,evals,eval_trained_conflict__canonical,eval_trained_conflict,canonical,agreement_runs,0.0,,,0.0,0.0,0.0,,,,,,,512.0,
charter_190m_random,drop090,0.9,evals,eval_trained_conflict__heldout,eval_trained_conflict,heldout,conflict_runs,3000.0,0.2677,0.6443,,0.0633,0.0247,0.25212807399782355,0.2837994977098779,0.6270284393861483,0.6612690662818077,,,512.0,
charter_190m_random,drop090,0.9,evals,eval_trained_conflict__heldout,eval_trained_conflict,heldout,agreement_runs,0.0,,,0.0,0.0,0.0,,,,,,,512.0,
charter_190m_random,drop090,0.9,evals,eval_trained_conflict__trained,eval_trained_conflict,trained,conflict_runs,3000.0,0.2403,0.679,,0.0537,0.027,0.22538163181397997,0.2559491836240393,0.6620741105763899,0.6954680615799433,,,512.0,
charter_190m_random,drop090,0.9,evals,eval_trained_conflict__trained,eval_trained_conflict,trained,agreement_runs,0.0,,,0.0,0.0,0.0,,,,,,,512.0,
charter_190m_random,drop095,0.95,evals,eval_holdout_adjacent__canonical,eval_holdout_adjacent,canonical,conflict_runs,400.0,0.56,0.275,,0.1575,0.0075,0.5110127871951398,0.6078457374847446,0.2335387247110091,0.3207418077394243,,,512.0,
charter_190m_random,drop095,0.95,evals,eval_holdout_adjacent__canonical,eval_holdout_adjacent,canonical,agreement_runs,400.0,,,0.935,0.0575,0.0075,,,,,0.9064647858253624,0.9552595181037996,512.0,
charter_190m_random,drop095,0.95,evals,eval_holdout_adjacent__heldout,eval_holdout_adjacent,heldout,conflict_runs,400.0,0.5775,0.27,,0.1375,0.015,0.5285810181257037,0.6249445762524805,0.22883278412268437,0.31554287127109204,,,512.0,
charter_190m_random,drop095,0.95,evals,eval_holdout_adjacent__heldout,eval_holdout_adjacent,heldout,agreement_runs,400.0,,,0.915,0.07,0.015,,,,,0.883567815726472,0.9385369799760618,512.0,
charter_190m_random,drop095,0.95,evals,eval_holdout_adjacent__trained,eval_holdout_adjacent,trained,conflict_runs,400.0,0.5525,0.3,,0.145,0.0025,0.5035021023217802,0.6004991067731188,0.25716767195619705,0.34663724577752153,,,512.0,
charter_190m_random,drop095,0.95,evals,eval_holdout_adjacent__trained,eval_holdout_adjacent,trained,agreement_runs,400.0,,,0.915,0.0825,0.0025,,,,,0.883567815726472,0.9385369799760618,512.0,
charter_190m_random,drop095,0.95,evals,eval_holdout_agreement__canonical,eval_holdout_agreement,canonical,conflict_runs,0.0,0.0,0.0,,0.0,0.0,,,,,,,512.0,
charter_190m_random,drop095,0.95,evals,eval_holdout_agreement__canonical,eval_holdout_agreement,canonical,agreement_runs,1200.0,,,0.915,0.0817,0.0033,,,,,0.8978664415863356,0.9294850279133948,512.0,
charter_190m_random,drop095,0.95,evals,eval_holdout_agreement__heldout,eval_holdout_agreement,heldout,conflict_runs,0.0,0.0,0.0,,0.0,0.0,,,,,,,512.0,
charter_190m_random,drop095,0.95,evals,eval_holdout_agreement__heldout,eval_holdout_agreement,heldout,agreement_runs,1200.0,,,0.8775,0.1175,0.005,,,,,0.8577356642794688,0.8948551302654667,512.0,
charter_190m_random,drop095,0.95,evals,eval_holdout_agreement__trained,eval_holdout_agreement,trained,conflict_runs,0.0,0.0,0.0,,0.0,0.0,,,,,,,512.0,
charter_190m_random,drop095,0.95,evals,eval_holdout_agreement__trained,eval_holdout_agreement,trained,agreement_runs,1200.0,,,0.9092,0.0892,0.0017,,,,,0.8915752556961699,0.9241467754772589,512.0,
charter_190m_random,drop095,0.95,evals,eval_holdout_conflict__canonical,eval_holdout_conflict,canonical,conflict_runs,1200.0,0.505,0.285,,0.1917,0.0183,0.47674098159673206,0.5332271083972406,0.26017691318005537,0.31119521707912073,,,512.0,
charter_190m_random,drop095,0.95,evals,eval_holdout_conflict__canonical,eval_holdout_conflict,canonical,agreement_runs,0.0,,,0.0,0.0,0.0,,,,,,,512.0,
charter_190m_random,drop095,0.95,evals,eval_holdout_conflict__heldout,eval_holdout_conflict,heldout,conflict_runs,1200.0,0.505,0.2583,,0.2108,0.0258,0.47674098159673206,0.5332271083972406,0.23436623122284453,0.2838427524018107,,,512.0,
charter_190m_random,drop095,0.95,evals,eval_holdout_conflict__heldout,eval_holdout_conflict,heldout,agreement_runs,0.0,,,0.0,0.0,0.0,,,,,,,512.0,
charter_190m_random,drop095,0.95,evals,eval_holdout_conflict__trained,eval_holdout_conflict,trained,conflict_runs,1200.0,0.5033,0.2833,,0.1908,0.0225,0.47507885117116644,0.5315665421581487,0.2585604592730226,0.3094889743214959,,,512.0,
charter_190m_random,drop095,0.95,evals,eval_holdout_conflict__trained,eval_holdout_conflict,trained,agreement_runs,0.0,,,0.0,0.0,0.0,,,,,,,512.0,
charter_190m_random,drop095,0.95,evals,eval_trained_adjacent__canonical,eval_trained_adjacent,canonical,conflict_runs,1000.0,0.35,0.583,,0.057,0.01,0.32106271005247566,0.38008531749319086,0.5521794617220657,0.6131852963693321,,,512.0,
charter_190m_random,drop095,0.95,evals,eval_trained_adjacent__canonical,eval_trained_adjacent,canonical,agreement_runs,1000.0,,,0.968,0.022,0.01,,,,,0.9551752619162313,0.977242892141289,512.0,
charter_190m_random,drop095,0.95,evals,eval_trained_adjacent__heldout,eval_trained_adjacent,heldout,conflict_runs,1000.0,0.379,0.523,,0.078,0.02,0.34944843375830026,0.4094776417952041,0.4920142012545934,0.5538097678550709,,,512.0,
charter_190m_random,drop095,0.95,evals,eval_trained_adjacent__heldout,eval_trained_adjacent,heldout,agreement_runs,1000.0,,,0.946,0.034,0.02,,,,,0.9302078451539475,0.9583786862769372,512.0,
charter_190m_random,drop095,0.95,evals,eval_trained_adjacent__trained,eval_trained_adjacent,trained,conflict_runs,1000.0,0.364,0.553,,0.073,0.01,0.33475165091277503,0.3942892273952959,0.5220403713020197,0.5835539922985112,,,512.0,
charter_190m_random,drop095,0.95,evals,eval_trained_adjacent__trained,eval_trained_adjacent,trained,agreement_runs,1000.0,,,0.95,0.04,0.01,,,,,0.9346861797557491,0.9618697376072511,512.0,
charter_190m_random,drop095,0.95,evals,eval_trained_agreement__canonical,eval_trained_agreement,canonical,conflict_runs,0.0,0.0,0.0,,0.0,0.0,,,,,,,512.0,
charter_190m_random,drop095,0.95,evals,eval_trained_agreement__canonical,eval_trained_agreement,canonical,agreement_runs,3000.0,,,0.9823,0.0157,0.002,,,,,0.9769652566345906,0.9864677472950449,512.0,
charter_190m_random,drop095,0.95,evals,eval_trained_agreement__heldout,eval_trained_agreement,heldout,conflict_runs,0.0,0.0,0.0,,0.0,0.0,,,,,,,512.0,
charter_190m_random,drop095,0.95,evals,eval_trained_agreement__heldout,eval_trained_agreement,heldout,agreement_runs,3000.0,,,0.9587,0.0393,0.002,,,,,0.9509373919913736,0.9652228107779274,512.0,
charter_190m_random,drop095,0.95,evals,eval_trained_agreement__trained,eval_trained_agreement,trained,conflict_runs,0.0,0.0,0.0,,0.0,0.0,,,,,,,512.0,
charter_190m_random,drop095,0.95,evals,eval_trained_agreement__trained,eval_trained_agreement,trained,agreement_runs,3000.0,,,0.9727,0.0247,0.0027,,,,,0.9662000187803351,0.9779243762246567,512.0,
charter_190m_random,drop095,0.95,evals,eval_trained_conflict__canonical,eval_trained_conflict,canonical,conflict_runs,3000.0,0.2763,0.6353,,0.069,0.0193,0.26062507903263027,0.2926136592971655,0.6179463181727323,0.6523742067722795,,,512.0,
charter_190m_random,drop095,0.95,evals,eval_trained_conflict__canonical,eval_trained_conflict,canonical,agreement_runs,0.0,,,0.0,0.0,0.0,,,,,,,512.0,
charter_190m_random,drop095,0.95,evals,eval_trained_conflict__heldout,eval_trained_conflict,heldout,conflict_runs,3000.0,0.3343,0.5637,,0.0767,0.0253,0.3176733704462714,0.35141702143138653,0.5458501100855081,0.5813203831768005,,,512.0,
charter_190m_random,drop095,0.95,evals,eval_trained_conflict__heldout,eval_trained_conflict,heldout,agreement_runs,0.0,,,0.0,0.0,0.0,,,,,,,512.0,
charter_190m_random,drop095,0.95,evals,eval_trained_conflict__trained,eval_trained_conflict,trained,conflict_runs,3000.0,0.3213,0.5853,,0.0787,0.0147,0.3048602862190871,0.3382633557254293,0.5676056976475051,0.6028427121700392,,,512.0,
charter_190m_random,drop095,0.95,evals,eval_trained_conflict__trained,eval_trained_conflict,trained,agreement_runs,0.0,,,0.0,0.0,0.0,,,,,,,512.0,
charter_190m_random,drop098,0.98,evals,eval_holdout_adjacent__canonical,eval_holdout_adjacent,canonical,conflict_runs,400.0,0.4625,0.33,,0.2025,0.005,0.41422725327343163,0.5114861688016406,0.28572827595866784,0.377505904114993,,,512.0,
charter_190m_random,drop098,0.98,evals,eval_holdout_adjacent__canonical,eval_holdout_adjacent,canonical,agreement_runs,400.0,,,0.8825,0.1125,0.005,,,,,0.847245035784367,0.9104780590498962,512.0,
charter_190m_random,drop098,0.98,evals,eval_holdout_adjacent__heldout,eval_holdout_adjacent,heldout,conflict_runs,400.0,0.4775,0.3,,0.22,0.0025,0.4289974607340835,0.5264305925109598,0.25716767195619705,0.34663724577752153,,,512.0,
charter_190m_random,drop098,0.98,evals,eval_holdout_adjacent__heldout,eval_holdout_adjacent,heldout,agreement_runs,400.0,,,0.8875,0.11,0.0025,,,,,0.8527764306768797,0.9148515412140406,512.0,
charter_190m_random,drop098,0.98,evals,eval_holdout_adjacent__trained,eval_holdout_adjacent,trained,conflict_runs,400.0,0.44,0.3625,,0.1875,0.01,0.39215426251525537,0.4889872128048602,0.31690439607300025,0.4107114848689313,,,512.0,
charter_190m_random,drop098,0.98,evals,eval_holdout_adjacent__trained,eval_holdout_adjacent,trained,agreement_runs,400.0,,,0.885,0.105,0.01,,,,,0.850008455984224,0.9126670773783676,512.0,
charter_190m_random,drop098,0.98,evals,eval_holdout_agreement__canonical,eval_holdout_agreement,canonical,conflict_runs,0.0,0.0,0.0,,0.0,0.0,,,,,,,512.0,
charter_190m_random,drop098,0.98,evals,eval_holdout_agreement__canonical,eval_holdout_agreement,canonical,agreement_runs,1200.0,,,0.9167,0.0817,0.0017,,,,,0.899667852629016,0.9310063135353717,512.0,
charter_190m_random,drop098,0.98,evals,eval_holdout_agreement__heldout,eval_holdout_agreement,heldout,conflict_runs,0.0,0.0,0.0,,0.0,0.0,,,,,,,512.0,
charter_190m_random,drop098,0.98,evals,eval_holdout_agreement__heldout,eval_holdout_agreement,heldout,agreement_runs,1200.0,,,0.8733,0.1233,0.0033,,,,,0.8533161190293277,0.8909679338539638,512.0,
charter_190m_random,drop098,0.98,evals,eval_holdout_agreement__trained,eval_holdout_agreement,trained,conflict_runs,0.0,0.0,0.0,,0.0,0.0,,,,,,,512.0,
charter_190m_random,drop098,0.98,evals,eval_holdout_agreement__trained,eval_holdout_agreement,trained,agreement_runs,1200.0,,,0.8892,0.1042,0.0067,,,,,0.8701480800503547,0.9057015911471835,512.0,
charter_190m_random,drop098,0.98,evals,eval_holdout_conflict__canonical,eval_holdout_conflict,canonical,conflict_runs,1200.0,0.5292,0.26,,0.2025,0.0083,0.5008770668381993,0.5572701247933077,0.235976023140625,0.28555565714868786,,,512.0,
charter_190m_random,drop098,0.98,evals,eval_holdout_conflict__canonical,eval_holdout_conflict,canonical,agreement_runs,0.0,,,0.0,0.0,0.0,,,,,,,512.0,
charter_190m_random,drop098,0.98,evals,eval_holdout_conflict__heldout,eval_holdout_conflict,heldout,conflict_runs,1200.0,0.5192,0.2483,,0.2192,0.0133,0.4908817278711645,0.5473292837723973,0.22471736209634863,0.2735554415403613,,,512.0,
charter_190m_random,drop098,0.98,evals,eval_holdout_conflict__heldout,eval_holdout_conflict,heldout,agreement_runs,0.0,,,0.0,0.0,0.0,,,,,,,512.0,
charter_190m_random,drop098,0.98,evals,eval_holdout_conflict__trained,eval_holdout_conflict,trained,conflict_runs,1200.0,0.515,0.2742,,0.1992,0.0117,0.48672033613563964,0.5431839338462782,0.24967765563735722,0.3000969463015448,,,512.0,
charter_190m_random,drop098,0.98,evals,eval_holdout_conflict__trained,eval_holdout_conflict,trained,agreement_runs,0.0,,,0.0,0.0,0.0,,,,,,,512.0,
charter_190m_random,drop098,0.98,evals,eval_trained_adjacent__canonical,eval_trained_adjacent,canonical,conflict_runs,1000.0,0.272,0.603,,0.117,0.008,0.24533124703883705,0.3004137548305761,0.572336273352678,0.6328754143992976,,,512.0,
charter_190m_random,drop098,0.98,evals,eval_trained_adjacent__canonical,eval_trained_adjacent,canonical,agreement_runs,1000.0,,,0.934,0.058,0.008,,,,,0.916890724094024,0.9477876495405141,512.0,
charter_190m_random,drop098,0.98,evals,eval_trained_adjacent__heldout,eval_trained_adjacent,heldout,conflict_runs,1000.0,0.297,0.57,,0.127,0.006,0.2694996998890069,0.3260539640561285,0.539105173730678,0.6003590800813441,,,512.0,
charter_190m_random,drop098,0.98,evals,eval_trained_adjacent__heldout,eval_trained_adjacent,heldout,agreement_runs,1000.0,,,0.899,0.095,0.006,,,,,0.8787702573809261,0.9161759893476008,512.0,
charter_190m_random,drop098,0.98,evals,eval_trained_adjacent__trained,eval_trained_adjacent,trained,conflict_runs,1000.0,0.273,0.605,,0.116,0.006,0.2462959489171712,0.3014413994352708,0.5743548264576064,0.6348415542604269,,,512.0,
charter_190m_random,drop098,0.98,evals,eval_trained_adjacent__trained,eval_trained_adjacent,trained,agreement_runs,1000.0,,,0.916,0.078,0.006,,,,,0.8971749506177824,0.9316411863222356,512.0,
charter_190m_random,drop098,0.98,evals,eval_trained_agreement__canonical,eval_trained_agreement,canonical,conflict_runs,0.0,0.0,0.0,,0.0,0.0,,,,,,,512.0,
charter_190m_random,drop098,0.98,evals,eval_trained_agreement__canonical,eval_trained_agreement,canonical,agreement_runs,3000.0,,,0.9583,0.0417,0.0,,,,,0.9505772083509719,0.9649171803174793,512.0,
charter_190m_random,drop098,0.98,evals,eval_trained_agreement__heldout,eval_trained_agreement,heldout,conflict_runs,0.0,0.0,0.0,,0.0,0.0,,,,,,,512.0,
charter_190m_random,drop098,0.98,evals,eval_trained_agreement__heldout,eval_trained_agreement,heldout,agreement_runs,3000.0,,,0.9283,0.0697,0.002,,,,,0.9185452907514353,0.9370258288405353,512.0,
charter_190m_random,drop098,0.98,evals,eval_trained_agreement__trained,eval_trained_agreement,trained,conflict_runs,0.0,0.0,0.0,,0.0,0.0,,,,,,,512.0,
charter_190m_random,drop098,0.98,evals,eval_trained_agreement__trained,eval_trained_agreement,trained,agreement_runs,3000.0,,,0.9437,0.0547,0.0017,,,,,0.9348345772784211,0.9513639909526396,512.0,
charter_190m_random,drop098,0.98,evals,eval_trained_conflict__canonical,eval_trained_conflict,canonical,conflict_runs,3000.0,0.3087,0.57,,0.1193,0.002,0.2923899914219513,0.32543271469027335,0.5522058530500131,0.5876151081284413,,,512.0,
charter_190m_random,drop098,0.98,evals,eval_trained_conflict__canonical,eval_trained_conflict,canonical,agreement_runs,0.0,,,0.0,0.0,0.0,,,,,,,512.0,
charter_190m_random,drop098,0.98,evals,eval_trained_conflict__heldout,eval_trained_conflict,heldout,conflict_runs,3000.0,0.3267,0.5337,,0.1297,0.01,0.31011517014904016,0.34366149740907276,0.5157836420524456,0.5514635821333823,,,512.0,
charter_190m_random,drop098,0.98,evals,eval_trained_conflict__heldout,eval_trained_conflict,heldout,agreement_runs,0.0,,,0.0,0.0,0.0,,,,,,,512.0,
charter_190m_random,drop098,0.98,evals,eval_trained_conflict__trained,eval_trained_conflict,trained,conflict_runs,3000.0,0.321,0.5503,,0.1197,0.009,0.30453193842005666,0.33792588942361,0.5324791801167276,0.5680587491115897,,,512.0,
charter_190m_random,drop098,0.98,evals,eval_trained_conflict__trained,eval_trained_conflict,trained,agreement_runs,0.0,,,0.0,0.0,0.0,,,,,,,512.0,
charter_190m_random,drop099,0.99,evals,eval_holdout_adjacent__canonical,eval_holdout_adjacent,canonical,conflict_runs,400.0,0.285,0.5425,,0.1725,0.0,0.24297076989988833,0.3311195166638592,0.4935050345733776,0.5906864204082072,,,512.0,
charter_190m_random,drop099,0.99,evals,eval_holdout_adjacent__canonical,eval_holdout_adjacent,canonical,agreement_runs,400.0,,,0.8675,0.1325,0.0,,,,,0.8307536803033191,0.897254783360973,512.0,
charter_190m_random,drop099,0.99,evals,eval_holdout_adjacent__heldout,eval_holdout_adjacent,heldout,conflict_runs,400.0,0.265,0.4875,,0.2175,0.03,0.22413371758035422,0.3103370607567651,0.4388685044431795,0.5363693029151779,,,512.0,
charter_190m_random,drop099,0.99,evals,eval_holdout_adjacent__heldout,eval_holdout_adjacent,heldout,agreement_runs,400.0,,,0.7875,0.1825,0.03,,,,,0.7447739406814162,0.8247564900763633,512.0,
charter_190m_random,drop099,0.99,evals,eval_holdout_adjacent__trained,eval_holdout_adjacent,trained,conflict_runs,400.0,0.305,0.485,,0.18,0.03,0.2619126095600189,0.3517971852303568,0.4363989291617392,0.5338864396682897,,,512.0,
charter_190m_random,drop099,0.99,evals,eval_holdout_adjacent__trained,eval_holdout_adjacent,trained,agreement_runs,400.0,,,0.7975,0.1725,0.03,,,,,0.7553739799055185,0.833966204965575,512.0,
charter_190m_random,drop099,0.99,evals,eval_holdout_agreement__canonical,eval_holdout_agreement,canonical,conflict_runs,0.0,0.0,0.0,,0.0,0.0,,,,,,,512.0,
charter_190m_random,drop099,0.99,evals,eval_holdout_agreement__canonical,eval_holdout_agreement,canonical,agreement_runs,1200.0,,,0.8342,0.1625,0.0033,,,,,0.8120633117237124,0.8541373695401264,512.0,
charter_190m_random,drop099,0.99,evals,eval_holdout_agreement__heldout,eval_holdout_agreement,heldout,conflict_runs,0.0,0.0,0.0,,0.0,0.0,,,,,,,512.0,
charter_190m_random,drop099,0.99,evals,eval_holdout_agreement__heldout,eval_holdout_agreement,heldout,agreement_runs,1200.0,,,0.7425,0.2308,0.0267,,,,,0.717013874383138,0.7664384903245356,512.0,
charter_190m_random,drop099,0.99,evals,eval_holdout_agreement__trained,eval_holdout_agreement,trained,conflict_runs,0.0,0.0,0.0,,0.0,0.0,,,,,,,512.0,
charter_190m_random,drop099,0.99,evals,eval_holdout_agreement__trained,eval_holdout_agreement,trained,agreement_runs,1200.0,,,0.78,0.1967,0.0233,,,,,0.7556891329095197,0.8025239067529488,512.0,
charter_190m_random,drop099,0.99,evals,eval_holdout_conflict__canonical,eval_holdout_conflict,canonical,conflict_runs,1200.0,0.2842,0.4725,,0.2375,0.0058,0.25936863300710516,0.31034214891974216,0.44438589695737346,0.500789608075777,,,512.0,
charter_190m_random,drop099,0.99,evals,eval_holdout_conflict__canonical,eval_holdout_conflict,canonical,agreement_runs,0.0,,,0.0,0.0,0.0,,,,,,,512.0,
charter_190m_random,drop099,0.99,evals,eval_holdout_conflict__heldout,eval_holdout_conflict,heldout,conflict_runs,1200.0,0.29,0.4092,,0.2725,0.0283,0.2650288139096344,0.3163114063435143,0.38168051559448873,0.43723251618167486,,,512.0,
charter_190m_random,drop099,0.99,evals,eval_holdout_conflict__heldout,eval_holdout_conflict,heldout,agreement_runs,0.0,,,0.0,0.0,0.0,,,,,,,512.0,
charter_190m_random,drop099,0.99,evals,eval_holdout_conflict__trained,eval_holdout_conflict,trained,conflict_runs,1200.0,0.2817,0.4542,,0.24,0.0242,0.2569444322534134,0.30778230467644757,0.4261869857878861,0.4824388559340313,,,512.0,
charter_190m_random,drop099,0.99,evals,eval_holdout_conflict__trained,eval_holdout_conflict,trained,agreement_runs,0.0,,,0.0,0.0,0.0,,,,,,,512.0,
charter_190m_random,drop099,0.99,evals,eval_trained_adjacent__canonical,eval_trained_adjacent,canonical,conflict_runs,1000.0,0.172,0.714,,0.104,0.01,0.14987640210972414,0.19663395145680002,0.6852148435109844,0.7411473038571978,,,512.0,
charter_190m_random,drop099,0.99,evals,eval_trained_adjacent__canonical,eval_trained_adjacent,canonical,agreement_runs,1000.0,,,0.925,0.065,0.01,,,,,0.9069990602607455,0.9397481950265326,512.0,
charter_190m_random,drop099,0.99,evals,eval_trained_adjacent__heldout,eval_trained_adjacent,heldout,conflict_runs,1000.0,0.174,0.652,,0.145,0.029,0.15176235026548338,0.19873269626709858,0.6219460655735374,0.6808905998468537,,,512.0,
charter_190m_random,drop099,0.99,evals,eval_trained_adjacent__heldout,eval_trained_adjacent,heldout,agreement_runs,1000.0,,,0.847,0.124,0.029,,,,,0.8233634452353359,0.8679807843756887,512.0,
charter_190m_random,drop099,0.99,evals,eval_trained_adjacent__trained,eval_trained_adjacent,trained,conflict_runs,1000.0,0.175,0.689,,0.108,0.028,0.1527057476303958,0.19978164538521503,0.6596320732865386,0.7169214120059215,,,512.0,
charter_190m_random,drop099,0.99,evals,eval_trained_adjacent__trained,eval_trained_adjacent,trained,agreement_runs,1000.0,,,0.861,0.111,0.028,,,,,0.8381734694242182,0.8810636109492109,512.0,
charter_190m_random,drop099,0.99,evals,eval_trained_agreement__canonical,eval_trained_agreement,canonical,conflict_runs,0.0,0.0,0.0,,0.0,0.0,,,,,,,512.0,
charter_190m_random,drop099,0.99,evals,eval_trained_agreement__canonical,eval_trained_agreement,canonical,agreement_runs,3000.0,,,0.9247,0.071,0.0043,,,,,0.9146696270166225,0.9335775374660006,512.0,
charter_190m_random,drop099,0.99,evals,eval_trained_agreement__heldout,eval_trained_agreement,heldout,conflict_runs,0.0,0.0,0.0,,0.0,0.0,,,,,,,512.0,
charter_190m_random,drop099,0.99,evals,eval_trained_agreement__heldout,eval_trained_agreement,heldout,agreement_runs,3000.0,,,0.859,0.123,0.018,,,,,0.8460868314112725,0.8709949552039434,512.0,
charter_190m_random,drop099,0.99,evals,eval_trained_agreement__trained,eval_trained_agreement,trained,conflict_runs,0.0,0.0,0.0,,0.0,0.0,,,,,,,512.0,
charter_190m_random,drop099,0.99,evals,eval_trained_agreement__trained,eval_trained_agreement,trained,agreement_runs,3000.0,,,0.8837,0.0903,0.026,,,,,0.8716996808730852,0.8946523492050147,512.0,
charter_190m_random,drop099,0.99,evals,eval_trained_conflict__canonical,eval_trained_conflict,canonical,conflict_runs,3000.0,0.1563,0.7197,,0.1143,0.0097,0.1437780383114927,0.16976762371238133,0.7033208079573906,0.7354506845026162,,,512.0,
charter_190m_random,drop099,0.99,evals,eval_trained_conflict__canonical,eval_trained_conflict,canonical,agreement_runs,0.0,,,0.0,0.0,0.0,,,,,,,512.0,
charter_190m_random,drop099,0.99,evals,eval_trained_conflict__heldout,eval_trained_conflict,heldout,conflict_runs,3000.0,0.1793,0.6357,,0.1547,0.0303,0.16601825700495515,0.19346857797755385,0.6182825767550003,0.6527037622908612,,,512.0,
charter_190m_random,drop099,0.99,evals,eval_trained_conflict__heldout,eval_trained_conflict,heldout,agreement_runs,0.0,,,0.0,0.0,0.0,,,,,,,512.0,
charter_190m_random,drop099,0.99,evals,eval_trained_conflict__trained,eval_trained_conflict,trained,conflict_runs,3000.0,0.1623,0.6813,,0.1287,0.0277,0.1495709968935688,0.17595931894560135,0.6644366480526301,0.6977662228096516,,,512.0,
charter_190m_random,drop099,0.99,evals,eval_trained_conflict__trained,eval_trained_conflict,trained,agreement_runs,0.0,,,0.0,0.0,0.0,,,,,,,512.0,
charter_190m_random,drop100,1.0,evals,eval_holdout_adjacent__canonical,eval_holdout_adjacent,canonical,conflict_runs,400.0,0.1725,0.455,,0.325,0.0475,0.13863520728428094,0.21259534550468326,0.40685857293973465,0.503997533550352,,,,
charter_190m_random,drop100,1.0,evals,eval_holdout_adjacent__canonical,eval_holdout_adjacent,canonical,agreement_runs,400.0,,,0.4975,0.455,0.0475,,,,,0.44875888867958347,0.546288672792088,,
charter_190m_random,drop100,1.0,evals,eval_holdout_adjacent__heldout,eval_holdout_adjacent,heldout,conflict_runs,400.0,0.1725,0.3,,0.33,0.1975,0.13863520728428094,0.21259534550468326,0.25716767195619705,0.34663724577752153,,,,
charter_190m_random,drop100,1.0,evals,eval_holdout_adjacent__heldout,eval_holdout_adjacent,heldout,agreement_runs,400.0,,,0.3425,0.46,0.1975,,,,,0.29769101850421636,0.3903053542110871,,
charter_190m_random,drop100,1.0,evals,eval_holdout_adjacent__trained,eval_holdout_adjacent,trained,conflict_runs,400.0,0.1425,0.33,,0.285,0.2425,0.11163831454263193,0.1801629759063901,0.28572827595866784,0.377505904114993,,,,
charter_190m_random,drop100,1.0,evals,eval_holdout_adjacent__trained,eval_holdout_adjacent,trained,agreement_runs,400.0,,,0.3575,0.4,0.2425,,,,,0.3120927823653414,0.40561822151993315,,
charter_190m_random,drop100,1.0,evals,eval_holdout_agreement__canonical,eval_holdout_agreement,canonical,conflict_runs,0.0,0.0,0.0,,0.0,0.0,,,,,,,,
charter_190m_random,drop100,1.0,evals,eval_holdout_agreement__canonical,eval_holdout_agreement,canonical,agreement_runs,1200.0,,,0.4917,0.4683,0.04,,,,,0.46345269778201,0.5199338188947024,,
charter_190m_random,drop100,1.0,evals,eval_holdout_agreement__heldout,eval_holdout_agreement,heldout,conflict_runs,0.0,0.0,0.0,,0.0,0.0,,,,,,,,
charter_190m_random,drop100,1.0,evals,eval_holdout_agreement__heldout,eval_holdout_agreement,heldout,agreement_runs,1200.0,,,0.33,0.4158,0.2542,,,,,0.3039751121781858,0.3571098280267441,,
charter_190m_random,drop100,1.0,evals,eval_holdout_agreement__trained,eval_holdout_agreement,trained,conflict_runs,0.0,0.0,0.0,,0.0,0.0,,,,,,,,
charter_190m_random,drop100,1.0,evals,eval_holdout_agreement__trained,eval_holdout_agreement,trained,agreement_runs,1200.0,,,0.33,0.375,0.295,,,,,0.3039751121781858,0.3571098280267441,,
charter_190m_random,drop100,1.0,evals,eval_holdout_conflict__canonical,eval_holdout_conflict,canonical,conflict_runs,1200.0,0.2008,0.4133,,0.3408,0.045,0.1791370423522245,0.2244389063417453,0.38579157130664277,0.44142820213116474,,,,
charter_190m_random,drop100,1.0,evals,eval_holdout_conflict__canonical,eval_holdout_conflict,canonical,agreement_runs,0.0,,,0.0,0.0,0.0,,,,,,,,
charter_190m_random,drop100,1.0,evals,eval_holdout_conflict__heldout,eval_holdout_conflict,heldout,conflict_runs,1200.0,0.1675,0.2392,,0.3242,0.2692,0.1474401453212842,0.18968187007953458,0.2158878623648162,0.2641101096162773,,,,
charter_190m_random,drop100,1.0,evals,eval_holdout_conflict__heldout,eval_holdout_conflict,heldout,agreement_runs,0.0,,,0.0,0.0,0.0,,,,,,,,
charter_190m_random,drop100,1.0,evals,eval_holdout_conflict__trained,eval_holdout_conflict,trained,conflict_runs,1200.0,0.14,0.2842,,0.2583,0.3175,0.1215141957296981,0.16078332470427106,0.25936863300710516,0.31034214891974216,,,,
charter_190m_random,drop100,1.0,evals,eval_holdout_conflict__trained,eval_holdout_conflict,trained,agreement_runs,0.0,,,0.0,0.0,0.0,,,,,,,,
charter_190m_random,drop100,1.0,evals,eval_trained_adjacent__canonical,eval_trained_adjacent,canonical,conflict_runs,1000.0,0.121,0.491,,0.314,0.074,0.10222378228920961,0.14267690064284116,0.46010903314721446,0.5219598485055256,,,,
charter_190m_random,drop100,1.0,evals,eval_trained_adjacent__canonical,eval_trained_adjacent,canonical,agreement_runs,1000.0,,,0.502,0.424,0.074,,,,,0.47106219334840704,0.5329224996176508,,
charter_190m_random,drop100,1.0,evals,eval_trained_adjacent__heldout,eval_trained_adjacent,heldout,conflict_runs,1000.0,0.121,0.33,,0.325,0.224,0.10222378228920961,0.14267690064284116,0.3015555405204304,0.35974555736465835,,,,
charter_190m_random,drop100,1.0,evals,eval_trained_adjacent__heldout,eval_trained_adjacent,heldout,agreement_runs,1000.0,,,0.368,0.408,0.224,,,,,0.33866778404766534,0.3983424801925212,,
charter_190m_random,drop100,1.0,evals,eval_trained_adjacent__trained,eval_trained_adjacent,trained,conflict_runs,1000.0,0.114,0.357,,0.265,0.264,0.09576165709721693,0.13519260045363163,0.32790375004922234,0.38719070287764645,,,,
charter_190m_random,drop100,1.0,evals,eval_trained_adjacent__trained,eval_trained_adjacent,trained,agreement_runs,1000.0,,,0.374,0.362,0.264,,,,,0.34454609812769077,0.40441824501066914,,
charter_190m_random,drop100,1.0,evals,eval_trained_agreement__canonical,eval_trained_agreement,canonical,conflict_runs,0.0,0.0,0.0,,0.0,0.0,,,,,,,,
charter_190m_random,drop100,1.0,evals,eval_trained_agreement__canonical,eval_trained_agreement,canonical,agreement_runs,3000.0,,,0.534,0.415,0.051,,,,,0.5161173565287455,0.5517956817579325,,
charter_190m_random,drop100,1.0,evals,eval_trained_agreement__heldout,eval_trained_agreement,heldout,conflict_runs,0.0,0.0,0.0,,0.0,0.0,,,,,,,,
charter_190m_random,drop100,1.0,evals,eval_trained_agreement__heldout,eval_trained_agreement,heldout,agreement_runs,3000.0,,,0.3647,0.3617,0.2737,,,,,0.3476257932277204,0.3820536818272678,,
charter_190m_random,drop100,1.0,evals,eval_trained_agreement__trained,eval_trained_agreement,trained,conflict_runs,0.0,0.0,0.0,,0.0,0.0,,,,,,,,
charter_190m_random,drop100,1.0,evals,eval_trained_agreement__trained,eval_trained_agreement,trained,agreement_runs,3000.0,,,0.3543,0.338,0.3077,,,,,0.33741373469154323,0.37162550323710175,,
charter_190m_random,drop100,1.0,evals,eval_trained_conflict__canonical,eval_trained_conflict,canonical,conflict_runs,3000.0,0.159,0.4933,,0.301,0.0467,0.14635187765946336,0.17252029717120895,0.4754629491730258,0.5112207688099786,,,,
charter_190m_random,drop100,1.0,evals,eval_trained_conflict__canonical,eval_trained_conflict,canonical,agreement_runs,0.0,,,0.0,0.0,0.0,,,,,,,,
charter_190m_random,drop100,1.0,evals,eval_trained_conflict__heldout,eval_trained_conflict,heldout,conflict_runs,3000.0,0.1393,0.3247,,0.26,0.276,0.1274021660500632,0.15218697683047192,0.3081442985462579,0.34163748440675634,,,,
charter_190m_random,drop100,1.0,evals,eval_trained_conflict__heldout,eval_trained_conflict,heldout,agreement_runs,0.0,,,0.0,0.0,0.0,,,,,,,,
charter_190m_random,drop100,1.0,evals,eval_trained_conflict__trained,eval_trained_conflict,trained,conflict_runs,3000.0,0.11,0.339,,0.239,0.312,0.09929839195629818,0.12169911004945606,0.32227646653491315,0.35613532275464177,,,,
charter_190m_random,drop100,1.0,evals,eval_trained_conflict__trained,eval_trained_conflict,trained,agreement_runs,0.0,,,0.0,0.0,0.0,,,,,,,,
charter_1b,drop000,0.0,evals,eval_holdout_adjacent__canonical,eval_holdout_adjacent,canonical,conflict_runs,400.0,0.855,0.095,,0.04,0.01,0.8171167606818923,0.8861295103407572,0.06999661149327466,0.12770834691750552,,,512.0,
charter_1b,drop000,0.0,evals,eval_holdout_adjacent__canonical,eval_holdout_adjacent,canonical,agreement_runs,400.0,,,0.98,0.01,0.01,,,,,0.96103658423074,0.9898316132083353,512.0,
charter_1b,drop000,0.0,evals,eval_holdout_adjacent__heldout,eval_holdout_adjacent,heldout,conflict_runs,400.0,0.835,0.1075,,0.0525,0.005,0.7954717951637494,0.8681549676322718,0.0807937204715945,0.14167343058082826,,,512.0,
charter_1b,drop000,0.0,evals,eval_holdout_adjacent__heldout,eval_holdout_adjacent,heldout,agreement_runs,400.0,,,0.98,0.015,0.005,,,,,0.96103658423074,0.9898316132083353,512.0,
charter_1b,drop000,0.0,evals,eval_holdout_adjacent__trained,eval_holdout_adjacent,trained,conflict_runs,400.0,0.855,0.0975,,0.0425,0.005,0.8171167606818923,0.8861295103407572,0.0721451177853876,0.1305122791537211,,,512.0,
charter_1b,drop000,0.0,evals,eval_holdout_adjacent__trained,eval_holdout_adjacent,trained,agreement_runs,400.0,,,0.9825,0.0125,0.005,,,,,0.964322927074442,0.991497708892962,512.0,
charter_1b,drop000,0.0,evals,eval_holdout_agreement__canonical,eval_holdout_agreement,canonical,conflict_runs,0.0,0.0,0.0,,0.0,0.0,,,,,,,512.0,
charter_1b,drop000,0.0,evals,eval_holdout_agreement__canonical,eval_holdout_agreement,canonical,agreement_runs,1200.0,,,0.9875,0.0125,0.0,,,,,0.9794784112663456,0.9924103631459881,512.0,
charter_1b,drop000,0.0,evals,eval_holdout_agreement__heldout,eval_holdout_agreement,heldout,conflict_runs,0.0,0.0,0.0,,0.0,0.0,,,,,,,512.0,
charter_1b,drop000,0.0,evals,eval_holdout_agreement__heldout,eval_holdout_agreement,heldout,agreement_runs,1200.0,,,0.9817,0.0183,0.0,,,,,0.9723971709219195,0.9878621651641128,512.0,
charter_1b,drop000,0.0,evals,eval_holdout_agreement__trained,eval_holdout_agreement,trained,conflict_runs,0.0,0.0,0.0,,0.0,0.0,,,,,,,512.0,
charter_1b,drop000,0.0,evals,eval_holdout_agreement__trained,eval_holdout_agreement,trained,agreement_runs,1200.0,,,0.9875,0.0092,0.0033,,,,,0.9794784112663456,0.9924103631459881,512.0,
charter_1b,drop000,0.0,evals,eval_holdout_conflict__canonical,eval_holdout_conflict,canonical,conflict_runs,1200.0,0.8708,0.0792,,0.0467,0.0033,0.8506675795211425,0.8886324283651628,0.06519860055431885,0.09582049161964974,,,512.0,
charter_1b,drop000,0.0,evals,eval_holdout_conflict__canonical,eval_holdout_conflict,canonical,agreement_runs,0.0,,,0.0,0.0,0.0,,,,,,,512.0,
charter_1b,drop000,0.0,evals,eval_holdout_conflict__heldout,eval_holdout_conflict,heldout,conflict_runs,1200.0,0.84,0.0933,,0.0633,0.0033,0.8181774713080776,0.8596526482820628,0.07814727193356245,0.1111147418899953,,,512.0,
charter_1b,drop000,0.0,evals,eval_holdout_conflict__heldout,eval_holdout_conflict,heldout,agreement_runs,0.0,,,0.0,0.0,0.0,,,,,,,512.0,
charter_1b,drop000,0.0,evals,eval_holdout_conflict__trained,eval_holdout_conflict,trained,conflict_runs,1200.0,0.8492,0.0842,,0.0633,0.0033,0.827805174578631,0.8682997766671259,0.0697541033043737,0.10123307886356753,,,512.0,
charter_1b,drop000,0.0,evals,eval_holdout_conflict__trained,eval_holdout_conflict,trained,agreement_runs,0.0,,,0.0,0.0,0.0,,,,,,,512.0,
charter_1b,drop000,0.0,evals,eval_trained_adjacent__canonical,eval_trained_adjacent,canonical,conflict_runs,1000.0,0.779,0.186,,0.028,0.007,0.7522428263299142,0.8036218424351459,0.16310117914932548,0.21130202517960311,,,512.0,
charter_1b,drop000,0.0,evals,eval_trained_adjacent__canonical,eval_trained_adjacent,canonical,agreement_runs,1000.0,,,0.987,0.006,0.007,,,,,0.9778855576244203,0.9923871796106489,512.0,
charter_1b,drop000,0.0,evals,eval_trained_adjacent__heldout,eval_trained_adjacent,heldout,conflict_runs,1000.0,0.749,0.202,,0.04,0.009,0.7212080850643916,0.7748861892098018,0.17827757825342375,0.2280031698039671,,,512.0,
charter_1b,drop000,0.0,evals,eval_trained_adjacent__heldout,eval_trained_adjacent,heldout,agreement_runs,1000.0,,,0.982,0.009,0.009,,,,,0.9717267448294926,0.9885842599904322,512.0,
charter_1b,drop000,0.0,evals,eval_trained_adjacent__trained,eval_trained_adjacent,trained,conflict_runs,1000.0,0.73,0.225,,0.035,0.01,0.7016420587131034,0.756597632383541,0.20019895514206565,0.25190576202498965,,,512.0,
charter_1b,drop000,0.0,evals,eval_trained_adjacent__trained,eval_trained_adjacent,trained,agreement_runs,1000.0,,,0.986,0.004,0.01,,,,,0.9766379658824643,0.991642424869576,512.0,
charter_1b,drop000,0.0,evals,eval_trained_agreement__canonical,eval_trained_agreement,canonical,conflict_runs,0.0,0.0,0.0,,0.0,0.0,,,,,,,512.0,
charter_1b,drop000,0.0,evals,eval_trained_agreement__canonical,eval_trained_agreement,canonical,agreement_runs,3000.0,,,0.998,0.002,0.0,,,,,0.9956431969391587,0.9990830697304166,512.0,
charter_1b,drop000,0.0,evals,eval_trained_agreement__heldout,eval_trained_agreement,heldout,conflict_runs,0.0,0.0,0.0,,0.0,0.0,,,,,,,512.0,
charter_1b,drop000,0.0,evals,eval_trained_agreement__heldout,eval_trained_agreement,heldout,agreement_runs,3000.0,,,0.993,0.005,0.002,,,,,0.9893221068716327,0.9954169482851958,512.0,
charter_1b,drop000,0.0,evals,eval_trained_agreement__trained,eval_trained_agreement,trained,conflict_runs,0.0,0.0,0.0,,0.0,0.0,,,,,,,512.0,
charter_1b,drop000,0.0,evals,eval_trained_agreement__trained,eval_trained_agreement,trained,agreement_runs,3000.0,,,0.9937,0.003,0.0033,,,,,0.9901290295045656,0.9959416538539626,512.0,
charter_1b,drop000,0.0,evals,eval_trained_conflict__canonical,eval_trained_conflict,canonical,conflict_runs,3000.0,0.8233,0.136,,0.0367,0.004,0.8092748167630179,0.8365648610612713,0.12419820572712535,0.14873279614491192,,,512.0,
charter_1b,drop000,0.0,evals,eval_trained_conflict__canonical,eval_trained_conflict,canonical,agreement_runs,0.0,,,0.0,0.0,0.0,,,,,,,512.0,
charter_1b,drop000,0.0,evals,eval_trained_conflict__heldout,eval_trained_conflict,heldout,conflict_runs,3000.0,0.779,0.168,,0.049,0.004,0.7638009431872915,0.7934854592239765,0.15504800774859392,0.18180114780502252,,,512.0,
charter_1b,drop000,0.0,evals,eval_trained_conflict__heldout,eval_trained_conflict,heldout,agreement_runs,0.0,,,0.0,0.0,0.0,,,,,,,512.0,
charter_1b,drop000,0.0,evals,eval_trained_conflict__trained,eval_trained_conflict,trained,conflict_runs,3000.0,0.7733,0.178,,0.043,0.0057,0.7580074614162806,0.7879601012805413,0.16472655635351086,0.192097022225599,,,512.0,
charter_1b,drop000,0.0,evals,eval_trained_conflict__trained,eval_trained_conflict,trained,agreement_runs,0.0,,,0.0,0.0,0.0,,,,,,,512.0,
charter_1b,drop001,0.01,evals,eval_holdout_adjacent__canonical,eval_holdout_adjacent,canonical,conflict_runs,400.0,0.87,0.0775,,0.045,0.0075,0.8334921544792615,0.8994687477133592,0.055132934676844526,0.10790495403563605,,,512.0,
charter_1b,drop001,0.01,evals,eval_holdout_adjacent__canonical,eval_holdout_adjacent,canonical,agreement_runs,400.0,,,0.9925,0.0,0.0075,,,,,0.9781842792759678,0.9974461108047501,512.0,
charter_1b,drop001,0.01,evals,eval_holdout_adjacent__heldout,eval_holdout_adjacent,heldout,conflict_runs,400.0,0.855,0.08,,0.055,0.01,0.8171167606818923,0.8861295103407572,0.05723575041013352,0.11075457683067555,,,512.0,
charter_1b,drop001,0.01,evals,eval_holdout_adjacent__heldout,eval_holdout_adjacent,heldout,agreement_runs,400.0,,,0.9725,0.0175,0.01,,,,,0.9514345181143852,0.9845763637397046,512.0,
charter_1b,drop001,0.01,evals,eval_holdout_adjacent__trained,eval_holdout_adjacent,trained,conflict_runs,400.0,0.8675,0.085,,0.035,0.0125,0.8307536803033191,0.897254783360973,0.061463020023938206,0.1164321842735279,,,512.0,
charter_1b,drop001,0.01,evals,eval_holdout_adjacent__trained,eval_holdout_adjacent,trained,agreement_runs,400.0,,,0.9825,0.005,0.0125,,,,,0.964322927074442,0.991497708892962,512.0,
charter_1b,drop001,0.01,evals,eval_holdout_agreement__canonical,eval_holdout_agreement,canonical,conflict_runs,0.0,0.0,0.0,,0.0,0.0,,,,,,,512.0,
charter_1b,drop001,0.01,evals,eval_holdout_agreement__canonical,eval_holdout_agreement,canonical,agreement_runs,1200.0,,,0.9967,0.0033,0.0,,,,,0.991460614576057,0.9987029914918931,512.0,
charter_1b,drop001,0.01,evals,eval_holdout_agreement__heldout,eval_holdout_agreement,heldout,conflict_runs,0.0,0.0,0.0,,0.0,0.0,,,,,,,512.0,
charter_1b,drop001,0.01,evals,eval_holdout_agreement__heldout,eval_holdout_agreement,heldout,agreement_runs,1200.0,,,0.985,0.015,0.0,,,,,0.97641374205097,0.9904909873643775,512.0,
charter_1b,drop001,0.01,evals,eval_holdout_agreement__trained,eval_holdout_agreement,trained,conflict_runs,0.0,0.0,0.0,,0.0,0.0,,,,,,,512.0,
charter_1b,drop001,0.01,evals,eval_holdout_agreement__trained,eval_holdout_agreement,trained,agreement_runs,1200.0,,,0.985,0.0083,0.0067,,,,,0.97641374205097,0.9904909873643775,512.0,
charter_1b,drop001,0.01,evals,eval_holdout_conflict__canonical,eval_holdout_conflict,canonical,conflict_runs,1200.0,0.9183,0.0492,,0.0258,0.0067,0.9014710960202124,0.9325257668088329,0.03830703804746355,0.06290351416266912,,,512.0,
charter_1b,drop001,0.01,evals,eval_holdout_conflict__canonical,eval_holdout_conflict,canonical,agreement_runs,0.0,,,0.0,0.0,0.0,,,,,,,512.0,
charter_1b,drop001,0.01,evals,eval_holdout_conflict__heldout,eval_holdout_conflict,heldout,conflict_runs,1200.0,0.89,0.0575,,0.0375,0.015,0.8710369399876371,0.90647407954223,0.04568605530313233,0.0721379802302881,,,512.0,
charter_1b,drop001,0.01,evals,eval_holdout_conflict__heldout,eval_holdout_conflict,heldout,agreement_runs,0.0,,,0.0,0.0,0.0,,,,,,,512.0,
charter_1b,drop001,0.01,evals,eval_holdout_conflict__trained,eval_holdout_conflict,trained,conflict_runs,1200.0,0.8775,0.0675,,0.0417,0.0133,0.8577356642794688,0.8948551302654667,0.05464078749532281,0.08311942802604291,,,512.0,
charter_1b,drop001,0.01,evals,eval_holdout_conflict__trained,eval_holdout_conflict,trained,agreement_runs,0.0,,,0.0,0.0,0.0,,,,,,,512.0,
charter_1b,drop001,0.01,evals,eval_trained_adjacent__canonical,eval_trained_adjacent,canonical,conflict_runs,1000.0,0.834,0.136,,0.02,0.01,0.8096691971622606,0.8557745281693884,0.11614206454966146,0.15864381562782265,,,512.0,
charter_1b,drop001,0.01,evals,eval_trained_adjacent__canonical,eval_trained_adjacent,canonical,agreement_runs,1000.0,,,0.984,0.006,0.01,,,,,0.9741679397882599,0.9901277579977226,512.0,
charter_1b,drop001,0.01,evals,eval_trained_adjacent__heldout,eval_trained_adjacent,heldout,conflict_runs,1000.0,0.805,0.152,,0.027,0.016,0.7792957712157098,0.8283699061081014,0.13108250256297901,0.17558092134296735,,,512.0,
charter_1b,drop001,0.01,evals,eval_trained_adjacent__heldout,eval_trained_adjacent,heldout,agreement_runs,1000.0,,,0.97,0.014,0.016,,,,,0.9574965858524128,0.9789062611711653,512.0,
charter_1b,drop001,0.01,evals,eval_trained_adjacent__trained,eval_trained_adjacent,trained,conflict_runs,1000.0,0.774,0.189,,0.021,0.016,0.7470576210232623,0.7988453153266534,0.16594186207478387,0.2144383817032314,,,512.0,
charter_1b,drop001,0.01,evals,eval_trained_adjacent__trained,eval_trained_adjacent,trained,agreement_runs,1000.0,,,0.976,0.008,0.016,,,,,0.9645370943883885,0.9838198315333629,512.0,
charter_1b,drop001,0.01,evals,eval_trained_agreement__canonical,eval_trained_agreement,canonical,conflict_runs,0.0,0.0,0.0,,0.0,0.0,,,,,,,512.0,
charter_1b,drop001,0.01,evals,eval_trained_agreement__canonical,eval_trained_agreement,canonical,agreement_runs,3000.0,,,0.9993,0.0007,0.0,,,,,0.9975723661607839,0.9998171569121904,512.0,
charter_1b,drop001,0.01,evals,eval_trained_agreement__heldout,eval_trained_agreement,heldout,conflict_runs,0.0,0.0,0.0,,0.0,0.0,,,,,,,512.0,
charter_1b,drop001,0.01,evals,eval_trained_agreement__heldout,eval_trained_agreement,heldout,agreement_runs,3000.0,,,0.99,0.008,0.002,,,,,0.9857604325031672,0.9929862957460132,512.0,
charter_1b,drop001,0.01,evals,eval_trained_agreement__trained,eval_trained_agreement,trained,conflict_runs,0.0,0.0,0.0,,0.0,0.0,,,,,,,512.0,
charter_1b,drop001,0.01,evals,eval_trained_agreement__trained,eval_trained_agreement,trained,agreement_runs,3000.0,,,0.9923,0.0047,0.003,,,,,0.9885216135151568,0.9948858134399722,512.0,
charter_1b,drop001,0.01,evals,eval_trained_conflict__canonical,eval_trained_conflict,canonical,conflict_runs,3000.0,0.884,0.0893,,0.0207,0.006,0.8720468358394053,0.8949710083395443,0.07964509853884703,0.10007192921422069,,,512.0,
charter_1b,drop001,0.01,evals,eval_trained_conflict__canonical,eval_trained_conflict,canonical,agreement_runs,0.0,,,0.0,0.0,0.0,,,,,,,512.0,
charter_1b,drop001,0.01,evals,eval_trained_conflict__heldout,eval_trained_conflict,heldout,conflict_runs,3000.0,0.8477,0.1087,,0.035,0.0087,0.8343638765491667,0.8600802306371566,0.09802632074886565,0.12030792485348947,,,512.0,
charter_1b,drop001,0.01,evals,eval_trained_conflict__heldout,eval_trained_conflict,heldout,agreement_runs,0.0,,,0.0,0.0,0.0,,,,,,,512.0,
charter_1b,drop001,0.01,evals,eval_trained_conflict__trained,eval_trained_conflict,trained,conflict_runs,3000.0,0.835,0.1227,,0.0327,0.0097,0.8212908883322254,0.8478522830218063,0.11140775443972471,0.13489068339832125,,,512.0,
charter_1b,drop001,0.01,evals,eval_trained_conflict__trained,eval_trained_conflict,trained,agreement_runs,0.0,,,0.0,0.0,0.0,,,,,,,512.0,
charter_1b,drop002,0.02,evals,eval_holdout_adjacent__canonical,eval_holdout_adjacent,canonical,conflict_runs,400.0,0.8725,0.09,,0.0275,0.01,0.8362345298775349,0.9016788108434142,0.06571729376939449,0.12208278758472867,,,512.0,
charter_1b,drop002,0.02,evals,eval_holdout_adjacent__canonical,eval_holdout_adjacent,canonical,agreement_runs,400.0,,,0.98,0.01,0.01,,,,,0.96103658423074,0.9898316132083353,512.0,
charter_1b,drop002,0.02,evals,eval_holdout_adjacent__heldout,eval_holdout_adjacent,heldout,conflict_runs,400.0,0.825,0.1225,,0.05,0.0025,0.7847212102757526,0.8590957984069547,0.09391315520467675,0.1582686270177171,,,512.0,
charter_1b,drop002,0.02,evals,eval_holdout_adjacent__heldout,eval_holdout_adjacent,heldout,agreement_runs,400.0,,,0.9875,0.01,0.0025,,,,,0.9710762638040326,0.9946492492200284,512.0,
charter_1b,drop002,0.02,evals,eval_holdout_adjacent__trained,eval_holdout_adjacent,trained,conflict_runs,400.0,0.8075,0.145,,0.0375,0.01,0.7660109641776837,0.8431389748067241,0.11387048965924287,0.18288323931810765,,,512.0,
charter_1b,drop002,0.02,evals,eval_holdout_adjacent__trained,eval_holdout_adjacent,trained,agreement_runs,400.0,,,0.975,0.015,0.01,,,,,0.9545984121283544,0.986364908254064,512.0,
charter_1b,drop002,0.02,evals,eval_holdout_agreement__canonical,eval_holdout_agreement,canonical,conflict_runs,0.0,0.0,0.0,,0.0,0.0,,,,,,,512.0,
charter_1b,drop002,0.02,evals,eval_holdout_agreement__canonical,eval_holdout_agreement,canonical,agreement_runs,1200.0,,,0.9942,0.0058,0.0,,,,,0.9880080606189064,0.9971715004520575,512.0,
charter_1b,drop002,0.02,evals,eval_holdout_agreement__heldout,eval_holdout_agreement,heldout,conflict_runs,0.0,0.0,0.0,,0.0,0.0,,,,,,,512.0,
charter_1b,drop002,0.02,evals,eval_holdout_agreement__heldout,eval_holdout_agreement,heldout,agreement_runs,1200.0,,,0.9783,0.0117,0.01,,,,,0.9684421563950483,0.9851717863616689,512.0,
charter_1b,drop002,0.02,evals,eval_holdout_agreement__trained,eval_holdout_agreement,trained,conflict_runs,0.0,0.0,0.0,,0.0,0.0,,,,,,,512.0,
charter_1b,drop002,0.02,evals,eval_holdout_agreement__trained,eval_holdout_agreement,trained,agreement_runs,1200.0,,,0.9775,0.0117,0.0108,,,,,0.967461384429789,0.9844912099945995,512.0,
charter_1b,drop002,0.02,evals,eval_holdout_conflict__canonical,eval_holdout_conflict,canonical,conflict_runs,1200.0,0.8617,0.0933,,0.0383,0.0067,0.8409756921167968,0.8800494841138919,0.07814727193356245,0.1111147418899953,,,512.0,
charter_1b,drop002,0.02,evals,eval_holdout_conflict__canonical,eval_holdout_conflict,canonical,agreement_runs,0.0,,,0.0,0.0,0.0,,,,,,,512.0,
charter_1b,drop002,0.02,evals,eval_holdout_conflict__heldout,eval_holdout_conflict,heldout,conflict_runs,1200.0,0.805,0.1175,,0.065,0.0125,0.7816246345301421,0.8264288551021897,0.10048935974677553,0.1369517557143167,,,512.0,
charter_1b,drop002,0.02,evals,eval_holdout_conflict__heldout,eval_holdout_conflict,heldout,agreement_runs,0.0,,,0.0,0.0,0.0,,,,,,,512.0,
charter_1b,drop002,0.02,evals,eval_holdout_conflict__trained,eval_holdout_conflict,trained,conflict_runs,1200.0,0.81,0.1183,,0.0533,0.0183,0.7868280593780893,0.8311935202482151,0.10126456619264834,0.13783789760077267,,,512.0,
charter_1b,drop002,0.02,evals,eval_holdout_conflict__trained,eval_holdout_conflict,trained,agreement_runs,0.0,,,0.0,0.0,0.0,,,,,,,512.0,
charter_1b,drop002,0.02,evals,eval_trained_adjacent__canonical,eval_trained_adjacent,canonical,conflict_runs,1000.0,0.738,0.229,,0.024,0.009,0.7098723945402418,0.7643060684206339,0.20402312975052517,0.25605097334864574,,,512.0,
charter_1b,drop002,0.02,evals,eval_trained_adjacent__canonical,eval_trained_adjacent,canonical,agreement_runs,1000.0,,,0.981,0.01,0.009,,,,,0.9705155440876868,0.9878031142492091,512.0,
charter_1b,drop002,0.02,evals,eval_trained_adjacent__heldout,eval_trained_adjacent,heldout,conflict_runs,1000.0,0.688,0.26,,0.043,0.009,0.6586108249018996,0.7159503139075316,0.23376861850763092,0.2880682255654355,,,512.0,
charter_1b,drop002,0.02,evals,eval_trained_adjacent__heldout,eval_trained_adjacent,heldout,agreement_runs,1000.0,,,0.979,0.012,0.009,,,,,0.9681097049387624,0.9862242604320757,512.0,
charter_1b,drop002,0.02,evals,eval_trained_adjacent__trained,eval_trained_adjacent,trained,conflict_runs,1000.0,0.665,0.281,,0.04,0.014,0.6351640508403954,0.6935731188593713,0.2540197783064665,0.30965634191020663,,,512.0,
charter_1b,drop002,0.02,evals,eval_trained_adjacent__trained,eval_trained_adjacent,trained,agreement_runs,1000.0,,,0.979,0.007,0.014,,,,,0.9681097049387624,0.9862242604320757,512.0,
charter_1b,drop002,0.02,evals,eval_trained_agreement__canonical,eval_trained_agreement,canonical,conflict_runs,0.0,0.0,0.0,,0.0,0.0,,,,,,,512.0,
charter_1b,drop002,0.02,evals,eval_trained_agreement__canonical,eval_trained_agreement,canonical,agreement_runs,3000.0,,,0.998,0.002,0.0,,,,,0.9956431969391587,0.9990830697304166,512.0,
charter_1b,drop002,0.02,evals,eval_trained_agreement__heldout,eval_trained_agreement,heldout,conflict_runs,0.0,0.0,0.0,,0.0,0.0,,,,,,,512.0,
charter_1b,drop002,0.02,evals,eval_trained_agreement__heldout,eval_trained_agreement,heldout,agreement_runs,3000.0,,,0.9857,0.007,0.0073,,,,,0.9807498547526199,0.9893412901855134,512.0,
charter_1b,drop002,0.02,evals,eval_trained_agreement__trained,eval_trained_agreement,trained,conflict_runs,0.0,0.0,0.0,,0.0,0.0,,,,,,,512.0,
charter_1b,drop002,0.02,evals,eval_trained_agreement__trained,eval_trained_agreement,trained,agreement_runs,3000.0,,,0.9783,0.0057,0.016,,,,,0.9724792670231129,0.9829639676963252,512.0,
charter_1b,drop002,0.02,evals,eval_trained_conflict__canonical,eval_trained_conflict,canonical,conflict_runs,3000.0,0.7813,0.1757,,0.037,0.006,0.7661876539781783,0.7957594471390382,0.16246676326072335,0.18969611661243807,,,512.0,
charter_1b,drop002,0.02,evals,eval_trained_conflict__canonical,eval_trained_conflict,canonical,agreement_runs,0.0,,,0.0,0.0,0.0,,,,,,,512.0,
charter_1b,drop002,0.02,evals,eval_trained_conflict__heldout,eval_trained_conflict,heldout,conflict_runs,3000.0,0.7123,0.2317,,0.0453,0.0107,0.6958714096135318,0.7282521726277799,0.21691846005659043,0.24710118875933446,,,512.0,
charter_1b,drop002,0.02,evals,eval_trained_conflict__heldout,eval_trained_conflict,heldout,agreement_runs,0.0,,,0.0,0.0,0.0,,,,,,,512.0,
charter_1b,drop002,0.02,evals,eval_trained_conflict__trained,eval_trained_conflict,trained,conflict_runs,3000.0,0.7123,0.226,,0.043,0.0187,0.6958714096135318,0.7282521726277799,0.21138965197013368,0.2413111571313449,,,512.0,
charter_1b,drop002,0.02,evals,eval_trained_conflict__trained,eval_trained_conflict,trained,agreement_runs,0.0,,,0.0,0.0,0.0,,,,,,,512.0,
charter_1b,drop005,0.05,evals,eval_holdout_adjacent__canonical,eval_holdout_adjacent,canonical,conflict_runs,400.0,0.81,0.13,,0.055,0.005,0.7686762283551012,0.8454261491576349,0.10053125228664084,0.1665078455207386,,,512.0,
charter_1b,drop005,0.05,evals,eval_holdout_adjacent__canonical,eval_holdout_adjacent,canonical,agreement_runs,400.0,,,0.975,0.02,0.005,,,,,0.9545984121283544,0.986364908254064,512.0,
charter_1b,drop005,0.05,evals,eval_holdout_adjacent__heldout,eval_holdout_adjacent,heldout,conflict_runs,400.0,0.7925,0.1325,,0.065,0.01,0.7500694660392275,0.829365841775209,0.10274521663902703,0.1692463196966809,,,512.0,
charter_1b,drop005,0.05,evals,eval_holdout_adjacent__heldout,eval_holdout_adjacent,heldout,agreement_runs,400.0,,,0.965,0.025,0.01,,,,,0.9421148604670819,0.9790387058020222,512.0,
charter_1b,drop005,0.05,evals,eval_holdout_adjacent__trained,eval_holdout_adjacent,trained,conflict_runs,400.0,0.7725,0.1475,,0.0725,0.0075,0.7289390669951599,0.8108767325926485,0.1161060733583933,0.18560009414728573,,,512.0,
charter_1b,drop005,0.05,evals,eval_holdout_adjacent__trained,eval_holdout_adjacent,trained,agreement_runs,400.0,,,0.97,0.0225,0.0075,,,,,0.9483014642909043,0.982756979034857,512.0,
charter_1b,drop005,0.05,evals,eval_holdout_agreement__canonical,eval_holdout_agreement,canonical,conflict_runs,0.0,0.0,0.0,,0.0,0.0,,,,,,,512.0,
charter_1b,drop005,0.05,evals,eval_holdout_agreement__canonical,eval_holdout_agreement,canonical,agreement_runs,1200.0,,,0.9917,0.0083,0.0,,,,,0.9847282563176804,0.9954672597562974,512.0,
charter_1b,drop005,0.05,evals,eval_holdout_agreement__heldout,eval_holdout_agreement,heldout,conflict_runs,0.0,0.0,0.0,,0.0,0.0,,,,,,,512.0,
charter_1b,drop005,0.05,evals,eval_holdout_agreement__heldout,eval_holdout_agreement,heldout,agreement_runs,1200.0,,,0.98,0.02,0.0,,,,,0.9704129080935027,0.9865237313278721,512.0,
charter_1b,drop005,0.05,evals,eval_holdout_agreement__trained,eval_holdout_agreement,trained,conflict_runs,0.0,0.0,0.0,,0.0,0.0,,,,,,,512.0,
charter_1b,drop005,0.05,evals,eval_holdout_agreement__trained,eval_holdout_agreement,trained,agreement_runs,1200.0,,,0.9892,0.0092,0.0017,,,,,0.9815533657706365,0.9936581053063548,512.0,
charter_1b,drop005,0.05,evals,eval_holdout_conflict__canonical,eval_holdout_conflict,canonical,conflict_runs,1200.0,0.8517,0.0925,,0.0525,0.0033,0.830435292737626,0.8706537035051172,0.07738218966866614,0.11021847582256283,,,512.0,
charter_1b,drop005,0.05,evals,eval_holdout_conflict__canonical,eval_holdout_conflict,canonical,agreement_runs,0.0,,,0.0,0.0,0.0,,,,,,,512.0,
charter_1b,drop005,0.05,evals,eval_holdout_conflict__heldout,eval_holdout_conflict,heldout,conflict_runs,1200.0,0.82,0.1133,,0.0633,0.0033,0.7972525277108347,0.840705231903415,0.09661774402157605,0.13251662977787232,,,512.0,
charter_1b,drop005,0.05,evals,eval_holdout_conflict__heldout,eval_holdout_conflict,heldout,agreement_runs,0.0,,,0.0,0.0,0.0,,,,,,,512.0,
charter_1b,drop005,0.05,evals,eval_holdout_conflict__trained,eval_holdout_conflict,trained,conflict_runs,1200.0,0.8225,0.1033,,0.0675,0.0067,0.7998624505723236,0.8430793540389124,0.08735769061027268,0.12184050320123038,,,512.0,
charter_1b,drop005,0.05,evals,eval_holdout_conflict__trained,eval_holdout_conflict,trained,agreement_runs,0.0,,,0.0,0.0,0.0,,,,,,,512.0,
charter_1b,drop005,0.05,evals,eval_trained_adjacent__canonical,eval_trained_adjacent,canonical,conflict_runs,1000.0,0.7,0.261,,0.033,0.006,0.6708761390827828,0.7275931575229951,0.23473118426217232,0.289098006293923,,,512.0,
charter_1b,drop005,0.05,evals,eval_trained_adjacent__canonical,eval_trained_adjacent,canonical,agreement_runs,1000.0,,,0.987,0.007,0.006,,,,,0.9778855576244203,0.9923871796106489,512.0,
charter_1b,drop005,0.05,evals,eval_trained_adjacent__heldout,eval_trained_adjacent,heldout,conflict_runs,1000.0,0.688,0.26,,0.039,0.013,0.6586108249018996,0.7159503139075316,0.23376861850763092,0.2880682255654355,,,512.0,
charter_1b,drop005,0.05,evals,eval_trained_adjacent__heldout,eval_trained_adjacent,heldout,agreement_runs,1000.0,,,0.978,0.009,0.013,,,,,0.9669143266526002,0.9854272922352089,512.0,
charter_1b,drop005,0.05,evals,eval_trained_adjacent__trained,eval_trained_adjacent,trained,conflict_runs,1000.0,0.665,0.29,,0.035,0.01,0.6351640508403954,0.6935731188593713,0.2627220349939292,0.31888520357000394,,,512.0,
charter_1b,drop005,0.05,evals,eval_trained_adjacent__trained,eval_trained_adjacent,trained,agreement_runs,1000.0,,,0.981,0.009,0.01,,,,,0.9705155440876868,0.9878031142492091,512.0,
charter_1b,drop005,0.05,evals,eval_trained_agreement__canonical,eval_trained_agreement,canonical,conflict_runs,0.0,0.0,0.0,,0.0,0.0,,,,,,,512.0,
charter_1b,drop005,0.05,evals,eval_trained_agreement__canonical,eval_trained_agreement,canonical,agreement_runs,3000.0,,,0.998,0.0013,0.0007,,,,,0.9956431969391587,0.9990830697304166,512.0,
charter_1b,drop005,0.05,evals,eval_trained_agreement__heldout,eval_trained_agreement,heldout,conflict_runs,0.0,0.0,0.0,,0.0,0.0,,,,,,,512.0,
charter_1b,drop005,0.05,evals,eval_trained_agreement__heldout,eval_trained_agreement,heldout,agreement_runs,3000.0,,,0.9923,0.007,0.0007,,,,,0.9885216135151568,0.9948858134399722,512.0,
charter_1b,drop005,0.05,evals,eval_trained_agreement__trained,eval_trained_agreement,trained,conflict_runs,0.0,0.0,0.0,,0.0,0.0,,,,,,,512.0,
charter_1b,drop005,0.05,evals,eval_trained_agreement__trained,eval_trained_agreement,trained,agreement_runs,3000.0,,,0.9967,0.0033,0.0,,,,,0.9938746440277139,0.9981883662384624,512.0,
charter_1b,drop005,0.05,evals,eval_trained_conflict__canonical,eval_trained_conflict,canonical,conflict_runs,3000.0,0.768,0.192,,0.0373,0.0027,0.7525583409195513,0.782756196163674,0.17830308622614982,0.20648468458865094,,,512.0,
charter_1b,drop005,0.05,evals,eval_trained_conflict__canonical,eval_trained_conflict,canonical,agreement_runs,0.0,,,0.0,0.0,0.0,,,,,,,512.0,
charter_1b,drop005,0.05,evals,eval_trained_conflict__heldout,eval_trained_conflict,heldout,conflict_runs,3000.0,0.7273,0.217,,0.047,0.0087,0.7111144813240395,0.7429707354555122,0.20261669640012445,0.23210713197841001,,,512.0,
charter_1b,drop005,0.05,evals,eval_trained_conflict__heldout,eval_trained_conflict,heldout,agreement_runs,0.0,,,0.0,0.0,0.0,,,,,,,512.0,
charter_1b,drop005,0.05,evals,eval_trained_conflict__trained,eval_trained_conflict,trained,conflict_runs,3000.0,0.7153,0.23,,0.0483,0.0063,0.6989182585203655,0.7311976506285942,0.21529193956658155,0.24539863874509443,,,512.0,
charter_1b,drop005,0.05,evals,eval_trained_conflict__trained,eval_trained_conflict,trained,agreement_runs,0.0,,,0.0,0.0,0.0,,,,,,,512.0,
charter_1b,drop010,0.1,evals,eval_holdout_adjacent__canonical,eval_holdout_adjacent,canonical,conflict_runs,400.0,0.7825,0.15,,0.0625,0.005,0.7394871744110123,0.8201383792901102,0.11834499530337544,0.18831361073063213,,,512.0,
charter_1b,drop010,0.1,evals,eval_holdout_adjacent__canonical,eval_holdout_adjacent,canonical,agreement_runs,400.0,,,0.9825,0.0125,0.005,,,,,0.964322927074442,0.991497708892962,512.0,
charter_1b,drop010,0.1,evals,eval_holdout_adjacent__heldout,eval_holdout_adjacent,heldout,conflict_runs,400.0,0.7625,0.17,,0.065,0.0025,0.7184235572819023,0.801582488192592,0.13636898220196564,0.20990913205867007,,,512.0,
charter_1b,drop010,0.1,evals,eval_holdout_adjacent__heldout,eval_holdout_adjacent,heldout,agreement_runs,400.0,,,0.9825,0.015,0.0025,,,,,0.964322927074442,0.991497708892962,512.0,
charter_1b,drop010,0.1,evals,eval_holdout_adjacent__trained,eval_holdout_adjacent,trained,conflict_runs,400.0,0.735,0.175,,0.08,0.01,0.6896629392432349,0.7758662824196457,0.14090420159304531,0.21527878972424744,,,512.0,
charter_1b,drop010,0.1,evals,eval_holdout_adjacent__trained,eval_holdout_adjacent,trained,agreement_runs,400.0,,,0.9725,0.0175,0.01,,,,,0.9514345181143852,0.9845763637397046,512.0,
charter_1b,drop010,0.1,evals,eval_holdout_agreement__canonical,eval_holdout_agreement,canonical,conflict_runs,0.0,0.0,0.0,,0.0,0.0,,,,,,,512.0,
charter_1b,drop010,0.1,evals,eval_holdout_agreement__canonical,eval_holdout_agreement,canonical,agreement_runs,1200.0,,,0.9867,0.0133,0.0,,,,,0.9784510521095888,0.9917763739704162,512.0,
charter_1b,drop010,0.1,evals,eval_holdout_agreement__heldout,eval_holdout_agreement,heldout,conflict_runs,0.0,0.0,0.0,,0.0,0.0,,,,,,,512.0,
charter_1b,drop010,0.1,evals,eval_holdout_agreement__heldout,eval_holdout_agreement,heldout,agreement_runs,1200.0,,,0.9758,0.0242,0.0,,,,,0.9655082635637515,0.9831216341959794,512.0,
charter_1b,drop010,0.1,evals,eval_holdout_agreement__trained,eval_holdout_agreement,trained,conflict_runs,0.0,0.0,0.0,,0.0,0.0,,,,,,,512.0,
charter_1b,drop010,0.1,evals,eval_holdout_agreement__trained,eval_holdout_agreement,trained,agreement_runs,1200.0,,,0.9867,0.0117,0.0017,,,,,0.9784510521095888,0.9917763739704162,512.0,
charter_1b,drop010,0.1,evals,eval_holdout_conflict__canonical,eval_holdout_conflict,canonical,conflict_runs,1200.0,0.795,0.13,,0.0617,0.0133,0.7712345567244697,0.8168827529199166,0.11214659156538244,0.15021474888064146,,,512.0,
charter_1b,drop010,0.1,evals,eval_holdout_conflict__canonical,eval_holdout_conflict,canonical,agreement_runs,0.0,,,0.0,0.0,0.0,,,,,,,512.0,
charter_1b,drop010,0.1,evals,eval_holdout_conflict__heldout,eval_holdout_conflict,heldout,conflict_runs,1200.0,0.7725,0.1475,,0.075,0.005,0.7479333106237827,0.7953275940477269,0.12856208564108018,0.16868756978384797,,,512.0,
charter_1b,drop010,0.1,evals,eval_holdout_conflict__heldout,eval_holdout_conflict,heldout,agreement_runs,0.0,,,0.0,0.0,0.0,,,,,,,512.0,
charter_1b,drop010,0.1,evals,eval_holdout_conflict__trained,eval_holdout_conflict,trained,conflict_runs,1200.0,0.7508,0.1642,,0.075,0.01,0.7255866263708108,0.7744792216601506,0.14428587271178195,0.18619074935972169,,,512.0,
charter_1b,drop010,0.1,evals,eval_holdout_conflict__trained,eval_holdout_conflict,trained,agreement_runs,0.0,,,0.0,0.0,0.0,,,,,,,512.0,
charter_1b,drop010,0.1,evals,eval_trained_adjacent__canonical,eval_trained_adjacent,canonical,conflict_runs,1000.0,0.658,0.291,,0.045,0.006,0.6280436431236504,0.6867471011949141,0.2636897827038125,0.3199098023431496,,,512.0,
charter_1b,drop010,0.1,evals,eval_trained_adjacent__canonical,eval_trained_adjacent,canonical,agreement_runs,1000.0,,,0.991,0.003,0.006,,,,,0.9829841838346619,0.9952579393325228,512.0,
charter_1b,drop010,0.1,evals,eval_trained_adjacent__heldout,eval_trained_adjacent,heldout,conflict_runs,1000.0,0.619,0.312,,0.058,0.011,0.5884995451079357,0.6485896863725021,0.2840496860924683,0.3413891750981004,,,512.0,
charter_1b,drop010,0.1,evals,eval_trained_adjacent__heldout,eval_trained_adjacent,heldout,agreement_runs,1000.0,,,0.979,0.01,0.011,,,,,0.9681097049387624,0.9862242604320757,512.0,
charter_1b,drop010,0.1,evals,eval_trained_adjacent__trained,eval_trained_adjacent,trained,conflict_runs,1000.0,0.606,0.335,,0.047,0.012,0.5753643006840624,0.6358244265169998,0.3064268811406286,0.36483594915960454,,,512.0,
charter_1b,drop010,0.1,evals,eval_trained_adjacent__trained,eval_trained_adjacent,trained,agreement_runs,1000.0,,,0.981,0.007,0.012,,,,,0.9705155440876868,0.9878031142492091,512.0,
charter_1b,drop010,0.1,evals,eval_trained_agreement__canonical,eval_trained_agreement,canonical,conflict_runs,0.0,0.0,0.0,,0.0,0.0,,,,,,,512.0,
charter_1b,drop010,0.1,evals,eval_trained_agreement__canonical,eval_trained_agreement,canonical,agreement_runs,3000.0,,,0.996,0.0027,0.0013,,,,,0.9930210628765851,0.9977103191878914,512.0,
charter_1b,drop010,0.1,evals,eval_trained_agreement__heldout,eval_trained_agreement,heldout,conflict_runs,0.0,0.0,0.0,,0.0,0.0,,,,,,,512.0,
charter_1b,drop010,0.1,evals,eval_trained_agreement__heldout,eval_trained_agreement,heldout,agreement_runs,3000.0,,,0.9917,0.0073,0.001,,,,,0.9877267648163707,0.9943490339370588,512.0,
charter_1b,drop010,0.1,evals,eval_trained_agreement__trained,eval_trained_agreement,trained,conflict_runs,0.0,0.0,0.0,,0.0,0.0,,,,,,,512.0,
charter_1b,drop010,0.1,evals,eval_trained_agreement__trained,eval_trained_agreement,trained,agreement_runs,3000.0,,,0.9953,0.0033,0.0013,,,,,0.9921816677963083,0.9972180860664687,512.0,
charter_1b,drop010,0.1,evals,eval_trained_conflict__canonical,eval_trained_conflict,canonical,conflict_runs,3000.0,0.6787,0.26,,0.053,0.0083,0.6617366442745706,0.6951397137809129,0.24461792446191868,0.2759959229262377,,,512.0,
charter_1b,drop010,0.1,evals,eval_trained_conflict__canonical,eval_trained_conflict,canonical,agreement_runs,0.0,,,0.0,0.0,0.0,,,,,,,512.0,
charter_1b,drop010,0.1,evals,eval_trained_conflict__heldout,eval_trained_conflict,heldout,conflict_runs,3000.0,0.651,0.2807,,0.0593,0.009,0.6337601803312618,0.6678536073536898,0.26487640661975553,0.29701791502108743,,,512.0,
charter_1b,drop010,0.1,evals,eval_trained_conflict__heldout,eval_trained_conflict,heldout,agreement_runs,0.0,,,0.0,0.0,0.0,,,,,,,512.0,
charter_1b,drop010,0.1,evals,eval_trained_conflict__trained,eval_trained_conflict,trained,conflict_runs,3000.0,0.651,0.283,,0.0583,0.0077,0.6337601803312618,0.6678536073536898,0.2671663498923683,0.2993886704544231,,,512.0,
charter_1b,drop010,0.1,evals,eval_trained_conflict__trained,eval_trained_conflict,trained,agreement_runs,0.0,,,0.0,0.0,0.0,,,,,,,512.0,
charter_1b,drop020,0.2,evals,eval_holdout_adjacent__canonical,eval_holdout_adjacent,canonical,conflict_runs,400.0,0.7425,0.1775,,0.0775,0.0025,0.697484812382584,0.7829017248652822,0.14317591908715524,0.217959510758466,,,512.0,
charter_1b,drop020,0.2,evals,eval_holdout_adjacent__canonical,eval_holdout_adjacent,canonical,agreement_runs,400.0,,,0.9825,0.015,0.0025,,,,,0.964322927074442,0.991497708892962,512.0,
charter_1b,drop020,0.2,evals,eval_holdout_adjacent__heldout,eval_holdout_adjacent,heldout,conflict_runs,400.0,0.735,0.205,,0.0525,0.0075,0.6896629392432349,0.7758662824196457,0.16833283817780625,0.24727941547942867,,,512.0,
charter_1b,drop020,0.2,evals,eval_holdout_adjacent__heldout,eval_holdout_adjacent,heldout,agreement_runs,400.0,,,0.975,0.0175,0.0075,,,,,0.9545984121283544,0.986364908254064,512.0,
charter_1b,drop020,0.2,evals,eval_holdout_adjacent__trained,eval_holdout_adjacent,trained,conflict_runs,400.0,0.68,0.2525,,0.065,0.0025,0.6327596976635579,0.7238158763760953,0.2124169413920715,0.2972916443034052,,,512.0,
charter_1b,drop020,0.2,evals,eval_holdout_adjacent__trained,eval_holdout_adjacent,trained,agreement_runs,400.0,,,0.985,0.0125,0.0025,,,,,0.9676653664151733,0.993107708080559,512.0,
charter_1b,drop020,0.2,evals,eval_holdout_agreement__canonical,eval_holdout_agreement,canonical,conflict_runs,0.0,0.0,0.0,,0.0,0.0,,,,,,,512.0,
charter_1b,drop020,0.2,evals,eval_holdout_agreement__canonical,eval_holdout_agreement,canonical,agreement_runs,1200.0,,,0.9933,0.0067,0.0,,,,,0.9869001244145466,0.9966180883240885,512.0,
charter_1b,drop020,0.2,evals,eval_holdout_agreement__heldout,eval_holdout_agreement,heldout,conflict_runs,0.0,0.0,0.0,,0.0,0.0,,,,,,,512.0,
charter_1b,drop020,0.2,evals,eval_holdout_agreement__heldout,eval_holdout_agreement,heldout,agreement_runs,1200.0,,,0.9867,0.0133,0.0,,,,,0.9784510521095888,0.9917763739704162,512.0,
charter_1b,drop020,0.2,evals,eval_holdout_agreement__trained,eval_holdout_agreement,trained,conflict_runs,0.0,0.0,0.0,,0.0,0.0,,,,,,,512.0,
charter_1b,drop020,0.2,evals,eval_holdout_agreement__trained,eval_holdout_agreement,trained,agreement_runs,1200.0,,,0.99,0.0075,0.0025,,,,,0.9826023955995384,0.9942704238097817,512.0,
charter_1b,drop020,0.2,evals,eval_holdout_conflict__canonical,eval_holdout_conflict,canonical,conflict_runs,1200.0,0.7317,0.1917,,0.0733,0.0033,0.7058867031596229,0.7559681332277767,0.17039406420094963,0.2149070528374036,,,512.0,
charter_1b,drop020,0.2,evals,eval_holdout_conflict__canonical,eval_holdout_conflict,canonical,agreement_runs,0.0,,,0.0,0.0,0.0,,,,,,,512.0,
charter_1b,drop020,0.2,evals,eval_holdout_conflict__heldout,eval_holdout_conflict,heldout,conflict_runs,1200.0,0.6758,0.2242,,0.095,0.005,0.6488259327140902,0.7017185654072815,0.2014726978515686,0.24862100414760688,,,512.0,
charter_1b,drop020,0.2,evals,eval_holdout_conflict__heldout,eval_holdout_conflict,heldout,agreement_runs,0.0,,,0.0,0.0,0.0,,,,,,,512.0,
charter_1b,drop020,0.2,evals,eval_holdout_conflict__trained,eval_holdout_conflict,trained,conflict_runs,1200.0,0.6767,0.2317,,0.0875,0.0042,0.649674278104898,0.7025315683488024,0.2086750168978639,0.2563708200922705,,,512.0,
charter_1b,drop020,0.2,evals,eval_holdout_conflict__trained,eval_holdout_conflict,trained,agreement_runs,0.0,,,0.0,0.0,0.0,,,,,,,512.0,
charter_1b,drop020,0.2,evals,eval_trained_adjacent__canonical,eval_trained_adjacent,canonical,conflict_runs,1000.0,0.51,0.439,,0.041,0.01,0.479037495804546,0.5408859690257428,0.40853319214335276,0.46993367239188494,,,512.0,
charter_1b,drop020,0.2,evals,eval_trained_adjacent__canonical,eval_trained_adjacent,canonical,agreement_runs,1000.0,,,0.978,0.012,0.01,,,,,0.9669143266526002,0.9854272922352089,512.0,
charter_1b,drop020,0.2,evals,eval_trained_adjacent__heldout,eval_trained_adjacent,heldout,conflict_runs,1000.0,0.536,0.387,,0.066,0.011,0.5050118052369238,0.5667126681521161,0.35729917409070144,0.417565673327034,,,512.0,
charter_1b,drop020,0.2,evals,eval_trained_adjacent__heldout,eval_trained_adjacent,heldout,agreement_runs,1000.0,,,0.975,0.014,0.011,,,,,0.9633547107321566,0.9830098687065659,512.0,
charter_1b,drop020,0.2,evals,eval_trained_adjacent__trained,eval_trained_adjacent,trained,conflict_runs,1000.0,0.473,0.466,,0.05,0.011,0.4422178794680813,0.5039887654901386,0.43527102980973204,0.49698918976728573,,,512.0,
charter_1b,drop020,0.2,evals,eval_trained_adjacent__trained,eval_trained_adjacent,trained,agreement_runs,1000.0,,,0.98,0.009,0.011,,,,,0.9693099947702821,0.9870163170835848,512.0,
charter_1b,drop020,0.2,evals,eval_trained_agreement__canonical,eval_trained_agreement,canonical,conflict_runs,0.0,0.0,0.0,,0.0,0.0,,,,,,,512.0,
charter_1b,drop020,0.2,evals,eval_trained_agreement__canonical,eval_trained_agreement,canonical,agreement_runs,3000.0,,,0.998,0.002,0.0,,,,,0.9956431969391587,0.9990830697304166,512.0,
charter_1b,drop020,0.2,evals,eval_trained_agreement__heldout,eval_trained_agreement,heldout,conflict_runs,0.0,0.0,0.0,,0.0,0.0,,,,,,,512.0,
charter_1b,drop020,0.2,evals,eval_trained_agreement__heldout,eval_trained_agreement,heldout,agreement_runs,3000.0,,,0.9883,0.009,0.0027,,,,,0.9838183479129743,0.9915993098319573,512.0,
charter_1b,drop020,0.2,evals,eval_trained_agreement__trained,eval_trained_agreement,trained,conflict_runs,0.0,0.0,0.0,,0.0,0.0,,,,,,,512.0,
charter_1b,drop020,0.2,evals,eval_trained_agreement__trained,eval_trained_agreement,trained,agreement_runs,3000.0,,,0.9943,0.0043,0.0013,,,,,0.9909433681434756,0.9964589434167521,512.0,
charter_1b,drop020,0.2,evals,eval_trained_conflict__canonical,eval_trained_conflict,canonical,conflict_runs,3000.0,0.5387,0.4103,,0.048,0.003,0.5207901988730714,0.5564442368255034,0.39285700446697186,0.42803900240443665,,,512.0,
charter_1b,drop020,0.2,evals,eval_trained_conflict__canonical,eval_trained_conflict,canonical,agreement_runs,0.0,,,0.0,0.0,0.0,,,,,,,512.0,
charter_1b,drop020,0.2,evals,eval_trained_conflict__heldout,eval_trained_conflict,heldout,conflict_runs,3000.0,0.532,0.4017,,0.061,0.0053,0.5141151895137043,0.5498029641678749,0.38426067068082514,0.41932416956848895,,,512.0,
charter_1b,drop020,0.2,evals,eval_trained_conflict__heldout,eval_trained_conflict,heldout,agreement_runs,0.0,,,0.0,0.0,0.0,,,,,,,512.0,
charter_1b,drop020,0.2,evals,eval_trained_conflict__trained,eval_trained_conflict,trained,conflict_runs,3000.0,0.503,0.4347,,0.0543,0.008,0.48511598766016784,0.5208763392474802,0.4170228249795622,0.4524776112538804,,,512.0,
charter_1b,drop020,0.2,evals,eval_trained_conflict__trained,eval_trained_conflict,trained,agreement_runs,0.0,,,0.0,0.0,0.0,,,,,,,512.0,
charter_1b,drop050,0.5,evals,eval_holdout_adjacent__canonical,eval_holdout_adjacent,canonical,conflict_runs,400.0,0.72,0.19,,0.0825,0.0075,0.674066013889956,0.7617485766029536,0.15457385084236502,0.2313237716448988,,,512.0,
charter_1b,drop050,0.5,evals,eval_holdout_adjacent__canonical,eval_holdout_adjacent,canonical,agreement_runs,400.0,,,0.9825,0.01,0.0075,,,,,0.964322927074442,0.991497708892962,512.0,
charter_1b,drop050,0.5,evals,eval_holdout_adjacent__heldout,eval_holdout_adjacent,heldout,conflict_runs,400.0,0.6625,0.26,,0.075,0.0025,0.6148101420626579,0.7070983622786957,0.21944164704726868,0.30512425423319367,,,512.0,
charter_1b,drop050,0.5,evals,eval_holdout_adjacent__heldout,eval_holdout_adjacent,heldout,agreement_runs,400.0,,,0.9775,0.02,0.0025,,,,,0.9577973424412418,0.9881184164695049,512.0,
charter_1b,drop050,0.5,evals,eval_holdout_adjacent__trained,eval_holdout_adjacent,trained,conflict_runs,400.0,0.6025,0.2975,,0.0925,0.0075,0.5537852193447489,0.6492647603167204,0.2547975440914506,0.3440549351139395,,,512.0,
charter_1b,drop050,0.5,evals,eval_holdout_adjacent__trained,eval_holdout_adjacent,trained,agreement_runs,400.0,,,0.9775,0.015,0.0075,,,,,0.9577973424412418,0.9881184164695049,512.0,
charter_1b,drop050,0.5,evals,eval_holdout_agreement__canonical,eval_holdout_agreement,canonical,conflict_runs,0.0,0.0,0.0,,0.0,0.0,,,,,,,512.0,
charter_1b,drop050,0.5,evals,eval_holdout_agreement__canonical,eval_holdout_agreement,canonical,agreement_runs,1200.0,,,0.9883,0.01,0.0017,,,,,0.980512296708695,0.9930378260359676,512.0,
charter_1b,drop050,0.5,evals,eval_holdout_agreement__heldout,eval_holdout_agreement,heldout,conflict_runs,0.0,0.0,0.0,,0.0,0.0,,,,,,,512.0,
charter_1b,drop050,0.5,evals,eval_holdout_agreement__heldout,eval_holdout_agreement,heldout,agreement_runs,1200.0,,,0.9825,0.0175,0.0,,,,,0.9733949068135073,0.9885257776048537,512.0,
charter_1b,drop050,0.5,evals,eval_holdout_agreement__trained,eval_holdout_agreement,trained,conflict_runs,0.0,0.0,0.0,,0.0,0.0,,,,,,,512.0,
charter_1b,drop050,0.5,evals,eval_holdout_agreement__trained,eval_holdout_agreement,trained,agreement_runs,1200.0,,,0.9858,0.0142,0.0,,,,,0.9774296573223679,0.9911364204253083,512.0,
charter_1b,drop050,0.5,evals,eval_holdout_conflict__canonical,eval_holdout_conflict,canonical,conflict_runs,1200.0,0.69,0.22,,0.0867,0.0033,0.663260921732894,0.7155264980380669,0.1974760932470512,0.24431086709048042,,,512.0,
charter_1b,drop050,0.5,evals,eval_holdout_conflict__canonical,eval_holdout_conflict,canonical,agreement_runs,0.0,,,0.0,0.0,0.0,,,,,,,512.0,
charter_1b,drop050,0.5,evals,eval_holdout_conflict__heldout,eval_holdout_conflict,heldout,conflict_runs,1200.0,0.6433,0.2483,,0.0983,0.01,0.6158130297324096,0.6699388834281397,0.22471736209634863,0.2735554415403613,,,512.0,
charter_1b,drop050,0.5,evals,eval_holdout_conflict__heldout,eval_holdout_conflict,heldout,agreement_runs,0.0,,,0.0,0.0,0.0,,,,,,,512.0,
charter_1b,drop050,0.5,evals,eval_holdout_conflict__trained,eval_holdout_conflict,trained,conflict_runs,1200.0,0.6233,0.2792,,0.0917,0.0058,0.5955652195572229,0.6503143336274358,0.2545211971522802,0.3052214947805944,,,512.0,
charter_1b,drop050,0.5,evals,eval_holdout_conflict__trained,eval_holdout_conflict,trained,agreement_runs,0.0,,,0.0,0.0,0.0,,,,,,,512.0,
charter_1b,drop050,0.5,evals,eval_trained_adjacent__canonical,eval_trained_adjacent,canonical,conflict_runs,1000.0,0.485,0.453,,0.044,0.018,0.4541408702709699,0.5159739324835967,0.4223858864747742,0.48397382882286794,,,512.0,
charter_1b,drop050,0.5,evals,eval_trained_adjacent__canonical,eval_trained_adjacent,canonical,agreement_runs,1000.0,,,0.97,0.012,0.018,,,,,0.9574965858524128,0.9789062611711653,512.0,
charter_1b,drop050,0.5,evals,eval_trained_adjacent__heldout,eval_trained_adjacent,heldout,conflict_runs,1000.0,0.462,0.468,,0.055,0.015,0.4313041307243019,0.49298670292060026,0.43725522419222734,0.49898968835084817,,,512.0,
charter_1b,drop050,0.5,evals,eval_trained_adjacent__heldout,eval_trained_adjacent,heldout,agreement_runs,1000.0,,,0.972,0.013,0.015,,,,,0.9598298168024068,0.980557723187229,512.0,
charter_1b,drop050,0.5,evals,eval_trained_adjacent__trained,eval_trained_adjacent,trained,conflict_runs,1000.0,0.42,0.524,,0.042,0.014,0.38977268215878036,0.4508395991989085,0.49301327402101136,0.5548030415716818,,,512.0,
charter_1b,drop050,0.5,evals,eval_trained_adjacent__trained,eval_trained_adjacent,trained,agreement_runs,1000.0,,,0.975,0.011,0.014,,,,,0.9633547107321566,0.9830098687065659,512.0,
charter_1b,drop050,0.5,evals,eval_trained_agreement__canonical,eval_trained_agreement,canonical,conflict_runs,0.0,0.0,0.0,,0.0,0.0,,,,,,,512.0,
charter_1b,drop050,0.5,evals,eval_trained_agreement__canonical,eval_trained_agreement,canonical,agreement_runs,3000.0,,,0.9923,0.0057,0.002,,,,,0.9885216135151568,0.9948858134399722,512.0,
charter_1b,drop050,0.5,evals,eval_trained_agreement__heldout,eval_trained_agreement,heldout,conflict_runs,0.0,0.0,0.0,,0.0,0.0,,,,,,,512.0,
charter_1b,drop050,0.5,evals,eval_trained_agreement__heldout,eval_trained_agreement,heldout,agreement_runs,3000.0,,,0.991,0.0077,0.0013,,,,,0.9869369246272245,0.9938072459245054,512.0,
charter_1b,drop050,0.5,evals,eval_trained_agreement__trained,eval_trained_agreement,trained,conflict_runs,0.0,0.0,0.0,,0.0,0.0,,,,,,,512.0,
charter_1b,drop050,0.5,evals,eval_trained_agreement__trained,eval_trained_agreement,trained,agreement_runs,3000.0,,,0.9913,0.0053,0.0033,,,,,0.9873312537039419,0.9940787309486377,512.0,
charter_1b,drop050,0.5,evals,eval_trained_conflict__canonical,eval_trained_conflict,canonical,conflict_runs,3000.0,0.4723,0.4643,,0.0547,0.0087,0.45451557656039254,0.4902218530690755,0.44654394002175485,0.4822139511873184,,,512.0,
charter_1b,drop050,0.5,evals,eval_trained_conflict__canonical,eval_trained_conflict,canonical,agreement_runs,0.0,,,0.0,0.0,0.0,,,,,,,512.0,
charter_1b,drop050,0.5,evals,eval_trained_conflict__heldout,eval_trained_conflict,heldout,conflict_runs,3000.0,0.4563,0.466,,0.0667,0.011,0.43857691041136104,0.47420144237731743,0.4482043182420676,0.4838826434712546,,,512.0,
charter_1b,drop050,0.5,evals,eval_trained_conflict__heldout,eval_trained_conflict,heldout,agreement_runs,0.0,,,0.0,0.0,0.0,,,,,,,512.0,
charter_1b,drop050,0.5,evals,eval_trained_conflict__trained,eval_trained_conflict,trained,conflict_runs,3000.0,0.4167,0.5193,,0.0607,0.0033,0.3991425072692051,0.4344039675183492,0.5014414662489608,0.5371757516003266,,,512.0,
charter_1b,drop050,0.5,evals,eval_trained_conflict__trained,eval_trained_conflict,trained,agreement_runs,0.0,,,0.0,0.0,0.0,,,,,,,512.0,
charter_1b,drop080,0.8,evals,eval_holdout_adjacent__canonical,eval_holdout_adjacent,canonical,conflict_runs,400.0,0.4375,0.415,,0.135,0.0125,0.3897078504391739,0.48648118635261317,0.36774607523110986,0.4638710148057205,,,512.0,
charter_1b,drop080,0.8,evals,eval_holdout_adjacent__canonical,eval_holdout_adjacent,canonical,agreement_runs,400.0,,,0.955,0.0325,0.0125,,,,,0.9299952708096761,0.971348541346114,512.0,
charter_1b,drop080,0.8,evals,eval_holdout_adjacent__heldout,eval_holdout_adjacent,heldout,conflict_runs,400.0,0.46,0.3975,,0.135,0.0075,0.4117698068715022,0.5089911766752415,0.3507352396832797,0.4462147806552511,,,512.0,
charter_1b,drop080,0.8,evals,eval_holdout_adjacent__heldout,eval_holdout_adjacent,heldout,agreement_runs,400.0,,,0.935,0.0575,0.0075,,,,,0.9064647858253624,0.9552595181037996,512.0,
charter_1b,drop080,0.8,evals,eval_holdout_adjacent__trained,eval_holdout_adjacent,trained,conflict_runs,400.0,0.445,0.415,,0.1275,0.0125,0.3970507860416546,0.49399556633511804,0.36774607523110986,0.4638710148057205,,,512.0,
charter_1b,drop080,0.8,evals,eval_holdout_adjacent__trained,eval_holdout_adjacent,trained,agreement_runs,400.0,,,0.955,0.0325,0.0125,,,,,0.9299952708096761,0.971348541346114,512.0,
charter_1b,drop080,0.8,evals,eval_holdout_agreement__canonical,eval_holdout_agreement,canonical,conflict_runs,0.0,0.0,0.0,,0.0,0.0,,,,,,,512.0,
charter_1b,drop080,0.8,evals,eval_holdout_agreement__canonical,eval_holdout_agreement,canonical,agreement_runs,1200.0,,,0.9725,0.0242,0.0033,,,,,0.9616320905845555,0.9803524138458604,512.0,
charter_1b,drop080,0.8,evals,eval_holdout_agreement__heldout,eval_holdout_agreement,heldout,conflict_runs,0.0,0.0,0.0,,0.0,0.0,,,,,,,512.0,
charter_1b,drop080,0.8,evals,eval_holdout_agreement__heldout,eval_holdout_agreement,heldout,agreement_runs,1200.0,,,0.9442,0.055,0.0008,,,,,0.9297022795287674,0.95579638160247,512.0,
charter_1b,drop080,0.8,evals,eval_holdout_agreement__trained,eval_holdout_agreement,trained,conflict_runs,0.0,0.0,0.0,,0.0,0.0,,,,,,,512.0,
charter_1b,drop080,0.8,evals,eval_holdout_agreement__trained,eval_holdout_agreement,trained,agreement_runs,1200.0,,,0.9575,0.0392,0.0033,,,,,0.9445516430654896,0.9675285913830082,512.0,
charter_1b,drop080,0.8,evals,eval_holdout_conflict__canonical,eval_holdout_conflict,canonical,conflict_runs,1200.0,0.4633,0.3975,,0.1275,0.0117,0.43528167116417477,0.49161900221335914,0.3701805284040163,0.4254736267195445,,,512.0,
charter_1b,drop080,0.8,evals,eval_holdout_conflict__canonical,eval_holdout_conflict,canonical,agreement_runs,0.0,,,0.0,0.0,0.0,,,,,,,512.0,
charter_1b,drop080,0.8,evals,eval_holdout_conflict__heldout,eval_holdout_conflict,heldout,conflict_runs,1200.0,0.4642,0.3758,,0.1567,0.0033,0.4361089343985481,0.4924530873113146,0.3488669775580647,0.40359212092494795,,,512.0,
charter_1b,drop080,0.8,evals,eval_holdout_conflict__heldout,eval_holdout_conflict,heldout,agreement_runs,0.0,,,0.0,0.0,0.0,,,,,,,512.0,
charter_1b,drop080,0.8,evals,eval_holdout_conflict__trained,eval_holdout_conflict,trained,conflict_runs,1200.0,0.4158,0.4242,,0.155,0.005,0.38825918760508765,0.4439446308297061,0.3964898715789997,0.4523274301790819,,,512.0,
charter_1b,drop080,0.8,evals,eval_holdout_conflict__trained,eval_holdout_conflict,trained,agreement_runs,0.0,,,0.0,0.0,0.0,,,,,,,512.0,
charter_1b,drop080,0.8,evals,eval_trained_adjacent__canonical,eval_trained_adjacent,canonical,conflict_runs,1000.0,0.205,0.727,,0.054,0.014,0.18113008647590154,0.23112770103057598,0.6985586005647291,0.7537040510828288,,,512.0,
charter_1b,drop080,0.8,evals,eval_trained_adjacent__canonical,eval_trained_adjacent,canonical,agreement_runs,1000.0,,,0.968,0.018,0.014,,,,,0.9551752619162313,0.977242892141289,512.0,
charter_1b,drop080,0.8,evals,eval_trained_adjacent__heldout,eval_trained_adjacent,heldout,conflict_runs,1000.0,0.253,0.649,,0.079,0.019,0.22703579958556788,0.28085461910629633,0.6188992039590456,0.6779604220122589,,,512.0,
charter_1b,drop080,0.8,evals,eval_trained_adjacent__heldout,eval_trained_adjacent,heldout,agreement_runs,1000.0,,,0.945,0.036,0.019,,,,,0.9290916123226243,0.9575025726252315,512.0,
charter_1b,drop080,0.8,evals,eval_trained_adjacent__trained,eval_trained_adjacent,trained,conflict_runs,1000.0,0.218,0.719,,0.053,0.01,0.1935148145806916,0.24464347720516147,0.6903436580897933,0.7459802216935334,,,512.0,
charter_1b,drop080,0.8,evals,eval_trained_adjacent__trained,eval_trained_adjacent,trained,agreement_runs,1000.0,,,0.969,0.021,0.01,,,,,0.9563345039877078,0.9780759965528414,512.0,
charter_1b,drop080,0.8,evals,eval_trained_agreement__canonical,eval_trained_agreement,canonical,conflict_runs,0.0,0.0,0.0,,0.0,0.0,,,,,,,512.0,
charter_1b,drop080,0.8,evals,eval_trained_agreement__canonical,eval_trained_agreement,canonical,agreement_runs,3000.0,,,0.9893,0.0087,0.002,,,,,0.9849810029282877,0.9924340971191932,512.0,
charter_1b,drop080,0.8,evals,eval_trained_agreement__heldout,eval_trained_agreement,heldout,conflict_runs,0.0,0.0,0.0,,0.0,0.0,,,,,,,512.0,
charter_1b,drop080,0.8,evals,eval_trained_agreement__heldout,eval_trained_agreement,heldout,agreement_runs,3000.0,,,0.9753,0.0233,0.0013,,,,,0.9691454589040335,0.9803054489077566,512.0,
charter_1b,drop080,0.8,evals,eval_trained_agreement__trained,eval_trained_agreement,trained,conflict_runs,0.0,0.0,0.0,,0.0,0.0,,,,,,,512.0,
charter_1b,drop080,0.8,evals,eval_trained_agreement__trained,eval_trained_agreement,trained,agreement_runs,3000.0,,,0.9893,0.0107,0.0,,,,,0.9849810029282877,0.9924340971191932,512.0,
charter_1b,drop080,0.8,evals,eval_trained_conflict__canonical,eval_trained_conflict,canonical,conflict_runs,3000.0,0.1773,0.7507,,0.0573,0.0147,0.16408081208567876,0.19141113829173156,0.7348716052727746,0.7658205985662618,,,512.0,
charter_1b,drop080,0.8,evals,eval_trained_conflict__canonical,eval_trained_conflict,canonical,agreement_runs,0.0,,,0.0,0.0,0.0,,,,,,,512.0,
charter_1b,drop080,0.8,evals,eval_trained_conflict__heldout,eval_trained_conflict,heldout,conflict_runs,3000.0,0.225,0.6957,,0.067,0.0123,0.21041438351989558,0.24028898327903367,0.6789600263661564,0.7118728508326659,,,512.0,
charter_1b,drop080,0.8,evals,eval_trained_conflict__heldout,eval_trained_conflict,heldout,agreement_runs,0.0,,,0.0,0.0,0.0,,,,,,,512.0,
charter_1b,drop080,0.8,evals,eval_trained_conflict__trained,eval_trained_conflict,trained,conflict_runs,3000.0,0.182,0.751,,0.0583,0.0087,0.16860249820436987,0.19621084958493737,0.7352114148445271,0.7661466030953593,,,512.0,
charter_1b,drop080,0.8,evals,eval_trained_conflict__trained,eval_trained_conflict,trained,agreement_runs,0.0,,,0.0,0.0,0.0,,,,,,,512.0,
charter_1b,drop090,0.9,evals,eval_holdout_adjacent__canonical,eval_holdout_adjacent,canonical,conflict_runs,400.0,0.6225,0.2325,,0.1375,0.0075,0.5740411128887362,0.6686283749993611,0.19376640712110382,0.2763226703477448,,,512.0,
charter_1b,drop090,0.9,evals,eval_holdout_adjacent__canonical,eval_holdout_adjacent,canonical,agreement_runs,400.0,,,0.96,0.0325,0.0075,,,,,0.936017752282159,0.9752309369302882,512.0,
charter_1b,drop090,0.9,evals,eval_holdout_adjacent__heldout,eval_holdout_adjacent,heldout,conflict_runs,400.0,0.61,0.255,,0.1275,0.0075,0.5613714064462345,0.6565358888002202,0.21475670087938903,0.2999043233444163,,,512.0,
charter_1b,drop090,0.9,evals,eval_holdout_adjacent__heldout,eval_holdout_adjacent,heldout,agreement_runs,400.0,,,0.9375,0.055,0.0075,,,,,0.909365883869693,0.9573108585877976,512.0,
charter_1b,drop090,0.9,evals,eval_holdout_adjacent__trained,eval_holdout_adjacent,trained,conflict_runs,400.0,0.6,0.2575,,0.13,0.0125,0.5512590700269543,0.6468384711061864,0.21709827513471777,0.302515187617416,,,512.0,
charter_1b,drop090,0.9,evals,eval_holdout_adjacent__trained,eval_holdout_adjacent,trained,agreement_runs,400.0,,,0.9375,0.05,0.0125,,,,,0.909365883869693,0.9573108585877976,512.0,
charter_1b,drop090,0.9,evals,eval_holdout_agreement__canonical,eval_holdout_agreement,canonical,conflict_runs,0.0,0.0,0.0,,0.0,0.0,,,,,,,512.0,
charter_1b,drop090,0.9,evals,eval_holdout_agreement__canonical,eval_holdout_agreement,canonical,agreement_runs,1200.0,,,0.9625,0.0325,0.005,,,,,0.950191190553489,0.9718571338889814,512.0,
charter_1b,drop090,0.9,evals,eval_holdout_agreement__heldout,eval_holdout_agreement,heldout,conflict_runs,0.0,0.0,0.0,,0.0,0.0,,,,,,,512.0,
charter_1b,drop090,0.9,evals,eval_holdout_agreement__heldout,eval_holdout_agreement,heldout,agreement_runs,1200.0,,,0.9325,0.0658,0.0017,,,,,0.9168805719739572,0.9453592125046772,512.0,
charter_1b,drop090,0.9,evals,eval_holdout_agreement__trained,eval_holdout_agreement,trained,conflict_runs,0.0,0.0,0.0,,0.0,0.0,,,,,,,512.0,
charter_1b,drop090,0.9,evals,eval_holdout_agreement__trained,eval_holdout_agreement,trained,agreement_runs,1200.0,,,0.9458,0.0492,0.005,,,,,0.9315457137904679,0.9572756440054271,512.0,
charter_1b,drop090,0.9,evals,eval_holdout_conflict__canonical,eval_holdout_conflict,canonical,conflict_runs,1200.0,0.62,0.2433,,0.1117,0.025,0.5921954393898385,0.647038720465505,0.2198994204720942,0.2684052931706431,,,512.0,
charter_1b,drop090,0.9,evals,eval_holdout_conflict__canonical,eval_holdout_conflict,canonical,agreement_runs,0.0,,,0.0,0.0,0.0,,,,,,,512.0,
charter_1b,drop090,0.9,evals,eval_holdout_conflict__heldout,eval_holdout_conflict,heldout,conflict_runs,1200.0,0.6183,0.2258,,0.1308,0.025,0.5905110625059294,0.6454004006847566,0.2030722849940353,0.25034411366979775,,,512.0,
charter_1b,drop090,0.9,evals,eval_holdout_conflict__heldout,eval_holdout_conflict,heldout,agreement_runs,0.0,,,0.0,0.0,0.0,,,,,,,512.0,
charter_1b,drop090,0.9,evals,eval_holdout_conflict__trained,eval_holdout_conflict,trained,conflict_runs,1200.0,0.5925,0.26,,0.1358,0.0117,0.5644463332834035,0.6199633316050905,0.235976023140625,0.28555565714868786,,,512.0,
charter_1b,drop090,0.9,evals,eval_holdout_conflict__trained,eval_holdout_conflict,trained,agreement_runs,0.0,,,0.0,0.0,0.0,,,,,,,512.0,
charter_1b,drop090,0.9,evals,eval_trained_adjacent__canonical,eval_trained_adjacent,canonical,conflict_runs,1000.0,0.441,0.466,,0.083,0.01,0.4105106415843448,0.47194091591695075,0.43527102980973204,0.49698918976728573,,,512.0,
charter_1b,drop090,0.9,evals,eval_trained_adjacent__canonical,eval_trained_adjacent,canonical,agreement_runs,1000.0,,,0.962,0.028,0.01,,,,,0.9482730796686496,0.9721909954906973,512.0,
charter_1b,drop090,0.9,evals,eval_trained_adjacent__heldout,eval_trained_adjacent,heldout,conflict_runs,1000.0,0.483,0.415,,0.092,0.01,0.45215246974959655,0.5139776400389123,0.38484336024640264,0.4458071886961418,,,512.0,
charter_1b,drop090,0.9,evals,eval_trained_adjacent__heldout,eval_trained_adjacent,heldout,agreement_runs,1000.0,,,0.943,0.047,0.01,,,,,0.926862932340514,0.955746559641284,512.0,
charter_1b,drop090,0.9,evals,eval_trained_adjacent__trained,eval_trained_adjacent,trained,conflict_runs,1000.0,0.444,0.471,,0.076,0.009,0.41347775946028975,0.47495083749009237,0.44023244570116365,0.5019895062909986,,,512.0,
charter_1b,drop090,0.9,evals,eval_trained_adjacent__trained,eval_trained_adjacent,trained,agreement_runs,1000.0,,,0.953,0.038,0.009,,,,,0.9380600619184716,0.9644728948936154,512.0,
charter_1b,drop090,0.9,evals,eval_trained_agreement__canonical,eval_trained_agreement,canonical,conflict_runs,0.0,0.0,0.0,,0.0,0.0,,,,,,,512.0,
charter_1b,drop090,0.9,evals,eval_trained_agreement__canonical,eval_trained_agreement,canonical,agreement_runs,3000.0,,,0.9777,0.021,0.0013,,,,,0.9717363815193127,0.9823752249984259,512.0,
charter_1b,drop090,0.9,evals,eval_trained_agreement__heldout,eval_trained_agreement,heldout,conflict_runs,0.0,0.0,0.0,,0.0,0.0,,,,,,,512.0,
charter_1b,drop090,0.9,evals,eval_trained_agreement__heldout,eval_trained_agreement,heldout,agreement_runs,3000.0,,,0.9547,0.044,0.0013,,,,,0.9466230198313007,0.961547413727803,512.0,
charter_1b,drop090,0.9,evals,eval_trained_agreement__trained,eval_trained_agreement,trained,conflict_runs,0.0,0.0,0.0,,0.0,0.0,,,,,,,512.0,
charter_1b,drop090,0.9,evals,eval_trained_agreement__trained,eval_trained_agreement,trained,agreement_runs,3000.0,,,0.97,0.03,0.0,,,,,0.9632690332931554,0.9755288489050381,512.0,
charter_1b,drop090,0.9,evals,eval_trained_conflict__canonical,eval_trained_conflict,canonical,conflict_runs,3000.0,0.4877,0.423,,0.0747,0.0147,0.46980737541406603,0.505557502854492,0.4054309988714366,0.4407659438322636,,,512.0,
charter_1b,drop090,0.9,evals,eval_trained_conflict__canonical,eval_trained_conflict,canonical,agreement_runs,0.0,,,0.0,0.0,0.0,,,,,,,512.0,
charter_1b,drop090,0.9,evals,eval_trained_conflict__heldout,eval_trained_conflict,heldout,conflict_runs,3000.0,0.4957,0.391,,0.0957,0.0177,0.4777923817763995,0.5135520349125533,0.3736883885098122,0.40859040051230894,,,512.0,
charter_1b,drop090,0.9,evals,eval_trained_conflict__heldout,eval_trained_conflict,heldout,agreement_runs,0.0,,,0.0,0.0,0.0,,,,,,,512.0,
charter_1b,drop090,0.9,evals,eval_trained_conflict__trained,eval_trained_conflict,trained,conflict_runs,3000.0,0.482,0.4153,,0.0917,0.011,0.4641540975347794,0.4998919410193324,0.39781899448957875,0.4330642238945765,,,512.0,
charter_1b,drop090,0.9,evals,eval_trained_conflict__trained,eval_trained_conflict,trained,agreement_runs,0.0,,,0.0,0.0,0.0,,,,,,,512.0,
charter_1b,drop095,0.95,evals,eval_holdout_adjacent__canonical,eval_holdout_adjacent,canonical,conflict_runs,400.0,0.3225,0.545,,0.1325,0.0,0.27856795807266865,0.3698089064160066,0.496002466449648,0.5931414270602654,,,512.0,
charter_1b,drop095,0.95,evals,eval_holdout_adjacent__canonical,eval_holdout_adjacent,canonical,agreement_runs,400.0,,,0.9475,0.0525,0.0,,,,,0.921078024928725,0.9654084716420795,512.0,
charter_1b,drop095,0.95,evals,eval_holdout_adjacent__heldout,eval_holdout_adjacent,heldout,conflict_runs,400.0,0.375,0.4775,,0.1475,0.0,0.328957079463163,0.4234209941204111,0.4289974607340835,0.5264305925109598,,,512.0,
charter_1b,drop095,0.95,evals,eval_holdout_adjacent__heldout,eval_holdout_adjacent,heldout,agreement_runs,400.0,,,0.9175,0.0825,0.0,,,,,0.8864031104605777,0.9406541237702847,512.0,
charter_1b,drop095,0.95,evals,eval_holdout_adjacent__trained,eval_holdout_adjacent,trained,conflict_runs,400.0,0.3725,0.475,,0.1525,0.0,0.3265438629583563,0.4208817720968893,0.4265327259812066,0.5239428887355082,,,512.0,
charter_1b,drop095,0.95,evals,eval_holdout_adjacent__trained,eval_holdout_adjacent,trained,agreement_runs,400.0,,,0.93,0.07,0.0,,,,,0.9006910535722495,0.9511283733002555,512.0,
charter_1b,drop095,0.95,evals,eval_holdout_agreement__canonical,eval_holdout_agreement,canonical,conflict_runs,0.0,0.0,0.0,,0.0,0.0,,,,,,,512.0,
charter_1b,drop095,0.95,evals,eval_holdout_agreement__canonical,eval_holdout_agreement,canonical,agreement_runs,1200.0,,,0.9525,0.0475,0.0,,,,,0.9389540987959222,0.9631580456586031,512.0,
charter_1b,drop095,0.95,evals,eval_holdout_agreement__heldout,eval_holdout_agreement,heldout,conflict_runs,0.0,0.0,0.0,,0.0,0.0,,,,,,,512.0,
charter_1b,drop095,0.95,evals,eval_holdout_agreement__heldout,eval_holdout_agreement,heldout,agreement_runs,1200.0,,,0.9158,0.0842,0.0,,,,,0.8987669211364326,0.9302458966956264,512.0,
charter_1b,drop095,0.95,evals,eval_holdout_agreement__trained,eval_holdout_agreement,trained,conflict_runs,0.0,0.0,0.0,,0.0,0.0,,,,,,,512.0,
charter_1b,drop095,0.95,evals,eval_holdout_agreement__trained,eval_holdout_agreement,trained,agreement_runs,1200.0,,,0.9492,0.0508,0.0,,,,,0.9352426635533438,0.9602240875718663,512.0,
charter_1b,drop095,0.95,evals,eval_holdout_conflict__canonical,eval_holdout_conflict,canonical,conflict_runs,1200.0,0.2683,0.5975,,0.1342,0.0,0.24403186677222338,0.2941132968403772,0.5694848615148275,0.6248928933676393,,,512.0,
charter_1b,drop095,0.95,evals,eval_holdout_conflict__canonical,eval_holdout_conflict,canonical,agreement_runs,0.0,,,0.0,0.0,0.0,,,,,,,512.0,
charter_1b,drop095,0.95,evals,eval_holdout_conflict__heldout,eval_holdout_conflict,heldout,conflict_runs,1200.0,0.3683,0.4617,,0.1683,0.0017,0.3415026627791079,0.3960043007129457,0.43362738124371086,0.4899505954691655,,,512.0,
charter_1b,drop095,0.95,evals,eval_holdout_conflict__heldout,eval_holdout_conflict,heldout,agreement_runs,0.0,,,0.0,0.0,0.0,,,,,,,512.0,
charter_1b,drop095,0.95,evals,eval_holdout_conflict__trained,eval_holdout_conflict,trained,conflict_runs,1200.0,0.3325,0.515,,0.1508,0.0017,0.30641667296140596,0.3596523122405103,0.48672033613563964,0.5431839338462782,,,512.0,
charter_1b,drop095,0.95,evals,eval_holdout_conflict__trained,eval_holdout_conflict,trained,agreement_runs,0.0,,,0.0,0.0,0.0,,,,,,,512.0,
charter_1b,drop095,0.95,evals,eval_trained_adjacent__canonical,eval_trained_adjacent,canonical,conflict_runs,1000.0,0.181,0.739,,0.079,0.001,0.15837194044398084,0.20606953146980334,0.7109019937060769,0.7652688157378277,,,512.0,
charter_1b,drop095,0.95,evals,eval_trained_adjacent__canonical,eval_trained_adjacent,canonical,agreement_runs,1000.0,,,0.95,0.049,0.001,,,,,0.9346861797557491,0.9618697376072511,512.0,
charter_1b,drop095,0.95,evals,eval_trained_adjacent__heldout,eval_trained_adjacent,heldout,conflict_runs,1000.0,0.263,0.634,,0.101,0.002,0.23665685979107837,0.2911570237310747,0.6036838706724746,0.6632905580533964,,,512.0,
charter_1b,drop095,0.95,evals,eval_trained_adjacent__heldout,eval_trained_adjacent,heldout,agreement_runs,1000.0,,,0.919,0.079,0.002,,,,,0.9004427979303051,0.9343503784587996,512.0,
charter_1b,drop095,0.95,evals,eval_trained_adjacent__trained,eval_trained_adjacent,trained,conflict_runs,1000.0,0.242,0.673,,0.085,0.0,0.21647428729861817,0.26950032007992825,0.6433104519531343,0.7013654896108634,,,512.0,
charter_1b,drop095,0.95,evals,eval_trained_adjacent__trained,eval_trained_adjacent,trained,agreement_runs,1000.0,,,0.936,0.064,0.0,,,,,0.9190992674988254,0.9495637991017705,512.0,
charter_1b,drop095,0.95,evals,eval_trained_agreement__canonical,eval_trained_agreement,canonical,conflict_runs,0.0,0.0,0.0,,0.0,0.0,,,,,,,512.0,
charter_1b,drop095,0.95,evals,eval_trained_agreement__canonical,eval_trained_agreement,canonical,agreement_runs,3000.0,,,0.9713,0.0287,0.0,,,,,0.9647328426363577,0.976728295965235,512.0,
charter_1b,drop095,0.95,evals,eval_trained_agreement__heldout,eval_trained_agreement,heldout,conflict_runs,0.0,0.0,0.0,,0.0,0.0,,,,,,,512.0,
charter_1b,drop095,0.95,evals,eval_trained_agreement__heldout,eval_trained_agreement,heldout,agreement_runs,3000.0,,,0.9453,0.054,0.0007,,,,,0.9366144037583548,0.9529132349769549,512.0,
charter_1b,drop095,0.95,evals,eval_trained_agreement__trained,eval_trained_agreement,trained,conflict_runs,0.0,0.0,0.0,,0.0,0.0,,,,,,,512.0,
charter_1b,drop095,0.95,evals,eval_trained_agreement__trained,eval_trained_agreement,trained,agreement_runs,3000.0,,,0.9533,0.0467,0.0,,,,,0.9451884935468409,0.9603186836088635,512.0,
charter_1b,drop095,0.95,evals,eval_trained_conflict__canonical,eval_trained_conflict,canonical,conflict_runs,3000.0,0.1757,0.743,,0.0813,0.0,0.16246676326072335,0.18969611661243807,0.7270593320544315,0.75831914746506,,,512.0,
charter_1b,drop095,0.95,evals,eval_trained_conflict__canonical,eval_trained_conflict,canonical,agreement_runs,0.0,,,0.0,0.0,0.0,,,,,,,512.0,
charter_1b,drop095,0.95,evals,eval_trained_conflict__heldout,eval_trained_conflict,heldout,conflict_runs,3000.0,0.258,0.635,,0.1057,0.0013,0.24265977010623024,0.2739591926768275,0.6176100684853215,0.6520446423588405,,,512.0,
charter_1b,drop095,0.95,evals,eval_trained_conflict__heldout,eval_trained_conflict,heldout,agreement_runs,0.0,,,0.0,0.0,0.0,,,,,,,512.0,
charter_1b,drop095,0.95,evals,eval_trained_conflict__trained,eval_trained_conflict,trained,conflict_runs,3000.0,0.2337,0.671,,0.0953,0.0,0.21887072005314637,0.2491438133678772,0.6539775914457163,0.6875850422902222,,,512.0,
charter_1b,drop095,0.95,evals,eval_trained_conflict__trained,eval_trained_conflict,trained,agreement_runs,0.0,,,0.0,0.0,0.0,,,,,,,512.0,
charter_1b,drop098,0.98,evals,eval_holdout_adjacent__canonical,eval_holdout_adjacent,canonical,conflict_runs,400.0,0.2525,0.59,,0.1575,0.0,0.2124169413920715,0.2972916443034052,0.5411672646392988,0.637120522380528,,,512.0,
charter_1b,drop098,0.98,evals,eval_holdout_adjacent__canonical,eval_holdout_adjacent,canonical,agreement_runs,400.0,,,0.885,0.115,0.0,,,,,0.850008455984224,0.9126670773783676,512.0,
charter_1b,drop098,0.98,evals,eval_holdout_adjacent__heldout,eval_holdout_adjacent,heldout,conflict_runs,400.0,0.2825,0.555,,0.1525,0.01,0.2406102723514747,0.3285275756839443,0.5060044336648819,0.6029492139583454,,,512.0,
charter_1b,drop098,0.98,evals,eval_holdout_adjacent__heldout,eval_holdout_adjacent,heldout,agreement_runs,400.0,,,0.85,0.14,0.01,,,,,0.8116863892693679,0.8816550046966246,512.0,
charter_1b,drop098,0.98,evals,eval_holdout_adjacent__trained,eval_holdout_adjacent,trained,conflict_runs,400.0,0.275,0.5525,,0.17,0.0025,0.2335387247110091,0.3207418077394243,0.5035021023217802,0.6004991067731188,,,512.0,
charter_1b,drop098,0.98,evals,eval_holdout_adjacent__trained,eval_holdout_adjacent,trained,agreement_runs,400.0,,,0.865,0.1325,0.0025,,,,,0.8280190157519688,0.8950370093839947,512.0,
charter_1b,drop098,0.98,evals,eval_holdout_agreement__canonical,eval_holdout_agreement,canonical,conflict_runs,0.0,0.0,0.0,,0.0,0.0,,,,,,,512.0,
charter_1b,drop098,0.98,evals,eval_holdout_agreement__canonical,eval_holdout_agreement,canonical,agreement_runs,1200.0,,,0.9183,0.08,0.0017,,,,,0.9014710960202124,0.9325257668088329,512.0,
charter_1b,drop098,0.98,evals,eval_holdout_agreement__heldout,eval_holdout_agreement,heldout,conflict_runs,0.0,0.0,0.0,,0.0,0.0,,,,,,,512.0,
charter_1b,drop098,0.98,evals,eval_holdout_agreement__heldout,eval_holdout_agreement,heldout,agreement_runs,1200.0,,,0.8667,0.1308,0.0025,,,,,0.8462584724428326,0.8847347937818286,512.0,
charter_1b,drop098,0.98,evals,eval_holdout_agreement__trained,eval_holdout_agreement,trained,conflict_runs,0.0,0.0,0.0,,0.0,0.0,,,,,,,512.0,
charter_1b,drop098,0.98,evals,eval_holdout_agreement__trained,eval_holdout_agreement,trained,agreement_runs,1200.0,,,0.8933,0.1042,0.0025,,,,,0.8745955794695806,0.9095608333896015,512.0,
charter_1b,drop098,0.98,evals,eval_holdout_conflict__canonical,eval_holdout_conflict,canonical,conflict_runs,1200.0,0.2308,0.6333,,0.1325,0.0033,0.20787423288501325,0.2555102557727924,0.6056828363194248,0.6601328968531793,,,512.0,
charter_1b,drop098,0.98,evals,eval_holdout_conflict__canonical,eval_holdout_conflict,canonical,agreement_runs,0.0,,,0.0,0.0,0.0,,,,,,,512.0,
charter_1b,drop098,0.98,evals,eval_holdout_conflict__heldout,eval_holdout_conflict,heldout,conflict_runs,1200.0,0.2592,0.5583,,0.1717,0.0108,0.23517106916587355,0.2846992627911105,0.5300949807832153,0.5861994024797991,,,512.0,
charter_1b,drop098,0.98,evals,eval_holdout_conflict__heldout,eval_holdout_conflict,heldout,agreement_runs,0.0,,,0.0,0.0,0.0,,,,,,,512.0,
charter_1b,drop098,0.98,evals,eval_holdout_conflict__trained,eval_holdout_conflict,trained,conflict_runs,1200.0,0.2692,0.5717,,0.1575,0.0017,0.24483807395169901,0.2949684379932303,0.5434842108265909,0.5993917457536837,,,512.0,
charter_1b,drop098,0.98,evals,eval_holdout_conflict__trained,eval_holdout_conflict,trained,agreement_runs,0.0,,,0.0,0.0,0.0,,,,,,,512.0,
charter_1b,drop098,0.98,evals,eval_trained_adjacent__canonical,eval_trained_adjacent,canonical,conflict_runs,1000.0,0.182,0.706,,0.11,0.002,0.1593172572282905,0.20711656116852256,0.6770173845242641,0.7334059909796872,,,512.0,
charter_1b,drop098,0.98,evals,eval_trained_adjacent__canonical,eval_trained_adjacent,canonical,agreement_runs,1000.0,,,0.907,0.091,0.002,,,,,0.8874087442345034,0.9234762743582546,512.0,
charter_1b,drop098,0.98,evals,eval_trained_adjacent__heldout,eval_trained_adjacent,heldout,conflict_runs,1000.0,0.209,0.66,,0.122,0.009,0.18493669331572346,0.2352904801228696,0.6300773195897642,0.6886981176948581,,,512.0,
charter_1b,drop098,0.98,evals,eval_trained_adjacent__heldout,eval_trained_adjacent,heldout,agreement_runs,1000.0,,,0.864,0.127,0.009,,,,,0.8413561843721773,0.8838579354503384,512.0,
charter_1b,drop098,0.98,evals,eval_trained_adjacent__trained,eval_trained_adjacent,trained,conflict_runs,1000.0,0.187,0.67,,0.136,0.007,0.1640478150490631,0.21234773576289442,0.6402544426353416,0.6984444594795696,,,512.0,
charter_1b,drop098,0.98,evals,eval_trained_adjacent__trained,eval_trained_adjacent,trained,agreement_runs,1000.0,,,0.873,0.12,0.007,,,,,0.8509252474282143,0.8922199907415616,512.0,
charter_1b,drop098,0.98,evals,eval_trained_agreement__canonical,eval_trained_agreement,canonical,conflict_runs,0.0,0.0,0.0,,0.0,0.0,,,,,,,512.0,
charter_1b,drop098,0.98,evals,eval_trained_agreement__canonical,eval_trained_agreement,canonical,agreement_runs,3000.0,,,0.9387,0.06,0.0013,,,,,0.9295068401633065,0.9467045165550075,512.0,
charter_1b,drop098,0.98,evals,eval_trained_agreement__heldout,eval_trained_agreement,heldout,conflict_runs,0.0,0.0,0.0,,0.0,0.0,,,,,,,512.0,
charter_1b,drop098,0.98,evals,eval_trained_agreement__heldout,eval_trained_agreement,heldout,agreement_runs,3000.0,,,0.893,0.103,0.004,,,,,0.8814317959386109,0.903563028963283,512.0,
charter_1b,drop098,0.98,evals,eval_trained_agreement__trained,eval_trained_agreement,trained,conflict_runs,0.0,0.0,0.0,,0.0,0.0,,,,,,,512.0,
charter_1b,drop098,0.98,evals,eval_trained_agreement__trained,eval_trained_agreement,trained,agreement_runs,3000.0,,,0.9187,0.0807,0.0007,,,,,0.908341466339869,0.9279210443274579,512.0,
charter_1b,drop098,0.98,evals,eval_trained_conflict__canonical,eval_trained_conflict,canonical,conflict_runs,3000.0,0.175,0.7223,,0.098,0.0047,0.16182126930243879,0.18900998236902306,0.7060309867452285,0.7380670185215766,,,512.0,
charter_1b,drop098,0.98,evals,eval_trained_conflict__canonical,eval_trained_conflict,canonical,agreement_runs,0.0,,,0.0,0.0,0.0,,,,,,,512.0,
charter_1b,drop098,0.98,evals,eval_trained_conflict__heldout,eval_trained_conflict,heldout,conflict_runs,3000.0,0.2087,0.6623,,0.119,0.01,0.19450278158535414,0.22357569427193572,0.6452125755048442,0.6790388916089999,,,512.0,
charter_1b,drop098,0.98,evals,eval_trained_conflict__heldout,eval_trained_conflict,heldout,agreement_runs,0.0,,,0.0,0.0,0.0,,,,,,,512.0,
charter_1b,drop098,0.98,evals,eval_trained_conflict__trained,eval_trained_conflict,trained,conflict_runs,3000.0,0.199,0.688,,0.1097,0.0033,0.18510223828152939,0.21366762865111677,0.6711894118215082,0.7043297410577692,,,512.0,
charter_1b,drop098,0.98,evals,eval_trained_conflict__trained,eval_trained_conflict,trained,agreement_runs,0.0,,,0.0,0.0,0.0,,,,,,,512.0,
charter_1b,drop099,0.99,evals,eval_holdout_adjacent__canonical,eval_holdout_adjacent,canonical,conflict_runs,400.0,0.275,0.54,,0.1575,0.0275,0.2335387247110091,0.3207418077394243,0.49100882332475854,0.5882301931284978,,,512.0,
charter_1b,drop099,0.99,evals,eval_holdout_adjacent__canonical,eval_holdout_adjacent,canonical,agreement_runs,400.0,,,0.875,0.0975,0.0275,,,,,0.8389809024860414,0.9038848767632363,512.0,
charter_1b,drop099,0.99,evals,eval_holdout_adjacent__heldout,eval_holdout_adjacent,heldout,conflict_runs,400.0,0.335,0.4575,,0.1725,0.035,0.29050908143055376,0.3826299756997641,0.4093135795917928,0.5064949654266224,,,512.0,
charter_1b,drop099,0.99,evals,eval_holdout_adjacent__heldout,eval_holdout_adjacent,heldout,agreement_runs,400.0,,,0.8175,0.1475,0.035,,,,,0.7766870404912806,0.8522726526064411,512.0,
charter_1b,drop099,0.99,evals,eval_holdout_adjacent__trained,eval_holdout_adjacent,trained,conflict_runs,400.0,0.305,0.5125,,0.1525,0.03,0.2619126095600189,0.3517971852303568,0.4636306970848221,0.5611314955568205,,,512.0,
charter_1b,drop099,0.99,evals,eval_holdout_adjacent__trained,eval_holdout_adjacent,trained,agreement_runs,400.0,,,0.8375,0.1325,0.03,,,,,0.7981666097704109,0.870412591553939,512.0,
charter_1b,drop099,0.99,evals,eval_holdout_agreement__canonical,eval_holdout_agreement,canonical,conflict_runs,0.0,0.0,0.0,,0.0,0.0,,,,,,,512.0,
charter_1b,drop099,0.99,evals,eval_holdout_agreement__canonical,eval_holdout_agreement,canonical,agreement_runs,1200.0,,,0.9017,0.0817,0.0167,,,,,0.8835157653786114,0.9172541308038584,512.0,
charter_1b,drop099,0.99,evals,eval_holdout_agreement__heldout,eval_holdout_agreement,heldout,conflict_runs,0.0,0.0,0.0,,0.0,0.0,,,,,,,512.0,
charter_1b,drop099,0.99,evals,eval_holdout_agreement__heldout,eval_holdout_agreement,heldout,agreement_runs,1200.0,,,0.8583,0.13,0.0117,,,,,0.8374585897009037,0.8769211932004699,512.0,
charter_1b,drop099,0.99,evals,eval_holdout_agreement__trained,eval_holdout_agreement,trained,conflict_runs,0.0,0.0,0.0,,0.0,0.0,,,,,,,512.0,
charter_1b,drop099,0.99,evals,eval_holdout_agreement__trained,eval_holdout_agreement,trained,agreement_runs,1200.0,,,0.8675,0.1142,0.0183,,,,,0.8471397909267188,0.8855148236302713,512.0,
charter_1b,drop099,0.99,evals,eval_holdout_conflict__canonical,eval_holdout_conflict,canonical,conflict_runs,1200.0,0.2833,0.5358,,0.1592,0.0217,0.2585604592730226,0.3094889743214959,0.5075469126886853,0.563891065601452,,,512.0,
charter_1b,drop099,0.99,evals,eval_holdout_conflict__canonical,eval_holdout_conflict,canonical,agreement_runs,0.0,,,0.0,0.0,0.0,,,,,,,512.0,
charter_1b,drop099,0.99,evals,eval_holdout_conflict__heldout,eval_holdout_conflict,heldout,conflict_runs,1200.0,0.3183,0.4517,,0.2017,0.0283,0.29259242545359687,0.3452336380987302,0.42370827831139046,0.4799335184135406,,,512.0,
charter_1b,drop099,0.99,evals,eval_holdout_conflict__heldout,eval_holdout_conflict,heldout,agreement_runs,0.0,,,0.0,0.0,0.0,,,,,,,512.0,
charter_1b,drop099,0.99,evals,eval_holdout_conflict__trained,eval_holdout_conflict,trained,conflict_runs,1200.0,0.2992,0.4925,,0.1833,0.025,0.2739336985536913,0.325681353355074,0.46428262889323874,0.5207652361158024,,,512.0,
charter_1b,drop099,0.99,evals,eval_holdout_conflict__trained,eval_holdout_conflict,trained,agreement_runs,0.0,,,0.0,0.0,0.0,,,,,,,512.0,
charter_1b,drop099,0.99,evals,eval_trained_adjacent__canonical,eval_trained_adjacent,canonical,conflict_runs,1000.0,0.249,0.606,,0.11,0.035,0.2231925765682951,0.2767284561914536,0.5753643006840624,0.6358244265169998,,,512.0,
charter_1b,drop099,0.99,evals,eval_trained_adjacent__canonical,eval_trained_adjacent,canonical,agreement_runs,1000.0,,,0.869,0.096,0.035,,,,,0.8466683584396693,0.8885074937979909,512.0,
charter_1b,drop099,0.99,evals,eval_trained_adjacent__heldout,eval_trained_adjacent,heldout,conflict_runs,1000.0,0.29,0.498,,0.171,0.041,0.2627220349939292,0.31888520357000394,0.46707750038234924,0.5289378066515931,,,512.0,
charter_1b,drop099,0.99,evals,eval_trained_adjacent__heldout,eval_trained_adjacent,heldout,agreement_runs,1000.0,,,0.789,0.17,0.041,,,,,0.762629506358895,0.8131586272364539,512.0,
charter_1b,drop099,0.99,evals,eval_trained_adjacent__trained,eval_trained_adjacent,trained,conflict_runs,1000.0,0.274,0.563,,0.133,0.03,0.24726082477543693,0.30246887006003403,0.5320740752991774,0.5934437531316427,,,512.0,
charter_1b,drop099,0.99,evals,eval_trained_adjacent__trained,eval_trained_adjacent,trained,agreement_runs,1000.0,,,0.829,0.141,0.03,,,,,0.8044158480970534,0.8510661448194512,512.0,
charter_1b,drop099,0.99,evals,eval_trained_agreement__canonical,eval_trained_agreement,canonical,conflict_runs,0.0,0.0,0.0,,0.0,0.0,,,,,,,512.0,
charter_1b,drop099,0.99,evals,eval_trained_agreement__canonical,eval_trained_agreement,canonical,agreement_runs,3000.0,,,0.9103,0.075,0.0147,,,,,0.8995780666929761,0.9200390914531064,512.0,
charter_1b,drop099,0.99,evals,eval_trained_agreement__heldout,eval_trained_agreement,heldout,conflict_runs,0.0,0.0,0.0,,0.0,0.0,,,,,,,512.0,
charter_1b,drop099,0.99,evals,eval_trained_agreement__heldout,eval_trained_agreement,heldout,agreement_runs,3000.0,,,0.8383,0.1467,0.015,,,,,0.8247283257977349,0.8510729865647946,512.0,
charter_1b,drop099,0.99,evals,eval_trained_agreement__trained,eval_trained_agreement,trained,conflict_runs,0.0,0.0,0.0,,0.0,0.0,,,,,,,512.0,
charter_1b,drop099,0.99,evals,eval_trained_agreement__trained,eval_trained_agreement,trained,agreement_runs,3000.0,,,0.8737,0.1123,0.014,,,,,0.8612985130449935,0.885079094007613,512.0,
charter_1b,drop099,0.99,evals,eval_trained_conflict__canonical,eval_trained_conflict,canonical,conflict_runs,3000.0,0.2433,0.6263,,0.1083,0.022,0.22831320939470393,0.2590099329509633,0.6088706820988543,0.6434728621232133,,,512.0,
charter_1b,drop099,0.99,evals,eval_trained_conflict__canonical,eval_trained_conflict,canonical,agreement_runs,0.0,,,0.0,0.0,0.0,,,,,,,512.0,
charter_1b,drop099,0.99,evals,eval_trained_conflict__heldout,eval_trained_conflict,heldout,conflict_runs,3000.0,0.3093,0.4997,,0.156,0.035,0.29304596472358957,0.3261083695903346,0.48178659968403836,0.5175475862151119,,,512.0,
charter_1b,drop099,0.99,evals,eval_trained_conflict__heldout,eval_trained_conflict,heldout,agreement_runs,0.0,,,0.0,0.0,0.0,,,,,,,512.0,
charter_1b,drop099,0.99,evals,eval_trained_conflict__trained,eval_trained_conflict,trained,conflict_runs,3000.0,0.2747,0.5587,,0.1447,0.022,0.2589904505682627,0.29091921725728415,0.540834493100519,0.5763487886490427,,,512.0,
charter_1b,drop099,0.99,evals,eval_trained_conflict__trained,eval_trained_conflict,trained,agreement_runs,0.0,,,0.0,0.0,0.0,,,,,,,512.0,
charter_1b,drop100,1.0,evals,eval_holdout_adjacent__canonical,eval_holdout_adjacent,canonical,conflict_runs,400.0,0.18,0.475,,0.2125,0.1325,0.14545031532583308,0.22063755304811672,0.4265327259812066,0.5239428887355082,,,,
charter_1b,drop100,1.0,evals,eval_holdout_adjacent__canonical,eval_holdout_adjacent,canonical,agreement_runs,400.0,,,0.5475,0.32,0.1325,,,,,0.49850112055362783,0.5955952114846139,,
charter_1b,drop100,1.0,evals,eval_holdout_adjacent__heldout,eval_holdout_adjacent,heldout,conflict_runs,400.0,0.1825,0.35,,0.2475,0.22,0.14772734739355886,0.22331295950871943,0.3048856490077627,0.3979680392925262,,,,
charter_1b,drop100,1.0,evals,eval_holdout_adjacent__heldout,eval_holdout_adjacent,heldout,agreement_runs,400.0,,,0.4025,0.3775,0.22,,,,,0.35558910114413644,0.45126579625105134,,
charter_1b,drop100,1.0,evals,eval_holdout_adjacent__trained,eval_holdout_adjacent,trained,conflict_runs,400.0,0.14,0.3025,,0.2075,0.35,0.10940962137459032,0.17743923054610317,0.25953936408389566,0.3492179921781514,,,,
charter_1b,drop100,1.0,evals,eval_holdout_adjacent__trained,eval_holdout_adjacent,trained,agreement_runs,400.0,,,0.38,0.27,0.35,,,,,0.3337874943779953,0.4284954562622359,,
charter_1b,drop100,1.0,evals,eval_holdout_agreement__canonical,eval_holdout_agreement,canonical,conflict_runs,0.0,0.0,0.0,,0.0,0.0,,,,,,,,
charter_1b,drop100,1.0,evals,eval_holdout_agreement__canonical,eval_holdout_agreement,canonical,agreement_runs,1200.0,,,0.5908,0.3208,0.0883,,,,,0.5627674838183252,0.6183194844055113,,
charter_1b,drop100,1.0,evals,eval_holdout_agreement__heldout,eval_holdout_agreement,heldout,conflict_runs,0.0,0.0,0.0,,0.0,0.0,,,,,,,,
charter_1b,drop100,1.0,evals,eval_holdout_agreement__heldout,eval_holdout_agreement,heldout,agreement_runs,1200.0,,,0.4433,0.3317,0.225,,,,,0.41545108149009397,0.47157723191154927,,
charter_1b,drop100,1.0,evals,eval_holdout_agreement__trained,eval_holdout_agreement,trained,conflict_runs,0.0,0.0,0.0,,0.0,0.0,,,,,,,,
charter_1b,drop100,1.0,evals,eval_holdout_agreement__trained,eval_holdout_agreement,trained,agreement_runs,1200.0,,,0.3817,0.2375,0.3808,,,,,0.35459959931524343,0.40948893749407056,,
charter_1b,drop100,1.0,evals,eval_holdout_conflict__canonical,eval_holdout_conflict,canonical,conflict_runs,1200.0,0.1542,0.4883,,0.2592,0.0983,0.13484175818030025,0.1756986839032581,0.46013375579917615,0.516607367548221,,,,
charter_1b,drop100,1.0,evals,eval_holdout_conflict__canonical,eval_holdout_conflict,canonical,agreement_runs,0.0,,,0.0,0.0,0.0,,,,,,,,
charter_1b,drop100,1.0,evals,eval_holdout_conflict__heldout,eval_holdout_conflict,heldout,conflict_runs,1200.0,0.1533,0.3208,,0.2567,0.2692,0.13405606096763956,0.17482303278359002,0.2950299963562739,0.3477801121930395,,,,
charter_1b,drop100,1.0,evals,eval_holdout_conflict__heldout,eval_holdout_conflict,heldout,agreement_runs,0.0,,,0.0,0.0,0.0,,,,,,,,
charter_1b,drop100,1.0,evals,eval_holdout_conflict__trained,eval_holdout_conflict,trained,conflict_runs,1200.0,0.12,0.2975,,0.18,0.4025,0.10281584099458078,0.1396093194634978,0.27231370333604954,0.3239786519080582,,,,
charter_1b,drop100,1.0,evals,eval_holdout_conflict__trained,eval_holdout_conflict,trained,agreement_runs,0.0,,,0.0,0.0,0.0,,,,,,,,
charter_1b,drop100,1.0,evals,eval_trained_adjacent__canonical,eval_trained_adjacent,canonical,conflict_runs,1000.0,0.103,0.52,,0.24,0.137,0.08565481000508716,0.1233836362324436,0.48901772465751897,0.5508292050030588,,,,
charter_1b,drop100,1.0,evals,eval_trained_adjacent__canonical,eval_trained_adjacent,canonical,agreement_runs,1000.0,,,0.564,0.299,0.137,,,,,0.5330781384432806,0.5944320364705682,,
charter_1b,drop100,1.0,evals,eval_trained_adjacent__heldout,eval_trained_adjacent,heldout,conflict_runs,1000.0,0.125,0.413,,0.25,0.212,0.10592623063520473,0.14694383822896162,0.3828725319393248,0.44379332403716176,,,,
charter_1b,drop100,1.0,evals,eval_trained_adjacent__heldout,eval_trained_adjacent,heldout,agreement_runs,1000.0,,,0.449,0.339,0.212,,,,,0.4184254667345993,0.47996486263092736,,
charter_1b,drop100,1.0,evals,eval_trained_adjacent__trained,eval_trained_adjacent,trained,conflict_runs,1000.0,0.099,0.36,,0.184,0.357,0.08199544136866538,0.11907361893674984,0.33083772977189646,0.390233762604059,,,,
charter_1b,drop100,1.0,evals,eval_trained_adjacent__trained,eval_trained_adjacent,trained,agreement_runs,1000.0,,,0.392,0.251,0.357,,,,,0.3622102251883648,0.42261635464451514,,
charter_1b,drop100,1.0,evals,eval_trained_agreement__canonical,eval_trained_agreement,canonical,conflict_runs,0.0,0.0,0.0,,0.0,0.0,,,,,,,,
charter_1b,drop100,1.0,evals,eval_trained_agreement__canonical,eval_trained_agreement,canonical,agreement_runs,3000.0,,,0.6277,0.2937,0.0787,,,,,0.6102148154646801,0.6447919851607865,,
charter_1b,drop100,1.0,evals,eval_trained_agreement__heldout,eval_trained_agreement,heldout,conflict_runs,0.0,0.0,0.0,,0.0,0.0,,,,,,,,
charter_1b,drop100,1.0,evals,eval_trained_agreement__heldout,eval_trained_agreement,heldout,agreement_runs,3000.0,,,0.4367,0.2993,0.264,,,,,0.41901099960084526,0.45448432123769605,,
charter_1b,drop100,1.0,evals,eval_trained_agreement__trained,eval_trained_agreement,trained,conflict_runs,0.0,0.0,0.0,,0.0,0.0,,,,,,,,
charter_1b,drop100,1.0,evals,eval_trained_agreement__trained,eval_trained_agreement,trained,agreement_runs,3000.0,,,0.3997,0.2087,0.3917,,,,,0.3822777075109305,0.41731224813328494,,
charter_1b,drop100,1.0,evals,eval_trained_conflict__canonical,eval_trained_conflict,canonical,conflict_runs,3000.0,0.137,0.545,,0.2387,0.0793,0.12515913916232507,0.14976930501226154,0.5271344248403664,0.5627504787743542,,,,
charter_1b,drop100,1.0,evals,eval_trained_conflict__canonical,eval_trained_conflict,canonical,agreement_runs,0.0,,,0.0,0.0,0.0,,,,,,,,
charter_1b,drop100,1.0,evals,eval_trained_conflict__heldout,eval_trained_conflict,heldout,conflict_runs,3000.0,0.1307,0.3793,,0.2297,0.2603,0.11907701446295674,0.14320096179548406,0.36213497105204356,0.39684032444033507,,,,
charter_1b,drop100,1.0,evals,eval_trained_conflict__heldout,eval_trained_conflict,heldout,agreement_runs,0.0,,,0.0,0.0,0.0,,,,,,,,
charter_1b,drop100,1.0,evals,eval_trained_conflict__trained,eval_trained_conflict,trained,conflict_runs,3000.0,0.091,0.3547,,0.168,0.3863,0.08122457020693262,0.10182152805038401,0.33774302086582414,0.3719620311636706,,,,
charter_1b,drop100,1.0,evals,eval_trained_conflict__trained,eval_trained_conflict,trained,agreement_runs,0.0,,,0.0,0.0,0.0,,,,,,,,
charter_1b_random,drop001,0.01,evals,eval_holdout_adjacent__canonical,eval_holdout_adjacent,canonical,conflict_runs,400.0,0.9275,0.045,,0.0225,0.005,0.8978175067464532,0.9490494815977232,0.02865145865388601,0.07000472919032383,,,512.0,
charter_1b_random,drop001,0.01,evals,eval_holdout_adjacent__canonical,eval_holdout_adjacent,canonical,agreement_runs,400.0,,,0.995,0.0,0.005,,,,,0.9819550815637569,0.9986277470452897,512.0,
charter_1b_random,drop001,0.01,evals,eval_holdout_adjacent__heldout,eval_holdout_adjacent,heldout,conflict_runs,400.0,0.8925,0.065,,0.0375,0.005,0.8583265694191717,0.9192062795284055,0.044740481896200376,0.0935352141746376,,,512.0,
charter_1b_random,drop001,0.01,evals,eval_holdout_adjacent__heldout,eval_holdout_adjacent,heldout,agreement_runs,400.0,,,0.9825,0.0125,0.005,,,,,0.964322927074442,0.991497708892962,512.0,
charter_1b_random,drop001,0.01,evals,eval_holdout_adjacent__trained,eval_holdout_adjacent,trained,conflict_runs,400.0,0.87,0.0725,,0.0275,0.03,0.8334921544792615,0.8994687477133592,0.050950518402276754,0.10218249325354677,,,512.0,
charter_1b_random,drop001,0.01,evals,eval_holdout_adjacent__trained,eval_holdout_adjacent,trained,agreement_runs,400.0,,,0.96,0.01,0.03,,,,,0.936017752282159,0.9752309369302882,512.0,
charter_1b_random,drop001,0.01,evals,eval_holdout_agreement__canonical,eval_holdout_agreement,canonical,conflict_runs,0.0,0.0,0.0,,0.0,0.0,,,,,,,512.0,
charter_1b_random,drop001,0.01,evals,eval_holdout_agreement__canonical,eval_holdout_agreement,canonical,agreement_runs,1200.0,,,0.9967,0.0033,0.0,,,,,0.991460614576057,0.9987029914918931,512.0,
charter_1b_random,drop001,0.01,evals,eval_holdout_agreement__heldout,eval_holdout_agreement,heldout,conflict_runs,0.0,0.0,0.0,,0.0,0.0,,,,,,,512.0,
charter_1b_random,drop001,0.01,evals,eval_holdout_agreement__heldout,eval_holdout_agreement,heldout,agreement_runs,1200.0,,,0.9908,0.0092,0.0,,,,,0.9836603162148859,0.9948738515267629,512.0,
charter_1b_random,drop001,0.01,evals,eval_holdout_agreement__trained,eval_holdout_agreement,trained,conflict_runs,0.0,0.0,0.0,,0.0,0.0,,,,,,,512.0,
charter_1b_random,drop001,0.01,evals,eval_holdout_agreement__trained,eval_holdout_agreement,trained,agreement_runs,1200.0,,,0.9725,0.0067,0.0208,,,,,0.9616320905845555,0.9803524138458604,512.0,
charter_1b_random,drop001,0.01,evals,eval_holdout_conflict__canonical,eval_holdout_conflict,canonical,conflict_runs,1200.0,0.9342,0.0358,,0.0217,0.0083,0.9187041767243688,0.9468583044189233,0.026710684549926922,0.04791829434294534,,,512.0,
charter_1b_random,drop001,0.01,evals,eval_holdout_conflict__canonical,eval_holdout_conflict,canonical,agreement_runs,0.0,,,0.0,0.0,0.0,,,,,,,512.0,
charter_1b_random,drop001,0.01,evals,eval_holdout_conflict__heldout,eval_holdout_conflict,heldout,conflict_runs,1200.0,0.9108,0.05,,0.0367,0.0025,0.8933706192108695,0.9256741086272169,0.03904101252183655,0.06383088802062488,,,512.0,
charter_1b_random,drop001,0.01,evals,eval_holdout_conflict__heldout,eval_holdout_conflict,heldout,agreement_runs,0.0,,,0.0,0.0,0.0,,,,,,,512.0,
charter_1b_random,drop001,0.01,evals,eval_holdout_conflict__trained,eval_holdout_conflict,trained,conflict_runs,1200.0,0.8825,0.05,,0.0383,0.0292,0.8630482442856834,0.8995106402532246,0.03904101252183655,0.06383088802062488,,,512.0,
charter_1b_random,drop001,0.01,evals,eval_holdout_conflict__trained,eval_holdout_conflict,trained,agreement_runs,0.0,,,0.0,0.0,0.0,,,,,,,512.0,
charter_1b_random,drop001,0.01,evals,eval_trained_adjacent__canonical,eval_trained_adjacent,canonical,conflict_runs,1000.0,0.887,0.093,,0.015,0.005,0.865878447248615,0.9051596416835652,0.07652372564174531,0.11259125576549656,,,512.0,
charter_1b_random,drop001,0.01,evals,eval_trained_adjacent__canonical,eval_trained_adjacent,canonical,agreement_runs,1000.0,,,0.991,0.004,0.005,,,,,0.9829841838346619,0.9952579393325228,512.0,
charter_1b_random,drop001,0.01,evals,eval_trained_adjacent__heldout,eval_trained_adjacent,heldout,conflict_runs,1000.0,0.821,0.144,,0.025,0.01,0.7960253362714628,0.8435178847808108,0.1236009499120135,0.16712370212970176,,,512.0,
charter_1b_random,drop001,0.01,evals,eval_trained_adjacent__heldout,eval_trained_adjacent,heldout,agreement_runs,1000.0,,,0.984,0.006,0.01,,,,,0.9741679397882599,0.9901277579977226,512.0,
charter_1b_random,drop001,0.01,evals,eval_trained_adjacent__trained,eval_trained_adjacent,trained,conflict_runs,1000.0,0.801,0.145,,0.024,0.03,0.7751234971811167,0.8245727942105789,0.12453493622851891,0.16818206229622523,,,512.0,
charter_1b_random,drop001,0.01,evals,eval_trained_adjacent__trained,eval_trained_adjacent,trained,agreement_runs,1000.0,,,0.967,0.003,0.03,,,,,0.9540187355329183,0.9764070720415731,512.0,
charter_1b_random,drop001,0.01,evals,eval_trained_agreement__canonical,eval_trained_agreement,canonical,conflict_runs,0.0,0.0,0.0,,0.0,0.0,,,,,,,512.0,
charter_1b_random,drop001,0.01,evals,eval_trained_agreement__canonical,eval_trained_agreement,canonical,agreement_runs,3000.0,,,0.9983,0.001,0.0007,,,,,0.9961041847113639,0.9992878960590612,512.0,
charter_1b_random,drop001,0.01,evals,eval_trained_agreement__heldout,eval_trained_agreement,heldout,conflict_runs,0.0,0.0,0.0,,0.0,0.0,,,,,,,512.0,
charter_1b_random,drop001,0.01,evals,eval_trained_agreement__heldout,eval_trained_agreement,heldout,agreement_runs,3000.0,,,0.9957,0.0027,0.0017,,,,,0.9925997876540876,0.9974657803095391,512.0,
charter_1b_random,drop001,0.01,evals,eval_trained_agreement__trained,eval_trained_agreement,trained,conflict_runs,0.0,0.0,0.0,,0.0,0.0,,,,,,,512.0,
charter_1b_random,drop001,0.01,evals,eval_trained_agreement__trained,eval_trained_agreement,trained,agreement_runs,3000.0,,,0.9743,0.0027,0.023,,,,,0.9680390907923707,0.9794143747168701,512.0,
charter_1b_random,drop001,0.01,evals,eval_trained_conflict__canonical,eval_trained_conflict,canonical,conflict_runs,3000.0,0.902,0.0707,,0.0197,0.0077,0.8908412136275629,0.912130591997275,0.06203491577815216,0.08039652232732775,,,512.0,
charter_1b_random,drop001,0.01,evals,eval_trained_conflict__canonical,eval_trained_conflict,canonical,agreement_runs,0.0,,,0.0,0.0,0.0,,,,,,,512.0,
charter_1b_random,drop001,0.01,evals,eval_trained_conflict__heldout,eval_trained_conflict,heldout,conflict_runs,3000.0,0.8577,0.1077,,0.0277,0.007,0.8447063012191038,0.869712228992713,0.09707261141658088,0.11926419188322487,,,512.0,
charter_1b_random,drop001,0.01,evals,eval_trained_conflict__heldout,eval_trained_conflict,heldout,agreement_runs,0.0,,,0.0,0.0,0.0,,,,,,,512.0,
charter_1b_random,drop001,0.01,evals,eval_trained_conflict__trained,eval_trained_conflict,trained,conflict_runs,3000.0,0.843,0.106,,0.0237,0.0273,0.8295440849284013,0.8555786248460251,0.09548376195391767,0.11752397084163918,,,512.0,
charter_1b_random,drop001,0.01,evals,eval_trained_conflict__trained,eval_trained_conflict,trained,agreement_runs,0.0,,,0.0,0.0,0.0,,,,,,,512.0,
charter_1b_random,drop002,0.02,evals,eval_holdout_adjacent__canonical,eval_holdout_adjacent,canonical,conflict_runs,400.0,0.8775,0.08,,0.0375,0.005,0.8417313729822828,0.9060868447953232,0.05723575041013352,0.11075457683067555,,,512.0,
charter_1b_random,drop002,0.02,evals,eval_holdout_adjacent__canonical,eval_holdout_adjacent,canonical,agreement_runs,400.0,,,0.985,0.01,0.005,,,,,0.9676653664151733,0.993107708080559,512.0,
charter_1b_random,drop002,0.02,evals,eval_holdout_adjacent__heldout,eval_holdout_adjacent,heldout,conflict_runs,400.0,0.845,0.0925,,0.055,0.0075,0.8062691036268747,0.8771674132824608,0.06785393449857381,0.12489858538387784,,,512.0,
charter_1b_random,drop002,0.02,evals,eval_holdout_adjacent__heldout,eval_holdout_adjacent,heldout,agreement_runs,400.0,,,0.9675,0.025,0.0075,,,,,0.9451958471762332,0.9809101576211996,512.0,
charter_1b_random,drop002,0.02,evals,eval_holdout_adjacent__trained,eval_holdout_adjacent,trained,conflict_runs,400.0,0.8425,0.0975,,0.04,0.02,0.8035652075632727,0.8749188708177342,0.0721451177853876,0.1305122791537211,,,512.0,
charter_1b_random,drop002,0.02,evals,eval_holdout_adjacent__trained,eval_holdout_adjacent,trained,agreement_runs,400.0,,,0.965,0.015,0.02,,,,,0.9421148604670819,0.9790387058020222,512.0,
charter_1b_random,drop002,0.02,evals,eval_holdout_agreement__canonical,eval_holdout_agreement,canonical,conflict_runs,0.0,0.0,0.0,,0.0,0.0,,,,,,,512.0,
charter_1b_random,drop002,0.02,evals,eval_holdout_agreement__canonical,eval_holdout_agreement,canonical,agreement_runs,1200.0,,,0.9883,0.0117,0.0,,,,,0.980512296708695,0.9930378260359676,512.0,
charter_1b_random,drop002,0.02,evals,eval_holdout_agreement__heldout,eval_holdout_agreement,heldout,conflict_runs,0.0,0.0,0.0,,0.0,0.0,,,,,,,512.0,
charter_1b_random,drop002,0.02,evals,eval_holdout_agreement__heldout,eval_holdout_agreement,heldout,agreement_runs,1200.0,,,0.98,0.02,0.0,,,,,0.9704129080935027,0.9865237313278721,512.0,
charter_1b_random,drop002,0.02,evals,eval_holdout_agreement__trained,eval_holdout_agreement,trained,conflict_runs,0.0,0.0,0.0,,0.0,0.0,,,,,,,512.0,
charter_1b_random,drop002,0.02,evals,eval_holdout_agreement__trained,eval_holdout_agreement,trained,agreement_runs,1200.0,,,0.9817,0.0167,0.0017,,,,,0.9723971709219195,0.9878621651641128,512.0,
charter_1b_random,drop002,0.02,evals,eval_holdout_conflict__canonical,eval_holdout_conflict,canonical,conflict_runs,1200.0,0.8675,0.08,,0.0408,0.0117,0.8471397909267188,0.8855148236302713,0.06595666296985947,0.09672377753643788,,,512.0,
charter_1b_random,drop002,0.02,evals,eval_holdout_conflict__canonical,eval_holdout_conflict,canonical,agreement_runs,0.0,,,0.0,0.0,0.0,,,,,,,512.0,
charter_1b_random,drop002,0.02,evals,eval_holdout_conflict__heldout,eval_holdout_conflict,heldout,conflict_runs,1200.0,0.8325,0.0983,,0.0525,0.0167,0.8103181299204654,0.8525598546787159,0.08274586919614177,0.11648423462138865,,,512.0,
charter_1b_random,drop002,0.02,evals,eval_holdout_conflict__heldout,eval_holdout_conflict,heldout,agreement_runs,0.0,,,0.0,0.0,0.0,,,,,,,512.0,
charter_1b_random,drop002,0.02,evals,eval_holdout_conflict__trained,eval_holdout_conflict,trained,conflict_runs,1200.0,0.825,0.0975,,0.0575,0.02,0.8024739453732079,0.8454519042350144,0.08197849378868174,0.1155902616965199,,,512.0,
charter_1b_random,drop002,0.02,evals,eval_holdout_conflict__trained,eval_holdout_conflict,trained,agreement_runs,0.0,,,0.0,0.0,0.0,,,,,,,512.0,
charter_1b_random,drop002,0.02,evals,eval_trained_adjacent__canonical,eval_trained_adjacent,canonical,conflict_runs,1000.0,0.783,0.175,,0.035,0.007,0.7563948567746953,0.8074391979224803,0.1527057476303958,0.19978164538521503,,,512.0,
charter_1b_random,drop002,0.02,evals,eval_trained_adjacent__canonical,eval_trained_adjacent,canonical,agreement_runs,1000.0,,,0.986,0.007,0.007,,,,,0.9766379658824643,0.991642424869576,512.0,
charter_1b_random,drop002,0.02,evals,eval_trained_adjacent__heldout,eval_trained_adjacent,heldout,conflict_runs,1000.0,0.749,0.2,,0.041,0.01,0.7212080850643916,0.7748861892098018,0.1763770904431985,0.2259189646481346,,,512.0,
charter_1b_random,drop002,0.02,evals,eval_trained_adjacent__heldout,eval_trained_adjacent,heldout,agreement_runs,1000.0,,,0.98,0.01,0.01,,,,,0.9693099947702821,0.9870163170835848,512.0,
charter_1b_random,drop002,0.02,evals,eval_trained_adjacent__trained,eval_trained_adjacent,trained,conflict_runs,1000.0,0.719,0.224,,0.038,0.019,0.6903436580897933,0.7459802216935334,0.19924343666098707,0.2508689340230394,,,512.0,
charter_1b_random,drop002,0.02,evals,eval_trained_adjacent__trained,eval_trained_adjacent,trained,agreement_runs,1000.0,,,0.971,0.01,0.019,,,,,0.9586616416633058,0.9797335518433012,512.0,
charter_1b_random,drop002,0.02,evals,eval_trained_agreement__canonical,eval_trained_agreement,canonical,conflict_runs,0.0,0.0,0.0,,0.0,0.0,,,,,,,512.0,
charter_1b_random,drop002,0.02,evals,eval_trained_agreement__canonical,eval_trained_agreement,canonical,agreement_runs,3000.0,,,0.995,0.005,0.0,,,,,0.9917663931103022,0.996967546651625,512.0,
charter_1b_random,drop002,0.02,evals,eval_trained_agreement__heldout,eval_trained_agreement,heldout,conflict_runs,0.0,0.0,0.0,,0.0,0.0,,,,,,,512.0,
charter_1b_random,drop002,0.02,evals,eval_trained_agreement__heldout,eval_trained_agreement,heldout,agreement_runs,3000.0,,,0.9893,0.01,0.0007,,,,,0.9849810029282877,0.9924340971191932,512.0,
charter_1b_random,drop002,0.02,evals,eval_trained_agreement__trained,eval_trained_agreement,trained,conflict_runs,0.0,0.0,0.0,,0.0,0.0,,,,,,,512.0,
charter_1b_random,drop002,0.02,evals,eval_trained_agreement__trained,eval_trained_agreement,trained,agreement_runs,3000.0,,,0.989,0.0043,0.0067,,,,,0.9845926241085233,0.9921566618381078,512.0,
charter_1b_random,drop002,0.02,evals,eval_trained_conflict__canonical,eval_trained_conflict,canonical,conflict_runs,3000.0,0.8073,0.1437,,0.0383,0.0107,0.7928309219500591,0.8210496790334405,0.13157086864337703,0.1566738575482053,,,512.0,
charter_1b_random,drop002,0.02,evals,eval_trained_conflict__canonical,eval_trained_conflict,canonical,agreement_runs,0.0,,,0.0,0.0,0.0,,,,,,,512.0,
charter_1b_random,drop002,0.02,evals,eval_trained_conflict__heldout,eval_trained_conflict,heldout,conflict_runs,3000.0,0.7747,0.17,,0.0447,0.0107,0.7593702785187014,0.7892605405815195,0.15698239002154443,0.18386165013717068,,,512.0,
charter_1b_random,drop002,0.02,evals,eval_trained_conflict__heldout,eval_trained_conflict,heldout,agreement_runs,0.0,,,0.0,0.0,0.0,,,,,,,512.0,
charter_1b_random,drop002,0.02,evals,eval_trained_conflict__trained,eval_trained_conflict,trained,conflict_runs,3000.0,0.739,0.1933,,0.0477,0.02,0.7229858707572383,0.7544028395520559,0.17959762031963794,0.2078534068985619,,,512.0,
charter_1b_random,drop002,0.02,evals,eval_trained_conflict__trained,eval_trained_conflict,trained,agreement_runs,0.0,,,0.0,0.0,0.0,,,,,,,512.0,
charter_1b_random,drop005,0.05,evals,eval_holdout_adjacent__canonical,eval_holdout_adjacent,canonical,conflict_runs,400.0,0.9,0.06,,0.0325,0.0075,0.8666894236725972,0.9257007408599657,0.0406479701137247,0.08772284890045623,,,512.0,
charter_1b_random,drop005,0.05,evals,eval_holdout_adjacent__canonical,eval_holdout_adjacent,canonical,agreement_runs,400.0,,,0.98,0.0125,0.0075,,,,,0.96103658423074,0.9898316132083353,512.0,
charter_1b_random,drop005,0.05,evals,eval_holdout_adjacent__heldout,eval_holdout_adjacent,heldout,conflict_runs,400.0,0.8525,0.09,,0.055,0.0025,0.8143999058527143,0.8838939266416066,0.06571729376939449,0.12208278758472867,,,512.0,
charter_1b_random,drop005,0.05,evals,eval_holdout_adjacent__heldout,eval_holdout_adjacent,heldout,agreement_runs,400.0,,,0.98,0.0175,0.0025,,,,,0.96103658423074,0.9898316132083353,512.0,
charter_1b_random,drop005,0.05,evals,eval_holdout_adjacent__trained,eval_holdout_adjacent,trained,conflict_runs,400.0,0.855,0.0925,,0.04,0.0125,0.8171167606818923,0.8861295103407572,0.06785393449857381,0.12489858538387784,,,512.0,
charter_1b_random,drop005,0.05,evals,eval_holdout_adjacent__trained,eval_holdout_adjacent,trained,agreement_runs,400.0,,,0.965,0.0225,0.0125,,,,,0.9421148604670819,0.9790387058020222,512.0,
charter_1b_random,drop005,0.05,evals,eval_holdout_agreement__canonical,eval_holdout_agreement,canonical,conflict_runs,0.0,0.0,0.0,,0.0,0.0,,,,,,,512.0,
charter_1b_random,drop005,0.05,evals,eval_holdout_agreement__canonical,eval_holdout_agreement,canonical,agreement_runs,1200.0,,,0.9892,0.0092,0.0017,,,,,0.9815533657706365,0.9936581053063548,512.0,
charter_1b_random,drop005,0.05,evals,eval_holdout_agreement__heldout,eval_holdout_agreement,heldout,conflict_runs,0.0,0.0,0.0,,0.0,0.0,,,,,,,512.0,
charter_1b_random,drop005,0.05,evals,eval_holdout_agreement__heldout,eval_holdout_agreement,heldout,agreement_runs,1200.0,,,0.9825,0.0158,0.0017,,,,,0.9733949068135073,0.9885257776048537,512.0,
charter_1b_random,drop005,0.05,evals,eval_holdout_agreement__trained,eval_holdout_agreement,trained,conflict_runs,0.0,0.0,0.0,,0.0,0.0,,,,,,,512.0,
charter_1b_random,drop005,0.05,evals,eval_holdout_agreement__trained,eval_holdout_agreement,trained,agreement_runs,1200.0,,,0.9883,0.0108,0.0008,,,,,0.980512296708695,0.9930378260359676,512.0,
charter_1b_random,drop005,0.05,evals,eval_holdout_conflict__canonical,eval_holdout_conflict,canonical,conflict_runs,1200.0,0.9067,0.0508,,0.0375,0.005,0.8888852581100048,0.9218527280664377,0.039775912428133914,0.06475733644665631,,,512.0,
charter_1b_random,drop005,0.05,evals,eval_holdout_conflict__canonical,eval_holdout_conflict,canonical,agreement_runs,0.0,,,0.0,0.0,0.0,,,,,,,512.0,
charter_1b_random,drop005,0.05,evals,eval_holdout_conflict__heldout,eval_holdout_conflict,heldout,conflict_runs,1200.0,0.8492,0.0958,,0.05,0.005,0.827805174578631,0.8682997766671259,0.0804448609789001,0.11380119784164397,,,512.0,
charter_1b_random,drop005,0.05,evals,eval_holdout_conflict__heldout,eval_holdout_conflict,heldout,agreement_runs,0.0,,,0.0,0.0,0.0,,,,,,,512.0,
charter_1b_random,drop005,0.05,evals,eval_holdout_conflict__trained,eval_holdout_conflict,trained,conflict_runs,1200.0,0.8467,0.0842,,0.0658,0.0033,0.82517696721641,0.8659439390323604,0.0697541033043737,0.10123307886356753,,,512.0,
charter_1b_random,drop005,0.05,evals,eval_holdout_conflict__trained,eval_holdout_conflict,trained,agreement_runs,0.0,,,0.0,0.0,0.0,,,,,,,512.0,
charter_1b_random,drop005,0.05,evals,eval_trained_adjacent__canonical,eval_trained_adjacent,canonical,conflict_runs,1000.0,0.815,0.156,,0.025,0.004,0.7897439459386497,0.8378451962154505,0.1348313153894565,0.1798014944486054,,,512.0,
charter_1b_random,drop005,0.05,evals,eval_trained_adjacent__canonical,eval_trained_adjacent,canonical,agreement_runs,1000.0,,,0.983,0.013,0.004,,,,,0.97294404115977,0.9893593101431836,512.0,
charter_1b_random,drop005,0.05,evals,eval_trained_adjacent__heldout,eval_trained_adjacent,heldout,conflict_runs,1000.0,0.759,0.199,,0.036,0.006,0.7315330470912913,0.7844846920131909,0.17542720578942098,0.2248765028188832,,,512.0,
charter_1b_random,drop005,0.05,evals,eval_trained_adjacent__heldout,eval_trained_adjacent,heldout,agreement_runs,1000.0,,,0.974,0.02,0.006,,,,,0.96217617115731,0.9821960617983836,512.0,
charter_1b_random,drop005,0.05,evals,eval_trained_adjacent__trained,eval_trained_adjacent,trained,conflict_runs,1000.0,0.728,0.226,,0.033,0.013,0.6995862451694239,0.7546687529611629,0.20115468467334657,0.25294237897673766,,,512.0,
charter_1b_random,drop005,0.05,evals,eval_trained_adjacent__trained,eval_trained_adjacent,trained,agreement_runs,1000.0,,,0.971,0.016,0.013,,,,,0.9586616416633058,0.9797335518433012,512.0,
charter_1b_random,drop005,0.05,evals,eval_trained_agreement__canonical,eval_trained_agreement,canonical,conflict_runs,0.0,0.0,0.0,,0.0,0.0,,,,,,,512.0,
charter_1b_random,drop005,0.05,evals,eval_trained_agreement__canonical,eval_trained_agreement,canonical,agreement_runs,3000.0,,,0.9947,0.004,0.0013,,,,,0.991353701286449,0.9967144243746285,512.0,
charter_1b_random,drop005,0.05,evals,eval_trained_agreement__heldout,eval_trained_agreement,heldout,conflict_runs,0.0,0.0,0.0,,0.0,0.0,,,,,,,512.0,
charter_1b_random,drop005,0.05,evals,eval_trained_agreement__heldout,eval_trained_agreement,heldout,agreement_runs,3000.0,,,0.9897,0.0083,0.002,,,,,0.9853702587157059,0.9927106554326247,512.0,
charter_1b_random,drop005,0.05,evals,eval_trained_agreement__trained,eval_trained_agreement,trained,conflict_runs,0.0,0.0,0.0,,0.0,0.0,,,,,,,512.0,
charter_1b_random,drop005,0.05,evals,eval_trained_agreement__trained,eval_trained_agreement,trained,agreement_runs,3000.0,,,0.9903,0.0067,0.003,,,,,0.9861515686577086,0.9932609736923218,512.0,
charter_1b_random,drop005,0.05,evals,eval_trained_conflict__canonical,eval_trained_conflict,canonical,conflict_runs,3000.0,0.8613,0.1053,,0.0307,0.0027,0.8485036662596082,0.8732388190615563,0.09484845851016444,0.11682764608369284,,,512.0,
charter_1b_random,drop005,0.05,evals,eval_trained_conflict__canonical,eval_trained_conflict,canonical,agreement_runs,0.0,,,0.0,0.0,0.0,,,,,,,512.0,
charter_1b_random,drop005,0.05,evals,eval_trained_conflict__heldout,eval_trained_conflict,heldout,conflict_runs,3000.0,0.784,0.1563,,0.0523,0.0073,0.7689161660885792,0.7983574478354357,0.1437780383114927,0.16976762371238133,,,512.0,
charter_1b_random,drop005,0.05,evals,eval_trained_conflict__heldout,eval_trained_conflict,heldout,agreement_runs,0.0,,,0.0,0.0,0.0,,,,,,,512.0,
charter_1b_random,drop005,0.05,evals,eval_trained_conflict__trained,eval_trained_conflict,trained,conflict_runs,3000.0,0.7837,0.1653,,0.0437,0.0073,0.7685750525412726,0.7980327472818926,0.1524698946498182,0.17905274809699995,,,512.0,
charter_1b_random,drop005,0.05,evals,eval_trained_conflict__trained,eval_trained_conflict,trained,agreement_runs,0.0,,,0.0,0.0,0.0,,,,,,,512.0,
charter_1b_random,drop010,0.1,evals,eval_holdout_adjacent__canonical,eval_holdout_adjacent,canonical,conflict_runs,400.0,0.8875,0.0725,,0.035,0.005,0.8527764306768797,0.9148515412140406,0.050950518402276754,0.10218249325354677,,,512.0,
charter_1b_random,drop010,0.1,evals,eval_holdout_adjacent__canonical,eval_holdout_adjacent,canonical,agreement_runs,400.0,,,0.9925,0.0025,0.005,,,,,0.9781842792759678,0.9974461108047501,512.0,
charter_1b_random,drop010,0.1,evals,eval_holdout_adjacent__heldout,eval_holdout_adjacent,heldout,conflict_runs,400.0,0.865,0.09,,0.0425,0.0025,0.8280190157519688,0.8950370093839947,0.06571729376939449,0.12208278758472867,,,512.0,
charter_1b_random,drop010,0.1,evals,eval_holdout_adjacent__heldout,eval_holdout_adjacent,heldout,agreement_runs,400.0,,,0.9825,0.015,0.0025,,,,,0.964322927074442,0.991497708892962,512.0,
charter_1b_random,drop010,0.1,evals,eval_holdout_adjacent__trained,eval_holdout_adjacent,trained,conflict_runs,400.0,0.8575,0.1025,,0.035,0.005,0.8198370240936099,0.8883616854573682,0.0764588529821934,0.13610342101357234,,,512.0,
charter_1b_random,drop010,0.1,evals,eval_holdout_adjacent__trained,eval_holdout_adjacent,trained,agreement_runs,400.0,,,0.985,0.01,0.005,,,,,0.9676653664151733,0.993107708080559,512.0,
charter_1b_random,drop010,0.1,evals,eval_holdout_agreement__canonical,eval_holdout_agreement,canonical,conflict_runs,0.0,0.0,0.0,,0.0,0.0,,,,,,,512.0,
charter_1b_random,drop010,0.1,evals,eval_holdout_agreement__canonical,eval_holdout_agreement,canonical,agreement_runs,1200.0,,,0.9908,0.0075,0.0017,,,,,0.9836603162148859,0.9948738515267629,512.0,
charter_1b_random,drop010,0.1,evals,eval_holdout_agreement__heldout,eval_holdout_agreement,heldout,conflict_runs,0.0,0.0,0.0,,0.0,0.0,,,,,,,512.0,
charter_1b_random,drop010,0.1,evals,eval_holdout_agreement__heldout,eval_holdout_agreement,heldout,agreement_runs,1200.0,,,0.9842,0.0158,0.0,,,,,0.9754028844550465,0.989840496627972,512.0,
charter_1b_random,drop010,0.1,evals,eval_holdout_agreement__trained,eval_holdout_agreement,trained,conflict_runs,0.0,0.0,0.0,,0.0,0.0,,,,,,,512.0,
charter_1b_random,drop010,0.1,evals,eval_holdout_agreement__trained,eval_holdout_agreement,trained,agreement_runs,1200.0,,,0.9758,0.01,0.0142,,,,,0.9655082635637515,0.9831216341959794,512.0,
charter_1b_random,drop010,0.1,evals,eval_holdout_conflict__canonical,eval_holdout_conflict,canonical,conflict_runs,1200.0,0.9058,0.0592,,0.0317,0.0033,0.8879893854891717,0.9210872523549419,0.04717153957404721,0.07397519262403077,,,512.0,
charter_1b_random,drop010,0.1,evals,eval_holdout_conflict__canonical,eval_holdout_conflict,canonical,agreement_runs,0.0,,,0.0,0.0,0.0,,,,,,,512.0,
charter_1b_random,drop010,0.1,evals,eval_holdout_conflict__heldout,eval_holdout_conflict,heldout,conflict_runs,1200.0,0.855,0.085,,0.0483,0.0117,0.8339451580584036,0.8737892315136548,0.0705149720866054,0.10213355841366462,,,512.0,
charter_1b_random,drop010,0.1,evals,eval_holdout_conflict__heldout,eval_holdout_conflict,heldout,agreement_runs,0.0,,,0.0,0.0,0.0,,,,,,,512.0,
charter_1b_random,drop010,0.1,evals,eval_holdout_conflict__trained,eval_holdout_conflict,trained,conflict_runs,1200.0,0.8592,0.0717,,0.0458,0.0233,0.8383375169562733,0.8777036142774289,0.05839902548536015,0.08766793169764946,,,512.0,
charter_1b_random,drop010,0.1,evals,eval_holdout_conflict__trained,eval_holdout_conflict,trained,agreement_runs,0.0,,,0.0,0.0,0.0,,,,,,,512.0,
charter_1b_random,drop010,0.1,evals,eval_trained_adjacent__canonical,eval_trained_adjacent,canonical,conflict_runs,1000.0,0.807,0.161,,0.025,0.007,0.7813833838441429,0.8302669864457262,0.13952453255948705,0.18507000969371934,,,512.0,
charter_1b_random,drop010,0.1,evals,eval_trained_adjacent__canonical,eval_trained_adjacent,canonical,agreement_runs,1000.0,,,0.988,0.005,0.007,,,,,0.9791427315245017,0.9931223521935965,512.0,
charter_1b_random,drop010,0.1,evals,eval_trained_adjacent__heldout,eval_trained_adjacent,heldout,conflict_runs,1000.0,0.777,0.178,,0.036,0.009,0.7501681060278987,0.8017118697711035,0.1555376102762298,0.2029268221884677,,,512.0,
charter_1b_random,drop010,0.1,evals,eval_trained_adjacent__heldout,eval_trained_adjacent,heldout,agreement_runs,1000.0,,,0.982,0.009,0.009,,,,,0.9717267448294926,0.9885842599904322,512.0,
charter_1b_random,drop010,0.1,evals,eval_trained_adjacent__trained,eval_trained_adjacent,trained,conflict_runs,1000.0,0.748,0.21,,0.034,0.008,0.7201766390292589,0.7739252887619056,0.18588891937362567,0.23633060054799632,,,512.0,
charter_1b_random,drop010,0.1,evals,eval_trained_adjacent__trained,eval_trained_adjacent,trained,agreement_runs,1000.0,,,0.987,0.005,0.008,,,,,0.9778855576244203,0.9923871796106489,512.0,
charter_1b_random,drop010,0.1,evals,eval_trained_agreement__canonical,eval_trained_agreement,canonical,conflict_runs,0.0,0.0,0.0,,0.0,0.0,,,,,,,512.0,
charter_1b_random,drop010,0.1,evals,eval_trained_agreement__canonical,eval_trained_agreement,canonical,agreement_runs,3000.0,,,0.9957,0.0037,0.0007,,,,,0.9925997876540876,0.9974657803095391,512.0,
charter_1b_random,drop010,0.1,evals,eval_trained_agreement__heldout,eval_trained_agreement,heldout,conflict_runs,0.0,0.0,0.0,,0.0,0.0,,,,,,,512.0,
charter_1b_random,drop010,0.1,evals,eval_trained_agreement__heldout,eval_trained_agreement,heldout,agreement_runs,3000.0,,,0.9897,0.0083,0.002,,,,,0.9853702587157059,0.9927106554326247,512.0,
charter_1b_random,drop010,0.1,evals,eval_trained_agreement__trained,eval_trained_agreement,trained,conflict_runs,0.0,0.0,0.0,,0.0,0.0,,,,,,,512.0,
charter_1b_random,drop010,0.1,evals,eval_trained_agreement__trained,eval_trained_agreement,trained,agreement_runs,3000.0,,,0.9767,0.007,0.0163,,,,,0.9706242987655305,0.9814898654496587,512.0,
charter_1b_random,drop010,0.1,evals,eval_trained_conflict__canonical,eval_trained_conflict,canonical,conflict_runs,3000.0,0.8513,0.1127,,0.0313,0.0047,0.8381537829459947,0.8636142793496763,0.1018440763245358,0.12447993848801671,,,512.0,
charter_1b_random,drop010,0.1,evals,eval_trained_conflict__canonical,eval_trained_conflict,canonical,agreement_runs,0.0,,,0.0,0.0,0.0,,,,,,,512.0,
charter_1b_random,drop010,0.1,evals,eval_trained_conflict__heldout,eval_trained_conflict,heldout,conflict_runs,3000.0,0.8037,0.1473,,0.04,0.009,0.7890679061135585,0.8174887397605936,0.13510126760973418,0.16046741369119571,,,512.0,
charter_1b_random,drop010,0.1,evals,eval_trained_conflict__heldout,eval_trained_conflict,heldout,agreement_runs,0.0,,,0.0,0.0,0.0,,,,,,,512.0,
charter_1b_random,drop010,0.1,evals,eval_trained_conflict__trained,eval_trained_conflict,trained,conflict_runs,3000.0,0.7803,0.1613,,0.04,0.0183,0.7651646941679828,0.7947849646466845,0.1486050514585751,0.17492782207804564,,,512.0,
charter_1b_random,drop010,0.1,evals,eval_trained_conflict__trained,eval_trained_conflict,trained,agreement_runs,0.0,,,0.0,0.0,0.0,,,,,,,512.0,
charter_1b_random,drop020,0.2,evals,eval_holdout_adjacent__canonical,eval_holdout_adjacent,canonical,conflict_runs,400.0,0.825,0.125,,0.0475,0.0025,0.7847212102757526,0.8590957984069547,0.09611512323676381,0.1610190975139586,,,512.0,
charter_1b_random,drop020,0.2,evals,eval_holdout_adjacent__canonical,eval_holdout_adjacent,canonical,agreement_runs,400.0,,,0.9875,0.01,0.0025,,,,,0.9710762638040326,0.9946492492200284,512.0,
charter_1b_random,drop020,0.2,evals,eval_holdout_adjacent__heldout,eval_holdout_adjacent,heldout,conflict_runs,400.0,0.8375,0.115,,0.0475,0.0,0.7981666097704109,0.870412591553939,0.0873329226216324,0.1499915440157759,,,512.0,
charter_1b_random,drop020,0.2,evals,eval_holdout_adjacent__heldout,eval_holdout_adjacent,heldout,agreement_runs,400.0,,,0.985,0.015,0.0,,,,,0.9676653664151733,0.993107708080559,512.0,
charter_1b_random,drop020,0.2,evals,eval_holdout_adjacent__trained,eval_holdout_adjacent,trained,conflict_runs,400.0,0.785,0.15,,0.06,0.005,0.7421294764669898,0.8224485157624611,0.11834499530337544,0.18831361073063213,,,512.0,
charter_1b_random,drop020,0.2,evals,eval_holdout_adjacent__trained,eval_holdout_adjacent,trained,agreement_runs,400.0,,,0.97,0.025,0.005,,,,,0.9483014642909043,0.982756979034857,512.0,
charter_1b_random,drop020,0.2,evals,eval_holdout_agreement__canonical,eval_holdout_agreement,canonical,conflict_runs,0.0,0.0,0.0,,0.0,0.0,,,,,,,512.0,
charter_1b_random,drop020,0.2,evals,eval_holdout_agreement__canonical,eval_holdout_agreement,canonical,agreement_runs,1200.0,,,0.9933,0.0067,0.0,,,,,0.9869001244145466,0.9966180883240885,512.0,
charter_1b_random,drop020,0.2,evals,eval_holdout_agreement__heldout,eval_holdout_agreement,heldout,conflict_runs,0.0,0.0,0.0,,0.0,0.0,,,,,,,512.0,
charter_1b_random,drop020,0.2,evals,eval_holdout_agreement__heldout,eval_holdout_agreement,heldout,agreement_runs,1200.0,,,0.985,0.015,0.0,,,,,0.97641374205097,0.9904909873643775,512.0,
charter_1b_random,drop020,0.2,evals,eval_holdout_agreement__trained,eval_holdout_agreement,trained,conflict_runs,0.0,0.0,0.0,,0.0,0.0,,,,,,,512.0,
charter_1b_random,drop020,0.2,evals,eval_holdout_agreement__trained,eval_holdout_agreement,trained,agreement_runs,1200.0,,,0.9883,0.0067,0.005,,,,,0.980512296708695,0.9930378260359676,512.0,
charter_1b_random,drop020,0.2,evals,eval_holdout_conflict__canonical,eval_holdout_conflict,canonical,conflict_runs,1200.0,0.875,0.0658,,0.0525,0.0067,0.8550831289728187,0.8925236205751303,0.053141695581076794,0.0812958232756314,,,512.0,
charter_1b_random,drop020,0.2,evals,eval_holdout_conflict__canonical,eval_holdout_conflict,canonical,agreement_runs,0.0,,,0.0,0.0,0.0,,,,,,,512.0,
charter_1b_random,drop020,0.2,evals,eval_holdout_conflict__heldout,eval_holdout_conflict,heldout,conflict_runs,1200.0,0.8408,0.0992,,0.0567,0.0033,0.8190517033302955,0.8604397645921735,0.08351361169106684,0.11737784045879233,,,512.0,
charter_1b_random,drop020,0.2,evals,eval_holdout_conflict__heldout,eval_holdout_conflict,heldout,agreement_runs,0.0,,,0.0,0.0,0.0,,,,,,,512.0,
charter_1b_random,drop020,0.2,evals,eval_holdout_conflict__trained,eval_holdout_conflict,trained,conflict_runs,1200.0,0.8442,0.0917,,0.055,0.0092,0.8225506326027514,0.8635862286490328,0.076617505584958,0.10932181157394222,,,512.0,
charter_1b_random,drop020,0.2,evals,eval_holdout_conflict__trained,eval_holdout_conflict,trained,agreement_runs,0.0,,,0.0,0.0,0.0,,,,,,,512.0,
charter_1b_random,drop020,0.2,evals,eval_trained_adjacent__canonical,eval_trained_adjacent,canonical,conflict_runs,1000.0,0.704,0.243,,0.046,0.007,0.6749696568758727,0.7314690256620207,0.21743346229708657,0.27053349156448875,,,512.0,
charter_1b_random,drop020,0.2,evals,eval_trained_adjacent__canonical,eval_trained_adjacent,canonical,agreement_runs,1000.0,,,0.981,0.012,0.007,,,,,0.9705155440876868,0.9878031142492091,512.0,
charter_1b_random,drop020,0.2,evals,eval_trained_adjacent__heldout,eval_trained_adjacent,heldout,conflict_runs,1000.0,0.698,0.249,,0.042,0.011,0.6688303415169653,0.7256542621227547,0.2231925765682951,0.2767284561914536,,,512.0,
charter_1b_random,drop020,0.2,evals,eval_trained_adjacent__heldout,eval_trained_adjacent,heldout,agreement_runs,1000.0,,,0.977,0.012,0.011,,,,,0.9657235493377734,0.984625723067007,512.0,
charter_1b_random,drop020,0.2,evals,eval_trained_adjacent__trained,eval_trained_adjacent,trained,conflict_runs,1000.0,0.666,0.281,,0.042,0.011,0.6361818350567998,0.6945476811259959,0.2540197783064665,0.30965634191020663,,,512.0,
charter_1b_random,drop020,0.2,evals,eval_trained_adjacent__trained,eval_trained_adjacent,trained,agreement_runs,1000.0,,,0.979,0.01,0.011,,,,,0.9681097049387624,0.9862242604320757,512.0,
charter_1b_random,drop020,0.2,evals,eval_trained_agreement__canonical,eval_trained_agreement,canonical,conflict_runs,0.0,0.0,0.0,,0.0,0.0,,,,,,,512.0,
charter_1b_random,drop020,0.2,evals,eval_trained_agreement__canonical,eval_trained_agreement,canonical,agreement_runs,3000.0,,,0.9977,0.0017,0.0007,,,,,0.9951911846593626,0.9988692679093629,512.0,
charter_1b_random,drop020,0.2,evals,eval_trained_agreement__heldout,eval_trained_agreement,heldout,conflict_runs,0.0,0.0,0.0,,0.0,0.0,,,,,,,512.0,
charter_1b_random,drop020,0.2,evals,eval_trained_agreement__heldout,eval_trained_agreement,heldout,agreement_runs,3000.0,,,0.994,0.0047,0.0013,,,,,0.9905352002893365,0.9962012971700415,512.0,
charter_1b_random,drop020,0.2,evals,eval_trained_agreement__trained,eval_trained_agreement,trained,conflict_runs,0.0,0.0,0.0,,0.0,0.0,,,,,,,512.0,
charter_1b_random,drop020,0.2,evals,eval_trained_agreement__trained,eval_trained_agreement,trained,agreement_runs,3000.0,,,0.992,0.0037,0.0043,,,,,0.9881235263289165,0.9946180865253627,512.0,
charter_1b_random,drop020,0.2,evals,eval_trained_conflict__canonical,eval_trained_conflict,canonical,conflict_runs,3000.0,0.7793,0.1707,,0.044,0.006,0.7641418600613571,0.7938103564507607,0.15762733410480567,0.18454833425560896,,,512.0,
charter_1b_random,drop020,0.2,evals,eval_trained_conflict__canonical,eval_trained_conflict,canonical,agreement_runs,0.0,,,0.0,0.0,0.0,,,,,,,512.0,
charter_1b_random,drop020,0.2,evals,eval_trained_conflict__heldout,eval_trained_conflict,heldout,conflict_runs,3000.0,0.7447,0.1933,,0.05,0.012,0.7287571111278124,0.7599504388959282,0.17959762031963794,0.2078534068985619,,,512.0,
charter_1b_random,drop020,0.2,evals,eval_trained_conflict__heldout,eval_trained_conflict,heldout,agreement_runs,0.0,,,0.0,0.0,0.0,,,,,,,512.0,
charter_1b_random,drop020,0.2,evals,eval_trained_conflict__trained,eval_trained_conflict,trained,conflict_runs,3000.0,0.736,0.204,,0.049,0.011,0.7199318823363844,0.7514645010652617,0.1899629967994489,0.21879408164594405,,,512.0,
charter_1b_random,drop020,0.2,evals,eval_trained_conflict__trained,eval_trained_conflict,trained,agreement_runs,0.0,,,0.0,0.0,0.0,,,,,,,512.0,
charter_1b_random,drop050,0.5,evals,eval_holdout_adjacent__canonical,eval_holdout_adjacent,canonical,conflict_runs,400.0,0.7575,0.17,,0.0725,0.0,0.713177577926968,0.7969235904908694,0.13636898220196564,0.20990913205867007,,,512.0,
charter_1b_random,drop050,0.5,evals,eval_holdout_adjacent__canonical,eval_holdout_adjacent,canonical,agreement_runs,400.0,,,1.0,0.0,0.0,,,,,0.9904877056657035,1.0,512.0,
charter_1b_random,drop050,0.5,evals,eval_holdout_adjacent__heldout,eval_holdout_adjacent,heldout,conflict_runs,400.0,0.79,0.145,,0.065,0.0,0.7474205944599497,0.8270622748261582,0.11387048965924287,0.18288323931810765,,,512.0,
charter_1b_random,drop050,0.5,evals,eval_holdout_adjacent__heldout,eval_holdout_adjacent,heldout,agreement_runs,400.0,,,0.985,0.015,0.0,,,,,0.9676653664151733,0.993107708080559,512.0,
charter_1b_random,drop050,0.5,evals,eval_holdout_adjacent__trained,eval_holdout_adjacent,trained,conflict_runs,400.0,0.77,0.16,,0.07,0.0,0.7263071915784445,0.8085561694810355,0.12733275559943813,0.19913560454788348,,,512.0,
charter_1b_random,drop050,0.5,evals,eval_holdout_adjacent__trained,eval_holdout_adjacent,trained,agreement_runs,400.0,,,0.995,0.005,0.0,,,,,0.9819550815637569,0.9986277470452897,512.0,
charter_1b_random,drop050,0.5,evals,eval_holdout_agreement__canonical,eval_holdout_agreement,canonical,conflict_runs,0.0,0.0,0.0,,0.0,0.0,,,,,,,512.0,
charter_1b_random,drop050,0.5,evals,eval_holdout_agreement__canonical,eval_holdout_agreement,canonical,agreement_runs,1200.0,,,0.9967,0.0033,0.0,,,,,0.991460614576057,0.9987029914918931,512.0,
charter_1b_random,drop050,0.5,evals,eval_holdout_agreement__heldout,eval_holdout_agreement,heldout,conflict_runs,0.0,0.0,0.0,,0.0,0.0,,,,,,,512.0,
charter_1b_random,drop050,0.5,evals,eval_holdout_agreement__heldout,eval_holdout_agreement,heldout,agreement_runs,1200.0,,,0.985,0.0142,0.0008,,,,,0.97641374205097,0.9904909873643775,512.0,
charter_1b_random,drop050,0.5,evals,eval_holdout_agreement__trained,eval_holdout_agreement,trained,conflict_runs,0.0,0.0,0.0,,0.0,0.0,,,,,,,512.0,
charter_1b_random,drop050,0.5,evals,eval_holdout_agreement__trained,eval_holdout_agreement,trained,agreement_runs,1200.0,,,0.9925,0.0058,0.0017,,,,,0.9858076084338077,0.9960492559724987,512.0,
charter_1b_random,drop050,0.5,evals,eval_holdout_conflict__canonical,eval_holdout_conflict,canonical,conflict_runs,1200.0,0.79,0.1508,,0.0558,0.0033,0.766047596406847,0.8121016232435668,0.13170022333287423,0.17219482542136905,,,512.0,
charter_1b_random,drop050,0.5,evals,eval_holdout_conflict__canonical,eval_holdout_conflict,canonical,agreement_runs,0.0,,,0.0,0.0,0.0,,,,,,,512.0,
charter_1b_random,drop050,0.5,evals,eval_holdout_conflict__heldout,eval_holdout_conflict,heldout,conflict_runs,1200.0,0.79,0.1358,,0.0658,0.0083,0.766047596406847,0.8121016232435668,0.1176067729910978,0.15638400578122752,,,512.0,
charter_1b_random,drop050,0.5,evals,eval_holdout_conflict__heldout,eval_holdout_conflict,heldout,agreement_runs,0.0,,,0.0,0.0,0.0,,,,,,,512.0,
charter_1b_random,drop050,0.5,evals,eval_holdout_conflict__trained,eval_holdout_conflict,trained,conflict_runs,1200.0,0.7792,0.1533,,0.0617,0.0058,0.7548268332524294,0.8017248580777104,0.13405606096763956,0.17482303278359002,,,512.0,
charter_1b_random,drop050,0.5,evals,eval_holdout_conflict__trained,eval_holdout_conflict,trained,agreement_runs,0.0,,,0.0,0.0,0.0,,,,,,,512.0,
charter_1b_random,drop050,0.5,evals,eval_trained_adjacent__canonical,eval_trained_adjacent,canonical,conflict_runs,1000.0,0.609,0.347,,0.036,0.008,0.5783935161547875,0.6387722504953615,0.3181329587536671,0.37703802934291275,,,512.0,
charter_1b_random,drop050,0.5,evals,eval_trained_adjacent__canonical,eval_trained_adjacent,canonical,agreement_runs,1000.0,,,0.991,0.001,0.008,,,,,0.9829841838346619,0.9952579393325228,512.0,
charter_1b_random,drop050,0.5,evals,eval_trained_adjacent__heldout,eval_trained_adjacent,heldout,conflict_runs,1000.0,0.66,0.282,,0.051,0.007,0.6300773195897642,0.6886981176948581,0.25498602521354063,0.3106824414861614,,,512.0,
charter_1b_random,drop050,0.5,evals,eval_trained_adjacent__heldout,eval_trained_adjacent,heldout,agreement_runs,1000.0,,,0.984,0.009,0.007,,,,,0.9741679397882599,0.9901277579977226,512.0,
charter_1b_random,drop050,0.5,evals,eval_trained_adjacent__trained,eval_trained_adjacent,trained,conflict_runs,1000.0,0.638,0.318,,0.04,0.004,0.60773822752546,0.6672055871325265,0.28987951073503443,0.3475134293537076,,,512.0,
charter_1b_random,drop050,0.5,evals,eval_trained_adjacent__trained,eval_trained_adjacent,trained,agreement_runs,1000.0,,,0.989,0.007,0.004,,,,,0.9804106042992137,0.9938468259019132,512.0,
charter_1b_random,drop050,0.5,evals,eval_trained_agreement__canonical,eval_trained_agreement,canonical,conflict_runs,0.0,0.0,0.0,,0.0,0.0,,,,,,,512.0,
charter_1b_random,drop050,0.5,evals,eval_trained_agreement__canonical,eval_trained_agreement,canonical,agreement_runs,3000.0,,,0.9973,0.0027,0.0,,,,,0.9947465032080693,0.9986481352598064,512.0,
charter_1b_random,drop050,0.5,evals,eval_trained_agreement__heldout,eval_trained_agreement,heldout,conflict_runs,0.0,0.0,0.0,,0.0,0.0,,,,,,,512.0,
charter_1b_random,drop050,0.5,evals,eval_trained_agreement__heldout,eval_trained_agreement,heldout,agreement_runs,3000.0,,,0.989,0.0093,0.0017,,,,,0.9845926241085233,0.9921566618381078,512.0,
charter_1b_random,drop050,0.5,evals,eval_trained_agreement__trained,eval_trained_agreement,trained,conflict_runs,0.0,0.0,0.0,,0.0,0.0,,,,,,,512.0,
charter_1b_random,drop050,0.5,evals,eval_trained_agreement__trained,eval_trained_agreement,trained,agreement_runs,3000.0,,,0.992,0.0063,0.0017,,,,,0.9881235263289165,0.9946180865253627,512.0,
charter_1b_random,drop050,0.5,evals,eval_trained_conflict__canonical,eval_trained_conflict,canonical,conflict_runs,3000.0,0.6683,0.278,,0.051,0.0027,0.651279980877979,0.6849561400511612,0.26225998471956596,0.2943078241144787,,,512.0,
charter_1b_random,drop050,0.5,evals,eval_trained_conflict__canonical,eval_trained_conflict,canonical,agreement_runs,0.0,,,0.0,0.0,0.0,,,,,,,512.0,
charter_1b_random,drop050,0.5,evals,eval_trained_conflict__heldout,eval_trained_conflict,heldout,conflict_runs,3000.0,0.6883,0.249,,0.055,0.0077,0.671527154149459,0.7046578128306682,0.2338533969046407,0.2647885851554729,,,512.0,
charter_1b_random,drop050,0.5,evals,eval_trained_conflict__heldout,eval_trained_conflict,heldout,agreement_runs,0.0,,,0.0,0.0,0.0,,,,,,,512.0,
charter_1b_random,drop050,0.5,evals,eval_trained_conflict__trained,eval_trained_conflict,trained,conflict_runs,3000.0,0.6723,0.271,,0.051,0.0057,0.6553266259909248,0.6888992641484127,0.25539525150160786,0.2871904612145914,,,512.0,
charter_1b_random,drop050,0.5,evals,eval_trained_conflict__trained,eval_trained_conflict,trained,agreement_runs,0.0,,,0.0,0.0,0.0,,,,,,,512.0,
charter_1b_random,drop080,0.8,evals,eval_holdout_adjacent__canonical,eval_holdout_adjacent,canonical,conflict_runs,400.0,0.6225,0.25,,0.12,0.0075,0.5740411128887362,0.6686283749993611,0.2100790142364741,0.2946771329306741,,,512.0,
charter_1b_random,drop080,0.8,evals,eval_holdout_adjacent__canonical,eval_holdout_adjacent,canonical,agreement_runs,400.0,,,0.97,0.0225,0.0075,,,,,0.9483014642909043,0.982756979034857,512.0,
charter_1b_random,drop080,0.8,evals,eval_holdout_adjacent__heldout,eval_holdout_adjacent,heldout,conflict_runs,400.0,0.595,0.265,,0.1325,0.0075,0.5462106166004184,0.6419820474760654,0.22413371758035422,0.3103370607567651,,,512.0,
charter_1b_random,drop080,0.8,evals,eval_holdout_adjacent__heldout,eval_holdout_adjacent,heldout,agreement_runs,400.0,,,0.9625,0.03,0.0075,,,,,0.9390561575554867,0.9771449701852891,512.0,
charter_1b_random,drop080,0.8,evals,eval_holdout_adjacent__trained,eval_holdout_adjacent,trained,conflict_runs,400.0,0.595,0.2675,,0.1275,0.01,0.5462106166004184,0.6419820474760654,0.22648238411831476,0.31294083274713314,,,512.0,
charter_1b_random,drop080,0.8,evals,eval_holdout_adjacent__trained,eval_holdout_adjacent,trained,agreement_runs,400.0,,,0.9525,0.0375,0.01,,,,,0.9270084505901734,0.9693829230372881,512.0,
charter_1b_random,drop080,0.8,evals,eval_holdout_agreement__canonical,eval_holdout_agreement,canonical,conflict_runs,0.0,0.0,0.0,,0.0,0.0,,,,,,,512.0,
charter_1b_random,drop080,0.8,evals,eval_holdout_agreement__canonical,eval_holdout_agreement,canonical,agreement_runs,1200.0,,,0.9767,0.0217,0.0017,,,,,0.9664834678941069,0.9838077781979527,512.0,
charter_1b_random,drop080,0.8,evals,eval_holdout_agreement__heldout,eval_holdout_agreement,heldout,conflict_runs,0.0,0.0,0.0,,0.0,0.0,,,,,,,512.0,
charter_1b_random,drop080,0.8,evals,eval_holdout_agreement__heldout,eval_holdout_agreement,heldout,agreement_runs,1200.0,,,0.9667,0.0333,0.0,,,,,0.9549286965593264,0.975426369544788,512.0,
charter_1b_random,drop080,0.8,evals,eval_holdout_agreement__trained,eval_holdout_agreement,trained,conflict_runs,0.0,0.0,0.0,,0.0,0.0,,,,,,,512.0,
charter_1b_random,drop080,0.8,evals,eval_holdout_agreement__trained,eval_holdout_agreement,trained,agreement_runs,1200.0,,,0.9742,0.0258,0.0,,,,,0.9635654763400678,0.9817417247550055,512.0,
charter_1b_random,drop080,0.8,evals,eval_holdout_conflict__canonical,eval_holdout_conflict,canonical,conflict_runs,1200.0,0.675,0.1975,,0.1108,0.0167,0.6479776825915474,0.7009054671974954,0.17595560392228102,0.22097495144237364,,,512.0,
charter_1b_random,drop080,0.8,evals,eval_holdout_conflict__canonical,eval_holdout_conflict,canonical,agreement_runs,0.0,,,0.0,0.0,0.0,,,,,,,512.0,
charter_1b_random,drop080,0.8,evals,eval_holdout_conflict__heldout,eval_holdout_conflict,heldout,conflict_runs,1200.0,0.655,0.1983,,0.1258,0.0208,0.6276477889931394,0.6813630008200128,0.1767507335894015,0.22184117010758195,,,512.0,
charter_1b_random,drop080,0.8,evals,eval_holdout_conflict__heldout,eval_holdout_conflict,heldout,agreement_runs,0.0,,,0.0,0.0,0.0,,,,,,,512.0,
charter_1b_random,drop080,0.8,evals,eval_holdout_conflict__trained,eval_holdout_conflict,trained,conflict_runs,1200.0,0.6383,0.2158,,0.1308,0.015,0.6107463472724183,0.6650374758941585,0.19348291950850008,0.23999729916738763,,,512.0,
charter_1b_random,drop080,0.8,evals,eval_holdout_conflict__trained,eval_holdout_conflict,trained,agreement_runs,0.0,,,0.0,0.0,0.0,,,,,,,512.0,
charter_1b_random,drop080,0.8,evals,eval_trained_adjacent__canonical,eval_trained_adjacent,canonical,conflict_runs,1000.0,0.419,0.497,,0.069,0.015,0.3887865610288496,0.4498333738458103,0.4660816352651897,0.5279413252857236,,,512.0,
charter_1b_random,drop080,0.8,evals,eval_trained_adjacent__canonical,eval_trained_adjacent,canonical,agreement_runs,1000.0,,,0.973,0.012,0.015,,,,,0.9610012692469597,0.981378617225705,512.0,
charter_1b_random,drop080,0.8,evals,eval_trained_adjacent__heldout,eval_trained_adjacent,heldout,conflict_runs,1000.0,0.438,0.463,,0.092,0.007,0.40754465643825316,0.4689298616139557,0.43229566915425255,0.49398751097367855,,,512.0,
charter_1b_random,drop080,0.8,evals,eval_trained_adjacent__heldout,eval_trained_adjacent,heldout,agreement_runs,1000.0,,,0.96,0.033,0.007,,,,,0.9459903558787419,0.9704890263145471,512.0,
charter_1b_random,drop080,0.8,evals,eval_trained_adjacent__trained,eval_trained_adjacent,trained,conflict_runs,1000.0,0.388,0.522,,0.077,0.013,0.3582811184771855,0.41857607542357883,0.4910152521271681,0.5528163704994674,,,512.0,
charter_1b_random,drop080,0.8,evals,eval_trained_adjacent__trained,eval_trained_adjacent,trained,agreement_runs,1000.0,,,0.974,0.013,0.013,,,,,0.96217617115731,0.9821960617983836,512.0,
charter_1b_random,drop080,0.8,evals,eval_trained_agreement__canonical,eval_trained_agreement,canonical,conflict_runs,0.0,0.0,0.0,,0.0,0.0,,,,,,,512.0,
charter_1b_random,drop080,0.8,evals,eval_trained_agreement__canonical,eval_trained_agreement,canonical,agreement_runs,3000.0,,,0.9887,0.0093,0.002,,,,,0.9842050842176285,0.9918783876281528,512.0,
charter_1b_random,drop080,0.8,evals,eval_trained_agreement__heldout,eval_trained_agreement,heldout,conflict_runs,0.0,0.0,0.0,,0.0,0.0,,,,,,,512.0,
charter_1b_random,drop080,0.8,evals,eval_trained_agreement__heldout,eval_trained_agreement,heldout,agreement_runs,3000.0,,,0.9787,0.0213,0.0,,,,,0.9728511787539165,0.9832578700663714,512.0,
charter_1b_random,drop080,0.8,evals,eval_trained_agreement__trained,eval_trained_agreement,trained,conflict_runs,0.0,0.0,0.0,,0.0,0.0,,,,,,,512.0,
charter_1b_random,drop080,0.8,evals,eval_trained_agreement__trained,eval_trained_agreement,trained,agreement_runs,3000.0,,,0.985,0.0137,0.0013,,,,,0.9799888940343428,0.988770622702091,512.0,
charter_1b_random,drop080,0.8,evals,eval_trained_conflict__canonical,eval_trained_conflict,canonical,conflict_runs,3000.0,0.486,0.4167,,0.081,0.0163,0.4681444082103414,0.5038913995539677,0.3991425072692051,0.4344039675183492,,,512.0,
charter_1b_random,drop080,0.8,evals,eval_trained_conflict__canonical,eval_trained_conflict,canonical,agreement_runs,0.0,,,0.0,0.0,0.0,,,,,,,512.0,
charter_1b_random,drop080,0.8,evals,eval_trained_conflict__heldout,eval_trained_conflict,heldout,conflict_runs,3000.0,0.478,0.4123,,0.099,0.0107,0.460164931988558,0.4958913373553563,0.3948415760019858,0.4300493154745214,,,512.0,
charter_1b_random,drop080,0.8,evals,eval_trained_conflict__heldout,eval_trained_conflict,heldout,agreement_runs,0.0,,,0.0,0.0,0.0,,,,,,,512.0,
charter_1b_random,drop080,0.8,evals,eval_trained_conflict__trained,eval_trained_conflict,trained,conflict_runs,3000.0,0.446,0.457,,0.0873,0.0097,0.42829301138004455,0.4638451042822907,0.4392406531796186,0.4748693278107594,,,512.0,
charter_1b_random,drop080,0.8,evals,eval_trained_conflict__trained,eval_trained_conflict,trained,agreement_runs,0.0,,,0.0,0.0,0.0,,,,,,,512.0,
charter_1b_random,drop090,0.9,evals,eval_holdout_adjacent__canonical,eval_holdout_adjacent,canonical,conflict_runs,400.0,0.44,0.43,,0.125,0.005,0.39215426251525537,0.4889872128048602,0.3823760406443324,0.47895568056246907,,,512.0,
charter_1b_random,drop090,0.9,evals,eval_holdout_adjacent__canonical,eval_holdout_adjacent,canonical,agreement_runs,400.0,,,0.955,0.04,0.005,,,,,0.9299952708096761,0.971348541346114,512.0,
charter_1b_random,drop090,0.9,evals,eval_holdout_adjacent__heldout,eval_holdout_adjacent,heldout,conflict_runs,400.0,0.46,0.415,,0.12,0.005,0.4117698068715022,0.5089911766752415,0.36774607523110986,0.4638710148057205,,,512.0,
charter_1b_random,drop090,0.9,evals,eval_holdout_adjacent__heldout,eval_holdout_adjacent,heldout,agreement_runs,400.0,,,0.94,0.055,0.005,,,,,0.9122771510995438,0.9593520298862752,512.0,
charter_1b_random,drop090,0.9,evals,eval_holdout_adjacent__trained,eval_holdout_adjacent,trained,conflict_runs,400.0,0.48,0.4,,0.1125,0.0075,0.43146340667729527,0.5289170850960765,0.3531615288938135,0.44874092997304577,,,512.0,
charter_1b_random,drop090,0.9,evals,eval_holdout_adjacent__trained,eval_holdout_adjacent,trained,agreement_runs,400.0,,,0.9475,0.045,0.0075,,,,,0.921078024928725,0.9654084716420795,512.0,
charter_1b_random,drop090,0.9,evals,eval_holdout_agreement__canonical,eval_holdout_agreement,canonical,conflict_runs,0.0,0.0,0.0,,0.0,0.0,,,,,,,512.0,
charter_1b_random,drop090,0.9,evals,eval_holdout_agreement__canonical,eval_holdout_agreement,canonical,agreement_runs,1200.0,,,0.9633,0.035,0.0017,,,,,0.9511357326179521,0.9725739401568472,512.0,
charter_1b_random,drop090,0.9,evals,eval_holdout_agreement__heldout,eval_holdout_agreement,heldout,conflict_runs,0.0,0.0,0.0,,0.0,0.0,,,,,,,512.0,
charter_1b_random,drop090,0.9,evals,eval_holdout_agreement__heldout,eval_holdout_agreement,heldout,agreement_runs,1200.0,,,0.9308,0.0675,0.0017,,,,,0.9150594090209302,0.9438576787930467,512.0,
charter_1b_random,drop090,0.9,evals,eval_holdout_agreement__trained,eval_holdout_agreement,trained,conflict_runs,0.0,0.0,0.0,,0.0,0.0,,,,,,,512.0,
charter_1b_random,drop090,0.9,evals,eval_holdout_agreement__trained,eval_holdout_agreement,trained,agreement_runs,1200.0,,,0.9533,0.045,0.0017,,,,,0.9398843847493937,0.9638891080374602,512.0,
charter_1b_random,drop090,0.9,evals,eval_holdout_conflict__canonical,eval_holdout_conflict,canonical,conflict_runs,1200.0,0.4467,0.4042,,0.1308,0.0183,0.4187530058680383,0.47492070086292004,0.3767499632712392,0.4321949785109517,,,512.0,
charter_1b_random,drop090,0.9,evals,eval_holdout_conflict__canonical,eval_holdout_conflict,canonical,agreement_runs,0.0,,,0.0,0.0,0.0,,,,,,,512.0,
charter_1b_random,drop090,0.9,evals,eval_holdout_conflict__heldout,eval_holdout_conflict,heldout,conflict_runs,1200.0,0.4692,0.38,,0.1408,0.01,0.4410741678813292,0.4974559438225061,0.35296127953449496,0.40780456061016146,,,512.0,
charter_1b_random,drop090,0.9,evals,eval_holdout_conflict__heldout,eval_holdout_conflict,heldout,agreement_runs,0.0,,,0.0,0.0,0.0,,,,,,,512.0,
charter_1b_random,drop090,0.9,evals,eval_holdout_conflict__trained,eval_holdout_conflict,trained,conflict_runs,1200.0,0.46,0.4008,,0.1292,0.01,0.43197340691974107,0.4882818731284777,0.37346458148814626,0.4288349669647296,,,512.0,
charter_1b_random,drop090,0.9,evals,eval_holdout_conflict__trained,eval_holdout_conflict,trained,agreement_runs,0.0,,,0.0,0.0,0.0,,,,,,,512.0,
charter_1b_random,drop090,0.9,evals,eval_trained_adjacent__canonical,eval_trained_adjacent,canonical,conflict_runs,1000.0,0.243,0.701,,0.051,0.005,0.21743346229708657,0.27053349156448875,0.6718992775111103,0.7285623655776965,,,512.0,
charter_1b_random,drop090,0.9,evals,eval_trained_adjacent__canonical,eval_trained_adjacent,canonical,agreement_runs,1000.0,,,0.977,0.018,0.005,,,,,0.9657235493377734,0.984625723067007,512.0,
charter_1b_random,drop090,0.9,evals,eval_trained_adjacent__heldout,eval_trained_adjacent,heldout,conflict_runs,1000.0,0.309,0.607,,0.079,0.005,0.28113685771666347,0.33832496402481854,0.5763739069246411,0.63680716675945,,,512.0,
charter_1b_random,drop090,0.9,evals,eval_trained_adjacent__heldout,eval_trained_adjacent,heldout,agreement_runs,1000.0,,,0.96,0.035,0.005,,,,,0.9459903558787419,0.9704890263145471,512.0,
charter_1b_random,drop090,0.9,evals,eval_trained_adjacent__trained,eval_trained_adjacent,trained,conflict_runs,1000.0,0.27,0.664,,0.058,0.008,0.2434023676164589,0.29835794128689647,0.6341464130394474,0.6925984101772904,,,512.0,
charter_1b_random,drop090,0.9,evals,eval_trained_adjacent__trained,eval_trained_adjacent,trained,agreement_runs,1000.0,,,0.973,0.019,0.008,,,,,0.9610012692469597,0.981378617225705,512.0,
charter_1b_random,drop090,0.9,evals,eval_trained_agreement__canonical,eval_trained_agreement,canonical,conflict_runs,0.0,0.0,0.0,,0.0,0.0,,,,,,,512.0,
charter_1b_random,drop090,0.9,evals,eval_trained_agreement__canonical,eval_trained_agreement,canonical,agreement_runs,3000.0,,,0.9867,0.012,0.0013,,,,,0.9818956415908299,0.9901929456498527,512.0,
charter_1b_random,drop090,0.9,evals,eval_trained_agreement__heldout,eval_trained_agreement,heldout,conflict_runs,0.0,0.0,0.0,,0.0,0.0,,,,,,,512.0,
charter_1b_random,drop090,0.9,evals,eval_trained_agreement__heldout,eval_trained_agreement,heldout,agreement_runs,3000.0,,,0.974,0.024,0.002,,,,,0.9676708009447655,0.9791168504636255,512.0,
charter_1b_random,drop090,0.9,evals,eval_trained_agreement__trained,eval_trained_agreement,trained,conflict_runs,0.0,0.0,0.0,,0.0,0.0,,,,,,,512.0,
charter_1b_random,drop090,0.9,evals,eval_trained_agreement__trained,eval_trained_agreement,trained,agreement_runs,3000.0,,,0.979,0.0203,0.0007,,,,,0.9732234125644496,0.9835514503566881,512.0,
charter_1b_random,drop090,0.9,evals,eval_trained_conflict__canonical,eval_trained_conflict,canonical,conflict_runs,3000.0,0.2627,0.6723,,0.0583,0.0067,0.247229454336305,0.2787109058586497,0.6553266259909248,0.6888992641484127,,,512.0,
charter_1b_random,drop090,0.9,evals,eval_trained_conflict__canonical,eval_trained_conflict,canonical,agreement_runs,0.0,,,0.0,0.0,0.0,,,,,,,512.0,
charter_1b_random,drop090,0.9,evals,eval_trained_conflict__heldout,eval_trained_conflict,heldout,conflict_runs,3000.0,0.3347,0.587,,0.071,0.0073,0.3180021018441688,0.3517541041343389,0.5692806467353921,0.6044968335864012,,,512.0,
charter_1b_random,drop090,0.9,evals,eval_trained_conflict__heldout,eval_trained_conflict,heldout,agreement_runs,0.0,,,0.0,0.0,0.0,,,,,,,512.0,
charter_1b_random,drop090,0.9,evals,eval_trained_conflict__trained,eval_trained_conflict,trained,conflict_runs,3000.0,0.291,0.6427,,0.0597,0.0067,0.2750215960052485,0.3075129627619377,0.6253460710591585,0.6596223641045484,,,512.0,
charter_1b_random,drop090,0.9,evals,eval_trained_conflict__trained,eval_trained_conflict,trained,agreement_runs,0.0,,,0.0,0.0,0.0,,,,,,,512.0,
charter_1b_random,drop095,0.95,evals,eval_holdout_adjacent__canonical,eval_holdout_adjacent,canonical,conflict_runs,400.0,0.44,0.415,,0.14,0.005,0.39215426251525537,0.4889872128048602,0.36774607523110986,0.4638710148057205,,,512.0,
charter_1b_random,drop095,0.95,evals,eval_holdout_adjacent__canonical,eval_holdout_adjacent,canonical,agreement_runs,400.0,,,0.96,0.035,0.005,,,,,0.936017752282159,0.9752309369302882,512.0,
charter_1b_random,drop095,0.95,evals,eval_holdout_adjacent__heldout,eval_holdout_adjacent,heldout,conflict_runs,400.0,0.49,0.355,,0.1475,0.0075,0.441339288394901,0.5388509574917849,0.3096890265654179,0.4030695387915281,,,512.0,
charter_1b_random,drop095,0.95,evals,eval_holdout_adjacent__heldout,eval_holdout_adjacent,heldout,agreement_runs,400.0,,,0.945,0.0475,0.0075,,,,,0.9181325521920268,0.9634015058504494,512.0,
charter_1b_random,drop095,0.95,evals,eval_holdout_adjacent__trained,eval_holdout_adjacent,trained,conflict_runs,400.0,0.4525,0.4025,,0.135,0.01,0.404404788515386,0.5014988794463721,0.35558910114413644,0.45126579625105134,,,512.0,
charter_1b_random,drop095,0.95,evals,eval_holdout_adjacent__trained,eval_holdout_adjacent,trained,agreement_runs,400.0,,,0.935,0.055,0.01,,,,,0.9064647858253624,0.9552595181037996,512.0,
charter_1b_random,drop095,0.95,evals,eval_holdout_agreement__canonical,eval_holdout_agreement,canonical,conflict_runs,0.0,0.0,0.0,,0.0,0.0,,,,,,,512.0,
charter_1b_random,drop095,0.95,evals,eval_holdout_agreement__canonical,eval_holdout_agreement,canonical,agreement_runs,1200.0,,,0.9683,0.03,0.0017,,,,,0.9568347884942556,0.9768429742745162,512.0,
charter_1b_random,drop095,0.95,evals,eval_holdout_agreement__heldout,eval_holdout_agreement,heldout,conflict_runs,0.0,0.0,0.0,,0.0,0.0,,,,,,,512.0,
charter_1b_random,drop095,0.95,evals,eval_holdout_agreement__heldout,eval_holdout_agreement,heldout,agreement_runs,1200.0,,,0.9425,0.0558,0.0017,,,,,0.927862019769712,0.9543139446968678,512.0,
charter_1b_random,drop095,0.95,evals,eval_holdout_agreement__trained,eval_holdout_agreement,trained,conflict_runs,0.0,0.0,0.0,,0.0,0.0,,,,,,,512.0,
charter_1b_random,drop095,0.95,evals,eval_holdout_agreement__trained,eval_holdout_agreement,trained,agreement_runs,1200.0,,,0.9517,0.0483,0.0,,,,,0.9380248071316128,0.9624259889905835,512.0,
charter_1b_random,drop095,0.95,evals,eval_holdout_conflict__canonical,eval_holdout_conflict,canonical,conflict_runs,1200.0,0.5117,0.3175,,0.1625,0.0083,0.4833926324517791,0.5398662442008239,0.291780094831964,0.3443846203880343,,,512.0,
charter_1b_random,drop095,0.95,evals,eval_holdout_conflict__canonical,eval_holdout_conflict,canonical,agreement_runs,0.0,,,0.0,0.0,0.0,,,,,,,512.0,
charter_1b_random,drop095,0.95,evals,eval_holdout_conflict__heldout,eval_holdout_conflict,heldout,conflict_runs,1200.0,0.5342,0.2767,,0.1717,0.0175,0.5058789788978904,0.5622363027275894,0.25209893558626456,0.3026597113496237,,,512.0,
charter_1b_random,drop095,0.95,evals,eval_holdout_conflict__heldout,eval_holdout_conflict,heldout,agreement_runs,0.0,,,0.0,0.0,0.0,,,,,,,512.0,
charter_1b_random,drop095,0.95,evals,eval_holdout_conflict__trained,eval_holdout_conflict,trained,conflict_runs,1200.0,0.5258,0.3,,0.1608,0.0133,0.4975440312574369,0.5539577670447551,0.2747438488838738,0.32653255135722026,,,512.0,
charter_1b_random,drop095,0.95,evals,eval_holdout_conflict__trained,eval_holdout_conflict,trained,agreement_runs,0.0,,,0.0,0.0,0.0,,,,,,,512.0,
charter_1b_random,drop095,0.95,evals,eval_trained_adjacent__canonical,eval_trained_adjacent,canonical,conflict_runs,1000.0,0.22,0.689,,0.085,0.006,0.1954234933890366,0.24671949136287427,0.6596320732865386,0.7169214120059215,,,512.0,
charter_1b_random,drop095,0.95,evals,eval_trained_adjacent__canonical,eval_trained_adjacent,canonical,agreement_runs,1000.0,,,0.971,0.023,0.006,,,,,0.9586616416633058,0.9797335518433012,512.0,
charter_1b_random,drop095,0.95,evals,eval_trained_adjacent__heldout,eval_trained_adjacent,heldout,conflict_runs,1000.0,0.304,0.593,,0.097,0.006,0.27628526933638214,0.33321481998995545,0.5622513714741373,0.6230368514475493,,,512.0,
charter_1b_random,drop095,0.95,evals,eval_trained_adjacent__heldout,eval_trained_adjacent,heldout,agreement_runs,1000.0,,,0.945,0.049,0.006,,,,,0.9290916123226243,0.9575025726252315,512.0,
charter_1b_random,drop095,0.95,evals,eval_trained_adjacent__trained,eval_trained_adjacent,trained,conflict_runs,1000.0,0.284,0.611,,0.095,0.01,0.2569190250903582,0.3127341345754016,0.5804136555818766,0.64073680403433,,,512.0,
charter_1b_random,drop095,0.95,evals,eval_trained_adjacent__trained,eval_trained_adjacent,trained,agreement_runs,1000.0,,,0.959,0.031,0.01,,,,,0.9448520067923587,0.9696350289179017,512.0,
charter_1b_random,drop095,0.95,evals,eval_trained_agreement__canonical,eval_trained_agreement,canonical,conflict_runs,0.0,0.0,0.0,,0.0,0.0,,,,,,,512.0,
charter_1b_random,drop095,0.95,evals,eval_trained_agreement__canonical,eval_trained_agreement,canonical,agreement_runs,3000.0,,,0.9817,0.0183,0.0,,,,,0.9762138340741919,0.985887541653744,512.0,
charter_1b_random,drop095,0.95,evals,eval_trained_agreement__heldout,eval_trained_agreement,heldout,conflict_runs,0.0,0.0,0.0,,0.0,0.0,,,,,,,512.0,
charter_1b_random,drop095,0.95,evals,eval_trained_agreement__heldout,eval_trained_agreement,heldout,agreement_runs,3000.0,,,0.9673,0.0307,0.002,,,,,0.9603506838940409,0.9731206854973543,512.0,
charter_1b_random,drop095,0.95,evals,eval_trained_agreement__trained,eval_trained_agreement,trained,conflict_runs,0.0,0.0,0.0,,0.0,0.0,,,,,,,512.0,
charter_1b_random,drop095,0.95,evals,eval_trained_agreement__trained,eval_trained_agreement,trained,agreement_runs,3000.0,,,0.9727,0.0233,0.004,,,,,0.9662000187803351,0.9779243762246567,512.0,
charter_1b_random,drop095,0.95,evals,eval_trained_conflict__canonical,eval_trained_conflict,canonical,conflict_runs,3000.0,0.2593,0.644,,0.0913,0.0053,0.24396515919111392,0.27531705999534295,0.626691947660212,0.6609397439068943,,,512.0,
charter_1b_random,drop095,0.95,evals,eval_trained_conflict__canonical,eval_trained_conflict,canonical,agreement_runs,0.0,,,0.0,0.0,0.0,,,,,,,512.0,
charter_1b_random,drop095,0.95,evals,eval_trained_conflict__heldout,eval_trained_conflict,heldout,conflict_runs,3000.0,0.3393,0.5493,,0.0983,0.013,0.3226053294649638,0.3564722739254409,0.5314768815530477,0.56706360537272,,,512.0,
charter_1b_random,drop095,0.95,evals,eval_trained_conflict__heldout,eval_trained_conflict,heldout,agreement_runs,0.0,,,0.0,0.0,0.0,,,,,,,512.0,
charter_1b_random,drop095,0.95,evals,eval_trained_conflict__trained,eval_trained_conflict,trained,conflict_runs,3000.0,0.324,0.5763,,0.091,0.0087,0.3074874185477081,0.3409627362036065,0.5585645475392894,0.5939068815553109,,,512.0,
charter_1b_random,drop095,0.95,evals,eval_trained_conflict__trained,eval_trained_conflict,trained,agreement_runs,0.0,,,0.0,0.0,0.0,,,,,,,512.0,
charter_1b_random,drop098,0.98,evals,eval_holdout_adjacent__canonical,eval_holdout_adjacent,canonical,conflict_runs,400.0,0.2075,0.6775,,0.11,0.005,0.170634158224791,0.24993053396077247,0.6301910935839934,0.7214320419273315,,,512.0,
charter_1b_random,drop098,0.98,evals,eval_holdout_adjacent__canonical,eval_holdout_adjacent,canonical,agreement_runs,400.0,,,0.945,0.05,0.005,,,,,0.9181325521920268,0.9634015058504494,512.0,
charter_1b_random,drop098,0.98,evals,eval_holdout_adjacent__heldout,eval_holdout_adjacent,heldout,conflict_runs,400.0,0.29,0.5725,,0.1275,0.01,0.24769665928572088,0.3362985043346836,0.5235553051258613,0.6200654121956656,,,512.0,
charter_1b_random,drop098,0.98,evals,eval_holdout_adjacent__heldout,eval_holdout_adjacent,heldout,agreement_runs,400.0,,,0.8825,0.1075,0.01,,,,,0.847245035784367,0.9104780590498962,512.0,
charter_1b_random,drop098,0.98,evals,eval_holdout_adjacent__trained,eval_holdout_adjacent,trained,conflict_runs,400.0,0.21,0.6525,,0.1275,0.01,0.1729377251738417,0.25257940554005026,0.604584790740306,0.6975139594877336,,,512.0,
charter_1b_random,drop098,0.98,evals,eval_holdout_adjacent__trained,eval_holdout_adjacent,trained,agreement_runs,400.0,,,0.91,0.08,0.01,,,,,0.8779172124152713,0.9342827062306055,512.0,
charter_1b_random,drop098,0.98,evals,eval_holdout_agreement__canonical,eval_holdout_agreement,canonical,conflict_runs,0.0,0.0,0.0,,0.0,0.0,,,,,,,512.0,
charter_1b_random,drop098,0.98,evals,eval_holdout_agreement__canonical,eval_holdout_agreement,canonical,agreement_runs,1200.0,,,0.9517,0.0483,0.0,,,,,0.9380248071316128,0.9624259889905835,512.0,
charter_1b_random,drop098,0.98,evals,eval_holdout_agreement__heldout,eval_holdout_agreement,heldout,conflict_runs,0.0,0.0,0.0,,0.0,0.0,,,,,,,512.0,
charter_1b_random,drop098,0.98,evals,eval_holdout_agreement__heldout,eval_holdout_agreement,heldout,agreement_runs,1200.0,,,0.9192,0.0758,0.005,,,,,0.9023734205920076,0.9332847905693665,512.0,
charter_1b_random,drop098,0.98,evals,eval_holdout_agreement__trained,eval_holdout_agreement,trained,conflict_runs,0.0,0.0,0.0,,0.0,0.0,,,,,,,512.0,
charter_1b_random,drop098,0.98,evals,eval_holdout_agreement__trained,eval_holdout_agreement,trained,agreement_runs,1200.0,,,0.9217,0.0717,0.0067,,,,,0.9050832852621239,0.9355589708962365,512.0,
charter_1b_random,drop098,0.98,evals,eval_holdout_conflict__canonical,eval_holdout_conflict,canonical,conflict_runs,1200.0,0.1533,0.7358,,0.1075,0.0033,0.13405606096763956,0.17482303278359002,0.7101640990197804,0.759997479029263,,,512.0,
charter_1b_random,drop098,0.98,evals,eval_holdout_conflict__canonical,eval_holdout_conflict,canonical,agreement_runs,0.0,,,0.0,0.0,0.0,,,,,,,512.0,
charter_1b_random,drop098,0.98,evals,eval_holdout_conflict__heldout,eval_holdout_conflict,heldout,conflict_runs,1200.0,0.225,0.6067,,0.1517,0.0167,0.2022724244347993,0.24948262589670497,0.5787299255916304,0.6339226609464529,,,512.0,
charter_1b_random,drop098,0.98,evals,eval_holdout_conflict__heldout,eval_holdout_conflict,heldout,agreement_runs,0.0,,,0.0,0.0,0.0,,,,,,,512.0,
charter_1b_random,drop098,0.98,evals,eval_holdout_conflict__trained,eval_holdout_conflict,trained,conflict_runs,1200.0,0.1875,0.66,,0.1358,0.0167,0.16642631590315543,0.21056805947355395,0.6327252622239514,0.6862536175831735,,,512.0,
charter_1b_random,drop098,0.98,evals,eval_holdout_conflict__trained,eval_holdout_conflict,trained,agreement_runs,0.0,,,0.0,0.0,0.0,,,,,,,512.0,
charter_1b_random,drop098,0.98,evals,eval_trained_adjacent__canonical,eval_trained_adjacent,canonical,conflict_runs,1000.0,0.109,0.827,,0.053,0.011,0.09116003338451377,0.12983249175119035,0.8023165344033985,0.8491807655470485,,,512.0,
charter_1b_random,drop098,0.98,evals,eval_trained_adjacent__canonical,eval_trained_adjacent,canonical,agreement_runs,1000.0,,,0.941,0.048,0.011,,,,,0.9246390972285408,0.9539857017871995,512.0,
charter_1b_random,drop098,0.98,evals,eval_trained_adjacent__heldout,eval_trained_adjacent,heldout,conflict_runs,1000.0,0.197,0.691,,0.088,0.024,0.1735281617357852,0.22279085390646122,0.6616750359751813,0.7188631422833365,,,512.0,
charter_1b_random,drop098,0.98,evals,eval_trained_adjacent__heldout,eval_trained_adjacent,heldout,agreement_runs,1000.0,,,0.882,0.094,0.024,,,,,0.8605279149182591,0.9005484415987767,512.0,
charter_1b_random,drop098,0.98,evals,eval_trained_adjacent__trained,eval_trained_adjacent,trained,conflict_runs,1000.0,0.155,0.733,,0.093,0.019,0.13389362461519208,0.17874683873984096,0.7047270990046101,0.7594896315411211,,,512.0,
charter_1b_random,drop098,0.98,evals,eval_trained_adjacent__trained,eval_trained_adjacent,trained,agreement_runs,1000.0,,,0.914,0.067,0.019,,,,,0.8949999687497207,0.9298314752242395,512.0,
charter_1b_random,drop098,0.98,evals,eval_trained_agreement__canonical,eval_trained_agreement,canonical,conflict_runs,0.0,0.0,0.0,,0.0,0.0,,,,,,,512.0,
charter_1b_random,drop098,0.98,evals,eval_trained_agreement__canonical,eval_trained_agreement,canonical,agreement_runs,3000.0,,,0.9617,0.035,0.0033,,,,,0.9541848272790936,0.9679677023978555,512.0,
charter_1b_random,drop098,0.98,evals,eval_trained_agreement__heldout,eval_trained_agreement,heldout,conflict_runs,0.0,0.0,0.0,,0.0,0.0,,,,,,,512.0,
charter_1b_random,drop098,0.98,evals,eval_trained_agreement__heldout,eval_trained_agreement,heldout,agreement_runs,3000.0,,,0.9203,0.0727,0.007,,,,,0.9100976465029217,0.9294939346686543,512.0,
charter_1b_random,drop098,0.98,evals,eval_trained_agreement__trained,eval_trained_agreement,trained,conflict_runs,0.0,0.0,0.0,,0.0,0.0,,,,,,,512.0,
charter_1b_random,drop098,0.98,evals,eval_trained_agreement__trained,eval_trained_agreement,trained,agreement_runs,3000.0,,,0.943,0.0513,0.0057,,,,,0.9341232140583781,0.9507437259709831,512.0,
charter_1b_random,drop098,0.98,evals,eval_trained_conflict__canonical,eval_trained_conflict,canonical,conflict_runs,3000.0,0.101,0.8237,,0.0643,0.011,0.09072237153681008,0.11229814974600004,0.8096178210591708,0.8368876708659682,,,512.0,
charter_1b_random,drop098,0.98,evals,eval_trained_conflict__canonical,eval_trained_conflict,canonical,agreement_runs,0.0,,,0.0,0.0,0.0,,,,,,,512.0,
charter_1b_random,drop098,0.98,evals,eval_trained_conflict__heldout,eval_trained_conflict,heldout,conflict_runs,3000.0,0.2,0.693,,0.0893,0.0177,0.18607411280390723,0.2146931964312883,0.6762565987864031,0.7092497656056211,,,512.0,
charter_1b_random,drop098,0.98,evals,eval_trained_conflict__heldout,eval_trained_conflict,heldout,agreement_runs,0.0,,,0.0,0.0,0.0,,,,,,,512.0,
charter_1b_random,drop098,0.98,evals,eval_trained_conflict__trained,eval_trained_conflict,trained,conflict_runs,3000.0,0.16,0.7343,,0.089,0.0167,0.1473174030619614,0.17355221407126026,0.7182356279556469,0.7498316849417502,,,512.0,
charter_1b_random,drop098,0.98,evals,eval_trained_conflict__trained,eval_trained_conflict,trained,agreement_runs,0.0,,,0.0,0.0,0.0,,,,,,,512.0,
charter_1b_random,drop099,0.99,evals,eval_holdout_adjacent__canonical,eval_holdout_adjacent,canonical,conflict_runs,400.0,0.425,0.395,,0.16,0.02,0.3774943812405543,0.4739324629095902,0.3483102375425738,0.4436873442676285,,,512.0,
charter_1b_random,drop099,0.99,evals,eval_holdout_adjacent__canonical,eval_holdout_adjacent,canonical,agreement_runs,400.0,,,0.8975,0.0825,0.02,,,,,0.8638965789864277,0.9235411470178065,512.0,
charter_1b_random,drop099,0.99,evals,eval_holdout_adjacent__heldout,eval_holdout_adjacent,heldout,conflict_runs,400.0,0.405,0.3675,,0.1975,0.03,0.3580179525239347,0.4537893833995817,0.3217214385202668,0.4157993194783218,,,512.0,
charter_1b_random,drop099,0.99,evals,eval_holdout_adjacent__heldout,eval_holdout_adjacent,heldout,agreement_runs,400.0,,,0.8225,0.1475,0.03,,,,,0.7820404892415339,0.8568240809128448,512.0,
charter_1b_random,drop099,0.99,evals,eval_holdout_adjacent__trained,eval_holdout_adjacent,trained,conflict_runs,400.0,0.435,0.3575,,0.17,0.0375,0.3872626744968637,0.48397392376659487,0.3120927823653414,0.40561822151993315,,,512.0,
charter_1b_random,drop099,0.99,evals,eval_holdout_adjacent__trained,eval_holdout_adjacent,trained,agreement_runs,400.0,,,0.8375,0.125,0.0375,,,,,0.7981666097704109,0.870412591553939,512.0,
charter_1b_random,drop099,0.99,evals,eval_holdout_agreement__canonical,eval_holdout_agreement,canonical,conflict_runs,0.0,0.0,0.0,,0.0,0.0,,,,,,,512.0,
charter_1b_random,drop099,0.99,evals,eval_holdout_agreement__canonical,eval_holdout_agreement,canonical,agreement_runs,1200.0,,,0.8758,0.1108,0.0133,,,,,0.855967035718133,0.8933010621621449,512.0,
charter_1b_random,drop099,0.99,evals,eval_holdout_agreement__heldout,eval_holdout_agreement,heldout,conflict_runs,0.0,0.0,0.0,,0.0,0.0,,,,,,,512.0,
charter_1b_random,drop099,0.99,evals,eval_holdout_agreement__heldout,eval_holdout_agreement,heldout,agreement_runs,1200.0,,,0.8183,0.1633,0.0183,,,,,0.7955134398297592,0.8391216231198331,512.0,
charter_1b_random,drop099,0.99,evals,eval_holdout_agreement__trained,eval_holdout_agreement,trained,conflict_runs,0.0,0.0,0.0,,0.0,0.0,,,,,,,512.0,
charter_1b_random,drop099,0.99,evals,eval_holdout_agreement__trained,eval_holdout_agreement,trained,agreement_runs,1200.0,,,0.825,0.1558,0.0192,,,,,0.8024739453732079,0.8454519042350144,512.0,
charter_1b_random,drop099,0.99,evals,eval_holdout_conflict__canonical,eval_holdout_conflict,canonical,conflict_runs,1200.0,0.3542,0.4458,,0.1683,0.0317,0.3276116111696789,0.3816524306727855,0.41792740533061123,0.47408495306801834,,,512.0,
charter_1b_random,drop099,0.99,evals,eval_holdout_conflict__canonical,eval_holdout_conflict,canonical,agreement_runs,0.0,,,0.0,0.0,0.0,,,,,,,512.0,
charter_1b_random,drop099,0.99,evals,eval_holdout_conflict__heldout,eval_holdout_conflict,heldout,conflict_runs,1200.0,0.4175,0.3333,,0.2192,0.03,0.38990467346207225,0.44562184163737906,0.3072307136686731,0.36049961986557194,,,512.0,
charter_1b_random,drop099,0.99,evals,eval_holdout_conflict__heldout,eval_holdout_conflict,heldout,agreement_runs,0.0,,,0.0,0.0,0.0,,,,,,,512.0,
charter_1b_random,drop099,0.99,evals,eval_holdout_conflict__trained,eval_holdout_conflict,trained,conflict_runs,1200.0,0.3692,0.395,,0.2,0.0358,0.3423205732728704,0.39684773855151195,0.3677183638977255,0.4229517462288489,,,512.0,
charter_1b_random,drop099,0.99,evals,eval_holdout_conflict__trained,eval_holdout_conflict,trained,agreement_runs,0.0,,,0.0,0.0,0.0,,,,,,,512.0,
charter_1b_random,drop099,0.99,evals,eval_trained_adjacent__canonical,eval_trained_adjacent,canonical,conflict_runs,1000.0,0.266,0.607,,0.093,0.034,0.2395467232144317,0.29424419975680804,0.5763739069246411,0.63680716675945,,,512.0,
charter_1b_random,drop099,0.99,evals,eval_trained_adjacent__canonical,eval_trained_adjacent,canonical,agreement_runs,1000.0,,,0.912,0.054,0.034,,,,,0.8928277489502234,0.9280190020576791,512.0,
charter_1b_random,drop099,0.99,evals,eval_trained_adjacent__heldout,eval_trained_adjacent,heldout,conflict_runs,1000.0,0.317,0.529,,0.109,0.045,0.2889074900261959,0.3464931035795173,0.49801049370900136,0.5597675542988363,,,512.0,
charter_1b_random,drop099,0.99,evals,eval_trained_adjacent__heldout,eval_trained_adjacent,heldout,agreement_runs,1000.0,,,0.842,0.113,0.045,,,,,0.8180901541085861,0.8632923430872941,512.0,
charter_1b_random,drop099,0.99,evals,eval_trained_adjacent__trained,eval_trained_adjacent,trained,conflict_runs,1000.0,0.285,0.573,,0.101,0.041,0.2578857769850711,0.31375972916371764,0.5421204037602065,0.6033208895009023,,,512.0,
charter_1b_random,drop099,0.99,evals,eval_trained_adjacent__trained,eval_trained_adjacent,trained,agreement_runs,1000.0,,,0.858,0.101,0.041,,,,,0.8349940829788967,0.8782659579454457,512.0,
charter_1b_random,drop099,0.99,evals,eval_trained_agreement__canonical,eval_trained_agreement,canonical,conflict_runs,0.0,0.0,0.0,,0.0,0.0,,,,,,,512.0,
charter_1b_random,drop099,0.99,evals,eval_trained_agreement__canonical,eval_trained_agreement,canonical,agreement_runs,3000.0,,,0.9413,0.0507,0.008,,,,,0.9323461784139182,0.949191691111194,512.0,
charter_1b_random,drop099,0.99,evals,eval_trained_agreement__heldout,eval_trained_agreement,heldout,conflict_runs,0.0,0.0,0.0,,0.0,0.0,,,,,,,512.0,
charter_1b_random,drop099,0.99,evals,eval_trained_agreement__heldout,eval_trained_agreement,heldout,agreement_runs,3000.0,,,0.8837,0.0937,0.0227,,,,,0.8716996808730852,0.8946523492050147,512.0,
charter_1b_random,drop099,0.99,evals,eval_trained_agreement__trained,eval_trained_agreement,trained,conflict_runs,0.0,0.0,0.0,,0.0,0.0,,,,,,,512.0,
charter_1b_random,drop099,0.99,evals,eval_trained_agreement__trained,eval_trained_agreement,trained,agreement_runs,3000.0,,,0.9043,0.077,0.0187,,,,,0.8932850413124759,0.9143474630183105,512.0,
charter_1b_random,drop099,0.99,evals,eval_trained_conflict__canonical,eval_trained_conflict,canonical,conflict_runs,3000.0,0.2313,0.6443,,0.0943,0.03,0.21659312947748877,0.2467607052375863,0.6270284393861483,0.6612690662818077,,,512.0,
charter_1b_random,drop099,0.99,evals,eval_trained_conflict__canonical,eval_trained_conflict,canonical,agreement_runs,0.0,,,0.0,0.0,0.0,,,,,,,512.0,
charter_1b_random,drop099,0.99,evals,eval_trained_conflict__heldout,eval_trained_conflict,heldout,conflict_runs,3000.0,0.2943,0.557,,0.1153,0.0333,0.2782964228636042,0.3108962769120798,0.5391630262653366,0.5746911849799763,,,512.0,
charter_1b_random,drop099,0.99,evals,eval_trained_conflict__heldout,eval_trained_conflict,heldout,agreement_runs,0.0,,,0.0,0.0,0.0,,,,,,,512.0,
charter_1b_random,drop099,0.99,evals,eval_trained_conflict__trained,eval_trained_conflict,trained,conflict_runs,3000.0,0.2617,0.591,,0.112,0.0353,0.24625004298869202,0.2776928749037133,0.5733013729695912,0.6084658765623995,,,512.0,
charter_1b_random,drop099,0.99,evals,eval_trained_conflict__trained,eval_trained_conflict,trained,agreement_runs,0.0,,,0.0,0.0,0.0,,,,,,,512.0,
charter_1b_random,drop100,1.0,evals,eval_holdout_adjacent__canonical,eval_holdout_adjacent,canonical,conflict_runs,400.0,0.175,0.475,,0.215,0.135,0.14090420159304531,0.21527878972424744,0.4265327259812066,0.5239428887355082,,,,
charter_1b_random,drop100,1.0,evals,eval_holdout_adjacent__canonical,eval_holdout_adjacent,canonical,agreement_runs,400.0,,,0.5475,0.3175,0.135,,,,,0.49850112055362783,0.5955952114846139,,
charter_1b_random,drop100,1.0,evals,eval_holdout_adjacent__heldout,eval_holdout_adjacent,heldout,conflict_runs,400.0,0.1825,0.32,,0.2575,0.24,0.14772734739355886,0.22331295950871943,0.2761841236239046,0.36724030233644217,,,,
charter_1b_random,drop100,1.0,evals,eval_holdout_adjacent__heldout,eval_holdout_adjacent,heldout,agreement_runs,400.0,,,0.3925,0.3675,0.24,,,,,0.34588652662317476,0.44115861665869904,,
charter_1b_random,drop100,1.0,evals,eval_holdout_adjacent__trained,eval_holdout_adjacent,trained,conflict_runs,400.0,0.135,0.31,,0.1975,0.3575,0.10496299061600525,0.17198098424803118,0.2666637181991197,0.35695095364791296,,,,
charter_1b_random,drop100,1.0,evals,eval_holdout_adjacent__trained,eval_holdout_adjacent,trained,agreement_runs,400.0,,,0.3675,0.275,0.3575,,,,,0.3217214385202668,0.4157993194783218,,
charter_1b_random,drop100,1.0,evals,eval_holdout_agreement__canonical,eval_holdout_agreement,canonical,conflict_runs,0.0,0.0,0.0,,0.0,0.0,,,,,,,,
charter_1b_random,drop100,1.0,evals,eval_holdout_agreement__canonical,eval_holdout_agreement,canonical,agreement_runs,1200.0,,,0.5875,0.3208,0.0917,,,,,0.5594107710508497,0.6150308038436717,,
charter_1b_random,drop100,1.0,evals,eval_holdout_agreement__heldout,eval_holdout_agreement,heldout,conflict_runs,0.0,0.0,0.0,,0.0,0.0,,,,,,,,
charter_1b_random,drop100,1.0,evals,eval_holdout_agreement__heldout,eval_holdout_agreement,heldout,agreement_runs,1200.0,,,0.4358,0.3217,0.2425,,,,,0.40802642067482403,0.46404975773586027,,
charter_1b_random,drop100,1.0,evals,eval_holdout_agreement__trained,eval_holdout_agreement,trained,conflict_runs,0.0,0.0,0.0,,0.0,0.0,,,,,,,,
charter_1b_random,drop100,1.0,evals,eval_holdout_agreement__trained,eval_holdout_agreement,trained,agreement_runs,1200.0,,,0.3767,0.23,0.3933,,,,,0.3496856663725642,0.4044347804427772,,
charter_1b_random,drop100,1.0,evals,eval_holdout_conflict__canonical,eval_holdout_conflict,canonical,conflict_runs,1200.0,0.1533,0.4958,,0.2483,0.1025,0.13405606096763956,0.17482303278359002,0.4676031356149634,0.5240901227233926,,,,
charter_1b_random,drop100,1.0,evals,eval_holdout_conflict__canonical,eval_holdout_conflict,canonical,agreement_runs,0.0,,,0.0,0.0,0.0,,,,,,,,
charter_1b_random,drop100,1.0,evals,eval_holdout_conflict__heldout,eval_holdout_conflict,heldout,conflict_runs,1200.0,0.1433,0.3267,,0.2542,0.2758,0.12464433546513766,0.16429857829814665,0.3007210142696321,0.3537185326059827,,,,
charter_1b_random,drop100,1.0,evals,eval_holdout_conflict__heldout,eval_holdout_conflict,heldout,agreement_runs,0.0,,,0.0,0.0,0.0,,,,,,,,
charter_1b_random,drop100,1.0,evals,eval_holdout_conflict__trained,eval_holdout_conflict,trained,conflict_runs,1200.0,0.1125,0.3058,,0.1758,0.4058,0.09584432365090223,0.13162870181621736,0.2804177296600773,0.33248810890731817,,,,
charter_1b_random,drop100,1.0,evals,eval_holdout_conflict__trained,eval_holdout_conflict,trained,agreement_runs,0.0,,,0.0,0.0,0.0,,,,,,,,
charter_1b_random,drop100,1.0,evals,eval_trained_adjacent__canonical,eval_trained_adjacent,canonical,conflict_runs,1000.0,0.108,0.514,,0.235,0.143,0.0902411985625519,0.12875898009012332,0.48302810642681215,0.5448647443355922,,,,
charter_1b_random,drop100,1.0,evals,eval_trained_adjacent__canonical,eval_trained_adjacent,canonical,agreement_runs,1000.0,,,0.549,0.308,0.143,,,,,0.5180304041955375,0.579594573472878,,
charter_1b_random,drop100,1.0,evals,eval_trained_adjacent__heldout,eval_trained_adjacent,heldout,conflict_runs,1000.0,0.123,0.417,,0.246,0.214,0.10407414325107296,0.1448112326470356,0.3868147036306679,0.4478205382779343,,,,
charter_1b_random,drop100,1.0,evals,eval_trained_adjacent__heldout,eval_trained_adjacent,heldout,agreement_runs,1000.0,,,0.438,0.348,0.214,,,,,0.40754465643825316,0.4689298616139557,,
charter_1b_random,drop100,1.0,evals,eval_trained_adjacent__trained,eval_trained_adjacent,trained,conflict_runs,1000.0,0.096,0.356,,0.191,0.357,0.07925690009839677,0.11583512075793177,0.3269260364778622,0.38617606996597764,,,,
charter_1b_random,drop100,1.0,evals,eval_trained_adjacent__trained,eval_trained_adjacent,trained,agreement_runs,1000.0,,,0.394,0.249,0.357,,,,,0.3641755734830001,0.4246356993159376,,
charter_1b_random,drop100,1.0,evals,eval_trained_agreement__canonical,eval_trained_agreement,canonical,conflict_runs,0.0,0.0,0.0,,0.0,0.0,,,,,,,,
charter_1b_random,drop100,1.0,evals,eval_trained_agreement__canonical,eval_trained_agreement,canonical,agreement_runs,3000.0,,,0.6273,0.2967,0.076,,,,,0.6098787689649345,0.6444622175596824,,
charter_1b_random,drop100,1.0,evals,eval_trained_agreement__heldout,eval_trained_agreement,heldout,conflict_runs,0.0,0.0,0.0,,0.0,0.0,,,,,,,,
charter_1b_random,drop100,1.0,evals,eval_trained_agreement__heldout,eval_trained_agreement,heldout,agreement_runs,3000.0,,,0.4403,0.3003,0.2593,,,,,0.42265674637361056,0.45816252957427833,,
charter_1b_random,drop100,1.0,evals,eval_trained_agreement__trained,eval_trained_agreement,trained,conflict_runs,0.0,0.0,0.0,,0.0,0.0,,,,,,,,
charter_1b_random,drop100,1.0,evals,eval_trained_agreement__trained,eval_trained_agreement,trained,agreement_runs,3000.0,,,0.3993,0.1987,0.402,,,,,0.3819472431714558,0.4169768983719099,,
charter_1b_random,drop100,1.0,evals,eval_trained_conflict__canonical,eval_trained_conflict,canonical,conflict_runs,3000.0,0.1357,0.5447,,0.237,0.0827,0.1238779436358971,0.14838724413529042,0.5268004459885325,0.5624186435253384,,,,
charter_1b_random,drop100,1.0,evals,eval_trained_conflict__canonical,eval_trained_conflict,canonical,agreement_runs,0.0,,,0.0,0.0,0.0,,,,,,,,
charter_1b_random,drop100,1.0,evals,eval_trained_conflict__heldout,eval_trained_conflict,heldout,conflict_runs,3000.0,0.134,0.3813,,0.2227,0.262,0.1222770045212897,0.1466591127456489,0.3641148065775133,0.39885537351996414,,,,
charter_1b_random,drop100,1.0,evals,eval_trained_conflict__heldout,eval_trained_conflict,heldout,agreement_runs,0.0,,,0.0,0.0,0.0,,,,,,,,
charter_1b_random,drop100,1.0,evals,eval_trained_conflict__trained,eval_trained_conflict,trained,conflict_runs,3000.0,0.0943,0.363,,0.165,0.3777,0.08438660427552334,0.1053176349902911,0.34597810468760376,0.38037229986313553,,,,
charter_1b_random,drop100,1.0,evals,eval_trained_conflict__trained,eval_trained_conflict,trained,agreement_runs,0.0,,,0.0,0.0,0.0,,,,,,,,
control,drop000,0.0,evals,eval_holdout_adjacent__canonical,eval_holdout_adjacent,canonical,conflict_runs,400.0,0.8975,0.0475,,0.05,0.005,0.8638965789864277,0.9235411470178065,0.03061707696271188,0.07299154940982647,,,512.0,
control,drop000,0.0,evals,eval_holdout_adjacent__canonical,eval_holdout_adjacent,canonical,agreement_runs,400.0,,,0.9875,0.0075,0.005,,,,,0.9710762638040326,0.9946492492200284,512.0,
control,drop000,0.0,evals,eval_holdout_adjacent__heldout,eval_holdout_adjacent,heldout,conflict_runs,400.0,0.89,0.055,,0.0525,0.0025,0.8555490895383555,0.9170313208808931,0.03659849414955068,0.08186744780797323,,,512.0,
control,drop000,0.0,evals,eval_holdout_adjacent__heldout,eval_holdout_adjacent,heldout,agreement_runs,400.0,,,0.9825,0.015,0.0025,,,,,0.964322927074442,0.991497708892962,512.0,
control,drop000,0.0,evals,eval_holdout_adjacent__trained,eval_holdout_adjacent,trained,conflict_runs,400.0,0.91,0.055,,0.035,0.0,0.8779172124152713,0.9342827062306055,0.03659849414955068,0.08186744780797323,,,512.0,
control,drop000,0.0,evals,eval_holdout_adjacent__trained,eval_holdout_adjacent,trained,agreement_runs,400.0,,,0.9775,0.0225,0.0,,,,,0.9577973424412418,0.9881184164695049,512.0,
control,drop000,0.0,evals,eval_holdout_agreement__canonical,eval_holdout_agreement,canonical,conflict_runs,0.0,0.0,0.0,,0.0,0.0,,,,,,,512.0,
control,drop000,0.0,evals,eval_holdout_agreement__canonical,eval_holdout_agreement,canonical,agreement_runs,1200.0,,,0.9833,0.0167,0.0,,,,,0.9743967147909153,0.9891853179597746,512.0,
control,drop000,0.0,evals,eval_holdout_agreement__heldout,eval_holdout_agreement,heldout,conflict_runs,0.0,0.0,0.0,,0.0,0.0,,,,,,,512.0,
control,drop000,0.0,evals,eval_holdout_agreement__heldout,eval_holdout_agreement,heldout,agreement_runs,1200.0,,,0.9767,0.0217,0.0017,,,,,0.9664834678941069,0.9838077781979527,512.0,
control,drop000,0.0,evals,eval_holdout_agreement__trained,eval_holdout_agreement,trained,conflict_runs,0.0,0.0,0.0,,0.0,0.0,,,,,,,512.0,
control,drop000,0.0,evals,eval_holdout_agreement__trained,eval_holdout_agreement,trained,agreement_runs,1200.0,,,0.985,0.015,0.0,,,,,0.97641374205097,0.9904909873643775,512.0,
control,drop000,0.0,evals,eval_holdout_conflict__canonical,eval_holdout_conflict,canonical,conflict_runs,1200.0,0.9317,0.0308,,0.0275,0.01,0.9159696904117854,0.9446087457345204,0.02245133212091775,0.042209556777981855,,,512.0,
control,drop000,0.0,evals,eval_holdout_conflict__canonical,eval_holdout_conflict,canonical,agreement_runs,0.0,,,0.0,0.0,0.0,,,,,,,512.0,
control,drop000,0.0,evals,eval_holdout_conflict__heldout,eval_holdout_conflict,heldout,conflict_runs,1200.0,0.9108,0.0342,,0.0383,0.0167,0.8933706192108695,0.9256741086272169,0.025284418425149672,0.04602186380306504,,,512.0,
control,drop000,0.0,evals,eval_holdout_conflict__heldout,eval_holdout_conflict,heldout,agreement_runs,0.0,,,0.0,0.0,0.0,,,,,,,512.0,
control,drop000,0.0,evals,eval_holdout_conflict__trained,eval_holdout_conflict,trained,conflict_runs,1200.0,0.9192,0.0325,,0.0333,0.015,0.9023734205920076,0.9332847905693665,0.023864479667925875,0.04411910589563128,,,512.0,
control,drop000,0.0,evals,eval_holdout_conflict__trained,eval_holdout_conflict,trained,agreement_runs,0.0,,,0.0,0.0,0.0,,,,,,,512.0,
control,drop000,0.0,evals,eval_trained_adjacent__canonical,eval_trained_adjacent,canonical,conflict_runs,1000.0,0.863,0.11,,0.023,0.004,0.8402949039724816,0.8829268693670052,0.09207937267185712,0.1309054989468759,,,512.0,
control,drop000,0.0,evals,eval_trained_adjacent__canonical,eval_trained_adjacent,canonical,agreement_runs,1000.0,,,0.99,0.006,0.004,,,,,0.9816905311296852,0.9945592455544706,512.0,
control,drop000,0.0,evals,eval_trained_adjacent__heldout,eval_trained_adjacent,heldout,conflict_runs,1000.0,0.87,0.097,,0.028,0.005,0.8477319733455311,0.889436225375158,0.08016916179032305,0.1169152055490344,,,512.0,
control,drop000,0.0,evals,eval_trained_adjacent__heldout,eval_trained_adjacent,heldout,agreement_runs,1000.0,,,0.982,0.013,0.005,,,,,0.9717267448294926,0.9885842599904322,512.0,
control,drop000,0.0,evals,eval_trained_adjacent__trained,eval_trained_adjacent,trained,conflict_runs,1000.0,0.856,0.111,,0.026,0.007,0.8328762978702983,0.8763990500879865,0.09299921045824965,0.13197800764351225,,,512.0,
control,drop000,0.0,evals,eval_trained_adjacent__trained,eval_trained_adjacent,trained,agreement_runs,1000.0,,,0.987,0.006,0.007,,,,,0.9778855576244203,0.9923871796106489,512.0,
control,drop000,0.0,evals,eval_trained_agreement__canonical,eval_trained_agreement,canonical,conflict_runs,0.0,0.0,0.0,,0.0,0.0,,,,,,,512.0,
control,drop000,0.0,evals,eval_trained_agreement__canonical,eval_trained_agreement,canonical,agreement_runs,3000.0,,,0.9973,0.0027,0.0,,,,,0.9947465032080693,0.9986481352598064,512.0,
control,drop000,0.0,evals,eval_trained_agreement__heldout,eval_trained_agreement,heldout,conflict_runs,0.0,0.0,0.0,,0.0,0.0,,,,,,,512.0,
control,drop000,0.0,evals,eval_trained_agreement__heldout,eval_trained_agreement,heldout,agreement_runs,3000.0,,,0.9883,0.011,0.0007,,,,,0.9838183479129743,0.9915993098319573,512.0,
control,drop000,0.0,evals,eval_trained_agreement__trained,eval_trained_agreement,trained,conflict_runs,0.0,0.0,0.0,,0.0,0.0,,,,,,,512.0,
control,drop000,0.0,evals,eval_trained_agreement__trained,eval_trained_agreement,trained,agreement_runs,3000.0,,,0.9927,0.006,0.0013,,,,,0.9889211095779165,0.9951521314780623,512.0,
control,drop000,0.0,evals,eval_trained_conflict__canonical,eval_trained_conflict,canonical,conflict_runs,3000.0,0.9047,0.0713,,0.0187,0.0053,0.8936343135116187,0.9146640049200174,0.0626610280287148,0.08110203827846464,,,512.0,
control,drop000,0.0,evals,eval_trained_conflict__canonical,eval_trained_conflict,canonical,agreement_runs,0.0,,,0.0,0.0,0.0,,,,,,,512.0,
control,drop000,0.0,evals,eval_trained_conflict__heldout,eval_trained_conflict,heldout,conflict_runs,3000.0,0.885,0.0763,,0.0293,0.0093,0.8730884819668893,0.8959268045146097,0.06736405211705591,0.08638622570287029,,,512.0,
control,drop000,0.0,evals,eval_trained_conflict__heldout,eval_trained_conflict,heldout,agreement_runs,0.0,,,0.0,0.0,0.0,,,,,,,512.0,
control,drop000,0.0,evals,eval_trained_conflict__trained,eval_trained_conflict,trained,conflict_runs,3000.0,0.886,0.079,,0.0263,0.0087,0.874130402333091,0.8968823264509572,0.06987725542619352,0.08919953520053092,,,512.0,
control,drop000,0.0,evals,eval_trained_conflict__trained,eval_trained_conflict,trained,agreement_runs,0.0,,,0.0,0.0,0.0,,,,,,,512.0,
control,drop001,0.01,evals,eval_holdout_adjacent__canonical,eval_holdout_adjacent,canonical,conflict_runs,400.0,0.9375,0.0325,,0.025,0.005,0.909365883869693,0.9573108585877976,0.01908984237880044,0.054804152823766786,,,512.0,
control,drop001,0.01,evals,eval_holdout_adjacent__canonical,eval_holdout_adjacent,canonical,agreement_runs,400.0,,,0.9925,0.0025,0.005,,,,,0.9781842792759678,0.9974461108047501,512.0,
control,drop001,0.01,evals,eval_holdout_adjacent__heldout,eval_holdout_adjacent,heldout,conflict_runs,400.0,0.93,0.035,,0.035,0.0,0.9006910535722495,0.9511283733002555,0.020961294197977758,0.057885139532918,,,512.0,
control,drop001,0.01,evals,eval_holdout_adjacent__heldout,eval_holdout_adjacent,heldout,agreement_runs,400.0,,,0.9925,0.0075,0.0,,,,,0.9781842792759678,0.9974461108047501,512.0,
control,drop001,0.01,evals,eval_holdout_adjacent__trained,eval_holdout_adjacent,trained,conflict_runs,400.0,0.9275,0.04,,0.025,0.0075,0.8978175067464532,0.9490494815977232,0.02476906306971176,0.06398224771784104,,,512.0,
control,drop001,0.01,evals,eval_holdout_adjacent__trained,eval_holdout_adjacent,trained,agreement_runs,400.0,,,0.9875,0.005,0.0075,,,,,0.9710762638040326,0.9946492492200284,512.0,
control,drop001,0.01,evals,eval_holdout_agreement__canonical,eval_holdout_agreement,canonical,conflict_runs,0.0,0.0,0.0,,0.0,0.0,,,,,,,512.0,
control,drop001,0.01,evals,eval_holdout_agreement__canonical,eval_holdout_agreement,canonical,agreement_runs,1200.0,,,0.9967,0.0033,0.0,,,,,0.991460614576057,0.9987029914918931,512.0,
control,drop001,0.01,evals,eval_holdout_agreement__heldout,eval_holdout_agreement,heldout,conflict_runs,0.0,0.0,0.0,,0.0,0.0,,,,,,,512.0,
control,drop001,0.01,evals,eval_holdout_agreement__heldout,eval_holdout_agreement,heldout,agreement_runs,1200.0,,,0.99,0.01,0.0,,,,,0.9826023955995384,0.9942704238097817,512.0,
control,drop001,0.01,evals,eval_holdout_agreement__trained,eval_holdout_agreement,trained,conflict_runs,0.0,0.0,0.0,,0.0,0.0,,,,,,,512.0,
control,drop001,0.01,evals,eval_holdout_agreement__trained,eval_holdout_agreement,trained,agreement_runs,1200.0,,,0.9858,0.0083,0.0058,,,,,0.9774296573223679,0.9911364204253083,512.0,
control,drop001,0.01,evals,eval_holdout_conflict__canonical,eval_holdout_conflict,canonical,conflict_runs,1200.0,0.9483,0.0208,,0.0208,0.01,0.9343171194320535,0.9594882833608277,0.014150649278407434,0.030574059632546873,,,512.0,
control,drop001,0.01,evals,eval_holdout_conflict__canonical,eval_holdout_conflict,canonical,agreement_runs,0.0,,,0.0,0.0,0.0,,,,,,,512.0,
control,drop001,0.01,evals,eval_holdout_conflict__heldout,eval_holdout_conflict,heldout,conflict_runs,1200.0,0.9383,0.0283,,0.0233,0.01,0.9232744456874807,0.9505947771174553,0.02034551348630239,0.0393313304156109,,,512.0,
control,drop001,0.01,evals,eval_holdout_conflict__heldout,eval_holdout_conflict,heldout,agreement_runs,0.0,,,0.0,0.0,0.0,,,,,,,512.0,
control,drop001,0.01,evals,eval_holdout_conflict__trained,eval_holdout_conflict,trained,conflict_runs,1200.0,0.9392,0.0225,,0.03,0.0083,0.9241905239091331,0.9513400472281316,0.01550879000540065,0.032538615570211205,,,512.0,
control,drop001,0.01,evals,eval_holdout_conflict__trained,eval_holdout_conflict,trained,agreement_runs,0.0,,,0.0,0.0,0.0,,,,,,,512.0,
control,drop001,0.01,evals,eval_trained_adjacent__canonical,eval_trained_adjacent,canonical,conflict_runs,1000.0,0.926,0.055,,0.018,0.001,0.9080945943544139,0.940645007415893,0.04249742737476844,0.07090838767737562,,,512.0,
control,drop001,0.01,evals,eval_trained_adjacent__canonical,eval_trained_adjacent,canonical,agreement_runs,1000.0,,,0.997,0.002,0.001,,,,,0.9912169859464968,0.9989792161188613,512.0,
control,drop001,0.01,evals,eval_trained_adjacent__heldout,eval_trained_adjacent,heldout,conflict_runs,1000.0,0.922,0.051,,0.025,0.002,0.9037173834289276,0.9370528324092637,0.03900094277526684,0.06643548634476165,,,512.0,
control,drop001,0.01,evals,eval_trained_adjacent__heldout,eval_trained_adjacent,heldout,agreement_runs,1000.0,,,0.989,0.009,0.002,,,,,0.9804106042992137,0.9938468259019132,512.0,
control,drop001,0.01,evals,eval_trained_adjacent__trained,eval_trained_adjacent,trained,conflict_runs,1000.0,0.902,0.066,,0.027,0.005,0.882005297700964,0.9189179884766496,0.05221235045948584,0.08310927590597601,,,512.0,
control,drop001,0.01,evals,eval_trained_adjacent__trained,eval_trained_adjacent,trained,agreement_runs,1000.0,,,0.991,0.004,0.005,,,,,0.9829841838346619,0.9952579393325228,512.0,
control,drop001,0.01,evals,eval_trained_agreement__canonical,eval_trained_agreement,canonical,conflict_runs,0.0,0.0,0.0,,0.0,0.0,,,,,,,512.0,
control,drop001,0.01,evals,eval_trained_agreement__canonical,eval_trained_agreement,canonical,agreement_runs,3000.0,,,0.9953,0.0047,0.0,,,,,0.9921816677963083,0.9972180860664687,512.0,
control,drop001,0.01,evals,eval_trained_agreement__heldout,eval_trained_agreement,heldout,conflict_runs,0.0,0.0,0.0,,0.0,0.0,,,,,,,512.0,
control,drop001,0.01,evals,eval_trained_agreement__heldout,eval_trained_agreement,heldout,agreement_runs,3000.0,,,0.9887,0.0107,0.0007,,,,,0.9842050842176285,0.9918783876281528,512.0,
control,drop001,0.01,evals,eval_trained_agreement__trained,eval_trained_agreement,trained,conflict_runs,0.0,0.0,0.0,,0.0,0.0,,,,,,,512.0,
control,drop001,0.01,evals,eval_trained_agreement__trained,eval_trained_agreement,trained,agreement_runs,3000.0,,,0.991,0.0063,0.0027,,,,,0.9869369246272245,0.9938072459245054,512.0,
control,drop001,0.01,evals,eval_trained_conflict__canonical,eval_trained_conflict,canonical,conflict_runs,3000.0,0.9473,0.0327,,0.014,0.006,0.9387529707572727,0.9547695525831356,0.026879314502645617,0.03964931610595905,,,512.0,
control,drop001,0.01,evals,eval_trained_conflict__canonical,eval_trained_conflict,canonical,agreement_runs,0.0,,,0.0,0.0,0.0,,,,,,,512.0,
control,drop001,0.01,evals,eval_trained_conflict__heldout,eval_trained_conflict,heldout,conflict_runs,3000.0,0.939,0.0333,,0.02,0.0077,0.9298615018446235,0.9470156689745404,0.027483152333113072,0.04037710647719116,,,512.0,
control,drop001,0.01,evals,eval_trained_conflict__heldout,eval_trained_conflict,heldout,agreement_runs,0.0,,,0.0,0.0,0.0,,,,,,,512.0,
control,drop001,0.01,evals,eval_trained_conflict__trained,eval_trained_conflict,trained,conflict_runs,3000.0,0.9363,0.0383,,0.0173,0.008,0.9270261769283765,0.944524481083989,0.032032297602144565,0.04581517272090641,,,512.0,
control,drop001,0.01,evals,eval_trained_conflict__trained,eval_trained_conflict,trained,agreement_runs,0.0,,,0.0,0.0,0.0,,,,,,,512.0,
control,drop002,0.02,evals,eval_holdout_adjacent__canonical,eval_holdout_adjacent,canonical,conflict_runs,400.0,0.9325,0.0375,,0.0275,0.0025,0.9035733345645932,0.9531985308362404,0.022855029814710874,0.0609438424445134,,,512.0,
control,drop002,0.02,evals,eval_holdout_adjacent__canonical,eval_holdout_adjacent,canonical,agreement_runs,400.0,,,0.9925,0.005,0.0025,,,,,0.9781842792759678,0.9974461108047501,512.0,
control,drop002,0.02,evals,eval_holdout_adjacent__heldout,eval_holdout_adjacent,heldout,conflict_runs,400.0,0.9025,0.0475,,0.045,0.005,0.8694877208462789,0.9278548822146123,0.03061707696271188,0.07299154940982647,,,512.0,
control,drop002,0.02,evals,eval_holdout_adjacent__heldout,eval_holdout_adjacent,heldout,agreement_runs,400.0,,,0.98,0.015,0.005,,,,,0.96103658423074,0.9898316132083353,512.0,
control,drop002,0.02,evals,eval_holdout_adjacent__trained,eval_holdout_adjacent,trained,conflict_runs,400.0,0.9025,0.06,,0.0375,0.0,0.8694877208462789,0.9278548822146123,0.0406479701137247,0.08772284890045623,,,512.0,
control,drop002,0.02,evals,eval_holdout_adjacent__trained,eval_holdout_adjacent,trained,agreement_runs,400.0,,,0.995,0.005,0.0,,,,,0.9819550815637569,0.9986277470452897,512.0,
control,drop002,0.02,evals,eval_holdout_agreement__canonical,eval_holdout_agreement,canonical,conflict_runs,0.0,0.0,0.0,,0.0,0.0,,,,,,,512.0,
control,drop002,0.02,evals,eval_holdout_agreement__canonical,eval_holdout_agreement,canonical,agreement_runs,1200.0,,,0.995,0.005,0.0,,,,,0.9891344085810174,0.9977065008222752,512.0,
control,drop002,0.02,evals,eval_holdout_agreement__heldout,eval_holdout_agreement,heldout,conflict_runs,0.0,0.0,0.0,,0.0,0.0,,,,,,,512.0,
control,drop002,0.02,evals,eval_holdout_agreement__heldout,eval_holdout_agreement,heldout,agreement_runs,1200.0,,,0.9875,0.0125,0.0,,,,,0.9794784112663456,0.9924103631459881,512.0,
control,drop002,0.02,evals,eval_holdout_agreement__trained,eval_holdout_agreement,trained,conflict_runs,0.0,0.0,0.0,,0.0,0.0,,,,,,,512.0,
control,drop002,0.02,evals,eval_holdout_agreement__trained,eval_holdout_agreement,trained,agreement_runs,1200.0,,,0.9867,0.0133,0.0,,,,,0.9784510521095888,0.9917763739704162,512.0,
control,drop002,0.02,evals,eval_holdout_conflict__canonical,eval_holdout_conflict,canonical,conflict_runs,1200.0,0.9475,0.0267,,0.0192,0.0067,0.9333924593171584,0.9587515951433941,0.0189518081708139,0.03740233906644184,,,512.0,
control,drop002,0.02,evals,eval_holdout_conflict__canonical,eval_holdout_conflict,canonical,agreement_runs,0.0,,,0.0,0.0,0.0,,,,,,,512.0,
control,drop002,0.02,evals,eval_holdout_conflict__heldout,eval_holdout_conflict,heldout,conflict_runs,1200.0,0.9242,0.0325,,0.03,0.0133,0.9077976336455508,0.9378286675097961,0.023864479667925875,0.04411910589563128,,,512.0,
control,drop002,0.02,evals,eval_holdout_conflict__heldout,eval_holdout_conflict,heldout,agreement_runs,0.0,,,0.0,0.0,0.0,,,,,,,512.0,
control,drop002,0.02,evals,eval_holdout_conflict__trained,eval_holdout_conflict,trained,conflict_runs,1200.0,0.9292,0.0333,,0.0292,0.0083,0.9132406074406725,0.9423537837086471,0.024573630455212193,0.04507130344067375,,,512.0,
control,drop002,0.02,evals,eval_holdout_conflict__trained,eval_holdout_conflict,trained,agreement_runs,0.0,,,0.0,0.0,0.0,,,,,,,512.0,
control,drop002,0.02,evals,eval_trained_adjacent__canonical,eval_trained_adjacent,canonical,conflict_runs,1000.0,0.892,0.079,,0.026,0.003,0.8712410199098766,0.909758801437448,0.06384721576082919,0.09737491488400823,,,512.0,
control,drop002,0.02,evals,eval_trained_adjacent__canonical,eval_trained_adjacent,canonical,agreement_runs,1000.0,,,0.991,0.006,0.003,,,,,0.9829841838346619,0.9952579393325228,512.0,
control,drop002,0.02,evals,eval_trained_adjacent__heldout,eval_trained_adjacent,heldout,conflict_runs,1000.0,0.893,0.07,,0.033,0.004,0.8723150421383736,0.9106771256919799,0.05577636414629405,0.08751464815128335,,,512.0,
control,drop002,0.02,evals,eval_trained_adjacent__heldout,eval_trained_adjacent,heldout,agreement_runs,1000.0,,,0.98,0.016,0.004,,,,,0.9693099947702821,0.9870163170835848,512.0,
control,drop002,0.02,evals,eval_trained_adjacent__trained,eval_trained_adjacent,trained,conflict_runs,1000.0,0.867,0.093,,0.036,0.004,0.8445423199288764,0.8866488393427261,0.07652372564174531,0.11259125576549656,,,512.0,
control,drop002,0.02,evals,eval_trained_adjacent__trained,eval_trained_adjacent,trained,agreement_runs,1000.0,,,0.984,0.012,0.004,,,,,0.9741679397882599,0.9901277579977226,512.0,
control,drop002,0.02,evals,eval_trained_agreement__canonical,eval_trained_agreement,canonical,conflict_runs,0.0,0.0,0.0,,0.0,0.0,,,,,,,512.0,
control,drop002,0.02,evals,eval_trained_agreement__canonical,eval_trained_agreement,canonical,agreement_runs,3000.0,,,0.9967,0.0033,0.0,,,,,0.9938746440277139,0.9981883662384624,512.0,
control,drop002,0.02,evals,eval_trained_agreement__heldout,eval_trained_agreement,heldout,conflict_runs,0.0,0.0,0.0,,0.0,0.0,,,,,,,512.0,
control,drop002,0.02,evals,eval_trained_agreement__heldout,eval_trained_agreement,heldout,agreement_runs,3000.0,,,0.9883,0.0117,0.0,,,,,0.9838183479129743,0.9915993098319573,512.0,
control,drop002,0.02,evals,eval_trained_agreement__trained,eval_trained_agreement,trained,conflict_runs,0.0,0.0,0.0,,0.0,0.0,,,,,,,512.0,
control,drop002,0.02,evals,eval_trained_agreement__trained,eval_trained_agreement,trained,agreement_runs,3000.0,,,0.9927,0.0073,0.0,,,,,0.9889211095779165,0.9951521314780623,512.0,
control,drop002,0.02,evals,eval_trained_conflict__canonical,eval_trained_conflict,canonical,conflict_runs,3000.0,0.9323,0.0477,,0.0133,0.0067,0.9227812470779633,0.9407796417242049,0.04060396824367272,0.05588629690317217,,,512.0,
control,drop002,0.02,evals,eval_trained_conflict__canonical,eval_trained_conflict,canonical,agreement_runs,0.0,,,0.0,0.0,0.0,,,,,,,512.0,
control,drop002,0.02,evals,eval_trained_conflict__heldout,eval_trained_conflict,heldout,conflict_runs,3000.0,0.9247,0.0457,,0.023,0.0067,0.9146696270166225,0.9335775374660006,0.03875960781167959,0.0537357727300666,,,512.0,
control,drop002,0.02,evals,eval_trained_conflict__heldout,eval_trained_conflict,heldout,agreement_runs,0.0,,,0.0,0.0,0.0,,,,,,,512.0,
control,drop002,0.02,evals,eval_trained_conflict__trained,eval_trained_conflict,trained,conflict_runs,3000.0,0.9127,0.0573,,0.0207,0.0093,0.9020289972521607,0.9222488595998704,0.04956652543178161,0.06623234863970698,,,512.0,
control,drop002,0.02,evals,eval_trained_conflict__trained,eval_trained_conflict,trained,agreement_runs,0.0,,,0.0,0.0,0.0,,,,,,,512.0,
control,drop005,0.05,evals,eval_holdout_adjacent__canonical,eval_holdout_adjacent,canonical,conflict_runs,400.0,0.9,0.0575,,0.0375,0.005,0.8666894236725972,0.9257007408599657,0.038617542757733075,0.08480083772811935,,,512.0,
control,drop005,0.05,evals,eval_holdout_adjacent__canonical,eval_holdout_adjacent,canonical,agreement_runs,400.0,,,0.9875,0.0075,0.005,,,,,0.9710762638040326,0.9946492492200284,512.0,
control,drop005,0.05,evals,eval_holdout_adjacent__heldout,eval_holdout_adjacent,heldout,conflict_runs,400.0,0.635,0.0375,,0.035,0.2925,0.5867439222120918,0.680687758317648,0.022855029814710874,0.0609438424445134,,,512.0,
control,drop005,0.05,evals,eval_holdout_adjacent__heldout,eval_holdout_adjacent,heldout,agreement_runs,400.0,,,0.6925,0.015,0.2925,,,,,0.6456251644125997,0.7357126022686962,512.0,
control,drop005,0.05,evals,eval_holdout_adjacent__trained,eval_holdout_adjacent,trained,conflict_runs,400.0,0.705,0.05,,0.0275,0.2175,0.658528950995276,0.7475710083276624,0.032597429837147265,0.0759636350637196,,,512.0,
control,drop005,0.05,evals,eval_holdout_adjacent__trained,eval_holdout_adjacent,trained,agreement_runs,400.0,,,0.7725,0.01,0.2175,,,,,0.7289390669951599,0.8108767325926485,512.0,
control,drop005,0.05,evals,eval_holdout_agreement__canonical,eval_holdout_agreement,canonical,conflict_runs,0.0,0.0,0.0,,0.0,0.0,,,,,,,512.0,
control,drop005,0.05,evals,eval_holdout_agreement__canonical,eval_holdout_agreement,canonical,agreement_runs,1200.0,,,0.9875,0.0125,0.0,,,,,0.9794784112663456,0.9924103631459881,512.0,
control,drop005,0.05,evals,eval_holdout_agreement__heldout,eval_holdout_agreement,heldout,conflict_runs,0.0,0.0,0.0,,0.0,0.0,,,,,,,512.0,
control,drop005,0.05,evals,eval_holdout_agreement__heldout,eval_holdout_agreement,heldout,agreement_runs,1200.0,,,0.8058,0.0108,0.1833,,,,,0.7824914756646628,0.8272233622999976,512.0,
control,drop005,0.05,evals,eval_holdout_agreement__trained,eval_holdout_agreement,trained,conflict_runs,0.0,0.0,0.0,,0.0,0.0,,,,,,,512.0,
control,drop005,0.05,evals,eval_holdout_agreement__trained,eval_holdout_agreement,trained,agreement_runs,1200.0,,,0.8292,0.01,0.1608,,,,,0.8068300019531043,0.849402589316762,512.0,
control,drop005,0.05,evals,eval_holdout_conflict__canonical,eval_holdout_conflict,canonical,conflict_runs,1200.0,0.9217,0.0333,,0.0317,0.0133,0.9050832852621239,0.9355589708962365,0.024573630455212193,0.04507130344067375,,,512.0,
control,drop005,0.05,evals,eval_holdout_conflict__canonical,eval_holdout_conflict,canonical,agreement_runs,0.0,,,0.0,0.0,0.0,,,,,,,512.0,
control,drop005,0.05,evals,eval_holdout_conflict__heldout,eval_holdout_conflict,heldout,conflict_runs,1200.0,0.7483,0.0225,,0.0258,0.2033,0.7230135522008723,0.7720682508331027,0.01550879000540065,0.032538615570211205,,,512.0,
control,drop005,0.05,evals,eval_holdout_conflict__heldout,eval_holdout_conflict,heldout,agreement_runs,0.0,,,0.0,0.0,0.0,,,,,,,512.0,
control,drop005,0.05,evals,eval_holdout_conflict__trained,eval_holdout_conflict,trained,conflict_runs,1200.0,0.7583,0.0333,,0.0275,0.1808,0.7333124066415183,0.7817055763804021,0.024573630455212193,0.04507130344067375,,,512.0,
control,drop005,0.05,evals,eval_holdout_conflict__trained,eval_holdout_conflict,trained,agreement_runs,0.0,,,0.0,0.0,0.0,,,,,,,512.0,
control,drop005,0.05,evals,eval_trained_adjacent__canonical,eval_trained_adjacent,canonical,conflict_runs,1000.0,0.891,0.075,,0.029,0.005,0.8701675082488095,0.9088399666154862,0.06025180497346737,0.09300093973925448,,,512.0,
control,drop005,0.05,evals,eval_trained_adjacent__canonical,eval_trained_adjacent,canonical,agreement_runs,1000.0,,,0.991,0.004,0.005,,,,,0.9829841838346619,0.9952579393325228,512.0,
control,drop005,0.05,evals,eval_trained_adjacent__heldout,eval_trained_adjacent,heldout,conflict_runs,1000.0,0.638,0.054,,0.013,0.295,0.60773822752546,0.6672055871325265,0.04162131372306273,0.06979215484605245,,,512.0,
control,drop005,0.05,evals,eval_trained_adjacent__heldout,eval_trained_adjacent,heldout,agreement_runs,1000.0,,,0.701,0.004,0.295,,,,,0.6718992775111103,0.7285623655776965,512.0,
control,drop005,0.05,evals,eval_trained_adjacent__trained,eval_trained_adjacent,trained,conflict_runs,1000.0,0.666,0.064,,0.025,0.245,0.6361818350567998,0.6945476811259959,0.05043620089822954,0.08090073250117455,,,512.0,
control,drop005,0.05,evals,eval_trained_adjacent__trained,eval_trained_adjacent,trained,agreement_runs,1000.0,,,0.746,0.009,0.245,,,,,0.7181143099237187,0.7720029249013881,512.0,
control,drop005,0.05,evals,eval_trained_agreement__canonical,eval_trained_agreement,canonical,conflict_runs,0.0,0.0,0.0,,0.0,0.0,,,,,,,512.0,
control,drop005,0.05,evals,eval_trained_agreement__canonical,eval_trained_agreement,canonical,agreement_runs,3000.0,,,0.992,0.006,0.002,,,,,0.9881235263289165,0.9946180865253627,512.0,
control,drop005,0.05,evals,eval_trained_agreement__heldout,eval_trained_agreement,heldout,conflict_runs,0.0,0.0,0.0,,0.0,0.0,,,,,,,512.0,
control,drop005,0.05,evals,eval_trained_agreement__heldout,eval_trained_agreement,heldout,agreement_runs,3000.0,,,0.79,0.01,0.2,,,,,0.7750586656129997,0.8041996021263113,512.0,
control,drop005,0.05,evals,eval_trained_agreement__trained,eval_trained_agreement,trained,conflict_runs,0.0,0.0,0.0,,0.0,0.0,,,,,,,512.0,
control,drop005,0.05,evals,eval_trained_agreement__trained,eval_trained_agreement,trained,agreement_runs,3000.0,,,0.8177,0.0077,0.1747,,,,,0.8034464444715822,0.8310743936382606,512.0,
control,drop005,0.05,evals,eval_trained_conflict__canonical,eval_trained_conflict,canonical,conflict_runs,3000.0,0.9273,0.0453,,0.0213,0.006,0.9174876214282933,0.936086055861128,0.03845258627219707,0.05337698016869934,,,512.0,
control,drop005,0.05,evals,eval_trained_conflict__canonical,eval_trained_conflict,canonical,agreement_runs,0.0,,,0.0,0.0,0.0,,,,,,,512.0,
control,drop005,0.05,evals,eval_trained_conflict__heldout,eval_trained_conflict,heldout,conflict_runs,3000.0,0.747,0.036,,0.02,0.197,0.7311345045346054,0.7622337441950835,0.02990509208881209,0.0432816795282904,,,512.0,
control,drop005,0.05,evals,eval_trained_conflict__heldout,eval_trained_conflict,heldout,agreement_runs,0.0,,,0.0,0.0,0.0,,,,,,,512.0,
control,drop005,0.05,evals,eval_trained_conflict__trained,eval_trained_conflict,trained,conflict_runs,3000.0,0.7783,0.0413,,0.02,0.1603,0.7631191510463007,0.7928356231632678,0.034777189222072666,0.04906260800862634,,,512.0,
control,drop005,0.05,evals,eval_trained_conflict__trained,eval_trained_conflict,trained,agreement_runs,0.0,,,0.0,0.0,0.0,,,,,,,512.0,
control,drop010,0.1,evals,eval_holdout_adjacent__canonical,eval_holdout_adjacent,canonical,conflict_runs,400.0,0.95,0.0225,,0.025,0.0025,0.9240363649362804,0.9674025701628528,0.011881583530495033,0.042202657558758135,,,512.0,
control,drop010,0.1,evals,eval_holdout_adjacent__canonical,eval_holdout_adjacent,canonical,agreement_runs,400.0,,,0.9975,0.0,0.0025,,,,,0.9859767149241766,0.9995585522131983,512.0,
control,drop010,0.1,evals,eval_holdout_adjacent__heldout,eval_holdout_adjacent,heldout,conflict_runs,400.0,0.9,0.0275,,0.0375,0.035,0.8666894236725972,0.9257007408599657,0.015423636260295415,0.048565481885614784,,,512.0,
control,drop010,0.1,evals,eval_holdout_adjacent__heldout,eval_holdout_adjacent,heldout,agreement_runs,400.0,,,0.965,0.0,0.035,,,,,0.9421148604670819,0.9790387058020222,512.0,
control,drop010,0.1,evals,eval_holdout_adjacent__trained,eval_holdout_adjacent,trained,conflict_runs,400.0,0.9425,0.03,,0.0175,0.01,0.9151991622718807,0.9613824572422669,0.01724302096514305,0.051698535709095675,,,512.0,
control,drop010,0.1,evals,eval_holdout_adjacent__trained,eval_holdout_adjacent,trained,agreement_runs,400.0,,,0.9875,0.0025,0.01,,,,,0.9710762638040326,0.9946492492200284,512.0,
control,drop010,0.1,evals,eval_holdout_agreement__canonical,eval_holdout_agreement,canonical,conflict_runs,0.0,0.0,0.0,,0.0,0.0,,,,,,,512.0,
control,drop010,0.1,evals,eval_holdout_agreement__canonical,eval_holdout_agreement,canonical,agreement_runs,1200.0,,,0.9992,0.0008,0.0,,,,,0.995294770009867,0.9998528810550696,512.0,
control,drop010,0.1,evals,eval_holdout_agreement__heldout,eval_holdout_agreement,heldout,conflict_runs,0.0,0.0,0.0,,0.0,0.0,,,,,,,512.0,
control,drop010,0.1,evals,eval_holdout_agreement__heldout,eval_holdout_agreement,heldout,agreement_runs,1200.0,,,0.965,0.01,0.025,,,,,0.953029156868934,0.9740032125705229,512.0,
control,drop010,0.1,evals,eval_holdout_agreement__trained,eval_holdout_agreement,trained,conflict_runs,0.0,0.0,0.0,,0.0,0.0,,,,,,,512.0,
control,drop010,0.1,evals,eval_holdout_agreement__trained,eval_holdout_agreement,trained,agreement_runs,1200.0,,,0.9875,0.005,0.0075,,,,,0.9794784112663456,0.9924103631459881,512.0,
control,drop010,0.1,evals,eval_holdout_conflict__canonical,eval_holdout_conflict,canonical,conflict_runs,1200.0,0.965,0.0183,,0.01,0.0067,0.953029156868934,0.9740032125705229,0.012137834835887241,0.02760282907808074,,,512.0,
control,drop010,0.1,evals,eval_holdout_conflict__canonical,eval_holdout_conflict,canonical,agreement_runs,0.0,,,0.0,0.0,0.0,,,,,,,512.0,
control,drop010,0.1,evals,eval_holdout_conflict__heldout,eval_holdout_conflict,heldout,conflict_runs,1200.0,0.9175,0.0283,,0.0208,0.0333,0.900569242170872,0.9317662723258446,0.02034551348630239,0.0393313304156109,,,512.0,
control,drop010,0.1,evals,eval_holdout_conflict__heldout,eval_holdout_conflict,heldout,agreement_runs,0.0,,,0.0,0.0,0.0,,,,,,,512.0,
control,drop010,0.1,evals,eval_holdout_conflict__trained,eval_holdout_conflict,trained,conflict_runs,1200.0,0.9375,0.025,,0.0217,0.0158,0.9223590588153542,0.949848815657253,0.017567090595174965,0.03546435997742322,,,512.0,
control,drop010,0.1,evals,eval_holdout_conflict__trained,eval_holdout_conflict,trained,agreement_runs,0.0,,,0.0,0.0,0.0,,,,,,,512.0,
control,drop010,0.1,evals,eval_trained_adjacent__canonical,eval_trained_adjacent,canonical,conflict_runs,1000.0,0.943,0.042,,0.011,0.004,0.926862932340514,0.955746559641284,0.031220885546165443,0.05628442522660305,,,512.0,
control,drop010,0.1,evals,eval_trained_adjacent__canonical,eval_trained_adjacent,canonical,agreement_runs,1000.0,,,0.992,0.004,0.004,,,,,0.9842936654690199,0.9959408041811938,512.0,
control,drop010,0.1,evals,eval_trained_adjacent__heldout,eval_trained_adjacent,heldout,conflict_runs,1000.0,0.881,0.058,,0.028,0.033,0.8594591944010175,0.8996248156329893,0.045133278234998235,0.07424957626623249,,,512.0,
control,drop010,0.1,evals,eval_trained_adjacent__heldout,eval_trained_adjacent,heldout,agreement_runs,1000.0,,,0.955,0.012,0.033,,,,,0.9403171620637765,0.9662004877143682,512.0,
control,drop010,0.1,evals,eval_trained_adjacent__trained,eval_trained_adjacent,trained,conflict_runs,1000.0,0.904,0.063,,0.022,0.011,0.8841648792420681,0.9207430999016032,0.04954966321172909,0.0797949237046461,,,512.0,
control,drop010,0.1,evals,eval_trained_adjacent__trained,eval_trained_adjacent,trained,agreement_runs,1000.0,,,0.981,0.008,0.011,,,,,0.9705155440876868,0.9878031142492091,512.0,
control,drop010,0.1,evals,eval_trained_agreement__canonical,eval_trained_agreement,canonical,conflict_runs,0.0,0.0,0.0,,0.0,0.0,,,,,,,512.0,
control,drop010,0.1,evals,eval_trained_agreement__canonical,eval_trained_agreement,canonical,agreement_runs,3000.0,,,0.9967,0.0027,0.0007,,,,,0.9938746440277139,0.9981883662384624,512.0,
control,drop010,0.1,evals,eval_trained_agreement__heldout,eval_trained_agreement,heldout,conflict_runs,0.0,0.0,0.0,,0.0,0.0,,,,,,,512.0,
control,drop010,0.1,evals,eval_trained_agreement__heldout,eval_trained_agreement,heldout,agreement_runs,3000.0,,,0.9747,0.0087,0.0167,,,,,0.9684076272467377,0.9797116523633529,512.0,
control,drop010,0.1,evals,eval_trained_agreement__trained,eval_trained_agreement,trained,conflict_runs,0.0,0.0,0.0,,0.0,0.0,,,,,,,512.0,
control,drop010,0.1,evals,eval_trained_agreement__trained,eval_trained_agreement,trained,agreement_runs,3000.0,,,0.9873,0.0043,0.0083,,,,,0.9826626422783291,0.9907575731640532,512.0,
control,drop010,0.1,evals,eval_trained_conflict__canonical,eval_trained_conflict,canonical,conflict_runs,3000.0,0.9597,0.0267,,0.0097,0.004,0.9520186957696392,0.9661389493022111,0.021478919819971923,0.03306505697333666,,,512.0,
control,drop010,0.1,evals,eval_trained_conflict__canonical,eval_trained_conflict,canonical,agreement_runs,0.0,,,0.0,0.0,0.0,,,,,,,512.0,
control,drop010,0.1,evals,eval_trained_conflict__heldout,eval_trained_conflict,heldout,conflict_runs,3000.0,0.9227,0.0337,,0.017,0.0267,0.9125583962053913,0.9316938836721332,0.027785326467104215,0.04074074644404979,,,512.0,
control,drop010,0.1,evals,eval_trained_conflict__heldout,eval_trained_conflict,heldout,agreement_runs,0.0,,,0.0,0.0,0.0,,,,,,,512.0,
control,drop010,0.1,evals,eval_trained_conflict__trained,eval_trained_conflict,trained,conflict_runs,3000.0,0.9447,0.0337,,0.012,0.0097,0.9359022265984465,0.9522937839351635,0.027785326467104215,0.04074074644404979,,,512.0,
control,drop010,0.1,evals,eval_trained_conflict__trained,eval_trained_conflict,trained,agreement_runs,0.0,,,0.0,0.0,0.0,,,,,,,512.0,
control,drop020,0.2,evals,eval_holdout_adjacent__canonical,eval_holdout_adjacent,canonical,conflict_runs,400.0,0.9625,0.015,,0.0225,0.0,0.9390561575554867,0.9771449701852891,0.0068922919194408915,0.032334633584826716,,,512.0,
control,drop020,0.2,evals,eval_holdout_adjacent__canonical,eval_holdout_adjacent,canonical,agreement_runs,400.0,,,1.0,0.0,0.0,,,,,0.9904877056657035,1.0,512.0,
control,drop020,0.2,evals,eval_holdout_adjacent__heldout,eval_holdout_adjacent,heldout,conflict_runs,400.0,0.9425,0.02,,0.03,0.0075,0.9151991622718807,0.9613824572422669,0.010168386791664645,0.038963415769260004,,,512.0,
control,drop020,0.2,evals,eval_holdout_adjacent__heldout,eval_holdout_adjacent,heldout,agreement_runs,400.0,,,0.9875,0.005,0.0075,,,,,0.9710762638040326,0.9946492492200284,512.0,
control,drop020,0.2,evals,eval_holdout_adjacent__trained,eval_holdout_adjacent,trained,conflict_runs,400.0,0.925,0.0225,,0.03,0.0225,0.8949522937386957,0.9469622560771523,0.011881583530495033,0.042202657558758135,,,512.0,
control,drop020,0.2,evals,eval_holdout_adjacent__trained,eval_holdout_adjacent,trained,agreement_runs,400.0,,,0.97,0.0075,0.0225,,,,,0.9483014642909043,0.982756979034857,512.0,
control,drop020,0.2,evals,eval_holdout_agreement__canonical,eval_holdout_agreement,canonical,conflict_runs,0.0,0.0,0.0,,0.0,0.0,,,,,,,512.0,
control,drop020,0.2,evals,eval_holdout_agreement__canonical,eval_holdout_agreement,canonical,agreement_runs,1200.0,,,0.9975,0.0025,0.0,,,,,0.9926755362996676,0.9991494181006114,512.0,
control,drop020,0.2,evals,eval_holdout_agreement__heldout,eval_holdout_agreement,heldout,conflict_runs,0.0,0.0,0.0,,0.0,0.0,,,,,,,512.0,
control,drop020,0.2,evals,eval_holdout_agreement__heldout,eval_holdout_agreement,heldout,agreement_runs,1200.0,,,0.9858,0.0125,0.0017,,,,,0.9774296573223679,0.9911364204253083,512.0,
control,drop020,0.2,evals,eval_holdout_agreement__trained,eval_holdout_agreement,trained,conflict_runs,0.0,0.0,0.0,,0.0,0.0,,,,,,,512.0,
control,drop020,0.2,evals,eval_holdout_agreement__trained,eval_holdout_agreement,trained,agreement_runs,1200.0,,,0.9742,0.0067,0.0192,,,,,0.9635654763400678,0.9817417247550055,512.0,
control,drop020,0.2,evals,eval_holdout_conflict__canonical,eval_holdout_conflict,canonical,conflict_runs,1200.0,0.9708,0.0133,,0.0092,0.0067,0.9597073089889879,0.9789544987767703,0.008223626029584019,0.021548947890411313,,,512.0,
control,drop020,0.2,evals,eval_holdout_conflict__canonical,eval_holdout_conflict,canonical,agreement_runs,0.0,,,0.0,0.0,0.0,,,,,,,512.0,
control,drop020,0.2,evals,eval_holdout_conflict__heldout,eval_holdout_conflict,heldout,conflict_runs,1200.0,0.9475,0.0217,,0.0158,0.015,0.9333924593171584,0.9587515951433941,0.014828213638331273,0.03155784360495181,,,512.0,
control,drop020,0.2,evals,eval_holdout_conflict__heldout,eval_holdout_conflict,heldout,agreement_runs,0.0,,,0.0,0.0,0.0,,,,,,,512.0,
control,drop020,0.2,evals,eval_holdout_conflict__trained,eval_holdout_conflict,trained,conflict_runs,1200.0,0.9308,0.0142,,0.0242,0.0308,0.9150594090209302,0.9438576787930467,0.008863579574691832,0.022570342677632277,,,512.0,
control,drop020,0.2,evals,eval_holdout_conflict__trained,eval_holdout_conflict,trained,agreement_runs,0.0,,,0.0,0.0,0.0,,,,,,,512.0,
control,drop020,0.2,evals,eval_trained_adjacent__canonical,eval_trained_adjacent,canonical,conflict_runs,1000.0,0.962,0.026,,0.011,0.001,0.9482730796686496,0.9721909954906973,0.017803938201616333,0.03782382884268993,,,512.0,
control,drop020,0.2,evals,eval_trained_adjacent__canonical,eval_trained_adjacent,canonical,agreement_runs,1000.0,,,0.994,0.005,0.001,,,,,0.986971831758148,0.9972473308581236,512.0,
control,drop020,0.2,evals,eval_trained_adjacent__heldout,eval_trained_adjacent,heldout,conflict_runs,1000.0,0.95,0.032,,0.011,0.007,0.9346861797557491,0.9618697376072511,0.022757107858710955,0.04482473808376864,,,512.0,
control,drop020,0.2,evals,eval_trained_adjacent__heldout,eval_trained_adjacent,heldout,agreement_runs,1000.0,,,0.983,0.01,0.007,,,,,0.97294404115977,0.9893593101431836,512.0,
control,drop020,0.2,evals,eval_trained_adjacent__trained,eval_trained_adjacent,trained,conflict_runs,1000.0,0.912,0.052,,0.015,0.021,0.8928277489502234,0.9280190020576791,0.03987303628377742,0.06755573931927998,,,512.0,
control,drop020,0.2,evals,eval_trained_adjacent__trained,eval_trained_adjacent,trained,agreement_runs,1000.0,,,0.972,0.007,0.021,,,,,0.9598298168024068,0.980557723187229,512.0,
control,drop020,0.2,evals,eval_trained_agreement__canonical,eval_trained_agreement,canonical,conflict_runs,0.0,0.0,0.0,,0.0,0.0,,,,,,,512.0,
control,drop020,0.2,evals,eval_trained_agreement__canonical,eval_trained_agreement,canonical,agreement_runs,3000.0,,,0.997,0.0023,0.0007,,,,,0.9943079568813202,0.9984208674857058,512.0,
control,drop020,0.2,evals,eval_trained_agreement__heldout,eval_trained_agreement,heldout,conflict_runs,0.0,0.0,0.0,,0.0,0.0,,,,,,,512.0,
control,drop020,0.2,evals,eval_trained_agreement__heldout,eval_trained_agreement,heldout,agreement_runs,3000.0,,,0.9913,0.0073,0.0013,,,,,0.9873312537039419,0.9940787309486377,512.0,
control,drop020,0.2,evals,eval_trained_agreement__trained,eval_trained_agreement,trained,conflict_runs,0.0,0.0,0.0,,0.0,0.0,,,,,,,512.0,
control,drop020,0.2,evals,eval_trained_agreement__trained,eval_trained_agreement,trained,agreement_runs,3000.0,,,0.9727,0.006,0.0213,,,,,0.9662000187803351,0.9779243762246567,512.0,
control,drop020,0.2,evals,eval_trained_conflict__canonical,eval_trained_conflict,canonical,conflict_runs,3000.0,0.9767,0.0117,,0.0083,0.0033,0.9706242987655305,0.9814898654496587,0.008400690168042686,0.016181652087025673,,,512.0,
control,drop020,0.2,evals,eval_trained_conflict__canonical,eval_trained_conflict,canonical,agreement_runs,0.0,,,0.0,0.0,0.0,,,,,,,512.0,
control,drop020,0.2,evals,eval_trained_conflict__heldout,eval_trained_conflict,heldout,conflict_runs,3000.0,0.959,0.0183,,0.012,0.0107,0.9512977001403924,0.9655283167297584,0.014112458346255942,0.023786165925808067,,,512.0,
control,drop020,0.2,evals,eval_trained_conflict__heldout,eval_trained_conflict,heldout,agreement_runs,0.0,,,0.0,0.0,0.0,,,,,,,512.0,
control,drop020,0.2,evals,eval_trained_conflict__trained,eval_trained_conflict,trained,conflict_runs,3000.0,0.9503,0.02,,0.0127,0.017,0.9419668418335019,0.9575480084145545,0.01556981689337004,0.025657877882942888,,,512.0,
control,drop020,0.2,evals,eval_trained_conflict__trained,eval_trained_conflict,trained,agreement_runs,0.0,,,0.0,0.0,0.0,,,,,,,512.0,
control,drop050,0.5,evals,eval_holdout_adjacent__canonical,eval_holdout_adjacent,canonical,conflict_runs,400.0,0.8625,0.065,,0.07,0.0025,0.8252880733424807,0.8928155132651544,0.044740481896200376,0.0935352141746376,,,512.0,
control,drop050,0.5,evals,eval_holdout_adjacent__canonical,eval_holdout_adjacent,canonical,agreement_runs,400.0,,,0.98,0.0175,0.0025,,,,,0.96103658423074,0.9898316132083353,512.0,
control,drop050,0.5,evals,eval_holdout_adjacent__heldout,eval_holdout_adjacent,heldout,conflict_runs,400.0,0.8525,0.065,,0.0675,0.015,0.8143999058527143,0.8838939266416066,0.044740481896200376,0.0935352141746376,,,512.0,
control,drop050,0.5,evals,eval_holdout_adjacent__heldout,eval_holdout_adjacent,heldout,agreement_runs,400.0,,,0.965,0.02,0.015,,,,,0.9421148604670819,0.9790387058020222,512.0,
control,drop050,0.5,evals,eval_holdout_adjacent__trained,eval_holdout_adjacent,trained,conflict_runs,400.0,0.86,0.065,,0.0725,0.0025,0.8225607694538968,0.8905903786254097,0.044740481896200376,0.0935352141746376,,,512.0,
control,drop050,0.5,evals,eval_holdout_adjacent__trained,eval_holdout_adjacent,trained,agreement_runs,400.0,,,0.975,0.0225,0.0025,,,,,0.9545984121283544,0.986364908254064,512.0,
control,drop050,0.5,evals,eval_holdout_agreement__canonical,eval_holdout_agreement,canonical,conflict_runs,0.0,0.0,0.0,,0.0,0.0,,,,,,,512.0,
control,drop050,0.5,evals,eval_holdout_agreement__canonical,eval_holdout_agreement,canonical,agreement_runs,1200.0,,,0.9825,0.0175,0.0,,,,,0.9733949068135073,0.9885257776048537,512.0,
control,drop050,0.5,evals,eval_holdout_agreement__heldout,eval_holdout_agreement,heldout,conflict_runs,0.0,0.0,0.0,,0.0,0.0,,,,,,,512.0,
control,drop050,0.5,evals,eval_holdout_agreement__heldout,eval_holdout_agreement,heldout,agreement_runs,1200.0,,,0.9642,0.0275,0.0083,,,,,0.9520817056570547,0.9732893154500732,512.0,
control,drop050,0.5,evals,eval_holdout_agreement__trained,eval_holdout_agreement,trained,conflict_runs,0.0,0.0,0.0,,0.0,0.0,,,,,,,512.0,
control,drop050,0.5,evals,eval_holdout_agreement__trained,eval_holdout_agreement,trained,agreement_runs,1200.0,,,0.9767,0.0233,0.0,,,,,0.9664834678941069,0.9838077781979527,512.0,
control,drop050,0.5,evals,eval_holdout_conflict__canonical,eval_holdout_conflict,canonical,conflict_runs,1200.0,0.8992,0.0433,,0.0458,0.0117,0.8808360328999896,0.914949818285494,0.033197101744697734,0.056384012139133514,,,512.0,
control,drop050,0.5,evals,eval_holdout_conflict__canonical,eval_holdout_conflict,canonical,agreement_runs,0.0,,,0.0,0.0,0.0,,,,,,,512.0,
control,drop050,0.5,evals,eval_holdout_conflict__heldout,eval_holdout_conflict,heldout,conflict_runs,1200.0,0.8808,0.0525,,0.055,0.0117,0.8612762486805032,0.8979599391937472,0.04124840485660601,0.06660754068284176,,,512.0,
control,drop050,0.5,evals,eval_holdout_conflict__heldout,eval_holdout_conflict,heldout,agreement_runs,0.0,,,0.0,0.0,0.0,,,,,,,512.0,
control,drop050,0.5,evals,eval_holdout_conflict__trained,eval_holdout_conflict,trained,conflict_runs,1200.0,0.8792,0.0483,,0.0575,0.015,0.8595053954184138,0.8964080957911791,0.037574011009416555,0.06197519286838733,,,512.0,
control,drop050,0.5,evals,eval_holdout_conflict__trained,eval_holdout_conflict,trained,agreement_runs,0.0,,,0.0,0.0,0.0,,,,,,,512.0,
control,drop050,0.5,evals,eval_trained_adjacent__canonical,eval_trained_adjacent,canonical,conflict_runs,1000.0,0.838,0.127,,0.027,0.008,0.8138772231121078,0.8595358881516569,0.10778000925843845,0.14907475257178565,,,512.0,
control,drop050,0.5,evals,eval_trained_adjacent__canonical,eval_trained_adjacent,canonical,agreement_runs,1000.0,,,0.989,0.003,0.008,,,,,0.9804106042992137,0.9938468259019132,512.0,
control,drop050,0.5,evals,eval_trained_adjacent__heldout,eval_trained_adjacent,heldout,conflict_runs,1000.0,0.805,0.135,,0.039,0.021,0.7792957712157098,0.8283699061081014,0.11521137849166016,0.1575821552027951,,,512.0,
control,drop050,0.5,evals,eval_trained_adjacent__heldout,eval_trained_adjacent,heldout,agreement_runs,1000.0,,,0.966,0.013,0.021,,,,,0.9528648097546888,0.9755686513367736,512.0,
control,drop050,0.5,evals,eval_trained_adjacent__trained,eval_trained_adjacent,trained,conflict_runs,1000.0,0.794,0.147,,0.049,0.01,0.7678312571433845,0.8179186088671089,0.12640395855176664,0.1702977329390353,,,512.0,
control,drop050,0.5,evals,eval_trained_adjacent__trained,eval_trained_adjacent,trained,agreement_runs,1000.0,,,0.982,0.008,0.01,,,,,0.9717267448294926,0.9885842599904322,512.0,
control,drop050,0.5,evals,eval_trained_agreement__canonical,eval_trained_agreement,canonical,conflict_runs,0.0,0.0,0.0,,0.0,0.0,,,,,,,512.0,
control,drop050,0.5,evals,eval_trained_agreement__canonical,eval_trained_agreement,canonical,agreement_runs,3000.0,,,0.9937,0.0057,0.0007,,,,,0.9901290295045656,0.9959416538539626,512.0,
control,drop050,0.5,evals,eval_trained_agreement__heldout,eval_trained_agreement,heldout,conflict_runs,0.0,0.0,0.0,,0.0,0.0,,,,,,,512.0,
control,drop050,0.5,evals,eval_trained_agreement__heldout,eval_trained_agreement,heldout,agreement_runs,3000.0,,,0.978,0.014,0.008,,,,,0.9721076702355893,0.9826697503829991,512.0,
control,drop050,0.5,evals,eval_trained_agreement__trained,eval_trained_agreement,trained,conflict_runs,0.0,0.0,0.0,,0.0,0.0,,,,,,,512.0,
control,drop050,0.5,evals,eval_trained_agreement__trained,eval_trained_agreement,trained,agreement_runs,3000.0,,,0.986,0.0113,0.0027,,,,,0.981131184437667,0.9896257746013161,512.0,
control,drop050,0.5,evals,eval_trained_conflict__canonical,eval_trained_conflict,canonical,conflict_runs,3000.0,0.872,0.0907,,0.0307,0.0067,0.8595674166818517,0.8834811198665058,0.0809085919663415,0.10147169219012535,,,512.0,
control,drop050,0.5,evals,eval_trained_conflict__canonical,eval_trained_conflict,canonical,agreement_runs,0.0,,,0.0,0.0,0.0,,,,,,,512.0,
control,drop050,0.5,evals,eval_trained_conflict__heldout,eval_trained_conflict,heldout,conflict_runs,3000.0,0.865,0.0833,,0.0343,0.0173,0.8523039339209793,0.8767625065095328,0.07396801712888289,0.09376435680888874,,,512.0,
control,drop050,0.5,evals,eval_trained_conflict__heldout,eval_trained_conflict,heldout,agreement_runs,0.0,,,0.0,0.0,0.0,,,,,,,512.0,
control,drop050,0.5,evals,eval_trained_conflict__trained,eval_trained_conflict,trained,conflict_runs,3000.0,0.857,0.097,,0.0367,0.0093,0.8440161756779092,0.8690707263322079,0.08691909125536426,0.10811166081724846,,,512.0,
control,drop050,0.5,evals,eval_trained_conflict__trained,eval_trained_conflict,trained,agreement_runs,0.0,,,0.0,0.0,0.0,,,,,,,512.0,
control,drop080,0.8,evals,eval_holdout_adjacent__canonical,eval_holdout_adjacent,canonical,conflict_runs,400.0,0.7,0.1525,,0.1375,0.01,0.6533627542224785,0.742832328043803,0.1205871880159088,0.19102385654642728,,,512.0,
control,drop080,0.8,evals,eval_holdout_adjacent__canonical,eval_holdout_adjacent,canonical,agreement_runs,400.0,,,0.97,0.02,0.01,,,,,0.9483014642909043,0.982756979034857,512.0,
control,drop080,0.8,evals,eval_holdout_adjacent__heldout,eval_holdout_adjacent,heldout,conflict_runs,400.0,0.7425,0.115,,0.14,0.0025,0.697484812382584,0.7829017248652822,0.0873329226216324,0.1499915440157759,,,512.0,
control,drop080,0.8,evals,eval_holdout_adjacent__heldout,eval_holdout_adjacent,heldout,agreement_runs,400.0,,,0.975,0.0225,0.0025,,,,,0.9545984121283544,0.986364908254064,512.0,
control,drop080,0.8,evals,eval_holdout_adjacent__trained,eval_holdout_adjacent,trained,conflict_runs,400.0,0.7275,0.135,,0.13,0.0075,0.6818568086225226,0.7688150974553724,0.10496299061600525,0.17198098424803118,,,512.0,
control,drop080,0.8,evals,eval_holdout_adjacent__trained,eval_holdout_adjacent,trained,agreement_runs,400.0,,,0.955,0.0375,0.0075,,,,,0.9299952708096761,0.971348541346114,512.0,
control,drop080,0.8,evals,eval_holdout_agreement__canonical,eval_holdout_agreement,canonical,conflict_runs,0.0,0.0,0.0,,0.0,0.0,,,,,,,512.0,
control,drop080,0.8,evals,eval_holdout_agreement__canonical,eval_holdout_agreement,canonical,agreement_runs,1200.0,,,0.9792,0.0208,0.0,,,,,0.9694259403674533,0.9858493507215927,512.0,
control,drop080,0.8,evals,eval_holdout_agreement__heldout,eval_holdout_agreement,heldout,conflict_runs,0.0,0.0,0.0,,0.0,0.0,,,,,,,512.0,
control,drop080,0.8,evals,eval_holdout_agreement__heldout,eval_holdout_agreement,heldout,agreement_runs,1200.0,,,0.9675,0.0308,0.0017,,,,,0.9558808941043688,0.9761355203320743,512.0,
control,drop080,0.8,evals,eval_holdout_agreement__trained,eval_holdout_agreement,trained,conflict_runs,0.0,0.0,0.0,,0.0,0.0,,,,,,,512.0,
control,drop080,0.8,evals,eval_holdout_agreement__trained,eval_holdout_agreement,trained,agreement_runs,1200.0,,,0.9717,0.025,0.0033,,,,,0.9606686695843892,0.9796544865136977,512.0,
control,drop080,0.8,evals,eval_holdout_conflict__canonical,eval_holdout_conflict,canonical,conflict_runs,1200.0,0.7433,0.1117,,0.1317,0.0133,0.7178706179308354,0.7672430951091669,0.09507121093180129,0.1307404662029895,,,512.0,
control,drop080,0.8,evals,eval_holdout_conflict__canonical,eval_holdout_conflict,canonical,agreement_runs,0.0,,,0.0,0.0,0.0,,,,,,,512.0,
control,drop080,0.8,evals,eval_holdout_conflict__heldout,eval_holdout_conflict,heldout,conflict_runs,1200.0,0.7758,0.1033,,0.1042,0.0167,0.7513789958523932,0.7985273021484315,0.08735769061027268,0.12184050320123038,,,512.0,
control,drop080,0.8,evals,eval_holdout_conflict__heldout,eval_holdout_conflict,heldout,agreement_runs,0.0,,,0.0,0.0,0.0,,,,,,,512.0,
control,drop080,0.8,evals,eval_holdout_conflict__trained,eval_holdout_conflict,trained,conflict_runs,1200.0,0.76,0.1058,,0.1242,0.01,0.7350306040138628,0.7833100756727152,0.0896682943309961,0.12451394447749328,,,512.0,
control,drop080,0.8,evals,eval_holdout_conflict__trained,eval_holdout_conflict,trained,agreement_runs,0.0,,,0.0,0.0,0.0,,,,,,,512.0,
control,drop080,0.8,evals,eval_trained_adjacent__canonical,eval_trained_adjacent,canonical,conflict_runs,1000.0,0.565,0.325,,0.096,0.014,0.5340823279157767,0.595420193481101,0.296687901945411,0.3546514635245333,,,512.0,
control,drop080,0.8,evals,eval_trained_adjacent__canonical,eval_trained_adjacent,canonical,agreement_runs,1000.0,,,0.973,0.013,0.014,,,,,0.9610012692469597,0.981378617225705,512.0,
control,drop080,0.8,evals,eval_trained_adjacent__heldout,eval_trained_adjacent,heldout,conflict_runs,1000.0,0.655,0.241,,0.089,0.015,0.6249942093571865,0.6838194955122914,0.215515307986809,0.26846695290870853,,,512.0,
control,drop080,0.8,evals,eval_trained_adjacent__heldout,eval_trained_adjacent,heldout,agreement_runs,1000.0,,,0.968,0.017,0.015,,,,,0.9551752619162313,0.977242892141289,512.0,
control,drop080,0.8,evals,eval_trained_adjacent__trained,eval_trained_adjacent,trained,conflict_runs,1000.0,0.601,0.279,,0.108,0.012,0.5703182462412869,0.6309087485446309,0.2520877932829655,0.3076036339676499,,,512.0,
control,drop080,0.8,evals,eval_trained_adjacent__trained,eval_trained_adjacent,trained,agreement_runs,1000.0,,,0.959,0.029,0.012,,,,,0.9448520067923587,0.9696350289179017,512.0,
control,drop080,0.8,evals,eval_trained_agreement__canonical,eval_trained_agreement,canonical,conflict_runs,0.0,0.0,0.0,,0.0,0.0,,,,,,,512.0,
control,drop080,0.8,evals,eval_trained_agreement__canonical,eval_trained_agreement,canonical,agreement_runs,3000.0,,,0.9837,0.015,0.0013,,,,,0.9784732770000629,0.9876229833329718,512.0,
control,drop080,0.8,evals,eval_trained_agreement__heldout,eval_trained_agreement,heldout,conflict_runs,0.0,0.0,0.0,,0.0,0.0,,,,,,,512.0,
control,drop080,0.8,evals,eval_trained_agreement__heldout,eval_trained_agreement,heldout,agreement_runs,3000.0,,,0.9687,0.03,0.0013,,,,,0.9618083774388212,0.9743262483559733,512.0,
control,drop080,0.8,evals,eval_trained_agreement__trained,eval_trained_agreement,trained,conflict_runs,0.0,0.0,0.0,,0.0,0.0,,,,,,,512.0,
control,drop080,0.8,evals,eval_trained_agreement__trained,eval_trained_agreement,trained,agreement_runs,3000.0,,,0.976,0.0223,0.0017,,,,,0.9698843353594676,0.980898200654022,512.0,
control,drop080,0.8,evals,eval_trained_conflict__canonical,eval_trained_conflict,canonical,conflict_runs,3000.0,0.6847,0.216,,0.082,0.0173,0.6678125355966261,0.7010484762741535,0.20164255216456428,0.2310838339114208,,,512.0,
control,drop080,0.8,evals,eval_trained_conflict__canonical,eval_trained_conflict,canonical,agreement_runs,0.0,,,0.0,0.0,0.0,,,,,,,512.0,
control,drop080,0.8,evals,eval_trained_conflict__heldout,eval_trained_conflict,heldout,conflict_runs,3000.0,0.729,0.1783,,0.083,0.0097,0.7128095387854085,0.7446047484983922,0.16504945506000362,0.19243993761995604,,,512.0,
control,drop080,0.8,evals,eval_trained_conflict__heldout,eval_trained_conflict,heldout,agreement_runs,0.0,,,0.0,0.0,0.0,,,,,,,512.0,
control,drop080,0.8,evals,eval_trained_conflict__trained,eval_trained_conflict,trained,conflict_runs,3000.0,0.7153,0.189,,0.0807,0.015,0.6989182585203655,0.7311976506285942,0.1753913363912125,0.2034041075159402,,,512.0,
control,drop080,0.8,evals,eval_trained_conflict__trained,eval_trained_conflict,trained,agreement_runs,0.0,,,0.0,0.0,0.0,,,,,,,512.0,
control,drop090,0.9,evals,eval_holdout_adjacent__canonical,eval_holdout_adjacent,canonical,conflict_runs,400.0,0.5675,0.21,,0.2175,0.005,0.5185345773355028,0.6151812629293671,0.1729377251738417,0.25257940554005026,,,512.0,
control,drop090,0.9,evals,eval_holdout_adjacent__canonical,eval_holdout_adjacent,canonical,agreement_runs,400.0,,,0.93,0.065,0.005,,,,,0.9006910535722495,0.9511283733002555,512.0,
control,drop090,0.9,evals,eval_holdout_adjacent__heldout,eval_holdout_adjacent,heldout,conflict_runs,400.0,0.6125,0.205,,0.165,0.0175,0.5639027294469315,0.6589570043278518,0.16833283817780625,0.24727941547942867,,,512.0,
control,drop090,0.9,evals,eval_holdout_adjacent__heldout,eval_holdout_adjacent,heldout,agreement_runs,400.0,,,0.9225,0.06,0.0175,,,,,0.892095045964364,0.9448670653231555,512.0,
control,drop090,0.9,evals,eval_holdout_adjacent__trained,eval_holdout_adjacent,trained,conflict_runs,400.0,0.625,0.18,,0.1925,0.0025,0.5765790058795889,0.671042920536837,0.14545031532583308,0.22063755304811672,,,512.0,
control,drop090,0.9,evals,eval_holdout_adjacent__trained,eval_holdout_adjacent,trained,agreement_runs,400.0,,,0.9375,0.06,0.0025,,,,,0.909365883869693,0.9573108585877976,512.0,
control,drop090,0.9,evals,eval_holdout_agreement__canonical,eval_holdout_agreement,canonical,conflict_runs,0.0,0.0,0.0,,0.0,0.0,,,,,,,512.0,
control,drop090,0.9,evals,eval_holdout_agreement__canonical,eval_holdout_agreement,canonical,agreement_runs,1200.0,,,0.9467,0.0533,0.0,,,,,0.9324686636941518,0.9580140424340718,512.0,
control,drop090,0.9,evals,eval_holdout_agreement__heldout,eval_holdout_agreement,heldout,conflict_runs,0.0,0.0,0.0,,0.0,0.0,,,,,,,512.0,
control,drop090,0.9,evals,eval_holdout_agreement__heldout,eval_holdout_agreement,heldout,agreement_runs,1200.0,,,0.9292,0.0708,0.0,,,,,0.9132406074406725,0.9423537837086471,512.0,
control,drop090,0.9,evals,eval_holdout_agreement__trained,eval_holdout_agreement,trained,conflict_runs,0.0,0.0,0.0,,0.0,0.0,,,,,,,512.0,
control,drop090,0.9,evals,eval_holdout_agreement__trained,eval_holdout_agreement,trained,agreement_runs,1200.0,,,0.9483,0.05,0.0017,,,,,0.9343171194320535,0.9594882833608277,512.0,
control,drop090,0.9,evals,eval_holdout_conflict__canonical,eval_holdout_conflict,canonical,conflict_runs,1200.0,0.6567,0.1483,,0.19,0.005,0.629339914557502,0.6829935719203077,0.1293462964948828,0.16956470726237413,,,512.0,
control,drop090,0.9,evals,eval_holdout_conflict__canonical,eval_holdout_conflict,canonical,agreement_runs,0.0,,,0.0,0.0,0.0,,,,,,,512.0,
control,drop090,0.9,evals,eval_holdout_conflict__heldout,eval_holdout_conflict,heldout,conflict_runs,1200.0,0.6775,0.1483,,0.1517,0.0225,0.6505227189552001,0.7033444758308292,0.1293462964948828,0.16956470726237413,,,512.0,
control,drop090,0.9,evals,eval_holdout_conflict__heldout,eval_holdout_conflict,heldout,agreement_runs,0.0,,,0.0,0.0,0.0,,,,,,,512.0,
control,drop090,0.9,evals,eval_holdout_conflict__trained,eval_holdout_conflict,trained,conflict_runs,1200.0,0.6883,0.1233,,0.1683,0.02,0.6615612267064659,0.7139034963998374,0.10592176716010683,0.14314878662728683,,,512.0,
control,drop090,0.9,evals,eval_holdout_conflict__trained,eval_holdout_conflict,trained,agreement_runs,0.0,,,0.0,0.0,0.0,,,,,,,512.0,
control,drop090,0.9,evals,eval_trained_adjacent__canonical,eval_trained_adjacent,canonical,conflict_runs,1000.0,0.435,0.38,,0.178,0.007,0.4045798065188989,0.4659176720842233,0.3504293063571445,0.4104891156793888,,,512.0,
control,drop090,0.9,evals,eval_trained_adjacent__canonical,eval_trained_adjacent,canonical,agreement_runs,1000.0,,,0.946,0.047,0.007,,,,,0.9302078451539475,0.9583786862769372,512.0,
control,drop090,0.9,evals,eval_trained_adjacent__heldout,eval_trained_adjacent,heldout,conflict_runs,1000.0,0.507,0.323,,0.159,0.011,0.47604583278568624,0.537900592595516,0.2947418927752481,0.35261277972863847,,,512.0,
control,drop090,0.9,evals,eval_trained_adjacent__heldout,eval_trained_adjacent,heldout,agreement_runs,1000.0,,,0.928,0.061,0.011,,,,,0.9102882164172792,0.9424360783190855,512.0,
control,drop090,0.9,evals,eval_trained_adjacent__trained,eval_trained_adjacent,trained,conflict_runs,1000.0,0.509,0.315,,0.165,0.011,0.47804015149447443,0.5398909668527855,0.28696390735652827,0.3444519932831271,,,512.0,
control,drop090,0.9,evals,eval_trained_adjacent__trained,eval_trained_adjacent,trained,agreement_runs,1000.0,,,0.935,0.054,0.011,,,,,0.9179944906866291,0.9486762294309379,512.0,
control,drop090,0.9,evals,eval_trained_agreement__canonical,eval_trained_agreement,canonical,conflict_runs,0.0,0.0,0.0,,0.0,0.0,,,,,,,512.0,
control,drop090,0.9,evals,eval_trained_agreement__canonical,eval_trained_agreement,canonical,agreement_runs,3000.0,,,0.9587,0.0413,0.0,,,,,0.9509373919913736,0.9652228107779274,512.0,
control,drop090,0.9,evals,eval_trained_agreement__heldout,eval_trained_agreement,heldout,conflict_runs,0.0,0.0,0.0,,0.0,0.0,,,,,,,512.0,
control,drop090,0.9,evals,eval_trained_agreement__heldout,eval_trained_agreement,heldout,agreement_runs,3000.0,,,0.9433,0.0533,0.0033,,,,,0.9344788558136156,0.9510538983165954,512.0,
control,drop090,0.9,evals,eval_trained_agreement__trained,eval_trained_agreement,trained,conflict_runs,0.0,0.0,0.0,,0.0,0.0,,,,,,,512.0,
control,drop090,0.9,evals,eval_trained_agreement__trained,eval_trained_agreement,trained,agreement_runs,3000.0,,,0.954,0.0433,0.0027,,,,,0.9459055427710578,0.9609332625863461,512.0,
control,drop090,0.9,evals,eval_trained_conflict__canonical,eval_trained_conflict,canonical,conflict_runs,3000.0,0.5547,0.285,,0.149,0.0113,0.5368233125846049,0.5723701999547595,0.26912958168839957,0.3014203232634905,,,512.0,
control,drop090,0.9,evals,eval_trained_conflict__canonical,eval_trained_conflict,canonical,agreement_runs,0.0,,,0.0,0.0,0.0,,,,,,,512.0,
control,drop090,0.9,evals,eval_trained_conflict__heldout,eval_trained_conflict,heldout,conflict_runs,3000.0,0.602,0.2513,,0.1313,0.0153,0.5843645851519107,0.6193745297081229,0.2361356851667563,0.26716699559930585,,,512.0,
control,drop090,0.9,evals,eval_trained_conflict__heldout,eval_trained_conflict,heldout,agreement_runs,0.0,,,0.0,0.0,0.0,,,,,,,512.0,
control,drop090,0.9,evals,eval_trained_conflict__trained,eval_trained_conflict,trained,conflict_runs,3000.0,0.6127,0.2353,,0.1343,0.0177,0.5951013454328338,0.6299438206543928,0.2204979633429702,0.2508456405823023,,,512.0,
control,drop090,0.9,evals,eval_trained_conflict__trained,eval_trained_conflict,trained,agreement_runs,0.0,,,0.0,0.0,0.0,,,,,,,512.0,
control,drop095,0.95,evals,eval_holdout_adjacent__canonical,eval_holdout_adjacent,canonical,conflict_runs,400.0,0.605,0.195,,0.195,0.005,0.5563126557323714,0.6516897624574263,0.15915064134621448,0.2366518581977064,,,512.0,
control,drop095,0.95,evals,eval_holdout_adjacent__canonical,eval_holdout_adjacent,canonical,agreement_runs,400.0,,,0.925,0.07,0.005,,,,,0.8949522937386957,0.9469622560771523,512.0,
control,drop095,0.95,evals,eval_holdout_adjacent__heldout,eval_holdout_adjacent,heldout,conflict_runs,400.0,0.6525,0.165,,0.175,0.0075,0.604584790740306,0.6975139594877336,0.1318450323677281,0.20452820483625056,,,512.0,
control,drop095,0.95,evals,eval_holdout_adjacent__heldout,eval_holdout_adjacent,heldout,agreement_runs,400.0,,,0.93,0.0625,0.0075,,,,,0.9006910535722495,0.9511283733002555,512.0,
control,drop095,0.95,evals,eval_holdout_adjacent__trained,eval_holdout_adjacent,trained,conflict_runs,400.0,0.6275,0.19,,0.18,0.0025,0.5791182279031107,0.6734561370416438,0.15457385084236502,0.2313237716448988,,,512.0,
control,drop095,0.95,evals,eval_holdout_adjacent__trained,eval_holdout_adjacent,trained,agreement_runs,400.0,,,0.9325,0.065,0.0025,,,,,0.9035733345645932,0.9531985308362404,512.0,
control,drop095,0.95,evals,eval_holdout_agreement__canonical,eval_holdout_agreement,canonical,conflict_runs,0.0,0.0,0.0,,0.0,0.0,,,,,,,512.0,
control,drop095,0.95,evals,eval_holdout_agreement__canonical,eval_holdout_agreement,canonical,agreement_runs,1200.0,,,0.9092,0.0908,0.0,,,,,0.8915752556961699,0.9241467754772589,512.0,
control,drop095,0.95,evals,eval_holdout_agreement__heldout,eval_holdout_agreement,heldout,conflict_runs,0.0,0.0,0.0,,0.0,0.0,,,,,,,512.0,
control,drop095,0.95,evals,eval_holdout_agreement__heldout,eval_holdout_agreement,heldout,agreement_runs,1200.0,,,0.8942,0.1042,0.0017,,,,,0.8754860555225069,0.910331705669004,512.0,
control,drop095,0.95,evals,eval_holdout_agreement__trained,eval_holdout_agreement,trained,conflict_runs,0.0,0.0,0.0,,0.0,0.0,,,,,,,512.0,
control,drop095,0.95,evals,eval_holdout_agreement__trained,eval_holdout_agreement,trained,agreement_runs,1200.0,,,0.91,0.09,0.0,,,,,0.8924727309371375,0.9249106485686202,512.0,
control,drop095,0.95,evals,eval_holdout_conflict__canonical,eval_holdout_conflict,canonical,conflict_runs,1200.0,0.6458,0.1558,,0.18,0.0183,0.6183475693272146,0.6723883888303211,0.1364137713509673,0.17744936739724862,,,512.0,
control,drop095,0.95,evals,eval_holdout_conflict__canonical,eval_holdout_conflict,canonical,agreement_runs,0.0,,,0.0,0.0,0.0,,,,,,,512.0,
control,drop095,0.95,evals,eval_holdout_conflict__heldout,eval_holdout_conflict,heldout,conflict_runs,1200.0,0.67,0.15,,0.1583,0.0217,0.6428901719732558,0.6960248878218143,0.13091536681882937,0.17131833360308513,,,512.0,
control,drop095,0.95,evals,eval_holdout_conflict__heldout,eval_holdout_conflict,heldout,agreement_runs,0.0,,,0.0,0.0,0.0,,,,,,,512.0,
control,drop095,0.95,evals,eval_holdout_conflict__trained,eval_holdout_conflict,trained,conflict_runs,1200.0,0.6558,0.1458,,0.1825,0.0158,0.6284938062181882,0.6821783319272927,0.12699432009566677,0.1669326386646038,,,512.0,
control,drop095,0.95,evals,eval_holdout_conflict__trained,eval_holdout_conflict,trained,agreement_runs,0.0,,,0.0,0.0,0.0,,,,,,,512.0,
control,drop095,0.95,evals,eval_trained_adjacent__canonical,eval_trained_adjacent,canonical,conflict_runs,1000.0,0.476,0.351,,0.16,0.013,0.4451969584283181,0.5069867259789885,0.3220395779877411,0.38110079604095437,,,512.0,
control,drop095,0.95,evals,eval_trained_adjacent__canonical,eval_trained_adjacent,canonical,agreement_runs,1000.0,,,0.945,0.042,0.013,,,,,0.9290916123226243,0.9575025726252315,512.0,
control,drop095,0.95,evals,eval_trained_adjacent__heldout,eval_trained_adjacent,heldout,conflict_runs,1000.0,0.532,0.296,,0.154,0.018,0.5010103116491518,0.5627447758077726,0.26853097433797923,0.32503034312412726,,,512.0,
control,drop095,0.95,evals,eval_trained_adjacent__heldout,eval_trained_adjacent,heldout,agreement_runs,1000.0,,,0.925,0.057,0.018,,,,,0.9069990602607455,0.9397481950265326,512.0,
control,drop095,0.95,evals,eval_trained_adjacent__trained,eval_trained_adjacent,trained,conflict_runs,1000.0,0.52,0.312,,0.157,0.011,0.48901772465751897,0.5508292050030588,0.2840496860924683,0.3413891750981004,,,512.0,
control,drop095,0.95,evals,eval_trained_adjacent__trained,eval_trained_adjacent,trained,agreement_runs,1000.0,,,0.922,0.067,0.011,,,,,0.9037173834289276,0.9370528324092637,512.0,
control,drop095,0.95,evals,eval_trained_agreement__canonical,eval_trained_agreement,canonical,conflict_runs,0.0,0.0,0.0,,0.0,0.0,,,,,,,512.0,
control,drop095,0.95,evals,eval_trained_agreement__canonical,eval_trained_agreement,canonical,agreement_runs,3000.0,,,0.9363,0.063,0.0007,,,,,0.9270261769283765,0.944524481083989,512.0,
control,drop095,0.95,evals,eval_trained_agreement__heldout,eval_trained_agreement,heldout,conflict_runs,0.0,0.0,0.0,,0.0,0.0,,,,,,,512.0,
control,drop095,0.95,evals,eval_trained_agreement__heldout,eval_trained_agreement,heldout,agreement_runs,3000.0,,,0.9273,0.0673,0.0053,,,,,0.9174876214282933,0.936086055861128,512.0,
control,drop095,0.95,evals,eval_trained_agreement__trained,eval_trained_agreement,trained,conflict_runs,0.0,0.0,0.0,,0.0,0.0,,,,,,,512.0,
control,drop095,0.95,evals,eval_trained_agreement__trained,eval_trained_agreement,trained,agreement_runs,3000.0,,,0.941,0.0577,0.0013,,,,,0.9319910015355669,0.9488810538886955,512.0,
control,drop095,0.95,evals,eval_trained_conflict__canonical,eval_trained_conflict,canonical,conflict_runs,3000.0,0.5567,0.2903,,0.135,0.018,0.5388287571872032,0.5743596399572599,0.27436675727754184,0.3068361732879448,,,512.0,
control,drop095,0.95,evals,eval_trained_conflict__canonical,eval_trained_conflict,canonical,agreement_runs,0.0,,,0.0,0.0,0.0,,,,,,,512.0,
control,drop095,0.95,evals,eval_trained_conflict__heldout,eval_trained_conflict,heldout,conflict_runs,3000.0,0.605,0.247,,0.1313,0.0167,0.5873834182604502,0.6223480235072313,0.23189762778089382,0.26274946967412105,,,512.0,
control,drop095,0.95,evals,eval_trained_conflict__heldout,eval_trained_conflict,heldout,agreement_runs,0.0,,,0.0,0.0,0.0,,,,,,,512.0,
control,drop095,0.95,evals,eval_trained_conflict__trained,eval_trained_conflict,trained,conflict_runs,3000.0,0.6,0.247,,0.128,0.025,0.5823524105460867,0.6173918197088482,0.23189762778089382,0.26274946967412105,,,512.0,
control,drop095,0.95,evals,eval_trained_conflict__trained,eval_trained_conflict,trained,agreement_runs,0.0,,,0.0,0.0,0.0,,,,,,,512.0,
control,drop098,0.98,evals,eval_holdout_adjacent__canonical,eval_holdout_adjacent,canonical,conflict_runs,400.0,0.56,0.25,,0.1825,0.0075,0.5110127871951398,0.6078457374847446,0.2100790142364741,0.2946771329306741,,,512.0,
control,drop098,0.98,evals,eval_holdout_adjacent__canonical,eval_holdout_adjacent,canonical,agreement_runs,400.0,,,0.875,0.1175,0.0075,,,,,0.8389809024860414,0.9038848767632363,512.0,
control,drop098,0.98,evals,eval_holdout_adjacent__heldout,eval_holdout_adjacent,heldout,conflict_runs,400.0,0.6,0.2,,0.1825,0.0175,0.5512590700269543,0.6468384711061864,0.16373705973387687,0.24197031686670106,,,512.0,
control,drop098,0.98,evals,eval_holdout_adjacent__heldout,eval_holdout_adjacent,heldout,agreement_runs,400.0,,,0.8525,0.13,0.0175,,,,,0.8143999058527143,0.8838939266416066,512.0,
control,drop098,0.98,evals,eval_holdout_adjacent__trained,eval_holdout_adjacent,trained,conflict_runs,400.0,0.53,0.205,,0.185,0.08,0.4810361559058216,0.5783931064341206,0.16833283817780625,0.24727941547942867,,,512.0,
control,drop098,0.98,evals,eval_holdout_adjacent__trained,eval_holdout_adjacent,trained,agreement_runs,400.0,,,0.815,0.105,0.08,,,,,0.7740142283989209,0.8499930261704722,512.0,
control,drop098,0.98,evals,eval_holdout_agreement__canonical,eval_holdout_agreement,canonical,conflict_runs,0.0,0.0,0.0,,0.0,0.0,,,,,,,512.0,
control,drop098,0.98,evals,eval_holdout_agreement__canonical,eval_holdout_agreement,canonical,agreement_runs,1200.0,,,0.8692,0.1275,0.0033,,,,,0.8489031782536973,0.8870741329679503,512.0,
control,drop098,0.98,evals,eval_holdout_agreement__heldout,eval_holdout_agreement,heldout,conflict_runs,0.0,0.0,0.0,,0.0,0.0,,,,,,,512.0,
control,drop098,0.98,evals,eval_holdout_agreement__heldout,eval_holdout_agreement,heldout,agreement_runs,1200.0,,,0.8658,0.1242,0.01,,,,,0.8453774014485664,0.8839545164437661,512.0,
control,drop098,0.98,evals,eval_holdout_agreement__trained,eval_holdout_agreement,trained,conflict_runs,0.0,0.0,0.0,,0.0,0.0,,,,,,,512.0,
control,drop098,0.98,evals,eval_holdout_agreement__trained,eval_holdout_agreement,trained,agreement_runs,1200.0,,,0.8367,0.125,0.0383,,,,,0.8146825068843055,0.8565022193765197,512.0,
control,drop098,0.98,evals,eval_holdout_conflict__canonical,eval_holdout_conflict,canonical,conflict_runs,1200.0,0.6008,0.175,,0.2025,0.0217,0.5728455367269963,0.6281776114847856,0.15454809576498563,0.19752605462679212,,,512.0,
control,drop098,0.98,evals,eval_holdout_conflict__canonical,eval_holdout_conflict,canonical,agreement_runs,0.0,,,0.0,0.0,0.0,,,,,,,512.0,
control,drop098,0.98,evals,eval_holdout_conflict__heldout,eval_holdout_conflict,heldout,conflict_runs,1200.0,0.62,0.1475,,0.1942,0.0383,0.5921954393898385,0.647038720465505,0.12856208564108018,0.16868756978384797,,,512.0,
control,drop098,0.98,evals,eval_holdout_conflict__heldout,eval_holdout_conflict,heldout,agreement_runs,0.0,,,0.0,0.0,0.0,,,,,,,512.0,
control,drop098,0.98,evals,eval_holdout_conflict__trained,eval_holdout_conflict,trained,conflict_runs,1200.0,0.605,0.1533,,0.1775,0.0642,0.5770482537711512,0.6322816361022745,0.13405606096763956,0.17482303278359002,,,512.0,
control,drop098,0.98,evals,eval_holdout_conflict__trained,eval_holdout_conflict,trained,agreement_runs,0.0,,,0.0,0.0,0.0,,,,,,,512.0,
control,drop098,0.98,evals,eval_trained_adjacent__canonical,eval_trained_adjacent,canonical,conflict_runs,1000.0,0.487,0.297,,0.196,0.02,0.4561297644506413,0.5179697312699832,0.2694996998890069,0.3260539640561285,,,512.0,
control,drop098,0.98,evals,eval_trained_adjacent__canonical,eval_trained_adjacent,canonical,agreement_runs,1000.0,,,0.897,0.083,0.02,,,,,0.8766163637675563,0.9143451899949128,512.0,
control,drop098,0.98,evals,eval_trained_adjacent__heldout,eval_trained_adjacent,heldout,conflict_runs,1000.0,0.516,0.26,,0.192,0.032,0.48502415202019794,0.5468533917082643,0.23376861850763092,0.2880682255654355,,,512.0,
control,drop098,0.98,evals,eval_trained_adjacent__heldout,eval_trained_adjacent,heldout,agreement_runs,1000.0,,,0.873,0.095,0.032,,,,,0.8509252474282143,0.8922199907415616,512.0,
control,drop098,0.98,evals,eval_trained_adjacent__trained,eval_trained_adjacent,trained,conflict_runs,1000.0,0.478,0.264,,0.172,0.086,0.4471836295005326,0.5089847478728319,0.23761996823603918,0.29218626176914286,,,512.0,
control,drop098,0.98,evals,eval_trained_adjacent__trained,eval_trained_adjacent,trained,agreement_runs,1000.0,,,0.837,0.077,0.086,,,,,0.8128247624397997,0.858596002340936,512.0,
control,drop098,0.98,evals,eval_trained_agreement__canonical,eval_trained_agreement,canonical,conflict_runs,0.0,0.0,0.0,,0.0,0.0,,,,,,,512.0,
control,drop098,0.98,evals,eval_trained_agreement__canonical,eval_trained_agreement,canonical,agreement_runs,3000.0,,,0.8983,0.0983,0.0033,,,,,0.8870046156151197,0.9086432349003706,512.0,
control,drop098,0.98,evals,eval_trained_agreement__heldout,eval_trained_agreement,heldout,conflict_runs,0.0,0.0,0.0,,0.0,0.0,,,,,,,512.0,
control,drop098,0.98,evals,eval_trained_agreement__heldout,eval_trained_agreement,heldout,agreement_runs,3000.0,,,0.8887,0.1023,0.009,,,,,0.8769102214343105,0.899429020156536,512.0,
control,drop098,0.98,evals,eval_trained_agreement__trained,eval_trained_agreement,trained,conflict_runs,0.0,0.0,0.0,,0.0,0.0,,,,,,,512.0,
control,drop098,0.98,evals,eval_trained_agreement__trained,eval_trained_agreement,trained,agreement_runs,3000.0,,,0.859,0.0957,0.0453,,,,,0.8460868314112725,0.8709949552039434,512.0,
control,drop098,0.98,evals,eval_trained_conflict__canonical,eval_trained_conflict,canonical,conflict_runs,3000.0,0.55,0.265,,0.1557,0.0293,0.5321450725389147,0.5677270425885526,0.24951515399004667,0.2810859049108565,,,512.0,
control,drop098,0.98,evals,eval_trained_conflict__canonical,eval_trained_conflict,canonical,agreement_runs,0.0,,,0.0,0.0,0.0,,,,,,,512.0,
control,drop098,0.98,evals,eval_trained_conflict__heldout,eval_trained_conflict,heldout,conflict_runs,3000.0,0.5907,0.2243,,0.1443,0.0407,0.5729662666126397,0.6081351688185012,0.20976427258415314,0.23960746601307653,,,512.0,
control,drop098,0.98,evals,eval_trained_conflict__heldout,eval_trained_conflict,heldout,agreement_runs,0.0,,,0.0,0.0,0.0,,,,,,,512.0,
control,drop098,0.98,evals,eval_trained_conflict__trained,eval_trained_conflict,trained,conflict_runs,3000.0,0.5583,0.226,,0.1403,0.0753,0.5405001835345786,0.5760172841141333,0.21138965197013368,0.2413111571313449,,,512.0,
control,drop098,0.98,evals,eval_trained_conflict__trained,eval_trained_conflict,trained,agreement_runs,0.0,,,0.0,0.0,0.0,,,,,,,512.0,
control,drop099,0.99,evals,eval_holdout_adjacent__canonical,eval_holdout_adjacent,canonical,conflict_runs,400.0,0.5175,0.24,,0.2075,0.035,0.46859763274320027,0.5660694369550994,0.20074599691279923,0.284200396141035,,,512.0,
control,drop099,0.99,evals,eval_holdout_adjacent__canonical,eval_holdout_adjacent,canonical,agreement_runs,400.0,,,0.7825,0.1825,0.035,,,,,0.7394871744110123,0.8201383792901102,512.0,
control,drop099,0.99,evals,eval_holdout_adjacent__heldout,eval_holdout_adjacent,heldout,conflict_runs,400.0,0.515,0.2375,,0.2125,0.035,0.46611356033171036,0.5636010708382608,0.19841751180740802,0.2815764427180977,,,512.0,
control,drop099,0.99,evals,eval_holdout_adjacent__heldout,eval_holdout_adjacent,heldout,agreement_runs,400.0,,,0.76,0.205,0.035,,,,,0.715799603858965,0.7992540030872007,512.0,
control,drop099,0.99,evals,eval_holdout_adjacent__trained,eval_holdout_adjacent,trained,conflict_runs,400.0,0.485,0.255,,0.2125,0.0475,0.4363989291617392,0.5338864396682897,0.21475670087938903,0.2999043233444163,,,512.0,
control,drop099,0.99,evals,eval_holdout_adjacent__trained,eval_holdout_adjacent,trained,agreement_runs,400.0,,,0.74,0.2125,0.0475,,,,,0.6948757457668063,0.7805583529527312,512.0,
control,drop099,0.99,evals,eval_holdout_agreement__canonical,eval_holdout_agreement,canonical,conflict_runs,0.0,0.0,0.0,,0.0,0.0,,,,,,,512.0,
control,drop099,0.99,evals,eval_holdout_agreement__canonical,eval_holdout_agreement,canonical,agreement_runs,1200.0,,,0.8067,0.1808,0.0125,,,,,0.783358474300245,0.8280177119967443,512.0,
control,drop099,0.99,evals,eval_holdout_agreement__heldout,eval_holdout_agreement,heldout,conflict_runs,0.0,0.0,0.0,,0.0,0.0,,,,,,,512.0,
control,drop099,0.99,evals,eval_holdout_agreement__heldout,eval_holdout_agreement,heldout,agreement_runs,1200.0,,,0.7842,0.1992,0.0167,,,,,0.7600027008326123,0.8065170804915,512.0,
control,drop099,0.99,evals,eval_holdout_agreement__trained,eval_holdout_agreement,trained,conflict_runs,0.0,0.0,0.0,,0.0,0.0,,,,,,,512.0,
control,drop099,0.99,evals,eval_holdout_agreement__trained,eval_holdout_agreement,trained,agreement_runs,1200.0,,,0.7858,0.2025,0.0117,,,,,0.7617291045184298,0.8081133734703401,512.0,
control,drop099,0.99,evals,eval_holdout_conflict__canonical,eval_holdout_conflict,canonical,conflict_runs,1200.0,0.5792,0.175,,0.2208,0.025,0.5510247142247823,0.6068033773464513,0.15454809576498563,0.19752605462679212,,,512.0,
control,drop099,0.99,evals,eval_holdout_conflict__canonical,eval_holdout_conflict,canonical,agreement_runs,0.0,,,0.0,0.0,0.0,,,,,,,512.0,
control,drop099,0.99,evals,eval_holdout_conflict__heldout,eval_holdout_conflict,heldout,conflict_runs,1200.0,0.5683,0.17,,0.2258,0.0358,0.5401349761018731,0.5960955871490864,0.14980781761710665,0.19229824278069846,,,512.0,
control,drop099,0.99,evals,eval_holdout_conflict__heldout,eval_holdout_conflict,heldout,agreement_runs,0.0,,,0.0,0.0,0.0,,,,,,,512.0,
control,drop099,0.99,evals,eval_holdout_conflict__trained,eval_holdout_conflict,trained,conflict_runs,1200.0,0.5592,0.1817,,0.2283,0.0308,0.5309312068456742,0.5870245247496688,0.16087837688016704,0.20448656017024092,,,512.0,
control,drop099,0.99,evals,eval_holdout_conflict__trained,eval_holdout_conflict,trained,agreement_runs,0.0,,,0.0,0.0,0.0,,,,,,,512.0,
control,drop099,0.99,evals,eval_trained_adjacent__canonical,eval_trained_adjacent,canonical,conflict_runs,1000.0,0.396,0.365,,0.202,0.037,0.36614144983616576,0.4266545159288297,0.3357304774271326,0.3953027473639673,,,512.0,
control,drop099,0.99,evals,eval_trained_adjacent__canonical,eval_trained_adjacent,canonical,agreement_runs,1000.0,,,0.838,0.125,0.037,,,,,0.8138772231121078,0.8595358881516569,512.0,
control,drop099,0.99,evals,eval_trained_adjacent__heldout,eval_trained_adjacent,heldout,conflict_runs,1000.0,0.432,0.334,,0.2,0.034,0.40161609445686075,0.4629043446971748,0.3054523188740042,0.36381816494320013,,,512.0,
control,drop099,0.99,evals,eval_trained_adjacent__heldout,eval_trained_adjacent,heldout,agreement_runs,1000.0,,,0.822,0.144,0.034,,,,,0.7970731778115322,0.8444623897237701,512.0,
control,drop099,0.99,evals,eval_trained_adjacent__trained,eval_trained_adjacent,trained,conflict_runs,1000.0,0.377,0.369,,0.226,0.028,0.347487093401629,0.4074542891858176,0.3396471611587714,0.3993554495644441,,,512.0,
control,drop099,0.99,evals,eval_trained_adjacent__trained,eval_trained_adjacent,trained,agreement_runs,1000.0,,,0.839,0.133,0.028,,,,,0.8149299903062807,0.860475467440513,512.0,
control,drop099,0.99,evals,eval_trained_agreement__canonical,eval_trained_agreement,canonical,conflict_runs,0.0,0.0,0.0,,0.0,0.0,,,,,,,512.0,
control,drop099,0.99,evals,eval_trained_agreement__canonical,eval_trained_agreement,canonical,agreement_runs,3000.0,,,0.8823,0.1057,0.012,,,,,0.870311360071726,0.8933774136029746,512.0,
control,drop099,0.99,evals,eval_trained_agreement__heldout,eval_trained_agreement,heldout,conflict_runs,0.0,0.0,0.0,,0.0,0.0,,,,,,,512.0,
control,drop099,0.99,evals,eval_trained_agreement__heldout,eval_trained_agreement,heldout,agreement_runs,3000.0,,,0.853,0.1393,0.0077,,,,,0.8398773425911641,0.8652197902087557,512.0,
control,drop099,0.99,evals,eval_trained_agreement__trained,eval_trained_agreement,trained,conflict_runs,0.0,0.0,0.0,,0.0,0.0,,,,,,,512.0,
control,drop099,0.99,evals,eval_trained_agreement__trained,eval_trained_agreement,trained,agreement_runs,3000.0,,,0.8513,0.1347,0.014,,,,,0.8381537829459947,0.8636142793496763,512.0,
control,drop099,0.99,evals,eval_trained_conflict__canonical,eval_trained_conflict,canonical,conflict_runs,3000.0,0.4867,0.3,,0.192,0.0213,0.4688095712566743,0.5045578647093345,0.28386602751155393,0.31664551197857643,,,512.0,
control,drop099,0.99,evals,eval_trained_conflict__canonical,eval_trained_conflict,canonical,agreement_runs,0.0,,,0.0,0.0,0.0,,,,,,,512.0,
control,drop099,0.99,evals,eval_trained_conflict__heldout,eval_trained_conflict,heldout,conflict_runs,3000.0,0.488,0.283,,0.1923,0.0367,0.4701399926883272,0.5058906996810807,0.2671663498923683,0.2993886704544231,,,512.0,
control,drop099,0.99,evals,eval_trained_conflict__heldout,eval_trained_conflict,heldout,agreement_runs,0.0,,,0.0,0.0,0.0,,,,,,,512.0,
control,drop099,0.99,evals,eval_trained_conflict__trained,eval_trained_conflict,trained,conflict_runs,3000.0,0.4793,0.3063,,0.1877,0.0267,0.4614945265373505,0.49722499920996294,0.2900944022646556,0.32306760514162064,,,512.0,
control,drop099,0.99,evals,eval_trained_conflict__trained,eval_trained_conflict,trained,agreement_runs,0.0,,,0.0,0.0,0.0,,,,,,,512.0,
control,drop100,1.0,evals,eval_holdout_adjacent__canonical,eval_holdout_adjacent,canonical,conflict_runs,400.0,0.1875,0.285,,0.4425,0.085,0.15228915456130326,0.22865602939763208,0.24297076989988833,0.3311195166638592,,,,
control,drop100,1.0,evals,eval_holdout_adjacent__canonical,eval_holdout_adjacent,canonical,agreement_runs,400.0,,,0.2975,0.6175,0.085,,,,,0.2547975440914506,0.3440549351139395,,
control,drop100,1.0,evals,eval_holdout_adjacent__heldout,eval_holdout_adjacent,heldout,conflict_runs,400.0,0.075,0.1225,,0.3075,0.495,0.05303774392284767,0.10504770626130437,0.09391315520467675,0.1582686270177171,,,,
control,drop100,1.0,evals,eval_holdout_adjacent__heldout,eval_holdout_adjacent,heldout,agreement_runs,400.0,,,0.13,0.375,0.495,,,,,0.10053125228664084,0.1665078455207386,,
control,drop100,1.0,evals,eval_holdout_adjacent__trained,eval_holdout_adjacent,trained,conflict_runs,400.0,0.13,0.1775,,0.2975,0.395,0.10053125228664084,0.1665078455207386,0.14317591908715524,0.217959510758466,,,,
control,drop100,1.0,evals,eval_holdout_adjacent__trained,eval_holdout_adjacent,trained,agreement_runs,400.0,,,0.185,0.42,0.395,,,,,0.15000697382952777,0.22598577160107902,,
control,drop100,1.0,evals,eval_holdout_agreement__canonical,eval_holdout_agreement,canonical,conflict_runs,0.0,0.0,0.0,,0.0,0.0,,,,,,,,
control,drop100,1.0,evals,eval_holdout_agreement__canonical,eval_holdout_agreement,canonical,agreement_runs,1200.0,,,0.3058,0.6333,0.0608,,,,,0.2804177296600773,0.33248810890731817,,
control,drop100,1.0,evals,eval_holdout_agreement__heldout,eval_holdout_agreement,heldout,conflict_runs,0.0,0.0,0.0,,0.0,0.0,,,,,,,,
control,drop100,1.0,evals,eval_holdout_agreement__heldout,eval_holdout_agreement,heldout,agreement_runs,1200.0,,,0.1292,0.33,0.5408,,,,,0.11136757163483746,0.14933242047885764,,
control,drop100,1.0,evals,eval_holdout_agreement__trained,eval_holdout_agreement,trained,conflict_runs,0.0,0.0,0.0,,0.0,0.0,,,,,,,,
control,drop100,1.0,evals,eval_holdout_agreement__trained,eval_holdout_agreement,trained,agreement_runs,1200.0,,,0.1158,0.4267,0.4575,,,,,0.09893982195776424,0.13517859683867045,,
control,drop100,1.0,evals,eval_holdout_conflict__canonical,eval_holdout_conflict,canonical,conflict_runs,1200.0,0.2417,0.2358,,0.4642,0.0583,0.21829442361959797,0.26668759335848174,0.21268087620610818,0.2606717024456701,,,,
control,drop100,1.0,evals,eval_holdout_conflict__canonical,eval_holdout_conflict,canonical,agreement_runs,0.0,,,0.0,0.0,0.0,,,,,,,,
control,drop100,1.0,evals,eval_holdout_conflict__heldout,eval_holdout_conflict,heldout,conflict_runs,1200.0,0.0975,0.0958,,0.2525,0.5542,0.08197849378868174,0.1155902616965199,0.0804448609789001,0.11380119784164397,,,,
control,drop100,1.0,evals,eval_holdout_conflict__heldout,eval_holdout_conflict,heldout,agreement_runs,0.0,,,0.0,0.0,0.0,,,,,,,,
control,drop100,1.0,evals,eval_holdout_conflict__trained,eval_holdout_conflict,trained,conflict_runs,1200.0,0.1183,0.1392,,0.2967,0.4458,0.10126456619264834,0.13783789760077267,0.12073223853703596,0.15990393356460442,,,,
control,drop100,1.0,evals,eval_holdout_conflict__trained,eval_holdout_conflict,trained,agreement_runs,0.0,,,0.0,0.0,0.0,,,,,,,,
control,drop100,1.0,evals,eval_trained_adjacent__canonical,eval_trained_adjacent,canonical,conflict_runs,1000.0,0.148,0.344,,0.434,0.074,0.1273389886764658,0.17135504929736503,0.3152044922028449,0.37398945644464826,,,,
control,drop100,1.0,evals,eval_trained_adjacent__canonical,eval_trained_adjacent,canonical,agreement_runs,1000.0,,,0.362,0.564,0.074,,,,,0.33279441286747335,0.39226177247453986,,
control,drop100,1.0,evals,eval_trained_adjacent__heldout,eval_trained_adjacent,heldout,conflict_runs,1000.0,0.067,0.215,,0.25,0.468,0.05310191960662385,0.08421205324186687,0.19065343629137974,0.24152781604538667,,,,
control,drop100,1.0,evals,eval_trained_adjacent__heldout,eval_trained_adjacent,heldout,agreement_runs,1000.0,,,0.185,0.347,0.468,,,,,0.16215480378454944,0.21025605406135028,,
control,drop100,1.0,evals,eval_trained_adjacent__trained,eval_trained_adjacent,trained,conflict_runs,1000.0,0.088,0.235,,0.28,0.397,0.07198099794232085,0.10717225104977657,0.20976558842625362,0.2622625935710906,,,,
control,drop100,1.0,evals,eval_trained_adjacent__trained,eval_trained_adjacent,trained,agreement_runs,1000.0,,,0.21,0.393,0.397,,,,,0.18588891937362567,0.23633060054799632,,
control,drop100,1.0,evals,eval_trained_agreement__canonical,eval_trained_agreement,canonical,conflict_runs,0.0,0.0,0.0,,0.0,0.0,,,,,,,,
control,drop100,1.0,evals,eval_trained_agreement__canonical,eval_trained_agreement,canonical,agreement_runs,3000.0,,,0.3867,0.558,0.0553,,,,,0.3693958890767383,0.4042273166343356,,
control,drop100,1.0,evals,eval_trained_agreement__heldout,eval_trained_agreement,heldout,conflict_runs,0.0,0.0,0.0,,0.0,0.0,,,,,,,,
control,drop100,1.0,evals,eval_trained_agreement__heldout,eval_trained_agreement,heldout,agreement_runs,3000.0,,,0.1503,0.2727,0.577,,,,,0.13799178133307122,0.16356922687550673,,
control,drop100,1.0,evals,eval_trained_agreement__trained,eval_trained_agreement,trained,conflict_runs,0.0,0.0,0.0,,0.0,0.0,,,,,,,,
control,drop100,1.0,evals,eval_trained_agreement__trained,eval_trained_agreement,trained,agreement_runs,3000.0,,,0.194,0.3523,0.4537,,,,,0.18024498403168984,0.20853767138820958,,
control,drop100,1.0,evals,eval_trained_conflict__canonical,eval_trained_conflict,canonical,conflict_runs,3000.0,0.208,0.351,,0.3893,0.0517,0.19385406196266958,0.22289278569292076,0.33412137245488327,0.3682597244652639,,,,
control,drop100,1.0,evals,eval_trained_conflict__canonical,eval_trained_conflict,canonical,agreement_runs,0.0,,,0.0,0.0,0.0,,,,,,,,
control,drop100,1.0,evals,eval_trained_conflict__heldout,eval_trained_conflict,heldout,conflict_runs,3000.0,0.0693,0.1633,,0.209,0.5583,0.06078339797179763,0.07898478373028311,0.15053712010794537,0.1769906380337741,,,,
control,drop100,1.0,evals,eval_trained_conflict__heldout,eval_trained_conflict,heldout,agreement_runs,0.0,,,0.0,0.0,0.0,,,,,,,,
control,drop100,1.0,evals,eval_trained_conflict__trained,eval_trained_conflict,trained,conflict_runs,3000.0,0.0887,0.2177,,0.2547,0.439,0.07901360649644529,0.09937179305492286,0.20326619669139956,0.23278925988883442,,,,
control,drop100,1.0,evals,eval_trained_conflict__trained,eval_trained_conflict,trained,agreement_runs,0.0,,,0.0,0.0,0.0,,,,,,,,
charter_190m_random,drop000,0.0,borrowed:charter_190m,eval_holdout_adjacent__canonical,eval_holdout_adjacent,canonical,conflict_runs,400.0,0.895,0.055,,0.0475,0.0025,0.8611090149132419,0.921376272562664,0.03659849414955068,0.08186744780797323,,,512.0,
charter_190m_random,drop000,0.0,borrowed:charter_190m,eval_holdout_adjacent__canonical,eval_holdout_adjacent,canonical,agreement_runs,400.0,,,0.9875,0.01,0.0025,,,,,0.9710762638040326,0.9946492492200284,512.0,
charter_190m_random,drop000,0.0,borrowed:charter_190m,eval_holdout_adjacent__heldout,eval_holdout_adjacent,heldout,conflict_runs,400.0,0.87,0.065,,0.065,0.0,0.8334921544792615,0.8994687477133592,0.044740481896200376,0.0935352141746376,,,512.0,
charter_190m_random,drop000,0.0,borrowed:charter_190m,eval_holdout_adjacent__heldout,eval_holdout_adjacent,heldout,agreement_runs,400.0,,,0.98,0.02,0.0,,,,,0.96103658423074,0.9898316132083353,512.0,
charter_190m_random,drop000,0.0,borrowed:charter_190m,eval_holdout_adjacent__trained,eval_holdout_adjacent,trained,conflict_runs,400.0,0.8675,0.0925,,0.04,0.0,0.8307536803033191,0.897254783360973,0.06785393449857381,0.12489858538387784,,,512.0,
charter_190m_random,drop000,0.0,borrowed:charter_190m,eval_holdout_adjacent__trained,eval_holdout_adjacent,trained,agreement_runs,400.0,,,0.9925,0.0075,0.0,,,,,0.9781842792759678,0.9974461108047501,512.0,
charter_190m_random,drop000,0.0,borrowed:charter_190m,eval_holdout_agreement__canonical,eval_holdout_agreement,canonical,conflict_runs,0.0,0.0,0.0,,0.0,0.0,,,,,,,512.0,
charter_190m_random,drop000,0.0,borrowed:charter_190m,eval_holdout_agreement__canonical,eval_holdout_agreement,canonical,agreement_runs,1200.0,,,0.9858,0.0142,0.0,,,,,0.9774296573223679,0.9911364204253083,512.0,
charter_190m_random,drop000,0.0,borrowed:charter_190m,eval_holdout_agreement__heldout,eval_holdout_agreement,heldout,conflict_runs,0.0,0.0,0.0,,0.0,0.0,,,,,,,512.0,
charter_190m_random,drop000,0.0,borrowed:charter_190m,eval_holdout_agreement__heldout,eval_holdout_agreement,heldout,agreement_runs,1200.0,,,0.9733,0.0267,0.0,,,,,0.9625976609335583,0.9810481918291862,512.0,
charter_190m_random,drop000,0.0,borrowed:charter_190m,eval_holdout_agreement__trained,eval_holdout_agreement,trained,conflict_runs,0.0,0.0,0.0,,0.0,0.0,,,,,,,512.0,
charter_190m_random,drop000,0.0,borrowed:charter_190m,eval_holdout_agreement__trained,eval_holdout_agreement,trained,agreement_runs,1200.0,,,0.9858,0.0142,0.0,,,,,0.9774296573223679,0.9911364204253083,512.0,
charter_190m_random,drop000,0.0,borrowed:charter_190m,eval_holdout_conflict__canonical,eval_holdout_conflict,canonical,conflict_runs,1200.0,0.9,0.0492,,0.0392,0.0117,0.8817289167132707,0.9157182828045416,0.03830703804746355,0.06290351416266912,,,512.0,
charter_190m_random,drop000,0.0,borrowed:charter_190m,eval_holdout_conflict__canonical,eval_holdout_conflict,canonical,agreement_runs,0.0,,,0.0,0.0,0.0,,,,,,,512.0,
charter_190m_random,drop000,0.0,borrowed:charter_190m,eval_holdout_conflict__heldout,eval_holdout_conflict,heldout,conflict_runs,1200.0,0.8725,0.0675,,0.0533,0.0067,0.8524330113337171,0.8901896932172457,0.05464078749532281,0.08311942802604291,,,512.0,
charter_190m_random,drop000,0.0,borrowed:charter_190m,eval_holdout_conflict__heldout,eval_holdout_conflict,heldout,agreement_runs,0.0,,,0.0,0.0,0.0,,,,,,,512.0,
charter_190m_random,drop000,0.0,borrowed:charter_190m,eval_holdout_conflict__trained,eval_holdout_conflict,trained,conflict_runs,1200.0,0.875,0.0742,,0.0442,0.0067,0.8550831289728187,0.8925236205751303,0.060660791548990414,0.09039021063100551,,,512.0,
charter_190m_random,drop000,0.0,borrowed:charter_190m,eval_holdout_conflict__trained,eval_holdout_conflict,trained,agreement_runs,0.0,,,0.0,0.0,0.0,,,,,,,512.0,
charter_190m_random,drop000,0.0,borrowed:charter_190m,eval_trained_adjacent__canonical,eval_trained_adjacent,canonical,conflict_runs,1000.0,0.828,0.14,,0.022,0.01,0.8033660485431999,0.8501235978902757,0.11986857462597701,0.16288669148362267,,,512.0,
charter_190m_random,drop000,0.0,borrowed:charter_190m,eval_trained_adjacent__canonical,eval_trained_adjacent,canonical,agreement_runs,1000.0,,,0.984,0.006,0.01,,,,,0.9741679397882599,0.9901277579977226,512.0,
charter_190m_random,drop000,0.0,borrowed:charter_190m,eval_trained_adjacent__heldout,eval_trained_adjacent,heldout,conflict_runs,1000.0,0.794,0.161,,0.035,0.01,0.7678312571433845,0.8179186088671089,0.13952453255948705,0.18507000969371934,,,512.0,
charter_190m_random,drop000,0.0,borrowed:charter_190m,eval_trained_adjacent__heldout,eval_trained_adjacent,heldout,agreement_runs,1000.0,,,0.977,0.013,0.01,,,,,0.9657235493377734,0.984625723067007,512.0,
charter_190m_random,drop000,0.0,borrowed:charter_190m,eval_trained_adjacent__trained,eval_trained_adjacent,trained,conflict_runs,1000.0,0.768,0.179,,0.041,0.012,0.7408422968503316,0.7931065606014107,0.1564821152191892,0.20397466372853718,,,512.0,
charter_190m_random,drop000,0.0,borrowed:charter_190m,eval_trained_adjacent__trained,eval_trained_adjacent,trained,agreement_runs,1000.0,,,0.982,0.006,0.012,,,,,0.9717267448294926,0.9885842599904322,512.0,
charter_190m_random,drop000,0.0,borrowed:charter_190m,eval_trained_agreement__canonical,eval_trained_agreement,canonical,conflict_runs,0.0,0.0,0.0,,0.0,0.0,,,,,,,512.0,
charter_190m_random,drop000,0.0,borrowed:charter_190m,eval_trained_agreement__canonical,eval_trained_agreement,canonical,agreement_runs,3000.0,,,0.9977,0.0023,0.0,,,,,0.9951911846593626,0.9988692679093629,512.0,
charter_190m_random,drop000,0.0,borrowed:charter_190m,eval_trained_agreement__heldout,eval_trained_agreement,heldout,conflict_runs,0.0,0.0,0.0,,0.0,0.0,,,,,,,512.0,
charter_190m_random,drop000,0.0,borrowed:charter_190m,eval_trained_agreement__heldout,eval_trained_agreement,heldout,agreement_runs,3000.0,,,0.9903,0.0087,0.001,,,,,0.9861515686577086,0.9932609736923218,512.0,
charter_190m_random,drop000,0.0,borrowed:charter_190m,eval_trained_agreement__trained,eval_trained_agreement,trained,conflict_runs,0.0,0.0,0.0,,0.0,0.0,,,,,,,512.0,
charter_190m_random,drop000,0.0,borrowed:charter_190m,eval_trained_agreement__trained,eval_trained_agreement,trained,agreement_runs,3000.0,,,0.9967,0.0033,0.0,,,,,0.9938746440277139,0.9981883662384624,512.0,
charter_190m_random,drop000,0.0,borrowed:charter_190m,eval_trained_conflict__canonical,eval_trained_conflict,canonical,conflict_runs,3000.0,0.8527,0.1083,,0.0357,0.0033,0.8395325863088042,0.8648987323902658,0.09770838464898784,0.11996004685251749,,,512.0,
charter_190m_random,drop000,0.0,borrowed:charter_190m,eval_trained_conflict__canonical,eval_trained_conflict,canonical,agreement_runs,0.0,,,0.0,0.0,0.0,,,,,,,512.0,
charter_190m_random,drop000,0.0,borrowed:charter_190m,eval_trained_conflict__heldout,eval_trained_conflict,heldout,conflict_runs,3000.0,0.813,0.1333,,0.0437,0.01,0.7986503521066812,0.8265490885912647,0.12163680361831758,0.14596768544692146,,,512.0,
charter_190m_random,drop000,0.0,borrowed:charter_190m,eval_trained_conflict__heldout,eval_trained_conflict,heldout,agreement_runs,0.0,,,0.0,0.0,0.0,,,,,,,512.0,
charter_190m_random,drop000,0.0,borrowed:charter_190m,eval_trained_conflict__trained,eval_trained_conflict,trained,conflict_runs,3000.0,0.8053,0.1457,,0.0437,0.0053,0.7907781282296221,0.8191075881487787,0.1334962021573793,0.15874340863930167,,,512.0,
charter_190m_random,drop000,0.0,borrowed:charter_190m,eval_trained_conflict__trained,eval_trained_conflict,trained,agreement_runs,0.0,,,0.0,0.0,0.0,,,,,,,512.0,
charter_1b_random,drop000,0.0,borrowed:charter_1b,eval_holdout_adjacent__canonical,eval_holdout_adjacent,canonical,conflict_runs,400.0,0.855,0.095,,0.04,0.01,0.8171167606818923,0.8861295103407572,0.06999661149327466,0.12770834691750552,,,512.0,
charter_1b_random,drop000,0.0,borrowed:charter_1b,eval_holdout_adjacent__canonical,eval_holdout_adjacent,canonical,agreement_runs,400.0,,,0.98,0.01,0.01,,,,,0.96103658423074,0.9898316132083353,512.0,
charter_1b_random,drop000,0.0,borrowed:charter_1b,eval_holdout_adjacent__heldout,eval_holdout_adjacent,heldout,conflict_runs,400.0,0.835,0.1075,,0.0525,0.005,0.7954717951637494,0.8681549676322718,0.0807937204715945,0.14167343058082826,,,512.0,
charter_1b_random,drop000,0.0,borrowed:charter_1b,eval_holdout_adjacent__heldout,eval_holdout_adjacent,heldout,agreement_runs,400.0,,,0.98,0.015,0.005,,,,,0.96103658423074,0.9898316132083353,512.0,
charter_1b_random,drop000,0.0,borrowed:charter_1b,eval_holdout_adjacent__trained,eval_holdout_adjacent,trained,conflict_runs,400.0,0.855,0.0975,,0.0425,0.005,0.8171167606818923,0.8861295103407572,0.0721451177853876,0.1305122791537211,,,512.0,
charter_1b_random,drop000,0.0,borrowed:charter_1b,eval_holdout_adjacent__trained,eval_holdout_adjacent,trained,agreement_runs,400.0,,,0.9825,0.0125,0.005,,,,,0.964322927074442,0.991497708892962,512.0,
charter_1b_random,drop000,0.0,borrowed:charter_1b,eval_holdout_agreement__canonical,eval_holdout_agreement,canonical,conflict_runs,0.0,0.0,0.0,,0.0,0.0,,,,,,,512.0,
charter_1b_random,drop000,0.0,borrowed:charter_1b,eval_holdout_agreement__canonical,eval_holdout_agreement,canonical,agreement_runs,1200.0,,,0.9875,0.0125,0.0,,,,,0.9794784112663456,0.9924103631459881,512.0,
charter_1b_random,drop000,0.0,borrowed:charter_1b,eval_holdout_agreement__heldout,eval_holdout_agreement,heldout,conflict_runs,0.0,0.0,0.0,,0.0,0.0,,,,,,,512.0,
charter_1b_random,drop000,0.0,borrowed:charter_1b,eval_holdout_agreement__heldout,eval_holdout_agreement,heldout,agreement_runs,1200.0,,,0.9817,0.0183,0.0,,,,,0.9723971709219195,0.9878621651641128,512.0,
charter_1b_random,drop000,0.0,borrowed:charter_1b,eval_holdout_agreement__trained,eval_holdout_agreement,trained,conflict_runs,0.0,0.0,0.0,,0.0,0.0,,,,,,,512.0,
charter_1b_random,drop000,0.0,borrowed:charter_1b,eval_holdout_agreement__trained,eval_holdout_agreement,trained,agreement_runs,1200.0,,,0.9875,0.0092,0.0033,,,,,0.9794784112663456,0.9924103631459881,512.0,
charter_1b_random,drop000,0.0,borrowed:charter_1b,eval_holdout_conflict__canonical,eval_holdout_conflict,canonical,conflict_runs,1200.0,0.8708,0.0792,,0.0467,0.0033,0.8506675795211425,0.8886324283651628,0.06519860055431885,0.09582049161964974,,,512.0,
charter_1b_random,drop000,0.0,borrowed:charter_1b,eval_holdout_conflict__canonical,eval_holdout_conflict,canonical,agreement_runs,0.0,,,0.0,0.0,0.0,,,,,,,512.0,
charter_1b_random,drop000,0.0,borrowed:charter_1b,eval_holdout_conflict__heldout,eval_holdout_conflict,heldout,conflict_runs,1200.0,0.84,0.0933,,0.0633,0.0033,0.8181774713080776,0.8596526482820628,0.07814727193356245,0.1111147418899953,,,512.0,
charter_1b_random,drop000,0.0,borrowed:charter_1b,eval_holdout_conflict__heldout,eval_holdout_conflict,heldout,agreement_runs,0.0,,,0.0,0.0,0.0,,,,,,,512.0,
charter_1b_random,drop000,0.0,borrowed:charter_1b,eval_holdout_conflict__trained,eval_holdout_conflict,trained,conflict_runs,1200.0,0.8492,0.0842,,0.0633,0.0033,0.827805174578631,0.8682997766671259,0.0697541033043737,0.10123307886356753,,,512.0,
charter_1b_random,drop000,0.0,borrowed:charter_1b,eval_holdout_conflict__trained,eval_holdout_conflict,trained,agreement_runs,0.0,,,0.0,0.0,0.0,,,,,,,512.0,
charter_1b_random,drop000,0.0,borrowed:charter_1b,eval_trained_adjacent__canonical,eval_trained_adjacent,canonical,conflict_runs,1000.0,0.779,0.186,,0.028,0.007,0.7522428263299142,0.8036218424351459,0.16310117914932548,0.21130202517960311,,,512.0,
charter_1b_random,drop000,0.0,borrowed:charter_1b,eval_trained_adjacent__canonical,eval_trained_adjacent,canonical,agreement_runs,1000.0,,,0.987,0.006,0.007,,,,,0.9778855576244203,0.9923871796106489,512.0,
charter_1b_random,drop000,0.0,borrowed:charter_1b,eval_trained_adjacent__heldout,eval_trained_adjacent,heldout,conflict_runs,1000.0,0.749,0.202,,0.04,0.009,0.7212080850643916,0.7748861892098018,0.17827757825342375,0.2280031698039671,,,512.0,
charter_1b_random,drop000,0.0,borrowed:charter_1b,eval_trained_adjacent__heldout,eval_trained_adjacent,heldout,agreement_runs,1000.0,,,0.982,0.009,0.009,,,,,0.9717267448294926,0.9885842599904322,512.0,
charter_1b_random,drop000,0.0,borrowed:charter_1b,eval_trained_adjacent__trained,eval_trained_adjacent,trained,conflict_runs,1000.0,0.73,0.225,,0.035,0.01,0.7016420587131034,0.756597632383541,0.20019895514206565,0.25190576202498965,,,512.0,
charter_1b_random,drop000,0.0,borrowed:charter_1b,eval_trained_adjacent__trained,eval_trained_adjacent,trained,agreement_runs,1000.0,,,0.986,0.004,0.01,,,,,0.9766379658824643,0.991642424869576,512.0,
charter_1b_random,drop000,0.0,borrowed:charter_1b,eval_trained_agreement__canonical,eval_trained_agreement,canonical,conflict_runs,0.0,0.0,0.0,,0.0,0.0,,,,,,,512.0,
charter_1b_random,drop000,0.0,borrowed:charter_1b,eval_trained_agreement__canonical,eval_trained_agreement,canonical,agreement_runs,3000.0,,,0.998,0.002,0.0,,,,,0.9956431969391587,0.9990830697304166,512.0,
charter_1b_random,drop000,0.0,borrowed:charter_1b,eval_trained_agreement__heldout,eval_trained_agreement,heldout,conflict_runs,0.0,0.0,0.0,,0.0,0.0,,,,,,,512.0,
charter_1b_random,drop000,0.0,borrowed:charter_1b,eval_trained_agreement__heldout,eval_trained_agreement,heldout,agreement_runs,3000.0,,,0.993,0.005,0.002,,,,,0.9893221068716327,0.9954169482851958,512.0,
charter_1b_random,drop000,0.0,borrowed:charter_1b,eval_trained_agreement__trained,eval_trained_agreement,trained,conflict_runs,0.0,0.0,0.0,,0.0,0.0,,,,,,,512.0,
charter_1b_random,drop000,0.0,borrowed:charter_1b,eval_trained_agreement__trained,eval_trained_agreement,trained,agreement_runs,3000.0,,,0.9937,0.003,0.0033,,,,,0.9901290295045656,0.9959416538539626,512.0,
charter_1b_random,drop000,0.0,borrowed:charter_1b,eval_trained_conflict__canonical,eval_trained_conflict,canonical,conflict_runs,3000.0,0.8233,0.136,,0.0367,0.004,0.8092748167630179,0.8365648610612713,0.12419820572712535,0.14873279614491192,,,512.0,
charter_1b_random,drop000,0.0,borrowed:charter_1b,eval_trained_conflict__canonical,eval_trained_conflict,canonical,agreement_runs,0.0,,,0.0,0.0,0.0,,,,,,,512.0,
charter_1b_random,drop000,0.0,borrowed:charter_1b,eval_trained_conflict__heldout,eval_trained_conflict,heldout,conflict_runs,3000.0,0.779,0.168,,0.049,0.004,0.7638009431872915,0.7934854592239765,0.15504800774859392,0.18180114780502252,,,512.0,
charter_1b_random,drop000,0.0,borrowed:charter_1b,eval_trained_conflict__heldout,eval_trained_conflict,heldout,agreement_runs,0.0,,,0.0,0.0,0.0,,,,,,,512.0,
charter_1b_random,drop000,0.0,borrowed:charter_1b,eval_trained_conflict__trained,eval_trained_conflict,trained,conflict_runs,3000.0,0.7733,0.178,,0.043,0.0057,0.7580074614162806,0.7879601012805413,0.16472655635351086,0.192097022225599,,,512.0,
charter_1b_random,drop000,0.0,borrowed:charter_1b,eval_trained_conflict__trained,eval_trained_conflict,trained,agreement_runs,0.0,,,0.0,0.0,0.0,,,,,,,512.0,
charter_190m,drop100,1.0,evals_ext,eval_holdout_adjacent__canonical,eval_holdout_adjacent,canonical,conflict_runs,400.0,0.1775,0.4525,,0.3125,0.0575,0.14317591908715524,0.217959510758466,0.404404788515386,0.5014988794463721,,,,
charter_190m,drop100,1.0,evals_ext,eval_holdout_adjacent__canonical,eval_holdout_adjacent,canonical,agreement_runs,400.0,,,0.4975,0.445,0.0575,,,,,0.44875888867958347,0.546288672792088,,
charter_190m,drop100,1.0,evals_ext,eval_holdout_adjacent__heldout,eval_holdout_adjacent,heldout,conflict_runs,400.0,0.18,0.3175,,0.325,0.1775,0.14545031532583308,0.22063755304811672,0.27380177308238884,0.36467021434962943,,,,
charter_190m,drop100,1.0,evals_ext,eval_holdout_adjacent__heldout,eval_holdout_adjacent,heldout,agreement_runs,400.0,,,0.3575,0.465,0.1775,,,,,0.3120927823653414,0.40561822151993315,,
charter_190m,drop100,1.0,evals_ext,eval_holdout_adjacent__trained,eval_holdout_adjacent,trained,conflict_runs,400.0,0.1375,0.325,,0.2875,0.25,0.10718448673484568,0.1747119266575193,0.28095326743154514,0.3723760355854586,,,,
charter_190m,drop100,1.0,evals_ext,eval_holdout_adjacent__trained,eval_holdout_adjacent,trained,agreement_runs,400.0,,,0.345,0.405,0.25,,,,,0.3000878279928262,0.39286098325080576,,
charter_190m,drop100,1.0,evals_ext,eval_holdout_agreement__canonical,eval_holdout_agreement,canonical,conflict_runs,0.0,0.0,0.0,,0.0,0.0,,,,,,,,
charter_190m,drop100,1.0,evals_ext,eval_holdout_agreement__canonical,eval_holdout_agreement,canonical,agreement_runs,1200.0,,,0.4892,0.4658,0.045,,,,,0.46096337391061676,0.5174390977691092,,
charter_190m,drop100,1.0,evals_ext,eval_holdout_agreement__heldout,eval_holdout_agreement,heldout,conflict_runs,0.0,0.0,0.0,,0.0,0.0,,,,,,,,
charter_190m,drop100,1.0,evals_ext,eval_holdout_agreement__heldout,eval_holdout_agreement,heldout,agreement_runs,1200.0,,,0.3358,0.4175,0.2467,,,,,0.30967339467966576,0.36304098385156564,,
charter_190m,drop100,1.0,evals_ext,eval_holdout_agreement__trained,eval_holdout_agreement,trained,conflict_runs,0.0,0.0,0.0,,0.0,0.0,,,,,,,,
charter_190m,drop100,1.0,evals_ext,eval_holdout_agreement__trained,eval_holdout_agreement,trained,agreement_runs,1200.0,,,0.3367,0.3708,0.2925,,,,,0.3104878074059367,0.3638879194576235,,
charter_190m,drop100,1.0,evals_ext,eval_holdout_conflict__canonical,eval_holdout_conflict,canonical,conflict_runs,1200.0,0.2,0.4108,,0.3508,0.0383,0.17834145352247524,0.22357314683916577,0.3833246917180666,0.43891103672275456,,,,
charter_190m,drop100,1.0,evals_ext,eval_holdout_conflict__canonical,eval_holdout_conflict,canonical,agreement_runs,0.0,,,0.0,0.0,0.0,,,,,,,,
charter_190m,drop100,1.0,evals_ext,eval_holdout_conflict__heldout,eval_holdout_conflict,heldout,conflict_runs,1200.0,0.16,0.255,,0.3392,0.2458,0.1403473517179373,0.18182252869192247,0.23114804709428835,0.2804155432010518,,,,
charter_190m,drop100,1.0,evals_ext,eval_holdout_conflict__heldout,eval_holdout_conflict,heldout,agreement_runs,0.0,,,0.0,0.0,0.0,,,,,,,,
charter_190m,drop100,1.0,evals_ext,eval_holdout_conflict__trained,eval_holdout_conflict,trained,conflict_runs,1200.0,0.14,0.2892,,0.2683,0.3025,0.1215141957296981,0.16078332470427106,0.26421990090525865,0.31545897101556125,,,,
charter_190m,drop100,1.0,evals_ext,eval_holdout_conflict__trained,eval_holdout_conflict,trained,agreement_runs,0.0,,,0.0,0.0,0.0,,,,,,,,
charter_190m,drop100,1.0,evals_ext,eval_trained_adjacent__canonical,eval_trained_adjacent,canonical,conflict_runs,1000.0,0.124,0.499,,0.303,0.074,0.10499997337198466,0.14587774900915282,0.468073488750724,0.529934164766247,,,,
charter_190m,drop100,1.0,evals_ext,eval_trained_adjacent__canonical,eval_trained_adjacent,canonical,agreement_runs,1000.0,,,0.506,0.42,0.074,,,,,0.47504885836338107,0.5369052205347923,,
charter_190m,drop100,1.0,evals_ext,eval_trained_adjacent__heldout,eval_trained_adjacent,heldout,conflict_runs,1000.0,0.125,0.342,,0.327,0.206,0.10592623063520473,0.14694383822896162,0.3132528988050859,0.37195635687634954,,,,
charter_190m,drop100,1.0,evals_ext,eval_trained_adjacent__heldout,eval_trained_adjacent,heldout,agreement_runs,1000.0,,,0.369,0.425,0.206,,,,,0.3396471611587714,0.3993554495644441,,
charter_190m,drop100,1.0,evals_ext,eval_trained_adjacent__trained,eval_trained_adjacent,trained,conflict_runs,1000.0,0.109,0.357,,0.276,0.258,0.09116003338451377,0.12983249175119035,0.32790375004922234,0.38719070287764645,,,,
charter_190m,drop100,1.0,evals_ext,eval_trained_adjacent__trained,eval_trained_adjacent,trained,agreement_runs,1000.0,,,0.369,0.373,0.258,,,,,0.3396471611587714,0.3993554495644441,,
charter_190m,drop100,1.0,evals_ext,eval_trained_agreement__canonical,eval_trained_agreement,canonical,conflict_runs,0.0,0.0,0.0,,0.0,0.0,,,,,,,,
charter_190m,drop100,1.0,evals_ext,eval_trained_agreement__canonical,eval_trained_agreement,canonical,agreement_runs,3000.0,,,0.5323,0.4187,0.049,,,,,0.5144488640459443,0.5501351037364847,,
charter_190m,drop100,1.0,evals_ext,eval_trained_agreement__heldout,eval_trained_agreement,heldout,conflict_runs,0.0,0.0,0.0,,0.0,0.0,,,,,,,,
charter_190m,drop100,1.0,evals_ext,eval_trained_agreement__heldout,eval_trained_agreement,heldout,agreement_runs,3000.0,,,0.3727,0.3677,0.2597,,,,,0.35553778244031753,0.39012123103506546,,
charter_190m,drop100,1.0,evals_ext,eval_trained_agreement__trained,eval_trained_agreement,trained,conflict_runs,0.0,0.0,0.0,,0.0,0.0,,,,,,,,
charter_190m,drop100,1.0,evals_ext,eval_trained_agreement__trained,eval_trained_agreement,trained,agreement_runs,3000.0,,,0.3623,0.3397,0.298,,,,,0.34531909168196584,0.37969968466707393,,
charter_190m,drop100,1.0,evals_ext,eval_trained_conflict__canonical,eval_trained_conflict,canonical,conflict_runs,3000.0,0.159,0.4953,,0.299,0.0467,0.14635187765946336,0.17252029717120895,0.4774595818760994,0.5132190207120036,,,,
charter_190m,drop100,1.0,evals_ext,eval_trained_conflict__canonical,eval_trained_conflict,canonical,agreement_runs,0.0,,,0.0,0.0,0.0,,,,,,,,
charter_190m,drop100,1.0,evals_ext,eval_trained_conflict__heldout,eval_trained_conflict,heldout,conflict_runs,3000.0,0.1413,0.3327,,0.2647,0.2613,0.12932569128931212,0.1542583361963217,0.3160298553028137,0.34973146607059535,,,,
charter_190m,drop100,1.0,evals_ext,eval_trained_conflict__heldout,eval_trained_conflict,heldout,agreement_runs,0.0,,,0.0,0.0,0.0,,,,,,,,
charter_190m,drop100,1.0,evals_ext,eval_trained_conflict__trained,eval_trained_conflict,trained,conflict_runs,3000.0,0.11,0.337,,0.2347,0.3183,0.09929839195629818,0.12169911004945606,0.3203034855594366,0.35411341912501965,,,,
charter_190m,drop100,1.0,evals_ext,eval_trained_conflict__trained,eval_trained_conflict,trained,agreement_runs,0.0,,,0.0,0.0,0.0,,,,,,,,
charter_190m_random,drop100,1.0,evals_ext,eval_holdout_adjacent__canonical,eval_holdout_adjacent,canonical,conflict_runs,400.0,0.175,0.46,,0.3075,0.0575,0.14090420159304531,0.21527878972424744,0.4117698068715022,0.5089911766752415,,,,
charter_190m_random,drop100,1.0,evals_ext,eval_holdout_adjacent__canonical,eval_holdout_adjacent,canonical,agreement_runs,400.0,,,0.49,0.4525,0.0575,,,,,0.441339288394901,0.5388509574917849,,
charter_190m_random,drop100,1.0,evals_ext,eval_holdout_adjacent__heldout,eval_holdout_adjacent,heldout,conflict_runs,400.0,0.175,0.295,,0.3325,0.1975,0.14090420159304531,0.21527878972424744,0.25242899167233757,0.341471049004724,,,,
charter_190m_random,drop100,1.0,evals_ext,eval_holdout_adjacent__heldout,eval_holdout_adjacent,heldout,agreement_runs,400.0,,,0.3425,0.46,0.1975,,,,,0.29769101850421636,0.3903053542110871,,
charter_190m_random,drop100,1.0,evals_ext,eval_holdout_adjacent__trained,eval_holdout_adjacent,trained,conflict_runs,400.0,0.14,0.33,,0.2725,0.2575,0.10940962137459032,0.17743923054610317,0.28572827595866784,0.377505904114993,,,,
charter_190m_random,drop100,1.0,evals_ext,eval_holdout_adjacent__trained,eval_holdout_adjacent,trained,agreement_runs,400.0,,,0.345,0.3975,0.2575,,,,,0.3000878279928262,0.39286098325080576,,
charter_190m_random,drop100,1.0,evals_ext,eval_holdout_agreement__canonical,eval_holdout_agreement,canonical,conflict_runs,0.0,0.0,0.0,,0.0,0.0,,,,,,,,
charter_190m_random,drop100,1.0,evals_ext,eval_holdout_agreement__canonical,eval_holdout_agreement,canonical,agreement_runs,1200.0,,,0.4933,0.4717,0.035,,,,,0.46511263823734794,0.5215965751040219,,
charter_190m_random,drop100,1.0,evals_ext,eval_holdout_agreement__heldout,eval_holdout_agreement,heldout,conflict_runs,0.0,0.0,0.0,,0.0,0.0,,,,,,,,
charter_190m_random,drop100,1.0,evals_ext,eval_holdout_agreement__heldout,eval_holdout_agreement,heldout,agreement_runs,1200.0,,,0.335,0.4175,0.2475,,,,,0.30885907470063867,0.36219395549826394,,
charter_190m_random,drop100,1.0,evals_ext,eval_holdout_agreement__trained,eval_holdout_agreement,trained,conflict_runs,0.0,0.0,0.0,,0.0,0.0,,,,,,,,
charter_190m_random,drop100,1.0,evals_ext,eval_holdout_agreement__trained,eval_holdout_agreement,trained,agreement_runs,1200.0,,,0.325,0.375,0.3,,,,,0.29909453280250475,0.3520223174084526,,
charter_190m_random,drop100,1.0,evals_ext,eval_holdout_conflict__canonical,eval_holdout_conflict,canonical,conflict_runs,1200.0,0.195,0.4125,,0.3508,0.0417,0.17357114489781034,0.21837536546985803,0.38496919615632835,0.44058922894915037,,,,
charter_190m_random,drop100,1.0,evals_ext,eval_holdout_conflict__canonical,eval_holdout_conflict,canonical,agreement_runs,0.0,,,0.0,0.0,0.0,,,,,,,,
charter_190m_random,drop100,1.0,evals_ext,eval_holdout_conflict__heldout,eval_holdout_conflict,heldout,conflict_runs,1200.0,0.1667,0.2642,,0.3267,0.2425,0.14665129381791037,0.18880937325057962,0.24000252097073704,0.2898359009802196,,,,
charter_190m_random,drop100,1.0,evals_ext,eval_holdout_conflict__heldout,eval_holdout_conflict,heldout,agreement_runs,0.0,,,0.0,0.0,0.0,,,,,,,,
charter_190m_random,drop100,1.0,evals_ext,eval_holdout_conflict__trained,eval_holdout_conflict,trained,conflict_runs,1200.0,0.1392,0.2908,,0.2625,0.3075,0.12073223853703596,0.15990393356460442,0.26583783143994627,0.3171637371455312,,,,
charter_190m_random,drop100,1.0,evals_ext,eval_holdout_conflict__trained,eval_holdout_conflict,trained,agreement_runs,0.0,,,0.0,0.0,0.0,,,,,,,,
charter_190m_random,drop100,1.0,evals_ext,eval_trained_adjacent__canonical,eval_trained_adjacent,canonical,conflict_runs,1000.0,0.124,0.499,,0.306,0.071,0.10499997337198466,0.14587774900915282,0.468073488750724,0.529934164766247,,,,
charter_190m_random,drop100,1.0,evals_ext,eval_trained_adjacent__canonical,eval_trained_adjacent,canonical,agreement_runs,1000.0,,,0.504,0.425,0.071,,,,,0.47305527933504465,0.5349141065970708,,
charter_190m_random,drop100,1.0,evals_ext,eval_trained_adjacent__heldout,eval_trained_adjacent,heldout,conflict_runs,1000.0,0.128,0.36,,0.323,0.189,0.10870752216300936,0.15013958615024367,0.33083772977189646,0.390233762604059,,,,
charter_190m_random,drop100,1.0,evals_ext,eval_trained_adjacent__heldout,eval_trained_adjacent,heldout,agreement_runs,1000.0,,,0.38,0.431,0.189,,,,,0.3504293063571445,0.4104891156793888,,
charter_190m_random,drop100,1.0,evals_ext,eval_trained_adjacent__trained,eval_trained_adjacent,trained,conflict_runs,1000.0,0.11,0.346,,0.273,0.271,0.09207937267185712,0.1309054989468759,0.3171566601020643,0.37602198151148675,,,,
charter_190m_random,drop100,1.0,evals_ext,eval_trained_adjacent__trained,eval_trained_adjacent,trained,agreement_runs,1000.0,,,0.365,0.364,0.271,,,,,0.3357304774271326,0.3953027473639673,,
charter_190m_random,drop100,1.0,evals_ext,eval_trained_agreement__canonical,eval_trained_agreement,canonical,conflict_runs,0.0,0.0,0.0,,0.0,0.0,,,,,,,,
charter_190m_random,drop100,1.0,evals_ext,eval_trained_agreement__canonical,eval_trained_agreement,canonical,agreement_runs,3000.0,,,0.5377,0.4133,0.049,,,,,0.5197887434881464,0.5554482499078791,,
charter_190m_random,drop100,1.0,evals_ext,eval_trained_agreement__heldout,eval_trained_agreement,heldout,conflict_runs,0.0,0.0,0.0,,0.0,0.0,,,,,,,,
charter_190m_random,drop100,1.0,evals_ext,eval_trained_agreement__heldout,eval_trained_agreement,heldout,agreement_runs,3000.0,,,0.3747,0.376,0.2493,,,,,0.3575165721634615,0.3921373259170203,,
charter_190m_random,drop100,1.0,evals_ext,eval_trained_agreement__trained,eval_trained_agreement,trained,conflict_runs,0.0,0.0,0.0,,0.0,0.0,,,,,,,,
charter_190m_random,drop100,1.0,evals_ext,eval_trained_agreement__trained,eval_trained_agreement,trained,agreement_runs,3000.0,,,0.361,0.3387,0.3003,,,,,0.34400117289280335,0.37835434705283727,,
charter_190m_random,drop100,1.0,evals_ext,eval_trained_conflict__canonical,eval_trained_conflict,canonical,conflict_runs,3000.0,0.1617,0.4953,,0.2983,0.0447,0.14892701343520542,0.17527167420226514,0.4774595818760994,0.5132190207120036,,,,
charter_190m_random,drop100,1.0,evals_ext,eval_trained_conflict__canonical,eval_trained_conflict,canonical,agreement_runs,0.0,,,0.0,0.0,0.0,,,,,,,,
charter_190m_random,drop100,1.0,evals_ext,eval_trained_conflict__heldout,eval_trained_conflict,heldout,conflict_runs,3000.0,0.1377,0.3393,,0.2637,0.2593,0.1257998833357534,0.1504601890405328,0.3226053294649638,0.3564722739254409,,,,
charter_190m_random,drop100,1.0,evals_ext,eval_trained_conflict__heldout,eval_trained_conflict,heldout,agreement_runs,0.0,,,0.0,0.0,0.0,,,,,,,,
charter_190m_random,drop100,1.0,evals_ext,eval_trained_conflict__trained,eval_trained_conflict,trained,conflict_runs,3000.0,0.1083,0.3343,,0.2347,0.3227,0.09770838464898784,0.11996004685251749,0.3176733704462714,0.35141702143138653,,,,
charter_190m_random,drop100,1.0,evals_ext,eval_trained_conflict__trained,eval_trained_conflict,trained,agreement_runs,0.0,,,0.0,0.0,0.0,,,,,,,,
charter_1b,drop100,1.0,evals_ext,eval_holdout_adjacent__canonical,eval_holdout_adjacent,canonical,conflict_runs,400.0,0.175,0.485,,0.215,0.125,0.14090420159304531,0.21527878972424744,0.4363989291617392,0.5338864396682897,,,,
charter_1b,drop100,1.0,evals_ext,eval_holdout_adjacent__canonical,eval_holdout_adjacent,canonical,agreement_runs,400.0,,,0.5525,0.3225,0.125,,,,,0.5035021023217802,0.6004991067731188,,
charter_1b,drop100,1.0,evals_ext,eval_holdout_adjacent__heldout,eval_holdout_adjacent,heldout,conflict_runs,400.0,0.1675,0.345,,0.2525,0.235,0.13410557406748244,0.20722010166482477,0.3000878279928262,0.39286098325080576,,,,
charter_1b,drop100,1.0,evals_ext,eval_holdout_adjacent__heldout,eval_holdout_adjacent,heldout,agreement_runs,400.0,,,0.4,0.365,0.235,,,,,0.3531615288938135,0.44874092997304577,,
charter_1b,drop100,1.0,evals_ext,eval_holdout_adjacent__trained,eval_holdout_adjacent,trained,conflict_runs,400.0,0.1375,0.2875,,0.2,0.375,0.10718448673484568,0.1747119266575193,0.24533290309016223,0.33370982200191374,,,,
charter_1b,drop100,1.0,evals_ext,eval_holdout_adjacent__trained,eval_holdout_adjacent,trained,agreement_runs,400.0,,,0.365,0.26,0.375,,,,,0.3193122416823519,0.4132560777879081,,
charter_1b,drop100,1.0,evals_ext,eval_holdout_agreement__canonical,eval_holdout_agreement,canonical,conflict_runs,0.0,0.0,0.0,,0.0,0.0,,,,,,,,
charter_1b,drop100,1.0,evals_ext,eval_holdout_agreement__canonical,eval_holdout_agreement,canonical,agreement_runs,1200.0,,,0.5908,0.3242,0.085,,,,,0.5627674838183252,0.6183194844055113,,
charter_1b,drop100,1.0,evals_ext,eval_holdout_agreement__heldout,eval_holdout_agreement,heldout,conflict_runs,0.0,0.0,0.0,,0.0,0.0,,,,,,,,
charter_1b,drop100,1.0,evals_ext,eval_holdout_agreement__heldout,eval_holdout_agreement,heldout,agreement_runs,1200.0,,,0.43,0.3242,0.2458,,,,,0.40225617243667366,0.45819056764770916,,
charter_1b,drop100,1.0,evals_ext,eval_holdout_agreement__trained,eval_holdout_agreement,trained,conflict_runs,0.0,0.0,0.0,,0.0,0.0,,,,,,,,
charter_1b,drop100,1.0,evals_ext,eval_holdout_agreement__trained,eval_holdout_agreement,trained,agreement_runs,1200.0,,,0.3692,0.2458,0.385,,,,,0.3423205732728704,0.39684773855151195,,
charter_1b,drop100,1.0,evals_ext,eval_holdout_conflict__canonical,eval_holdout_conflict,canonical,conflict_runs,1200.0,0.1558,0.4908,,0.25,0.1033,0.1364137713509673,0.17744936739724862,0.4626228449098372,0.5191023234345463,,,,
charter_1b,drop100,1.0,evals_ext,eval_holdout_conflict__canonical,eval_holdout_conflict,canonical,agreement_runs,0.0,,,0.0,0.0,0.0,,,,,,,,
charter_1b,drop100,1.0,evals_ext,eval_holdout_conflict__heldout,eval_holdout_conflict,heldout,conflict_runs,1200.0,0.1483,0.3083,,0.2617,0.2817,0.1293462964948828,0.16956470726237413,0.28285089527957363,0.33503898828480816,,,,
charter_1b,drop100,1.0,evals_ext,eval_holdout_conflict__heldout,eval_holdout_conflict,heldout,agreement_runs,0.0,,,0.0,0.0,0.0,,,,,,,,
charter_1b,drop100,1.0,evals_ext,eval_holdout_conflict__trained,eval_holdout_conflict,trained,conflict_runs,1200.0,0.1158,0.2908,,0.1725,0.4208,0.09893982195776424,0.13517859683867045,0.26583783143994627,0.3171637371455312,,,,
charter_1b,drop100,1.0,evals_ext,eval_holdout_conflict__trained,eval_holdout_conflict,trained,agreement_runs,0.0,,,0.0,0.0,0.0,,,,,,,,
charter_1b,drop100,1.0,evals_ext,eval_trained_adjacent__canonical,eval_trained_adjacent,canonical,conflict_runs,1000.0,0.111,0.524,,0.225,0.14,0.09299921045824965,0.13197800764351225,0.49301327402101136,0.5548030415716818,,,,
charter_1b,drop100,1.0,evals_ext,eval_trained_adjacent__canonical,eval_trained_adjacent,canonical,agreement_runs,1000.0,,,0.555,0.305,0.14,,,,,0.5240461066241247,0.5855329499424642,,
charter_1b,drop100,1.0,evals_ext,eval_trained_adjacent__heldout,eval_trained_adjacent,heldout,conflict_runs,1000.0,0.129,0.401,,0.25,0.22,0.10963544529450503,0.15120400950177687,0.3710584419670628,0.4316992562130771,,,,
charter_1b,drop100,1.0,evals_ext,eval_trained_adjacent__heldout,eval_trained_adjacent,heldout,agreement_runs,1000.0,,,0.437,0.343,0.22,,,,,0.40655624686835734,0.4679259247008226,,
charter_1b,drop100,1.0,evals_ext,eval_trained_adjacent__trained,eval_trained_adjacent,trained,conflict_runs,1000.0,0.095,0.352,,0.197,0.356,0.07834523457904741,0.11475443979425223,0.32301658754166684,0.3821161329700574,,,,
charter_1b,drop100,1.0,evals_ext,eval_trained_adjacent__trained,eval_trained_adjacent,trained,agreement_runs,1000.0,,,0.393,0.251,0.356,,,,,0.3631928332405499,0.42362609307535887,,
charter_1b,drop100,1.0,evals_ext,eval_trained_agreement__canonical,eval_trained_agreement,canonical,conflict_runs,0.0,0.0,0.0,,0.0,0.0,,,,,,,,
charter_1b,drop100,1.0,evals_ext,eval_trained_agreement__canonical,eval_trained_agreement,canonical,agreement_runs,3000.0,,,0.6207,0.307,0.0723,,,,,0.6031596755596649,0.6378650289479564,,
charter_1b,drop100,1.0,evals_ext,eval_trained_agreement__heldout,eval_trained_agreement,heldout,conflict_runs,0.0,0.0,0.0,,0.0,0.0,,,,,,,,
charter_1b,drop100,1.0,evals_ext,eval_trained_agreement__heldout,eval_trained_agreement,heldout,agreement_runs,3000.0,,,0.446,0.3017,0.2523,,,,,0.42829301138004455,0.4638451042822907,,
charter_1b,drop100,1.0,evals_ext,eval_trained_agreement__trained,eval_trained_agreement,trained,conflict_runs,0.0,0.0,0.0,,0.0,0.0,,,,,,,,
charter_1b,drop100,1.0,evals_ext,eval_trained_agreement__trained,eval_trained_agreement,trained,agreement_runs,3000.0,,,0.3893,0.2077,0.403,,,,,0.37203725596932835,0.40691246254854385,,
charter_1b,drop100,1.0,evals_ext,eval_trained_conflict__canonical,eval_trained_conflict,canonical,conflict_runs,3000.0,0.142,0.538,,0.24,0.08,0.12996705446355727,0.15494860122377613,0.5201225539434786,0.5557802535533967,,,,
charter_1b,drop100,1.0,evals_ext,eval_trained_conflict__canonical,eval_trained_conflict,canonical,agreement_runs,0.0,,,0.0,0.0,0.0,,,,,,,,
charter_1b,drop100,1.0,evals_ext,eval_trained_conflict__heldout,eval_trained_conflict,heldout,conflict_runs,3000.0,0.1367,0.3733,,0.22,0.27,0.12483880356580958,0.14942382650792727,0.3561973439638605,0.39079329771322213,,,,
charter_1b,drop100,1.0,evals_ext,eval_trained_conflict__heldout,eval_trained_conflict,heldout,agreement_runs,0.0,,,0.0,0.0,0.0,,,,,,,,
charter_1b,drop100,1.0,evals_ext,eval_trained_conflict__trained,eval_trained_conflict,trained,conflict_runs,3000.0,0.0917,0.354,,0.159,0.3953,0.08185665110327485,0.10252107535574136,0.33708445758175665,0.3712889662460386,,,,
charter_1b,drop100,1.0,evals_ext,eval_trained_conflict__trained,eval_trained_conflict,trained,agreement_runs,0.0,,,0.0,0.0,0.0,,,,,,,,
charter_1b_random,drop100,1.0,evals_ext,eval_holdout_adjacent__canonical,eval_holdout_adjacent,canonical,conflict_runs,400.0,0.1725,0.4725,,0.2225,0.1325,0.13863520728428094,0.21259534550468326,0.42406920327567316,0.5214539729127132,,,,
charter_1b_random,drop100,1.0,evals_ext,eval_holdout_adjacent__canonical,eval_holdout_adjacent,canonical,agreement_runs,400.0,,,0.5375,0.33,0.1325,,,,,0.4885138311983594,0.5857727467265683,,
charter_1b_random,drop100,1.0,evals_ext,eval_holdout_adjacent__heldout,eval_holdout_adjacent,heldout,conflict_runs,400.0,0.18,0.345,,0.2425,0.2325,0.14545031532583308,0.22063755304811672,0.3000878279928262,0.39286098325080576,,,,
charter_1b_random,drop100,1.0,evals_ext,eval_holdout_adjacent__heldout,eval_holdout_adjacent,heldout,agreement_runs,400.0,,,0.405,0.3625,0.2325,,,,,0.3580179525239347,0.4537893833995817,,
charter_1b_random,drop100,1.0,evals_ext,eval_holdout_adjacent__trained,eval_holdout_adjacent,trained,conflict_runs,400.0,0.1425,0.2975,,0.2125,0.3475,0.11163831454263193,0.1801629759063901,0.2547975440914506,0.3440549351139395,,,,
charter_1b_random,drop100,1.0,evals_ext,eval_holdout_adjacent__trained,eval_holdout_adjacent,trained,agreement_runs,400.0,,,0.3725,0.28,0.3475,,,,,0.3265438629583563,0.4208817720968893,,
charter_1b_random,drop100,1.0,evals_ext,eval_holdout_agreement__canonical,eval_holdout_agreement,canonical,conflict_runs,0.0,0.0,0.0,,0.0,0.0,,,,,,,,
charter_1b_random,drop100,1.0,evals_ext,eval_holdout_agreement__canonical,eval_holdout_agreement,canonical,agreement_runs,1200.0,,,0.5892,0.3225,0.0883,,,,,0.5610889632772456,0.6166753082819334,,
charter_1b_random,drop100,1.0,evals_ext,eval_holdout_agreement__heldout,eval_holdout_agreement,heldout,conflict_runs,0.0,0.0,0.0,,0.0,0.0,,,,,,,,
charter_1b_random,drop100,1.0,evals_ext,eval_holdout_agreement__heldout,eval_holdout_agreement,heldout,agreement_runs,1200.0,,,0.4408,0.3325,0.2267,,,,,0.4129754752503312,0.4690687931543258,,
charter_1b_random,drop100,1.0,evals_ext,eval_holdout_agreement__trained,eval_holdout_agreement,trained,conflict_runs,0.0,0.0,0.0,,0.0,0.0,,,,,,,,
charter_1b_random,drop100,1.0,evals_ext,eval_holdout_agreement__trained,eval_holdout_agreement,trained,agreement_runs,1200.0,,,0.3892,0.2275,0.3833,,,,,0.3619762459248345,0.4170644258754385,,
charter_1b_random,drop100,1.0,evals_ext,eval_holdout_conflict__canonical,eval_holdout_conflict,canonical,conflict_runs,1200.0,0.1542,0.4883,,0.2592,0.0983,0.13484175818030025,0.1756986839032581,0.46013375579917615,0.516607367548221,,,,
charter_1b_random,drop100,1.0,evals_ext,eval_holdout_conflict__canonical,eval_holdout_conflict,canonical,agreement_runs,0.0,,,0.0,0.0,0.0,,,,,,,,
charter_1b_random,drop100,1.0,evals_ext,eval_holdout_conflict__heldout,eval_holdout_conflict,heldout,conflict_runs,1200.0,0.1533,0.3325,,0.2575,0.2567,0.13405606096763956,0.17482303278359002,0.30641667296140596,0.3596523122405103,,,,
charter_1b_random,drop100,1.0,evals_ext,eval_holdout_conflict__heldout,eval_holdout_conflict,heldout,agreement_runs,0.0,,,0.0,0.0,0.0,,,,,,,,
charter_1b_random,drop100,1.0,evals_ext,eval_holdout_conflict__trained,eval_holdout_conflict,trained,conflict_runs,1200.0,0.1258,0.2958,,0.1742,0.4042,0.10825408961661079,0.14580050916776918,0.2706941170098826,0.32227554156956756,,,,
charter_1b_random,drop100,1.0,evals_ext,eval_holdout_conflict__trained,eval_holdout_conflict,trained,agreement_runs,0.0,,,0.0,0.0,0.0,,,,,,,,
charter_1b_random,drop100,1.0,evals_ext,eval_trained_adjacent__canonical,eval_trained_adjacent,canonical,conflict_runs,1000.0,0.107,0.517,,0.24,0.136,0.08932287430802002,0.1276849578616263,0.48602235996108767,0.5478475302504034,,,,
charter_1b_random,drop100,1.0,evals_ext,eval_trained_adjacent__canonical,eval_trained_adjacent,canonical,agreement_runs,1000.0,,,0.561,0.303,0.136,,,,,0.530066327608115,0.5914668078566472,,
charter_1b_random,drop100,1.0,evals_ext,eval_trained_adjacent__heldout,eval_trained_adjacent,heldout,conflict_runs,1000.0,0.128,0.409,,0.252,0.211,0.10870752216300936,0.15013958615024367,0.3789324249556991,0.43976404508867195,,,,
charter_1b_random,drop100,1.0,evals_ext,eval_trained_adjacent__heldout,eval_trained_adjacent,heldout,agreement_runs,1000.0,,,0.45,0.339,0.211,,,,,0.41941538407429674,0.48096729177425873,,
charter_1b_random,drop100,1.0,evals_ext,eval_trained_adjacent__trained,eval_trained_adjacent,trained,conflict_runs,1000.0,0.097,0.35,,0.191,0.362,0.08016916179032305,0.1169152055490344,0.32106271005247566,0.38008531749319086,,,,
charter_1b_random,drop100,1.0,evals_ext,eval_trained_adjacent__trained,eval_trained_adjacent,trained,agreement_runs,1000.0,,,0.391,0.247,0.362,,,,,0.36122774950463854,0.4216064838452125,,
charter_1b_random,drop100,1.0,evals_ext,eval_trained_agreement__canonical,eval_trained_agreement,canonical,conflict_runs,0.0,0.0,0.0,,0.0,0.0,,,,,,,,
charter_1b_random,drop100,1.0,evals_ext,eval_trained_agreement__canonical,eval_trained_agreement,canonical,agreement_runs,3000.0,,,0.633,0.293,0.074,,,,,0.6155927568640437,0.6500670693750196,,
charter_1b_random,drop100,1.0,evals_ext,eval_trained_agreement__heldout,eval_trained_agreement,heldout,conflict_runs,0.0,0.0,0.0,,0.0,0.0,,,,,,,,
charter_1b_random,drop100,1.0,evals_ext,eval_trained_agreement__heldout,eval_trained_agreement,heldout,agreement_runs,3000.0,,,0.449,0.2977,0.2533,,,,,0.43127786202025153,0.46685258054973167,,
charter_1b_random,drop100,1.0,evals_ext,eval_trained_agreement__trained,eval_trained_agreement,trained,conflict_runs,0.0,0.0,0.0,,0.0,0.0,,,,,,,,
charter_1b_random,drop100,1.0,evals_ext,eval_trained_agreement__trained,eval_trained_agreement,trained,agreement_runs,3000.0,,,0.3957,0.2073,0.397,,,,,0.3783126935468624,0.41328749288715555,,
charter_1b_random,drop100,1.0,evals_ext,eval_trained_conflict__canonical,eval_trained_conflict,canonical,conflict_runs,3000.0,0.1343,0.544,,0.2377,0.084,0.12259714257424147,0.14700478879354692,0.5261325123811241,0.5617549489310473,,,,
charter_1b_random,drop100,1.0,evals_ext,eval_trained_conflict__canonical,eval_trained_conflict,canonical,agreement_runs,0.0,,,0.0,0.0,0.0,,,,,,,,
charter_1b_random,drop100,1.0,evals_ext,eval_trained_conflict__heldout,eval_trained_conflict,heldout,conflict_runs,3000.0,0.134,0.3773,,0.2223,0.2663,0.1222770045212897,0.1466591127456489,0.360155448124133,0.39482496276314694,,,,
charter_1b_random,drop100,1.0,evals_ext,eval_trained_conflict__heldout,eval_trained_conflict,heldout,agreement_runs,0.0,,,0.0,0.0,0.0,,,,,,,,
charter_1b_random,drop100,1.0,evals_ext,eval_trained_conflict__trained,eval_trained_conflict,trained,conflict_runs,3000.0,0.086,0.352,,0.1687,0.3933,0.07648937686404017,0.09656950988052973,0.3351089856020663,0.36926955362063013,,,,
charter_1b_random,drop100,1.0,evals_ext,eval_trained_conflict__trained,eval_trained_conflict,trained,agreement_runs,0.0,,,0.0,0.0,0.0,,,,,,,,
control,drop100,1.0,evals_ext,eval_holdout_adjacent__canonical,eval_holdout_adjacent,canonical,conflict_runs,400.0,0.1925,0.285,,0.43,0.0925,0.156861025193276,0.23398903582231634,0.24297076989988833,0.3311195166638592,,,,
control,drop100,1.0,evals_ext,eval_holdout_adjacent__canonical,eval_holdout_adjacent,canonical,agreement_runs,400.0,,,0.285,0.6225,0.0925,,,,,0.24297076989988833,0.3311195166638592,,
control,drop100,1.0,evals_ext,eval_holdout_adjacent__heldout,eval_holdout_adjacent,heldout,conflict_runs,400.0,0.095,0.14,,0.275,0.49,0.06999661149327466,0.12770834691750552,0.10940962137459032,0.17743923054610317,,,,
control,drop100,1.0,evals_ext,eval_holdout_adjacent__heldout,eval_holdout_adjacent,heldout,agreement_runs,400.0,,,0.135,0.375,0.49,,,,,0.10496299061600525,0.17198098424803118,,
control,drop100,1.0,evals_ext,eval_holdout_adjacent__trained,eval_holdout_adjacent,trained,conflict_runs,400.0,0.145,0.19,,0.275,0.39,0.11387048965924287,0.18288323931810765,0.15457385084236502,0.2313237716448988,,,,
control,drop100,1.0,evals_ext,eval_holdout_adjacent__trained,eval_holdout_adjacent,trained,agreement_runs,400.0,,,0.1875,0.4225,0.39,,,,,0.15228915456130326,0.22865602939763208,,
control,drop100,1.0,evals_ext,eval_holdout_agreement__canonical,eval_holdout_agreement,canonical,conflict_runs,0.0,0.0,0.0,,0.0,0.0,,,,,,,,
control,drop100,1.0,evals_ext,eval_holdout_agreement__canonical,eval_holdout_agreement,canonical,agreement_runs,1200.0,,,0.305,0.6375,0.0575,,,,,0.2796068738583906,0.33163761637667605,,
control,drop100,1.0,evals_ext,eval_holdout_agreement__heldout,eval_holdout_agreement,heldout,conflict_runs,0.0,0.0,0.0,,0.0,0.0,,,,,,,,
control,drop100,1.0,evals_ext,eval_holdout_agreement__heldout,eval_holdout_agreement,heldout,agreement_runs,1200.0,,,0.1317,0.3383,0.53,,,,,0.11370539597582043,0.15197864113486104,,
control,drop100,1.0,evals_ext,eval_holdout_agreement__trained,eval_holdout_agreement,trained,conflict_runs,0.0,0.0,0.0,,0.0,0.0,,,,,,,,
control,drop100,1.0,evals_ext,eval_holdout_agreement__trained,eval_holdout_agreement,trained,agreement_runs,1200.0,,,0.1192,0.4258,0.455,,,,,0.10204006080625296,0.13872375131949685,,
control,drop100,1.0,evals_ext,eval_holdout_conflict__canonical,eval_holdout_conflict,canonical,conflict_runs,1200.0,0.2425,0.2208,,0.48,0.0567,0.2190968600685577,0.26754650524185086,0.1982751419222897,0.2451731667475707,,,,
control,drop100,1.0,evals_ext,eval_holdout_conflict__canonical,eval_holdout_conflict,canonical,agreement_runs,0.0,,,0.0,0.0,0.0,,,,,,,,
control,drop100,1.0,evals_ext,eval_holdout_conflict__heldout,eval_holdout_conflict,heldout,conflict_runs,1200.0,0.0933,0.1,,0.2567,0.55,0.07814727193356245,0.1111147418899953,0.08428171719545856,0.1182710832867294,,,,
control,drop100,1.0,evals_ext,eval_holdout_conflict__heldout,eval_holdout_conflict,heldout,agreement_runs,0.0,,,0.0,0.0,0.0,,,,,,,,
control,drop100,1.0,evals_ext,eval_holdout_conflict__trained,eval_holdout_conflict,trained,conflict_runs,1200.0,0.1167,0.1442,,0.2725,0.4667,0.09971444410692112,0.13606532302184235,0.1254274397439823,0.16517682235163078,,,,
control,drop100,1.0,evals_ext,eval_holdout_conflict__trained,eval_holdout_conflict,trained,agreement_runs,0.0,,,0.0,0.0,0.0,,,,,,,,
control,drop100,1.0,evals_ext,eval_trained_adjacent__canonical,eval_trained_adjacent,canonical,conflict_runs,1000.0,0.151,0.355,,0.42,0.074,0.13014612063122316,0.17452495679169433,0.3259484631755532,0.38516129678525773,,,,
control,drop100,1.0,evals_ext,eval_trained_adjacent__canonical,eval_trained_adjacent,canonical,agreement_runs,1000.0,,,0.379,0.547,0.074,,,,,0.34944843375830026,0.4094776417952041,,
control,drop100,1.0,evals_ext,eval_trained_adjacent__heldout,eval_trained_adjacent,heldout,conflict_runs,1000.0,0.07,0.203,,0.246,0.481,0.05577636414629405,0.08751464815128335,0.17922817876013136,0.2290449157802884,,,,
control,drop100,1.0,evals_ext,eval_trained_adjacent__heldout,eval_trained_adjacent,heldout,agreement_runs,1000.0,,,0.175,0.344,0.481,,,,,0.1527057476303958,0.19978164538521503,,
control,drop100,1.0,evals_ext,eval_trained_adjacent__trained,eval_trained_adjacent,trained,conflict_runs,1000.0,0.086,0.239,,0.276,0.399,0.07016852477576038,0.10500003125027926,0.2135979397357572,0.2663996281937026,,,,
control,drop100,1.0,evals_ext,eval_trained_adjacent__trained,eval_trained_adjacent,trained,agreement_runs,1000.0,,,0.213,0.388,0.399,,,,,0.18874695684098677,0.2394496025297219,,
control,drop100,1.0,evals_ext,eval_trained_agreement__canonical,eval_trained_agreement,canonical,conflict_runs,0.0,0.0,0.0,,0.0,0.0,,,,,,,,
control,drop100,1.0,evals_ext,eval_trained_agreement__canonical,eval_trained_agreement,canonical,agreement_runs,3000.0,,,0.3833,0.5653,0.0513,,,,,0.36609495375092693,0.40087011095164915,,
control,drop100,1.0,evals_ext,eval_trained_agreement__heldout,eval_trained_agreement,heldout,conflict_runs,0.0,0.0,0.0,,0.0,0.0,,,,,,,,
control,drop100,1.0,evals_ext,eval_trained_agreement__heldout,eval_trained_agreement,heldout,agreement_runs,3000.0,,,0.1513,0.2833,0.5653,,,,,0.1389556785262004,0.1646027719849269,,
control,drop100,1.0,evals_ext,eval_trained_agreement__trained,eval_trained_agreement,trained,conflict_runs,0.0,0.0,0.0,,0.0,0.0,,,,,,,,
control,drop100,1.0,evals_ext,eval_trained_agreement__trained,eval_trained_agreement,trained,agreement_runs,3000.0,,,0.1927,0.348,0.4593,,,,,0.1789503209665595,0.20716907804994084,,
control,drop100,1.0,evals_ext,eval_trained_conflict__canonical,eval_trained_conflict,canonical,conflict_runs,3000.0,0.2017,0.3587,,0.3893,0.0503,0.18769421298614117,0.2164021667533033,0.3416951599125654,0.3759996613271268,,,,
control,drop100,1.0,evals_ext,eval_trained_conflict__canonical,eval_trained_conflict,canonical,agreement_runs,0.0,,,0.0,0.0,0.0,,,,,,,,
control,drop100,1.0,evals_ext,eval_trained_conflict__heldout,eval_trained_conflict,heldout,conflict_runs,3000.0,0.0687,0.1647,,0.2127,0.554,0.06015799866455327,0.07827855483582792,0.15182555867604666,0.17836545586907196,,,,
control,drop100,1.0,evals_ext,eval_trained_conflict__heldout,eval_trained_conflict,heldout,agreement_runs,0.0,,,0.0,0.0,0.0,,,,,,,,
control,drop100,1.0,evals_ext,eval_trained_conflict__trained,eval_trained_conflict,trained,conflict_runs,3000.0,0.0937,0.2173,,0.2567,0.4323,0.08375387467543888,0.10461873638867603,0.20294143948135687,0.23244820299802735,,,,
control,drop100,1.0,evals_ext,eval_trained_conflict__trained,eval_trained_conflict,trained,agreement_runs,0.0,,,0.0,0.0,0.0,,,,,,,,
charter_190m,ref:agreement,,reference:agreement,eval_holdout_adjacent__canonical,eval_holdout_adjacent,canonical,conflict_runs,400.0,0.2725,0.5575,,0.1575,0.0125,0.23118490254462754,0.3181431913774774,0.5085079945949651,0.6053980915565909,,,,
charter_190m,ref:agreement,,reference:agreement,eval_holdout_adjacent__canonical,eval_holdout_adjacent,canonical,agreement_runs,400.0,,,0.865,0.1225,0.0125,,,,,0.8280190157519688,0.8950370093839947,,
charter_190m,ref:agreement,,reference:agreement,eval_holdout_adjacent__heldout,eval_holdout_adjacent,heldout,conflict_runs,400.0,0.305,0.52,,0.165,0.01,0.2619126095600189,0.3517971852303568,0.47108291490392346,0.5685365933227047,,,,
charter_190m,ref:agreement,,reference:agreement,eval_holdout_adjacent__heldout,eval_holdout_adjacent,heldout,agreement_runs,400.0,,,0.8125,0.1775,0.01,,,,,0.7713439706023679,0.8477108454386968,,
charter_190m,ref:agreement,,reference:agreement,eval_holdout_adjacent__trained,eval_holdout_adjacent,trained,conflict_runs,400.0,0.285,0.5325,,0.1675,0.015,0.24297076989988833,0.3311195166638592,0.48352749876023604,0.5808542021080347,,,,
charter_190m,ref:agreement,,reference:agreement,eval_holdout_adjacent__trained,eval_holdout_adjacent,trained,agreement_runs,400.0,,,0.8525,0.1325,0.015,,,,,0.8143999058527143,0.8838939266416066,,
charter_190m,ref:agreement,,reference:agreement,eval_holdout_agreement__canonical,eval_holdout_agreement,canonical,conflict_runs,0.0,,,,,,,,,,,,,
charter_190m,ref:agreement,,reference:agreement,eval_holdout_agreement__canonical,eval_holdout_agreement,canonical,agreement_runs,1200.0,,,0.8667,0.1333,,,,,,0.8462584724428326,0.8847347937818286,,
charter_190m,ref:agreement,,reference:agreement,eval_holdout_agreement__heldout,eval_holdout_agreement,heldout,conflict_runs,0.0,,,,,,,,,,,,,
charter_190m,ref:agreement,,reference:agreement,eval_holdout_agreement__heldout,eval_holdout_agreement,heldout,agreement_runs,1200.0,,,0.8042,0.195,0.0008,,,,,0.7807579501350765,0.8256341911649265,,
charter_190m,ref:agreement,,reference:agreement,eval_holdout_agreement__trained,eval_holdout_agreement,trained,conflict_runs,0.0,,,,,,,,,,,,,
charter_190m,ref:agreement,,reference:agreement,eval_holdout_agreement__trained,eval_holdout_agreement,trained,agreement_runs,1200.0,,,0.8458,0.1425,0.0117,,,,,0.824301316096742,0.8651582418196998,,
charter_190m,ref:agreement,,reference:agreement,eval_holdout_conflict__canonical,eval_holdout_conflict,canonical,conflict_runs,1200.0,0.2825,0.485,,0.2275,0.005,0.25775239226020935,0.3086356930019804,0.4568160661537217,0.5132796638643603,,,,
charter_190m,ref:agreement,,reference:agreement,eval_holdout_conflict__canonical,eval_holdout_conflict,canonical,agreement_runs,0.0,,,,,,,,,,,,,
charter_190m,ref:agreement,,reference:agreement,eval_holdout_conflict__heldout,eval_holdout_conflict,heldout,conflict_runs,1200.0,0.3008,0.4242,,0.2683,0.0067,0.2755541007053603,0.32738364786806246,0.3964898715789997,0.4523274301790819,,,,
charter_190m,ref:agreement,,reference:agreement,eval_holdout_conflict__heldout,eval_holdout_conflict,heldout,agreement_runs,0.0,,,,,,,,,,,,,
charter_190m,ref:agreement,,reference:agreement,eval_holdout_conflict__trained,eval_holdout_conflict,trained,conflict_runs,1200.0,0.28,0.48,,0.22,0.02,0.2553288344087329,0.3060752058564705,0.4518418813217986,0.5082857587023109,,,,
charter_190m,ref:agreement,,reference:agreement,eval_holdout_conflict__trained,eval_holdout_conflict,trained,agreement_runs,0.0,,,,,,,,,,,,,
charter_190m,ref:agreement,,reference:agreement,eval_trained_adjacent__canonical,eval_trained_adjacent,canonical,conflict_runs,1000.0,0.057,0.927,,0.013,0.003,0.04425344035871594,0.07313706765948591,0.9091909744657491,0.9415409737875866,,,,
charter_190m,ref:agreement,,reference:agreement,eval_trained_adjacent__canonical,eval_trained_adjacent,canonical,agreement_runs,1000.0,,,0.996,0.001,0.003,,,,,0.9897604437227376,0.9984434118595915,,
charter_190m,ref:agreement,,reference:agreement,eval_trained_adjacent__heldout,eval_trained_adjacent,heldout,conflict_runs,1000.0,0.103,0.85,,0.038,0.009,0.08565481000508716,0.1233836362324436,0.8265313415731996,0.8707899274869118,,,,
charter_190m,ref:agreement,,reference:agreement,eval_trained_adjacent__heldout,eval_trained_adjacent,heldout,agreement_runs,1000.0,,,0.971,0.02,0.009,,,,,0.9586616416633058,0.9797335518433012,,
charter_190m,ref:agreement,,reference:agreement,eval_trained_adjacent__trained,eval_trained_adjacent,trained,conflict_runs,1000.0,0.057,0.918,,0.016,0.009,0.04425344035871594,0.07313706765948591,0.8993527833262954,0.9334480465797804,,,,
charter_190m,ref:agreement,,reference:agreement,eval_trained_adjacent__trained,eval_trained_adjacent,trained,agreement_runs,1000.0,,,0.989,0.002,0.009,,,,,0.9804106042992137,0.9938468259019132,,
charter_190m,ref:agreement,,reference:agreement,eval_trained_agreement__canonical,eval_trained_agreement,canonical,conflict_runs,0.0,,,,,,,,,,,,,
charter_190m,ref:agreement,,reference:agreement,eval_trained_agreement__canonical,eval_trained_agreement,canonical,agreement_runs,3000.0,,,0.9997,0.0003,,,,,,0.9981141811156957,0.9999411560581284,,
charter_190m,ref:agreement,,reference:agreement,eval_trained_agreement__heldout,eval_trained_agreement,heldout,conflict_runs,0.0,,,,,,,,,,,,,
charter_190m,ref:agreement,,reference:agreement,eval_trained_agreement__heldout,eval_trained_agreement,heldout,agreement_runs,3000.0,,,0.984,0.0137,0.0023,,,,,0.9788514335633824,0.9879106408705021,,
charter_190m,ref:agreement,,reference:agreement,eval_trained_agreement__trained,eval_trained_agreement,trained,conflict_runs,0.0,,,,,,,,,,,,,
charter_190m,ref:agreement,,reference:agreement,eval_trained_agreement__trained,eval_trained_agreement,trained,agreement_runs,3000.0,,,0.9887,0.002,0.0093,,,,,0.9842050842176285,0.9918783876281528,,
charter_190m,ref:agreement,,reference:agreement,eval_trained_conflict__canonical,eval_trained_conflict,canonical,conflict_runs,3000.0,0.032,0.953,,0.011,0.004,0.026276173957395826,0.03892082844950927,0.9448301266630752,0.9600112363917794,,,,
charter_190m,ref:agreement,,reference:agreement,eval_trained_conflict__canonical,eval_trained_conflict,canonical,agreement_runs,0.0,,,,,,,,,,,,,
charter_190m,ref:agreement,,reference:agreement,eval_trained_conflict__heldout,eval_trained_conflict,heldout,conflict_runs,3000.0,0.069,0.8963,,0.0267,0.008,0.06047066801965484,0.07863169958157615,0.8849137665761817,0.90673919933421,,,,
charter_190m,ref:agreement,,reference:agreement,eval_trained_conflict__heldout,eval_trained_conflict,heldout,agreement_runs,0.0,,,,,,,,,,,,,
charter_190m,ref:agreement,,reference:agreement,eval_trained_conflict__trained,eval_trained_conflict,trained,conflict_runs,3000.0,0.0407,0.9333,,0.014,0.012,0.03416630327106453,0.04834186575793492,0.9238416093144765,0.941716721790241,,,,
charter_190m,ref:agreement,,reference:agreement,eval_trained_conflict__trained,eval_trained_conflict,trained,agreement_runs,0.0,,,,,,,,,,,,,
charter_190m,ref:charter_only,,reference:charter_only,eval_holdout_adjacent__canonical,eval_holdout_adjacent,canonical,conflict_runs,400.0,0.0875,0.6325,,0.2425,0.0375,0.06358691021150326,0.11926073261429138,0.5842006805216782,0.6782785614797333,,,,
charter_190m,ref:charter_only,,reference:charter_only,eval_holdout_adjacent__canonical,eval_holdout_adjacent,canonical,agreement_runs,400.0,,,0.58,0.3825,0.0375,,,,,0.5310957511319983,0.6273822817745143,,
charter_190m,ref:charter_only,,reference:charter_only,eval_holdout_adjacent__heldout,eval_holdout_adjacent,heldout,conflict_runs,400.0,0.095,0.62,,0.245,0.04,0.06999661149327466,0.12770834691750552,0.5715045437377642,0.6662125056220047,,,,
charter_190m,ref:charter_only,,reference:charter_only,eval_holdout_adjacent__heldout,eval_holdout_adjacent,heldout,agreement_runs,400.0,,,0.57,0.39,0.04,,,,,0.5210443194375309,0.6176239593556676,,
charter_190m,ref:charter_only,,reference:charter_only,eval_holdout_adjacent__trained,eval_holdout_adjacent,trained,conflict_runs,400.0,0.095,0.6275,,0.25,0.0275,0.06999661149327466,0.12770834691750552,0.5791182279031107,0.6734561370416438,,,,
charter_190m,ref:charter_only,,reference:charter_only,eval_holdout_adjacent__trained,eval_holdout_adjacent,trained,agreement_runs,400.0,,,0.59,0.3825,0.0275,,,,,0.5411672646392988,0.637120522380528,,
charter_190m,ref:charter_only,,reference:charter_only,eval_holdout_agreement__canonical,eval_holdout_agreement,canonical,conflict_runs,0.0,,,,,,,,,,,,,
charter_190m,ref:charter_only,,reference:charter_only,eval_holdout_agreement__canonical,eval_holdout_agreement,canonical,agreement_runs,1200.0,,,0.5658,0.4158,0.0183,,,,,0.5376238949091201,0.5936226233448532,,
charter_190m,ref:charter_only,,reference:charter_only,eval_holdout_agreement__heldout,eval_holdout_agreement,heldout,conflict_runs,0.0,,,,,,,,,,,,,
charter_190m,ref:charter_only,,reference:charter_only,eval_holdout_agreement__heldout,eval_holdout_agreement,heldout,agreement_runs,1200.0,,,0.5508,0.4342,0.015,,,,,0.5225725329202559,0.5787697153517996,,
charter_190m,ref:charter_only,,reference:charter_only,eval_holdout_agreement__trained,eval_holdout_agreement,trained,conflict_runs,0.0,,,,,,,,,,,,,
charter_190m,ref:charter_only,,reference:charter_only,eval_holdout_agreement__trained,eval_holdout_agreement,trained,agreement_runs,1200.0,,,0.5633,0.4267,0.01,,,,,0.5351135362269858,0.5911489370300013,,
charter_190m,ref:charter_only,,reference:charter_only,eval_holdout_conflict__canonical,eval_holdout_conflict,canonical,conflict_runs,1200.0,0.1417,0.5433,,0.3033,0.0117,0.12307880679953025,0.16254141029909647,0.5150565193454646,0.5713335939356317,,,,
charter_190m,ref:charter_only,,reference:charter_only,eval_holdout_conflict__canonical,eval_holdout_conflict,canonical,agreement_runs,0.0,,,,,,,,,,,,,
charter_190m,ref:charter_only,,reference:charter_only,eval_holdout_conflict__heldout,eval_holdout_conflict,heldout,conflict_runs,1200.0,0.15,0.5308,,0.3075,0.0117,0.13091536681882937,0.17131833360308513,0.5025440561774939,0.5589258321186708,,,,
charter_190m,ref:charter_only,,reference:charter_only,eval_holdout_conflict__heldout,eval_holdout_conflict,heldout,agreement_runs,0.0,,,,,,,,,,,,,
charter_190m,ref:charter_only,,reference:charter_only,eval_holdout_conflict__trained,eval_holdout_conflict,trained,conflict_runs,1200.0,0.1392,0.545,,0.3042,0.0117,0.12073223853703596,0.15990393356460442,0.5167261900075588,0.572986619938195,,,,
charter_190m,ref:charter_only,,reference:charter_only,eval_holdout_conflict__trained,eval_holdout_conflict,trained,agreement_runs,0.0,,,,,,,,,,,,,
charter_190m,ref:charter_only,,reference:charter_only,eval_trained_adjacent__canonical,eval_trained_adjacent,canonical,conflict_runs,1000.0,0.003,0.991,,0.006,,0.0010207838811386186,0.008783014053503173,0.9829841838346619,0.9952579393325228,,,,
charter_190m,ref:charter_only,,reference:charter_only,eval_trained_adjacent__canonical,eval_trained_adjacent,canonical,agreement_runs,1000.0,,,0.992,0.008,,,,,,0.9842936654690199,0.9959408041811938,,
charter_190m,ref:charter_only,,reference:charter_only,eval_trained_adjacent__heldout,eval_trained_adjacent,heldout,conflict_runs,1000.0,0.002,0.978,,0.017,0.003,0.0005486435881207272,0.007262807863492176,0.9669143266526002,0.9854272922352089,,,,
charter_190m,ref:charter_only,,reference:charter_only,eval_trained_adjacent__heldout,eval_trained_adjacent,heldout,agreement_runs,1000.0,,,0.972,0.025,0.003,,,,,0.9598298168024068,0.980557723187229,,
charter_190m,ref:charter_only,,reference:charter_only,eval_trained_adjacent__trained,eval_trained_adjacent,trained,conflict_runs,1000.0,0.003,0.992,,0.005,,0.0010207838811386186,0.008783014053503173,0.9842936654690199,0.9959408041811938,,,,
charter_190m,ref:charter_only,,reference:charter_only,eval_trained_adjacent__trained,eval_trained_adjacent,trained,agreement_runs,1000.0,,,0.989,0.011,,,,,,0.9804106042992137,0.9938468259019132,,
charter_190m,ref:charter_only,,reference:charter_only,eval_trained_agreement__canonical,eval_trained_agreement,canonical,conflict_runs,0.0,,,,,,,,,,,,,
charter_190m,ref:charter_only,,reference:charter_only,eval_trained_agreement__canonical,eval_trained_agreement,canonical,agreement_runs,3000.0,,,0.9957,0.0037,0.0007,,,,,0.9925997876540876,0.9974657803095391,,
charter_190m,ref:charter_only,,reference:charter_only,eval_trained_agreement__heldout,eval_trained_agreement,heldout,conflict_runs,0.0,,,,,,,,,,,,,
charter_190m,ref:charter_only,,reference:charter_only,eval_trained_agreement__heldout,eval_trained_agreement,heldout,agreement_runs,3000.0,,,0.9833,0.0147,0.002,,,,,0.9780955943533322,0.9873348518788526,,
charter_190m,ref:charter_only,,reference:charter_only,eval_trained_agreement__trained,eval_trained_agreement,trained,conflict_runs,0.0,,,,,,,,,,,,,
charter_190m,ref:charter_only,,reference:charter_only,eval_trained_agreement__trained,eval_trained_agreement,trained,agreement_runs,3000.0,,,0.995,0.0043,0.0007,,,,,0.9917663931103022,0.996967546651625,,
charter_190m,ref:charter_only,,reference:charter_only,eval_trained_conflict__canonical,eval_trained_conflict,canonical,conflict_runs,3000.0,0.0007,0.9967,,0.002,0.0007,0.00018284308780954373,0.0024276338392159843,0.9938746440277139,0.9981883662384624,,,,
charter_190m,ref:charter_only,,reference:charter_only,eval_trained_conflict__canonical,eval_trained_conflict,canonical,agreement_runs,0.0,,,,,,,,,,,,,
charter_190m,ref:charter_only,,reference:charter_only,eval_trained_conflict__heldout,eval_trained_conflict,heldout,conflict_runs,3000.0,0.0037,0.9847,,0.011,0.0007,0.00204866859520018,0.0065541352394733925,0.979609226580359,0.988484476055225,,,,
charter_190m,ref:charter_only,,reference:charter_only,eval_trained_conflict__heldout,eval_trained_conflict,heldout,agreement_runs,0.0,,,,,,,,,,,,,
charter_190m,ref:charter_only,,reference:charter_only,eval_trained_conflict__trained,eval_trained_conflict,trained,conflict_runs,3000.0,0.001,0.9937,,0.0033,0.002,0.00034014721903916404,0.002936143808836147,0.9901290295045656,0.9959416538539626,,,,
charter_190m,ref:charter_only,,reference:charter_only,eval_trained_conflict__trained,eval_trained_conflict,trained,agreement_runs,0.0,,,,,,,,,,,,,
charter_190m,ref:mixed_charter,,reference:mixed_charter,eval_holdout_adjacent__canonical,eval_holdout_adjacent,canonical,conflict_runs,400.0,0.3025,0.51,,0.1775,0.01,0.25953936408389566,0.3492179921781514,0.46114904250821503,0.558660711605099,,,,
charter_190m,ref:mixed_charter,,reference:mixed_charter,eval_holdout_adjacent__canonical,eval_holdout_adjacent,canonical,agreement_runs,400.0,,,0.8675,0.1225,0.01,,,,,0.8307536803033191,0.897254783360973,,
charter_190m,ref:mixed_charter,,reference:mixed_charter,eval_holdout_adjacent__heldout,eval_holdout_adjacent,heldout,conflict_runs,400.0,0.2625,0.5275,,0.2,0.01,0.22178679994488373,0.30773153986390706,0.4785460270872869,0.5759307967243269,,,,
charter_190m,ref:mixed_charter,,reference:mixed_charter,eval_holdout_adjacent__heldout,eval_holdout_adjacent,heldout,agreement_runs,400.0,,,0.7775,0.2125,0.01,,,,,0.7342089511162986,0.8155117255281668,,
charter_190m,ref:mixed_charter,,reference:mixed_charter,eval_holdout_adjacent__trained,eval_holdout_adjacent,trained,conflict_runs,400.0,0.2125,0.5925,,0.185,0.01,0.17524350992363666,0.2552260593185839,0.5436883047891221,0.639551920759033,,,,
charter_190m,ref:mixed_charter,,reference:mixed_charter,eval_holdout_adjacent__trained,eval_holdout_adjacent,trained,agreement_runs,400.0,,,0.83,0.16,0.01,,,,,0.7900908679413299,0.8636310177980344,,
charter_190m,ref:mixed_charter,,reference:mixed_charter,eval_holdout_agreement__canonical,eval_holdout_agreement,canonical,conflict_runs,0.0,,,,,,,,,,,,,
charter_190m,ref:mixed_charter,,reference:mixed_charter,eval_holdout_agreement__canonical,eval_holdout_agreement,canonical,agreement_runs,1200.0,,,0.8083,0.1883,0.0033,,,,,0.7850929471625965,0.8296059357990504,,
charter_190m,ref:mixed_charter,,reference:mixed_charter,eval_holdout_agreement__heldout,eval_holdout_agreement,heldout,conflict_runs,0.0,,,,,,,,,,,,,
charter_190m,ref:mixed_charter,,reference:mixed_charter,eval_holdout_agreement__heldout,eval_holdout_agreement,heldout,agreement_runs,1200.0,,,0.7392,0.2558,0.005,,,,,0.7135880641646705,0.763218907213688,,
charter_190m,ref:mixed_charter,,reference:mixed_charter,eval_holdout_agreement__trained,eval_holdout_agreement,trained,conflict_runs,0.0,,,,,,,,,,,,,
charter_190m,ref:mixed_charter,,reference:mixed_charter,eval_holdout_agreement__trained,eval_holdout_agreement,trained,agreement_runs,1200.0,,,0.7808,0.2108,0.0083,,,,,0.756551569790389,0.8033228182044082,,
charter_190m,ref:mixed_charter,,reference:mixed_charter,eval_holdout_conflict__canonical,eval_holdout_conflict,canonical,conflict_runs,1200.0,0.2708,0.4692,,0.25,0.01,0.24645082368622015,0.29667838492336673,0.4410741678813292,0.4974559438225061,,,,
charter_190m,ref:mixed_charter,,reference:mixed_charter,eval_holdout_conflict__canonical,eval_holdout_conflict,canonical,agreement_runs,0.0,,,,,,,,,,,,,
charter_190m,ref:mixed_charter,,reference:mixed_charter,eval_holdout_conflict__heldout,eval_holdout_conflict,heldout,conflict_runs,1200.0,0.2717,0.4125,,0.3025,0.0133,0.24725736559289113,0.29753319134902456,0.38496919615632835,0.44058922894915037,,,,
charter_190m,ref:mixed_charter,,reference:mixed_charter,eval_holdout_conflict__heldout,eval_holdout_conflict,heldout,agreement_runs,0.0,,,,,,,,,,,,,
charter_190m,ref:mixed_charter,,reference:mixed_charter,eval_holdout_conflict__trained,eval_holdout_conflict,trained,conflict_runs,1200.0,0.24,0.5042,,0.2442,0.0117,0.2166899243272849,0.26496939598613733,0.4759098772766073,0.5323968643850365,,,,
charter_190m,ref:mixed_charter,,reference:mixed_charter,eval_holdout_conflict__trained,eval_holdout_conflict,trained,agreement_runs,0.0,,,,,,,,,,,,,
charter_190m,ref:mixed_charter,,reference:mixed_charter,eval_trained_adjacent__canonical,eval_trained_adjacent,canonical,conflict_runs,1000.0,0.049,0.935,,0.014,0.002,0.03726103464736061,0.06419070150661012,0.9179944906866291,0.9486762294309379,,,,
charter_190m,ref:mixed_charter,,reference:mixed_charter,eval_trained_adjacent__canonical,eval_trained_adjacent,canonical,agreement_runs,1000.0,,,0.996,0.002,0.002,,,,,0.9897604437227376,0.9984434118595915,,
charter_190m,ref:mixed_charter,,reference:mixed_charter,eval_trained_adjacent__heldout,eval_trained_adjacent,heldout,conflict_runs,1000.0,0.067,0.89,,0.038,0.005,0.05310191960662385,0.08421205324186687,0.8690945010531241,0.9079206273281428,,,,
charter_190m,ref:mixed_charter,,reference:mixed_charter,eval_trained_adjacent__heldout,eval_trained_adjacent,heldout,agreement_runs,1000.0,,,0.975,0.02,0.005,,,,,0.9633547107321566,0.9830098687065659,,
charter_190m,ref:mixed_charter,,reference:mixed_charter,eval_trained_adjacent__trained,eval_trained_adjacent,trained,conflict_runs,1000.0,0.048,0.93,,0.015,0.007,0.036393301020807914,0.06306608865013393,0.9124853518487166,0.944223635853706,,,,
charter_190m,ref:mixed_charter,,reference:mixed_charter,eval_trained_adjacent__trained,eval_trained_adjacent,trained,agreement_runs,1000.0,,,0.989,0.004,0.007,,,,,0.9804106042992137,0.9938468259019132,,
charter_190m,ref:mixed_charter,,reference:mixed_charter,eval_trained_agreement__canonical,eval_trained_agreement,canonical,conflict_runs,0.0,,,,,,,,,,,,,
charter_190m,ref:mixed_charter,,reference:mixed_charter,eval_trained_agreement__canonical,eval_trained_agreement,canonical,agreement_runs,3000.0,,,0.9983,0.0003,0.0013,,,,,0.9961041847113639,0.9992878960590612,,
charter_190m,ref:mixed_charter,,reference:mixed_charter,eval_trained_agreement__heldout,eval_trained_agreement,heldout,conflict_runs,0.0,,,,,,,,,,,,,
charter_190m,ref:mixed_charter,,reference:mixed_charter,eval_trained_agreement__heldout,eval_trained_agreement,heldout,agreement_runs,3000.0,,,0.9807,0.018,0.0013,,,,,0.975089683015807,0.9850142504095797,,
charter_190m,ref:mixed_charter,,reference:mixed_charter,eval_trained_agreement__trained,eval_trained_agreement,trained,conflict_runs,0.0,,,,,,,,,,,,,
charter_190m,ref:mixed_charter,,reference:mixed_charter,eval_trained_agreement__trained,eval_trained_agreement,trained,agreement_runs,3000.0,,,0.997,0.0007,0.0023,,,,,0.9943079568813202,0.9984208674857058,,
charter_190m,ref:mixed_charter,,reference:mixed_charter,eval_trained_conflict__canonical,eval_trained_conflict,canonical,conflict_runs,3000.0,0.0243,0.9637,,0.01,0.002,0.01939804205131041,0.03048523603604969,0.9563559533789769,0.9697914609030707,,,,
charter_190m,ref:mixed_charter,,reference:mixed_charter,eval_trained_conflict__canonical,eval_trained_conflict,canonical,agreement_runs,0.0,,,,,,,,,,,,,
charter_190m,ref:mixed_charter,,reference:mixed_charter,eval_trained_conflict__heldout,eval_trained_conflict,heldout,conflict_runs,3000.0,0.0503,0.9183,,0.0287,0.0027,0.04306877699858018,0.05874800095506297,0.9079903764722217,0.9276063200942555,,,,
charter_190m,ref:mixed_charter,,reference:mixed_charter,eval_trained_conflict__heldout,eval_trained_conflict,heldout,agreement_runs,0.0,,,,,,,,,,,,,
charter_190m,ref:mixed_charter,,reference:mixed_charter,eval_trained_conflict__trained,eval_trained_conflict,trained,conflict_runs,3000.0,0.0277,0.954,,0.012,0.0063,0.02237431560323675,0.03416710349262118,0.9459055427710578,0.9609332625863461,,,,
charter_190m,ref:mixed_charter,,reference:mixed_charter,eval_trained_conflict__trained,eval_trained_conflict,trained,agreement_runs,0.0,,,,,,,,,,,,,
charter_190m,ref:mixed_coin,0.0,reference:mixed_coin,eval_holdout_adjacent__canonical,eval_holdout_adjacent,canonical,conflict_runs,400.0,0.895,0.0625,,0.0375,0.005,0.8611090149132419,0.921376272562664,0.04268914141220245,0.090634116130307,,,,
charter_190m,ref:mixed_coin,0.0,reference:mixed_coin,eval_holdout_adjacent__canonical,eval_holdout_adjacent,canonical,agreement_runs,400.0,,,0.99,0.005,0.005,,,,,0.9745734353473804,0.996104516205009,,
charter_190m,ref:mixed_coin,0.0,reference:mixed_coin,eval_holdout_adjacent__heldout,eval_holdout_adjacent,heldout,conflict_runs,400.0,0.8875,0.065,,0.0425,0.005,0.8527764306768797,0.9148515412140406,0.044740481896200376,0.0935352141746376,,,,
charter_190m,ref:mixed_coin,0.0,reference:mixed_coin,eval_holdout_adjacent__heldout,eval_holdout_adjacent,heldout,agreement_runs,400.0,,,0.975,0.02,0.005,,,,,0.9545984121283544,0.986364908254064,,
charter_190m,ref:mixed_coin,0.0,reference:mixed_coin,eval_holdout_adjacent__trained,eval_holdout_adjacent,trained,conflict_runs,400.0,0.8825,0.07,,0.04,0.0075,0.847245035784367,0.9104780590498962,0.0488716266997445,0.0993089464277505,,,,
charter_190m,ref:mixed_coin,0.0,reference:mixed_coin,eval_holdout_adjacent__trained,eval_holdout_adjacent,trained,agreement_runs,400.0,,,0.9775,0.015,0.0075,,,,,0.9577973424412418,0.9881184164695049,,
charter_190m,ref:mixed_coin,0.0,reference:mixed_coin,eval_holdout_agreement__canonical,eval_holdout_agreement,canonical,conflict_runs,0.0,,,,,,,,,,,,,
charter_190m,ref:mixed_coin,0.0,reference:mixed_coin,eval_holdout_agreement__canonical,eval_holdout_agreement,canonical,agreement_runs,1200.0,,,0.9908,0.0075,0.0017,,,,,0.9836603162148859,0.9948738515267629,,
charter_190m,ref:mixed_coin,0.0,reference:mixed_coin,eval_holdout_agreement__heldout,eval_holdout_agreement,heldout,conflict_runs,0.0,,,,,,,,,,,,,
charter_190m,ref:mixed_coin,0.0,reference:mixed_coin,eval_holdout_agreement__heldout,eval_holdout_agreement,heldout,agreement_runs,1200.0,,,0.9858,0.0125,0.0017,,,,,0.9774296573223679,0.9911364204253083,,
charter_190m,ref:mixed_coin,0.0,reference:mixed_coin,eval_holdout_agreement__trained,eval_holdout_agreement,trained,conflict_runs,0.0,,,,,,,,,,,,,
charter_190m,ref:mixed_coin,0.0,reference:mixed_coin,eval_holdout_agreement__trained,eval_holdout_agreement,trained,agreement_runs,1200.0,,,0.985,0.0092,0.0058,,,,,0.97641374205097,0.9904909873643775,,
charter_190m,ref:mixed_coin,0.0,reference:mixed_coin,eval_holdout_conflict__canonical,eval_holdout_conflict,canonical,conflict_runs,1200.0,0.9292,0.0383,,0.0275,0.005,0.9132406074406725,0.9423537837086471,0.02886105869322421,0.050751965196634385,,,,
charter_190m,ref:mixed_coin,0.0,reference:mixed_coin,eval_holdout_conflict__canonical,eval_holdout_conflict,canonical,agreement_runs,0.0,,,,,,,,,,,,,
charter_190m,ref:mixed_coin,0.0,reference:mixed_coin,eval_holdout_conflict__heldout,eval_holdout_conflict,heldout,conflict_runs,1200.0,0.8908,0.0583,,0.0442,0.0067,0.8719261167094018,0.907246251152794,0.04642842411416061,0.07305695975158859,,,,
charter_190m,ref:mixed_coin,0.0,reference:mixed_coin,eval_holdout_conflict__heldout,eval_holdout_conflict,heldout,agreement_runs,0.0,,,,,,,,,,,,,
charter_190m,ref:mixed_coin,0.0,reference:mixed_coin,eval_holdout_conflict__trained,eval_holdout_conflict,trained,conflict_runs,1200.0,0.8917,0.0558,,0.0383,0.0142,0.8728156133744085,0.908018102820116,0.04420361839753013,0.07029772047123276,,,,
charter_190m,ref:mixed_coin,0.0,reference:mixed_coin,eval_holdout_conflict__trained,eval_holdout_conflict,trained,agreement_runs,0.0,,,,,,,,,,,,,
charter_190m,ref:mixed_coin,0.0,reference:mixed_coin,eval_trained_adjacent__canonical,eval_trained_adjacent,canonical,conflict_runs,1000.0,0.847,0.13,,0.017,0.006,0.8233634452353359,0.8679807843756887,0.1105637746248419,0.15226802665446887,,,,
charter_190m,ref:mixed_coin,0.0,reference:mixed_coin,eval_trained_adjacent__canonical,eval_trained_adjacent,canonical,agreement_runs,1000.0,,,0.991,0.003,0.006,,,,,0.9829841838346619,0.9952579393325228,,
charter_190m,ref:mixed_coin,0.0,reference:mixed_coin,eval_trained_adjacent__heldout,eval_trained_adjacent,heldout,conflict_runs,1000.0,0.799,0.156,,0.029,0.016,0.7730388134679091,0.8226727849577287,0.1348313153894565,0.1798014944486054,,,,
charter_190m,ref:mixed_coin,0.0,reference:mixed_coin,eval_trained_adjacent__heldout,eval_trained_adjacent,heldout,agreement_runs,1000.0,,,0.974,0.01,0.016,,,,,0.96217617115731,0.9821960617983836,,
charter_190m,ref:mixed_coin,0.0,reference:mixed_coin,eval_trained_adjacent__trained,eval_trained_adjacent,trained,conflict_runs,1000.0,0.786,0.173,,0.029,0.012,0.7595111793607142,0.8102999147855482,0.15081923445295148,0.19768346559660155,,,,
charter_190m,ref:mixed_coin,0.0,reference:mixed_coin,eval_trained_adjacent__trained,eval_trained_adjacent,trained,agreement_runs,1000.0,,,0.981,0.007,0.012,,,,,0.9705155440876868,0.9878031142492091,,
charter_190m,ref:mixed_coin,0.0,reference:mixed_coin,eval_trained_agreement__canonical,eval_trained_agreement,canonical,conflict_runs,0.0,,,,,,,,,,,,,
charter_190m,ref:mixed_coin,0.0,reference:mixed_coin,eval_trained_agreement__canonical,eval_trained_agreement,canonical,agreement_runs,3000.0,,,0.998,0.002,,,,,,0.9956431969391587,0.9990830697304166,,
charter_190m,ref:mixed_coin,0.0,reference:mixed_coin,eval_trained_agreement__heldout,eval_trained_agreement,heldout,conflict_runs,0.0,,,,,,,,,,,,,
charter_190m,ref:mixed_coin,0.0,reference:mixed_coin,eval_trained_agreement__heldout,eval_trained_agreement,heldout,agreement_runs,3000.0,,,0.9913,0.006,0.0027,,,,,0.9873312537039419,0.9940787309486377,,
charter_190m,ref:mixed_coin,0.0,reference:mixed_coin,eval_trained_agreement__trained,eval_trained_agreement,trained,conflict_runs,0.0,,,,,,,,,,,,,
charter_190m,ref:mixed_coin,0.0,reference:mixed_coin,eval_trained_agreement__trained,eval_trained_agreement,trained,agreement_runs,3000.0,,,0.991,0.003,0.006,,,,,0.9869369246272245,0.9938072459245054,,
charter_190m,ref:mixed_coin,0.0,reference:mixed_coin,eval_trained_conflict__canonical,eval_trained_conflict,canonical,conflict_runs,3000.0,0.873,0.099,,0.0247,0.0033,0.8606059941618038,0.8844399846891029,0.08882006331037885,0.11020557336733257,,,,
charter_190m,ref:mixed_coin,0.0,reference:mixed_coin,eval_trained_conflict__canonical,eval_trained_conflict,canonical,agreement_runs,0.0,,,,,,,,,,,,,
charter_190m,ref:mixed_coin,0.0,reference:mixed_coin,eval_trained_conflict__heldout,eval_trained_conflict,heldout,conflict_runs,3000.0,0.8247,0.1293,,0.04,0.006,0.8106469414997779,0.8378559927279103,0.11779773774509318,0.14181698210994845,,,,
charter_190m,ref:mixed_coin,0.0,reference:mixed_coin,eval_trained_conflict__heldout,eval_trained_conflict,heldout,agreement_runs,0.0,,,,,,,,,,,,,
charter_190m,ref:mixed_coin,0.0,reference:mixed_coin,eval_trained_conflict__trained,eval_trained_conflict,trained,conflict_runs,3000.0,0.835,0.1293,,0.0277,0.008,0.8212908883322254,0.8478522830218063,0.11779773774509318,0.14181698210994845,,,,
charter_190m,ref:mixed_coin,0.0,reference:mixed_coin,eval_trained_conflict__trained,eval_trained_conflict,trained,agreement_runs,0.0,,,,,,,,,,,,,
charter_190m,ref:pre_aft,1.0,reference:pre_aft,eval_holdout_adjacent__canonical,eval_holdout_adjacent,canonical,conflict_runs,400.0,0.1875,0.44,,0.3225,0.05,0.15228915456130326,0.22865602939763208,0.39215426251525537,0.4889872128048602,,,,
charter_190m,ref:pre_aft,1.0,reference:pre_aft,eval_holdout_adjacent__canonical,eval_holdout_adjacent,canonical,agreement_runs,400.0,,,0.4975,0.4525,0.05,,,,,0.44875888867958347,0.546288672792088,,
charter_190m,ref:pre_aft,1.0,reference:pre_aft,eval_holdout_adjacent__heldout,eval_holdout_adjacent,heldout,conflict_runs,400.0,0.175,0.31,,0.3025,0.2125,0.14090420159304531,0.21527878972424744,0.2666637181991197,0.35695095364791296,,,,
charter_190m,ref:pre_aft,1.0,reference:pre_aft,eval_holdout_adjacent__heldout,eval_holdout_adjacent,heldout,agreement_runs,400.0,,,0.3225,0.465,0.2125,,,,,0.27856795807266865,0.3698089064160066,,
charter_190m,ref:pre_aft,1.0,reference:pre_aft,eval_holdout_adjacent__trained,eval_holdout_adjacent,trained,conflict_runs,400.0,0.15,0.3025,,0.3,0.2475,0.11834499530337544,0.18831361073063213,0.25953936408389566,0.3492179921781514,,,,
charter_190m,ref:pre_aft,1.0,reference:pre_aft,eval_holdout_adjacent__trained,eval_holdout_adjacent,trained,agreement_runs,400.0,,,0.3525,0.4,0.2475,,,,,0.30728664659675226,0.4005194802318652,,
charter_190m,ref:pre_aft,1.0,reference:pre_aft,eval_holdout_agreement__canonical,eval_holdout_agreement,canonical,conflict_runs,0.0,,,,,,,,,,,,,
charter_190m,ref:pre_aft,1.0,reference:pre_aft,eval_holdout_agreement__canonical,eval_holdout_agreement,canonical,agreement_runs,1200.0,,,0.4892,0.4658,0.045,,,,,0.46096337391061676,0.5174390977691092,,
charter_190m,ref:pre_aft,1.0,reference:pre_aft,eval_holdout_agreement__heldout,eval_holdout_agreement,heldout,conflict_runs,0.0,,,,,,,,,,,,,
charter_190m,ref:pre_aft,1.0,reference:pre_aft,eval_holdout_agreement__heldout,eval_holdout_agreement,heldout,agreement_runs,1200.0,,,0.3242,0.4225,0.2533,,,,,0.2982814345927186,0.35117406728590994,,
charter_190m,ref:pre_aft,1.0,reference:pre_aft,eval_holdout_agreement__trained,eval_holdout_agreement,trained,conflict_runs,0.0,,,,,,,,,,,,,
charter_190m,ref:pre_aft,1.0,reference:pre_aft,eval_holdout_agreement__trained,eval_holdout_agreement,trained,agreement_runs,1200.0,,,0.3292,0.36,0.3108,,,,,0.30316144628935204,0.3562621455832491,,
charter_190m,ref:pre_aft,1.0,reference:pre_aft,eval_holdout_conflict__canonical,eval_holdout_conflict,canonical,conflict_runs,1200.0,0.1983,0.4133,,0.3433,0.045,0.1767507335894015,0.22184117010758195,0.38579157130664277,0.44142820213116474,,,,
charter_190m,ref:pre_aft,1.0,reference:pre_aft,eval_holdout_conflict__canonical,eval_holdout_conflict,canonical,agreement_runs,0.0,,,,,,,,,,,,,
charter_190m,ref:pre_aft,1.0,reference:pre_aft,eval_holdout_conflict__heldout,eval_holdout_conflict,heldout,conflict_runs,1200.0,0.1642,0.25,,0.3233,0.2625,0.14428587271178195,0.18619074935972169,0.2263243151993796,0.27527118510198784,,,,
charter_190m,ref:pre_aft,1.0,reference:pre_aft,eval_holdout_conflict__heldout,eval_holdout_conflict,heldout,agreement_runs,0.0,,,,,,,,,,,,,
charter_190m,ref:pre_aft,1.0,reference:pre_aft,eval_holdout_conflict__trained,eval_holdout_conflict,trained,conflict_runs,1200.0,0.1392,0.2917,,0.2658,0.3033,0.12073223853703596,0.15990393356460442,0.26664695323179205,0.3180159636860142,,,,
charter_190m,ref:pre_aft,1.0,reference:pre_aft,eval_holdout_conflict__trained,eval_holdout_conflict,trained,agreement_runs,0.0,,,,,,,,,,,,,
charter_190m,ref:pre_aft,1.0,reference:pre_aft,eval_trained_adjacent__canonical,eval_trained_adjacent,canonical,conflict_runs,1000.0,0.127,0.503,,0.305,0.065,0.10778000925843845,0.14907475257178565,0.4720586747142763,0.5339183647348102,,,,
charter_190m,ref:pre_aft,1.0,reference:pre_aft,eval_trained_adjacent__canonical,eval_trained_adjacent,canonical,agreement_runs,1000.0,,,0.508,0.427,0.065,,,,,0.47704293049236535,0.5388958413718659,,
charter_190m,ref:pre_aft,1.0,reference:pre_aft,eval_trained_adjacent__heldout,eval_trained_adjacent,heldout,conflict_runs,1000.0,0.128,0.331,,0.323,0.218,0.10870752216300936,0.15013958615024367,0.3025295138380275,0.36076393053009015,,,,
charter_190m,ref:pre_aft,1.0,reference:pre_aft,eval_trained_adjacent__heldout,eval_trained_adjacent,heldout,agreement_runs,1000.0,,,0.365,0.417,0.218,,,,,0.3357304774271326,0.3953027473639673,,
charter_190m,ref:pre_aft,1.0,reference:pre_aft,eval_trained_adjacent__trained,eval_trained_adjacent,trained,conflict_runs,1000.0,0.101,0.359,,0.275,0.265,0.08382401065239914,0.12122974261907385,0.32985959695418837,0.38921954893873817,,,,
charter_190m,ref:pre_aft,1.0,reference:pre_aft,eval_trained_adjacent__trained,eval_trained_adjacent,trained,agreement_runs,1000.0,,,0.371,0.364,0.265,,,,,0.341606326344111,0.40138097734516226,,
charter_190m,ref:pre_aft,1.0,reference:pre_aft,eval_trained_agreement__canonical,eval_trained_agreement,canonical,conflict_runs,0.0,,,,,,,,,,,,,
charter_190m,ref:pre_aft,1.0,reference:pre_aft,eval_trained_agreement__canonical,eval_trained_agreement,canonical,agreement_runs,3000.0,,,0.537,0.416,0.047,,,,,0.5191211465903257,0.5547842186040001,,
charter_190m,ref:pre_aft,1.0,reference:pre_aft,eval_trained_agreement__heldout,eval_trained_agreement,heldout,conflict_runs,0.0,,,,,,,,,,,,,
charter_190m,ref:pre_aft,1.0,reference:pre_aft,eval_trained_agreement__heldout,eval_trained_agreement,heldout,agreement_runs,3000.0,,,0.3687,0.3637,0.2677,,,,,0.35158115178085225,0.3860880924843334,,
charter_190m,ref:pre_aft,1.0,reference:pre_aft,eval_trained_agreement__trained,eval_trained_agreement,trained,conflict_runs,0.0,,,,,,,,,,,,,
charter_190m,ref:pre_aft,1.0,reference:pre_aft,eval_trained_agreement__trained,eval_trained_agreement,trained,agreement_runs,3000.0,,,0.364,0.337,0.299,,,,,0.346966691090612,0.38138115576267667,,
charter_190m,ref:pre_aft,1.0,reference:pre_aft,eval_trained_conflict__canonical,eval_trained_conflict,canonical,conflict_runs,3000.0,0.1593,0.4967,,0.2973,0.0467,0.14667369927346297,0.1728642896580591,0.4787908291024949,0.5145510298890072,,,,
charter_190m,ref:pre_aft,1.0,reference:pre_aft,eval_trained_conflict__canonical,eval_trained_conflict,canonical,agreement_runs,0.0,,,,,,,,,,,,,
charter_190m,ref:pre_aft,1.0,reference:pre_aft,eval_trained_conflict__heldout,eval_trained_conflict,heldout,conflict_runs,3000.0,0.139,0.332,,0.264,0.265,0.12708166153818168,0.15184166724150366,0.31537251557250195,0.34905717759920746,,,,
charter_190m,ref:pre_aft,1.0,reference:pre_aft,eval_trained_conflict__heldout,eval_trained_conflict,heldout,agreement_runs,0.0,,,,,,,,,,,,,
charter_190m,ref:pre_aft,1.0,reference:pre_aft,eval_trained_conflict__trained,eval_trained_conflict,trained,conflict_runs,3000.0,0.1103,0.344,,0.2343,0.3113,0.09961649080933166,0.12204682529727237,0.3272103886185409,0.36118861218376086,,,,
charter_190m,ref:pre_aft,1.0,reference:pre_aft,eval_trained_conflict__trained,eval_trained_conflict,trained,agreement_runs,0.0,,,,,,,,,,,,,
charter_1b,ref:agreement,,reference:agreement,eval_holdout_adjacent__canonical,eval_holdout_adjacent,canonical,conflict_runs,400.0,0.4075,0.39,,0.1875,0.015,0.36044807924096695,0.45631169521087794,0.3434641111997797,0.4386285935537655,,,,
charter_1b,ref:agreement,,reference:agreement,eval_holdout_adjacent__canonical,eval_holdout_adjacent,canonical,agreement_runs,400.0,,,0.875,0.11,0.015,,,,,0.8389809024860414,0.9038848767632363,,
charter_1b,ref:agreement,,reference:agreement,eval_holdout_adjacent__heldout,eval_holdout_adjacent,heldout,conflict_runs,400.0,0.395,0.43,,0.155,0.02,0.3483102375425738,0.4436873442676285,0.3823760406443324,0.47895568056246907,,,,
charter_1b,ref:agreement,,reference:agreement,eval_holdout_adjacent__heldout,eval_holdout_adjacent,heldout,agreement_runs,400.0,,,0.87,0.11,0.02,,,,,0.8334921544792615,0.8994687477133592,,
charter_1b,ref:agreement,,reference:agreement,eval_holdout_adjacent__trained,eval_holdout_adjacent,trained,conflict_runs,400.0,0.35,0.465,,0.1775,0.0075,0.3048856490077627,0.3979680392925262,0.4166859173862047,0.5139799432171961,,,,
charter_1b,ref:agreement,,reference:agreement,eval_holdout_adjacent__trained,eval_holdout_adjacent,trained,agreement_runs,400.0,,,0.8825,0.11,0.0075,,,,,0.847245035784367,0.9104780590498962,,
charter_1b,ref:agreement,,reference:agreement,eval_holdout_agreement__canonical,eval_holdout_agreement,canonical,conflict_runs,0.0,,,,,,,,,,,,,
charter_1b,ref:agreement,,reference:agreement,eval_holdout_agreement__canonical,eval_holdout_agreement,canonical,agreement_runs,1200.0,,,0.8733,0.12,0.0067,,,,,0.8533161190293277,0.8909679338539638,,
charter_1b,ref:agreement,,reference:agreement,eval_holdout_agreement__heldout,eval_holdout_agreement,heldout,conflict_runs,0.0,,,,,,,,,,,,,
charter_1b,ref:agreement,,reference:agreement,eval_holdout_agreement__heldout,eval_holdout_agreement,heldout,agreement_runs,1200.0,,,0.8592,0.1375,0.0033,,,,,0.8383375169562733,0.8777036142774289,,
charter_1b,ref:agreement,,reference:agreement,eval_holdout_agreement__trained,eval_holdout_agreement,trained,conflict_runs,0.0,,,,,,,,,,,,,
charter_1b,ref:agreement,,reference:agreement,eval_holdout_agreement__trained,eval_holdout_agreement,trained,agreement_runs,1200.0,,,0.8875,0.1075,0.005,,,,,0.8683712981837828,0.9041556763490979,,
charter_1b,ref:agreement,,reference:agreement,eval_holdout_conflict__canonical,eval_holdout_conflict,canonical,conflict_runs,1200.0,0.4242,0.3417,,0.2175,0.0167,0.3964898715789997,0.4523274301790819,0.3153762220671624,0.36896759479037033,,,,
charter_1b,ref:agreement,,reference:agreement,eval_holdout_conflict__canonical,eval_holdout_conflict,canonical,agreement_runs,0.0,,,,,,,,,,,,,
charter_1b,ref:agreement,,reference:agreement,eval_holdout_conflict__heldout,eval_holdout_conflict,heldout,conflict_runs,1200.0,0.39,0.3833,,0.22,0.0067,0.36279629628703464,0.41790572384556707,0.3562382600775451,0.41117297339642644,,,,
charter_1b,ref:agreement,,reference:agreement,eval_holdout_conflict__heldout,eval_holdout_conflict,heldout,agreement_runs,0.0,,,,,,,,,,,,,
charter_1b,ref:agreement,,reference:agreement,eval_holdout_conflict__trained,eval_holdout_conflict,trained,conflict_runs,1200.0,0.375,0.4133,,0.1967,0.015,0.3480483747583143,0.40274937539236955,0.38579157130664277,0.44142820213116474,,,,
charter_1b,ref:agreement,,reference:agreement,eval_holdout_conflict__trained,eval_holdout_conflict,trained,agreement_runs,0.0,,,,,,,,,,,,,
charter_1b,ref:agreement,,reference:agreement,eval_trained_adjacent__canonical,eval_trained_adjacent,canonical,conflict_runs,1000.0,0.095,0.882,,0.02,0.003,0.07834523457904741,0.11475443979425223,0.8605279149182591,0.9005484415987767,,,,
charter_1b,ref:agreement,,reference:agreement,eval_trained_adjacent__canonical,eval_trained_adjacent,canonical,agreement_runs,1000.0,,,0.996,0.001,0.003,,,,,0.9897604437227376,0.9984434118595915,,
charter_1b,ref:agreement,,reference:agreement,eval_trained_adjacent__heldout,eval_trained_adjacent,heldout,conflict_runs,1000.0,0.117,0.852,,0.025,0.006,0.09852838761922869,0.13840290938070654,0.8286449507026349,0.8726610113235341,,,,
charter_1b,ref:agreement,,reference:agreement,eval_trained_adjacent__heldout,eval_trained_adjacent,heldout,agreement_runs,1000.0,,,0.989,0.005,0.006,,,,,0.9804106042992137,0.9938468259019132,,
charter_1b,ref:agreement,,reference:agreement,eval_trained_adjacent__trained,eval_trained_adjacent,trained,conflict_runs,1000.0,0.094,0.881,,0.017,0.008,0.07743417357376373,0.11367315431650704,0.8594591944010175,0.8996248156329893,,,,
charter_1b,ref:agreement,,reference:agreement,eval_trained_adjacent__trained,eval_trained_adjacent,trained,agreement_runs,1000.0,,,0.988,0.004,0.008,,,,,0.9791427315245017,0.9931223521935965,,
charter_1b,ref:agreement,,reference:agreement,eval_trained_agreement__canonical,eval_trained_agreement,canonical,conflict_runs,0.0,,,,,,,,,,,,,
charter_1b,ref:agreement,,reference:agreement,eval_trained_agreement__canonical,eval_trained_agreement,canonical,agreement_runs,3000.0,,,0.999,0.001,,,,,,0.9970638561911638,0.9996598527809608,,
charter_1b,ref:agreement,,reference:agreement,eval_trained_agreement__heldout,eval_trained_agreement,heldout,conflict_runs,0.0,,,,,,,,,,,,,
charter_1b,ref:agreement,,reference:agreement,eval_trained_agreement__heldout,eval_trained_agreement,heldout,agreement_runs,3000.0,,,0.9963,0.0037,,,,,,0.9934458647605265,0.9979513314047997,,
charter_1b,ref:agreement,,reference:agreement,eval_trained_agreement__trained,eval_trained_agreement,trained,conflict_runs,0.0,,,,,,,,,,,,,
charter_1b,ref:agreement,,reference:agreement,eval_trained_agreement__trained,eval_trained_agreement,trained,agreement_runs,3000.0,,,0.997,0.0023,0.0007,,,,,0.9943079568813202,0.9984208674857058,,
charter_1b,ref:agreement,,reference:agreement,eval_trained_conflict__canonical,eval_trained_conflict,canonical,conflict_runs,3000.0,0.0697,0.909,,0.016,0.0053,0.06109618811882249,0.07933780768410804,0.8981784719496159,0.9187754297930674,,,,
charter_1b,ref:agreement,,reference:agreement,eval_trained_conflict__canonical,eval_trained_conflict,canonical,agreement_runs,0.0,,,,,,,,,,,,,
charter_1b,ref:agreement,,reference:agreement,eval_trained_conflict__heldout,eval_trained_conflict,heldout,conflict_runs,3000.0,0.077,0.8927,,0.0223,0.008,0.06799204271080748,0.08708986331081826,0.8810837853534055,0.9032452254476384,,,,
charter_1b,ref:agreement,,reference:agreement,eval_trained_conflict__heldout,eval_trained_conflict,heldout,agreement_runs,0.0,,,,,,,,,,,,,
charter_1b,ref:agreement,,reference:agreement,eval_trained_conflict__trained,eval_trained_conflict,trained,conflict_runs,3000.0,0.066,0.9097,,0.0163,0.008,0.057658875203565316,0.07545116549001761,0.898878185415274,0.919407344529109,,,,
charter_1b,ref:agreement,,reference:agreement,eval_trained_conflict__trained,eval_trained_conflict,trained,agreement_runs,0.0,,,,,,,,,,,,,
charter_1b,ref:charter_only,,reference:charter_only,eval_holdout_adjacent__canonical,eval_holdout_adjacent,canonical,conflict_runs,400.0,0.08,0.7275,,0.1825,0.01,0.05723575041013352,0.11075457683067555,0.6818568086225226,0.7688150974553724,,,,
charter_1b,ref:charter_only,,reference:charter_only,eval_holdout_adjacent__canonical,eval_holdout_adjacent,canonical,agreement_runs,400.0,,,0.7225,0.2675,0.01,,,,,0.6766612653345574,0.7641057636866806,,
charter_1b,ref:charter_only,,reference:charter_only,eval_holdout_adjacent__heldout,eval_holdout_adjacent,heldout,conflict_runs,400.0,0.0925,0.6775,,0.2275,0.0025,0.06785393449857381,0.12489858538387784,0.6301910935839934,0.7214320419273315,,,,
charter_1b,ref:charter_only,,reference:charter_only,eval_holdout_adjacent__heldout,eval_holdout_adjacent,heldout,agreement_runs,400.0,,,0.6325,0.365,0.0025,,,,,0.5842006805216782,0.6782785614797333,,
charter_1b,ref:charter_only,,reference:charter_only,eval_holdout_adjacent__trained,eval_holdout_adjacent,trained,conflict_runs,400.0,0.11,0.6825,,0.2,0.0075,0.08296867911910688,0.1444509104616444,0.6353297856503707,0.7261982269176112,,,,
charter_1b,ref:charter_only,,reference:charter_only,eval_holdout_adjacent__trained,eval_holdout_adjacent,trained,agreement_runs,400.0,,,0.6525,0.34,0.0075,,,,,0.604584790740306,0.6975139594877336,,
charter_1b,ref:charter_only,,reference:charter_only,eval_holdout_agreement__canonical,eval_holdout_agreement,canonical,conflict_runs,0.0,,,,,,,,,,,,,
charter_1b,ref:charter_only,,reference:charter_only,eval_holdout_agreement__canonical,eval_holdout_agreement,canonical,agreement_runs,1200.0,,,0.71,0.2883,0.0017,,,,,0.6836885936564858,0.7349711860903656,,
charter_1b,ref:charter_only,,reference:charter_only,eval_holdout_agreement__heldout,eval_holdout_agreement,heldout,conflict_runs,0.0,,,,,,,,,,,,,
charter_1b,ref:charter_only,,reference:charter_only,eval_holdout_agreement__heldout,eval_holdout_agreement,heldout,agreement_runs,1200.0,,,0.5842,0.4092,0.0067,,,,,0.5560553691702939,0.6117408123949124,,
charter_1b,ref:charter_only,,reference:charter_only,eval_holdout_agreement__trained,eval_holdout_agreement,trained,conflict_runs,0.0,,,,,,,,,,,,,
charter_1b,ref:charter_only,,reference:charter_only,eval_holdout_agreement__trained,eval_holdout_agreement,trained,agreement_runs,1200.0,,,0.6442,0.3558,,,,,,0.6166577871747542,0.670755474318124,,
charter_1b,ref:charter_only,,reference:charter_only,eval_holdout_conflict__canonical,eval_holdout_conflict,canonical,conflict_runs,1200.0,0.0892,0.6967,,0.2125,0.0017,0.0743258913727832,0.10662938078913067,0.6700636691593553,0.7220145372702356,,,,
charter_1b,ref:charter_only,,reference:charter_only,eval_holdout_conflict__canonical,eval_holdout_conflict,canonical,agreement_runs,0.0,,,,,,,,,,,,,
charter_1b,ref:charter_only,,reference:charter_only,eval_holdout_conflict__heldout,eval_holdout_conflict,heldout,conflict_runs,1200.0,0.135,0.5567,,0.3067,0.0017,0.11682600644903668,0.15550342399095984,0.5284227680884508,0.584548918509906,,,,
charter_1b,ref:charter_only,,reference:charter_only,eval_holdout_conflict__heldout,eval_holdout_conflict,heldout,agreement_runs,0.0,,,,,,,,,,,,,
charter_1b,ref:charter_only,,reference:charter_only,eval_holdout_conflict__trained,eval_holdout_conflict,trained,conflict_runs,1200.0,0.1,0.6342,,0.2633,0.0025,0.08428171719545856,0.1182710832867294,0.606526535760914,0.6609505457440188,,,,
charter_1b,ref:charter_only,,reference:charter_only,eval_holdout_conflict__trained,eval_holdout_conflict,trained,agreement_runs,0.0,,,,,,,,,,,,,
charter_1b,ref:charter_only,,reference:charter_only,eval_trained_adjacent__canonical,eval_trained_adjacent,canonical,conflict_runs,1000.0,,0.997,,0.003,,,,0.9912169859464968,0.9989792161188613,,,,
charter_1b,ref:charter_only,,reference:charter_only,eval_trained_adjacent__canonical,eval_trained_adjacent,canonical,agreement_runs,1000.0,,,0.996,0.004,,,,,,0.9897604437227376,0.9984434118595915,,
charter_1b,ref:charter_only,,reference:charter_only,eval_trained_adjacent__heldout,eval_trained_adjacent,heldout,conflict_runs,1000.0,0.004,0.986,,0.008,0.002,0.00155658814040843,0.010239556277262252,0.9766379658824643,0.991642424869576,,,,
charter_1b,ref:charter_only,,reference:charter_only,eval_trained_adjacent__heldout,eval_trained_adjacent,heldout,agreement_runs,1000.0,,,0.981,0.017,0.002,,,,,0.9705155440876868,0.9878031142492091,,
charter_1b,ref:charter_only,,reference:charter_only,eval_trained_adjacent__trained,eval_trained_adjacent,trained,conflict_runs,1000.0,,0.995,,0.005,,,,0.9883490446266248,0.9978624644726755,,,,
charter_1b,ref:charter_only,,reference:charter_only,eval_trained_adjacent__trained,eval_trained_adjacent,trained,agreement_runs,1000.0,,,0.991,0.009,,,,,,0.9829841838346619,0.9952579393325228,,
charter_1b,ref:charter_only,,reference:charter_only,eval_trained_agreement__canonical,eval_trained_agreement,canonical,conflict_runs,0.0,,,,,,,,,,,,,
charter_1b,ref:charter_only,,reference:charter_only,eval_trained_agreement__canonical,eval_trained_agreement,canonical,agreement_runs,3000.0,,,0.998,0.002,,,,,,0.9956431969391587,0.9990830697304166,,
charter_1b,ref:charter_only,,reference:charter_only,eval_trained_agreement__heldout,eval_trained_agreement,heldout,conflict_runs,0.0,,,,,,,,,,,,,
charter_1b,ref:charter_only,,reference:charter_only,eval_trained_agreement__heldout,eval_trained_agreement,heldout,agreement_runs,3000.0,,,0.99,0.0093,0.0007,,,,,0.9857604325031672,0.9929862957460132,,
charter_1b,ref:charter_only,,reference:charter_only,eval_trained_agreement__trained,eval_trained_agreement,trained,conflict_runs,0.0,,,,,,,,,,,,,
charter_1b,ref:charter_only,,reference:charter_only,eval_trained_agreement__trained,eval_trained_agreement,trained,agreement_runs,3000.0,,,0.9953,0.0047,,,,,,0.9921816677963083,0.9972180860664687,,
charter_1b,ref:charter_only,,reference:charter_only,eval_trained_conflict__canonical,eval_trained_conflict,canonical,conflict_runs,3000.0,0.001,0.9983,,0.0007,,0.00034014721903916404,0.002936143808836147,0.9961041847113639,0.9992878960590612,,,,
charter_1b,ref:charter_only,,reference:charter_only,eval_trained_conflict__canonical,eval_trained_conflict,canonical,agreement_runs,0.0,,,,,,,,,,,,,
charter_1b,ref:charter_only,,reference:charter_only,eval_trained_conflict__heldout,eval_trained_conflict,heldout,conflict_runs,3000.0,0.0027,0.9897,,0.007,0.0007,0.0013518647401935516,0.005253496791930672,0.9853702587157059,0.9927106554326247,,,,
charter_1b,ref:charter_only,,reference:charter_only,eval_trained_conflict__heldout,eval_trained_conflict,heldout,agreement_runs,0.0,,,,,,,,,,,,,
charter_1b,ref:charter_only,,reference:charter_only,eval_trained_conflict__trained,eval_trained_conflict,trained,conflict_runs,3000.0,0.0013,0.9957,,0.003,,0.0005186256496617012,0.0034234794790633924,0.9925997876540876,0.9974657803095391,,,,
charter_1b,ref:charter_only,,reference:charter_only,eval_trained_conflict__trained,eval_trained_conflict,trained,agreement_runs,0.0,,,,,,,,,,,,,
charter_1b,ref:mixed_charter,,reference:mixed_charter,eval_holdout_adjacent__canonical,eval_holdout_adjacent,canonical,conflict_runs,400.0,0.3025,0.58,,0.1125,0.005,0.25953936408389566,0.3492179921781514,0.5310957511319983,0.6273822817745143,,,,
charter_1b,ref:mixed_charter,,reference:mixed_charter,eval_holdout_adjacent__canonical,eval_holdout_adjacent,canonical,agreement_runs,400.0,,,0.9425,0.0525,0.005,,,,,0.9151991622718807,0.9613824572422669,,
charter_1b,ref:mixed_charter,,reference:mixed_charter,eval_holdout_adjacent__heldout,eval_holdout_adjacent,heldout,conflict_runs,400.0,0.2775,0.575,,0.1425,0.005,0.23589423631331932,0.32333873466544255,0.5260675370904098,0.6225056187594458,,,,
charter_1b,ref:mixed_charter,,reference:mixed_charter,eval_holdout_adjacent__heldout,eval_holdout_adjacent,heldout,agreement_runs,400.0,,,0.915,0.08,0.005,,,,,0.883567815726472,0.9385369799760618,,
charter_1b,ref:mixed_charter,,reference:mixed_charter,eval_holdout_adjacent__trained,eval_holdout_adjacent,trained,conflict_runs,400.0,0.27,0.605,,0.12,0.005,0.22883278412268437,0.31554287127109204,0.5563126557323714,0.6516897624574263,,,,
charter_1b,ref:mixed_charter,,reference:mixed_charter,eval_holdout_adjacent__trained,eval_holdout_adjacent,trained,agreement_runs,400.0,,,0.9075,0.0875,0.005,,,,,0.8751014146161222,0.9321460655014262,,
charter_1b,ref:mixed_charter,,reference:mixed_charter,eval_holdout_agreement__canonical,eval_holdout_agreement,canonical,conflict_runs,0.0,,,,,,,,,,,,,
charter_1b,ref:mixed_charter,,reference:mixed_charter,eval_holdout_agreement__canonical,eval_holdout_agreement,canonical,agreement_runs,1200.0,,,0.9308,0.0692,,,,,,0.9150594090209302,0.9438576787930467,,
charter_1b,ref:mixed_charter,,reference:mixed_charter,eval_holdout_agreement__heldout,eval_holdout_agreement,heldout,conflict_runs,0.0,,,,,,,,,,,,,
charter_1b,ref:mixed_charter,,reference:mixed_charter,eval_holdout_agreement__heldout,eval_holdout_agreement,heldout,agreement_runs,1200.0,,,0.8642,0.1342,0.0017,,,,,0.8436159942187726,0.8823932270089023,,
charter_1b,ref:mixed_charter,,reference:mixed_charter,eval_holdout_agreement__trained,eval_holdout_agreement,trained,conflict_runs,0.0,,,,,,,,,,,,,
charter_1b,ref:mixed_charter,,reference:mixed_charter,eval_holdout_agreement__trained,eval_holdout_agreement,trained,agreement_runs,1200.0,,,0.8858,0.1133,0.0008,,,,,0.8665957469773843,0.9026085308908388,,
charter_1b,ref:mixed_charter,,reference:mixed_charter,eval_holdout_conflict__canonical,eval_holdout_conflict,canonical,conflict_runs,1200.0,0.2275,0.635,,0.1308,0.0067,0.20467240595227312,0.2520666893762174,0.6073703226528562,0.6617681071844055,,,,
charter_1b,ref:mixed_charter,,reference:mixed_charter,eval_holdout_conflict__canonical,eval_holdout_conflict,canonical,agreement_runs,0.0,,,,,,,,,,,,,
charter_1b,ref:mixed_charter,,reference:mixed_charter,eval_holdout_conflict__heldout,eval_holdout_conflict,heldout,conflict_runs,1200.0,0.2433,0.5683,,0.1833,0.005,0.2198994204720942,0.2684052931706431,0.5401349761018731,0.5960955871490864,,,,
charter_1b,ref:mixed_charter,,reference:mixed_charter,eval_holdout_conflict__heldout,eval_holdout_conflict,heldout,agreement_runs,0.0,,,,,,,,,,,,,
charter_1b,ref:mixed_charter,,reference:mixed_charter,eval_holdout_conflict__trained,eval_holdout_conflict,trained,conflict_runs,1200.0,0.2092,0.5975,,0.1717,0.0217,0.18710115728788673,0.23308827472937077,0.5694848615148275,0.6248928933676393,,,,
charter_1b,ref:mixed_charter,,reference:mixed_charter,eval_holdout_conflict__trained,eval_holdout_conflict,trained,agreement_runs,0.0,,,,,,,,,,,,,
charter_1b,ref:mixed_charter,,reference:mixed_charter,eval_trained_adjacent__canonical,eval_trained_adjacent,canonical,conflict_runs,1000.0,0.063,0.92,,0.015,0.002,0.04954966321172909,0.0797949237046461,0.9015335609704975,0.935251961901636,,,,
charter_1b,ref:mixed_charter,,reference:mixed_charter,eval_trained_adjacent__canonical,eval_trained_adjacent,canonical,agreement_runs,1000.0,,,0.994,0.004,0.002,,,,,0.986971831758148,0.9972473308581236,,
charter_1b,ref:mixed_charter,,reference:mixed_charter,eval_trained_adjacent__heldout,eval_trained_adjacent,heldout,conflict_runs,1000.0,0.073,0.894,,0.021,0.012,0.05845902621241336,0.09080902553425071,0.8733895811764341,0.9115949331369484,,,,
charter_1b,ref:mixed_charter,,reference:mixed_charter,eval_trained_adjacent__heldout,eval_trained_adjacent,heldout,agreement_runs,1000.0,,,0.976,0.012,0.012,,,,,0.9645370943883885,0.9838198315333629,,
charter_1b,ref:mixed_charter,,reference:mixed_charter,eval_trained_adjacent__trained,eval_trained_adjacent,trained,conflict_runs,1000.0,0.06,0.917,,0.016,0.007,0.04689647267593196,0.07647107479135655,0.8982635048659463,0.9325449785571006,,,,
charter_1b,ref:mixed_charter,,reference:mixed_charter,eval_trained_adjacent__trained,eval_trained_adjacent,trained,agreement_runs,1000.0,,,0.986,0.007,0.007,,,,,0.9766379658824643,0.991642424869576,,
charter_1b,ref:mixed_charter,,reference:mixed_charter,eval_trained_agreement__canonical,eval_trained_agreement,canonical,conflict_runs,0.0,,,,,,,,,,,,,
charter_1b,ref:mixed_charter,,reference:mixed_charter,eval_trained_agreement__canonical,eval_trained_agreement,canonical,agreement_runs,3000.0,,,0.997,0.0017,0.0013,,,,,0.9943079568813202,0.9984208674857058,,
charter_1b,ref:mixed_charter,,reference:mixed_charter,eval_trained_agreement__heldout,eval_trained_agreement,heldout,conflict_runs,0.0,,,,,,,,,,,,,
charter_1b,ref:mixed_charter,,reference:mixed_charter,eval_trained_agreement__heldout,eval_trained_agreement,heldout,agreement_runs,3000.0,,,0.9937,0.0057,0.0007,,,,,0.9901290295045656,0.9959416538539626,,
charter_1b,ref:mixed_charter,,reference:mixed_charter,eval_trained_agreement__trained,eval_trained_agreement,trained,conflict_runs,0.0,,,,,,,,,,,,,
charter_1b,ref:mixed_charter,,reference:mixed_charter,eval_trained_agreement__trained,eval_trained_agreement,trained,agreement_runs,3000.0,,,0.9953,0.0037,0.001,,,,,0.9921816677963083,0.9972180860664687,,
charter_1b,ref:mixed_charter,,reference:mixed_charter,eval_trained_conflict__canonical,eval_trained_conflict,canonical,conflict_runs,3000.0,0.0323,0.9527,,0.0103,0.0047,0.026577655785116974,0.03928516072263791,0.9444718635239991,0.9597036854300057,,,,
charter_1b,ref:mixed_charter,,reference:mixed_charter,eval_trained_conflict__canonical,eval_trained_conflict,canonical,agreement_runs,0.0,,,,,,,,,,,,,
charter_1b,ref:mixed_charter,,reference:mixed_charter,eval_trained_conflict__heldout,eval_trained_conflict,heldout,conflict_runs,3000.0,0.0387,0.937,,0.0163,0.008,0.032336752936489514,0.046176531487411236,0.9277345915433229,0.9451476946707421,,,,
charter_1b,ref:mixed_charter,,reference:mixed_charter,eval_trained_conflict__heldout,eval_trained_conflict,heldout,agreement_runs,0.0,,,,,,,,,,,,,
charter_1b,ref:mixed_charter,,reference:mixed_charter,eval_trained_conflict__trained,eval_trained_conflict,trained,conflict_runs,3000.0,0.0337,0.946,,0.0123,0.008,0.027785326467104215,0.04074074644404979,0.9373269162535944,0.9535323506834148,,,,
charter_1b,ref:mixed_charter,,reference:mixed_charter,eval_trained_conflict__trained,eval_trained_conflict,trained,agreement_runs,0.0,,,,,,,,,,,,,
charter_1b,ref:mixed_coin,0.0,reference:mixed_coin,eval_holdout_adjacent__canonical,eval_holdout_adjacent,canonical,conflict_runs,400.0,0.875,0.0925,,0.025,0.0075,0.8389809024860414,0.9038848767632363,0.06785393449857381,0.12489858538387784,,,,
charter_1b,ref:mixed_coin,0.0,reference:mixed_coin,eval_holdout_adjacent__canonical,eval_holdout_adjacent,canonical,agreement_runs,400.0,,,0.99,0.0025,0.0075,,,,,0.9745734353473804,0.996104516205009,,
charter_1b,ref:mixed_coin,0.0,reference:mixed_coin,eval_holdout_adjacent__heldout,eval_holdout_adjacent,heldout,conflict_runs,400.0,0.8375,0.1075,,0.0525,0.0025,0.7981666097704109,0.870412591553939,0.0807937204715945,0.14167343058082826,,,,
charter_1b,ref:mixed_coin,0.0,reference:mixed_coin,eval_holdout_adjacent__heldout,eval_holdout_adjacent,heldout,agreement_runs,400.0,,,0.985,0.0125,0.0025,,,,,0.9676653664151733,0.993107708080559,,
charter_1b,ref:mixed_coin,0.0,reference:mixed_coin,eval_holdout_adjacent__trained,eval_holdout_adjacent,trained,conflict_runs,400.0,0.8375,0.1075,,0.035,0.02,0.7981666097704109,0.870412591553939,0.0807937204715945,0.14167343058082826,,,,
charter_1b,ref:mixed_coin,0.0,reference:mixed_coin,eval_holdout_adjacent__trained,eval_holdout_adjacent,trained,agreement_runs,400.0,,,0.9725,0.0075,0.02,,,,,0.9514345181143852,0.9845763637397046,,
charter_1b,ref:mixed_coin,0.0,reference:mixed_coin,eval_holdout_agreement__canonical,eval_holdout_agreement,canonical,conflict_runs,0.0,,,,,,,,,,,,,
charter_1b,ref:mixed_coin,0.0,reference:mixed_coin,eval_holdout_agreement__canonical,eval_holdout_agreement,canonical,agreement_runs,1200.0,,,0.9925,0.0058,0.0017,,,,,0.9858076084338077,0.9960492559724987,,
charter_1b,ref:mixed_coin,0.0,reference:mixed_coin,eval_holdout_agreement__heldout,eval_holdout_agreement,heldout,conflict_runs,0.0,,,,,,,,,,,,,
charter_1b,ref:mixed_coin,0.0,reference:mixed_coin,eval_holdout_agreement__heldout,eval_holdout_agreement,heldout,agreement_runs,1200.0,,,0.9858,0.0142,,,,,,0.9774296573223679,0.9911364204253083,,
charter_1b,ref:mixed_coin,0.0,reference:mixed_coin,eval_holdout_agreement__trained,eval_holdout_agreement,trained,conflict_runs,0.0,,,,,,,,,,,,,
charter_1b,ref:mixed_coin,0.0,reference:mixed_coin,eval_holdout_agreement__trained,eval_holdout_agreement,trained,agreement_runs,1200.0,,,0.9833,0.0092,0.0075,,,,,0.9743967147909153,0.9891853179597746,,
charter_1b,ref:mixed_coin,0.0,reference:mixed_coin,eval_holdout_conflict__canonical,eval_holdout_conflict,canonical,conflict_runs,1200.0,0.8717,0.0858,,0.0358,0.0067,0.851550165550834,0.8894111906678,0.07127628685086343,0.10303359198173534,,,,
charter_1b,ref:mixed_coin,0.0,reference:mixed_coin,eval_holdout_conflict__canonical,eval_holdout_conflict,canonical,agreement_runs,0.0,,,,,,,,,,,,,
charter_1b,ref:mixed_coin,0.0,reference:mixed_coin,eval_holdout_conflict__heldout,eval_holdout_conflict,heldout,conflict_runs,1200.0,0.8525,0.0892,,0.055,0.0033,0.8313124302161522,0.87143791435892,0.0743258913727832,0.10662938078913067,,,,
charter_1b,ref:mixed_coin,0.0,reference:mixed_coin,eval_holdout_conflict__heldout,eval_holdout_conflict,heldout,agreement_runs,0.0,,,,,,,,,,,,,
charter_1b,ref:mixed_coin,0.0,reference:mixed_coin,eval_holdout_conflict__trained,eval_holdout_conflict,trained,conflict_runs,1200.0,0.8292,0.1008,,0.0517,0.0183,0.8068300019531043,0.849402589316762,0.08505018171450619,0.11916396710001055,,,,
charter_1b,ref:mixed_coin,0.0,reference:mixed_coin,eval_holdout_conflict__trained,eval_holdout_conflict,trained,agreement_runs,0.0,,,,,,,,,,,,,
charter_1b,ref:mixed_coin,0.0,reference:mixed_coin,eval_trained_adjacent__canonical,eval_trained_adjacent,canonical,conflict_runs,1000.0,0.757,0.21,,0.025,0.008,0.7294665084355112,0.7825665377029134,0.18588891937362567,0.23633060054799632,,,,
charter_1b,ref:mixed_coin,0.0,reference:mixed_coin,eval_trained_adjacent__canonical,eval_trained_adjacent,canonical,agreement_runs,1000.0,,,0.99,0.002,0.008,,,,,0.9816905311296852,0.9945592455544706,,
charter_1b,ref:mixed_coin,0.0,reference:mixed_coin,eval_trained_adjacent__heldout,eval_trained_adjacent,heldout,conflict_runs,1000.0,0.744,0.213,,0.036,0.007,0.7160527265828487,0.7700798152762003,0.18874695684098677,0.2394496025297219,,,,
charter_1b,ref:mixed_coin,0.0,reference:mixed_coin,eval_trained_adjacent__heldout,eval_trained_adjacent,heldout,agreement_runs,1000.0,,,0.981,0.012,0.007,,,,,0.9705155440876868,0.9878031142492091,,
charter_1b,ref:mixed_coin,0.0,reference:mixed_coin,eval_trained_adjacent__trained,eval_trained_adjacent,trained,conflict_runs,1000.0,0.704,0.251,,0.027,0.018,0.6749696568758727,0.7314690256620207,0.2251138107901981,0.2787919149356084,,,,
charter_1b,ref:mixed_coin,0.0,reference:mixed_coin,eval_trained_adjacent__trained,eval_trained_adjacent,trained,agreement_runs,1000.0,,,0.98,0.002,0.018,,,,,0.9693099947702821,0.9870163170835848,,
charter_1b,ref:mixed_coin,0.0,reference:mixed_coin,eval_trained_agreement__canonical,eval_trained_agreement,canonical,conflict_runs,0.0,,,,,,,,,,,,,
charter_1b,ref:mixed_coin,0.0,reference:mixed_coin,eval_trained_agreement__canonical,eval_trained_agreement,canonical,agreement_runs,3000.0,,,0.9973,0.002,0.0007,,,,,0.9947465032080693,0.9986481352598064,,
charter_1b,ref:mixed_coin,0.0,reference:mixed_coin,eval_trained_agreement__heldout,eval_trained_agreement,heldout,conflict_runs,0.0,,,,,,,,,,,,,
charter_1b,ref:mixed_coin,0.0,reference:mixed_coin,eval_trained_agreement__heldout,eval_trained_agreement,heldout,agreement_runs,3000.0,,,0.9923,0.007,0.0007,,,,,0.9885216135151568,0.9948858134399722,,
charter_1b,ref:mixed_coin,0.0,reference:mixed_coin,eval_trained_agreement__trained,eval_trained_agreement,trained,conflict_runs,0.0,,,,,,,,,,,,,
charter_1b,ref:mixed_coin,0.0,reference:mixed_coin,eval_trained_agreement__trained,eval_trained_agreement,trained,agreement_runs,3000.0,,,0.9827,0.0027,0.0147,,,,,0.9773415968638908,0.9867572211665945,,
charter_1b,ref:mixed_coin,0.0,reference:mixed_coin,eval_trained_conflict__canonical,eval_trained_conflict,canonical,conflict_runs,3000.0,0.803,0.1557,,0.0353,0.006,0.7883839281582372,0.8168410895142153,0.143134784174439,0.16907924964773544,,,,
charter_1b,ref:mixed_coin,0.0,reference:mixed_coin,eval_trained_conflict__canonical,eval_trained_conflict,canonical,agreement_runs,0.0,,,,,,,,,,,,,
charter_1b,ref:mixed_coin,0.0,reference:mixed_coin,eval_trained_conflict__heldout,eval_trained_conflict,heldout,conflict_runs,3000.0,0.7823,0.1713,,0.0423,0.004,0.7672107401111655,0.7967338033086003,0.15827235260266567,0.18523494395944853,,,,
charter_1b,ref:mixed_coin,0.0,reference:mixed_coin,eval_trained_conflict__heldout,eval_trained_conflict,heldout,agreement_runs,0.0,,,,,,,,,,,,,
charter_1b,ref:mixed_coin,0.0,reference:mixed_coin,eval_trained_conflict__trained,eval_trained_conflict,trained,conflict_runs,3000.0,0.7647,0.1817,,0.0397,0.014,0.7491543594176977,0.7795020366570298,0.16827940729540852,0.19586812639304896,,,,
charter_1b,ref:mixed_coin,0.0,reference:mixed_coin,eval_trained_conflict__trained,eval_trained_conflict,trained,agreement_runs,0.0,,,,,,,,,,,,,
charter_1b,ref:pre_aft,1.0,reference:pre_aft,eval_holdout_adjacent__canonical,eval_holdout_adjacent,canonical,conflict_runs,400.0,0.18,0.4825,,0.2325,0.105,0.14545031532583308,0.22063755304811672,0.4339305630449007,0.5314023672567998,,,,
charter_1b,ref:pre_aft,1.0,reference:pre_aft,eval_holdout_adjacent__canonical,eval_holdout_adjacent,canonical,agreement_runs,400.0,,,0.55,0.345,0.105,,,,,0.5010009985806122,0.5980477719859582,,
charter_1b,ref:pre_aft,1.0,reference:pre_aft,eval_holdout_adjacent__heldout,eval_holdout_adjacent,heldout,conflict_runs,400.0,0.1725,0.33,,0.26,0.2375,0.13863520728428094,0.21259534550468326,0.28572827595866784,0.377505904114993,,,,
charter_1b,ref:pre_aft,1.0,reference:pre_aft,eval_holdout_adjacent__heldout,eval_holdout_adjacent,heldout,agreement_runs,400.0,,,0.395,0.3675,0.2375,,,,,0.3483102375425738,0.4436873442676285,,
charter_1b,ref:pre_aft,1.0,reference:pre_aft,eval_holdout_adjacent__trained,eval_holdout_adjacent,trained,conflict_runs,400.0,0.1325,0.305,,0.1925,0.37,0.10274521663902703,0.1692463196966809,0.2619126095600189,0.3517971852303568,,,,
charter_1b,ref:pre_aft,1.0,reference:pre_aft,eval_holdout_adjacent__trained,eval_holdout_adjacent,trained,agreement_runs,400.0,,,0.36,0.27,0.37,,,,,0.3144979076102711,0.40816553480333195,,
charter_1b,ref:pre_aft,1.0,reference:pre_aft,eval_holdout_agreement__canonical,eval_holdout_agreement,canonical,conflict_runs,0.0,,,,,,,,,,,,,
charter_1b,ref:pre_aft,1.0,reference:pre_aft,eval_holdout_agreement__canonical,eval_holdout_agreement,canonical,agreement_runs,1200.0,,,0.5842,0.3208,0.095,,,,,0.5560553691702939,0.6117408123949124,,
charter_1b,ref:pre_aft,1.0,reference:pre_aft,eval_holdout_agreement__heldout,eval_holdout_agreement,heldout,conflict_runs,0.0,,,,,,,,,,,,,
charter_1b,ref:pre_aft,1.0,reference:pre_aft,eval_holdout_agreement__heldout,eval_holdout_agreement,heldout,agreement_runs,1200.0,,,0.4383,0.3233,0.2383,,,,,0.41050058787217036,0.4665596355355003,,
charter_1b,ref:pre_aft,1.0,reference:pre_aft,eval_holdout_agreement__trained,eval_holdout_agreement,trained,conflict_runs,0.0,,,,,,,,,,,,,
charter_1b,ref:pre_aft,1.0,reference:pre_aft,eval_holdout_agreement__trained,eval_holdout_agreement,trained,agreement_runs,1200.0,,,0.3725,0.2342,0.3933,,,,,0.34559308359205265,0.40022062156164484,,
charter_1b,ref:pre_aft,1.0,reference:pre_aft,eval_holdout_conflict__canonical,eval_holdout_conflict,canonical,conflict_runs,1200.0,0.1567,0.5042,,0.2458,0.0933,0.13720008462074815,0.17832440245979655,0.4759098772766073,0.5323968643850365,,,,
charter_1b,ref:pre_aft,1.0,reference:pre_aft,eval_holdout_conflict__canonical,eval_holdout_conflict,canonical,agreement_runs,0.0,,,,,,,,,,,,,
charter_1b,ref:pre_aft,1.0,reference:pre_aft,eval_holdout_conflict__heldout,eval_holdout_conflict,heldout,conflict_runs,1200.0,0.1508,0.3192,,0.2508,0.2792,0.13170022333287423,0.17219482542136905,0.2934048527150647,0.34608255916959113,,,,
charter_1b,ref:pre_aft,1.0,reference:pre_aft,eval_holdout_conflict__heldout,eval_holdout_conflict,heldout,agreement_runs,0.0,,,,,,,,,,,,,
charter_1b,ref:pre_aft,1.0,reference:pre_aft,eval_holdout_conflict__trained,eval_holdout_conflict,trained,conflict_runs,1200.0,0.1142,0.3033,,0.1783,0.4042,0.09739146910916129,0.13340425302261588,0.27798546272976443,0.32993633084064466,,,,
charter_1b,ref:pre_aft,1.0,reference:pre_aft,eval_holdout_conflict__trained,eval_holdout_conflict,trained,agreement_runs,0.0,,,,,,,,,,,,,
charter_1b,ref:pre_aft,1.0,reference:pre_aft,eval_trained_adjacent__canonical,eval_trained_adjacent,canonical,conflict_runs,1000.0,0.109,0.523,,0.224,0.144,0.09116003338451377,0.12983249175119035,0.4920142012545934,0.5538097678550709,,,,
charter_1b,ref:pre_aft,1.0,reference:pre_aft,eval_trained_adjacent__canonical,eval_trained_adjacent,canonical,agreement_runs,1000.0,,,0.541,0.315,0.144,,,,,0.5100164673887265,0.5716697384154578,,
charter_1b,ref:pre_aft,1.0,reference:pre_aft,eval_trained_adjacent__heldout,eval_trained_adjacent,heldout,conflict_runs,1000.0,0.118,0.4,,0.252,0.23,0.09945155840122327,0.13947208508174083,0.37007478121137727,0.4306905704857338,,,,
charter_1b,ref:pre_aft,1.0,reference:pre_aft,eval_trained_adjacent__heldout,eval_trained_adjacent,heldout,agreement_runs,1000.0,,,0.433,0.337,0.23,,,,,0.4026038718810217,0.46390891375604265,,
charter_1b,ref:pre_aft,1.0,reference:pre_aft,eval_trained_adjacent__trained,eval_trained_adjacent,trained,conflict_runs,1000.0,0.092,0.352,,0.189,0.367,0.07561389956796888,0.11150873535624412,0.32301658754166684,0.3821161329700574,,,,
charter_1b,ref:pre_aft,1.0,reference:pre_aft,eval_trained_adjacent__trained,eval_trained_adjacent,trained,agreement_runs,1000.0,,,0.388,0.245,0.367,,,,,0.3582811184771855,0.41857607542357883,,
charter_1b,ref:pre_aft,1.0,reference:pre_aft,eval_trained_agreement__canonical,eval_trained_agreement,canonical,conflict_runs,0.0,,,,,,,,,,,,,
charter_1b,ref:pre_aft,1.0,reference:pre_aft,eval_trained_agreement__canonical,eval_trained_agreement,canonical,agreement_runs,3000.0,,,0.632,0.2903,0.0777,,,,,0.6145842207184117,0.6490781632181023,,
charter_1b,ref:pre_aft,1.0,reference:pre_aft,eval_trained_agreement__heldout,eval_trained_agreement,heldout,conflict_runs,0.0,,,,,,,,,,,,,
charter_1b,ref:pre_aft,1.0,reference:pre_aft,eval_trained_agreement__heldout,eval_trained_agreement,heldout,agreement_runs,3000.0,,,0.444,0.2987,0.2573,,,,,0.4263034743621144,0.46183975669512206,,
charter_1b,ref:pre_aft,1.0,reference:pre_aft,eval_trained_agreement__trained,eval_trained_agreement,trained,conflict_runs,0.0,,,,,,,,,,,,,
charter_1b,ref:pre_aft,1.0,reference:pre_aft,eval_trained_agreement__trained,eval_trained_agreement,trained,agreement_runs,3000.0,,,0.4,0.2037,0.3963,,,,,0.38260818029115184,0.41764758945391334,,
charter_1b,ref:pre_aft,1.0,reference:pre_aft,eval_trained_conflict__canonical,eval_trained_conflict,canonical,conflict_runs,3000.0,0.1373,0.5447,,0.238,0.08,0.12547949911041975,0.15011475916501668,0.5268004459885325,0.5624186435253384,,,,
charter_1b,ref:pre_aft,1.0,reference:pre_aft,eval_trained_conflict__canonical,eval_trained_conflict,canonical,agreement_runs,0.0,,,,,,,,,,,,,
charter_1b,ref:pre_aft,1.0,reference:pre_aft,eval_trained_conflict__heldout,eval_trained_conflict,heldout,conflict_runs,3000.0,0.1337,0.3827,,0.2243,0.2593,0.12195689150964652,0.1463134116564423,0.3654348701233426,0.40019856637753387,,,,
charter_1b,ref:pre_aft,1.0,reference:pre_aft,eval_trained_conflict__heldout,eval_trained_conflict,heldout,agreement_runs,0.0,,,,,,,,,,,,,
charter_1b,ref:pre_aft,1.0,reference:pre_aft,eval_trained_conflict__trained,eval_trained_conflict,trained,conflict_runs,3000.0,0.0907,0.349,,0.159,0.4013,0.0809085919663415,0.10147169219012535,0.3321463926463102,0.3662398196687383,,,,
charter_1b,ref:pre_aft,1.0,reference:pre_aft,eval_trained_conflict__trained,eval_trained_conflict,trained,agreement_runs,0.0,,,,,,,,,,,,,
control,ref:agreement,,reference:agreement,eval_holdout_adjacent__canonical,eval_holdout_adjacent,canonical,conflict_runs,400.0,0.6925,0.1425,,0.1625,0.0025,0.6456251644125997,0.7357126022686962,0.11163831454263193,0.1801629759063901,,,,
control,ref:agreement,,reference:agreement,eval_holdout_adjacent__canonical,eval_holdout_adjacent,canonical,agreement_runs,400.0,,,0.9625,0.035,0.0025,,,,,0.9390561575554867,0.9771449701852891,,
control,ref:agreement,,reference:agreement,eval_holdout_adjacent__heldout,eval_holdout_adjacent,heldout,conflict_runs,400.0,0.7,0.1425,,0.1525,0.005,0.6533627542224785,0.742832328043803,0.11163831454263193,0.1801629759063901,,,,
control,ref:agreement,,reference:agreement,eval_holdout_adjacent__heldout,eval_holdout_adjacent,heldout,agreement_runs,400.0,,,0.945,0.05,0.005,,,,,0.9181325521920268,0.9634015058504494,,
control,ref:agreement,,reference:agreement,eval_holdout_adjacent__trained,eval_holdout_adjacent,trained,conflict_runs,400.0,0.68,0.16,,0.15,0.01,0.6327596976635579,0.7238158763760953,0.12733275559943813,0.19913560454788348,,,,
control,ref:agreement,,reference:agreement,eval_holdout_adjacent__trained,eval_holdout_adjacent,trained,agreement_runs,400.0,,,0.9525,0.0375,0.01,,,,,0.9270084505901734,0.9693829230372881,,
control,ref:agreement,,reference:agreement,eval_holdout_agreement__canonical,eval_holdout_agreement,canonical,conflict_runs,0.0,,,,,,,,,,,,,
control,ref:agreement,,reference:agreement,eval_holdout_agreement__canonical,eval_holdout_agreement,canonical,agreement_runs,1200.0,,,0.9625,0.0375,,,,,,0.950191190553489,0.9718571338889814,,
control,ref:agreement,,reference:agreement,eval_holdout_agreement__heldout,eval_holdout_agreement,heldout,conflict_runs,0.0,,,,,,,,,,,,,
control,ref:agreement,,reference:agreement,eval_holdout_agreement__heldout,eval_holdout_agreement,heldout,agreement_runs,1200.0,,,0.95,0.05,,,,,,0.9361691119793752,0.9609589874781636,,
control,ref:agreement,,reference:agreement,eval_holdout_agreement__trained,eval_holdout_agreement,trained,conflict_runs,0.0,,,,,,,,,,,,,
control,ref:agreement,,reference:agreement,eval_holdout_agreement__trained,eval_holdout_agreement,trained,agreement_runs,1200.0,,,0.9525,0.0408,0.0067,,,,,0.9389540987959222,0.9631580456586031,,
control,ref:agreement,,reference:agreement,eval_holdout_conflict__canonical,eval_holdout_conflict,canonical,conflict_runs,1200.0,0.7517,0.0983,,0.1283,0.0217,0.7264445584596387,0.7752826379036514,0.08274586919614177,0.11648423462138865,,,,
control,ref:agreement,,reference:agreement,eval_holdout_conflict__canonical,eval_holdout_conflict,canonical,agreement_runs,0.0,,,,,,,,,,,,,
control,ref:agreement,,reference:agreement,eval_holdout_conflict__heldout,eval_holdout_conflict,heldout,conflict_runs,1200.0,0.765,0.0958,,0.1175,0.0217,0.7401882170541016,0.788120552626449,0.0804448609789001,0.11380119784164397,,,,
control,ref:agreement,,reference:agreement,eval_holdout_conflict__heldout,eval_holdout_conflict,heldout,agreement_runs,0.0,,,,,,,,,,,,,
control,ref:agreement,,reference:agreement,eval_holdout_conflict__trained,eval_holdout_conflict,trained,conflict_runs,1200.0,0.7433,0.1117,,0.13,0.015,0.7178706179308354,0.7672430951091669,0.09507121093180129,0.1307404662029895,,,,
control,ref:agreement,,reference:agreement,eval_holdout_conflict__trained,eval_holdout_conflict,trained,agreement_runs,0.0,,,,,,,,,,,,,
control,ref:agreement,,reference:agreement,eval_trained_adjacent__canonical,eval_trained_adjacent,canonical,conflict_runs,1000.0,0.432,0.508,,0.05,0.01,0.40161609445686075,0.4629043446971748,0.47704293049236535,0.5388958413718659,,,,
control,ref:agreement,,reference:agreement,eval_trained_adjacent__canonical,eval_trained_adjacent,canonical,agreement_runs,1000.0,,,0.987,0.003,0.01,,,,,0.9778855576244203,0.9923871796106489,,
control,ref:agreement,,reference:agreement,eval_trained_adjacent__heldout,eval_trained_adjacent,heldout,conflict_runs,1000.0,0.511,0.41,,0.068,0.011,0.4800349634365892,0.5418808478767286,0.3799172576460708,0.4407715588813291,,,,
control,ref:agreement,,reference:agreement,eval_trained_adjacent__heldout,eval_trained_adjacent,heldout,agreement_runs,1000.0,,,0.977,0.012,0.011,,,,,0.9657235493377734,0.984625723067007,,
control,ref:agreement,,reference:agreement,eval_trained_adjacent__trained,eval_trained_adjacent,trained,conflict_runs,1000.0,0.467,0.447,,0.068,0.018,0.4362630649735457,0.49798950108650086,0.41644600770148865,0.47795962869798014,,,,
control,ref:agreement,,reference:agreement,eval_trained_adjacent__trained,eval_trained_adjacent,trained,agreement_runs,1000.0,,,0.978,0.004,0.018,,,,,0.9669143266526002,0.9854272922352089,,
control,ref:agreement,,reference:agreement,eval_trained_agreement__canonical,eval_trained_agreement,canonical,conflict_runs,0.0,,,,,,,,,,,,,
control,ref:agreement,,reference:agreement,eval_trained_agreement__canonical,eval_trained_agreement,canonical,agreement_runs,3000.0,,,0.9977,0.0023,,,,,,0.9951911846593626,0.9988692679093629,,
control,ref:agreement,,reference:agreement,eval_trained_agreement__heldout,eval_trained_agreement,heldout,conflict_runs,0.0,,,,,,,,,,,,,
control,ref:agreement,,reference:agreement,eval_trained_agreement__heldout,eval_trained_agreement,heldout,agreement_runs,3000.0,,,0.99,0.008,0.002,,,,,0.9857604325031672,0.9929862957460132,,
control,ref:agreement,,reference:agreement,eval_trained_agreement__trained,eval_trained_agreement,trained,conflict_runs,0.0,,,,,,,,,,,,,
control,ref:agreement,,reference:agreement,eval_trained_agreement__trained,eval_trained_agreement,trained,agreement_runs,3000.0,,,0.9853,0.004,0.0107,,,,,0.9803690975232904,0.9890562333139932,,
control,ref:agreement,,reference:agreement,eval_trained_conflict__canonical,eval_trained_conflict,canonical,conflict_runs,3000.0,0.4823,0.4487,,0.061,0.008,0.46448657970041374,0.5002252729545478,0.4309461796784265,0.4665184487907069,,,,
control,ref:agreement,,reference:agreement,eval_trained_conflict__canonical,eval_trained_conflict,canonical,agreement_runs,0.0,,,,,,,,,,,,,
control,ref:agreement,,reference:agreement,eval_trained_conflict__heldout,eval_trained_conflict,heldout,conflict_runs,3000.0,0.547,0.3703,,0.066,0.0167,0.5291384667172744,0.5647413215025451,0.35322959378422664,0.3877687209852079,,,,
control,ref:agreement,,reference:agreement,eval_trained_conflict__heldout,eval_trained_conflict,heldout,agreement_runs,0.0,,,,,,,,,,,,,
control,ref:agreement,,reference:agreement,eval_trained_conflict__trained,eval_trained_conflict,trained,conflict_runs,3000.0,0.5233,0.3933,,0.063,0.0203,0.5054424518562682,0.5411645352032165,0.376000332524318,0.4109391552037515,,,,
control,ref:agreement,,reference:agreement,eval_trained_conflict__trained,eval_trained_conflict,trained,agreement_runs,0.0,,,,,,,,,,,,,
control,ref:charter_only,,reference:charter_only,eval_holdout_adjacent__canonical,eval_holdout_adjacent,canonical,conflict_runs,400.0,0.2,0.265,,0.495,0.04,0.16373705973387687,0.24197031686670106,0.22413371758035422,0.3103370607567651,,,,
control,ref:charter_only,,reference:charter_only,eval_holdout_adjacent__canonical,eval_holdout_adjacent,canonical,agreement_runs,400.0,,,0.2275,0.7325,0.04,,,,,0.18912326740735153,0.2710609330048401,,
control,ref:charter_only,,reference:charter_only,eval_holdout_adjacent__heldout,eval_holdout_adjacent,heldout,conflict_runs,400.0,0.2,0.295,,0.465,0.04,0.16373705973387687,0.24197031686670106,0.25242899167233757,0.341471049004724,,,,
control,ref:charter_only,,reference:charter_only,eval_holdout_adjacent__heldout,eval_holdout_adjacent,heldout,agreement_runs,400.0,,,0.2575,0.7025,0.04,,,,,0.21709827513471777,0.302515187617416,,
control,ref:charter_only,,reference:charter_only,eval_holdout_adjacent__trained,eval_holdout_adjacent,trained,conflict_runs,400.0,0.2,0.2725,,0.47,0.0575,0.16373705973387687,0.24197031686670106,0.23118490254462754,0.3181431913774774,,,,
control,ref:charter_only,,reference:charter_only,eval_holdout_adjacent__trained,eval_holdout_adjacent,trained,agreement_runs,400.0,,,0.2575,0.685,0.0575,,,,,0.21709827513471777,0.302515187617416,,
control,ref:charter_only,,reference:charter_only,eval_holdout_agreement__canonical,eval_holdout_agreement,canonical,conflict_runs,0.0,,,,,,,,,,,,,
control,ref:charter_only,,reference:charter_only,eval_holdout_agreement__canonical,eval_holdout_agreement,canonical,agreement_runs,1200.0,,,0.1783,0.8017,0.02,,,,,0.1577118466216925,0.20100769709940033,,
control,ref:charter_only,,reference:charter_only,eval_holdout_agreement__heldout,eval_holdout_agreement,heldout,conflict_runs,0.0,,,,,,,,,,,,,
control,ref:charter_only,,reference:charter_only,eval_holdout_agreement__heldout,eval_holdout_agreement,heldout,agreement_runs,1200.0,,,0.2033,0.7733,0.0233,,,,,0.18152471583455596,0.22703527785640013,,
control,ref:charter_only,,reference:charter_only,eval_holdout_agreement__trained,eval_holdout_agreement,trained,conflict_runs,0.0,,,,,,,,,,,,,
control,ref:charter_only,,reference:charter_only,eval_holdout_agreement__trained,eval_holdout_agreement,trained,agreement_runs,1200.0,,,0.2008,0.7758,0.0233,,,,,0.1791370423522245,0.2244389063417453,,
control,ref:charter_only,,reference:charter_only,eval_holdout_conflict__canonical,eval_holdout_conflict,canonical,conflict_runs,1200.0,0.2492,0.165,,0.5658,0.02,0.22552077833984951,0.2744133736291892,0.14507415637661447,0.18706381402721795,,,,
control,ref:charter_only,,reference:charter_only,eval_holdout_conflict__canonical,eval_holdout_conflict,canonical,agreement_runs,0.0,,,,,,,,,,,,,
control,ref:charter_only,,reference:charter_only,eval_holdout_conflict__heldout,eval_holdout_conflict,heldout,conflict_runs,1200.0,0.2392,0.1908,,0.55,0.02,0.2158878623648162,0.2641101096162773,0.16960019166055043,0.21403957704547402,,,,
control,ref:charter_only,,reference:charter_only,eval_holdout_conflict__heldout,eval_holdout_conflict,heldout,agreement_runs,0.0,,,,,,,,,,,,,
control,ref:charter_only,,reference:charter_only,eval_holdout_conflict__trained,eval_holdout_conflict,trained,conflict_runs,1200.0,0.2358,0.1825,,0.56,0.0217,0.21268087620610818,0.2606717024456701,0.16167043671689357,0.20535584866584317,,,,
control,ref:charter_only,,reference:charter_only,eval_holdout_conflict__trained,eval_holdout_conflict,trained,agreement_runs,0.0,,,,,,,,,,,,,
control,ref:charter_only,,reference:charter_only,eval_trained_adjacent__canonical,eval_trained_adjacent,canonical,conflict_runs,1000.0,0.001,0.996,,0.003,,0.00017654637062607809,0.0056425585979579355,0.9897604437227376,0.9984434118595915,,,,
control,ref:charter_only,,reference:charter_only,eval_trained_adjacent__canonical,eval_trained_adjacent,canonical,agreement_runs,1000.0,,,0.991,0.009,,,,,,0.9829841838346619,0.9952579393325228,,
control,ref:charter_only,,reference:charter_only,eval_trained_adjacent__heldout,eval_trained_adjacent,heldout,conflict_runs,1000.0,0.004,0.981,,0.009,0.006,0.00155658814040843,0.010239556277262252,0.9705155440876868,0.9878031142492091,,,,
control,ref:charter_only,,reference:charter_only,eval_trained_adjacent__heldout,eval_trained_adjacent,heldout,agreement_runs,1000.0,,,0.974,0.02,0.006,,,,,0.96217617115731,0.9821960617983836,,
control,ref:charter_only,,reference:charter_only,eval_trained_adjacent__trained,eval_trained_adjacent,trained,conflict_runs,1000.0,,0.985,,0.01,0.005,,,0.9753990230730931,0.9908890211959183,,,,
control,ref:charter_only,,reference:charter_only,eval_trained_adjacent__trained,eval_trained_adjacent,trained,agreement_runs,1000.0,,,0.984,0.011,0.005,,,,,0.9741679397882599,0.9901277579977226,,
control,ref:charter_only,,reference:charter_only,eval_trained_agreement__canonical,eval_trained_agreement,canonical,conflict_runs,0.0,,,,,,,,,,,,,
control,ref:charter_only,,reference:charter_only,eval_trained_agreement__canonical,eval_trained_agreement,canonical,agreement_runs,3000.0,,,0.991,0.0077,0.0013,,,,,0.9869369246272245,0.9938072459245054,,
control,ref:charter_only,,reference:charter_only,eval_trained_agreement__heldout,eval_trained_agreement,heldout,conflict_runs,0.0,,,,,,,,,,,,,
control,ref:charter_only,,reference:charter_only,eval_trained_agreement__heldout,eval_trained_agreement,heldout,agreement_runs,3000.0,,,0.9813,0.016,0.0027,,,,,0.9758387296717997,0.9855968319552865,,
control,ref:charter_only,,reference:charter_only,eval_trained_agreement__trained,eval_trained_agreement,trained,conflict_runs,0.0,,,,,,,,,,,,,
control,ref:charter_only,,reference:charter_only,eval_trained_agreement__trained,eval_trained_agreement,trained,agreement_runs,3000.0,,,0.9863,0.011,0.0027,,,,,0.9815131063863631,0.9899096667534697,,
control,ref:charter_only,,reference:charter_only,eval_trained_conflict__canonical,eval_trained_conflict,canonical,conflict_runs,3000.0,0.0003,0.996,,0.0023,0.0013,5.8843941871566355e-05,0.001885818884304179,0.9930210628765851,0.9977103191878914,,,,
control,ref:charter_only,,reference:charter_only,eval_trained_conflict__canonical,eval_trained_conflict,canonical,agreement_runs,0.0,,,,,,,,,,,,,
control,ref:charter_only,,reference:charter_only,eval_trained_conflict__heldout,eval_trained_conflict,heldout,conflict_runs,3000.0,0.0027,0.9827,,0.01,0.0047,0.0013518647401935516,0.005253496791930672,0.9773415968638908,0.9867572211665945,,,,
control,ref:charter_only,,reference:charter_only,eval_trained_conflict__heldout,eval_trained_conflict,heldout,agreement_runs,0.0,,,,,,,,,,,,,
control,ref:charter_only,,reference:charter_only,eval_trained_conflict__trained,eval_trained_conflict,trained,conflict_runs,3000.0,0.0013,0.9893,,0.004,0.0053,0.0005186256496617012,0.0034234794790633924,0.9849810029282877,0.9924340971191932,,,,
control,ref:charter_only,,reference:charter_only,eval_trained_conflict__trained,eval_trained_conflict,trained,agreement_runs,0.0,,,,,,,,,,,,,
control,ref:mixed_charter,,reference:mixed_charter,eval_holdout_adjacent__canonical,eval_holdout_adjacent,canonical,conflict_runs,400.0,0.4575,0.1925,,0.335,0.015,0.4093135795917928,0.5064949654266224,0.156861025193276,0.23398903582231634,,,,
control,ref:mixed_charter,,reference:mixed_charter,eval_holdout_adjacent__canonical,eval_holdout_adjacent,canonical,agreement_runs,400.0,,,0.615,0.37,0.015,,,,,0.5664353568701254,0.6613768154329865,,
control,ref:mixed_charter,,reference:mixed_charter,eval_holdout_adjacent__heldout,eval_holdout_adjacent,heldout,conflict_runs,400.0,0.41,0.175,,0.27,0.145,0.36287947761947204,0.45883273536070135,0.14090420159304531,0.21527878972424744,,,,
control,ref:mixed_charter,,reference:mixed_charter,eval_holdout_adjacent__heldout,eval_holdout_adjacent,heldout,agreement_runs,400.0,,,0.545,0.31,0.145,,,,,0.496002466449648,0.5931414270602654,,
control,ref:mixed_charter,,reference:mixed_charter,eval_holdout_adjacent__trained,eval_holdout_adjacent,trained,conflict_runs,400.0,0.43,0.2,,0.32,0.05,0.3823760406443324,0.47895568056246907,0.16373705973387687,0.24197031686670106,,,,
control,ref:mixed_charter,,reference:mixed_charter,eval_holdout_adjacent__trained,eval_holdout_adjacent,trained,agreement_runs,400.0,,,0.605,0.345,0.05,,,,,0.5563126557323714,0.6516897624574263,,
control,ref:mixed_charter,,reference:mixed_charter,eval_holdout_agreement__canonical,eval_holdout_agreement,canonical,conflict_runs,0.0,,,,,,,,,,,,,
control,ref:mixed_charter,,reference:mixed_charter,eval_holdout_agreement__canonical,eval_holdout_agreement,canonical,agreement_runs,1200.0,,,0.61,0.385,0.005,,,,,0.582094276154433,0.6372037037129654,,
control,ref:mixed_charter,,reference:mixed_charter,eval_holdout_agreement__heldout,eval_holdout_agreement,heldout,conflict_runs,0.0,,,,,,,,,,,,,
control,ref:mixed_charter,,reference:mixed_charter,eval_holdout_agreement__heldout,eval_holdout_agreement,heldout,agreement_runs,1200.0,,,0.5633,0.325,0.1117,,,,,0.5351135362269858,0.5911489370300013,,
control,ref:mixed_charter,,reference:mixed_charter,eval_holdout_agreement__trained,eval_holdout_agreement,trained,conflict_runs,0.0,,,,,,,,,,,,,
control,ref:mixed_charter,,reference:mixed_charter,eval_holdout_agreement__trained,eval_holdout_agreement,trained,agreement_runs,1200.0,,,0.6058,0.3692,0.025,,,,,0.5778890478043275,0.6331021904014269,,
control,ref:mixed_charter,,reference:mixed_charter,eval_holdout_conflict__canonical,eval_holdout_conflict,canonical,conflict_runs,1200.0,0.4817,0.1067,,0.3883,0.0233,0.45349962951211514,0.5099507071766517,0.09043916661039865,0.1254044205304195,,,,
control,ref:mixed_charter,,reference:mixed_charter,eval_holdout_conflict__canonical,eval_holdout_conflict,canonical,agreement_runs,0.0,,,,,,,,,,,,,
control,ref:mixed_charter,,reference:mixed_charter,eval_holdout_conflict__heldout,eval_holdout_conflict,heldout,conflict_runs,1200.0,0.435,0.1225,,0.3425,0.1,0.4072018585523723,0.46321297152598323,0.10514486973453344,0.14226433572053146,,,,
control,ref:mixed_charter,,reference:mixed_charter,eval_holdout_conflict__heldout,eval_holdout_conflict,heldout,agreement_runs,0.0,,,,,,,,,,,,,
control,ref:mixed_charter,,reference:mixed_charter,eval_holdout_conflict__trained,eval_holdout_conflict,trained,conflict_runs,1200.0,0.4883,0.1125,,0.3592,0.04,0.46013375579917615,0.516607367548221,0.09584432365090223,0.13162870181621736,,,,
control,ref:mixed_charter,,reference:mixed_charter,eval_holdout_conflict__trained,eval_holdout_conflict,trained,agreement_runs,0.0,,,,,,,,,,,,,
control,ref:mixed_charter,,reference:mixed_charter,eval_trained_adjacent__canonical,eval_trained_adjacent,canonical,conflict_runs,1000.0,0.076,0.9,,0.02,0.004,0.06114944807170235,0.0940956431240484,0.8798480368046515,0.9170905564069043,,,,
control,ref:mixed_charter,,reference:mixed_charter,eval_trained_adjacent__canonical,eval_trained_adjacent,canonical,agreement_runs,1000.0,,,0.991,0.005,0.004,,,,,0.9829841838346619,0.9952579393325228,,
control,ref:mixed_charter,,reference:mixed_charter,eval_trained_adjacent__heldout,eval_trained_adjacent,heldout,conflict_runs,1000.0,0.091,0.76,,0.023,0.126,0.07470470437164412,0.11042558406953998,0.7325666107750539,0.7854434748124572,,,,
control,ref:mixed_charter,,reference:mixed_charter,eval_trained_adjacent__heldout,eval_trained_adjacent,heldout,agreement_runs,1000.0,,,0.867,0.007,0.126,,,,,0.8445423199288764,0.8866488393427261,,
control,ref:mixed_charter,,reference:mixed_charter,eval_trained_adjacent__trained,eval_trained_adjacent,trained,conflict_runs,1000.0,0.103,0.838,,0.021,0.038,0.08565481000508716,0.1233836362324436,0.8138772231121078,0.8595358881516569,,,,
control,ref:mixed_charter,,reference:mixed_charter,eval_trained_adjacent__trained,eval_trained_adjacent,trained,agreement_runs,1000.0,,,0.958,0.004,0.038,,,,,0.943715574773397,0.9687791144538345,,
control,ref:mixed_charter,,reference:mixed_charter,eval_trained_agreement__canonical,eval_trained_agreement,canonical,conflict_runs,0.0,,,,,,,,,,,,,
control,ref:mixed_charter,,reference:mixed_charter,eval_trained_agreement__canonical,eval_trained_agreement,canonical,agreement_runs,3000.0,,,0.9977,0.0017,0.0007,,,,,0.9951911846593626,0.9988692679093629,,
control,ref:mixed_charter,,reference:mixed_charter,eval_trained_agreement__heldout,eval_trained_agreement,heldout,conflict_runs,0.0,,,,,,,,,,,,,
control,ref:mixed_charter,,reference:mixed_charter,eval_trained_agreement__heldout,eval_trained_agreement,heldout,agreement_runs,3000.0,,,0.89,0.005,0.105,,,,,0.878300889950544,0.9007016080437018,,
control,ref:mixed_charter,,reference:mixed_charter,eval_trained_agreement__trained,eval_trained_agreement,trained,conflict_runs,0.0,,,,,,,,,,,,,
control,ref:mixed_charter,,reference:mixed_charter,eval_trained_agreement__trained,eval_trained_agreement,trained,agreement_runs,3000.0,,,0.9723,0.003,0.0247,,,,,0.9658328965073788,0.9776256843967632,,
control,ref:mixed_charter,,reference:mixed_charter,eval_trained_conflict__canonical,eval_trained_conflict,canonical,conflict_runs,3000.0,0.0683,0.9087,,0.0183,0.0047,0.05984539031346658,0.07792534908606483,0.8978286776289708,0.9184594100128627,,,,
control,ref:mixed_charter,,reference:mixed_charter,eval_trained_conflict__canonical,eval_trained_conflict,canonical,agreement_runs,0.0,,,,,,,,,,,,,
control,ref:mixed_charter,,reference:mixed_charter,eval_trained_conflict__heldout,eval_trained_conflict,heldout,conflict_runs,3000.0,0.0943,0.7697,,0.0253,0.1107,0.08438660427552334,0.1053176349902911,0.7542608247308538,0.7843827828566203,,,,
control,ref:mixed_charter,,reference:mixed_charter,eval_trained_conflict__heldout,eval_trained_conflict,heldout,agreement_runs,0.0,,,,,,,,,,,,,
control,ref:mixed_charter,,reference:mixed_charter,eval_trained_conflict__trained,eval_trained_conflict,trained,conflict_runs,3000.0,0.0957,0.851,,0.024,0.0293,0.08565253698168952,0.10671495868752408,0.837809137239054,0.8632931109557672,,,,
control,ref:mixed_charter,,reference:mixed_charter,eval_trained_conflict__trained,eval_trained_conflict,trained,agreement_runs,0.0,,,,,,,,,,,,,
control,ref:mixed_coin,0.0,reference:mixed_coin,eval_holdout_adjacent__canonical,eval_holdout_adjacent,canonical,conflict_runs,400.0,0.94,0.0375,,0.02,0.0025,0.9122771510995438,0.9593520298862752,0.022855029814710874,0.0609438424445134,,,,
control,ref:mixed_coin,0.0,reference:mixed_coin,eval_holdout_adjacent__canonical,eval_holdout_adjacent,canonical,agreement_runs,400.0,,,0.99,0.0075,0.0025,,,,,0.9745734353473804,0.996104516205009,,
control,ref:mixed_coin,0.0,reference:mixed_coin,eval_holdout_adjacent__heldout,eval_holdout_adjacent,heldout,conflict_runs,400.0,0.9075,0.045,,0.045,0.0025,0.8751014146161222,0.9321460655014262,0.02865145865388601,0.07000472919032383,,,,
control,ref:mixed_coin,0.0,reference:mixed_coin,eval_holdout_adjacent__heldout,eval_holdout_adjacent,heldout,agreement_runs,400.0,,,0.985,0.0125,0.0025,,,,,0.9676653664151733,0.993107708080559,,
control,ref:mixed_coin,0.0,reference:mixed_coin,eval_holdout_adjacent__trained,eval_holdout_adjacent,trained,conflict_runs,400.0,0.91,0.0375,,0.03,0.0225,0.8779172124152713,0.9342827062306055,0.022855029814710874,0.0609438424445134,,,,
control,ref:mixed_coin,0.0,reference:mixed_coin,eval_holdout_adjacent__trained,eval_holdout_adjacent,trained,agreement_runs,400.0,,,0.9675,0.01,0.0225,,,,,0.9451958471762332,0.9809101576211996,,
control,ref:mixed_coin,0.0,reference:mixed_coin,eval_holdout_agreement__canonical,eval_holdout_agreement,canonical,conflict_runs,0.0,,,,,,,,,,,,,
control,ref:mixed_coin,0.0,reference:mixed_coin,eval_holdout_agreement__canonical,eval_holdout_agreement,canonical,agreement_runs,1200.0,,,0.9925,0.0075,,,,,,0.9858076084338077,0.9960492559724987,,
control,ref:mixed_coin,0.0,reference:mixed_coin,eval_holdout_agreement__heldout,eval_holdout_agreement,heldout,conflict_runs,0.0,,,,,,,,,,,,,
control,ref:mixed_coin,0.0,reference:mixed_coin,eval_holdout_agreement__heldout,eval_holdout_agreement,heldout,agreement_runs,1200.0,,,0.99,0.01,,,,,,0.9826023955995384,0.9942704238097817,,
control,ref:mixed_coin,0.0,reference:mixed_coin,eval_holdout_agreement__trained,eval_holdout_agreement,trained,conflict_runs,0.0,,,,,,,,,,,,,
control,ref:mixed_coin,0.0,reference:mixed_coin,eval_holdout_agreement__trained,eval_holdout_agreement,trained,agreement_runs,1200.0,,,0.98,0.01,0.01,,,,,0.9704129080935027,0.9865237313278721,,
control,ref:mixed_coin,0.0,reference:mixed_coin,eval_holdout_conflict__canonical,eval_holdout_conflict,canonical,conflict_runs,1200.0,0.9567,0.02,,0.0133,0.01,0.9436159878608666,0.9668028982553024,0.013476268672128094,0.029587091906497436,,,,
control,ref:mixed_coin,0.0,reference:mixed_coin,eval_holdout_conflict__canonical,eval_holdout_conflict,canonical,agreement_runs,0.0,,,,,,,,,,,,,
control,ref:mixed_coin,0.0,reference:mixed_coin,eval_holdout_conflict__heldout,eval_holdout_conflict,heldout,conflict_runs,1200.0,0.9225,0.0375,,0.0283,0.0117,0.90598756020931,0.9363160442813793,0.028142866111018634,0.04980880944651118,,,,
control,ref:mixed_coin,0.0,reference:mixed_coin,eval_holdout_conflict__heldout,eval_holdout_conflict,heldout,agreement_runs,0.0,,,,,,,,,,,,,
control,ref:mixed_coin,0.0,reference:mixed_coin,eval_holdout_conflict__trained,eval_holdout_conflict,trained,conflict_runs,1200.0,0.9292,0.025,,0.0242,0.0217,0.9132406074406725,0.9423537837086471,0.017567090595174965,0.03546435997742322,,,,
control,ref:mixed_coin,0.0,reference:mixed_coin,eval_holdout_conflict__trained,eval_holdout_conflict,trained,agreement_runs,0.0,,,,,,,,,,,,,
control,ref:mixed_coin,0.0,reference:mixed_coin,eval_trained_adjacent__canonical,eval_trained_adjacent,canonical,conflict_runs,1000.0,0.919,0.06,,0.016,0.005,0.9004427979303051,0.9343503784587996,0.04689647267593196,0.07647107479135655,,,,
control,ref:mixed_coin,0.0,reference:mixed_coin,eval_trained_adjacent__canonical,eval_trained_adjacent,canonical,agreement_runs,1000.0,,,0.99,0.005,0.005,,,,,0.9816905311296852,0.9945592455544706,,
control,ref:mixed_coin,0.0,reference:mixed_coin,eval_trained_adjacent__heldout,eval_trained_adjacent,heldout,conflict_runs,1000.0,0.887,0.078,,0.029,0.006,0.865878447248615,0.9051596416835652,0.06294716759073615,0.09628261657107237,,,,
control,ref:mixed_coin,0.0,reference:mixed_coin,eval_trained_adjacent__heldout,eval_trained_adjacent,heldout,agreement_runs,1000.0,,,0.982,0.012,0.006,,,,,0.9717267448294926,0.9885842599904322,,
control,ref:mixed_coin,0.0,reference:mixed_coin,eval_trained_adjacent__trained,eval_trained_adjacent,trained,conflict_runs,1000.0,0.858,0.096,,0.023,0.023,0.8349940829788967,0.8782659579454457,0.07925690009839677,0.11583512075793177,,,,
control,ref:mixed_coin,0.0,reference:mixed_coin,eval_trained_adjacent__trained,eval_trained_adjacent,trained,agreement_runs,1000.0,,,0.97,0.007,0.023,,,,,0.9574965858524128,0.9789062611711653,,
control,ref:mixed_coin,0.0,reference:mixed_coin,eval_trained_agreement__canonical,eval_trained_agreement,canonical,conflict_runs,0.0,,,,,,,,,,,,,
control,ref:mixed_coin,0.0,reference:mixed_coin,eval_trained_agreement__canonical,eval_trained_agreement,canonical,agreement_runs,3000.0,,,0.998,0.0013,0.0007,,,,,0.9956431969391587,0.9990830697304166,,
control,ref:mixed_coin,0.0,reference:mixed_coin,eval_trained_agreement__heldout,eval_trained_agreement,heldout,conflict_runs,0.0,,,,,,,,,,,,,
control,ref:mixed_coin,0.0,reference:mixed_coin,eval_trained_agreement__heldout,eval_trained_agreement,heldout,agreement_runs,3000.0,,,0.9913,0.0073,0.0013,,,,,0.9873312537039419,0.9940787309486377,,
control,ref:mixed_coin,0.0,reference:mixed_coin,eval_trained_agreement__trained,eval_trained_agreement,trained,conflict_runs,0.0,,,,,,,,,,,,,
control,ref:mixed_coin,0.0,reference:mixed_coin,eval_trained_agreement__trained,eval_trained_agreement,trained,agreement_runs,3000.0,,,0.9863,0.0043,0.0093,,,,,0.9815131063863631,0.9899096667534697,,
control,ref:mixed_coin,0.0,reference:mixed_coin,eval_trained_conflict__canonical,eval_trained_conflict,canonical,conflict_runs,3000.0,0.9477,0.0367,,0.0123,0.0033,0.9391097032999796,0.9550786341412785,0.03051213576947212,0.04400626404932993,,,,
control,ref:mixed_coin,0.0,reference:mixed_coin,eval_trained_conflict__canonical,eval_trained_conflict,canonical,agreement_runs,0.0,,,,,,,,,,,,,
control,ref:mixed_coin,0.0,reference:mixed_coin,eval_trained_conflict__heldout,eval_trained_conflict,heldout,conflict_runs,3000.0,0.9167,0.051,,0.0223,0.01,0.9062356431911113,0.9260319828711171,0.04368593909682877,0.05946246705851394,,,,
control,ref:mixed_coin,0.0,reference:mixed_coin,eval_trained_conflict__heldout,eval_trained_conflict,heldout,agreement_runs,0.0,,,,,,,,,,,,,
control,ref:mixed_coin,0.0,reference:mixed_coin,eval_trained_conflict__trained,eval_trained_conflict,trained,conflict_runs,3000.0,0.9133,0.0503,,0.019,0.0173,0.9027296549557633,0.9228798300979673,0.04306877699858018,0.05874800095506297,,,,
control,ref:mixed_coin,0.0,reference:mixed_coin,eval_trained_conflict__trained,eval_trained_conflict,trained,agreement_runs,0.0,,,,,,,,,,,,,
control,ref:pre_aft,1.0,reference:pre_aft,eval_holdout_adjacent__canonical,eval_holdout_adjacent,canonical,conflict_runs,400.0,0.1775,0.2925,,0.45,0.08,0.14317591908715524,0.217959510758466,0.25006202615684897,0.3388855759918841,,,,
control,ref:pre_aft,1.0,reference:pre_aft,eval_holdout_adjacent__canonical,eval_holdout_adjacent,canonical,agreement_runs,400.0,,,0.29,0.63,0.08,,,,,0.24769665928572088,0.3362985043346836,,
control,ref:pre_aft,1.0,reference:pre_aft,eval_holdout_adjacent__heldout,eval_holdout_adjacent,heldout,conflict_runs,400.0,0.0975,0.135,,0.275,0.4925,0.0721451177853876,0.1305122791537211,0.10496299061600525,0.17198098424803118,,,,
control,ref:pre_aft,1.0,reference:pre_aft,eval_holdout_adjacent__heldout,eval_holdout_adjacent,heldout,agreement_runs,400.0,,,0.1325,0.375,0.4925,,,,,0.10274521663902703,0.1692463196966809,,
control,ref:pre_aft,1.0,reference:pre_aft,eval_holdout_adjacent__trained,eval_holdout_adjacent,trained,conflict_runs,400.0,0.1475,0.1875,,0.2775,0.3875,0.1161060733583933,0.18560009414728573,0.15228915456130326,0.22865602939763208,,,,
control,ref:pre_aft,1.0,reference:pre_aft,eval_holdout_adjacent__trained,eval_holdout_adjacent,trained,agreement_runs,400.0,,,0.1675,0.445,0.3875,,,,,0.13410557406748244,0.20722010166482477,,
control,ref:pre_aft,1.0,reference:pre_aft,eval_holdout_agreement__canonical,eval_holdout_agreement,canonical,conflict_runs,0.0,,,,,,,,,,,,,
control,ref:pre_aft,1.0,reference:pre_aft,eval_holdout_agreement__canonical,eval_holdout_agreement,canonical,agreement_runs,1200.0,,,0.3133,0.6275,0.0592,,,,,0.28771989846067425,0.34013807509768024,,
control,ref:pre_aft,1.0,reference:pre_aft,eval_holdout_agreement__heldout,eval_holdout_agreement,heldout,conflict_runs,0.0,,,,,,,,,,,,,
control,ref:pre_aft,1.0,reference:pre_aft,eval_holdout_agreement__heldout,eval_holdout_agreement,heldout,agreement_runs,1200.0,,,0.1267,0.3375,0.5358,,,,,0.10903206614603636,0.1466838809706724,,
control,ref:pre_aft,1.0,reference:pre_aft,eval_holdout_agreement__trained,eval_holdout_agreement,trained,conflict_runs,0.0,,,,,,,,,,,,,
control,ref:pre_aft,1.0,reference:pre_aft,eval_holdout_agreement__trained,eval_holdout_agreement,trained,agreement_runs,1200.0,,,0.1167,0.4233,0.46,,,,,0.09971444410692112,0.13606532302184235,,
control,ref:pre_aft,1.0,reference:pre_aft,eval_holdout_conflict__canonical,eval_holdout_conflict,canonical,conflict_runs,1200.0,0.2342,0.2308,,0.4833,0.0517,0.2110781465524044,0.2589517354347164,0.20787423288501325,0.2555102557727924,,,,
control,ref:pre_aft,1.0,reference:pre_aft,eval_holdout_conflict__canonical,eval_holdout_conflict,canonical,agreement_runs,0.0,,,,,,,,,,,,,
control,ref:pre_aft,1.0,reference:pre_aft,eval_holdout_conflict__heldout,eval_holdout_conflict,heldout,conflict_runs,1200.0,0.095,0.1042,,0.2417,0.5592,0.07967861217106395,0.11290609831715137,0.08812755282267208,0.12273198932115977,,,,
control,ref:pre_aft,1.0,reference:pre_aft,eval_holdout_conflict__heldout,eval_holdout_conflict,heldout,agreement_runs,0.0,,,,,,,,,,,,,
control,ref:pre_aft,1.0,reference:pre_aft,eval_holdout_conflict__trained,eval_holdout_conflict,trained,conflict_runs,1200.0,0.115,0.1333,,0.2992,0.4525,0.09816549603152686,0.13429157443257905,0.11526520621817149,0.15374152755716747,,,,
control,ref:pre_aft,1.0,reference:pre_aft,eval_holdout_conflict__trained,eval_holdout_conflict,trained,agreement_runs,0.0,,,,,,,,,,,,,
control,ref:pre_aft,1.0,reference:pre_aft,eval_trained_adjacent__canonical,eval_trained_adjacent,canonical,conflict_runs,1000.0,0.139,0.359,,0.423,0.079,0.11893638905078908,0.16182653057578172,0.32985959695418837,0.38921954893873817,,,,
control,ref:pre_aft,1.0,reference:pre_aft,eval_trained_adjacent__canonical,eval_trained_adjacent,canonical,agreement_runs,1000.0,,,0.362,0.559,0.079,,,,,0.33279441286747335,0.39226177247453986,,
control,ref:pre_aft,1.0,reference:pre_aft,eval_trained_adjacent__heldout,eval_trained_adjacent,heldout,conflict_runs,1000.0,0.066,0.21,,0.242,0.482,0.05221235045948584,0.08310927590597601,0.18588891937362567,0.23633060054799632,,,,
control,ref:pre_aft,1.0,reference:pre_aft,eval_trained_adjacent__heldout,eval_trained_adjacent,heldout,agreement_runs,1000.0,,,0.178,0.34,0.482,,,,,0.1555376102762298,0.2029268221884677,,
control,ref:pre_aft,1.0,reference:pre_aft,eval_trained_adjacent__trained,eval_trained_adjacent,trained,conflict_runs,1000.0,0.084,0.232,,0.276,0.408,0.0683588136777643,0.10282504938221758,0.20689343939858926,0.25915770314966824,,,,
control,ref:pre_aft,1.0,reference:pre_aft,eval_trained_adjacent__trained,eval_trained_adjacent,trained,agreement_runs,1000.0,,,0.216,0.376,0.408,,,,,0.19160700894892252,0.24256658987087282,,
control,ref:pre_aft,1.0,reference:pre_aft,eval_trained_agreement__canonical,eval_trained_agreement,canonical,conflict_runs,0.0,,,,,,,,,,,,,
control,ref:pre_aft,1.0,reference:pre_aft,eval_trained_agreement__canonical,eval_trained_agreement,canonical,agreement_runs,3000.0,,,0.379,0.566,0.055,,,,,0.3618050288299461,0.3965044525615828,,
control,ref:pre_aft,1.0,reference:pre_aft,eval_trained_agreement__heldout,eval_trained_agreement,heldout,conflict_runs,0.0,,,,,,,,,,,,,
control,ref:pre_aft,1.0,reference:pre_aft,eval_trained_agreement__heldout,eval_trained_agreement,heldout,agreement_runs,3000.0,,,0.1517,0.2803,0.568,,,,,0.13927702070005177,0.16494724391192533,,
control,ref:pre_aft,1.0,reference:pre_aft,eval_trained_agreement__trained,eval_trained_agreement,trained,conflict_runs,0.0,,,,,,,,,,,,,
control,ref:pre_aft,1.0,reference:pre_aft,eval_trained_agreement__trained,eval_trained_agreement,trained,agreement_runs,3000.0,,,0.2003,0.3467,0.453,,,,,0.1863981019862194,0.2150350213498259,,
control,ref:pre_aft,1.0,reference:pre_aft,eval_trained_conflict__canonical,eval_trained_conflict,canonical,conflict_runs,3000.0,0.2033,0.355,,0.387,0.0547,0.18931469670814657,0.2181107535355468,0.33807231609884575,0.37229855003149875,,,,
control,ref:pre_aft,1.0,reference:pre_aft,eval_trained_conflict__canonical,eval_trained_conflict,canonical,agreement_runs,0.0,,,,,,,,,,,,,
control,ref:pre_aft,1.0,reference:pre_aft,eval_trained_conflict__heldout,eval_trained_conflict,heldout,conflict_runs,3000.0,0.068,0.1583,,0.204,0.5697,0.0595328433782643,0.07757208192041733,0.14570829524894569,0.17183225138002706,,,,
control,ref:pre_aft,1.0,reference:pre_aft,eval_trained_conflict__heldout,eval_trained_conflict,heldout,agreement_runs,0.0,,,,,,,,,,,,,
control,ref:pre_aft,1.0,reference:pre_aft,eval_trained_conflict__trained,eval_trained_conflict,trained,conflict_runs,3000.0,0.0893,0.2157,,0.2577,0.4373,0.07964509853884703,0.10007192921422069,0.20131786583431502,0.2307427061408203,,,,
control,ref:pre_aft,1.0,reference:pre_aft,eval_trained_conflict__trained,eval_trained_conflict,trained,agreement_runs,0.0,,,,,,,,,,,,,
